file	name	arity	exported	class	n_callers	callers
abductive_engine.pl	abductive_artifacts	2	1	LIVE	1	abductive_report.pl:report_artifact_census/1
abductive_engine.pl	abductive_by_class	3	1	LIVE	3	abductive_engine.pl:abductive_selftest/0;abductive_report.pl:report_class_findings/2;abductive_report.pl:report_summary/5
abductive_engine.pl	abductive_cleanup	0	1	LIVE	1	abductive_engine.pl:abductive_run/2
abductive_engine.pl	abductive_enabled	0	1	ENTRYPOINT_CLI	0	
abductive_engine.pl	abductive_genuine	2	1	LIVE	4	abductive_report.pl:report_genuine_findings/1;abductive_report.pl:report_investigation_queue/2;abductive_report.pl:report_top_hypotheses/1;genuine_findings_query.pl:run_query/0
abductive_engine.pl	abductive_hypotheses	2	1	STATIC_ORPHAN	0	
abductive_engine.pl	abductive_hypotheses	3	1	STATIC_ORPHAN	0	
abductive_engine.pl	abductive_run	2	1	LIVE	3	abductive_engine.pl:abductive_selftest/0;abductive_report.pl:run_abductive_report/0;genuine_findings_query.pl:run_query/0
abductive_engine.pl	abductive_selftest	0	1	ENTRYPOINT_CLI	0	
abductive_engine.pl	abductive_summary	1	1	STATIC_ORPHAN	0	
abductive_engine.pl	is_artifact_hypothesis	1	0	LIVE	4	abductive_engine.pl:abductive_artifacts/2;abductive_engine.pl:abductive_genuine/2;abductive_engine.pl:abductive_run/2;abductive_engine.pl:abductive_summary/1
abductive_engine.pl	run_trigger_over_constraints	3	0	LIVE	1	abductive_engine.pl:abductive_run/2
abductive_helpers.pl	abd_hypothesis	3	1	LIVE	14	abductive_engine.pl:abductive_artifacts/2;abductive_engine.pl:abductive_by_class/3;abductive_engine.pl:abductive_genuine/2;abductive_engine.pl:abductive_hypotheses/2;abductive_engine.pl:abductive_hypotheses/3;abductive_engine.pl:abductive_run/2;abductive_engine.pl:abductive_selftest/0;abductive_engine.pl:abductive_summary/1;abductive_report.pl:write_abductive_constraint_entry/4;abductive_report.pl:write_abductive_json_stream/3;abductive_triggers.pl:trigger_classical_oracle_failure/3;abductive_triggers.pl:trigger_confirmed_liminal/3;abductive_triggers.pl:trigger_maxent_shadow_divergence/3;abductive_triggers.pl:trigger_metric_structural_divergence/3
abductive_helpers.pl	abd_run_info	3	1	LIVE	1	abductive_engine.pl:abductive_summary/1
abductive_helpers.pl	available_subsystems	1	1	LIVE	2	abductive_engine.pl:abductive_run/2;abductive_engine.pl:abductive_summary/1
abductive_helpers.pl	compute_confidence	3	1	LIVE	16	abductive_triggers.pl:trigger_accelerating_pathology/3;abductive_triggers.pl:trigger_classical_oracle_failure/3;abductive_triggers.pl:trigger_confirmed_liminal/3;abductive_triggers.pl:trigger_contamination_cascade/3;abductive_triggers.pl:trigger_convergent_structural_stress/3;abductive_triggers.pl:trigger_coverage_gap/3;abductive_triggers.pl:trigger_deep_deception/3;abductive_triggers.pl:trigger_dormant_extraction/3;abductive_triggers.pl:trigger_epistemic_trap/3;abductive_triggers.pl:trigger_hub_conflict/3;abductive_triggers.pl:trigger_maxent_divergence/3;abductive_triggers.pl:trigger_maxent_shadow_divergence/3;abductive_triggers.pl:trigger_metric_structural_divergence/3;abductive_triggers.pl:trigger_mountain_extraction_accumulation/3;abductive_triggers.pl:trigger_signature_override_artifact/3;abductive_triggers.pl:trigger_snare_leaning_tangled/3
abductive_helpers.pl	extractive_void	1	1	LIVE	1	abductive_triggers.pl:is_extractive_void/1
abductive_helpers.pl	fpn_zone	2	1	LIVE	2	abductive_helpers.pl:one_hop_zone/3;abductive_triggers.pl:trigger_accelerating_pathology/3
abductive_helpers.pl	known_override_signature	1	1	LIVE	4	abductive_helpers.pl:seat_overrides/2;abductive_triggers.pl:trigger_maxent_shadow_divergence/3;abductive_triggers.pl:trigger_signature_override_artifact/3;signature_detection.pl:signature_grade/2
abductive_helpers.pl	one_hop_zone	3	1	LIVE	1	abductive_triggers.pl:trigger_accelerating_pathology/3
abductive_helpers.pl	override_target	2	1	LIVE	5	abductive_triggers.pl:trigger_maxent_shadow_divergence/3;abductive_triggers.pl:trigger_signature_override_artifact/3;abductive_triggers.pl:trigger_snare_leaning_tangled/3;diagnostic_summary.pl:expected_conflict_pattern/6;diagnostic_summary.pl:probe_signature/3
abductive_helpers.pl	seat_overrides	2	1	LIVE	2	diagnostic_summary.pl:expected_conflict_pattern/6;diagnostic_summary.pl:probe_signature/3
abductive_helpers.pl	subsystem_available	1	1	LIVE	16	abductive_helpers.pl:available_subsystems/1;abductive_triggers.pl:rare_stress_gate/3;abductive_triggers.pl:stress_indicator/3;abductive_triggers.pl:trigger_accelerating_pathology/3;abductive_triggers.pl:trigger_classical_oracle_failure/3;abductive_triggers.pl:trigger_confirmed_liminal/3;abductive_triggers.pl:trigger_contamination_cascade/3;abductive_triggers.pl:trigger_deep_deception/3;abductive_triggers.pl:trigger_dormant_extraction/3;abductive_triggers.pl:trigger_epistemic_trap/3;abductive_triggers.pl:trigger_hub_conflict/3;abductive_triggers.pl:trigger_maxent_divergence/3;abductive_triggers.pl:trigger_maxent_shadow_divergence/3;abductive_triggers.pl:trigger_metric_structural_divergence/3;abductive_triggers.pl:trigger_signature_override_artifact/3;abductive_triggers.pl:trigger_snare_leaning_tangled/3
abductive_report.pl	action_description	2	0	LIVE	1	abductive_report.pl:report_investigation_action/2
abductive_report.pl	class_description	2	0	LIVE	1	abductive_report.pl:report_class_findings/2
abductive_report.pl	format_hypothesis_row	1	0	LIVE	1	abductive_report.pl:report_class_findings/2
abductive_report.pl	format_key_evidence	2	0	LIVE	1	abductive_report.pl:format_hypothesis_row/1
abductive_report.pl	format_ranked_hypotheses	2	0	LIVE	1	abductive_report.pl:report_top_hypotheses/1
abductive_report.pl	is_hard_disagreement	1	0	LIVE	3	abductive_report.pl:report_artifact_census/1;maxent_classifier.pl:maxent_multi_run_contexts/4;maxent_classifier.pl:maxent_run/2
abductive_report.pl	report_artifact_census	1	0	LIVE	1	abductive_report.pl:run_abductive_report/0
abductive_report.pl	report_class_findings	2	0	LIVE	1	abductive_report.pl:report_genuine_findings/1
abductive_report.pl	report_genuine_findings	1	0	LIVE	1	abductive_report.pl:run_abductive_report/0
abductive_report.pl	report_investigation_action	2	0	LIVE	1	abductive_report.pl:report_investigation_queue/2
abductive_report.pl	report_investigation_queue	2	0	LIVE	1	abductive_report.pl:run_abductive_report/0
abductive_report.pl	report_summary	5	0	LIVE	2	abductive_report.pl:run_abductive_report/0;context_profile_report.pl:run_trajectory_report/0
abductive_report.pl	report_top_hypotheses	1	0	LIVE	1	abductive_report.pl:run_abductive_report/0
abductive_report.pl	run_abductive_report	0	0	ENTRYPOINT_CLI	0	
abductive_report.pl	write_abductive_constraint_entry	4	0	LIVE	1	abductive_report.pl:write_abductive_per_constraint/3
abductive_report.pl	write_abductive_json	2	0	LIVE	1	abductive_report.pl:run_abductive_report/0
abductive_report.pl	write_abductive_json_impl	2	0	LIVE	1	abductive_report.pl:write_abductive_json/2
abductive_report.pl	write_abductive_json_stream	3	0	LIVE	1	abductive_report.pl:write_abductive_json_impl/2
abductive_report.pl	write_abductive_per_constraint	3	0	LIVE	1	abductive_report.pl:write_abductive_json_stream/3
abductive_report.pl	write_hypothesis_array	2	0	LIVE	1	abductive_report.pl:write_abductive_constraint_entry/4
abductive_report.pl	write_single_hypothesis	2	0	LIVE	1	abductive_report.pl:write_hypothesis_array/2
abductive_triggers.pl	is_extractive_void	1	0	LIVE	1	abductive_triggers.pl:trigger_dormant_extraction/3
abductive_triggers.pl	rare_stress_gate	3	0	LIVE	1	abductive_triggers.pl:trigger_convergent_structural_stress/3
abductive_triggers.pl	stress_drift_satisfied	2	0	LIVE	1	abductive_triggers.pl:stress_indicator/3
abductive_triggers.pl	stress_indicator	3	0	LIVE	1	abductive_triggers.pl:stress_indicator_count/4
abductive_triggers.pl	stress_indicator_count	4	0	LIVE	1	abductive_triggers.pl:trigger_convergent_structural_stress/3
abductive_triggers.pl	trigger_accelerating_pathology	3	1	STATIC_ORPHAN	0	
abductive_triggers.pl	trigger_classical_oracle_failure	3	1	STATIC_ORPHAN	0	
abductive_triggers.pl	trigger_confirmed_liminal	3	1	STATIC_ORPHAN	0	
abductive_triggers.pl	trigger_contamination_cascade	3	1	STATIC_ORPHAN	0	
abductive_triggers.pl	trigger_convergent_structural_stress	3	1	STATIC_ORPHAN	0	
abductive_triggers.pl	trigger_coverage_gap	3	1	STATIC_ORPHAN	0	
abductive_triggers.pl	trigger_deep_deception	3	1	STATIC_ORPHAN	0	
abductive_triggers.pl	trigger_dormant_extraction	3	1	STATIC_ORPHAN	0	
abductive_triggers.pl	trigger_epistemic_trap	3	1	STATIC_ORPHAN	0	
abductive_triggers.pl	trigger_hub_conflict	3	1	STATIC_ORPHAN	0	
abductive_triggers.pl	trigger_maxent_divergence	3	1	STATIC_ORPHAN	0	
abductive_triggers.pl	trigger_maxent_shadow_divergence	3	1	STATIC_ORPHAN	0	
abductive_triggers.pl	trigger_metric_structural_divergence	3	1	STATIC_ORPHAN	0	
abductive_triggers.pl	trigger_mountain_extraction_accumulation	3	0	STATIC_ORPHAN	0	
abductive_triggers.pl	trigger_signature_override_artifact	3	1	STATIC_ORPHAN	0	
abductive_triggers.pl	trigger_snare_leaning_tangled	3	1	STATIC_ORPHAN	0	
arakelov_height.pl	:	2	0	STATIC_ORPHAN	0	
arakelov_height.pl	arakelov_height	2	1	LIVE	4	arakelov_height.pl:compute_arakelov_threshold/1;arakelov_height.pl:high_complexity_constraint/1;sheaf_analysis.pl:sheaf_status/2;sheaf_analysis.pl:sheaf_undetermined_reason/2
arakelov_height.pl	arakelov_height_context	2	1	STATIC_ORPHAN	0	
arakelov_height.pl	arakelov_height_pair	3	1	LIVE	3	arakelov_height.pl:arakelov_height/2;arakelov_height.pl:arakelov_height_context/2;json_report.pl:write_per_constraint_entry/4
arakelov_height.pl	arakelov_threshold	1	1	LIVE	3	arakelov_height.pl:high_complexity_constraint/1;json_report.pl:write_diagnostic_object/3;sheaf_analysis.pl:sheaf_status/2
arakelov_height.pl	compute_arakelov_threshold	1	0	LIVE	1	arakelov_height.pl:arakelov_threshold/1
arakelov_height.pl	conditional_override	1	0	LIVE	1	arakelov_height.pl:signature_pressure/3
arakelov_height.pl	high_complexity_constraint	1	1	STATIC_ORPHAN	0	
arakelov_height.pl	post_confidence_margin	3	1	LIVE	1	arakelov_height.pl:signature_pressure/3
arakelov_height.pl	raw_confidence_margin	3	1	LIVE	2	arakelov_height.pl:arakelov_height_pair/3;arakelov_height.pl:signature_pressure/3
arakelov_height.pl	signature_pressure	3	1	LIVE	2	arakelov_height.pl:arakelov_height_pair/3;json_report.pl:write_per_constraint_entry/4
audit3_maxent_compare.pl	add_entropy_term	3	0	LIVE	1	audit3_maxent_compare.pl:dist_entropy_norm/2
audit3_maxent_compare.pl	audit3_clean_dist	2	0	LIVE	1	audit3_maxent_compare.pl:build_row/3
audit3_maxent_compare.pl	build_row	3	0	LIVE	1	audit3_maxent_compare.pl:write_rows_to/4
audit3_maxent_compare.pl	clean_disagree	4	0	LIVE	1	audit3_maxent_compare.pl:build_row/3
audit3_maxent_compare.pl	dist_entropy_norm	2	0	LIVE	1	audit3_maxent_compare.pl:build_row/3
audit3_maxent_compare.pl	dist_top_type_prob	3	0	LIVE	2	audit3_maxent_compare.pl:build_row/3;audit3_maxent_compare.pl:clean_disagree/4
audit3_maxent_compare.pl	prolog_bool	2	0	LIVE	1	audit3_maxent_compare.pl:build_row/3
audit3_maxent_compare.pl	run_audit3	0	0	ENTRYPOINT_CLI	0	
audit3_maxent_compare.pl	update_max_pair	3	0	LIVE	1	audit3_maxent_compare.pl:dist_top_type_prob/3
audit3_maxent_compare.pl	write_rows_to	4	0	LIVE	1	audit3_maxent_compare.pl:run_audit3/0
axiom_diff.pl	ax_classify	4	0	LIVE	1	axiom_diff.pl:axiom_diff/6
axiom_diff.pl	ax_per_key_regime	4	1	STATIC_ORPHAN	0	
axiom_diff.pl	ax_stability_verdict	3	1	STATIC_ORPHAN	0	
axiom_diff.pl	ax_stability_verdict	4	1	LIVE	2	axiom_diff.pl:ax_stability_verdict/3;axiom_diff.pl:report_axiom_pair/3
axiom_diff.pl	ax_typemap	3	0	LIVE	1	axiom_diff.pl:axiom_diff/6
axiom_diff.pl	ax_vantage	3	0	LIVE	1	axiom_diff.pl:ax_typemap/3
axiom_diff.pl	axiom_aligned	3	1	STATIC_ORPHAN	0	
axiom_diff.pl	axiom_concept	2	0	LIVE	3	axiom_diff.pl:ax_vantage/3;axiom_diff.pl:axiom_aligned/3;axiom_diff.pl:report_axiom_pair/3
axiom_diff.pl	axiom_diff	6	1	LIVE	3	axiom_diff.pl:ax_per_key_regime/4;axiom_diff.pl:ax_stability_verdict/4;axiom_diff.pl:report_ax_key/3
axiom_diff.pl	axioms_of	2	1	LIVE	1	axiom_diff.pl:axiom_diff/6
axiom_diff.pl	has_ax_partition	1	1	LIVE	1	axiom_diff.pl:axiom_diff/6
axiom_diff.pl	report_ax_header	2	0	LIVE	1	axiom_diff.pl:report_axiom_pair/3
axiom_diff.pl	report_ax_key	3	0	LIVE	1	axiom_diff.pl:report_axiom_pair/3
axiom_diff.pl	report_axiom_pair	3	1	STATIC_ORPHAN	0	
bifurcation_export.pl	export_all_classifications	0	1	ENTRYPOINT_CLI	0	
bifurcation_export.pl	export_constraint_product	2	0	LIVE	1	bifurcation_export.pl:export_product_classifications/0
bifurcation_export.pl	export_product_classifications	0	1	LIVE	1	scs_6tykj356.pl:<directive>/1
bifurcation_export.pl	product_context_key	2	0	LIVE	1	bifurcation_export.pl:export_product_classifications/0
boltzmann_compliance.pl	:	2	0	STATIC_ORPHAN	0	
boltzmann_compliance.pl	boltzmann_compliant	2	1	LIVE	11	boltzmann_compliance.pl:boltzmann_invariant_mountain/2;boltzmann_compliance.pl:boltzmann_shadow_audit/2;context_profile_mining.pl:build_trajectory_summary/2;diagnostic_summary.pl:probe_boltzmann/3;genuine_findings_query.pl:profile_hypothesis/2;logical_fingerprint.pl:fingerprint_coupling/2;maxent_diagnostic.pl:count_boltzmann_non_compliant/2;signature_detection.pl:coupling_invariant_rope/2;signature_detection.pl:false_natural_law/2;signature_detection.pl:fcr_test_failure/2;signature_detection.pl:purity_test_factorization/2
boltzmann_compliance.pl	boltzmann_floor_for	2	1	LIVE	5	boltzmann_compliance.pl:excess_extraction/2;metric_drift_events.pl:detect_boltzmann_floor_drift/1;metric_drift_events.pl:drift_event/3;metric_drift_events.pl:drift_event/4;metric_drift_events.pl:reform_pressure/2
boltzmann_compliance.pl	boltzmann_invariant_mountain	2	1	LIVE	2	boltzmann_compliance.pl:boltzmann_shadow_audit/2;drl_boltzmann_analysis.pl:boltzmann_invariant_check/2
boltzmann_compliance.pl	boltzmann_shadow_audit	2	1	STATIC_ORPHAN	0	
boltzmann_compliance.pl	cached_classification	3	0	LIVE	1	boltzmann_compliance.pl:classify_at_context/3
boltzmann_compliance.pl	cached_coupling	2	0	LIVE	1	boltzmann_compliance.pl:cross_index_coupling/2
boltzmann_compliance.pl	classify_at_context	3	1	LIVE	6	boltzmann_compliance.pl:compute_cross_index_coupling/2;boltzmann_compliance.pl:coupling_liveness/3;boltzmann_compliance.pl:detect_nonsensical_coupling/3;boltzmann_compliance.pl:scope_invariance_test/2;covering_analysis.pl:grid_signature/2;signature_detection.pl:has_metric_perspectival_variance/1
boltzmann_compliance.pl	classify_at_context_impl	3	0	LIVE	1	boltzmann_compliance.pl:classify_at_context/3
boltzmann_compliance.pl	clear_classification_cache	0	1	LIVE	3	boltzmann_compliance.pl:clear_hook/0;covering_analysis.pl:compute_all_signatures/1;scenario_manager.pl:clear_kb/0
boltzmann_compliance.pl	complexity_adjusted_threshold	2	1	LIVE	3	boltzmann_compliance.pl:boltzmann_compliant/2;boltzmann_compliance.pl:boltzmann_shadow_audit/2;logical_fingerprint.pl:fingerprint_coupling/2
boltzmann_compliance.pl	compute_cross_index_coupling	2	0	LIVE	1	boltzmann_compliance.pl:cross_index_coupling/2
boltzmann_compliance.pl	coordination_type_offset	2	0	LIVE	2	boltzmann_compliance.pl:complexity_adjusted_threshold/2;boltzmann_compliance.pl:ib_adjusted_threshold/2
boltzmann_compliance.pl	coordination_type_to_floor_param	2	0	LIVE	1	boltzmann_compliance.pl:boltzmann_floor_for/2
boltzmann_compliance.pl	coordination_type_to_offset_param	2	0	LIVE	1	boltzmann_compliance.pl:coordination_type_offset/2
boltzmann_compliance.pl	count_coupling_violations	4	0	LIVE	1	boltzmann_compliance.pl:compute_cross_index_coupling/2
boltzmann_compliance.pl	coupling_liveness	3	1	LIVE	1	json_report.pl:coupling_liveness_fields/4
boltzmann_compliance.pl	coupling_test_context	3	1	LIVE	9	boltzmann_compliance.pl:compute_cross_index_coupling/2;boltzmann_compliance.pl:coupling_liveness/3;boltzmann_compliance.pl:detect_nonsensical_coupling/3;boltzmann_compliance.pl:scope_invariance_test/2;covering_analysis.pl:classify_at_interpolated/4;covering_analysis.pl:grid_signature/2;giant_component_analysis.pl:run_phase4/0;omega1_audit.pl:compute_cross_context/1;signature_detection.pl:has_metric_perspectival_variance/1
boltzmann_compliance.pl	coupling_test_powers	1	1	LIVE	6	boltzmann_compliance.pl:compute_cross_index_coupling/2;boltzmann_compliance.pl:coupling_liveness/3;boltzmann_compliance.pl:detect_nonsensical_coupling/3;covering_analysis.pl:grid_cells/1;covering_analysis.pl:grid_signature/2;signature_detection.pl:has_metric_perspectival_variance/1
boltzmann_compliance.pl	coupling_test_scopes	1	1	LIVE	6	boltzmann_compliance.pl:compute_cross_index_coupling/2;boltzmann_compliance.pl:coupling_liveness/3;boltzmann_compliance.pl:detect_nonsensical_coupling/3;boltzmann_compliance.pl:scope_invariance_test/2;covering_analysis.pl:grid_cells/1;covering_analysis.pl:grid_signature/2
boltzmann_compliance.pl	coupling_violation_components	5	0	LIVE	2	boltzmann_compliance.pl:count_coupling_violations/4;boltzmann_compliance.pl:coupling_liveness/3
boltzmann_compliance.pl	cross_index_coupling	2	1	LIVE	24	abductive_triggers.pl:stress_indicator/3;abductive_triggers.pl:trigger_convergent_structural_stress/3;abductive_triggers.pl:trigger_dormant_extraction/3;abductive_triggers.pl:trigger_mountain_extraction_accumulation/3;boltzmann_compliance.pl:boltzmann_compliant/2;boltzmann_compliance.pl:boltzmann_shadow_audit/2;context_profile_mining.pl:build_trajectory_summary/2;context_profile_mining.pl:compute_isomorphism_evidence/3;context_profile_report.pl:get_family_feature/2;context_profile_report.pl:report_constraint_family_row/2;drl_boltzmann_analysis.pl:coupling_aware_scaffold_need/3;drl_boltzmann_analysis.pl:coupling_factor/2;genuine_findings_query.pl:profile_hypothesis/2;logical_fingerprint.pl:fingerprint_coupling/2;metric_drift_events.pl:detect_coupling_drift/1;metric_drift_events.pl:drift_event/3;metric_drift_events.pl:drift_event/4;metric_drift_events.pl:drift_severity/3;metric_drift_events.pl:purity_decline_signal/2;purity_scoring.pl:factorization_subscore/2;signature_detection.pl:false_ci_rope/2;signature_detection.pl:false_natural_law/2;signature_detection.pl:false_summit_mountain/2;signature_detection.pl:signature_confidence/3
boltzmann_compliance.pl	detect_nonsensical_coupling	3	1	LIVE	7	boltzmann_compliance.pl:boltzmann_shadow_audit/2;diagnostic_summary.pl:expected_conflict_pattern/6;logical_fingerprint.pl:fingerprint_coupling/2;purity_scoring.pl:coupling_cleanliness_subscore/2;signature_detection.pl:false_natural_law/2;signature_detection.pl:fcr_test_failure/2;signature_detection.pl:purity_test_coupling/2
boltzmann_compliance.pl	epistemic_access_check	2	1	LIVE	5	boltzmann_compliance.pl:boltzmann_compliant/2;boltzmann_compliance.pl:boltzmann_invariant_mountain/2;logical_fingerprint.pl:fingerprint_coupling/2;purity_scoring.pl:purity_score/2;signature_detection.pl:structural_purity/2
boltzmann_compliance.pl	excess_extraction	2	1	LIVE	15	boltzmann_compliance.pl:boltzmann_invariant_mountain/2;boltzmann_compliance.pl:boltzmann_shadow_audit/2;diagnostic_summary.pl:expected_conflict_pattern/6;drl_boltzmann_analysis.pl:excess_extraction_factor/2;metric_drift_events.pl:detect_boltzmann_floor_drift/1;metric_drift_events.pl:drift_event/3;metric_drift_events.pl:drift_event/4;metric_drift_events.pl:purity_decline_signal/2;metric_drift_events.pl:reform_pressure/2;purity_scoring.pl:excess_extraction_subscore/2;signature_detection.pl:coupling_invariant_rope/2;signature_detection.pl:false_ci_rope/2;signature_detection.pl:false_natural_law/2;signature_detection.pl:fcr_test_failure/2;signature_detection.pl:purity_test_excess/2
boltzmann_compliance.pl	expected_power_divergence	4	0	LIVE	1	boltzmann_compliance.pl:coupling_violation_components/5
boltzmann_compliance.pl	ib_adjusted_threshold	2	1	STATIC_ORPHAN	0	
boltzmann_compliance.pl	is_failure	1	0	LIVE	2	boltzmann_compliance.pl:boltzmann_invariant_mountain/2;signature_detection.pl:structural_purity/2
boltzmann_compliance.pl	scope_invariance_test	2	1	LIVE	6	boltzmann_compliance.pl:boltzmann_invariant_mountain/2;purity_scoring.pl:scope_invariance_subscore/2;signature_detection.pl:coupling_invariant_rope/2;signature_detection.pl:false_ci_rope/2;signature_detection.pl:fcr_test_failure/2;signature_detection.pl:purity_test_scope_invariance/2
cache_registry.pl	clear_all_caches	0	1	LIVE	3	probe_harness.pl:apply_overlay/2;probe_harness.pl:restore_overlay/3;probe_oq35_field_counterfactual.pl:run_oq35_probe/1
cache_registry.pl	clear_hook	0	0	LIVE	1	cache_registry.pl:clear_all_caches/0
check_axis_boundary.pl	body_calls	2	0	LIVE	1	check_axis_boundary.pl:boundary_edge/3
check_axis_boundary.pl	boundary_edge	3	0	LIVE	1	check_axis_boundary.pl:run_axis_boundary/0
check_axis_boundary.pl	committer_name	1	0	LIVE	2	check_axis_boundary.pl:boundary_edge/3;check_axis_boundary.pl:committer_side/3
check_axis_boundary.pl	committer_side	3	0	LIVE	1	check_axis_boundary.pl:boundary_edge/3
check_axis_boundary.pl	engine_file	1	0	LIVE	1	check_axis_boundary.pl:engine_predicate/5
check_axis_boundary.pl	engine_predicate	5	0	LIVE	1	check_axis_boundary.pl:boundary_edge/3
check_axis_boundary.pl	mediator_module	1	0	LIVE	1	check_axis_boundary.pl:boundary_edge/3
check_axis_boundary.pl	meta_partial	2	0	LIVE	1	check_axis_boundary.pl:body_calls/2
check_axis_boundary.pl	run_axis_boundary	0	0	ENTRYPOINT_CLI	0	
check_stack.pl	run_check_stack	0	0	ENTRYPOINT_CLI	0	
check_stack.pl	run_check_stack_with_corpus	0	0	ENTRYPOINT_CLI	0	
coercion_projection.pl	coercion_gradient	4	1	LIVE	2	coercion_projection.pl:system_gradient/4;signature_detection.pl:level_gradient_divergence/2
coercion_projection.pl	coercion_magnitude	4	1	LIVE	2	coercion_projection.pl:coercion_gradient/4;report_generator.pl:generate_full_report/1
coercion_projection.pl	coercion_vector	4	1	LIVE	2	coercion_projection.pl:coercion_magnitude/4;pattern_analysis.pl:compute_completeness/2
coercion_projection.pl	is_measurement_time	2	0	LIVE	1	coercion_projection.pl:time_point_in_interval/2
coercion_projection.pl	system_gradient	3	1	STATIC_ORPHAN	0	
coercion_projection.pl	system_gradient	4	1	LIVE	2	coercion_projection.pl:system_gradient/3;coercion_projection.pl:system_gradient_for/4
coercion_projection.pl	system_gradient_for	4	1	LIVE	1	pattern_analysis.pl:analyze_interval/4
coercion_projection.pl	time_point_in_interval	2	1	LIVE	1	coercion_projection.pl:coercion_gradient/4
commentary_census.pl	bucket_kind	5	0	LIVE	1	commentary_census.pl:emit_human_census/1
commentary_census.pl	cc_bucket_count	3	0	LIVE	2	commentary_census.pl:cc_sum_buckets/3;commentary_census.pl:commentary_census/2
commentary_census.pl	cc_sum_buckets	3	0	LIVE	2	commentary_census.pl:commentary_census/2;commentary_census.pl:emit_human_census/1
commentary_census.pl	commentary_absence_bucket	2	1	LIVE	1	commentary_census.pl:commentary_census/2
commentary_census.pl	commentary_cell	3	1	LIVE	1	commentary_census.pl:commentary_census/2
commentary_census.pl	commentary_census	2	1	LIVE	2	commentary_census.pl:emit_human_census/1;commentary_census.pl:emit_machine_census/1
commentary_census.pl	commentary_coverage_decidable	1	1	LIVE	2	commentary_census.pl:emit_human_census/1;commentary_census.pl:emit_machine_census/1
commentary_census.pl	commentary_out_of_domain_bucket	2	1	LIVE	1	commentary_census.pl:commentary_census/2
commentary_census.pl	commentary_prevalence_bucket	2	1	LIVE	1	commentary_census.pl:commentary_census/2
commentary_census.pl	commentary_source	1	1	LIVE	1	commentary_census.pl:run_commentary_census/0
commentary_census.pl	emit_human_census	1	0	LIVE	1	commentary_census.pl:run_commentary_census/0
commentary_census.pl	emit_machine_census	1	0	LIVE	1	commentary_census.pl:run_commentary_census/0
commentary_census.pl	extraction_state_bucket	2	0	LIVE	1	commentary_census.pl:commentary_cell/3
commentary_census.pl	run_commentary_census	0	1	ENTRYPOINT_CLI	0	
config.pl	aggregation_weights	5	1	LIVE	1	coercion_projection.pl:coercion_magnitude/4
config.pl	influence_weight	2	1	LIVE	1	coercion_projection.pl:system_gradient/4
config.pl	level	1	1	LIVE	7	coercion_projection.pl:system_gradient/4;data_repair.pl:grid_provenance/2;data_repair.pl:impute_missing_metrics/2;data_verification.pl:verify_interval_completeness/1;pattern_analysis.pl:analyze_interval/4;pattern_analysis.pl:compute_completeness/2;report_generator.pl:generate_full_report/1
config.pl	param	2	1	LIVE	185	abductive_engine.pl:abductive_enabled/0;abductive_report.pl:run_abductive_report/0;abductive_triggers.pl:stress_indicator/3;abductive_triggers.pl:trigger_accelerating_pathology/3;abductive_triggers.pl:trigger_classical_oracle_failure/3;abductive_triggers.pl:trigger_confirmed_liminal/3;abductive_triggers.pl:trigger_contamination_cascade/3;abductive_triggers.pl:trigger_convergent_structural_stress/3;abductive_triggers.pl:trigger_coverage_gap/3;abductive_triggers.pl:trigger_deep_deception/3;abductive_triggers.pl:trigger_dormant_extraction/3;abductive_triggers.pl:trigger_epistemic_trap/3;abductive_triggers.pl:trigger_hub_conflict/3;abductive_triggers.pl:trigger_maxent_divergence/3;abductive_triggers.pl:trigger_maxent_shadow_divergence/3;abductive_triggers.pl:trigger_metric_structural_divergence/3;abductive_triggers.pl:trigger_mountain_extraction_accumulation/3;abductive_triggers.pl:trigger_signature_override_artifact/3;abductive_triggers.pl:trigger_snare_leaning_tangled/3;boltzmann_compliance.pl:boltzmann_floor_for/2;boltzmann_compliance.pl:classify_at_context_impl/3;boltzmann_compliance.pl:complexity_adjusted_threshold/2;boltzmann_compliance.pl:coordination_type_offset/2;boltzmann_compliance.pl:epistemic_access_check/2;boltzmann_compliance.pl:excess_extraction/2;boltzmann_compliance.pl:ib_adjusted_threshold/2;config_validation.pl:config_violation/1;config_validation.pl:test/1;constraint_data.pl:base_extractiveness/2;constraint_data.pl:suppression_score/2;constraint_indexing.pl:alt_sigmoid_f/3;constraint_indexing.pl:canonical_d_for_power/2;constraint_indexing.pl:extractiveness_for_agent_d/4;constraint_indexing.pl:get_true_metric/3;constraint_indexing.pl:power_modifier/2;constraint_indexing.pl:resolve_coalition_power/3;constraint_indexing.pl:resolve_displacement/2;constraint_indexing.pl:scope_modifier/2;constraint_indexing.pl:sigmoid_d1/2;constraint_indexing.pl:sigmoid_d2/2;constraint_indexing.pl:sigmoid_f/2;constraint_indexing.pl:sigmoid_params/5;constraint_indexing.pl:site_contexts/1;constraint_indexing.pl:site_contexts_for_mode/2;context_profile_mining.pl:classify_isomorphism_level/2;context_profile_mining.pl:cluster_group/3;context_profile_mining.pl:compute_isomorphism_evidence/3;context_profile_mining.pl:run_hierarchical_clustering/1;context_profile_mining.pl:trajectory_distance/4;context_profile_mining.pl:trajectory_enabled/0;context_profile_mining.pl:trajectory_run/2;context_profile_report.pl:report_cross_domain_isomorphisms/1;corpus_loader.pl:load_all_testsets/0;covering_analysis.pl:all_corpus_constraints/1;covering_analysis.pl:classify_at_interpolated/4;covering_analysis.pl:coarse_d_values/1;covering_analysis.pl:d_label/2;covering_analysis.pl:expanded_d_values/1;cs_drift_mismatch.pl:cs_is_metric_stable/1;data_repair.pl:bridge_domain_metrics_pure/3;data_repair.pl:get_default_metric/2;data_validation.pl:report_classification_inconsistency/3;dirac_classification.pl:describe_freedom/4;drl_audit_core.pl:structural_signature/3;drl_boltzmann_analysis.pl:action_composition_gate/3;drl_boltzmann_analysis.pl:compute_reform_urgency/4;drl_boltzmann_analysis.pl:compute_scaffold_urgency/5;drl_boltzmann_analysis.pl:excess_extraction_factor/2;drl_boltzmann_analysis.pl:purity_adjusted_energy/4;drl_boltzmann_analysis.pl:purity_to_cut_priority/2;drl_boltzmann_analysis.pl:qualify_action/5;drl_boltzmann_analysis.pl:raw_urgency/4;drl_composition.pl:check_capture_between/3;drl_composition.pl:detect_extraction_dominance/2;drl_core.pl:classify_from_metrics/6;drl_core.pl:get_raw_suppression/2;drl_counterfactual.pl:dependency_chain/5;drl_counterfactual.pl:estimate_impact_indexed/5;drl_fpn.pl:fpn_edge_contamination/5;drl_fpn.pl:fpn_effective_purity/4;drl_fpn.pl:fpn_run/3;drl_purity_network.pl:compute_edge_contamination/7;drl_purity_network.pl:constraint_neighbors_existing/2;drl_purity_network.pl:network_purity_metrics/2;drl_purity_network.pl:purity_contamination_pressure/4;fpn_report.pl:report_convergence/5;gap_diagnostic.pl:cache_gap_profile/4;gap_diagnostic.pl:institutional_d/1;gap_diagnostic.pl:moderate_d/1;gap_diagnostic.pl:threshold_boundary/3;genuine_findings_query.pl:profile_hypothesis/2;giant_component_analysis.pl:count_by_purity_zone/8;giant_component_analysis.pl:precompute_all_edges/2;giant_component_analysis.pl:purity_zone/2;giant_component_analysis.pl:report_contamination_collapse_analysis/2;giant_component_analysis.pl:report_gc_composition/2;giant_component_analysis.pl:report_purity_landscape/2;giant_component_analysis.pl:report_sound_constraint_exposure/2;giant_component_analysis.pl:run_phase1/0;giant_component_analysis.pl:run_phase2/0;giant_component_analysis.pl:run_phase3/0;giant_component_analysis.pl:run_phase4/0;giant_component_analysis.pl:would_cross_threshold/5;global_delta_report.pl:all_constraints/1;global_delta_report.pl:compare_one/4;grothendieck_cohomology.pl:cohomology_enabled/0;inferred_coupling_protocol.pl:discover_all_inferred_edges/2;inferred_coupling_protocol.pl:report_protocol_doc/0;inferred_coupling_protocol.pl:verify_designed_pairs/1;intent_engine.pl:fallback_confidence/2;invertibility_analysis.pl:check_threshold_crossing/3;invertibility_analysis.pl:compute_chi_at_context/4;invertibility_analysis.pl:extract_pipeline_invariants/2;invertibility_analysis.pl:invert_chi_to_directionality/4;isomorphism_engine.pl:find_isomorphism/3;json_report.pl:run_json_report/0;json_report.pl:write_config_object/1;json_report.pl:write_per_constraint_entry/4;logical_fingerprint.pl:extraction_zone/2;logical_fingerprint.pl:fingerprint_coupling/2;logical_fingerprint.pl:fingerprint_drift/2;logical_fingerprint.pl:structural_property_holds/2;logical_fingerprint.pl:structural_void/2;logical_fingerprint.pl:suppression_zone/2;maxent_classifier.pl:apply_override_for_sig/4;maxent_classifier.pl:boolean_log_likelihood/3;maxent_classifier.pl:get_constraint_metrics/4;maxent_classifier.pl:get_constraint_metrics_indexed/5;maxent_classifier.pl:maxent_compute_priors/1;maxent_classifier.pl:maxent_disagreement/3;maxent_classifier.pl:maxent_enabled/0;maxent_classifier.pl:maxent_multi_run_contexts/4;maxent_classifier.pl:maxent_run/2;maxent_classifier.pl:metric_value/3;maxent_classifier.pl:metric_value_indexed/4;maxent_classifier.pl:override_unconditional/3;maxent_classifier.pl:threshold_boundary/5;maxent_diagnostic.pl:task3_hard_disagreements/1;maxent_diagnostic.pl:task4_non_overlapping/1;maxent_diagnostic.pl:task6_cross_diagnostic/1;maxent_report.pl:report_cross_diagnostic_correlation/2;maxent_report.pl:report_high_uncertainty/2;maxent_report.pl:report_summary/6;metric_drift_events.pl:detect_coupling_drift/1;metric_drift_events.pl:drift_event/3;metric_drift_events.pl:drift_event/4;metric_drift_events.pl:drift_severity/3;metric_drift_events.pl:purity_decline_signal/2;narrative_ontology.pl:is_tangled_rope/1;network_dynamics.pl:cascade_prediction/3;network_dynamics.pl:cascade_threshold/2;network_dynamics.pl:compute_neighbor_contamination/5;network_dynamics.pl:network_drift_severity/3;network_dynamics.pl:network_drift_velocity/4;network_dynamics.pl:network_stability_assessment/2;omega1_audit.pl:classify_gap_region/1;omega1_audit.pl:compute_one_profile/2;omega1_audit.pl:determine_gates_for/2;omega1_audit.pl:determine_primary_gate/11;omega1_audit.pl:report_naturalized_impossibility/0;pattern_analysis.pl:analyze_interval/4;post_synthesis.pl:check_case2/4;quantum_verification_report.pl:query_hub_conflict_vs_h1/0;scs_0anczbfz.pl:<directive>/1;scs_6tykj356.pl:<directive>/1;signature_detection.pl:appears_as_rope/2;signature_detection.pl:classify_by_signature/3;signature_detection.pl:constraint_signature/2;signature_detection.pl:coordination_scaffold_signature/1;signature_detection.pl:explain_signature/3;signature_detection.pl:false_summit_mountain/2;signature_detection.pl:fcr_test_failure/2;signature_detection.pl:get_constraint_profile/2;signature_detection.pl:level_gradient_divergence/2;signature_detection.pl:natural_law_signature/1;signature_detection.pl:nl_certification_chain/1;signature_detection.pl:profile_metrics_authored/1;signature_detection.pl:resolve_modal_signature_conflict/3;signature_detection.pl:resolve_with_perspectival_check/4;stakeholder_seats.pl:role_base_d/2;transition_paths.pl:snapshot_type/3;transition_paths.pl:transition_path/4;uke_dr_bridge.pl:is_load_bearing/1;utils.pl:require_config/2;utils.pl:safe_get_config/3
config_schema.pl	param_relationship	3	1	LIVE	1	config_validation.pl:config_violation/1
config_schema.pl	param_spec	4	1	LIVE	1	config_validation.pl:config_violation/1
config_validation.pl	config_violation	1	0	LIVE	3	config_validation.pl:test/1;config_validation.pl:validate_config/0;config_validation.pl:validate_config_postcorpus/0
config_validation.pl	constraint_ok	2	0	LIVE	1	config_validation.pl:config_violation/1
config_validation.pl	test	1	0	LIVE	1	config_validation.pl:<test_unit>/1
config_validation.pl	type_ok	2	0	LIVE	1	config_validation.pl:config_violation/1
config_validation.pl	validate_config	0	1	LIVE	1	config_validation.pl:<directive>/1
config_validation.pl	validate_config_postcorpus	0	1	LIVE	1	corpus_loader.pl:load_all_testsets/0
constraint_bridge.pl	check_for_social_twins	2	0	STATIC_ORPHAN	0	
constraint_bridge.pl	compute_veto_actors	1	0	LIVE	1	constraint_bridge.pl:derive_veto_actors/0
constraint_bridge.pl	constraint_status	3	1	STATIC_ORPHAN	0	
constraint_bridge.pl	derive_diagnostic_state	1	1	LIVE	1	test_harness.pl:run_all_tests/2
constraint_bridge.pl	derive_veto_actors	0	1	LIVE	1	constraint_bridge.pl:derive_diagnostic_state/1
constraint_bridge.pl	is_safe_to_cut	1	0	STATIC_ORPHAN	0	
constraint_bridge.pl	recommendation_feasibility	3	1	LIVE	1	uke_dr_bridge.pl:uke_status/3
constraint_data.pl	base_extractiveness	2	1	LIVE	39	abductive_triggers.pl:trigger_mountain_extraction_accumulation/3;arakelov_height.pl:arakelov_height_pair/3;constraint_indexing.pl:get_true_metric/3;constraint_instances.pl:constraint_classification/3;data_validation.pl:infer_expected_type/2;data_validation.pl:is_complete_constraint/1;data_validation.pl:report_classification_inconsistency/3;data_validation.pl:report_incomplete_constraint/1;data_validation.pl:validate_edge_cases/0;domain_priors.pl:infer_category_from_priors/2;domain_priors.pl:is_known_domain/1;drl_core.pl:dr_type_with_d/4;drl_core.pl:is_mountain/3;drl_core.pl:is_piton/3;drl_core.pl:is_rope/3;drl_core.pl:is_scaffold/3;drl_core.pl:is_snare/3;drl_core.pl:is_tangled_rope/3;drl_core.pl:metric_based_type_indexed/3;genuine_findings_query.pl:profile_hypothesis/2;invertibility_analysis.pl:check_gate_priority_shadow/3;invertibility_analysis.pl:check_signature_divergence/3;json_report.pl:write_one_perspective_chi/4;json_report.pl:write_per_constraint_entry/4;logical_fingerprint.pl:fingerprint_zone/2;logical_fingerprint.pl:structural_void/2;maxent_classifier.pl:get_constraint_metrics/4;maxent_classifier.pl:metric_value/3;maxent_diagnostic.pl:task1_missing_constraints/1;maxent_diagnostic.pl:task3_hard_disagreements/1;maxent_diagnostic.pl:task4_non_overlapping/1;maxent_diagnostic.pl:task5_gaussian_profiles/1;quantum_verification_report.pl:query_hub_conflict_vs_h1/0;quantum_verification_report.pl:query_mountain_stability/1;report_generator.pl:compute_chi_v6/6;signature_detection.pl:false_summit_mountain/2;test_harness.pl:quick_check/1;test_harness.pl:report_scope_effect/1;utils.pl:safe_get_extractiveness/4
constraint_data.pl	suppression_score	2	1	LIVE	1	domain_priors.pl:is_known_domain/1
constraint_indexing.pl	agent_power	1	1	LIVE	1	constraint_indexing.pl:valid_context/1
constraint_indexing.pl	alt_sigmoid_f	3	0	LIVE	1	constraint_indexing.pl:sigmoid_f/2
constraint_indexing.pl	beneficiary_victim_directionality	3	0	LIVE	1	constraint_indexing.pl:derive_directionality/3
constraint_indexing.pl	canonical_d_for_power	2	1	LIVE	7	constraint_indexing.pl:derive_directionality/3;covering_analysis.pl:nearest_power_level/2;drl_core.pl:perspectival_gap/2;global_delta_report.pl:compare_one/4;report_generator.pl:seat_type_reading/2;stakeholder_seats.pl:derive_directionality_for_stakeholder/3;stakeholder_seats.pl:power_witness_count/3
constraint_indexing.pl	clamp	4	0	LIVE	1	constraint_indexing.pl:beneficiary_victim_directionality/3
constraint_indexing.pl	classify_from_restricted	3	1	LIVE	3	abductive_triggers.pl:trigger_epistemic_trap/3;diagnostic_summary.pl:probe_context_gap/4;quantum_verification_report.pl:query_restricted_vs_gauge_fixed/0
constraint_indexing.pl	compare_perspectives	2	1	STATIC_ORPHAN	0	
constraint_indexing.pl	constraint_claim_indexed	2	1	STATIC_ORPHAN	0	
constraint_indexing.pl	constraint_classification	3	1	LIVE	20	boltzmann_compliance.pl:epistemic_access_check/2;constraint_indexing.pl:compare_perspectives/2;constraint_indexing.pl:constraint_claim_indexed/2;constraint_indexing.pl:multi_index_report/1;constraint_indexing.pl:perspective_gap/2;data_repair.pl:bridge_constraint_claim_pure/3;data_repair.pl:bridge_scaffold_markers_pure/3;data_validation.pl:agent_surface_present/1;json_report.pl:write_per_constraint_entry/4;logical_fingerprint.pl:known_constraint_raw/1;reading_diff.pl:reading_cell_source/3;report_generator.pl:classify_with_context/3;report_generator.pl:format_perspective_line/4;report_generator.pl:generate_llm_feedback/1;report_generator.pl:mandatrophy_only_report/1;report_generator.pl:perspectival_gap_audit/1;routing_sink.pl:author_reading_at/4;routing_sink.pl:constraint_uses_per_seat/1;signature_detection.pl:only_mountain_classifications/1;test_harness.pl:validate_per_index/1
constraint_indexing.pl	constraint_curvature	6	1	STATIC_ORPHAN	0	
constraint_indexing.pl	default_context	1	1	LIVE	62	abductive_engine.pl:abductive_selftest/0;abductive_report.pl:run_abductive_report/0;audit3_maxent_compare.pl:run_audit3/0;constraint_indexing.pl:compare_perspectives/2;constraint_indexing.pl:constraint_claim_indexed/2;context_profile_mining.pl:trajectory_selftest/0;context_profile_report.pl:run_trajectory_report/0;cs_drift_mismatch.pl:cs_is_metric_stable/1;data_repair.pl:bridge_constraint_claim_pure/3;data_validation.pl:infer_expected_type/2;diagnostic_summary.pl:diagnostic_summary/2;diagnostic_summary.pl:maxent_void_alerts/1;diagnostic_summary.pl:pattern_fires_on_corpus/1;diagnostic_summary.pl:probe_dirac/3;dirac_classification.pl:dirac_class/2;drl_boltzmann_analysis.pl:purity_qualified_action/3;drl_boltzmann_analysis.pl:reformability_score/2;drl_composition.pl:composite_type/3;drl_composition.pl:constraint_history/2;drl_composition.pl:necessarily/1;drl_composition.pl:possibly/1;drl_core.pl:dr_action/2;drl_core.pl:dr_mismatch/3;drl_core.pl:dr_type/2;drl_counterfactual.pl:assess_scaffold_need/2;drl_counterfactual.pl:counterfactual_world/3;drl_counterfactual.pl:dependency_chain/4;drl_counterfactual.pl:simulate_cut/2;drl_fpn.pl:fpn_effective_purity/3;drl_purity_network.pl:constraint_neighbors/2;drl_purity_network.pl:effective_purity/3;drl_purity_network.pl:network_qualified_action/3;fpn_report.pl:run_fpn_report/0;genuine_findings_query.pl:run_query/0;giant_component_analysis.pl:run_phase1/0;giant_component_analysis.pl:run_phase2/0;giant_component_analysis.pl:run_phase3/0;giant_component_analysis.pl:run_phase4/0;grothendieck_cohomology.pl:analytical_type/2;inferred_coupling_protocol.pl:report_bridge_analysis/3;json_report.pl:run_json_report/0;maxent_classifier.pl:maxent_compute_priors/1;maxent_classifier.pl:maxent_selftest/0;maxent_diagnostic.pl:run_maxent_diagnostic/0;maxent_report.pl:run_maxent_report/0;metric_drift_events.pl:drift_event/3;metric_drift_events.pl:drift_severity/3;metric_drift_report.pl:generate_drift_report/0;metric_drift_report.pl:generate_drift_report/1;omega1_audit.pl:collect_unknowns/1;omega1_audit.pl:compute_cross_context/1;omega1_audit.pl:compute_profiles/1;omega1_audit.pl:determine_all_blocking_gates/1;omega1_audit.pl:report_embedded_facts/0;omega1_audit.pl:self_consistency_check/2;quantum_verification_report.pl:run_quantum_verification/0;signature_detection.pl:constructed_routed/1;signature_detection.pl:fcr_routed/1;signature_detection.pl:signature_grade/2;temporal_residual.pl:residual_contexts/1;test_harness.pl:run_all_tests/1;transition_paths.pl:snapshot_type/3
constraint_indexing.pl	derive_directionality	3	1	LIVE	9	constraint_indexing.pl:constraint_curvature/6;constraint_indexing.pl:derive_directionality_at/4;constraint_indexing.pl:extractiveness_for_agent/3;global_delta_report.pl:compare_one/4;invertibility_analysis.pl:compute_chi_at_context/4;json_report.pl:write_one_perspective_chi/4;report_generator.pl:compute_chi_v6/6;report_generator.pl:report_constraint_signature/1;test_harness.pl:report_scope_effect/1
constraint_indexing.pl	derive_directionality_at	4	1	LIVE	2	drl_composition.pl:classify_at_time_with_supp/7;transition_paths.pl:snapshot_type/3
constraint_indexing.pl	directionality_override	3	0	LIVE	4	constraint_indexing.pl:derive_directionality/3;global_delta_report.pl:compare_one/4;global_delta_report.pl:has_override_any/1;invertibility_analysis.pl:extract_pipeline_invariants/2
constraint_indexing.pl	discover_my_context	1	1	STATIC_ORPHAN	0	
constraint_indexing.pl	effective_immutability	3	1	LIVE	3	constraint_indexing.pl:effective_immutability_for_context/2;invertibility_analysis.pl:check_immutability_flip/2;stakeholder_seats.pl:seat_perceived_vs_real/4
constraint_indexing.pl	effective_immutability_for_context	2	1	LIVE	7	constraint_indexing.pl:observer_accessible/3;constraint_instances.pl:constraint_classification/3;drl_core.pl:classify_from_metrics/6;drl_core.pl:snare_immutability_check/1;drl_core.pl:snare_reform_threshold/2;omega1_audit.pl:determine_gates_for/2;omega1_audit.pl:snare_immutability_check_audit/1
constraint_indexing.pl	effective_time	3	0	LIVE	1	constraint_indexing.pl:derive_directionality_at/4
constraint_indexing.pl	exit_modulation	2	0	LIVE	2	constraint_indexing.pl:beneficiary_victim_directionality/3;stakeholder_seats.pl:derive_directionality_for_stakeholder/3
constraint_indexing.pl	exit_options	1	1	LIVE	1	constraint_indexing.pl:valid_context/1
constraint_indexing.pl	extractiveness_for_agent	3	1	LIVE	22	boltzmann_compliance.pl:classify_at_context_impl/3;constraint_indexing.pl:observer_accessible/3;constraint_instances.pl:constraint_classification/3;context_profile_mining.pl:build_trajectory_point/4;data_validation.pl:infer_expected_type/2;dirac_classification.pl:describe_freedom/4;drl_core.pl:is_mountain/3;drl_core.pl:is_piton/3;drl_core.pl:is_rope/3;drl_core.pl:is_scaffold/3;drl_core.pl:is_snare/3;drl_core.pl:is_tangled_rope/3;drl_core.pl:metric_based_type_indexed/3;export_oq119_corpus_join.pl:seat_chi/3;genuine_findings_query.pl:profile_hypothesis/2;json_report.pl:write_one_perspective_chi/4;maxent_classifier.pl:get_constraint_metrics_indexed/5;maxent_classifier.pl:maxent_threshold_proximity/4;maxent_classifier.pl:metric_value_indexed/4;metric_drift_events.pl:drift_event/4;omega1_audit.pl:compute_one_profile/2;quantum_verification_report.pl:query_hub_conflict_vs_h1/0
constraint_indexing.pl	extractiveness_for_agent_d	4	1	LIVE	3	constraint_indexing.pl:extractiveness_for_agent/3;drl_core.pl:dr_type_with_d/4;stakeholder_seats.pl:chi_for_stakeholder/3
constraint_indexing.pl	feature_access	3	1	LIVE	2	constraint_indexing.pl:restrict_beneficiaries/3;constraint_indexing.pl:restrict_continuous/6
constraint_indexing.pl	format_multi_index_results	1	0	LIVE	1	constraint_indexing.pl:multi_index_report/1
constraint_indexing.pl	get_true_metric	3	0	LIVE	1	constraint_indexing.pl:restrict_by_access/5
constraint_indexing.pl	map_exit	2	0	LIVE	1	constraint_indexing.pl:discover_my_context/1
constraint_indexing.pl	map_power	2	0	LIVE	1	constraint_indexing.pl:discover_my_context/1
constraint_indexing.pl	map_scope	2	0	LIVE	1	constraint_indexing.pl:discover_my_context/1
constraint_indexing.pl	map_time	2	0	LIVE	1	constraint_indexing.pl:discover_my_context/1
constraint_indexing.pl	multi_index_report	1	1	STATIC_ORPHAN	0	
constraint_indexing.pl	observer_accessible	3	1	LIVE	1	constraint_indexing.pl:classify_from_restricted/3
constraint_indexing.pl	perspective_gap	2	1	STATIC_ORPHAN	0	
constraint_indexing.pl	positional_displacement	2	0	LIVE	1	constraint_indexing.pl:resolve_displacement/2
constraint_indexing.pl	power_modifier	2	1	LIVE	1	drl_audit_core.pl:effective_extraction/3
constraint_indexing.pl	power_role_heuristic	4	0	LIVE	1	constraint_indexing.pl:beneficiary_victim_directionality/3
constraint_indexing.pl	resolve_coalition_power	3	0	LIVE	6	constraint_indexing.pl:extractiveness_for_agent/3;global_delta_report.pl:compare_one/4;invertibility_analysis.pl:check_coalition_change/3;invertibility_analysis.pl:compute_chi_at_context/4;report_generator.pl:compute_chi_v6/6;test_harness.pl:report_scope_effect/1
constraint_indexing.pl	resolve_displacement	2	0	LIVE	1	constraint_indexing.pl:extractiveness_for_agent_d/4
constraint_indexing.pl	resolve_for_classification	3	0	LIVE	1	constraint_indexing.pl:classify_from_restricted/3
constraint_indexing.pl	restrict_beneficiaries	3	0	LIVE	1	constraint_indexing.pl:observer_accessible/3
constraint_indexing.pl	restrict_beneficiaries_by_access	3	0	LIVE	1	constraint_indexing.pl:restrict_beneficiaries/3
constraint_indexing.pl	restrict_by_access	5	0	LIVE	1	constraint_indexing.pl:restrict_continuous/6
constraint_indexing.pl	restrict_continuous	6	0	LIVE	1	constraint_indexing.pl:observer_accessible/3
constraint_indexing.pl	restricted_classify	7	0	LIVE	1	constraint_indexing.pl:classify_from_restricted/3
constraint_indexing.pl	scope_modifier	2	1	LIVE	9	constraint_indexing.pl:extractiveness_for_agent_d/4;covering_analysis.pl:sigma_to_scope_atom/2;drl_composition.pl:classify_at_time_with_supp/7;global_delta_report.pl:compare_one/4;invertibility_analysis.pl:compute_chi_at_context/4;json_report.pl:write_one_perspective_chi/4;report_generator.pl:compute_chi_v6/6;test_harness.pl:report_scope_effect/1;transition_paths.pl:snapshot_type/3
constraint_indexing.pl	sigmoid_d1	2	1	LIVE	2	constraint_indexing.pl:constraint_curvature/6;json_report.pl:write_one_perspective_chi/4
constraint_indexing.pl	sigmoid_d2	2	1	LIVE	2	constraint_indexing.pl:constraint_curvature/6;json_report.pl:write_one_perspective_chi/4
constraint_indexing.pl	sigmoid_f	2	1	LIVE	13	constraint_indexing.pl:constraint_curvature/6;constraint_indexing.pl:extractiveness_for_agent_d/4;covering_analysis.pl:classify_at_interpolated/4;covering_analysis.pl:report_dvalue_map/0;drl_composition.pl:classify_at_time_with_supp/7;gap_diagnostic.pl:cache_gap_profile/4;global_delta_report.pl:compare_one/4;invertibility_analysis.pl:compute_chi_at_context/4;json_report.pl:write_one_perspective_chi/4;omega1_audit.pl:report_naturalized_impossibility/0;report_generator.pl:compute_chi_v6/6;test_harness.pl:report_scope_effect/1;transition_paths.pl:snapshot_type/3
constraint_indexing.pl	sigmoid_params	5	1	LIVE	2	constraint_indexing.pl:sigmoid_d1/2;constraint_indexing.pl:sigmoid_d2/2
constraint_indexing.pl	site_contexts	1	1	LIVE	6	audit3_maxent_compare.pl:run_audit3/0;bifurcation_export.pl:export_product_classifications/0;dirac_classification.pl:gauge_fixed/3;dirac_classification.pl:gauge_orbit/2;grothendieck_cohomology.pl:ordered_contexts/1;measurement_layer.pl:wasserstein_contexts/1
constraint_indexing.pl	site_contexts_canonical	1	1	LIVE	2	constraint_indexing.pl:site_contexts_for_mode/2;temporal_residual.pl:residual_contexts/1
constraint_indexing.pl	site_contexts_for_mode	2	0	LIVE	1	constraint_indexing.pl:site_contexts/1
constraint_indexing.pl	site_contexts_product	1	1	LIVE	5	constraint_indexing.pl:site_contexts_for_mode/2;cs_kernel_registry.pl:compare_kernel_readings/3;cs_kernel_registry.pl:cs_kernel_divergence/4;product_site_export.pl:run_product_export_to/1;sheaf_analysis.pl:block_consistency/2
constraint_indexing.pl	spatial_scope	1	1	LIVE	1	constraint_indexing.pl:valid_context/1
constraint_indexing.pl	time_horizon	1	1	LIVE	1	constraint_indexing.pl:valid_context/1
constraint_indexing.pl	time_indexed_directionality_source	4	0	LIVE	1	constraint_indexing.pl:derive_directionality_at/4
constraint_indexing.pl	valid_context	1	1	LIVE	33	constraint_indexing.pl:observer_accessible/3;dirac_classification.pl:dirac_class/3;dirac_classification.pl:full_dirac_report/3;dirac_classification.pl:gauge_fixed/3;drl_boltzmann_analysis.pl:coupling_aware_scaffold_need/3;drl_boltzmann_analysis.pl:purity_adjusted_energy/4;drl_boltzmann_analysis.pl:purity_qualified_action/4;drl_boltzmann_analysis.pl:purity_scaffold_urgency/4;drl_boltzmann_analysis.pl:reformability_score/3;drl_composition.pl:composite_type/4;drl_composition.pl:constraint_history/3;drl_core.pl:dr_type/3;drl_core.pl:dr_type_with_d/4;drl_counterfactual.pl:assess_scaffold_need/3;drl_counterfactual.pl:counterfactual_world/4;drl_counterfactual.pl:dependency_chain/5;drl_counterfactual.pl:simulate_cut/3;drl_fpn.pl:fpn_run/2;drl_fpn.pl:fpn_run/3;drl_purity_network.pl:cluster_purity/3;drl_purity_network.pl:constraint_neighbors/3;drl_purity_network.pl:contamination_path/5;drl_purity_network.pl:effective_purity/4;drl_purity_network.pl:network_purity_metrics/2;drl_purity_network.pl:network_qualified_action/4;drl_purity_network.pl:purity_contamination_pressure/4;metric_drift_events.pl:drift_event/4;network_dynamics.pl:cascade_prediction/3;network_dynamics.pl:detect_network_contamination/3;network_dynamics.pl:network_drift_contagion/3;network_dynamics.pl:network_drift_severity/3;network_dynamics.pl:network_drift_velocity/4;network_dynamics.pl:network_stability_assessment/2
constraint_instances.pl	:	2	0	STATIC_ORPHAN	0	
context_profile_mining.pl	:	2	0	STATIC_ORPHAN	0	
context_profile_mining.pl	assign_families	1	0	LIVE	1	context_profile_mining.pl:run_hierarchical_clustering/1
context_profile_mining.pl	average_linkage_dist	3	0	LIVE	3	context_profile_mining.pl:build_distance_list/2;context_profile_mining.pl:hac_loop/6;context_profile_mining.pl:pair_dist_cached/4
context_profile_mining.pl	boltzmann_distance	3	0	LIVE	1	context_profile_mining.pl:stability_distance/3
context_profile_mining.pl	build_distance_list	2	0	LIVE	1	context_profile_mining.pl:cluster_group/3
context_profile_mining.pl	build_trajectory_point	4	0	LIVE	1	context_profile_mining.pl:compute_trajectory/3
context_profile_mining.pl	build_trajectory_summary	2	0	LIVE	1	context_profile_mining.pl:compute_trajectory/3
context_profile_mining.pl	check_family_cohesion	3	0	LIVE	1	context_profile_mining.pl:trajectory_selftest/0
context_profile_mining.pl	chi_diff	3	0	LIVE	1	context_profile_mining.pl:metric_distance_contexts/10
context_profile_mining.pl	classify_isomorphism_level	2	0	LIVE	1	context_profile_mining.pl:structural_isomorphism/4
context_profile_mining.pl	cluster_all_groups	2	0	LIVE	1	context_profile_mining.pl:run_hierarchical_clustering/1
context_profile_mining.pl	cluster_group	3	0	LIVE	1	context_profile_mining.pl:cluster_all_groups/2
context_profile_mining.pl	cluster_id_matches	2	0	LIVE	1	context_profile_mining.pl:hac_loop/6
context_profile_mining.pl	cluster_member	2	0	LIVE	3	context_profile_mining.pl:assign_families/1;context_profile_mining.pl:cluster_members/2;context_profile_mining.pl:trajectory_cluster/3
context_profile_mining.pl	cluster_members	2	1	LIVE	2	context_profile_report.pl:report_family_census/1;context_profile_report.pl:report_summary/5
context_profile_mining.pl	cluster_merge	4	0	STATIC_ORPHAN	0	
context_profile_mining.pl	compute_all_trajectories	1	0	LIVE	1	context_profile_mining.pl:trajectory_run/2
context_profile_mining.pl	compute_isomorphism_evidence	3	0	LIVE	1	context_profile_mining.pl:structural_isomorphism/4
context_profile_mining.pl	compute_pairs	4	0	LIVE	1	context_profile_mining.pl:compute_pairwise_distances/1
context_profile_mining.pl	compute_pairs_with	6	0	LIVE	1	context_profile_mining.pl:compute_pairs/4
context_profile_mining.pl	compute_pairwise_distances	1	0	LIVE	1	context_profile_mining.pl:trajectory_run/2
context_profile_mining.pl	compute_trajectories_list	4	0	LIVE	1	context_profile_mining.pl:compute_all_trajectories/1
context_profile_mining.pl	compute_trajectory	3	0	LIVE	3	context_profile_mining.pl:compute_trajectories_list/4;context_profile_mining.pl:constraint_trajectory/3;context_profile_mining.pl:ensure_trajectory/3
context_profile_mining.pl	conf_diff	3	0	LIVE	1	context_profile_mining.pl:metric_distance_contexts/10
context_profile_mining.pl	constraint_domain	2	0	LIVE	2	context_profile_mining.pl:cross_domain_twins/3;context_profile_report.pl:report_cross_domain_isomorphisms/1
context_profile_mining.pl	constraint_trajectory	3	1	STATIC_ORPHAN	0	
context_profile_mining.pl	context_label	2	0	LIVE	5	context_profile_mining.pl:build_trajectory_point/4;invertibility_analysis.pl:reconstruct_from_type_only/5;invertibility_analysis.pl:report_context_pair/4;invertibility_analysis.pl:report_family_detail/1;temporal_residual.pl:residual_report/2
context_profile_mining.pl	cross_domain_twins	3	1	LIVE	2	context_profile_mining.pl:trajectory_run/2;context_profile_report.pl:report_cross_domain_isomorphisms/1
context_profile_mining.pl	ensure_maxent	1	0	LIVE	1	context_profile_mining.pl:trajectory_run/2
context_profile_mining.pl	ensure_trajectory	3	0	LIVE	1	context_profile_mining.pl:trajectory_distance/4
context_profile_mining.pl	entropy_diff	3	0	LIVE	1	context_profile_mining.pl:metric_distance_contexts/10
context_profile_mining.pl	family_assignment	2	0	LIVE	8	context_profile_mining.pl:check_family_cohesion/3;context_profile_mining.pl:cross_domain_twins/3;context_profile_mining.pl:structural_family/2;context_profile_mining.pl:trajectory_run/2;context_profile_report.pl:check_same_family/2;context_profile_report.pl:report_constraint_family_row/2;context_profile_report.pl:report_orbit_refinement/1;context_profile_report.pl:report_phase_a_validation/1
context_profile_mining.pl	get_maxent_for_context	6	0	LIVE	1	context_profile_mining.pl:build_trajectory_point/4
context_profile_mining.pl	get_pair_dist	3	0	LIVE	5	context_profile_mining.pl:average_linkage_dist/3;context_profile_mining.pl:check_family_cohesion/3;context_profile_mining.pl:compute_isomorphism_evidence/3;context_profile_mining.pl:cross_domain_twins/3;context_profile_mining.pl:trajectory_selftest/0
context_profile_mining.pl	get_trajectory_chis	2	0	LIVE	1	context_profile_mining.pl:metric_distance/3
context_profile_mining.pl	get_trajectory_confidences	2	0	LIVE	1	context_profile_mining.pl:metric_distance/3
context_profile_mining.pl	get_trajectory_entropies	2	0	LIVE	1	context_profile_mining.pl:metric_distance/3
context_profile_mining.pl	get_trajectory_types	2	0	LIVE	1	context_profile_mining.pl:shift_distance/3
context_profile_mining.pl	group_by_shift	2	0	LIVE	1	context_profile_mining.pl:run_hierarchical_clustering/1
context_profile_mining.pl	hac_loop	6	0	LIVE	1	context_profile_mining.pl:cluster_group/3
context_profile_mining.pl	init_clusters	4	0	LIVE	1	context_profile_mining.pl:cluster_group/3
context_profile_mining.pl	init_clusters_acc	5	0	LIVE	1	context_profile_mining.pl:init_clusters/4
context_profile_mining.pl	jaccard_distance	3	0	LIVE	1	context_profile_mining.pl:pathology_distance/3
context_profile_mining.pl	make_shift_group	2	0	LIVE	1	context_profile_mining.pl:group_by_shift/2
context_profile_mining.pl	max_drift_severity	2	0	LIVE	1	context_profile_mining.pl:build_trajectory_summary/2
context_profile_mining.pl	metric_distance	3	0	LIVE	1	context_profile_mining.pl:trajectory_distance/4
context_profile_mining.pl	metric_distance_contexts	10	0	LIVE	1	context_profile_mining.pl:metric_distance/3
context_profile_mining.pl	normalize_purity	2	0	LIVE	1	context_profile_mining.pl:stability_distance/3
context_profile_mining.pl	pair_dist	3	0	LIVE	1	context_profile_mining.pl:get_pair_dist/3
context_profile_mining.pl	pair_dist_cached	4	0	LIVE	1	context_profile_mining.pl:hac_loop/6
context_profile_mining.pl	pathology_distance	3	0	LIVE	1	context_profile_mining.pl:trajectory_distance/4
context_profile_mining.pl	point_chi	2	0	LIVE	1	context_profile_mining.pl:get_trajectory_chis/2
context_profile_mining.pl	point_confidence	2	0	LIVE	1	context_profile_mining.pl:get_trajectory_confidences/2
context_profile_mining.pl	point_entropy	2	0	LIVE	1	context_profile_mining.pl:get_trajectory_entropies/2
context_profile_mining.pl	point_type	2	0	LIVE	1	context_profile_mining.pl:get_trajectory_types/2
context_profile_mining.pl	preservation_distance	3	0	LIVE	1	context_profile_mining.pl:stability_distance/3
context_profile_mining.pl	run_hierarchical_clustering	1	0	LIVE	1	context_profile_mining.pl:trajectory_run/2
context_profile_mining.pl	severity_distance	3	0	LIVE	1	context_profile_mining.pl:pathology_distance/3
context_profile_mining.pl	severity_max	2	0	LIVE	1	context_profile_mining.pl:max_drift_severity/2
context_profile_mining.pl	severity_rank	2	0	LIVE	1	context_profile_mining.pl:severity_distance/3
context_profile_mining.pl	shift_distance	3	0	LIVE	1	context_profile_mining.pl:trajectory_distance/4
context_profile_mining.pl	signature_distance	3	0	LIVE	1	context_profile_mining.pl:pathology_distance/3
context_profile_mining.pl	stability_distance	3	0	LIVE	1	context_profile_mining.pl:trajectory_distance/4
context_profile_mining.pl	standard_contexts	1	0	LIVE	2	context_profile_mining.pl:compute_trajectory/3;context_profile_mining.pl:ensure_maxent/1
context_profile_mining.pl	structural_family	2	1	STATIC_ORPHAN	0	
context_profile_mining.pl	structural_isomorphism	4	1	STATIC_ORPHAN	0	
context_profile_mining.pl	trajectory_cached	3	0	LIVE	6	context_profile_mining.pl:check_family_cohesion/3;context_profile_mining.pl:compute_pairwise_distances/1;context_profile_mining.pl:constraint_trajectory/3;context_profile_mining.pl:ensure_trajectory/3;context_profile_mining.pl:run_hierarchical_clustering/1;context_profile_mining.pl:trajectory_run/2
context_profile_mining.pl	trajectory_cleanup	0	1	LIVE	1	context_profile_mining.pl:trajectory_run/2
context_profile_mining.pl	trajectory_cluster	3	1	STATIC_ORPHAN	0	
context_profile_mining.pl	trajectory_distance	4	1	LIVE	1	context_profile_mining.pl:compute_pairs_with/6
context_profile_mining.pl	trajectory_enabled	0	1	ENTRYPOINT_CLI	0	
context_profile_mining.pl	trajectory_run	2	1	LIVE	2	context_profile_mining.pl:trajectory_selftest/0;context_profile_report.pl:run_trajectory_report/0
context_profile_mining.pl	trajectory_run_info	4	0	STATIC_ORPHAN	0	
context_profile_mining.pl	trajectory_selftest	0	1	ENTRYPOINT_CLI	0	
context_profile_mining.pl	type_distance	3	1	LIVE	1	context_profile_mining.pl:shift_distance/3
context_profile_mining.pl	type_distance_lookup	3	0	LIVE	1	context_profile_mining.pl:type_distance/3
context_profile_report.pl	check_same_family	2	0	LIVE	1	context_profile_report.pl:report_phase_a_validation/1
context_profile_report.pl	get_family_feature	2	0	LIVE	1	context_profile_report.pl:report_family_census/1
context_profile_report.pl	get_family_shift	2	0	LIVE	1	context_profile_report.pl:report_family_census/1
context_profile_report.pl	report_constraint_family_row	2	0	LIVE	1	context_profile_report.pl:report_phase_a_validation/1
context_profile_report.pl	report_cross_domain_isomorphisms	1	0	LIVE	1	context_profile_report.pl:run_trajectory_report/0
context_profile_report.pl	report_family_census	1	0	LIVE	1	context_profile_report.pl:run_trajectory_report/0
context_profile_report.pl	report_orbit_refinement	1	0	LIVE	1	context_profile_report.pl:run_trajectory_report/0
context_profile_report.pl	report_phase_a_validation	1	0	LIVE	1	context_profile_report.pl:run_trajectory_report/0
context_profile_report.pl	report_summary	5	0	LIVE	2	abductive_report.pl:run_abductive_report/0;context_profile_report.pl:run_trajectory_report/0
context_profile_report.pl	run_trajectory_report	0	0	ENTRYPOINT_CLI	0	
context_profile_report.pl	was_split	1	0	LIVE	1	context_profile_report.pl:report_orbit_refinement/1
corpus_loader.pl	corpus_constraint	1	1	LIVE	13	commentary_census.pl:commentary_census/2;corpus_loader.pl:register_corpus_constraint/1;cs_kernel_registry.pl:present_declared_stances/1;cs_kernel_registry.pl:stance_cohort/2;cs_kernel_registry.pl:stance_morphology_candidate/2;export_oq119_corpus_join.pl:main/2;json_report.pl:run_json_report/0;kernel_orbit_export.pl:run_kernel_orbit_export_to/1;probe_oq119_gate0_controls.pl:main/0;probe_oq35_field_counterfactual.pl:all_obs/1;probe_oq35_field_counterfactual.pl:run_oq35_probe/1;routing_sink.pl:routing_sink_emit_to/1;routing_sink.pl:seat_diff/7
corpus_loader.pl	corpus_loaded	0	0	LIVE	2	corpus_loader.pl:load_all_testsets/0;probe_oq119_gate0_roster.pl:main/0
corpus_loader.pl	ensure_corpus_loaded	0	1	LIVE	7	bifurcation_export.pl:export_all_classifications/0;bifurcation_export.pl:export_product_classifications/0;check_stack.pl:run_check_stack_with_corpus/0;commentary_census.pl:run_commentary_census/0;kernel_orbit_export.pl:run_kernel_orbit_export_to/1;persistence_export.pl:export_classifications_with_topology/0;routing_sink.pl:run_routing_sink/0
corpus_loader.pl	load_all_testsets	0	1	LIVE	29	abductive_engine.pl:abductive_selftest/0;abductive_report.pl:run_abductive_report/0;audit3_maxent_compare.pl:run_audit3/0;context_profile_mining.pl:trajectory_selftest/0;context_profile_report.pl:run_trajectory_report/0;corpus_loader.pl:ensure_corpus_loaded/0;covering_analysis.pl:run_phase1/0;covering_analysis.pl:run_phase2/0;export_oq119_corpus_join.pl:main/2;export_oq119_join_records.pl:main/0;fingerprint_report.pl:run_fingerprint_report/0;fpn_report.pl:run_fpn_report/0;gap_diagnostic.pl:run_gap_diagnostic/0;genuine_findings_query.pl:run_query/0;giant_component_analysis.pl:run_phase3/0;giant_component_analysis.pl:run_phase4/0;global_delta_report.pl:run_delta_report/0;grothendieck_cohomology.pl:cohomology_selftest/0;grothendieck_cohomology.pl:corpus_cohomology/1;inferred_coupling_protocol.pl:run_coupling_protocol/0;invertibility_analysis.pl:enumerate_orbit_families/0;json_report.pl:run_json_report/0;maxent_classifier.pl:maxent_selftest/0;maxent_diagnostic.pl:run_maxent_diagnostic/0;maxent_report.pl:run_maxent_report/0;omega1_audit.pl:run_omega1_audit/0;orbit_report.pl:run_orbit_report/0;product_site_export.pl:run_product_export_to/1;quantum_verification_report.pl:run_quantum_verification/0
corpus_loader.pl	load_testset_list	3	0	LIVE	1	corpus_loader.pl:load_all_testsets/0
corpus_loader.pl	loader_directory	1	0	LIVE	1	corpus_loader.pl:resolve_corpus_dir/2
corpus_loader.pl	register_corpus_constraint	1	0	LIVE	1	corpus_loader.pl:load_testset_list/3
corpus_loader.pl	resolve_corpus_dir	2	1	LIVE	1	corpus_loader.pl:load_all_testsets/0
covering_analysis.pl	:	2	0	STATIC_ORPHAN	0	
covering_analysis.pl	adjacent_pairs	2	0	LIVE	4	covering_analysis.pl:missed_transitions/1;covering_analysis.pl:report_density_heatmap/1;covering_analysis.pl:transition_density/2;giant_component_analysis.pl:report_phase_transition/1
covering_analysis.pl	agreement_matrix	1	0	LIVE	2	covering_analysis.pl:report_minimum_subset/0;covering_analysis.pl:report_tiers/0
covering_analysis.pl	all_cell_pairs	1	0	LIVE	1	covering_analysis.pl:agreement_matrix/1
covering_analysis.pl	all_corpus_constraints	1	0	LIVE	15	covering_analysis.pl:missed_transitions/1;covering_analysis.pl:run_phase1/0;covering_analysis.pl:run_phase2/0;gap_diagnostic.pl:run_gap_diagnostic/0;giant_component_analysis.pl:run_phase3/0;giant_component_analysis.pl:run_phase4/0;grothendieck_cohomology.pl:corpus_cohomology/1;inferred_coupling_protocol.pl:run_coupling_protocol/0;invertibility_analysis.pl:enumerate_orbit_families/0;omega1_audit.pl:run_omega1_audit/0;orbit_report.pl:run_orbit_report/0;product_site_export.pl:run_product_export_to/1;quantum_verification_report.pl:query_hub_conflict_vs_h1/0;quantum_verification_report.pl:query_mountain_stability/1;quantum_verification_report.pl:query_restricted_vs_gauge_fixed/0
covering_analysis.pl	cached_grid_sig	2	0	LIVE	7	covering_analysis.pl:covered_by_cell/3;covering_analysis.pl:disagreeing_constraints/3;covering_analysis.pl:full_grid_distinct_pairs/1;covering_analysis.pl:pairwise_agreement/3;covering_analysis.pl:report_minimum_subset/0;covering_analysis.pl:run_phase2/0;covering_analysis.pl:score_all_cells/3
covering_analysis.pl	cell_label	2	0	STATIC_ORPHAN	0	
covering_analysis.pl	cell_short	2	0	LIVE	3	covering_analysis.pl:report_agreement_matrix/0;covering_analysis.pl:report_subset_members/2;covering_analysis.pl:report_tiers/0
covering_analysis.pl	classify_at_interpolated	4	1	LIVE	4	covering_analysis.pl:missed_transitions/1;gap_diagnostic.pl:binary_search_boundary/6;gap_diagnostic.pl:classify_constraint_group/5;gap_diagnostic.pl:scope_sensitivity_at_midpoint/1
covering_analysis.pl	coarse_d_values	1	0	LIVE	4	covering_analysis.pl:is_coarse_d/1;covering_analysis.pl:report_density_heatmap/1;covering_analysis.pl:same_coarse_interval_d/2;covering_analysis.pl:transition_density/2
covering_analysis.pl	coarse_interval_idx	3	0	LIVE	2	covering_analysis.pl:same_coarse_interval_d/2;covering_analysis.pl:same_coarse_interval_s/2
covering_analysis.pl	coarse_interval_idx_	4	0	LIVE	1	covering_analysis.pl:coarse_interval_idx/3
covering_analysis.pl	coarse_sigma_values	1	0	LIVE	4	covering_analysis.pl:is_coarse_sigma/1;covering_analysis.pl:report_density_heatmap/1;covering_analysis.pl:same_coarse_interval_s/2;covering_analysis.pl:transition_density/2
covering_analysis.pl	compute_all_signatures	1	0	LIVE	2	covering_analysis.pl:run_phase1/0;covering_analysis.pl:run_phase2/0
covering_analysis.pl	compute_sigs_loop	3	0	LIVE	1	covering_analysis.pl:compute_all_signatures/1
covering_analysis.pl	covered_by_cell	3	0	LIVE	1	covering_analysis.pl:greedy_cover/4
covering_analysis.pl	d_label	2	0	LIVE	2	covering_analysis.pl:report_density_heatmap/1;covering_analysis.pl:report_dvalue_map/0
covering_analysis.pl	disagreeing_constraints	3	0	LIVE	1	covering_analysis.pl:report_tiers/0
covering_analysis.pl	expanded_d_values	1	0	LIVE	2	covering_analysis.pl:missed_transitions/1;covering_analysis.pl:report_dvalue_map/0
covering_analysis.pl	expanded_sigma_values	1	0	LIVE	2	covering_analysis.pl:missed_transitions/1;covering_analysis.pl:report_dvalue_map/0
covering_analysis.pl	full_grid_distinct_pairs	1	0	LIVE	1	covering_analysis.pl:minimum_discriminating_set/1
covering_analysis.pl	greedy_cover	4	0	LIVE	1	covering_analysis.pl:minimum_discriminating_set/1
covering_analysis.pl	grid_cells	1	0	LIVE	3	covering_analysis.pl:all_cell_pairs/1;covering_analysis.pl:minimum_discriminating_set/1;covering_analysis.pl:report_agreement_matrix/0
covering_analysis.pl	grid_signature	2	1	LIVE	1	covering_analysis.pl:compute_sigs_loop/3
covering_analysis.pl	is_coarse_d	1	0	LIVE	1	covering_analysis.pl:report_dvalue_map/0
covering_analysis.pl	is_coarse_sigma	1	0	LIVE	1	covering_analysis.pl:report_dvalue_map/0
covering_analysis.pl	is_power_transition	1	0	LIVE	1	covering_analysis.pl:report_phase2_transitions/1
covering_analysis.pl	is_scope_transition	1	0	LIVE	1	covering_analysis.pl:report_phase2_transitions/1
covering_analysis.pl	is_tier_a	1	0	LIVE	1	covering_analysis.pl:report_tiers/0
covering_analysis.pl	is_tier_b	1	0	LIVE	1	covering_analysis.pl:report_tiers/0
covering_analysis.pl	minimum_discriminating_set	1	1	LIVE	1	covering_analysis.pl:report_minimum_subset/0
covering_analysis.pl	missed_transitions	1	1	LIVE	1	covering_analysis.pl:report_phase2_transitions/1
covering_analysis.pl	nearest_power_level	2	0	LIVE	1	covering_analysis.pl:classify_at_interpolated/4
covering_analysis.pl	pairwise_agreement	3	1	LIVE	2	covering_analysis.pl:agreement_matrix/1;covering_analysis.pl:report_agreement_matrix/0
covering_analysis.pl	report_agreement_matrix	0	0	LIVE	1	covering_analysis.pl:run_phase1/0
covering_analysis.pl	report_density_heatmap	1	0	LIVE	1	covering_analysis.pl:report_phase2_transitions/1
covering_analysis.pl	report_dvalue_map	0	0	LIVE	1	covering_analysis.pl:run_phase2/0
covering_analysis.pl	report_minimum_subset	0	0	LIVE	1	covering_analysis.pl:run_phase1/0
covering_analysis.pl	report_most_affected	1	0	LIVE	1	covering_analysis.pl:report_phase2_transitions/1
covering_analysis.pl	report_phase1_summary	1	0	LIVE	1	covering_analysis.pl:run_phase1/0
covering_analysis.pl	report_phase2_transitions	1	0	LIVE	1	covering_analysis.pl:run_phase2/0
covering_analysis.pl	report_recommendation	5	0	LIVE	1	covering_analysis.pl:report_phase2_transitions/1
covering_analysis.pl	report_subset_members	2	0	LIVE	1	covering_analysis.pl:report_minimum_subset/0
covering_analysis.pl	report_tiers	0	0	LIVE	1	covering_analysis.pl:run_phase1/0
covering_analysis.pl	report_top_affected	3	0	LIVE	1	covering_analysis.pl:report_most_affected/1
covering_analysis.pl	run_covering_analysis	0	1	ENTRYPOINT_CLI	0	
covering_analysis.pl	run_phase1	0	1	LIVE	2	covering_analysis.pl:run_covering_analysis/0;giant_component_analysis.pl:run_giant_component_analysis/0
covering_analysis.pl	run_phase2	0	1	LIVE	2	covering_analysis.pl:run_covering_analysis/0;giant_component_analysis.pl:run_giant_component_analysis/0
covering_analysis.pl	same_coarse_interval_d	2	0	LIVE	1	covering_analysis.pl:missed_transitions/1
covering_analysis.pl	same_coarse_interval_s	2	0	LIVE	1	covering_analysis.pl:missed_transitions/1
covering_analysis.pl	score_all_cells	3	0	LIVE	1	covering_analysis.pl:greedy_cover/4
covering_analysis.pl	sigma_label	2	0	LIVE	2	covering_analysis.pl:report_density_heatmap/1;covering_analysis.pl:report_dvalue_map/0
covering_analysis.pl	sigma_to_scope_atom	2	0	LIVE	1	covering_analysis.pl:classify_at_interpolated/4
covering_analysis.pl	transition_density	2	0	LIVE	1	covering_analysis.pl:report_density_heatmap/1
covering_analysis.pl	type_at_cell	4	0	LIVE	4	covering_analysis.pl:covered_by_cell/3;covering_analysis.pl:disagreeing_constraints/3;covering_analysis.pl:pairwise_agreement/3;covering_analysis.pl:score_all_cells/3
cs_axiom_engine.pl	:	2	0	STATIC_ORPHAN	0	
cs_axiom_engine.pl	cs_axiom_foreclosed	2	1	LIVE	6	cs_corpus_analysis.pl:cs_trifurcation_profile/0;cs_drift_mismatch.pl:cs_any_foreclosed/3;cs_trifurcation.pl:kernel_has_foreclosure/1;json_report.pl:write_per_constraint_entry/4;json_report.pl:write_reading_comparison_entry/3;json_report.pl:write_validation_object/2
cs_axiom_engine.pl	cs_axiom_inconsistent	2	1	STATIC_ORPHAN	0	
cs_axiom_engine.pl	cs_has_axioms	1	1	STATIC_ORPHAN	0	
cs_axiom_engine.pl	cs_kernel_axiom_conflict	4	1	LIVE	3	cs_corpus_analysis.pl:cs_trifurcation_profile/0;json_report.pl:write_kernel_comparison_entry/3;json_report.pl:write_validation_object/2
cs_corpus_analysis.pl	all_cs_patterns	1	0	LIVE	1	cs_corpus_analysis.pl:cs_corpus_distribution/0
cs_corpus_analysis.pl	cs_corpus_distribution	0	1	LIVE	1	cs_corpus_analysis.pl:run_cs_corpus_analysis/0
cs_corpus_analysis.pl	cs_corpus_distribution	1	1	LIVE	1	cs_corpus_analysis.pl:cs_corpus_distribution/0
cs_corpus_analysis.pl	cs_trifurcation_profile	0	1	LIVE	1	cs_corpus_analysis.pl:run_cs_corpus_analysis/0
cs_corpus_analysis.pl	run_cs_corpus_analysis	0	1	ENTRYPOINT_CLI	0	
cs_drift_engine.pl	cs_drift_trajectory	3	1	LIVE	5	cs_corpus_analysis.pl:cs_trifurcation_profile/0;cs_drift_mismatch.pl:cs_any_foreclosed/3;json_report.pl:write_per_constraint_entry/4;json_report.pl:write_reading_comparison_entry/3;json_report.pl:write_validation_object/2
cs_drift_engine.pl	cs_terminal_attractor	4	0	LIVE	1	cs_drift_engine.pl:cs_drift_trajectory/3
cs_drift_mismatch.pl	count_source	3	0	LIVE	1	cs_drift_mismatch.pl:run_drift_mismatch_report/0
cs_drift_mismatch.pl	count_source_prefix	3	0	LIVE	1	cs_drift_mismatch.pl:run_drift_mismatch_report/0
cs_drift_mismatch.pl	cs_any_foreclosed	3	0	LIVE	1	cs_drift_mismatch.pl:cs_drift_mismatch/2
cs_drift_mismatch.pl	cs_drift_mismatch	2	1	LIVE	2	cs_drift_mismatch.pl:run_drift_mismatch_report/0;json_report.pl:write_reading_comparison_entry/3
cs_drift_mismatch.pl	cs_is_metric_stable	1	0	LIVE	1	cs_drift_mismatch.pl:cs_drift_mismatch/2
cs_drift_mismatch.pl	run_drift_mismatch_report	0	1	ENTRYPOINT_CLI	0	
cs_kernel_registry.pl	:	2	0	STATIC_ORPHAN	0	
cs_kernel_registry.pl	abstained_summary	2	0	LIVE	1	cs_kernel_registry.pl:divergence_pattern_list/4
cs_kernel_registry.pl	compare_kernel_readings	3	1	LIVE	1	json_report.pl:write_reading_robustness/2
cs_kernel_registry.pl	consensus_shift	3	0	LIVE	1	cs_kernel_registry.pl:cross_kernel_stance_profile/2
cs_kernel_registry.pl	cross_kernel_stance_export	1	1	STATIC_ORPHAN	0	
cs_kernel_registry.pl	cross_kernel_stance_profile	2	1	LIVE	2	cs_kernel_registry.pl:cross_kernel_stance_report/0;cs_kernel_registry.pl:stance_profile_dict/2
cs_kernel_registry.pl	cross_kernel_stance_report	0	1	ENTRYPOINT_CLI	0	
cs_kernel_registry.pl	cs_kernel_coverage	2	1	LIVE	2	probe_oq119_axiom_degenerate.pl:main/0;probe_oq119_gate0_controls.pl:report_divergence/1
cs_kernel_registry.pl	cs_kernel_divergence	4	1	LIVE	6	cs_corpus_analysis.pl:cs_trifurcation_profile/0;export_oq119_corpus_join.pl:axiom_axis/2;json_report.pl:write_kernel_comparison_entry/3;json_report.pl:write_validation_object/2;probe_oq119_axiom_degenerate.pl:main/0;probe_oq119_gate0_controls.pl:report_divergence/1
cs_kernel_registry.pl	cs_kernel_obstruction	4	1	LIVE	1	cs_kernel_registry.pl:cs_kernel_obstruction_status/2
cs_kernel_registry.pl	cs_kernel_obstruction_report	0	1	ENTRYPOINT_CLI	0	
cs_kernel_registry.pl	cs_kernel_obstruction_status	2	1	LIVE	6	cs_kernel_registry.pl:cs_kernel_obstruction_report/0;cs_trifurcation.pl:cs_reading_trifurcation/3;export_oq119_corpus_join.pl:axiom_axis/2;kernel_orbit_export.pl:run_kernel_orbit_export_to/1;probe_oq119_axiom_degenerate.pl:main/0;probe_oq119_gate0_controls.pl:report_divergence/1
cs_kernel_registry.pl	cs_reading_relation_unresolved	4	1	STATIC_ORPHAN	0	
cs_kernel_registry.pl	cs_readings_for_kernel	2	1	LIVE	12	cs_axiom_engine.pl:cs_kernel_axiom_conflict/4;cs_kernel_registry.pl:compare_kernel_readings/3;cs_kernel_registry.pl:cs_kernel_coverage/2;cs_kernel_registry.pl:cs_kernel_divergence/4;cs_kernel_registry.pl:cs_kernel_obstruction/4;cs_kernel_registry.pl:cs_kernel_obstruction_status/2;cs_kernel_registry.pl:cs_reading_relation_unresolved/4;cs_trifurcation.pl:kernel_has_drift/1;cs_trifurcation.pl:kernel_has_foreclosure/1;json_report.pl:write_kernel_comparison_entry/3;json_report.pl:write_reading_robustness/2;json_report.pl:write_validation_object/2
cs_kernel_registry.pl	ctx_reading_verdict	2	1	LIVE	1	cs_kernel_registry.pl:compare_kernel_readings/3
cs_kernel_registry.pl	declared_stance	2	1	LIVE	2	cs_kernel_registry.pl:present_declared_stances/1;cs_kernel_registry.pl:reading_stance/2
cs_kernel_registry.pl	divergence_pattern_list	4	1	LIVE	1	json_report.pl:write_reading_robustness/2
cs_kernel_registry.pl	hist_dict	2	0	LIVE	1	cs_kernel_registry.pl:stance_profile_dict/2
cs_kernel_registry.pl	is_real_type	1	0	LIVE	9	cs_kernel_registry.pl:cs_kernel_divergence/4;cs_kernel_registry.pl:pair_reading_agreement/7;cs_kernel_registry.pl:real_submap_key/2;cs_kernel_registry.pl:real_typemap/2;grothendieck_cohomology.pl:constraint_contextuality/2;grothendieck_cohomology.pl:count_disagreeing_pairs/2;grothendieck_cohomology.pl:obstruction_from_vector/3;product_site_export.pl:count_differs/3;product_site_export.pl:write_one_entry/5
cs_kernel_registry.pl	member_info_dict	2	0	LIVE	1	cs_kernel_registry.pl:stance_profile_dict/2
cs_kernel_registry.pl	modal_majority	3	0	LIVE	1	cs_kernel_registry.pl:position_consensus/5
cs_kernel_registry.pl	pair_reading_agreement	7	1	LIVE	1	cs_kernel_registry.pl:compare_kernel_readings/3
cs_kernel_registry.pl	partition_by_pattern	4	0	LIVE	1	cs_kernel_registry.pl:cross_kernel_stance_profile/2
cs_kernel_registry.pl	pattern_to_list	2	0	LIVE	1	cs_kernel_registry.pl:stance_profile_dict/2
cs_kernel_registry.pl	pos_match	2	0	LIVE	1	cs_kernel_registry.pl:shift_matches_pattern/2
cs_kernel_registry.pl	position_consensus	5	0	LIVE	1	cs_kernel_registry.pl:consensus_shift/3
cs_kernel_registry.pl	present_declared_stances	1	0	LIVE	2	cs_kernel_registry.pl:cross_kernel_stance_export/1;cs_kernel_registry.pl:cross_kernel_stance_report/0
cs_kernel_registry.pl	reading_local_stem	2	0	LIVE	1	cs_kernel_registry.pl:stance_morphology_candidate/2
cs_kernel_registry.pl	reading_stance	2	1	LIVE	1	cs_kernel_registry.pl:stance_cohort/2
cs_kernel_registry.pl	real_submap_key	2	0	LIVE	1	cs_kernel_registry.pl:divergence_pattern_list/4
cs_kernel_registry.pl	real_typemap	2	0	LIVE	1	cs_kernel_registry.pl:ctx_reading_verdict/2
cs_kernel_registry.pl	runs	2	0	LIVE	3	cs_kernel_registry.pl:abstained_summary/2;cs_kernel_registry.pl:modal_majority/3;cs_kernel_registry.pl:shift_histogram/2
cs_kernel_registry.pl	shift_histogram	2	0	LIVE	1	cs_kernel_registry.pl:cross_kernel_stance_profile/2
cs_kernel_registry.pl	shift_matches_pattern	2	0	LIVE	1	cs_kernel_registry.pl:partition_by_pattern/4
cs_kernel_registry.pl	shift_to_list	2	0	LIVE	2	cs_kernel_registry.pl:hist_dict/2;cs_kernel_registry.pl:member_info_dict/2
cs_kernel_registry.pl	stance_cohort	2	1	LIVE	1	cs_kernel_registry.pl:cross_kernel_stance_profile/2
cs_kernel_registry.pl	stance_member_provenance	3	1	LIVE	1	cs_kernel_registry.pl:cross_kernel_stance_profile/2
cs_kernel_registry.pl	stance_morphology_candidate	2	0	LIVE	1	cs_kernel_registry.pl:stance_member_provenance/3
cs_kernel_registry.pl	stance_profile_dict	2	0	LIVE	1	cs_kernel_registry.pl:cross_kernel_stance_export/1
cs_kernel_registry.pl	stance_stem	2	0	LIVE	1	cs_kernel_registry.pl:stance_morphology_candidate/2
cs_kernel_registry.pl	stance_verdict	5	0	LIVE	1	cs_kernel_registry.pl:cross_kernel_stance_profile/2
cs_kernel_registry.pl	take_prefix	3	0	LIVE	1	cs_kernel_registry.pl:divergence_pattern_list/4
cs_kernel_registry.pl	take_run	5	0	LIVE	1	cs_kernel_registry.pl:runs/2
cs_kernel_registry.pl	verdict_unknown_count	2	1	LIVE	1	json_report.pl:write_reading_robustness/2
cs_kernel_registry.pl	wild_or	2	0	LIVE	1	cs_kernel_registry.pl:pattern_to_list/2
cs_pattern_detection.pl	:	2	0	STATIC_ORPHAN	0	
cs_pattern_detection.pl	cs_authority_grounding	2	0	LIVE	6	cs_pattern_detection.pl:cs_authority_masking/3;cs_pattern_detection.pl:cs_cover_story_active/2;cs_pattern_detection.pl:cs_displaced_beneficiary/1;cs_pattern_detection.pl:cs_grounding_mismatch/3;cs_pattern_detection.pl:cs_naturalized_mountain/1;cs_pattern_detection.pl:cs_pattern/3
cs_pattern_detection.pl	cs_authority_masking	3	1	LIVE	1	cs_corpus_analysis.pl:run_cs_corpus_analysis/0
cs_pattern_detection.pl	cs_classify	5	0	LIVE	1	cs_pattern_detection.pl:cs_pattern/3
cs_pattern_detection.pl	cs_cover_story_active	2	1	LIVE	1	cs_corpus_analysis.pl:run_cs_corpus_analysis/0
cs_pattern_detection.pl	cs_displaced_beneficiary	1	1	LIVE	1	cs_corpus_analysis.pl:run_cs_corpus_analysis/0
cs_pattern_detection.pl	cs_drift_unacknowledged	2	1	LIVE	5	cs_corpus_analysis.pl:cs_trifurcation_profile/0;cs_trifurcation.pl:kernel_has_drift/1;json_report.pl:write_per_constraint_entry/4;json_report.pl:write_reading_comparison_entry/3;json_report.pl:write_validation_object/2
cs_pattern_detection.pl	cs_extraction_signature	1	0	LIVE	3	cs_pattern_detection.pl:cs_authority_masking/3;cs_pattern_detection.pl:cs_cover_story_active/2;cs_pattern_detection.pl:cs_grounding_contradiction/2
cs_pattern_detection.pl	cs_grounding_contradiction	2	0	LIVE	1	cs_pattern_detection.pl:cs_grounding_mismatch/3
cs_pattern_detection.pl	cs_grounding_mismatch	3	1	LIVE	1	json_report.pl:write_validation_object/2
cs_pattern_detection.pl	cs_has_fields	1	1	LIVE	5	cs_pattern_detection.pl:cs_displaced_beneficiary/1;cs_pattern_detection.pl:cs_naturalized_mountain/1;cs_pattern_detection.pl:cs_pattern/3;json_report.pl:tally_cs_patterns/5;json_report.pl:write_per_constraint_entry/4
cs_pattern_detection.pl	cs_interp_layer	1	0	LIVE	1	cs_pattern_detection.pl:cs_classify/5
cs_pattern_detection.pl	cs_kernel_codification	2	0	LIVE	8	cs_corpus_analysis.pl:cs_corpus_distribution/0;cs_corpus_analysis.pl:cs_corpus_distribution/1;cs_pattern_detection.pl:cs_authority_masking/3;cs_pattern_detection.pl:cs_cover_story_active/2;cs_pattern_detection.pl:cs_displaced_beneficiary/1;cs_pattern_detection.pl:cs_grounding_mismatch/3;cs_pattern_detection.pl:cs_has_fields/1;cs_pattern_detection.pl:cs_pattern/3
cs_pattern_detection.pl	cs_naturalized_mountain	1	1	STATIC_ORPHAN	0	
cs_pattern_detection.pl	cs_pattern	3	1	LIVE	5	cs_corpus_analysis.pl:cs_corpus_distribution/1;cs_pattern_detection.pl:cs_pattern_is/2;json_report.pl:tally_cs_patterns/5;json_report.pl:write_per_constraint_entry/4;json_report.pl:write_reading_comparison_entry/3
cs_pattern_detection.pl	cs_pattern_is	2	0	LIVE	1	cs_pattern_detection.pl:cs_verdict/2
cs_pattern_detection.pl	cs_verdict	2	1	LIVE	3	cs_pattern_detection.pl:cs_cover_story_active/2;json_report.pl:tally_cs_patterns/5;json_report.pl:write_per_constraint_entry/4
cs_trifurcation.pl	cs_reading_trifurcation	3	1	LIVE	2	cs_trifurcation.pl:cs_trifurcation_report/0;json_report.pl:write_kernel_comparison_entry/3
cs_trifurcation.pl	cs_trifurcation_report	0	1	ENTRYPOINT_CLI	0	
cs_trifurcation.pl	kernel_has_drift	1	0	LIVE	1	cs_trifurcation.pl:trif_dispatch/4
cs_trifurcation.pl	kernel_has_foreclosure	1	0	LIVE	1	cs_trifurcation.pl:trif_dispatch/4
cs_trifurcation.pl	trif_dispatch	4	0	LIVE	1	cs_trifurcation.pl:cs_reading_trifurcation/3
data_repair.pl	:	2	0	STATIC_ORPHAN	0	
data_repair.pl	acc_has	2	0	LIVE	4	data_repair.pl:bridge_beneficiary_victim_pure/3;data_repair.pl:bridge_constraint_claim_pure/3;data_repair.pl:bridge_scaffold_markers_pure/3;data_repair.pl:bridge_single_metric_pure/5
data_repair.pl	bridge_beneficiary_victim_pure	3	0	LIVE	1	data_repair.pl:bridge_v34_data/2
data_repair.pl	bridge_constraint_claim_pure	3	0	LIVE	1	data_repair.pl:bridge_v34_data/2
data_repair.pl	bridge_domain_metrics_pure	3	0	LIVE	1	data_repair.pl:bridge_v34_data/2
data_repair.pl	bridge_scaffold_markers_pure	3	0	LIVE	1	data_repair.pl:bridge_v34_data/2
data_repair.pl	bridge_single_metric_pure	5	0	LIVE	1	data_repair.pl:bridge_domain_metrics_pure/3
data_repair.pl	bridge_v34_data	2	1	LIVE	2	data_repair.pl:repair_interval/1;data_repair.pl:repair_interval/2
data_repair.pl	get_default_metric	2	0	LIVE	1	data_repair.pl:bridge_single_metric_pure/5
data_repair.pl	grid_provenance	2	1	LIVE	4	data_repair.pl:report_grid_provenance/1;diagnostic_summary.pl:verdict_join/3;intent_engine.pl:analyze_intent/1;report_generator.pl:generate_full_report/1
data_repair.pl	impute_missing_metrics	2	1	LIVE	2	data_repair.pl:repair_interval/1;data_repair.pl:repair_interval/2
data_repair.pl	persist_bridge_results	1	1	LIVE	1	data_repair.pl:repair_interval/1
data_repair.pl	persist_single	1	0	LIVE	1	data_repair.pl:persist_bridge_results/1
data_repair.pl	repair_interval	1	1	LIVE	1	scenario_manager.pl:load_and_run/2
data_repair.pl	repair_interval	2	1	STATIC_ORPHAN	0	
data_repair.pl	report_grid_provenance	1	0	LIVE	1	data_repair.pl:repair_interval/1
data_repair.pl	source_class	2	0	LIVE	2	data_repair.pl:grid_provenance/2;diagnostic_summary.pl:measurement_provenance/2
data_repair.pl	stray_injected_count	2	0	LIVE	1	data_repair.pl:report_grid_provenance/1
data_repair.pl	temp_assert_metrics	2	0	LIVE	1	data_repair.pl:bridge_constraint_claim_pure/3
data_repair.pl	temp_retract_metrics	1	0	LIVE	1	data_repair.pl:bridge_constraint_claim_pure/3
data_validation.pl	agent_surface_present	1	0	LIVE	2	data_validation.pl:is_complete_constraint/1;data_validation.pl:report_incomplete_constraint/1
data_validation.pl	infer_expected_type	2	0	LIVE	1	data_validation.pl:validate_classification_consistency/0
data_validation.pl	is_complete_constraint	1	0	LIVE	1	data_validation.pl:validate_constraint_completeness/0
data_validation.pl	report_classification_inconsistency	3	0	LIVE	1	data_validation.pl:validate_classification_consistency/0
data_validation.pl	report_incomplete_constraint	1	0	LIVE	1	data_validation.pl:validate_constraint_completeness/0
data_validation.pl	valid_metric_range	2	0	LIVE	1	data_validation.pl:validate_metric_ranges/0
data_validation.pl	validate_all	0	1	LIVE	1	validation_suite.pl:run_dynamic_suite/0
data_validation.pl	validate_classification_consistency	0	1	LIVE	1	data_validation.pl:validate_all/0
data_validation.pl	validate_constraint_completeness	0	1	LIVE	1	data_validation.pl:validate_all/0
data_validation.pl	validate_domain_coverage	0	1	LIVE	1	data_validation.pl:validate_all/0
data_validation.pl	validate_edge_cases	0	1	LIVE	1	data_validation.pl:validate_all/0
data_validation.pl	validate_metric_ranges	0	1	LIVE	1	data_validation.pl:validate_all/0
data_validation.pl	validation_error	3	0	LIVE	1	data_validation.pl:validation_summary/0
data_validation.pl	validation_info	2	0	LIVE	1	data_validation.pl:validation_summary/0
data_validation.pl	validation_summary	0	1	LIVE	1	data_validation.pl:validate_all/0
data_validation.pl	validation_warning	3	0	LIVE	1	data_validation.pl:validation_summary/0
data_verification.pl	check_constraint_pairing	1	0	LIVE	1	data_verification.pl:check_paired_measurements/0
data_verification.pl	check_paired_measurements	0	1	LIVE	2	data_verification.pl:verify_all/0;test_harness.pl:run_all_tests/2
data_verification.pl	diagnose_unknown	1	1	STATIC_ORPHAN	0	
data_verification.pl	verify_all	0	1	LIVE	1	test_harness.pl:run_all_tests/2
data_verification.pl	verify_intent_logic	0	0	LIVE	1	data_verification.pl:verify_all/0
data_verification.pl	verify_interval_completeness	1	1	LIVE	1	data_verification.pl:verify_structure/0
data_verification.pl	verify_measurements	0	0	LIVE	1	data_verification.pl:verify_all/0
data_verification.pl	verify_structure	0	0	LIVE	1	data_verification.pl:verify_all/0
data_verification.pl	verify_vector_at	3	0	LIVE	1	data_verification.pl:verify_interval_completeness/1
diagnostic_summary.pl	all_patterns	1	0	LIVE	1	diagnostic_summary.pl:diagnostic_selftest/0
diagnostic_summary.pl	all_subsystems	1	0	LIVE	2	diagnostic_summary.pl:collect_signals/4;diagnostic_summary.pl:diagnostic_summary/2
diagnostic_summary.pl	alternative_type_from_detail	2	0	LIVE	2	diagnostic_summary.pl:count_convergent_rejections/3;diagnostic_summary.pl:tension_in_convergent/2
diagnostic_summary.pl	check_patterns	5	0	LIVE	1	diagnostic_summary.pl:diagnostic_selftest/0
diagnostic_summary.pl	classify_all_signals	6	0	LIVE	1	diagnostic_summary.pl:diagnostic_summary/2
diagnostic_summary.pl	classify_signals_acc	9	0	LIVE	1	diagnostic_summary.pl:classify_all_signals/6
diagnostic_summary.pl	collect_signals	4	0	LIVE	2	diagnostic_summary.pl:diagnostic_summary/2;diagnostic_summary.pl:pattern_fires_on_corpus/1
diagnostic_summary.pl	compute_psi	3	0	STATIC_ORPHAN	0	
diagnostic_summary.pl	compute_verdict	4	0	LIVE	1	diagnostic_summary.pl:diagnostic_summary/2
diagnostic_summary.pl	constructed_type	1	0	LIVE	1	diagnostic_summary.pl:expected_conflict_pattern/6
diagnostic_summary.pl	convergent_pair	1	0	LIVE	1	diagnostic_summary.pl:count_convergent_rejections/3
diagnostic_summary.pl	count_convergent_rejections	3	0	LIVE	1	diagnostic_summary.pl:diagnostic_summary/2
diagnostic_summary.pl	count_run_ds	4	0	LIVE	1	diagnostic_summary.pl:run_length_encode_ds/2
diagnostic_summary.pl	diagnostic_selftest	0	1	ENTRYPOINT_CLI	0	
diagnostic_summary.pl	diagnostic_summary	2	1	LIVE	4	export_oq119_corpus_join.pl:axiom_axis/2;json_report.pl:write_diagnostic_verdict/2;json_report.pl:write_per_constraint_entry/4;probe_oq35_field_counterfactual.pl:observe/2
diagnostic_summary.pl	diagnostic_verdict	2	1	STATIC_ORPHAN	0	
diagnostic_summary.pl	dirac_consistent	2	0	LIVE	1	diagnostic_summary.pl:probe_dirac/3
diagnostic_summary.pl	ds_extractive_void	1	0	LIVE	1	diagnostic_summary.pl:probe_fingerprint_voids/3
diagnostic_summary.pl	ds_subsystem_available	1	0	LIVE	2	diagnostic_summary.pl:collect_signals/4;diagnostic_summary.pl:diagnostic_summary/2
diagnostic_summary.pl	entropy_acc	3	0	LIVE	2	diagnostic_summary.pl:shannon_entropy_raw/2;maxent_classifier.pl:shannon_entropy/2
diagnostic_summary.pl	expected_abductive_trigger	2	0	LIVE	1	diagnostic_summary.pl:probe_abductive/4
diagnostic_summary.pl	expected_conflict_pattern	6	0	LIVE	2	diagnostic_summary.pl:classify_signals_acc/9;diagnostic_summary.pl:pattern_fires_on_corpus/1
diagnostic_summary.pl	join_alerts	2	0	LIVE	1	diagnostic_summary.pl:verdict_join/3
diagnostic_summary.pl	max_badness	2	0	LIVE	1	diagnostic_summary.pl:verdict_join/3
diagnostic_summary.pl	maxent_attempted	1	0	LIVE	1	diagnostic_summary.pl:maxent_stage_attempted_but_void/2
diagnostic_summary.pl	maxent_stage_attempted_but_void	2	0	LIVE	1	diagnostic_summary.pl:maxent_void_alerts/1
diagnostic_summary.pl	maxent_void_alerts	1	0	LIVE	1	diagnostic_summary.pl:verdict_join/3
diagnostic_summary.pl	measurement_provenance	2	0	LIVE	1	diagnostic_summary.pl:verdict_join/3
diagnostic_summary.pl	mismatch_source	2	0	LIVE	1	diagnostic_summary.pl:join_alerts/2
diagnostic_summary.pl	pattern_fires_on_corpus	1	0	LIVE	1	diagnostic_summary.pl:check_patterns/5
diagnostic_summary.pl	probe_abductive	4	0	LIVE	1	diagnostic_summary.pl:run_probe/5
diagnostic_summary.pl	probe_boltzmann	3	0	LIVE	1	diagnostic_summary.pl:run_probe/5
diagnostic_summary.pl	probe_cohomology	3	0	LIVE	1	diagnostic_summary.pl:run_probe/5
diagnostic_summary.pl	probe_context_gap	4	0	LIVE	1	diagnostic_summary.pl:run_probe/5
diagnostic_summary.pl	probe_dirac	3	0	LIVE	1	diagnostic_summary.pl:run_probe/5
diagnostic_summary.pl	probe_drift	3	0	LIVE	1	diagnostic_summary.pl:run_probe/5
diagnostic_summary.pl	probe_fcr_gate	3	0	LIVE	1	diagnostic_summary.pl:run_probe/5
diagnostic_summary.pl	probe_fingerprint_voids	3	0	LIVE	1	diagnostic_summary.pl:run_probe/5
diagnostic_summary.pl	probe_gauge_orbit	3	0	LIVE	1	diagnostic_summary.pl:run_probe/5
diagnostic_summary.pl	probe_maxent	4	0	LIVE	1	diagnostic_summary.pl:run_probe/5
diagnostic_summary.pl	probe_purity	3	0	LIVE	1	diagnostic_summary.pl:run_probe/5
diagnostic_summary.pl	probe_signature	3	0	LIVE	1	diagnostic_summary.pl:run_probe/5
diagnostic_summary.pl	run_length_encode_ds	2	0	LIVE	1	diagnostic_summary.pl:count_convergent_rejections/3
diagnostic_summary.pl	run_probe	5	0	LIVE	1	diagnostic_summary.pl:collect_signals/4
diagnostic_summary.pl	severity_floor	2	0	LIVE	1	diagnostic_summary.pl:verdict_join/3
diagnostic_summary.pl	shannon_entropy_raw	2	0	STATIC_ORPHAN	0	
diagnostic_summary.pl	tension_in_convergent	2	0	LIVE	1	diagnostic_summary.pl:count_convergent_rejections/3
diagnostic_summary.pl	verdict_badness	2	0	LIVE	1	diagnostic_summary.pl:max_badness/2
diagnostic_summary.pl	verdict_join	3	1	LIVE	3	export_oq119_corpus_join.pl:axiom_axis/2;json_report.pl:write_verdict_join/3;probe_oq35_field_counterfactual.pl:observe/2
dirac_classification.pl	consistency_violations	2	1	STATIC_ORPHAN	0	
dirac_classification.pl	describe_freedom	4	0	LIVE	1	dirac_classification.pl:gauge_freedom/3
dirac_classification.pl	dirac_class	2	1	STATIC_ORPHAN	0	
dirac_classification.pl	dirac_class	3	1	LIVE	4	diagnostic_summary.pl:probe_dirac/3;dirac_classification.pl:dirac_class/2;dirac_classification.pl:full_dirac_report/3;dirac_classification.pl:gauge_freedom/3
dirac_classification.pl	full_dirac_report	3	1	STATIC_ORPHAN	0	
dirac_classification.pl	gauge_fixed	3	1	LIVE	2	dirac_classification.pl:full_dirac_report/3;quantum_verification_report.pl:query_restricted_vs_gauge_fixed/0
dirac_classification.pl	gauge_freedom	3	1	LIVE	1	dirac_classification.pl:full_dirac_report/3
dirac_classification.pl	gauge_orbit	2	1	LIVE	17	abductive_triggers.pl:trigger_confirmed_liminal/3;abductive_triggers.pl:trigger_coverage_gap/3;abductive_triggers.pl:trigger_hub_conflict/3;context_profile_mining.pl:build_trajectory_summary/2;context_profile_mining.pl:compute_isomorphism_evidence/3;context_profile_report.pl:report_constraint_family_row/2;context_profile_report.pl:report_orbit_refinement/1;diagnostic_summary.pl:probe_gauge_orbit/3;dirac_classification.pl:full_dirac_report/3;dirac_classification.pl:preserved_under_context_shift/2;fingerprint_report.pl:orbit_sig_for/2;genuine_findings_query.pl:profile_hypothesis/2;invertibility_analysis.pl:constraint_orbit_signature/2;maxent_diagnostic.pl:has_multi_type_orbit/1;maxent_diagnostic.pl:task4_non_overlapping/1;maxent_report.pl:dirac_orbit_multi_type/2;orbit_report.pl:compute_one_orbit/2
dirac_classification.pl	preserved_under_context_shift	2	1	LIVE	6	abductive_triggers.pl:trigger_metric_structural_divergence/3;context_profile_mining.pl:build_trajectory_summary/2;dirac_classification.pl:consistency_violations/2;dirac_classification.pl:full_dirac_report/3;genuine_findings_query.pl:profile_hypothesis/2;quantum_verification_report.pl:query_mountain_stability/1
dirac_classification.pl	score_to_separability	2	0	LIVE	1	dirac_classification.pl:type_to_dirac_class/4
dirac_classification.pl	type_to_dirac_class	4	0	LIVE	1	dirac_classification.pl:dirac_class/3
domain_priors.pl	:	2	0	STATIC_ORPHAN	0	
domain_priors.pl	base_extractiveness	2	0	LIVE	39	abductive_triggers.pl:trigger_mountain_extraction_accumulation/3;arakelov_height.pl:arakelov_height_pair/3;constraint_indexing.pl:get_true_metric/3;constraint_instances.pl:constraint_classification/3;data_validation.pl:infer_expected_type/2;data_validation.pl:is_complete_constraint/1;data_validation.pl:report_classification_inconsistency/3;data_validation.pl:report_incomplete_constraint/1;data_validation.pl:validate_edge_cases/0;domain_priors.pl:infer_category_from_priors/2;domain_priors.pl:is_known_domain/1;drl_core.pl:dr_type_with_d/4;drl_core.pl:is_mountain/3;drl_core.pl:is_piton/3;drl_core.pl:is_rope/3;drl_core.pl:is_scaffold/3;drl_core.pl:is_snare/3;drl_core.pl:is_tangled_rope/3;drl_core.pl:metric_based_type_indexed/3;genuine_findings_query.pl:profile_hypothesis/2;invertibility_analysis.pl:check_gate_priority_shadow/3;invertibility_analysis.pl:check_signature_divergence/3;json_report.pl:write_one_perspective_chi/4;json_report.pl:write_per_constraint_entry/4;logical_fingerprint.pl:fingerprint_zone/2;logical_fingerprint.pl:structural_void/2;maxent_classifier.pl:get_constraint_metrics/4;maxent_classifier.pl:metric_value/3;maxent_diagnostic.pl:task1_missing_constraints/1;maxent_diagnostic.pl:task3_hard_disagreements/1;maxent_diagnostic.pl:task4_non_overlapping/1;maxent_diagnostic.pl:task5_gaussian_profiles/1;quantum_verification_report.pl:query_hub_conflict_vs_h1/0;quantum_verification_report.pl:query_mountain_stability/1;report_generator.pl:compute_chi_v6/6;signature_detection.pl:false_summit_mountain/2;test_harness.pl:quick_check/1;test_harness.pl:report_scope_effect/1;utils.pl:safe_get_extractiveness/4
domain_priors.pl	category_of	2	1	LIVE	14	constraint_bridge.pl:check_for_social_twins/2;data_validation.pl:is_complete_constraint/1;data_validation.pl:report_incomplete_constraint/1;data_validation.pl:validate_domain_coverage/0;domain_priors.pl:get_prior/3;domain_priors.pl:should_be_natural_law/1;domain_priors.pl:validate_signature/2;isomorphism_engine.pl:generate_cross_domain_index/1;isomorphism_report.pl:generate_high_risk_index/0;isomorphism_report.pl:generate_isomorphism_report/0;json_report.pl:write_per_constraint_entry/4;report_generator.pl:cross_domain_audit/0;utils.pl:debug_constraint/1;utils.pl:safe_get_category/3
domain_priors.pl	category_profile	2	0	LIVE	1	domain_priors.pl:get_prior/3
domain_priors.pl	emerges_naturally	1	0	LIVE	14	cs_pattern_detection.pl:cs_verdict/2;drl_core.pl:classify_from_metrics/6;drl_core.pl:natural_law_without_beneficiary/1;gap_diagnostic.pl:cache_gap_profile/4;invertibility_analysis.pl:extract_pipeline_invariants/2;json_report.pl:write_per_constraint_entry/4;logical_fingerprint.pl:structural_property_holds/2;logical_fingerprint.pl:structural_void/2;maxent_classifier.pl:eval_boolean_feature/3;omega1_audit.pl:compute_one_profile/2;quantum_verification_report.pl:query_hub_conflict_vs_h1/0;signature_detection.pl:constraint_signature/2;signature_detection.pl:false_summit_mountain/2;signature_detection.pl:nl_certification_chain/1
domain_priors.pl	expected_signature	2	1	LIVE	2	domain_priors.pl:should_be_natural_law/1;domain_priors.pl:validate_signature/2
domain_priors.pl	flag_novelty	1	1	STATIC_ORPHAN	0	
domain_priors.pl	get_prior	3	1	STATIC_ORPHAN	0	
domain_priors.pl	infer_category_from_priors	2	0	STATIC_ORPHAN	0	
domain_priors.pl	is_known_domain	1	1	LIVE	1	domain_priors.pl:flag_novelty/1
domain_priors.pl	map_metric_to_hook	2	0	LIVE	1	domain_priors.pl:get_prior/3
domain_priors.pl	map_metric_to_vector_pos	3	0	LIVE	1	domain_priors.pl:get_prior/3
domain_priors.pl	requires_active_enforcement	1	0	LIVE	17	constraint_instances.pl:constraint_classification/3;cs_pattern_detection.pl:cs_verdict/2;domain_priors.pl:infer_category_from_priors/2;drl_core.pl:classify_from_metrics/6;drl_core.pl:natural_law_without_beneficiary/1;drl_core.pl:scaffold_temporality_check/1;gap_diagnostic.pl:cache_gap_profile/4;invertibility_analysis.pl:extract_pipeline_invariants/2;json_report.pl:write_per_constraint_entry/4;logical_fingerprint.pl:structural_property_holds/2;logical_fingerprint.pl:structural_void/2;maxent_classifier.pl:eval_boolean_feature/3;metric_drift_events.pl:detect_is_piton/1;metric_drift_events.pl:drift_event/3;narrative_ontology.pl:is_tangled_rope/1;omega1_audit.pl:compute_one_profile/2;omega1_audit.pl:scaffold_temporality_check_audit/1
domain_priors.pl	should_be_natural_law	1	1	STATIC_ORPHAN	0	
domain_priors.pl	suppression_score	2	0	LIVE	1	domain_priors.pl:is_known_domain/1
domain_priors.pl	validate_signature	2	1	STATIC_ORPHAN	0	
domain_priors_expanded.pl	category_corpus_profile	2	1	LIVE	2	domain_priors_expanded.pl:default_extractiveness/2;domain_priors_expanded.pl:default_suppression/2
domain_priors_expanded.pl	default_extractiveness	2	1	LIVE	2	domain_priors_expanded.pl:default_resistance/2;domain_priors_expanded.pl:infer_category_defaults/4
domain_priors_expanded.pl	default_resistance	2	1	LIVE	1	domain_priors_expanded.pl:infer_category_defaults/4
domain_priors_expanded.pl	default_suppression	2	1	LIVE	1	domain_priors_expanded.pl:infer_category_defaults/4
domain_priors_expanded.pl	get_corpus_prior	3	1	STATIC_ORPHAN	0	
domain_priors_expanded.pl	infer_category_defaults	4	1	STATIC_ORPHAN	0	
domain_priors_expanded.pl	subcategory_profile	2	1	STATIC_ORPHAN	0	
domain_priors_expanded.pl	type_corpus_profile	2	1	LIVE	1	domain_priors_expanded.pl:get_corpus_prior/3
domain_registry.pl	domain_category	2	1	STATIC_ORPHAN	0	
drl_audit_core.pl	effective_extraction	3	1	LIVE	4	drl_composition.pl:detect_perspectival_risk/4;drl_composition.pl:is_mountain/1;drl_composition.pl:is_rope/1;drl_composition.pl:is_snare/1
drl_audit_core.pl	omega_risk	4	1	LIVE	1	drl_composition.pl:detect_perspectival_risk/4
drl_audit_core.pl	ontological_fraud_check	2	1	STATIC_ORPHAN	0	
drl_audit_core.pl	structural_signature	3	1	LIVE	4	drl_composition.pl:detect_perspectival_risk/4;drl_composition.pl:is_mountain/1;drl_composition.pl:is_rope/1;drl_composition.pl:is_snare/1
drl_boltzmann_analysis.pl	action_composition_gate	3	1	STATIC_ORPHAN	0	
drl_boltzmann_analysis.pl	base_action_complexity	2	0	LIVE	1	drl_boltzmann_analysis.pl:purity_adjusted_energy/4
drl_boltzmann_analysis.pl	base_assessment_urgency	2	0	LIVE	1	drl_boltzmann_analysis.pl:compute_scaffold_urgency/5
drl_boltzmann_analysis.pl	boltzmann_invariant_check	2	1	STATIC_ORPHAN	0	
drl_boltzmann_analysis.pl	compute_reform_urgency	4	0	LIVE	1	drl_boltzmann_analysis.pl:purity_reform_recommendation/2
drl_boltzmann_analysis.pl	compute_scaffold_urgency	5	0	LIVE	1	drl_boltzmann_analysis.pl:purity_scaffold_urgency/4
drl_boltzmann_analysis.pl	coupling_aware_scaffold_need	3	1	LIVE	1	drl_boltzmann_analysis.pl:purity_scaffold_urgency/4
drl_boltzmann_analysis.pl	coupling_factor	2	0	LIVE	1	drl_boltzmann_analysis.pl:reformability_score/3
drl_boltzmann_analysis.pl	downgrade_urgency	2	0	LIVE	1	drl_boltzmann_analysis.pl:compute_reform_urgency/4
drl_boltzmann_analysis.pl	energy_multiplier	4	0	LIVE	1	drl_boltzmann_analysis.pl:purity_adjusted_energy/4
drl_boltzmann_analysis.pl	escalate_urgency	2	0	LIVE	1	drl_boltzmann_analysis.pl:compute_scaffold_urgency/5
drl_boltzmann_analysis.pl	excess_extraction_factor	2	0	LIVE	1	drl_boltzmann_analysis.pl:reformability_score/3
drl_boltzmann_analysis.pl	has_purity_drift	2	0	LIVE	1	drl_boltzmann_analysis.pl:purity_scaffold_urgency/4
drl_boltzmann_analysis.pl	identify_purity_deficits	2	0	LIVE	1	drl_boltzmann_analysis.pl:purity_reform_recommendation/2
drl_boltzmann_analysis.pl	purity_adjusted_energy	4	1	STATIC_ORPHAN	0	
drl_boltzmann_analysis.pl	purity_deficit	2	0	LIVE	1	drl_boltzmann_analysis.pl:identify_purity_deficits/2
drl_boltzmann_analysis.pl	purity_qualified_action	3	1	STATIC_ORPHAN	0	
drl_boltzmann_analysis.pl	purity_qualified_action	4	1	LIVE	2	drl_boltzmann_analysis.pl:purity_qualified_action/3;drl_purity_network.pl:network_qualified_action/4
drl_boltzmann_analysis.pl	purity_reform_recommendation	2	1	STATIC_ORPHAN	0	
drl_boltzmann_analysis.pl	purity_reform_target	2	1	LIVE	1	drl_boltzmann_analysis.pl:purity_reform_recommendation/2
drl_boltzmann_analysis.pl	purity_scaffold_urgency	4	1	STATIC_ORPHAN	0	
drl_boltzmann_analysis.pl	purity_to_cut_priority	2	0	LIVE	1	drl_boltzmann_analysis.pl:qualify_action/5
drl_boltzmann_analysis.pl	qualify_action	5	1	LIVE	2	drl_boltzmann_analysis.pl:purity_qualified_action/4;drl_purity_network.pl:network_qualified_action/4
drl_boltzmann_analysis.pl	raw_urgency	4	0	LIVE	1	drl_boltzmann_analysis.pl:compute_reform_urgency/4
drl_boltzmann_analysis.pl	reformability_score	2	1	LIVE	2	drl_boltzmann_analysis.pl:action_composition_gate/3;drl_boltzmann_analysis.pl:purity_reform_recommendation/2
drl_boltzmann_analysis.pl	reformability_score	3	1	LIVE	3	dirac_classification.pl:type_to_dirac_class/4;drl_boltzmann_analysis.pl:coupling_aware_scaffold_need/3;drl_boltzmann_analysis.pl:reformability_score/2
drl_boltzmann_analysis.pl	separability_factor	2	0	LIVE	1	drl_boltzmann_analysis.pl:reformability_score/3
drl_composition.pl	agent_index	2	0	LIVE	1	drl_composition.pl:detect_perspectival_risk/4
drl_composition.pl	canonical_transformation	6	1	STATIC_ORPHAN	0	
drl_composition.pl	check_capture_between	3	0	LIVE	1	drl_composition.pl:transformation_type/6
drl_composition.pl	classify_at_time	4	0	LIVE	1	drl_composition.pl:constraint_history/3
drl_composition.pl	classify_at_time	5	0	LIVE	4	drl_composition.pl:classify_at_time/4;probe_oq119_backed_reachable.pl:main/0;probe_oq119_gate0_controls.pl:backed_timepoints/2;temporal_residual.pl:snapshot_seq/3
drl_composition.pl	classify_at_time_with_supp	7	0	LIVE	1	drl_composition.pl:classify_at_time/5
drl_composition.pl	composite_type	3	1	STATIC_ORPHAN	0	
drl_composition.pl	composite_type	4	1	LIVE	1	drl_composition.pl:composite_type/3
drl_composition.pl	composition_rule	3	1	LIVE	1	drl_composition.pl:composite_type/4
drl_composition.pl	constraint_data	2	0	LIVE	4	drl_composition.pl:detect_perspectival_risk/4;drl_composition.pl:is_mountain/1;drl_composition.pl:is_rope/1;drl_composition.pl:is_snare/1
drl_composition.pl	constraint_history	2	1	LIVE	1	drl_composition.pl:transformation_detected/5
drl_composition.pl	constraint_history	3	1	LIVE	1	drl_composition.pl:constraint_history/2
drl_composition.pl	detect_extraction_dominance	2	1	STATIC_ORPHAN	0	
drl_composition.pl	detect_necessity_inheritance	2	1	STATIC_ORPHAN	0	
drl_composition.pl	detect_perspectival_risk	4	0	STATIC_ORPHAN	0	
drl_composition.pl	is_mountain	1	1	STATIC_ORPHAN	0	
drl_composition.pl	is_rope	1	1	STATIC_ORPHAN	0	
drl_composition.pl	is_snare	1	1	STATIC_ORPHAN	0	
drl_composition.pl	last	2	0	LIVE	15	context_profile_report.pl:get_family_shift/2;context_profile_report.pl:report_summary/5;cs_kernel_registry.pl:reading_local_stem/2;diagnostic_summary.pl:max_badness/2;gap_diagnostic.pl:distribution_row/2;gap_diagnostic.pl:report_unknown_bands/0;giant_component_analysis.pl:distribution_stats/2;invertibility_analysis.pl:report_tangled_band/0;json_report.pl:write_per_constraint_entry/4;logical_fingerprint.pl:metric_trend/3;metric_drift_events.pl:drift_event/3;metric_drift_events.pl:metric_delta/5;omega1_audit.pl:report_distrib_row/2;report_generator.pl:label_gap/4;transition_paths.pl:degradation_chain/3
drl_composition.pl	monotonic_decreasing	1	1	LIVE	1	drl_composition.pl:non_monotonic_trajectory/2
drl_composition.pl	monotonic_increasing	1	1	LIVE	1	drl_composition.pl:non_monotonic_trajectory/2
drl_composition.pl	necessarily	1	1	STATIC_ORPHAN	0	
drl_composition.pl	non_monotonic_trajectory	2	1	LIVE	1	metric_drift_report.pl:generate_drift_report/1
drl_composition.pl	possibly	1	1	STATIC_ORPHAN	0	
drl_composition.pl	transformation_detected	5	1	LIVE	1	drl_composition.pl:transformation_type/6
drl_composition.pl	transformation_type	6	1	LIVE	1	drl_composition.pl:canonical_transformation/6
drl_core.pl	base_extractiveness	2	1	LIVE	39	abductive_triggers.pl:trigger_mountain_extraction_accumulation/3;arakelov_height.pl:arakelov_height_pair/3;constraint_indexing.pl:get_true_metric/3;constraint_instances.pl:constraint_classification/3;data_validation.pl:infer_expected_type/2;data_validation.pl:is_complete_constraint/1;data_validation.pl:report_classification_inconsistency/3;data_validation.pl:report_incomplete_constraint/1;data_validation.pl:validate_edge_cases/0;domain_priors.pl:infer_category_from_priors/2;domain_priors.pl:is_known_domain/1;drl_core.pl:dr_type_with_d/4;drl_core.pl:is_mountain/3;drl_core.pl:is_piton/3;drl_core.pl:is_rope/3;drl_core.pl:is_scaffold/3;drl_core.pl:is_snare/3;drl_core.pl:is_tangled_rope/3;drl_core.pl:metric_based_type_indexed/3;genuine_findings_query.pl:profile_hypothesis/2;invertibility_analysis.pl:check_gate_priority_shadow/3;invertibility_analysis.pl:check_signature_divergence/3;json_report.pl:write_one_perspective_chi/4;json_report.pl:write_per_constraint_entry/4;logical_fingerprint.pl:fingerprint_zone/2;logical_fingerprint.pl:structural_void/2;maxent_classifier.pl:get_constraint_metrics/4;maxent_classifier.pl:metric_value/3;maxent_diagnostic.pl:task1_missing_constraints/1;maxent_diagnostic.pl:task3_hard_disagreements/1;maxent_diagnostic.pl:task4_non_overlapping/1;maxent_diagnostic.pl:task5_gaussian_profiles/1;quantum_verification_report.pl:query_hub_conflict_vs_h1/0;quantum_verification_report.pl:query_mountain_stability/1;report_generator.pl:compute_chi_v6/6;signature_detection.pl:false_summit_mountain/2;test_harness.pl:quick_check/1;test_harness.pl:report_scope_effect/1;utils.pl:safe_get_extractiveness/4
drl_core.pl	classify_from_metrics	6	1	LIVE	18	boltzmann_compliance.pl:classify_at_context_impl/3;covering_analysis.pl:classify_at_interpolated/4;data_validation.pl:infer_expected_type/2;drl_composition.pl:classify_at_time_with_supp/7;drl_core.pl:dr_type_with_d/4;drl_core.pl:is_mountain/3;drl_core.pl:is_piton/3;drl_core.pl:is_rope/3;drl_core.pl:is_scaffold/3;drl_core.pl:is_snare/3;drl_core.pl:is_tangled_rope/3;drl_core.pl:metric_based_type_indexed/3;genuine_findings_query.pl:profile_hypothesis/2;global_delta_report.pl:compare_one/4;invertibility_analysis.pl:check_gate_priority_shadow/3;invertibility_analysis.pl:check_signature_divergence/3;omega1_audit.pl:self_consistency_check/2;transition_paths.pl:snapshot_type/3
drl_core.pl	coordination_dead	1	0	LIVE	3	drl_core.pl:classify_from_metrics/6;signature_detection.pl:fcr_routed/1;signature_detection.pl:resolve_with_perspectival_check/4
drl_core.pl	cross_context_analysis	2	0	STATIC_ORPHAN	0	
drl_core.pl	dr_action	2	1	STATIC_ORPHAN	0	
drl_core.pl	dr_action	3	1	LIVE	3	drl_boltzmann_analysis.pl:purity_qualified_action/4;drl_core.pl:dr_action/2;drl_purity_network.pl:network_qualified_action/4
drl_core.pl	dr_claim_mismatch	4	0	LIVE	2	drl_core.pl:dr_mismatch/4;routing_sink.pl:seat_mismatch/3
drl_core.pl	dr_mismatch	3	1	LIVE	3	diagnostic_summary.pl:join_alerts/2;report_generator.pl:generate_full_report/1;report_generator.pl:generate_llm_feedback/1
drl_core.pl	dr_mismatch	4	1	LIVE	4	abductive_triggers.pl:trigger_coverage_gap/3;drl_core.pl:dr_mismatch/3;genuine_findings_query.pl:profile_hypothesis/2;report_generator.pl:forensic_audit_false_mountains/0
drl_core.pl	dr_signature	2	1	LIVE	3	json_report.pl:tally_signatures/2;json_report.pl:write_per_constraint_entry/4;report_generator.pl:report_constraint_signature/1
drl_core.pl	dr_type	2	1	LIVE	12	constraint_bridge.pl:compute_veto_actors/1;data_repair.pl:bridge_constraint_claim_pure/3;drl_composition.pl:detect_extraction_dominance/2;drl_composition.pl:detect_necessity_inheritance/2;isomorphism_engine.pl:is_high_risk/1;isomorphism_report.pl:generate_high_risk_index/0;probe_oq35_field_counterfactual.pl:observe/2;stakeholder_seats.pl:extraction_state/2;stakeholder_seats.pl:q6_cell/2;transition_paths.pl:transition_path/4;uke_dr_bridge.pl:is_load_bearing/1;uke_dr_bridge.pl:uke_status/3
drl_core.pl	dr_type	3	1	LIVE	92	abductive_triggers.pl:trigger_classical_oracle_failure/3;abductive_triggers.pl:trigger_convergent_structural_stress/3;abductive_triggers.pl:trigger_coverage_gap/3;abductive_triggers.pl:trigger_dormant_extraction/3;abductive_triggers.pl:trigger_epistemic_trap/3;abductive_triggers.pl:trigger_hub_conflict/3;abductive_triggers.pl:trigger_maxent_divergence/3;abductive_triggers.pl:trigger_maxent_shadow_divergence/3;abductive_triggers.pl:trigger_metric_structural_divergence/3;abductive_triggers.pl:trigger_mountain_extraction_accumulation/3;abductive_triggers.pl:trigger_snare_leaning_tangled/3;arakelov_height.pl:post_confidence_margin/3;arakelov_height.pl:raw_confidence_margin/3;audit3_maxent_compare.pl:clean_disagree/4;bifurcation_export.pl:export_all_classifications/0;bifurcation_export.pl:export_constraint_product/2;context_profile_mining.pl:build_trajectory_point/4;cs_kernel_registry.pl:compare_kernel_readings/3;cs_kernel_registry.pl:cs_kernel_divergence/4;cs_pattern_detection.pl:cs_verdict/2;diagnostic_summary.pl:diagnostic_summary/2;diagnostic_summary.pl:pattern_fires_on_corpus/1;dirac_classification.pl:dirac_class/3;dirac_classification.pl:full_dirac_report/3;dirac_classification.pl:gauge_fixed/3;dirac_classification.pl:gauge_orbit/2;drl_boltzmann_analysis.pl:boltzmann_invariant_check/2;drl_boltzmann_analysis.pl:coupling_aware_scaffold_need/3;drl_composition.pl:composite_type/4;drl_composition.pl:necessarily/1;drl_composition.pl:possibly/1;drl_core.pl:cross_context_analysis/2;drl_core.pl:dr_action/3;drl_core.pl:dr_claim_mismatch/4;drl_core.pl:dr_mismatch/4;drl_core.pl:dr_type/2;drl_core.pl:perspectival_gap/2;drl_counterfactual.pl:assess_scaffold_need/3;drl_counterfactual.pl:check_all_contexts/2;drl_counterfactual.pl:context_depends_critically/3;drl_counterfactual.pl:counterfactual_world/4;drl_counterfactual.pl:estimate_impact_indexed/5;drl_counterfactual.pl:simulate_cut/3;drl_fpn.pl:fpn_edge_contamination/5;drl_fpn.pl:fpn_precompute_constraints/2;drl_purity_network.pl:compute_edge_contamination/7;drl_purity_network.pl:effective_purity/4;drl_purity_network.pl:purity_contamination_pressure/4;fingerprint_report.pl:report_scope_differentiation/1;fingerprint_report.pl:scope_changes_type/1;fpn_report.pl:type_safe/3;genuine_findings_query.pl:profile_hypothesis/2;giant_component_analysis.pl:precompute_props_loop/4;giant_component_analysis.pl:run_phase4/0;grothendieck_cohomology.pl:analytical_type/2;grothendieck_cohomology.pl:type_at_context/3;inferred_coupling_protocol.pl:classify_safe_local/3;invertibility_analysis.pl:analyze_tangled_constraint/1;invertibility_analysis.pl:reconstruct_classification/5;invertibility_analysis.pl:run_single_roundtrip/4;json_report.pl:write_one_neighbor/6;json_report.pl:write_one_perspective/4;logical_fingerprint.pl:classify_at_power/3;maxent_classifier.pl:compute_type_profile/4;maxent_classifier.pl:compute_type_profile_indexed/4;maxent_classifier.pl:maxent_compute_priors/1;maxent_classifier.pl:maxent_disagreement/3;maxent_classifier.pl:maxent_threshold_proximity/4;maxent_diagnostic.pl:task1_missing_constraints/1;maxent_diagnostic.pl:task2_per_type_entropy/1;maxent_diagnostic.pl:task4_non_overlapping/1;maxent_diagnostic.pl:task5_gaussian_profiles/1;maxent_report.pl:report_one_boundary/6;maxent_report.pl:report_override_rope_analysis/2;maxent_report.pl:run_maxent_report/0;metric_drift_events.pl:drift_event/4;network_dynamics.pl:compute_neighbor_contamination/5;network_dynamics.pl:network_drift_velocity/4;omega1_audit.pl:classify_safe/3;omega1_audit.pl:collect_unknowns/1;persistence_export.pl:export_classifications_with_topology/0;probe_seat_sweep.pl:analytical_hist/0;product_site_export.pl:type_at/3;quantum_verification_report.pl:query_hub_conflict_vs_h1/0;quantum_verification_report.pl:query_restricted_vs_gauge_fixed/0;report_generator.pl:forensic_explain_false_mountain/2;routing_sink.pl:engine_reading_at/3;sheaf_analysis.pl:block_consistency/2;signature_detection.pl:constructed_routed/1;signature_detection.pl:fcr_routed/1;signature_detection.pl:signature_grade/2;test_harness.pl:validate_per_index/1
drl_core.pl	dr_type_with_d	4	1	LIVE	1	stakeholder_seats.pl:dr_type_for_stakeholder/3
drl_core.pl	effective_theater_ratio	3	0	LIVE	1	drl_core.pl:classify_from_metrics/6
drl_core.pl	emerges_naturally	1	1	LIVE	14	cs_pattern_detection.pl:cs_verdict/2;drl_core.pl:classify_from_metrics/6;drl_core.pl:natural_law_without_beneficiary/1;gap_diagnostic.pl:cache_gap_profile/4;invertibility_analysis.pl:extract_pipeline_invariants/2;json_report.pl:write_per_constraint_entry/4;logical_fingerprint.pl:structural_property_holds/2;logical_fingerprint.pl:structural_void/2;maxent_classifier.pl:eval_boolean_feature/3;omega1_audit.pl:compute_one_profile/2;quantum_verification_report.pl:query_hub_conflict_vs_h1/0;signature_detection.pl:constraint_signature/2;signature_detection.pl:false_summit_mountain/2;signature_detection.pl:nl_certification_chain/1
drl_core.pl	get_raw_suppression	2	1	LIVE	25	drl_core.pl:dr_type_with_d/4;drl_core.pl:is_mountain/3;drl_core.pl:is_piton/3;drl_core.pl:is_rope/3;drl_core.pl:is_scaffold/3;drl_core.pl:is_snare/3;drl_core.pl:is_tangled_rope/3;drl_core.pl:metric_based_type_indexed/3;genuine_findings_query.pl:profile_hypothesis/2;global_delta_report.pl:compare_one/4;invertibility_analysis.pl:check_gate_priority_shadow/3;invertibility_analysis.pl:check_signature_divergence/3;json_report.pl:write_per_constraint_entry/4;logical_fingerprint.pl:fingerprint_zone/2;logical_fingerprint.pl:structural_void/2;maxent_classifier.pl:get_constraint_metrics/4;maxent_classifier.pl:get_constraint_metrics_indexed/5;maxent_classifier.pl:metric_value/3;maxent_classifier.pl:metric_value_indexed/4;maxent_diagnostic.pl:task1_missing_constraints/1;maxent_diagnostic.pl:task3_hard_disagreements/1;maxent_diagnostic.pl:task4_non_overlapping/1;omega1_audit.pl:compute_one_profile/2;quantum_verification_report.pl:query_hub_conflict_vs_h1/0;signature_detection.pl:false_summit_mountain/2
drl_core.pl	is_mountain	3	1	STATIC_ORPHAN	0	
drl_core.pl	is_piton	3	1	LIVE	1	drl_core.pl:dr_claim_mismatch/4
drl_core.pl	is_rope	3	1	STATIC_ORPHAN	0	
drl_core.pl	is_scaffold	3	1	STATIC_ORPHAN	0	
drl_core.pl	is_snare	3	1	LIVE	2	constraint_instances.pl:constraint_classification/3;drl_core.pl:dr_claim_mismatch/4
drl_core.pl	is_tangled_rope	3	1	LIVE	1	constraint_instances.pl:constraint_classification/3
drl_core.pl	metric_based_type_indexed	3	0	LIVE	2	drl_core.pl:dr_type/3;signature_detection.pl:signature_grade/2
drl_core.pl	natural_law_without_beneficiary	1	1	LIVE	4	drl_core.pl:classify_from_metrics/6;invertibility_analysis.pl:extract_pipeline_invariants/2;maxent_classifier.pl:eval_boolean_feature/3;omega1_audit.pl:compute_one_profile/2
drl_core.pl	perspectival_gap	2	0	STATIC_ORPHAN	0	
drl_core.pl	power_order	2	0	LIVE	1	drl_core.pl:snare_reform_threshold/2
drl_core.pl	requires_active_enforcement	1	1	LIVE	17	constraint_instances.pl:constraint_classification/3;cs_pattern_detection.pl:cs_verdict/2;domain_priors.pl:infer_category_from_priors/2;drl_core.pl:classify_from_metrics/6;drl_core.pl:natural_law_without_beneficiary/1;drl_core.pl:scaffold_temporality_check/1;gap_diagnostic.pl:cache_gap_profile/4;invertibility_analysis.pl:extract_pipeline_invariants/2;json_report.pl:write_per_constraint_entry/4;logical_fingerprint.pl:structural_property_holds/2;logical_fingerprint.pl:structural_void/2;maxent_classifier.pl:eval_boolean_feature/3;metric_drift_events.pl:detect_is_piton/1;metric_drift_events.pl:drift_event/3;narrative_ontology.pl:is_tangled_rope/1;omega1_audit.pl:compute_one_profile/2;omega1_audit.pl:scaffold_temporality_check_audit/1
drl_core.pl	scaffold_temporality_check	1	0	LIVE	1	drl_core.pl:classify_from_metrics/6
drl_core.pl	snare_immutability_check	1	0	LIVE	1	drl_core.pl:classify_from_metrics/6
drl_core.pl	snare_reform_threshold	2	1	STATIC_ORPHAN	0	
drl_core.pl	standard_context	1	0	LIVE	18	bifurcation_export.pl:export_all_classifications/0;context_profile_mining.pl:standard_contexts/1;cs_pattern_detection.pl:cs_verdict/2;drl_boltzmann_analysis.pl:boltzmann_invariant_check/2;drl_core.pl:cross_context_analysis/2;drl_core.pl:dr_claim_mismatch/4;drl_core.pl:dr_mismatch/4;drl_core.pl:perspectival_gap/2;drl_core.pl:snare_immutability_check/1;drl_core.pl:snare_reform_threshold/2;drl_counterfactual.pl:check_all_contexts/2;omega1_audit.pl:snare_immutability_check_audit/1;persistence_export.pl:export_classifications_with_topology/0;quantum_verification_report.pl:query_hub_conflict_vs_h1/0;quantum_verification_report.pl:query_restricted_vs_gauge_fixed/0;routing_sink.pl:author_uniform_mountain/1;routing_sink.pl:routing_sink_emit_to/1;routing_sink.pl:seat_diff/7
drl_core.pl	suppression_score	2	1	LIVE	1	domain_priors.pl:is_known_domain/1
drl_counterfactual.pl	assess_scaffold_need	2	1	STATIC_ORPHAN	0	
drl_counterfactual.pl	assess_scaffold_need	3	1	LIVE	3	drl_boltzmann_analysis.pl:coupling_aware_scaffold_need/3;drl_counterfactual.pl:assess_scaffold_need/2;drl_counterfactual.pl:check_all_contexts/2
drl_counterfactual.pl	check_all_contexts	2	0	STATIC_ORPHAN	0	
drl_counterfactual.pl	context_depends_critically	3	0	LIVE	1	drl_counterfactual.pl:dependency_chain/5
drl_counterfactual.pl	count_sign_matches	4	1	LIVE	2	drl_counterfactual.pl:infer_structural_coupling/3;inferred_coupling_protocol.pl:compute_coupling/3
drl_counterfactual.pl	counterfactual_world	3	1	STATIC_ORPHAN	0	
drl_counterfactual.pl	counterfactual_world	4	1	LIVE	1	drl_counterfactual.pl:counterfactual_world/3
drl_counterfactual.pl	dependency_chain	4	1	STATIC_ORPHAN	0	
drl_counterfactual.pl	dependency_chain	5	1	LIVE	2	drl_counterfactual.pl:dependency_chain/4;drl_counterfactual.pl:simulate_cut/3
drl_counterfactual.pl	dr_gradient_at	3	0	LIVE	2	drl_counterfactual.pl:infer_structural_coupling/3;giant_component_analysis.pl:precompute_inferred_edges/1
drl_counterfactual.pl	estimate_impact_indexed	5	0	LIVE	1	drl_counterfactual.pl:dependency_chain/5
drl_counterfactual.pl	infer_structural_coupling	3	1	LIVE	3	drl_counterfactual.pl:dependency_chain/5;drl_purity_network.pl:constraint_neighbors_existing/2;giant_component_analysis.pl:precompute_inferred_edges/1
drl_counterfactual.pl	signs_match	2	0	LIVE	1	drl_counterfactual.pl:count_sign_matches/4
drl_counterfactual.pl	simulate_cut	2	1	STATIC_ORPHAN	0	
drl_counterfactual.pl	simulate_cut	3	1	LIVE	4	drl_counterfactual.pl:assess_scaffold_need/3;drl_counterfactual.pl:check_all_contexts/2;drl_counterfactual.pl:counterfactual_world/4;drl_counterfactual.pl:simulate_cut/2
drl_counterfactual.pl	standard_context	1	1	LIVE	18	bifurcation_export.pl:export_all_classifications/0;context_profile_mining.pl:standard_contexts/1;cs_pattern_detection.pl:cs_verdict/2;drl_boltzmann_analysis.pl:boltzmann_invariant_check/2;drl_core.pl:cross_context_analysis/2;drl_core.pl:dr_claim_mismatch/4;drl_core.pl:dr_mismatch/4;drl_core.pl:perspectival_gap/2;drl_core.pl:snare_immutability_check/1;drl_core.pl:snare_reform_threshold/2;drl_counterfactual.pl:check_all_contexts/2;omega1_audit.pl:snare_immutability_check_audit/1;persistence_export.pl:export_classifications_with_topology/0;quantum_verification_report.pl:query_hub_conflict_vs_h1/0;quantum_verification_report.pl:query_restricted_vs_gauge_fixed/0;routing_sink.pl:author_uniform_mountain/1;routing_sink.pl:routing_sink_emit_to/1;routing_sink.pl:seat_diff/7
drl_fpn.pl	:	2	0	STATIC_ORPHAN	0	
drl_fpn.pl	fpn_cleanup	1	1	LIVE	1	drl_fpn.pl:fpn_run/3
drl_fpn.pl	fpn_compute_ep	3	0	LIVE	1	drl_fpn.pl:fpn_iterate/5
drl_fpn.pl	fpn_edge_contamination	5	0	LIVE	1	drl_fpn.pl:fpn_total_contamination/5
drl_fpn.pl	fpn_effective_purity	3	1	STATIC_ORPHAN	0	
drl_fpn.pl	fpn_effective_purity	4	1	LIVE	1	drl_fpn.pl:fpn_effective_purity/3
drl_fpn.pl	fpn_ep	3	1	LIVE	8	abductive_triggers.pl:trigger_accelerating_pathology/3;abductive_triggers.pl:trigger_contamination_cascade/3;drl_fpn.pl:fpn_edge_contamination/5;drl_fpn.pl:fpn_effective_purity/4;drl_fpn.pl:fpn_jacobi_update_acc/4;fpn_report.pl:fpn_ep_safe/3;json_report.pl:write_contamination_network/3;json_report.pl:write_one_neighbor/6
drl_fpn.pl	fpn_intrinsic	2	1	LIVE	4	drl_fpn.pl:fpn_compute_ep/3;drl_fpn.pl:fpn_effective_purity/4;fpn_report.pl:fpn_intrinsic_safe/2;json_report.pl:write_contamination_network/3
drl_fpn.pl	fpn_iterate	5	0	LIVE	1	drl_fpn.pl:fpn_run/3
drl_fpn.pl	fpn_iteration_info	4	1	LIVE	3	abductive_helpers.pl:subsystem_available/1;drl_fpn.pl:fpn_effective_purity/4;drl_fpn.pl:fpn_run/3
drl_fpn.pl	fpn_jacobi_update	3	0	LIVE	1	drl_fpn.pl:fpn_iterate/5
drl_fpn.pl	fpn_jacobi_update_acc	4	0	LIVE	1	drl_fpn.pl:fpn_jacobi_update/3
drl_fpn.pl	fpn_neighbors_cache	3	0	LIVE	1	drl_fpn.pl:fpn_compute_ep/3
drl_fpn.pl	fpn_precompute	2	0	LIVE	1	drl_fpn.pl:fpn_run/3
drl_fpn.pl	fpn_precompute_constraints	2	0	LIVE	1	drl_fpn.pl:fpn_precompute/2
drl_fpn.pl	fpn_run	2	1	LIVE	2	abductive_report.pl:run_abductive_report/0;json_report.pl:run_json_report/0
drl_fpn.pl	fpn_run	3	1	LIVE	2	drl_fpn.pl:fpn_run/2;fpn_report.pl:run_fpn_report/0
drl_fpn.pl	fpn_total_contamination	5	0	LIVE	1	drl_fpn.pl:fpn_compute_ep/3
drl_fpn.pl	fpn_type_cache	3	0	LIVE	2	drl_fpn.pl:fpn_compute_ep/3;drl_fpn.pl:fpn_edge_contamination/5
drl_fpn.pl	states_equivalent	3	1	STATIC_ORPHAN	0	
drl_purity_network.pl	below_floor_pair	2	0	LIVE	1	drl_purity_network.pl:network_purity_metrics/2
drl_purity_network.pl	bfs_path	5	0	LIVE	1	drl_purity_network.pl:contamination_path/5
drl_purity_network.pl	build_path_steps	6	0	LIVE	1	drl_purity_network.pl:contamination_path/5
drl_purity_network.pl	cluster_purity	3	1	STATIC_ORPHAN	0	
drl_purity_network.pl	compute_edge_contamination	7	0	LIVE	1	drl_purity_network.pl:compute_total_contamination/6
drl_purity_network.pl	compute_total_contamination	6	0	LIVE	1	drl_purity_network.pl:effective_purity/4
drl_purity_network.pl	constraint_neighbors	2	1	STATIC_ORPHAN	0	
drl_purity_network.pl	constraint_neighbors	3	1	LIVE	11	drl_fpn.pl:fpn_precompute_constraints/2;drl_purity_network.pl:bfs_path/5;drl_purity_network.pl:cluster_purity/3;drl_purity_network.pl:constraint_neighbors/2;drl_purity_network.pl:effective_purity/4;drl_purity_network.pl:purity_contamination_pressure/4;giant_component_analysis.pl:precompute_edges_loop/5;json_report.pl:write_contamination_network/3;network_dynamics.pl:network_drift_contagion/3;network_dynamics.pl:network_drift_severity/3;network_dynamics.pl:network_drift_velocity/4
drl_purity_network.pl	constraint_neighbors_existing	2	0	LIVE	1	drl_purity_network.pl:constraint_neighbors/3
drl_purity_network.pl	contamination_path	5	1	STATIC_ORPHAN	0	
drl_purity_network.pl	dedup_sorted	2	0	LIVE	1	drl_purity_network.pl:deduplicate_neighbors/2
drl_purity_network.pl	deduplicate_neighbors	2	0	LIVE	1	drl_purity_network.pl:constraint_neighbors_existing/2
drl_purity_network.pl	effective_purity	3	1	LIVE	2	abductive_helpers.pl:one_hop_zone/3;abductive_triggers.pl:trigger_contamination_cascade/3
drl_purity_network.pl	effective_purity	4	1	LIVE	12	drl_fpn.pl:fpn_effective_purity/4;drl_purity_network.pl:build_path_steps/6;drl_purity_network.pl:cluster_purity/3;drl_purity_network.pl:effective_purity/3;drl_purity_network.pl:network_purity_metrics/2;drl_purity_network.pl:network_qualified_action/4;fpn_report.pl:one_hop_ep_safe/3;giant_component_analysis.pl:count_by_purity_zone/8;giant_component_analysis.pl:precompute_props_loop/4;network_dynamics.pl:cascade_prediction/3;network_dynamics.pl:detect_network_contamination/3;network_dynamics.pl:network_drift_severity/3
drl_purity_network.pl	find_weakest	2	0	LIVE	1	drl_purity_network.pl:network_purity_metrics/2
drl_purity_network.pl	network_purity_metrics	2	1	LIVE	1	drl_purity_network.pl:weakest_link_purity/3
drl_purity_network.pl	network_qualified_action	3	1	STATIC_ORPHAN	0	
drl_purity_network.pl	network_qualified_action	4	1	LIVE	1	drl_purity_network.pl:network_qualified_action/3
drl_purity_network.pl	phantom_neighbor	1	0	LIVE	1	drl_purity_network.pl:constraint_neighbors_existing/2
drl_purity_network.pl	phantom_subject	1	0	LIVE	2	drl_purity_network.pl:constraint_neighbors/3;drl_purity_network.pl:phantom_neighbor/1
drl_purity_network.pl	purity_contamination_pressure	4	1	STATIC_ORPHAN	0	
drl_purity_network.pl	shared_agent_edge_strength	4	0	LIVE	1	drl_purity_network.pl:constraint_neighbors_existing/2
drl_purity_network.pl	shared_agent_link	4	1	LIVE	4	drl_purity_network.pl:constraint_neighbors_existing/2;drl_purity_network.pl:shared_agent_edge_strength/4;inferred_coupling_protocol.pl:compute_baseline_edges/2;json_report.pl:write_one_neighbor/6
drl_purity_network.pl	type_contamination_strength	2	1	LIVE	11	config_validation.pl:config_violation/1;drl_fpn.pl:fpn_edge_contamination/5;drl_purity_network.pl:compute_edge_contamination/7;drl_purity_network.pl:purity_contamination_pressure/4;giant_component_analysis.pl:report_contamination_sources/2;giant_component_analysis.pl:report_multihop_contamination/2;giant_component_analysis.pl:report_sound_constraint_exposure/2;giant_component_analysis.pl:report_super_spreaders/2;giant_component_analysis.pl:would_cross_threshold/5;network_dynamics.pl:compute_neighbor_contamination/5;network_dynamics.pl:network_drift_velocity/4
drl_purity_network.pl	type_immunity	2	1	LIVE	4	drl_fpn.pl:fpn_compute_ep/3;drl_purity_network.pl:effective_purity/4;giant_component_analysis.pl:would_cross_threshold/5;network_dynamics.pl:network_drift_velocity/4
drl_purity_network.pl	weakest_link_purity	3	1	STATIC_ORPHAN	0	
drl_purity_network.pl	weighted_sum_acc	3	0	LIVE	1	drl_purity_network.pl:cluster_purity/3
export_oq119_corpus_join.pl	axiom_axis	2	0	LIVE	1	export_oq119_corpus_join.pl:join_record/2
export_oq119_corpus_join.pl	compute_rates	2	0	LIVE	2	export_oq119_corpus_join.pl:metric_temporal/3;json_report.pl:write_one_metric_series/4
export_oq119_corpus_join.pl	join_record	2	0	LIVE	2	export_oq119_corpus_join.pl:main/2;export_oq119_join_records.pl:main/0
export_oq119_corpus_join.pl	main	2	0	STATIC_ORPHAN	0	
export_oq119_corpus_join.pl	metric_temporal	3	0	LIVE	1	export_oq119_corpus_join.pl:temporal_axis/2
export_oq119_corpus_join.pl	observer_axis	2	0	LIVE	1	export_oq119_corpus_join.pl:join_record/2
export_oq119_corpus_join.pl	seat_chi	3	0	LIVE	2	export_oq119_corpus_join.pl:observer_axis/2;probe_oq119_gate0_controls.pl:report_observer/1
export_oq119_corpus_join.pl	temporal_axis	2	0	LIVE	1	export_oq119_corpus_join.pl:join_record/2
export_oq119_join_records.pl	axiom_axis	2	0	LIVE	1	export_oq119_corpus_join.pl:join_record/2
export_oq119_join_records.pl	compute_rates	2	0	LIVE	2	export_oq119_corpus_join.pl:metric_temporal/3;json_report.pl:write_one_metric_series/4
export_oq119_join_records.pl	join_record	2	0	LIVE	2	export_oq119_corpus_join.pl:main/2;export_oq119_join_records.pl:main/0
export_oq119_join_records.pl	main	0	0	LIVE	3	export_oq119_join_records.pl:<directive>/1;probe_oq119_axiom_degenerate.pl:<directive>/1;probe_oq119_gate0_roster.pl:<directive>/1
export_oq119_join_records.pl	metric_temporal	3	0	LIVE	1	export_oq119_corpus_join.pl:temporal_axis/2
export_oq119_join_records.pl	observer_axis	2	0	LIVE	1	export_oq119_corpus_join.pl:join_record/2
export_oq119_join_records.pl	seat_chi	3	0	LIVE	2	export_oq119_corpus_join.pl:observer_axis/2;probe_oq119_gate0_controls.pl:report_observer/1
export_oq119_join_records.pl	stories	1	0	LIVE	1	export_oq119_join_records.pl:main/0
export_oq119_join_records.pl	temporal_axis	2	0	LIVE	1	export_oq119_corpus_join.pl:join_record/2
fingerprint_report.pl	count_run	4	0	LIVE	2	fingerprint_report.pl:report_counts/1;json_report.pl:run_length_encode/2
fingerprint_report.pl	orbit_sig_for	2	0	LIVE	1	fingerprint_report.pl:report_orbit_for_family/1
fingerprint_report.pl	report_counts	1	0	LIVE	1	fingerprint_report.pl:report_zone_distribution/1
fingerprint_report.pl	report_orbit_crossref	1	0	LIVE	1	fingerprint_report.pl:run_fingerprint_report/0
fingerprint_report.pl	report_orbit_for_family	1	0	LIVE	1	fingerprint_report.pl:report_orbit_crossref/1
fingerprint_report.pl	report_scope_differentiation	1	0	LIVE	1	fingerprint_report.pl:run_fingerprint_report/0
fingerprint_report.pl	report_shift_family	1	0	LIVE	1	fingerprint_report.pl:run_fingerprint_report/0
fingerprint_report.pl	report_zone_distribution	1	0	LIVE	1	fingerprint_report.pl:run_fingerprint_report/0
fingerprint_report.pl	run_fingerprint_report	0	0	LIVE	1	fingerprint_report.pl:<directive>/1
fingerprint_report.pl	scope_changes_type	1	0	LIVE	1	fingerprint_report.pl:run_fingerprint_report/0
fingerprint_report.pl	scope_context	2	0	LIVE	2	fingerprint_report.pl:report_scope_differentiation/1;fingerprint_report.pl:scope_changes_type/1
fpn_report.pl	fpn_ep_safe	3	0	LIVE	1	fpn_report.pl:run_fpn_report/0
fpn_report.pl	fpn_intrinsic_safe	2	0	LIVE	1	fpn_report.pl:run_fpn_report/0
fpn_report.pl	one_hop_ep_safe	3	0	LIVE	1	fpn_report.pl:run_fpn_report/0
fpn_report.pl	purity_zone	2	0	LIVE	7	diagnostic_summary.pl:probe_purity/3;fpn_report.pl:report_zone_migrations/1;fpn_report.pl:run_fpn_report/0;giant_component_analysis.pl:report_purity_landscape/2;json_report.pl:tally_purity_bands/2;json_report.pl:write_per_constraint_entry/4;logical_fingerprint.pl:print_fingerprint/1
fpn_report.pl	report_convergence	5	0	LIVE	1	fpn_report.pl:run_fpn_report/0
fpn_report.pl	report_significant_movers	1	0	LIVE	1	fpn_report.pl:run_fpn_report/0
fpn_report.pl	report_summary_stats	3	0	LIVE	1	fpn_report.pl:run_fpn_report/0
fpn_report.pl	report_type_breakdown	1	0	LIVE	1	fpn_report.pl:run_fpn_report/0
fpn_report.pl	report_zone_migrations	1	0	LIVE	1	fpn_report.pl:run_fpn_report/0
fpn_report.pl	run_fpn_report	0	0	ENTRYPOINT_CLI	0	
fpn_report.pl	type_safe	3	0	LIVE	1	fpn_report.pl:run_fpn_report/0
gap_diagnostic.pl	analysis_sigmas	1	0	LIVE	2	gap_diagnostic.pl:classify_gap_groups/1;gap_diagnostic.pl:scope_sensitivity_at_midpoint/1
gap_diagnostic.pl	binary_search_boundary	6	0	LIVE	1	gap_diagnostic.pl:compute_unknown_bands/1
gap_diagnostic.pl	blocking_gate	2	0	LIVE	2	gap_diagnostic.pl:primary_blocking_gate/2;gap_diagnostic.pl:threshold_cluster_analysis/1
gap_diagnostic.pl	cache_gap_profile	4	0	LIVE	1	gap_diagnostic.pl:classify_constraint_group/5
gap_diagnostic.pl	cache_transition	3	0	LIVE	1	gap_diagnostic.pl:classify_constraint_group/5
gap_diagnostic.pl	classify_constraint_group	5	0	LIVE	1	gap_diagnostic.pl:classify_gap_groups/1
gap_diagnostic.pl	classify_gap_groups	1	0	LIVE	1	gap_diagnostic.pl:run_gap_diagnostic/0
gap_diagnostic.pl	compute_unknown_bands	1	0	LIVE	1	gap_diagnostic.pl:run_gap_diagnostic/0
gap_diagnostic.pl	count_in_range	4	0	LIVE	1	gap_diagnostic.pl:report_unknown_bands/0
gap_diagnostic.pl	determine_blocking_gate	7	0	LIVE	1	gap_diagnostic.pl:threshold_proximity/2
gap_diagnostic.pl	distribution_row	2	0	LIVE	1	gap_diagnostic.pl:report_group_a_profile/1
gap_diagnostic.pl	gap_group	2	1	LIVE	9	gap_diagnostic.pl:report_group_sizes/1;gap_diagnostic.pl:report_prolog_facts/0;gap_diagnostic.pl:report_recommendation_gap/2;gap_diagnostic.pl:report_threshold_clusters/0;gap_diagnostic.pl:report_transition_pairs/0;gap_diagnostic.pl:run_gap_diagnostic/0;gap_diagnostic.pl:scope_sensitivity_at_midpoint/1;gap_diagnostic.pl:threshold_cluster_analysis/1;gap_diagnostic.pl:transition_pair_analysis/1
gap_diagnostic.pl	gap_profile	6	0	LIVE	2	gap_diagnostic.pl:report_group_a_profile/1;gap_diagnostic.pl:threshold_proximity/2
gap_diagnostic.pl	gap_structural	5	0	LIVE	2	gap_diagnostic.pl:report_group_a_profile/1;gap_diagnostic.pl:threshold_proximity/2
gap_diagnostic.pl	gap_transition	3	1	LIVE	2	gap_diagnostic.pl:report_prolog_facts/0;gap_diagnostic.pl:transition_pair_analysis/1
gap_diagnostic.pl	gate_description	2	0	LIVE	1	gap_diagnostic.pl:report_threshold_proximity/0
gap_diagnostic.pl	in_range	3	0	LIVE	1	gap_diagnostic.pl:count_in_range/4
gap_diagnostic.pl	institutional_d	1	0	LIVE	2	gap_diagnostic.pl:classify_gap_groups/1;gap_diagnostic.pl:compute_unknown_bands/1
gap_diagnostic.pl	midpoint_d	1	0	LIVE	4	gap_diagnostic.pl:classify_gap_groups/1;gap_diagnostic.pl:compute_unknown_bands/1;gap_diagnostic.pl:optimal_grid_point/1;gap_diagnostic.pl:scope_sensitivity_at_midpoint/1
gap_diagnostic.pl	midtype_differs_from_both	3	0	LIVE	1	gap_diagnostic.pl:classify_constraint_group/5
gap_diagnostic.pl	moderate_d	1	0	LIVE	2	gap_diagnostic.pl:classify_gap_groups/1;gap_diagnostic.pl:compute_unknown_bands/1
gap_diagnostic.pl	optimal_grid_point	1	0	LIVE	1	gap_diagnostic.pl:report_recommendation_gap/2
gap_diagnostic.pl	primary_blocking_gate	2	0	LIVE	2	gap_diagnostic.pl:report_recommendation_gap/2;gap_diagnostic.pl:report_threshold_clusters/0
gap_diagnostic.pl	report_group_a_profile	1	0	LIVE	1	gap_diagnostic.pl:run_gap_diagnostic/0
gap_diagnostic.pl	report_group_sizes	1	0	LIVE	1	gap_diagnostic.pl:run_gap_diagnostic/0
gap_diagnostic.pl	report_prolog_facts	0	0	LIVE	1	gap_diagnostic.pl:run_gap_diagnostic/0
gap_diagnostic.pl	report_recommendation_gap	2	0	LIVE	1	gap_diagnostic.pl:run_gap_diagnostic/0
gap_diagnostic.pl	report_scope_sensitivity	0	0	LIVE	1	gap_diagnostic.pl:run_gap_diagnostic/0
gap_diagnostic.pl	report_threshold_clusters	0	0	LIVE	1	gap_diagnostic.pl:run_gap_diagnostic/0
gap_diagnostic.pl	report_threshold_proximity	0	0	LIVE	1	gap_diagnostic.pl:run_gap_diagnostic/0
gap_diagnostic.pl	report_transition_pairs	0	0	LIVE	1	gap_diagnostic.pl:run_gap_diagnostic/0
gap_diagnostic.pl	report_unknown_bands	0	0	LIVE	1	gap_diagnostic.pl:run_gap_diagnostic/0
gap_diagnostic.pl	run_gap_diagnostic	0	1	ENTRYPOINT_CLI	0	
gap_diagnostic.pl	scope_sensitivity_at_midpoint	1	0	LIVE	2	gap_diagnostic.pl:report_recommendation_gap/2;gap_diagnostic.pl:report_scope_sensitivity/0
gap_diagnostic.pl	scope_uniform	1	0	LIVE	1	gap_diagnostic.pl:report_scope_sensitivity/0
gap_diagnostic.pl	scope_varies	1	0	LIVE	2	gap_diagnostic.pl:report_recommendation_gap/2;gap_diagnostic.pl:report_scope_sensitivity/0
gap_diagnostic.pl	threshold_boundary	3	0	LIVE	1	gap_diagnostic.pl:threshold_proximity/2
gap_diagnostic.pl	threshold_cluster_analysis	1	0	LIVE	2	gap_diagnostic.pl:report_threshold_clusters/0;gap_diagnostic.pl:report_threshold_proximity/0
gap_diagnostic.pl	threshold_proximity	2	0	LIVE	1	gap_diagnostic.pl:run_gap_diagnostic/0
gap_diagnostic.pl	transition_pair_analysis	1	0	LIVE	2	gap_diagnostic.pl:report_recommendation_gap/2;gap_diagnostic.pl:report_transition_pairs/0
gap_diagnostic.pl	unknown_band	3	1	LIVE	4	gap_diagnostic.pl:optimal_grid_point/1;gap_diagnostic.pl:report_prolog_facts/0;gap_diagnostic.pl:report_recommendation_gap/2;gap_diagnostic.pl:report_unknown_bands/0
genuine_findings_query.pl	profile_hypothesis	2	0	LIVE	1	genuine_findings_query.pl:run_query/0
genuine_findings_query.pl	run_query	0	0	ENTRYPOINT_CLI	0	
giant_component_analysis.pl	above_threshold	2	0	LIVE	1	giant_component_analysis.pl:count_above/3
giant_component_analysis.pl	adj	2	0	LIVE	8	giant_component_analysis.pl:bfs_all_distances/5;giant_component_analysis.pl:bfs_queue/3;giant_component_analysis.pl:compute_degree_list/2;giant_component_analysis.pl:multihop_bfs/7;giant_component_analysis.pl:nearest_source_bfs/7;giant_component_analysis.pl:report_contamination_sources/2;giant_component_analysis.pl:report_multihop_contamination/2;giant_component_analysis.pl:report_super_spreaders/2
giant_component_analysis.pl	adjacent_pairs	2	0	LIVE	4	covering_analysis.pl:missed_transitions/1;covering_analysis.pl:report_density_heatmap/1;covering_analysis.pl:transition_density/2;giant_component_analysis.pl:report_phase_transition/1
giant_component_analysis.pl	aggregate_hop_counts	2	0	LIVE	1	giant_component_analysis.pl:report_multihop_contamination/2
giant_component_analysis.pl	all_corpus_constraints	1	0	LIVE	15	covering_analysis.pl:missed_transitions/1;covering_analysis.pl:run_phase1/0;covering_analysis.pl:run_phase2/0;gap_diagnostic.pl:run_gap_diagnostic/0;giant_component_analysis.pl:run_phase3/0;giant_component_analysis.pl:run_phase4/0;grothendieck_cohomology.pl:corpus_cohomology/1;inferred_coupling_protocol.pl:run_coupling_protocol/0;invertibility_analysis.pl:enumerate_orbit_families/0;omega1_audit.pl:run_omega1_audit/0;orbit_report.pl:run_orbit_report/0;product_site_export.pl:run_product_export_to/1;quantum_verification_report.pl:query_hub_conflict_vs_h1/0;quantum_verification_report.pl:query_mountain_stability/1;quantum_verification_report.pl:query_restricted_vs_gauge_fixed/0
giant_component_analysis.pl	always_survives	1	0	LIVE	1	giant_component_analysis.pl:edges_at_threshold/2
giant_component_analysis.pl	assert_edge_canonical	4	0	LIVE	1	giant_component_analysis.pl:precompute_edges_loop/5
giant_component_analysis.pl	assert_inferred_canonical	3	0	LIVE	1	giant_component_analysis.pl:precompute_inferred_edges/1
giant_component_analysis.pl	best_edge_info	4	0	LIVE	1	giant_component_analysis.pl:edges_at_threshold/2
giant_component_analysis.pl	bfs_all_distances	5	0	LIVE	1	giant_component_analysis.pl:report_sound_constraint_exposure/2
giant_component_analysis.pl	bfs_component	2	0	LIVE	1	giant_component_analysis.pl:flood_fill/4
giant_component_analysis.pl	bfs_queue	3	0	LIVE	1	giant_component_analysis.pl:bfs_component/2
giant_component_analysis.pl	build_adjacency_facts	1	0	LIVE	6	giant_component_analysis.pl:find_first_giant/4;giant_component_analysis.pl:run_phase1/0;giant_component_analysis.pl:run_phase2/0;giant_component_analysis.pl:run_phase3/0;giant_component_analysis.pl:run_phase4/0;giant_component_analysis.pl:sweep_thresholds/3
giant_component_analysis.pl	compare_potential	3	0	LIVE	2	giant_component_analysis.pl:report_contamination_sources/2;giant_component_analysis.pl:report_super_spreaders/2
giant_component_analysis.pl	compare_potential_scored	3	0	LIVE	1	giant_component_analysis.pl:report_multihop_contamination/2
giant_component_analysis.pl	compute_components	2	0	LIVE	6	giant_component_analysis.pl:find_first_giant/4;giant_component_analysis.pl:run_phase1/0;giant_component_analysis.pl:run_phase2/0;giant_component_analysis.pl:run_phase3/0;giant_component_analysis.pl:run_phase4/0;giant_component_analysis.pl:sweep_thresholds/3
giant_component_analysis.pl	compute_degree_list	2	0	LIVE	1	giant_component_analysis.pl:run_phase1/0
giant_component_analysis.pl	count_above	3	0	LIVE	1	giant_component_analysis.pl:report_degree_distribution/1
giant_component_analysis.pl	count_by_purity_zone	8	0	LIVE	1	giant_component_analysis.pl:report_contamination_collapse_analysis/2
giant_component_analysis.pl	count_in_int_range	4	0	LIVE	1	giant_component_analysis.pl:report_degree_distribution/1
giant_component_analysis.pl	count_in_zone	4	0	LIVE	2	giant_component_analysis.pl:count_by_purity_zone/8;giant_component_analysis.pl:report_purity_landscape/2
giant_component_analysis.pl	count_type_in_context	4	0	LIVE	1	giant_component_analysis.pl:run_phase4/0
giant_component_analysis.pl	count_within_distance	3	0	LIVE	1	giant_component_analysis.pl:report_sound_constraint_exposure/2
giant_component_analysis.pl	distribution_stats	2	0	LIVE	3	giant_component_analysis.pl:report_degree_distribution/1;giant_component_analysis.pl:report_gc_composition/2;giant_component_analysis.pl:report_purity_landscape/2
giant_component_analysis.pl	edges_at_threshold	2	0	LIVE	6	giant_component_analysis.pl:find_first_giant/4;giant_component_analysis.pl:run_phase1/0;giant_component_analysis.pl:run_phase2/0;giant_component_analysis.pl:run_phase3/0;giant_component_analysis.pl:run_phase4/0;giant_component_analysis.pl:sweep_thresholds/3
giant_component_analysis.pl	find_crossing	3	0	LIVE	1	giant_component_analysis.pl:report_phase_transition/1
giant_component_analysis.pl	find_first_giant	4	0	LIVE	1	giant_component_analysis.pl:find_interesting_threshold/4
giant_component_analysis.pl	find_interesting_threshold	4	0	LIVE	1	giant_component_analysis.pl:run_phase3/0
giant_component_analysis.pl	find_nearest_source	5	0	STATIC_ORPHAN	0	
giant_component_analysis.pl	find_steepest_jump	6	0	LIVE	1	giant_component_analysis.pl:report_phase_transition/1
giant_component_analysis.pl	flood_fill	4	0	LIVE	1	giant_component_analysis.pl:compute_components/2
giant_component_analysis.pl	gc_edge	4	0	LIVE	4	giant_component_analysis.pl:assert_edge_canonical/4;giant_component_analysis.pl:best_edge_info/4;giant_component_analysis.pl:edges_at_threshold/2;giant_component_analysis.pl:precompute_all_edges/2
giant_component_analysis.pl	gc_edges_precomputed	0	0	LIVE	1	giant_component_analysis.pl:precompute_all_edges/2
giant_component_analysis.pl	gc_inferred_edge	3	0	LIVE	5	giant_component_analysis.pl:assert_inferred_canonical/3;giant_component_analysis.pl:best_edge_info/4;giant_component_analysis.pl:edges_at_threshold/2;giant_component_analysis.pl:precompute_all_edges/2;giant_component_analysis.pl:run_phase2/0
giant_component_analysis.pl	gc_node_purity	3	0	LIVE	9	giant_component_analysis.pl:report_contamination_collapse_analysis/2;giant_component_analysis.pl:report_contamination_sources/2;giant_component_analysis.pl:report_gc_composition/2;giant_component_analysis.pl:report_multihop_contamination/2;giant_component_analysis.pl:report_purity_landscape/2;giant_component_analysis.pl:report_sound_constraint_exposure/2;giant_component_analysis.pl:report_sound_rows/3;giant_component_analysis.pl:report_super_spreaders/2;giant_component_analysis.pl:would_cross_threshold/5
giant_component_analysis.pl	gc_node_type	3	0	LIVE	10	giant_component_analysis.pl:count_type_in_context/4;giant_component_analysis.pl:report_contamination_sources/2;giant_component_analysis.pl:report_gc_composition/2;giant_component_analysis.pl:report_multihop_contamination/2;giant_component_analysis.pl:report_sound_constraint_exposure/2;giant_component_analysis.pl:report_super_spreaders/2;giant_component_analysis.pl:report_type_distribution/2;giant_component_analysis.pl:run_phase3/0;giant_component_analysis.pl:run_phase4/0;giant_component_analysis.pl:would_cross_threshold/5
giant_component_analysis.pl	gc_source_dist	3	0	LIVE	3	giant_component_analysis.pl:bfs_all_distances/5;giant_component_analysis.pl:report_sound_rows/3;giant_component_analysis.pl:within_dist/2
giant_component_analysis.pl	gc_sweep_result	5	0	LIVE	3	giant_component_analysis.pl:report_embedded_facts/0;giant_component_analysis.pl:report_phase_transition/1;giant_component_analysis.pl:report_sweep_table/1
giant_component_analysis.pl	hop_count	3	0	LIVE	1	giant_component_analysis.pl:report_multihop_top/3
giant_component_analysis.pl	in_float_range	3	0	LIVE	1	giant_component_analysis.pl:count_in_zone/4
giant_component_analysis.pl	in_int_range	3	0	LIVE	1	giant_component_analysis.pl:count_in_int_range/4
giant_component_analysis.pl	last	2	0	LIVE	15	context_profile_report.pl:get_family_shift/2;context_profile_report.pl:report_summary/5;cs_kernel_registry.pl:reading_local_stem/2;diagnostic_summary.pl:max_badness/2;gap_diagnostic.pl:distribution_row/2;gap_diagnostic.pl:report_unknown_bands/0;giant_component_analysis.pl:distribution_stats/2;invertibility_analysis.pl:report_tangled_band/0;json_report.pl:write_per_constraint_entry/4;logical_fingerprint.pl:metric_trend/3;metric_drift_events.pl:drift_event/3;metric_drift_events.pl:metric_delta/5;omega1_audit.pl:report_distrib_row/2;report_generator.pl:label_gap/4;transition_paths.pl:degradation_chain/3
giant_component_analysis.pl	max_delta_acc	3	0	LIVE	1	giant_component_analysis.pl:find_steepest_jump/6
giant_component_analysis.pl	multihop_bfs	7	0	LIVE	2	giant_component_analysis.pl:multihop_reach/4;giant_component_analysis.pl:multihop_reach_multi/4
giant_component_analysis.pl	multihop_reach	4	0	LIVE	1	giant_component_analysis.pl:report_multihop_top/3
giant_component_analysis.pl	multihop_reach_multi	4	0	LIVE	1	giant_component_analysis.pl:report_multihop_contamination/2
giant_component_analysis.pl	nearest_source_bfs	7	0	LIVE	1	giant_component_analysis.pl:find_nearest_source/5
giant_component_analysis.pl	numlist_float	4	0	LIVE	3	giant_component_analysis.pl:find_interesting_threshold/4;giant_component_analysis.pl:report_contamination_collapse_analysis/2;giant_component_analysis.pl:run_phase2/0
giant_component_analysis.pl	precompute_all_edges	2	0	LIVE	4	giant_component_analysis.pl:run_phase1/0;giant_component_analysis.pl:run_phase2/0;giant_component_analysis.pl:run_phase3/0;giant_component_analysis.pl:run_phase4/0
giant_component_analysis.pl	precompute_edges_loop	5	0	LIVE	1	giant_component_analysis.pl:precompute_all_edges/2
giant_component_analysis.pl	precompute_inferred_edges	1	0	LIVE	1	giant_component_analysis.pl:precompute_all_edges/2
giant_component_analysis.pl	precompute_node_properties	2	0	LIVE	3	giant_component_analysis.pl:find_first_giant/4;giant_component_analysis.pl:run_phase1/0;giant_component_analysis.pl:run_phase3/0
giant_component_analysis.pl	precompute_props_loop	4	0	LIVE	1	giant_component_analysis.pl:precompute_node_properties/2
giant_component_analysis.pl	purity_zone	2	0	LIVE	7	diagnostic_summary.pl:probe_purity/3;fpn_report.pl:report_zone_migrations/1;fpn_report.pl:run_fpn_report/0;giant_component_analysis.pl:report_purity_landscape/2;json_report.pl:tally_purity_bands/2;json_report.pl:write_per_constraint_entry/4;logical_fingerprint.pl:print_fingerprint/1
giant_component_analysis.pl	report_components	2	0	LIVE	1	giant_component_analysis.pl:run_phase1/0
giant_component_analysis.pl	report_contamination_collapse_analysis	2	0	LIVE	1	giant_component_analysis.pl:run_phase3/0
giant_component_analysis.pl	report_contamination_sources	2	0	LIVE	2	giant_component_analysis.pl:find_first_giant/4;giant_component_analysis.pl:run_phase3/0
giant_component_analysis.pl	report_degree_distribution	1	0	LIVE	1	giant_component_analysis.pl:run_phase1/0
giant_component_analysis.pl	report_embedded_facts	0	0	LIVE	2	giant_component_analysis.pl:run_giant_component_analysis/0;omega1_audit.pl:report_full/3
giant_component_analysis.pl	report_gc_composition	2	0	LIVE	2	giant_component_analysis.pl:find_first_giant/4;giant_component_analysis.pl:run_phase3/0
giant_component_analysis.pl	report_multihop_contamination	2	0	LIVE	2	giant_component_analysis.pl:find_first_giant/4;giant_component_analysis.pl:run_phase3/0
giant_component_analysis.pl	report_multihop_top	3	0	LIVE	1	giant_component_analysis.pl:report_multihop_contamination/2
giant_component_analysis.pl	report_network_summary	4	0	LIVE	1	giant_component_analysis.pl:run_phase1/0
giant_component_analysis.pl	report_phase_transition	1	0	LIVE	1	giant_component_analysis.pl:run_phase2/0
giant_component_analysis.pl	report_purity_landscape	2	0	LIVE	1	giant_component_analysis.pl:run_phase1/0
giant_component_analysis.pl	report_sound_constraint_exposure	2	0	LIVE	2	giant_component_analysis.pl:find_first_giant/4;giant_component_analysis.pl:run_phase3/0
giant_component_analysis.pl	report_sound_rows	3	0	LIVE	1	giant_component_analysis.pl:report_sound_constraint_exposure/2
giant_component_analysis.pl	report_super_spreaders	2	0	LIVE	1	giant_component_analysis.pl:run_phase1/0
giant_component_analysis.pl	report_sweep_table	1	0	LIVE	1	giant_component_analysis.pl:run_phase2/0
giant_component_analysis.pl	report_top_components	4	0	LIVE	1	giant_component_analysis.pl:report_components/2
giant_component_analysis.pl	report_top_spreaders	2	0	LIVE	2	giant_component_analysis.pl:report_contamination_sources/2;giant_component_analysis.pl:report_super_spreaders/2
giant_component_analysis.pl	report_type_distribution	2	0	LIVE	1	giant_component_analysis.pl:run_phase1/0
giant_component_analysis.pl	run_giant_component_analysis	0	1	ENTRYPOINT_CLI	0	
giant_component_analysis.pl	run_phase1	0	1	LIVE	2	covering_analysis.pl:run_covering_analysis/0;giant_component_analysis.pl:run_giant_component_analysis/0
giant_component_analysis.pl	run_phase2	0	1	LIVE	2	covering_analysis.pl:run_covering_analysis/0;giant_component_analysis.pl:run_giant_component_analysis/0
giant_component_analysis.pl	run_phase3	0	1	LIVE	1	giant_component_analysis.pl:run_giant_component_analysis/0
giant_component_analysis.pl	run_phase4	0	1	LIVE	1	giant_component_analysis.pl:run_giant_component_analysis/0
giant_component_analysis.pl	sweep_thresholds	3	0	LIVE	1	giant_component_analysis.pl:run_phase2/0
giant_component_analysis.pl	within_dist	2	0	LIVE	1	giant_component_analysis.pl:count_within_distance/3
giant_component_analysis.pl	would_cross_threshold	5	0	LIVE	1	giant_component_analysis.pl:report_sound_rows/3
global_delta_report.pl	all_constraints	1	0	LIVE	1	global_delta_report.pl:run_delta_report/0
global_delta_report.pl	chi_histogram	1	0	LIVE	1	global_delta_report.pl:run_delta_report/0
global_delta_report.pl	compare_one	4	0	LIVE	1	global_delta_report.pl:run_delta_report/0
global_delta_report.pl	count_structural_data	1	0	LIVE	1	global_delta_report.pl:run_delta_report/0
global_delta_report.pl	has_beneficiary	1	0	LIVE	3	global_delta_report.pl:count_structural_data/1;global_delta_report.pl:has_both/1;global_delta_report.pl:has_either/1
global_delta_report.pl	has_both	1	0	LIVE	1	global_delta_report.pl:count_structural_data/1
global_delta_report.pl	has_either	1	0	LIVE	1	global_delta_report.pl:count_structural_data/1
global_delta_report.pl	has_override	1	0	LIVE	1	global_delta_report.pl:run_delta_report/0
global_delta_report.pl	has_override_any	1	0	LIVE	1	global_delta_report.pl:count_structural_data/1
global_delta_report.pl	has_victim	1	0	LIVE	3	global_delta_report.pl:count_structural_data/1;global_delta_report.pl:has_both/1;global_delta_report.pl:has_either/1
global_delta_report.pl	in_bin	3	0	LIVE	1	global_delta_report.pl:chi_histogram/1
global_delta_report.pl	is_d_only_shift	1	0	LIVE	1	global_delta_report.pl:run_delta_report/0
global_delta_report.pl	is_structural_only	1	0	LIVE	1	global_delta_report.pl:run_delta_report/0
global_delta_report.pl	is_type_shift	1	0	LIVE	1	global_delta_report.pl:run_delta_report/0
global_delta_report.pl	matches_perspective	2	0	LIVE	1	global_delta_report.pl:run_delta_report/0
global_delta_report.pl	print_shift	1	0	LIVE	1	global_delta_report.pl:run_delta_report/0
global_delta_report.pl	print_top_n	3	0	LIVE	1	global_delta_report.pl:run_delta_report/0
global_delta_report.pl	run_delta_report	0	1	ENTRYPOINT_CLI	0	
global_delta_report.pl	std_ctx	2	0	LIVE	1	global_delta_report.pl:run_delta_report/0
grothendieck_cohomology.pl	:	2	0	STATIC_ORPHAN	0	
grothendieck_cohomology.pl	acc_icm	3	0	LIVE	1	grothendieck_cohomology.pl:in_chain_monotonicity/2
grothendieck_cohomology.pl	acc_ooc_positions	3	0	LIVE	1	grothendieck_cohomology.pl:count_ooc_by_position/5
grothendieck_cohomology.pl	adjacent_deltas	2	0	LIVE	2	grothendieck_cohomology.pl:acc_icm/3;grothendieck_cohomology.pl:orbit_monotonicity/2
grothendieck_cohomology.pl	analytical_type	2	0	LIVE	2	grothendieck_cohomology.pl:contextuality_by_type/1;grothendieck_cohomology.pl:corpus_cohomology/1
grothendieck_cohomology.pl	cached_obstruction	3	0	LIVE	11	grothendieck_cohomology.pl:cohomological_obstruction/3;grothendieck_cohomology.pl:cohomology_selftest/0;grothendieck_cohomology.pl:contextuality_by_type/1;grothendieck_cohomology.pl:contextuality_fraction/1;grothendieck_cohomology.pl:contextuality_summary/1;grothendieck_cohomology.pl:corpus_cohomology/1;grothendieck_cohomology.pl:corpus_monotonicity/1;grothendieck_cohomology.pl:ensure_corpus_computed/0;grothendieck_cohomology.pl:incomparable_decomposition/1;grothendieck_cohomology.pl:incomparable_h1_dist/2;quantum_verification_report.pl:query_maxent_divergence_vs_h1/1
grothendieck_cohomology.pl	classify_all_monotonicity	11	0	LIVE	1	grothendieck_cohomology.pl:corpus_monotonicity/1
grothendieck_cohomology.pl	classify_deltas	2	0	LIVE	2	grothendieck_cohomology.pl:acc_icm/3;grothendieck_cohomology.pl:orbit_monotonicity/2
grothendieck_cohomology.pl	cohomological_obstruction	3	1	LIVE	18	abductive_triggers.pl:rare_stress_gate/3;abductive_triggers.pl:trigger_classical_oracle_failure/3;abductive_triggers.pl:trigger_epistemic_trap/3;abductive_triggers.pl:trigger_hub_conflict/3;abductive_triggers.pl:trigger_maxent_divergence/3;diagnostic_summary.pl:expected_conflict_pattern/6;diagnostic_summary.pl:probe_cohomology/3;grothendieck_cohomology.pl:constraint_contextuality/2;grothendieck_cohomology.pl:descent_status/2;grothendieck_cohomology.pl:force_obstruction/1;json_report.pl:reading_h1_list/3;json_report.pl:write_per_constraint_entry/4;persistence_export.pl:emit_h1/1;probe_mc_cases.pl:run/0;quantum_verification_report.pl:query_hub_conflict_vs_h1/0;quantum_verification_report.pl:query_maxent_divergence_vs_h1/1;sheaf_analysis.pl:sheaf_status/2;sheaf_analysis.pl:sheaf_undetermined_reason/2
grothendieck_cohomology.pl	cohomology_cleanup	0	1	LIVE	3	grothendieck_cohomology.pl:clear_hook/0;grothendieck_cohomology.pl:corpus_cohomology/1;persistence_export.pl:export_classifications_with_topology/0
grothendieck_cohomology.pl	cohomology_enabled	0	1	ENTRYPOINT_CLI	0	
grothendieck_cohomology.pl	cohomology_run_info	5	0	STATIC_ORPHAN	0	
grothendieck_cohomology.pl	cohomology_selftest	0	1	ENTRYPOINT_CLI	0	
grothendieck_cohomology.pl	constraint_contextuality	2	1	LIVE	1	json_report.pl:write_per_constraint_entry/4
grothendieck_cohomology.pl	contextuality_by_type	1	1	LIVE	2	grothendieck_cohomology.pl:contextuality_summary/1;json_report.pl:write_diagnostic_object/3
grothendieck_cohomology.pl	contextuality_fraction	1	1	LIVE	2	grothendieck_cohomology.pl:contextuality_summary/1;json_report.pl:write_diagnostic_object/3
grothendieck_cohomology.pl	contextuality_summary	1	1	LIVE	1	grothendieck_cohomology.pl:cohomology_selftest/0
grothendieck_cohomology.pl	corpus_cohomology	1	1	LIVE	4	grothendieck_cohomology.pl:cohomology_selftest/0;grothendieck_cohomology.pl:ensure_corpus_computed/0;json_report.pl:run_json_report/0;quantum_verification_report.pl:run_quantum_verification/0
grothendieck_cohomology.pl	corpus_monotonicity	1	1	LIVE	2	grothendieck_cohomology.pl:cohomology_selftest/0;json_report.pl:write_diagnostic_object/3
grothendieck_cohomology.pl	count_boundary_positions	4	0	LIVE	1	grothendieck_cohomology.pl:corpus_monotonicity/1
grothendieck_cohomology.pl	count_disagreeing_pairs	2	0	LIVE	2	grothendieck_cohomology.pl:obstruction_from_vector/3;product_site_export.pl:write_one_entry/5
grothendieck_cohomology.pl	count_ooc_by_position	5	0	LIVE	1	grothendieck_cohomology.pl:incomparable_decomposition/1
grothendieck_cohomology.pl	count_ooc_by_type	3	0	LIVE	1	grothendieck_cohomology.pl:incomparable_decomposition/1
grothendieck_cohomology.pl	count_reversals	2	0	LIVE	1	grothendieck_cohomology.pl:classify_deltas/2
grothendieck_cohomology.pl	count_sign_changes	3	0	LIVE	1	grothendieck_cohomology.pl:count_reversals/2
grothendieck_cohomology.pl	descent_status	2	1	LIVE	1	diagnostic_summary.pl:probe_cohomology/3
grothendieck_cohomology.pl	det_extraction_rank	2	0	LIVE	1	grothendieck_cohomology.pl:acc_icm/3
grothendieck_cohomology.pl	ensure_corpus_computed	0	0	LIVE	4	grothendieck_cohomology.pl:contextuality_by_type/1;grothendieck_cohomology.pl:contextuality_fraction/1;grothendieck_cohomology.pl:corpus_monotonicity/1;grothendieck_cohomology.pl:incomparable_decomposition/1
grothendieck_cohomology.pl	extraction_rank	2	1	LIVE	3	grothendieck_cohomology.pl:det_extraction_rank/2;grothendieck_cohomology.pl:is_ooc/1;grothendieck_cohomology.pl:orbit_monotonicity/2
grothendieck_cohomology.pl	find_boundaries	3	0	LIVE	1	grothendieck_cohomology.pl:transition_boundaries/2
grothendieck_cohomology.pl	force_obstruction	1	0	LIVE	1	grothendieck_cohomology.pl:corpus_cohomology/1
grothendieck_cohomology.pl	has_ooc_type	2	0	LIVE	1	grothendieck_cohomology.pl:count_ooc_by_type/3
grothendieck_cohomology.pl	in_chain_monotonicity	2	0	LIVE	1	grothendieck_cohomology.pl:incomparable_decomposition/1
grothendieck_cohomology.pl	incomparable_decomposition	1	0	LIVE	1	grothendieck_cohomology.pl:cohomology_selftest/0
grothendieck_cohomology.pl	incomparable_h1_dist	2	0	LIVE	1	grothendieck_cohomology.pl:incomparable_decomposition/1
grothendieck_cohomology.pl	is_ooc	1	0	LIVE	1	grothendieck_cohomology.pl:acc_ooc_positions/3
grothendieck_cohomology.pl	is_real_type	1	1	LIVE	9	cs_kernel_registry.pl:cs_kernel_divergence/4;cs_kernel_registry.pl:pair_reading_agreement/7;cs_kernel_registry.pl:real_submap_key/2;cs_kernel_registry.pl:real_typemap/2;grothendieck_cohomology.pl:constraint_contextuality/2;grothendieck_cohomology.pl:count_disagreeing_pairs/2;grothendieck_cohomology.pl:obstruction_from_vector/3;product_site_export.pl:count_differs/3;product_site_export.pl:write_one_entry/5
grothendieck_cohomology.pl	obstruction_from_vector	3	1	LIVE	1	grothendieck_cohomology.pl:cohomological_obstruction/3
grothendieck_cohomology.pl	orbit_monotonicity	2	1	LIVE	4	grothendieck_cohomology.pl:classify_all_monotonicity/11;grothendieck_cohomology.pl:cohomology_selftest/0;grothendieck_cohomology.pl:incomparable_decomposition/1;json_report.pl:write_per_constraint_entry/4
grothendieck_cohomology.pl	orbit_vector	2	0	LIVE	10	grothendieck_cohomology.pl:acc_icm/3;grothendieck_cohomology.pl:acc_ooc_positions/3;grothendieck_cohomology.pl:cohomological_obstruction/3;grothendieck_cohomology.pl:cohomology_selftest/0;grothendieck_cohomology.pl:constraint_contextuality/2;grothendieck_cohomology.pl:corpus_cohomology/1;grothendieck_cohomology.pl:descent_status/2;grothendieck_cohomology.pl:has_ooc_type/2;grothendieck_cohomology.pl:orbit_monotonicity/2;grothendieck_cohomology.pl:transition_boundaries/2
grothendieck_cohomology.pl	ordered_contexts	1	0	LIVE	1	grothendieck_cohomology.pl:orbit_vector/2
grothendieck_cohomology.pl	transition_boundaries	2	1	LIVE	2	grothendieck_cohomology.pl:count_boundary_positions/4;json_report.pl:write_per_constraint_entry/4
grothendieck_cohomology.pl	type_at_context	3	0	LIVE	1	grothendieck_cohomology.pl:orbit_vector/2
guard_exclusions.pl	nl_chain_exclusion	2	1	LIVE	1	signature_detection.pl:only_mountain_classifications/1
inferred_coupling_protocol.pl	all_measurement_constraints	1	0	LIVE	1	inferred_coupling_protocol.pl:run_coupling_protocol/0
inferred_coupling_protocol.pl	bfs_all_components	3	0	LIVE	1	inferred_coupling_protocol.pl:run_coupling_protocol/0
inferred_coupling_protocol.pl	bfs_expand	4	0	LIVE	1	inferred_coupling_protocol.pl:bfs_reach/3
inferred_coupling_protocol.pl	bfs_loop	4	0	LIVE	1	inferred_coupling_protocol.pl:bfs_all_components/3
inferred_coupling_protocol.pl	bfs_reach	3	0	LIVE	1	inferred_coupling_protocol.pl:bfs_loop/4
inferred_coupling_protocol.pl	classify_safe_local	3	0	LIVE	1	inferred_coupling_protocol.pl:report_bridge_analysis/3
inferred_coupling_protocol.pl	compute_baseline_edges	2	0	LIVE	1	inferred_coupling_protocol.pl:run_coupling_protocol/0
inferred_coupling_protocol.pl	compute_coupling	3	0	LIVE	2	inferred_coupling_protocol.pl:discover_all_inferred_edges/2;inferred_coupling_protocol.pl:verify_designed_pairs/1
inferred_coupling_protocol.pl	constraint_gradients	2	0	LIVE	2	inferred_coupling_protocol.pl:compute_coupling/3;inferred_coupling_protocol.pl:discover_all_inferred_edges/2
inferred_coupling_protocol.pl	designed_pair	5	0	LIVE	1	inferred_coupling_protocol.pl:verify_designed_pairs/1
inferred_coupling_protocol.pl	discover_all_inferred_edges	2	0	LIVE	1	inferred_coupling_protocol.pl:run_coupling_protocol/0
inferred_coupling_protocol.pl	find_component	3	0	LIVE	1	inferred_coupling_protocol.pl:report_bridge_analysis/3
inferred_coupling_protocol.pl	format_gradient_list	2	0	LIVE	1	inferred_coupling_protocol.pl:report_gradients/1
inferred_coupling_protocol.pl	grad_pass	1	0	LIVE	1	inferred_coupling_protocol.pl:report_gradients/1
inferred_coupling_protocol.pl	gradient_at	3	0	LIVE	2	inferred_coupling_protocol.pl:constraint_gradients/2;inferred_coupling_protocol.pl:verify_gradients/2
inferred_coupling_protocol.pl	is_bridge	2	0	LIVE	1	inferred_coupling_protocol.pl:report_bridge_analysis/3
inferred_coupling_protocol.pl	pair_pass	1	0	LIVE	1	inferred_coupling_protocol.pl:report_pairs/1
inferred_coupling_protocol.pl	report_all_inferred	1	0	LIVE	1	inferred_coupling_protocol.pl:report_full/8
inferred_coupling_protocol.pl	report_bridge_analysis	3	0	LIVE	1	inferred_coupling_protocol.pl:report_full/8
inferred_coupling_protocol.pl	report_full	8	0	LIVE	1	inferred_coupling_protocol.pl:run_coupling_protocol/0
inferred_coupling_protocol.pl	report_gradients	1	0	LIVE	1	inferred_coupling_protocol.pl:report_full/8
inferred_coupling_protocol.pl	report_network_impact	5	0	LIVE	1	inferred_coupling_protocol.pl:report_full/8
inferred_coupling_protocol.pl	report_pairs	1	0	LIVE	1	inferred_coupling_protocol.pl:report_full/8
inferred_coupling_protocol.pl	report_protocol_doc	0	0	LIVE	1	inferred_coupling_protocol.pl:report_full/8
inferred_coupling_protocol.pl	run_coupling_protocol	0	1	ENTRYPOINT_CLI	0	
inferred_coupling_protocol.pl	same_component	3	0	LIVE	2	inferred_coupling_protocol.pl:is_bridge/2;inferred_coupling_protocol.pl:report_bridge_analysis/3
inferred_coupling_protocol.pl	verify_designed_pairs	1	0	LIVE	1	inferred_coupling_protocol.pl:run_coupling_protocol/0
inferred_coupling_protocol.pl	verify_gradients	2	0	LIVE	1	inferred_coupling_protocol.pl:run_coupling_protocol/0
intent_engine.pl	analyze_intent	1	1	LIVE	1	test_harness.pl:run_all_tests/2
intent_engine.pl	classify_interval	3	1	LIVE	2	intent_engine.pl:analyze_intent/1;report_generator.pl:generate_full_report/1
intent_engine.pl	classify_non_intent	2	0	LIVE	1	intent_engine.pl:classify_interval/3
intent_engine.pl	fallback_confidence	2	0	LIVE	1	intent_engine.pl:classify_interval/3
invertibility_analysis.pl	analyze_tangled_constraint	1	0	LIVE	1	invertibility_analysis.pl:tangled_rope_band_analysis/0
invertibility_analysis.pl	attribute_losses_for_family	1	0	LIVE	1	invertibility_analysis.pl:run_invertibility_analysis/0
invertibility_analysis.pl	check_coalition_change	3	0	LIVE	1	invertibility_analysis.pl:single_loss_check/4
invertibility_analysis.pl	check_gate_priority_shadow	3	0	LIVE	1	invertibility_analysis.pl:single_loss_check/4
invertibility_analysis.pl	check_immutability_flip	2	0	LIVE	1	invertibility_analysis.pl:single_loss_check/4
invertibility_analysis.pl	check_signature_divergence	3	0	LIVE	1	invertibility_analysis.pl:single_loss_check/4
invertibility_analysis.pl	check_threshold_crossing	3	0	LIVE	1	invertibility_analysis.pl:single_loss_check/4
invertibility_analysis.pl	chi_subband	2	0	LIVE	1	invertibility_analysis.pl:analyze_tangled_constraint/1
invertibility_analysis.pl	collect_same_sig	4	0	LIVE	1	invertibility_analysis.pl:group_orbit_pairs/2
invertibility_analysis.pl	compute_chi_at_context	4	1	LIVE	4	invertibility_analysis.pl:analyze_tangled_constraint/1;invertibility_analysis.pl:check_gate_priority_shadow/3;invertibility_analysis.pl:check_signature_divergence/3;invertibility_analysis.pl:check_threshold_crossing/3
invertibility_analysis.pl	constraint_orbit_signature	2	0	LIVE	1	invertibility_analysis.pl:enumerate_orbit_families/0
invertibility_analysis.pl	context_label	2	0	LIVE	5	context_profile_mining.pl:build_trajectory_point/4;invertibility_analysis.pl:reconstruct_from_type_only/5;invertibility_analysis.pl:report_context_pair/4;invertibility_analysis.pl:report_family_detail/1;temporal_residual.pl:residual_report/2
invertibility_analysis.pl	corpus_loaded_inv	0	0	ENTRYPOINT_CLI	0	
invertibility_analysis.pl	count_roundtrips	4	0	LIVE	2	invertibility_analysis.pl:report_executive_summary/0;invertibility_analysis.pl:report_family_brief/1
invertibility_analysis.pl	count_type_at_context	3	0	LIVE	1	invertibility_analysis.pl:report_tangled_band/0
invertibility_analysis.pl	enumerate_orbit_families	0	1	LIVE	1	invertibility_analysis.pl:run_invertibility_analysis/0
invertibility_analysis.pl	extract_pipeline_invariants	2	1	STATIC_ORPHAN	0	
invertibility_analysis.pl	gate_priority	2	0	LIVE	1	invertibility_analysis.pl:check_gate_priority_shadow/3
invertibility_analysis.pl	generate_invertibility_report	0	1	LIVE	1	invertibility_analysis.pl:run_invertibility_analysis/0
invertibility_analysis.pl	group_orbit_pairs	2	0	LIVE	1	invertibility_analysis.pl:enumerate_orbit_families/0
invertibility_analysis.pl	inv_loss	4	0	LIVE	2	invertibility_analysis.pl:report_family_loss/1;invertibility_analysis.pl:report_loss_attribution/0
invertibility_analysis.pl	inv_orbit_family	2	0	LIVE	8	invertibility_analysis.pl:attribute_losses_for_family/1;invertibility_analysis.pl:report_executive_summary/0;invertibility_analysis.pl:report_family_brief/1;invertibility_analysis.pl:report_family_detail/1;invertibility_analysis.pl:report_family_loss/1;invertibility_analysis.pl:report_strategy_b_results/0;invertibility_analysis.pl:run_invertibility_analysis/0;invertibility_analysis.pl:tangled_rope_band_analysis/0
invertibility_analysis.pl	inv_roundtrip	7	0	LIVE	9	invertibility_analysis.pl:attribute_losses_for_family/1;invertibility_analysis.pl:count_roundtrips/4;invertibility_analysis.pl:report_context_pair/4;invertibility_analysis.pl:report_executive_summary/0;invertibility_analysis.pl:report_family_detail/1;invertibility_analysis.pl:report_family_loss/1;invertibility_analysis.pl:report_loss_attribution/0;invertibility_analysis.pl:report_scholze_assessment/0;invertibility_analysis.pl:run_invertibility_analysis/0
invertibility_analysis.pl	inv_standard_context	1	0	LIVE	2	invertibility_analysis.pl:report_family_detail/1;invertibility_analysis.pl:run_roundtrips/2
invertibility_analysis.pl	inv_tangled_band	4	0	LIVE	3	invertibility_analysis.pl:count_type_at_context/3;invertibility_analysis.pl:report_practical_implications/0;invertibility_analysis.pl:report_tangled_band/0
invertibility_analysis.pl	invert_chi_to_directionality	4	1	STATIC_ORPHAN	0	
invertibility_analysis.pl	pattern_has_type_at	3	0	LIVE	1	invertibility_analysis.pl:count_type_at_context/3
invertibility_analysis.pl	pipeline_lossiness	4	1	LIVE	1	invertibility_analysis.pl:attribute_losses_for_family/1
invertibility_analysis.pl	predict_rope_snare	4	0	LIVE	1	invertibility_analysis.pl:reconstruct_from_type_only/5
invertibility_analysis.pl	predict_rope_tangled	4	0	LIVE	1	invertibility_analysis.pl:reconstruct_from_type_only/5
invertibility_analysis.pl	predict_snare_tangled	4	0	LIVE	1	invertibility_analysis.pl:reconstruct_from_type_only/5
invertibility_analysis.pl	predict_three_type	4	0	LIVE	1	invertibility_analysis.pl:reconstruct_from_type_only/5
invertibility_analysis.pl	reconstruct_classification	5	1	STATIC_ORPHAN	0	
invertibility_analysis.pl	reconstruct_from_type_only	5	1	LIVE	1	invertibility_analysis.pl:run_single_roundtrip/4
invertibility_analysis.pl	report_context_pair	4	0	LIVE	1	invertibility_analysis.pl:report_family_detail/1
invertibility_analysis.pl	report_executive_summary	0	0	LIVE	1	invertibility_analysis.pl:generate_invertibility_report/0
invertibility_analysis.pl	report_family_brief	1	0	LIVE	1	invertibility_analysis.pl:report_strategy_b_results/0
invertibility_analysis.pl	report_family_detail	1	0	LIVE	1	invertibility_analysis.pl:report_strategy_b_results/0
invertibility_analysis.pl	report_family_loss	1	0	LIVE	1	invertibility_analysis.pl:report_loss_attribution/0
invertibility_analysis.pl	report_loss_attribution	0	0	LIVE	1	invertibility_analysis.pl:generate_invertibility_report/0
invertibility_analysis.pl	report_practical_implications	0	0	LIVE	1	invertibility_analysis.pl:generate_invertibility_report/0
invertibility_analysis.pl	report_scholze_assessment	0	0	LIVE	1	invertibility_analysis.pl:generate_invertibility_report/0
invertibility_analysis.pl	report_strategy_b_results	0	0	LIVE	1	invertibility_analysis.pl:generate_invertibility_report/0
invertibility_analysis.pl	report_tangled_band	0	0	LIVE	1	invertibility_analysis.pl:generate_invertibility_report/0
invertibility_analysis.pl	run_invertibility_analysis	0	1	ENTRYPOINT_CLI	0	
invertibility_analysis.pl	run_roundtrips	2	0	LIVE	1	invertibility_analysis.pl:run_invertibility_analysis/0
invertibility_analysis.pl	run_single_roundtrip	4	0	LIVE	1	invertibility_analysis.pl:run_roundtrips/2
invertibility_analysis.pl	single_loss_check	4	0	LIVE	1	invertibility_analysis.pl:pipeline_lossiness/4
invertibility_analysis.pl	take_n	3	0	LIVE	2	invertibility_analysis.pl:report_family_detail/1;quantum_verification_report.pl:query_restricted_vs_gauge_fixed/0
invertibility_analysis.pl	tangled_rope_band_analysis	0	1	LIVE	1	invertibility_analysis.pl:run_invertibility_analysis/0
isomorphism_engine.pl	calculate_profile_distance	3	0	LIVE	1	isomorphism_engine.pl:find_isomorphism/3
isomorphism_engine.pl	cluster_by_signature	2	1	STATIC_ORPHAN	0	
isomorphism_engine.pl	find_high_risk_isomorphism	3	1	LIVE	2	constraint_bridge.pl:check_for_social_twins/2;isomorphism_report.pl:generate_high_risk_index/0
isomorphism_engine.pl	find_isomorphism	3	1	LIVE	3	isomorphism_engine.pl:find_high_risk_isomorphism/3;isomorphism_engine.pl:generate_cross_domain_index/1;report_generator.pl:cross_domain_audit/0
isomorphism_engine.pl	generate_cross_domain_index	1	1	LIVE	1	isomorphism_report.pl:generate_isomorphism_report/0
isomorphism_engine.pl	is_high_risk	1	0	LIVE	1	isomorphism_engine.pl:find_high_risk_isomorphism/3
isomorphism_report.pl	generate_high_risk_index	0	0	ENTRYPOINT_CLI	0	
isomorphism_report.pl	generate_isomorphism_report	0	1	ENTRYPOINT_CLI	0	
isomorphism_report.pl	get_logic_explanation	3	0	LIVE	1	isomorphism_report.pl:generate_isomorphism_report/0
isomorphism_report.pl	is_social	1	0	LIVE	1	isomorphism_report.pl:generate_isomorphism_report/0
isomorphism_report.pl	is_technical	1	0	LIVE	2	isomorphism_report.pl:generate_high_risk_index/0;isomorphism_report.pl:generate_isomorphism_report/0
json_report.pl	abd_triggers	2	0	LIVE	2	diagnostic_summary.pl:probe_abductive/4;post_synthesis.pl:post_synthesis_check/3
json_report.pl	assert_abd_pairs	3	0	LIVE	1	json_report.pl:load_abductive_file/2
json_report.pl	boltzmann_label	2	0	LIVE	2	json_report.pl:tally_boltzmann/2;json_report.pl:write_coupling_object/2
json_report.pl	collect_omegas	2	0	LIVE	1	json_report.pl:write_per_constraint_entry/4
json_report.pl	compute_accelerations	2	0	LIVE	1	json_report.pl:write_one_metric_series/4
json_report.pl	compute_rates	2	0	LIVE	2	export_oq119_corpus_join.pl:metric_temporal/3;json_report.pl:write_one_metric_series/4
json_report.pl	count_run	4	0	LIVE	2	fingerprint_report.pl:report_counts/1;json_report.pl:run_length_encode/2
json_report.pl	coupling_liveness_fields	4	0	LIVE	1	json_report.pl:write_coupling_object/2
json_report.pl	escape_chars	2	0	LIVE	1	json_report.pl:json_escape_string/2
json_report.pl	flip_pair	2	0	LIVE	1	json_report.pl:msort_by_prob_desc/2
json_report.pl	idx_entropy_acc	3	0	LIVE	1	json_report.pl:write_maxent_indexed/3
json_report.pl	json_escape_string	2	0	LIVE	4	json_report.pl:write_divergence_pattern/2;json_report.pl:write_json_string/2;json_report.pl:write_kv_int_pairs/2;json_report.pl:write_kv_str_pairs/2
json_report.pl	json_trigger_to_term	2	0	LIVE	1	json_report.pl:assert_abd_pairs/3
json_report.pl	live_index_label	3	0	LIVE	1	json_report.pl:coupling_liveness_fields/4
json_report.pl	load_abductive_data	0	0	LIVE	1	json_report.pl:run_json_report/0
json_report.pl	load_abductive_file	2	0	LIVE	1	json_report.pl:load_abductive_data/0
json_report.pl	mono_status_to_string	2	0	LIVE	1	json_report.pl:write_per_constraint_entry/4
json_report.pl	msort_by_prob_desc	2	0	LIVE	1	json_report.pl:write_maxent_indexed/3
json_report.pl	omega_for_constraint	2	0	LIVE	1	json_report.pl:collect_omegas/2
json_report.pl	preserve_classify_globals	1	0	LIVE	1	json_report.pl:write_per_constraint_entry/4
json_report.pl	reading_h1_list	3	0	LIVE	1	json_report.pl:write_reading_robustness/2
json_report.pl	run_json_report	0	0	ENTRYPOINT_CLI	0	
json_report.pl	run_length_encode	2	0	LIVE	9	json_report.pl:tally_boltzmann/2;json_report.pl:tally_claimed_types/2;json_report.pl:tally_coupling_categories/2;json_report.pl:tally_cs_patterns/5;json_report.pl:tally_drift_severities/2;json_report.pl:tally_omega_severities/2;json_report.pl:tally_purity_bands/2;json_report.pl:tally_signatures/2;json_report.pl:write_validation_object/2
json_report.pl	tally_boltzmann	2	0	LIVE	1	json_report.pl:write_diagnostic_object/3
json_report.pl	tally_claimed_types	2	0	LIVE	1	json_report.pl:write_diagnostic_object/3
json_report.pl	tally_coupling_categories	2	0	LIVE	1	json_report.pl:write_diagnostic_object/3
json_report.pl	tally_cs_patterns	5	0	LIVE	1	json_report.pl:write_validation_object/2
json_report.pl	tally_drift_severities	2	0	LIVE	1	json_report.pl:write_diagnostic_object/3
json_report.pl	tally_omega_severities	2	0	LIVE	1	json_report.pl:write_validation_object/2
json_report.pl	tally_purity_bands	2	0	LIVE	1	json_report.pl:write_diagnostic_object/3
json_report.pl	tally_signatures	2	0	LIVE	1	json_report.pl:write_validation_object/2
json_report.pl	wm_emit	3	0	LIVE	1	json_report.pl:write_per_constraint_entry/4
json_report.pl	wm_token	3	0	LIVE	1	json_report.pl:write_per_constraint_entry/4
json_report.pl	write_accel_list	2	0	LIVE	1	json_report.pl:write_one_metric_series/4
json_report.pl	write_boundary_array	2	0	LIVE	1	json_report.pl:write_per_constraint_entry/4
json_report.pl	write_classification_array	2	0	LIVE	1	json_report.pl:write_per_constraint_entry/4
json_report.pl	write_classification_items	2	0	LIVE	1	json_report.pl:write_classification_array/2
json_report.pl	write_config_object	1	0	LIVE	1	json_report.pl:write_pipeline_json/4
json_report.pl	write_config_pairs	2	0	LIVE	1	json_report.pl:write_config_object/1
json_report.pl	write_contamination_network	3	0	LIVE	1	json_report.pl:write_per_constraint_entry/4
json_report.pl	write_convergent_rejections_array	2	0	LIVE	1	json_report.pl:write_diagnostic_verdict_from_summary/2
json_report.pl	write_count_entries	2	0	LIVE	1	json_report.pl:write_json_count_object/2
json_report.pl	write_coupling_object	2	0	LIVE	1	json_report.pl:write_per_constraint_entry/4
json_report.pl	write_cr_items	2	0	LIVE	1	json_report.pl:write_convergent_rejections_array/2
json_report.pl	write_ctx_residual_list	2	0	LIVE	1	json_report.pl:write_temporal_residual/2
json_report.pl	write_diagnostic_object	3	0	LIVE	1	json_report.pl:write_pipeline_json/4
json_report.pl	write_diagnostic_verdict	2	0	STATIC_ORPHAN	0	
json_report.pl	write_diagnostic_verdict_from_summary	2	0	LIVE	2	json_report.pl:write_diagnostic_verdict/2;json_report.pl:write_per_constraint_entry/4
json_report.pl	write_divergence_pattern	2	0	LIVE	1	json_report.pl:write_divergence_patterns/2
json_report.pl	write_divergence_patterns	2	0	LIVE	1	json_report.pl:write_reading_robustness/2
json_report.pl	write_drift_array	2	0	LIVE	1	json_report.pl:write_per_constraint_entry/4
json_report.pl	write_drift_trajectory	2	0	LIVE	1	json_report.pl:write_per_constraint_entry/4
json_report.pl	write_ec_items	2	0	LIVE	1	json_report.pl:write_expected_conflicts_array/2
json_report.pl	write_expected_conflicts_array	2	0	LIVE	1	json_report.pl:write_diagnostic_verdict_from_summary/2
json_report.pl	write_flip_list	2	0	LIVE	1	json_report.pl:write_one_ctx_residual/4
json_report.pl	write_gap_array	2	0	LIVE	1	json_report.pl:write_per_constraint_entry/4
json_report.pl	write_gap_items	2	0	LIVE	1	json_report.pl:write_gap_array/2
json_report.pl	write_grid_prov	2	0	LIVE	1	json_report.pl:write_verdict_join/3
json_report.pl	write_h1_pair	3	0	LIVE	1	json_report.pl:write_h1_pairs/2
json_report.pl	write_h1_pairs	2	0	LIVE	1	json_report.pl:write_reading_robustness/2
json_report.pl	write_jaccard_pair	2	0	LIVE	1	json_report.pl:write_jaccard_pairs/2
json_report.pl	write_jaccard_pairs	2	0	LIVE	1	json_report.pl:write_reading_robustness/2
json_report.pl	write_join_alert	4	0	LIVE	1	json_report.pl:write_join_alerts/2
json_report.pl	write_join_alerts	2	0	LIVE	1	json_report.pl:write_verdict_join/3
json_report.pl	write_json_count_object	2	0	LIVE	2	json_report.pl:write_diagnostic_object/3;json_report.pl:write_validation_object/2
json_report.pl	write_json_number	2	0	LIVE	8	json_report.pl:write_contamination_network/3;json_report.pl:write_coupling_object/2;json_report.pl:write_json_param_value/2;json_report.pl:write_maxent_divergence/3;json_report.pl:write_maxent_indexed/3;json_report.pl:write_one_neighbor/6;json_report.pl:write_one_perspective_chi/4;json_report.pl:write_per_constraint_entry/4
json_report.pl	write_json_param_value	2	0	LIVE	1	json_report.pl:write_config_pairs/2
json_report.pl	write_json_string	2	0	LIVE	22	json_report.pl:write_coupling_object/2;json_report.pl:write_cr_items/2;json_report.pl:write_diagnostic_object/3;json_report.pl:write_diagnostic_verdict_from_summary/2;json_report.pl:write_ec_items/2;json_report.pl:write_gap_items/2;json_report.pl:write_join_alert/4;json_report.pl:write_json_param_value/2;json_report.pl:write_maxent_divergence/3;json_report.pl:write_maxent_indexed/3;json_report.pl:write_maxent_top_type_field/3;json_report.pl:write_omega_items/2;json_report.pl:write_one_neighbor/6;json_report.pl:write_one_perspective/4;json_report.pl:write_per_constraint_entry/4;json_report.pl:write_ps_detail_value/2;json_report.pl:write_ps_flag_items/2;json_report.pl:write_single_classification/6;json_report.pl:write_single_type_entry/2;json_report.pl:write_string_items/2;json_report.pl:write_tension_items/2;json_report.pl:write_verdict_join/3
json_report.pl	write_json_string_array	2	0	LIVE	4	json_report.pl:write_cr_items/2;json_report.pl:write_diagnostic_verdict_from_summary/2;json_report.pl:write_per_constraint_entry/4;json_report.pl:write_ps_detail_value/2
json_report.pl	write_kernel_comparison_array	2	0	LIVE	1	json_report.pl:write_validation_object/2
json_report.pl	write_kernel_comparison_entry	3	0	LIVE	1	json_report.pl:write_kernel_comparison_array/2
json_report.pl	write_kv_int_pairs	2	0	LIVE	1	json_report.pl:write_divergence_pattern/2
json_report.pl	write_kv_str_pairs	2	0	LIVE	1	json_report.pl:write_divergence_pattern/2
json_report.pl	write_maxent_dist_entries	2	0	LIVE	3	json_report.pl:write_maxent_indexed/3;json_report.pl:write_maxent_probs/3;json_report.pl:write_raw_maxent_probs/3
json_report.pl	write_maxent_divergence	3	0	LIVE	1	json_report.pl:write_per_constraint_entry/4
json_report.pl	write_maxent_entropy_field	3	0	LIVE	1	json_report.pl:write_per_constraint_entry/4
json_report.pl	write_maxent_indexed	3	0	LIVE	1	json_report.pl:write_per_constraint_entry/4
json_report.pl	write_maxent_probs	3	0	LIVE	1	json_report.pl:write_per_constraint_entry/4
json_report.pl	write_maxent_top_type_field	3	0	LIVE	1	json_report.pl:write_per_constraint_entry/4
json_report.pl	write_metric_series_list	3	0	LIVE	1	json_report.pl:write_drift_trajectory/2
json_report.pl	write_neighbor_array	4	0	LIVE	1	json_report.pl:write_contamination_network/3
json_report.pl	write_neighbor_items	4	0	LIVE	1	json_report.pl:write_neighbor_array/4
json_report.pl	write_num_or_null	2	0	LIVE	1	json_report.pl:write_one_flip/2
json_report.pl	write_omega_array	2	0	LIVE	1	json_report.pl:write_per_constraint_entry/4
json_report.pl	write_omega_items	2	0	LIVE	1	json_report.pl:write_omega_array/2
json_report.pl	write_one_ctx_residual	4	0	LIVE	1	json_report.pl:write_ctx_residual_list/2
json_report.pl	write_one_flip	2	0	LIVE	1	json_report.pl:write_flip_list/2
json_report.pl	write_one_metric_series	4	0	LIVE	1	json_report.pl:write_metric_series_list/3
json_report.pl	write_one_neighbor	6	0	LIVE	1	json_report.pl:write_neighbor_items/4
json_report.pl	write_one_perspective	4	0	LIVE	1	json_report.pl:write_perspectives/2
json_report.pl	write_one_perspective_chi	4	0	LIVE	1	json_report.pl:write_perspective_chi/2
json_report.pl	write_per_constraint_array	3	0	LIVE	1	json_report.pl:write_pipeline_json/4
json_report.pl	write_per_constraint_entry	4	0	LIVE	1	json_report.pl:write_per_constraint_array/3
json_report.pl	write_perspective_chi	2	0	LIVE	1	json_report.pl:write_per_constraint_entry/4
json_report.pl	write_perspective_witness	2	0	LIVE	1	json_report.pl:write_per_constraint_entry/4
json_report.pl	write_perspectives	2	0	LIVE	1	json_report.pl:write_per_constraint_entry/4
json_report.pl	write_pipeline_json	4	0	LIVE	1	json_report.pl:run_json_report/0
json_report.pl	write_post_synthesis_flags	2	0	LIVE	1	json_report.pl:write_per_constraint_entry/4
json_report.pl	write_ps_detail_pairs	2	0	LIVE	1	json_report.pl:write_ps_flag_items/2
json_report.pl	write_ps_detail_value	2	0	LIVE	1	json_report.pl:write_ps_detail_pairs/2
json_report.pl	write_ps_flag_items	2	0	LIVE	1	json_report.pl:write_post_synthesis_flags/2
json_report.pl	write_rate_list	2	0	LIVE	1	json_report.pl:write_one_metric_series/4
json_report.pl	write_raw_maxent_probs	3	0	LIVE	1	json_report.pl:write_per_constraint_entry/4
json_report.pl	write_reading_comparison_entry	3	0	LIVE	1	json_report.pl:write_reading_comparison_list/2
json_report.pl	write_reading_comparison_list	2	0	LIVE	1	json_report.pl:write_kernel_comparison_entry/3
json_report.pl	write_reading_robustness	2	0	LIVE	1	json_report.pl:write_kernel_comparison_entry/3
json_report.pl	write_repair_array	2	0	LIVE	1	json_report.pl:write_per_constraint_entry/4
json_report.pl	write_single_classification	6	0	LIVE	1	json_report.pl:write_classification_items/2
json_report.pl	write_single_type_entry	2	0	LIVE	1	json_report.pl:write_type_hierarchy_entries/2
json_report.pl	write_string_items	2	0	LIVE	1	json_report.pl:write_json_string_array/2
json_report.pl	write_temporal_residual	2	0	LIVE	1	json_report.pl:write_per_constraint_entry/4
json_report.pl	write_tension_items	2	0	LIVE	1	json_report.pl:write_tensions_array/2
json_report.pl	write_tensions_array	2	0	LIVE	1	json_report.pl:write_diagnostic_verdict_from_summary/2
json_report.pl	write_timepoint_array	2	0	LIVE	1	json_report.pl:write_one_metric_series/4
json_report.pl	write_type_cf_entries	2	0	LIVE	1	json_report.pl:write_type_cf_object/2
json_report.pl	write_type_cf_object	2	0	LIVE	1	json_report.pl:write_diagnostic_object/3
json_report.pl	write_type_hierarchy_entries	2	0	LIVE	1	json_report.pl:write_type_hierarchy_object/1
json_report.pl	write_type_hierarchy_object	1	0	LIVE	1	json_report.pl:write_pipeline_json/4
json_report.pl	write_validation_object	2	0	LIVE	1	json_report.pl:write_pipeline_json/4
json_report.pl	write_verdict_join	3	0	LIVE	1	json_report.pl:write_per_constraint_entry/4
json_report.pl	write_witness_pairs	2	0	LIVE	1	json_report.pl:write_perspective_witness/2
kernel_orbit_export.pl	run_kernel_orbit_export	0	1	ENTRYPOINT_CLI	0	
kernel_orbit_export.pl	run_kernel_orbit_export_to	1	1	LIVE	1	kernel_orbit_export.pl:run_kernel_orbit_export/0
kernel_orbit_export.pl	write_export	4	0	LIVE	1	kernel_orbit_export.pl:run_kernel_orbit_export_to/1
kernel_orbit_export.pl	write_pairs	2	0	LIVE	1	kernel_orbit_export.pl:write_export/4
logical_fingerprint.pl	all_shift_patterns	1	1	LIVE	1	fingerprint_report.pl:run_fingerprint_report/0
logical_fingerprint.pl	categorize_coupling	5	0	LIVE	1	logical_fingerprint.pl:fingerprint_coupling/2
logical_fingerprint.pl	classify_at_power	3	0	LIVE	1	logical_fingerprint.pl:fingerprint_shift/2
logical_fingerprint.pl	count_to_topology	2	0	LIVE	1	logical_fingerprint.pl:fingerprint_actors/2
logical_fingerprint.pl	dimension_matches	4	0	LIVE	1	logical_fingerprint.pl:fingerprint_match/4
logical_fingerprint.pl	extraction_zone	2	0	LIVE	1	logical_fingerprint.pl:fingerprint_zone/2
logical_fingerprint.pl	fingerprint_actors	2	1	LIVE	3	logical_fingerprint.pl:dimension_matches/4;logical_fingerprint.pl:logical_fingerprint/2;logical_fingerprint.pl:print_fingerprint/1
logical_fingerprint.pl	fingerprint_coupling	2	1	LIVE	7	genuine_findings_query.pl:profile_hypothesis/2;json_report.pl:tally_boltzmann/2;json_report.pl:tally_coupling_categories/2;json_report.pl:write_coupling_object/2;logical_fingerprint.pl:dimension_matches/4;logical_fingerprint.pl:logical_fingerprint/2;logical_fingerprint.pl:print_fingerprint/1
logical_fingerprint.pl	fingerprint_drift	2	1	LIVE	3	logical_fingerprint.pl:dimension_matches/4;logical_fingerprint.pl:logical_fingerprint/2;logical_fingerprint.pl:print_fingerprint/1
logical_fingerprint.pl	fingerprint_match	4	1	STATIC_ORPHAN	0	
logical_fingerprint.pl	fingerprint_properties	2	1	LIVE	3	logical_fingerprint.pl:dimension_matches/4;logical_fingerprint.pl:logical_fingerprint/2;logical_fingerprint.pl:print_fingerprint/1
logical_fingerprint.pl	fingerprint_shift	2	1	LIVE	12	context_profile_mining.pl:build_trajectory_summary/2;context_profile_mining.pl:compute_isomorphism_evidence/3;context_profile_mining.pl:group_by_shift/2;context_profile_report.pl:get_family_shift/2;cs_kernel_registry.pl:cross_kernel_stance_profile/2;genuine_findings_query.pl:profile_hypothesis/2;json_report.pl:write_per_constraint_entry/4;logical_fingerprint.pl:all_shift_patterns/1;logical_fingerprint.pl:dimension_matches/4;logical_fingerprint.pl:logical_fingerprint/2;logical_fingerprint.pl:print_fingerprint/1;logical_fingerprint.pl:shift_family/2
logical_fingerprint.pl	fingerprint_voids	2	1	LIVE	8	abductive_triggers.pl:trigger_dormant_extraction/3;context_profile_mining.pl:build_trajectory_summary/2;context_profile_mining.pl:compute_isomorphism_evidence/3;diagnostic_summary.pl:probe_fingerprint_voids/3;genuine_findings_query.pl:profile_hypothesis/2;logical_fingerprint.pl:dimension_matches/4;logical_fingerprint.pl:logical_fingerprint/2;logical_fingerprint.pl:print_fingerprint/1
logical_fingerprint.pl	fingerprint_zone	2	1	LIVE	7	context_profile_mining.pl:build_trajectory_summary/2;context_profile_mining.pl:compute_isomorphism_evidence/3;fingerprint_report.pl:report_zone_distribution/1;genuine_findings_query.pl:profile_hypothesis/2;logical_fingerprint.pl:dimension_matches/4;logical_fingerprint.pl:logical_fingerprint/2;logical_fingerprint.pl:print_fingerprint/1
logical_fingerprint.pl	known_constraint	1	1	LIVE	8	arakelov_height.pl:compute_arakelov_threshold/1;bifurcation_export.pl:export_all_classifications/0;bifurcation_export.pl:export_product_classifications/0;diagnostic_summary.pl:pattern_fires_on_corpus/1;fingerprint_report.pl:run_fingerprint_report/0;logical_fingerprint.pl:all_shift_patterns/1;logical_fingerprint.pl:shift_family/2;persistence_export.pl:export_classifications_with_topology/0
logical_fingerprint.pl	known_constraint_raw	1	0	LIVE	1	logical_fingerprint.pl:known_constraint_set/1
logical_fingerprint.pl	known_constraint_set	1	1	LIVE	1	logical_fingerprint.pl:known_constraint/1
logical_fingerprint.pl	logical_fingerprint	2	1	STATIC_ORPHAN	0	
logical_fingerprint.pl	metric_trend	3	0	LIVE	8	cs_pattern_detection.pl:cs_verdict/2;logical_fingerprint.pl:fingerprint_drift/2;metric_drift_events.pl:detect_boltzmann_floor_drift/1;metric_drift_events.pl:detect_coupling_drift/1;metric_drift_events.pl:drift_event/3;metric_drift_events.pl:drift_event/4;metric_drift_events.pl:purity_decline_signal/2;transition_paths.pl:transition_path/4
logical_fingerprint.pl	print_fingerprint	1	0	LIVE	1	test_harness.pl:run_all_tests/2
logical_fingerprint.pl	purity_zone	2	0	LIVE	7	diagnostic_summary.pl:probe_purity/3;fpn_report.pl:report_zone_migrations/1;fpn_report.pl:run_fpn_report/0;giant_component_analysis.pl:report_purity_landscape/2;json_report.pl:tally_purity_bands/2;json_report.pl:write_per_constraint_entry/4;logical_fingerprint.pl:print_fingerprint/1
logical_fingerprint.pl	shift_family	2	1	LIVE	2	fingerprint_report.pl:report_orbit_for_family/1;fingerprint_report.pl:report_shift_family/1
logical_fingerprint.pl	standard_context_for_power	2	0	LIVE	7	export_oq119_corpus_join.pl:seat_chi/3;json_report.pl:write_diagnostic_object/3;json_report.pl:write_one_perspective/4;json_report.pl:write_one_perspective_chi/4;logical_fingerprint.pl:classify_at_power/3;probe_oq119_backed_reachable.pl:main/0;probe_oq119_gate0_controls.pl:backed_timepoints/2
logical_fingerprint.pl	structural_property_holds	2	0	LIVE	1	logical_fingerprint.pl:fingerprint_properties/2
logical_fingerprint.pl	structural_void	2	0	LIVE	1	logical_fingerprint.pl:fingerprint_voids/2
logical_fingerprint.pl	suppression_zone	2	0	LIVE	1	logical_fingerprint.pl:fingerprint_zone/2
maxent_classifier.pl	apply_override_for_sig	4	0	LIVE	1	maxent_classifier.pl:apply_signature_override/3
maxent_classifier.pl	apply_signature_override	3	0	LIVE	2	maxent_classifier.pl:maxent_classify_one/2;maxent_classifier.pl:maxent_classify_one_indexed/2
maxent_classifier.pl	best_type	2	0	LIVE	1	maxent_classifier.pl:maxent_top_type/3
maxent_classifier.pl	boolean_ll_term	5	0	LIVE	1	maxent_classifier.pl:boolean_log_likelihood/3
maxent_classifier.pl	boolean_log_likelihood	3	0	LIVE	2	maxent_classifier.pl:maxent_type_log_likelihood/5;maxent_classifier.pl:maxent_type_log_likelihood_indexed/5
maxent_classifier.pl	boolean_spec	3	0	LIVE	1	maxent_classifier.pl:boolean_log_likelihood/3
maxent_classifier.pl	boost_type	4	0	LIVE	1	maxent_classifier.pl:override_conditional/4
maxent_classifier.pl	classify_disagreement	7	0	LIVE	1	maxent_classifier.pl:maxent_disagreement/3
maxent_classifier.pl	compute_type_profile	4	0	LIVE	1	maxent_classifier.pl:maxent_compute_profiles/2
maxent_classifier.pl	compute_type_profile_indexed	4	0	LIVE	1	maxent_classifier.pl:maxent_compute_profiles_indexed/2
maxent_classifier.pl	continuous_log_likelihood	4	0	LIVE	1	maxent_classifier.pl:maxent_type_log_likelihood/5
maxent_classifier.pl	continuous_log_likelihood_indexed	4	0	LIVE	1	maxent_classifier.pl:maxent_type_log_likelihood_indexed/5
maxent_classifier.pl	default_profile	3	0	LIVE	2	maxent_classifier.pl:compute_type_profile/4;maxent_classifier.pl:compute_type_profile_indexed/4
maxent_classifier.pl	divide_by	3	0	LIVE	2	maxent_classifier.pl:normalize_log_probs/2;maxent_classifier.pl:override_conditional/4
maxent_classifier.pl	entropy_acc	3	0	LIVE	2	diagnostic_summary.pl:shannon_entropy_raw/2;maxent_classifier.pl:shannon_entropy/2
maxent_classifier.pl	eval_boolean_feature	3	0	LIVE	1	maxent_classifier.pl:boolean_log_likelihood/3
maxent_classifier.pl	gaussian_log_likelihood	4	0	LIVE	2	maxent_classifier.pl:continuous_log_likelihood/4;maxent_classifier.pl:continuous_log_likelihood_indexed/4
maxent_classifier.pl	get_constraint_metrics	4	0	LIVE	2	maxent_classifier.pl:continuous_log_likelihood/4;maxent_classifier.pl:maxent_threshold_proximity/4
maxent_classifier.pl	get_constraint_metrics_indexed	5	0	LIVE	1	maxent_classifier.pl:continuous_log_likelihood_indexed/4
maxent_classifier.pl	is_hard_disagreement	1	0	LIVE	3	abductive_report.pl:report_artifact_census/1;maxent_classifier.pl:maxent_multi_run_contexts/4;maxent_classifier.pl:maxent_run/2
maxent_classifier.pl	is_soft_disagreement	1	0	LIVE	2	maxent_classifier.pl:maxent_multi_run_contexts/4;maxent_classifier.pl:maxent_run/2
maxent_classifier.pl	max_prob	3	0	LIVE	1	maxent_classifier.pl:best_type/2
maxent_classifier.pl	maxent_boundary_analysis	3	1	STATIC_ORPHAN	0	
maxent_classifier.pl	maxent_classical_vs_indexed	4	1	LIVE	1	json_report.pl:write_maxent_divergence/3
maxent_classifier.pl	maxent_classify_all	2	0	LIVE	2	maxent_classifier.pl:maxent_multi_run_contexts/4;maxent_classifier.pl:maxent_precompute/2
maxent_classifier.pl	maxent_classify_all_indexed	2	0	LIVE	1	maxent_classifier.pl:maxent_indexed_run/2
maxent_classifier.pl	maxent_classify_one	2	0	LIVE	1	maxent_classifier.pl:maxent_classify_all/2
maxent_classifier.pl	maxent_classify_one_indexed	2	0	LIVE	1	maxent_classifier.pl:maxent_classify_all_indexed/2
maxent_classifier.pl	maxent_cleanup	0	1	LIVE	2	maxent_classifier.pl:maxent_multi_run/2;maxent_classifier.pl:maxent_precompute/2
maxent_classifier.pl	maxent_compute_priors	1	0	LIVE	2	maxent_classifier.pl:maxent_multi_run_contexts/4;maxent_classifier.pl:maxent_precompute/2
maxent_classifier.pl	maxent_compute_profiles	2	0	LIVE	2	maxent_classifier.pl:maxent_multi_run_contexts/4;maxent_classifier.pl:maxent_precompute/2
maxent_classifier.pl	maxent_compute_profiles_indexed	2	0	LIVE	1	maxent_classifier.pl:maxent_indexed_run/2
maxent_classifier.pl	maxent_confidence	3	1	LIVE	1	genuine_findings_query.pl:profile_hypothesis/2
maxent_classifier.pl	maxent_disagreement	3	1	LIVE	6	abductive_triggers.pl:rare_stress_gate/3;abductive_triggers.pl:trigger_signature_override_artifact/3;audit3_maxent_compare.pl:build_row/3;diagnostic_summary.pl:probe_maxent/4;genuine_findings_query.pl:profile_hypothesis/2;maxent_classifier.pl:maxent_disagreements/2
maxent_classifier.pl	maxent_disagreements	2	1	LIVE	6	abductive_report.pl:report_artifact_census/1;maxent_classifier.pl:maxent_multi_run_contexts/4;maxent_classifier.pl:maxent_run/2;maxent_diagnostic.pl:task3_hard_disagreements/1;maxent_diagnostic.pl:task4_non_overlapping/1;maxent_report.pl:run_maxent_report/0
maxent_classifier.pl	maxent_dist	3	0	LIVE	18	audit3_maxent_compare.pl:build_row/3;audit3_maxent_compare.pl:run_audit3/0;maxent_classifier.pl:maxent_classical_vs_indexed/4;maxent_classifier.pl:maxent_disagreement/3;maxent_classifier.pl:maxent_disagreements/2;maxent_classifier.pl:maxent_distribution/3;maxent_classifier.pl:maxent_entropy/3;maxent_classifier.pl:maxent_high_uncertainty/3;maxent_classifier.pl:maxent_indexing_divergence/3;maxent_classifier.pl:maxent_multi_run_contexts/4;maxent_classifier.pl:maxent_run/2;maxent_classifier.pl:maxent_selftest/0;maxent_classifier.pl:maxent_top_type/3;maxent_diagnostic.pl:task1_missing_constraints/1;maxent_diagnostic.pl:task2_per_type_entropy/1;maxent_diagnostic.pl:task4_non_overlapping/1;maxent_diagnostic.pl:task5_gaussian_profiles/1;maxent_diagnostic.pl:task6_cross_diagnostic/1
maxent_classifier.pl	maxent_dist_raw	3	0	LIVE	1	maxent_classifier.pl:maxent_distribution_raw/3
maxent_classifier.pl	maxent_distribution	3	1	LIVE	14	abductive_triggers.pl:trigger_deep_deception/3;abductive_triggers.pl:trigger_maxent_shadow_divergence/3;abductive_triggers.pl:trigger_snare_leaning_tangled/3;arakelov_height.pl:post_confidence_margin/3;context_profile_mining.pl:get_maxent_for_context/6;diagnostic_summary.pl:compute_psi/3;genuine_findings_query.pl:profile_hypothesis/2;json_report.pl:write_maxent_probs/3;maxent_diagnostic.pl:task3_hard_disagreements/1;maxent_report.pl:format_dist_summary/3;maxent_report.pl:report_override_rope_analysis/2;maxent_report.pl:run_maxent_report/0;measurement_layer.pl:wasserstein_edge_transport/4;measurement_layer.pl:wasserstein_incomparable_mass/3
maxent_classifier.pl	maxent_distribution_raw	3	1	LIVE	2	arakelov_height.pl:raw_confidence_margin/3;json_report.pl:write_raw_maxent_probs/3
maxent_classifier.pl	maxent_enabled	0	1	ENTRYPOINT_CLI	0	
maxent_classifier.pl	maxent_entropy	3	1	LIVE	27	abductive_triggers.pl:stress_indicator/3;abductive_triggers.pl:trigger_classical_oracle_failure/3;abductive_triggers.pl:trigger_confirmed_liminal/3;abductive_triggers.pl:trigger_deep_deception/3;abductive_triggers.pl:trigger_dormant_extraction/3;abductive_triggers.pl:trigger_maxent_divergence/3;abductive_triggers.pl:trigger_maxent_shadow_divergence/3;abductive_triggers.pl:trigger_metric_structural_divergence/3;abductive_triggers.pl:trigger_signature_override_artifact/3;abductive_triggers.pl:trigger_snare_leaning_tangled/3;context_profile_mining.pl:get_maxent_for_context/6;genuine_findings_query.pl:profile_hypothesis/2;json_report.pl:write_maxent_entropy_field/3;maxent_classifier.pl:maxent_confidence/3;maxent_classifier.pl:maxent_disagreement/3;maxent_classifier.pl:maxent_high_uncertainty/3;maxent_classifier.pl:maxent_multi_run_contexts/4;maxent_classifier.pl:maxent_run/2;maxent_diagnostic.pl:task2_per_type_entropy/1;maxent_diagnostic.pl:task3_hard_disagreements/1;maxent_diagnostic.pl:task4_non_overlapping/1;maxent_diagnostic.pl:task5_gaussian_profiles/1;maxent_diagnostic.pl:task6_cross_diagnostic/1;maxent_report.pl:report_cross_diagnostic_correlation/2;maxent_report.pl:report_one_boundary/6;maxent_report.pl:report_override_rope_analysis/2;maxent_report.pl:run_maxent_report/0
maxent_classifier.pl	maxent_high_uncertainty	3	1	LIVE	2	maxent_classifier.pl:maxent_multi_run_contexts/4;maxent_classifier.pl:maxent_run/2
maxent_classifier.pl	maxent_indexed_dist	3	0	LIVE	6	abductive_helpers.pl:subsystem_available/1;maxent_classifier.pl:maxent_classical_vs_indexed/4;maxent_classifier.pl:maxent_indexed_distribution/3;maxent_classifier.pl:maxent_indexed_run/2;maxent_classifier.pl:maxent_indexing_divergence/3;maxent_classifier.pl:maxent_indexing_divergences/3
maxent_classifier.pl	maxent_indexed_distribution	3	1	LIVE	1	json_report.pl:write_maxent_indexed/3
maxent_classifier.pl	maxent_indexed_profile	3	0	LIVE	1	maxent_classifier.pl:continuous_log_likelihood_indexed/4
maxent_classifier.pl	maxent_indexed_run	2	1	LIVE	3	abductive_report.pl:run_abductive_report/0;json_report.pl:run_json_report/0;quantum_verification_report.pl:run_quantum_verification/0
maxent_classifier.pl	maxent_indexed_run_info	3	0	LIVE	1	diagnostic_summary.pl:maxent_stage_attempted_but_void/2
maxent_classifier.pl	maxent_indexing_divergence	3	1	LIVE	4	abductive_triggers.pl:trigger_maxent_divergence/3;maxent_classifier.pl:maxent_indexing_divergences/3;quantum_verification_report.pl:query_maxent_divergence_vs_h1/1;quantum_verification_report.pl:report_mountain_divergences/2
maxent_classifier.pl	maxent_indexing_divergences	3	1	LIVE	1	quantum_verification_report.pl:query_maxent_divergence_vs_h1/1
maxent_classifier.pl	maxent_multi_run	2	1	LIVE	4	audit3_maxent_compare.pl:run_audit3/0;context_profile_mining.pl:ensure_maxent/1;json_report.pl:run_json_report/0;persistence_export.pl:export_classifications_with_topology/0
maxent_classifier.pl	maxent_multi_run_contexts	4	0	LIVE	1	maxent_classifier.pl:maxent_multi_run/2
maxent_classifier.pl	maxent_n_types	1	0	LIVE	4	maxent_classifier.pl:maxent_compute_priors/1;maxent_classifier.pl:maxent_entropy/3;maxent_classifier.pl:maxent_indexed_run/2;maxent_classifier.pl:normalize_log_probs/2
maxent_classifier.pl	maxent_precompute	2	1	LIVE	1	maxent_classifier.pl:maxent_run/2
maxent_classifier.pl	maxent_prior	2	0	LIVE	2	maxent_classifier.pl:maxent_indexed_run/2;maxent_classifier.pl:prior_log_likelihood/2
maxent_classifier.pl	maxent_profile	4	0	LIVE	2	maxent_classifier.pl:continuous_log_likelihood/4;maxent_diagnostic.pl:task5_gaussian_profiles/1
maxent_classifier.pl	maxent_run	2	1	LIVE	9	abductive_engine.pl:abductive_selftest/0;abductive_report.pl:run_abductive_report/0;audit3_maxent_compare.pl:run_audit3/0;context_profile_mining.pl:ensure_maxent/1;genuine_findings_query.pl:run_query/0;maxent_classifier.pl:maxent_selftest/0;maxent_diagnostic.pl:run_maxent_diagnostic/0;maxent_report.pl:run_maxent_report/0;quantum_verification_report.pl:run_quantum_verification/0
maxent_classifier.pl	maxent_run_info	3	0	LIVE	4	abductive_helpers.pl:subsystem_available/1;context_profile_mining.pl:ensure_maxent/1;diagnostic_summary.pl:ds_subsystem_available/1;diagnostic_summary.pl:maxent_stage_attempted_but_void/2
maxent_classifier.pl	maxent_selftest	0	1	ENTRYPOINT_CLI	0	
maxent_classifier.pl	maxent_threshold_proximity	4	1	LIVE	3	maxent_classifier.pl:maxent_boundary_analysis/3;maxent_diagnostic.pl:nearest_boundary/4;maxent_report.pl:report_one_boundary/6
maxent_classifier.pl	maxent_top_type	3	1	LIVE	6	abductive_triggers.pl:trigger_maxent_shadow_divergence/3;abductive_triggers.pl:trigger_metric_structural_divergence/3;genuine_findings_query.pl:profile_hypothesis/2;json_report.pl:write_maxent_top_type_field/3;maxent_classifier.pl:maxent_disagreement/3;maxent_report.pl:run_maxent_report/0
maxent_classifier.pl	maxent_type	1	0	LIVE	8	maxent_classifier.pl:maxent_classify_one/2;maxent_classifier.pl:maxent_classify_one_indexed/2;maxent_classifier.pl:maxent_compute_priors/1;maxent_classifier.pl:maxent_compute_profiles/2;maxent_classifier.pl:maxent_compute_profiles_indexed/2;maxent_classifier.pl:maxent_type_log_likelihood/5;maxent_classifier.pl:maxent_type_log_likelihood_indexed/5;maxent_diagnostic.pl:task5_gaussian_profiles/1
maxent_classifier.pl	maxent_type_log_likelihood	5	1	LIVE	1	maxent_classifier.pl:maxent_classify_one/2
maxent_classifier.pl	maxent_type_log_likelihood_indexed	5	0	LIVE	1	maxent_classifier.pl:maxent_classify_one_indexed/2
maxent_classifier.pl	metric_value	3	0	LIVE	1	maxent_classifier.pl:compute_type_profile/4
maxent_classifier.pl	metric_value_for_name	5	0	LIVE	1	maxent_classifier.pl:maxent_threshold_proximity/4
maxent_classifier.pl	metric_value_indexed	4	0	LIVE	1	maxent_classifier.pl:compute_type_profile_indexed/4
maxent_classifier.pl	normalize_log_probs	2	0	LIVE	2	maxent_classifier.pl:maxent_classify_one/2;maxent_classifier.pl:maxent_classify_one_indexed/2
maxent_classifier.pl	override_conditional	4	0	LIVE	1	maxent_classifier.pl:apply_override_for_sig/4
maxent_classifier.pl	override_unconditional	3	0	LIVE	1	maxent_classifier.pl:apply_override_for_sig/4
maxent_classifier.pl	pair_snd	2	0	LIVE	5	maxent_classifier.pl:maxent_selftest/0;maxent_classifier.pl:normalize_log_probs/2;maxent_classifier.pl:override_conditional/4;maxent_report.pl:best_prob/2;measurement_layer.pl:extract_chain_probs/3
maxent_classifier.pl	prior_log_likelihood	2	0	LIVE	2	maxent_classifier.pl:maxent_type_log_likelihood/5;maxent_classifier.pl:maxent_type_log_likelihood_indexed/5
maxent_classifier.pl	residual_type	1	0	LIVE	1	maxent_classifier.pl:classify_disagreement/7
maxent_classifier.pl	set_override_prob	5	0	LIVE	1	maxent_classifier.pl:override_unconditional/3
maxent_classifier.pl	set_uniform	3	0	LIVE	1	maxent_classifier.pl:normalize_log_probs/2
maxent_classifier.pl	shannon_entropy	2	0	LIVE	2	maxent_classifier.pl:maxent_entropy/3;maxent_classifier.pl:maxent_indexed_run/2
maxent_classifier.pl	shift_and_exp	3	0	LIVE	1	maxent_classifier.pl:normalize_log_probs/2
maxent_classifier.pl	sum_sq_diff	4	0	LIVE	2	maxent_classifier.pl:compute_type_profile/4;maxent_classifier.pl:compute_type_profile_indexed/4
maxent_classifier.pl	threshold_boundary	5	0	LIVE	2	maxent_classifier.pl:maxent_threshold_proximity/4;maxent_report.pl:report_threshold_proximity/2
maxent_diagnostic.pl	above_050	1	0	LIVE	1	maxent_diagnostic.pl:task5_gaussian_profiles/1
maxent_diagnostic.pl	avg_purity_for	2	0	LIVE	1	maxent_diagnostic.pl:task6_cross_diagnostic/1
maxent_diagnostic.pl	below_025	1	0	LIVE	1	maxent_diagnostic.pl:task5_gaussian_profiles/1
maxent_diagnostic.pl	between_025_050	1	0	LIVE	1	maxent_diagnostic.pl:task5_gaussian_profiles/1
maxent_diagnostic.pl	count_boltzmann_non_compliant	2	0	LIVE	1	maxent_diagnostic.pl:task6_cross_diagnostic/1
maxent_diagnostic.pl	count_leading	4	0	LIVE	1	maxent_diagnostic.pl:count_occurrences/2
maxent_diagnostic.pl	count_low_purity	2	0	LIVE	1	maxent_diagnostic.pl:task6_cross_diagnostic/1
maxent_diagnostic.pl	count_multi_orbit	2	0	LIVE	1	maxent_diagnostic.pl:task6_cross_diagnostic/1
maxent_diagnostic.pl	count_occurrences	2	0	LIVE	2	maxent_diagnostic.pl:task1_missing_constraints/1;maxent_diagnostic.pl:task3_hard_disagreements/1
maxent_diagnostic.pl	count_purity_available	2	0	LIVE	1	maxent_diagnostic.pl:task6_cross_diagnostic/1
maxent_diagnostic.pl	count_with_omega	2	0	LIVE	1	maxent_diagnostic.pl:task6_cross_diagnostic/1
maxent_diagnostic.pl	format_dist_compact	2	0	LIVE	1	maxent_diagnostic.pl:task3_hard_disagreements/1
maxent_diagnostic.pl	has_multi_type_orbit	1	0	LIVE	2	maxent_diagnostic.pl:count_multi_orbit/2;maxent_diagnostic.pl:task4_non_overlapping/1
maxent_diagnostic.pl	is_hard_d	1	0	LIVE	2	maxent_diagnostic.pl:task3_hard_disagreements/1;maxent_diagnostic.pl:task4_non_overlapping/1
maxent_diagnostic.pl	is_override_sig	1	0	LIVE	1	maxent_diagnostic.pl:task5_gaussian_profiles/1
maxent_diagnostic.pl	nearest_boundary	4	0	LIVE	1	maxent_diagnostic.pl:task4_non_overlapping/1
maxent_diagnostic.pl	nth0_median	3	0	LIVE	1	maxent_diagnostic.pl:task2_per_type_entropy/1
maxent_diagnostic.pl	rope_cluster	1	0	LIVE	1	maxent_diagnostic.pl:task3_hard_disagreements/1
maxent_diagnostic.pl	run_maxent_diagnostic	0	0	ENTRYPOINT_CLI	0	
maxent_diagnostic.pl	std_dev	4	0	LIVE	2	maxent_diagnostic.pl:task2_per_type_entropy/1;maxent_diagnostic.pl:task5_gaussian_profiles/1
maxent_diagnostic.pl	sum_sq_diff_acc	4	0	LIVE	1	maxent_diagnostic.pl:std_dev/4
maxent_diagnostic.pl	task1_missing_constraints	1	0	LIVE	1	maxent_diagnostic.pl:run_maxent_diagnostic/0
maxent_diagnostic.pl	task2_per_type_entropy	1	0	LIVE	1	maxent_diagnostic.pl:run_maxent_diagnostic/0
maxent_diagnostic.pl	task3_hard_disagreements	1	0	LIVE	1	maxent_diagnostic.pl:run_maxent_diagnostic/0
maxent_diagnostic.pl	task4_non_overlapping	1	0	LIVE	1	maxent_diagnostic.pl:run_maxent_diagnostic/0
maxent_diagnostic.pl	task5_gaussian_profiles	1	0	LIVE	1	maxent_diagnostic.pl:run_maxent_diagnostic/0
maxent_diagnostic.pl	task6_cross_diagnostic	1	0	LIVE	1	maxent_diagnostic.pl:run_maxent_diagnostic/0
maxent_report.pl	avg_purity	2	0	LIVE	1	maxent_report.pl:report_cross_diagnostic_correlation/2
maxent_report.pl	best_prob	2	0	LIVE	1	maxent_report.pl:report_high_uncertainty/2
maxent_report.pl	dirac_orbit_multi_type	2	0	LIVE	1	maxent_report.pl:report_dirac_cross_validation/2
maxent_report.pl	entropy_interpretation	2	0	LIVE	1	maxent_report.pl:report_type_entropy_breakdown/1
maxent_report.pl	format_dist_summary	3	0	LIVE	1	maxent_report.pl:report_disagreements/2
maxent_report.pl	has_omega	1	0	LIVE	1	maxent_report.pl:report_cross_diagnostic_correlation/2
maxent_report.pl	high_entropy_row	2	0	LIVE	1	maxent_report.pl:report_cross_diagnostic_correlation/2
maxent_report.pl	is_entropy_flag	1	0	LIVE	1	maxent_report.pl:report_disagreements/2
maxent_report.pl	is_hard	1	0	LIVE	2	maxent_report.pl:report_dirac_cross_validation/2;maxent_report.pl:report_disagreements/2
maxent_report.pl	is_soft	1	0	LIVE	1	maxent_report.pl:report_disagreements/2
maxent_report.pl	override_rope_signature	1	0	LIVE	1	maxent_report.pl:report_override_rope_analysis/2
maxent_report.pl	report_cross_diagnostic_correlation	2	0	LIVE	1	maxent_report.pl:run_maxent_report/0
maxent_report.pl	report_dirac_cross_validation	2	0	LIVE	1	maxent_report.pl:run_maxent_report/0
maxent_report.pl	report_disagreements	2	0	LIVE	1	maxent_report.pl:run_maxent_report/0
maxent_report.pl	report_high_uncertainty	2	0	LIVE	1	maxent_report.pl:run_maxent_report/0
maxent_report.pl	report_one_boundary	6	0	LIVE	1	maxent_report.pl:report_threshold_proximity/2
maxent_report.pl	report_override_rope_analysis	2	0	LIVE	1	maxent_report.pl:run_maxent_report/0
maxent_report.pl	report_summary	6	0	LIVE	1	maxent_report.pl:run_maxent_report/0
maxent_report.pl	report_threshold_proximity	2	0	LIVE	1	maxent_report.pl:run_maxent_report/0
maxent_report.pl	report_type_entropy_breakdown	1	0	LIVE	1	maxent_report.pl:run_maxent_report/0
maxent_report.pl	run_maxent_report	0	0	ENTRYPOINT_CLI	0	
measurement_layer.pl	abs_diff	3	0	LIVE	1	measurement_layer.pl:cdf_l1_distance/3
measurement_layer.pl	accumulate_fracture	3	0	LIVE	1	measurement_layer.pl:wasserstein_corpus_fracture/1
measurement_layer.pl	cdf_l1_distance	3	0	LIVE	1	measurement_layer.pl:wasserstein_l1/3
measurement_layer.pl	cumsum	2	0	LIVE	1	measurement_layer.pl:wasserstein_cdf/2
measurement_layer.pl	cumsum_	3	0	LIVE	1	measurement_layer.pl:cumsum/2
measurement_layer.pl	div_by	3	0	LIVE	1	measurement_layer.pl:renormalize/2
measurement_layer.pl	extract_chain_probs	3	0	LIVE	3	measurement_layer.pl:wasserstein_cdf/2;measurement_layer.pl:wasserstein_incomparable_mass/3;measurement_layer.pl:wasserstein_selftest/0
measurement_layer.pl	extraction_chain	1	0	LIVE	1	measurement_layer.pl:extract_chain_probs/3
measurement_layer.pl	pair_snd	2	0	LIVE	5	maxent_classifier.pl:maxent_selftest/0;maxent_classifier.pl:normalize_log_probs/2;maxent_classifier.pl:override_conditional/4;maxent_report.pl:best_prob/2;measurement_layer.pl:extract_chain_probs/3
measurement_layer.pl	prob_for_type	3	0	LIVE	1	measurement_layer.pl:extract_chain_probs/3
measurement_layer.pl	renormalize	2	0	LIVE	1	measurement_layer.pl:wasserstein_cdf/2
measurement_layer.pl	wasserstein_cdf	2	1	LIVE	2	measurement_layer.pl:wasserstein_l1/3;measurement_layer.pl:wasserstein_selftest/0
measurement_layer.pl	wasserstein_contexts	1	0	LIVE	7	arakelov_height.pl:<directive>/1;arakelov_height.pl:arakelov_height_pair/3;json_report.pl:run_json_report/0;json_report.pl:write_per_constraint_entry/4;measurement_layer.pl:wasserstein_transport_profile/2;persistence_export.pl:export_classifications_with_topology/0;test_harness.pl:report_wasserstein_transport/1
measurement_layer.pl	wasserstein_corpus_fracture	1	1	LIVE	2	json_report.pl:write_diagnostic_object/3;test_harness.pl:run_all_tests/2
measurement_layer.pl	wasserstein_edge_transport	4	1	LIVE	1	measurement_layer.pl:wasserstein_transport_profile/2
measurement_layer.pl	wasserstein_incomparable_mass	3	1	LIVE	2	json_report.pl:wm_token/3;test_harness.pl:report_wasserstein_transport/1
measurement_layer.pl	wasserstein_l1	3	1	LIVE	2	measurement_layer.pl:wasserstein_edge_transport/4;measurement_layer.pl:wasserstein_selftest/0
measurement_layer.pl	wasserstein_selftest	0	1	ENTRYPOINT_CLI	0	
measurement_layer.pl	wasserstein_total_fracture	2	1	LIVE	1	measurement_layer.pl:accumulate_fracture/3
measurement_layer.pl	wasserstein_transport_profile	2	1	LIVE	4	json_report.pl:write_per_constraint_entry/4;measurement_layer.pl:wasserstein_total_fracture/2;persistence_export.pl:emit_w1/1;test_harness.pl:report_wasserstein_transport/1
metric_drift_events.pl	collect_purity_decline_signals	2	1	LIVE	5	metric_drift_events.pl:detect_purity_drift/1;metric_drift_events.pl:drift_event/3;metric_drift_events.pl:drift_event/4;metric_drift_events.pl:drift_severity/3;network_dynamics.pl:network_drift_contagion/3
metric_drift_events.pl	detect_boltzmann_floor_drift	1	1	STATIC_ORPHAN	0	
metric_drift_events.pl	detect_coordination_loss	1	1	STATIC_ORPHAN	0	
metric_drift_events.pl	detect_coupling_drift	1	1	STATIC_ORPHAN	0	
metric_drift_events.pl	detect_extraction_accumulation	1	1	STATIC_ORPHAN	0	
metric_drift_events.pl	detect_extraction_dried_up	1	1	STATIC_ORPHAN	0	
metric_drift_events.pl	detect_function_obsolescence	1	1	STATIC_ORPHAN	0	
metric_drift_events.pl	detect_is_piton	1	1	STATIC_ORPHAN	0	
metric_drift_events.pl	detect_metric_substitution	1	1	STATIC_ORPHAN	0	
metric_drift_events.pl	detect_purity_drift	1	1	LIVE	1	drl_boltzmann_analysis.pl:has_purity_drift/2
metric_drift_events.pl	detect_sunset_violation	1	1	STATIC_ORPHAN	0	
metric_drift_events.pl	drift_event	3	1	LIVE	8	abductive_triggers.pl:trigger_accelerating_pathology/3;abductive_triggers.pl:trigger_mountain_extraction_accumulation/3;json_report.pl:tally_drift_severities/2;metric_drift_events.pl:drift_severity/3;metric_drift_report.pl:scan_constraint_drift/2;metric_drift_report.pl:scan_constraint_drift/3;transition_paths.pl:predicted_terminal_state/3;transition_paths.pl:transition_path/4
metric_drift_events.pl	drift_event	4	1	LIVE	1	metric_drift_report.pl:scan_constraint_drift/3
metric_drift_events.pl	drift_severity	3	1	LIVE	4	abductive_triggers.pl:trigger_mountain_extraction_accumulation/3;json_report.pl:tally_drift_severities/2;metric_drift_report.pl:scan_constraint_drift/2;metric_drift_report.pl:scan_constraint_drift/3
metric_drift_events.pl	drift_velocity	3	1	LIVE	2	metric_drift_report.pl:generate_drift_report/1;network_dynamics.pl:network_drift_velocity/4
metric_drift_events.pl	get_current_year	1	0	LIVE	2	metric_drift_events.pl:detect_sunset_violation/1;metric_drift_events.pl:drift_event/3
metric_drift_events.pl	metric_at	4	1	LIVE	1	transition_paths.pl:snapshot_type/3
metric_drift_events.pl	metric_delta	5	0	LIVE	2	metric_drift_events.pl:drift_velocity/3;metric_drift_events.pl:metric_trend/3
metric_drift_events.pl	metric_trend	3	1	LIVE	8	cs_pattern_detection.pl:cs_verdict/2;logical_fingerprint.pl:fingerprint_drift/2;metric_drift_events.pl:detect_boltzmann_floor_drift/1;metric_drift_events.pl:detect_coupling_drift/1;metric_drift_events.pl:drift_event/3;metric_drift_events.pl:drift_event/4;metric_drift_events.pl:purity_decline_signal/2;transition_paths.pl:transition_path/4
metric_drift_events.pl	purity_decline_signal	2	0	LIVE	1	metric_drift_events.pl:collect_purity_decline_signals/2
metric_drift_events.pl	reform_pressure	2	1	LIVE	2	drl_boltzmann_analysis.pl:purity_reform_recommendation/2;metric_drift_events.pl:drift_severity/3
metric_drift_events.pl	safe_metric	3	1	LIVE	10	metric_drift_events.pl:detect_boltzmann_floor_drift/1;metric_drift_events.pl:detect_coordination_loss/1;metric_drift_events.pl:detect_extraction_dried_up/1;metric_drift_events.pl:detect_function_obsolescence/1;metric_drift_events.pl:detect_is_piton/1;metric_drift_events.pl:detect_sunset_violation/1;metric_drift_events.pl:drift_event/3;metric_drift_events.pl:drift_severity/3;transition_paths.pl:snapshot_type/3;transition_paths.pl:transition_path/4
metric_drift_report.pl	count_by_severity	4	0	LIVE	1	metric_drift_report.pl:scan_all_drift/1
metric_drift_report.pl	drift_confidence_caveat	2	0	LIVE	2	metric_drift_report.pl:generate_drift_report/1;metric_drift_report.pl:print_constraint_drift/2
metric_drift_report.pl	flatten_events	2	0	LIVE	2	metric_drift_report.pl:count_by_severity/4;metric_drift_report.pl:scan_all_drift/1
metric_drift_report.pl	generate_drift_report	0	1	LIVE	1	test_harness.pl:run_all_tests/2
metric_drift_report.pl	generate_drift_report	1	1	STATIC_ORPHAN	0	
metric_drift_report.pl	is_severity	2	0	LIVE	1	metric_drift_report.pl:count_by_severity/4
metric_drift_report.pl	print_constraint_drift	2	0	LIVE	1	metric_drift_report.pl:generate_drift_report/0
metric_drift_report.pl	scan_all_drift	1	1	LIVE	1	metric_drift_report.pl:generate_drift_report/0
metric_drift_report.pl	scan_constraint_drift	2	1	LIVE	11	abductive_triggers.pl:stress_indicator/3;abductive_triggers.pl:trigger_confirmed_liminal/3;abductive_triggers.pl:trigger_convergent_structural_stress/3;context_profile_mining.pl:build_trajectory_summary/2;context_profile_report.pl:get_family_feature/2;context_profile_report.pl:report_constraint_family_row/2;diagnostic_summary.pl:probe_drift/3;genuine_findings_query.pl:profile_hypothesis/2;json_report.pl:write_per_constraint_entry/4;metric_drift_report.pl:generate_drift_report/1;metric_drift_report.pl:scan_all_drift/1
metric_drift_report.pl	scan_constraint_drift	3	1	STATIC_ORPHAN	0	
narrative_ontology.pl	affects_constraint	2	1	LIVE	8	constraint_bridge.pl:recommendation_feasibility/3;drl_composition.pl:detect_extraction_dominance/2;drl_counterfactual.pl:context_depends_critically/3;drl_counterfactual.pl:dependency_chain/5;drl_purity_network.pl:constraint_neighbors_existing/2;inferred_coupling_protocol.pl:compute_baseline_edges/2;signature_detection.pl:has_viable_alternatives/2;uke_dr_bridge.pl:uke_status/3
narrative_ontology.pl	agent_beneficiary	2	1	LIVE	3	constraint_indexing.pl:beneficiary_victim_directionality/3;signature_detection.pl:count_power_beneficiaries/2;signature_detection.pl:false_summit_mountain/2
narrative_ontology.pl	attribute	3	0	LIVE	2	narrative_ontology.pl:has_mandatrophy_declaration/1;narrative_ontology.pl:is_indexical_resolution_declared/1
narrative_ontology.pl	boltzmann_floor_override	2	1	LIVE	1	boltzmann_compliance.pl:boltzmann_floor_for/2
narrative_ontology.pl	constraint_beneficiary	2	0	LIVE	18	constraint_bridge.pl:compute_veto_actors/1;constraint_indexing.pl:restrict_beneficiaries_by_access/3;cs_pattern_detection.pl:cs_naturalized_mountain/1;cs_pattern_detection.pl:cs_verdict/2;data_repair.pl:persist_single/1;drl_boltzmann_analysis.pl:separability_factor/2;drl_core.pl:natural_law_without_beneficiary/1;drl_purity_network.pl:shared_agent_link/4;global_delta_report.pl:compare_one/4;global_delta_report.pl:has_beneficiary/1;invertibility_analysis.pl:extract_pipeline_invariants/2;json_report.pl:write_per_constraint_entry/4;logical_fingerprint.pl:fingerprint_actors/2;logical_fingerprint.pl:structural_property_holds/2;logical_fingerprint.pl:structural_void/2;narrative_ontology.pl:agent_beneficiary/2;narrative_ontology.pl:has_coordination_function/1;report_generator.pl:report_constraint_signature/1
narrative_ontology.pl	constraint_captured	1	0	LIVE	5	drl_core.pl:classify_from_metrics/6;maxent_classifier.pl:eval_boolean_feature/3;signature_detection.pl:capture_disposition/2;signature_detection.pl:coupling_invariant_rope/2;signature_detection.pl:determine_pure_subtype/2
narrative_ontology.pl	constraint_claim	2	1	LIVE	56	abductive_engine.pl:abductive_run/2;abductive_report.pl:run_abductive_report/0;audit3_maxent_compare.pl:run_audit3/0;constraint_bridge.pl:constraint_status/3;context_profile_mining.pl:compute_all_trajectories/1;data_repair.pl:persist_single/1;data_validation.pl:validate_classification_consistency/0;data_validation.pl:validate_constraint_completeness/0;data_validation.pl:validate_edge_cases/0;data_verification.pl:diagnose_unknown/1;domain_priors.pl:category_of/2;domain_priors.pl:is_known_domain/1;domain_priors_expanded.pl:get_corpus_prior/3;drl_composition.pl:transformation_type/6;drl_core.pl:dr_claim_mismatch/4;drl_fpn.pl:fpn_run/2;drl_purity_network.pl:network_purity_metrics/2;drl_purity_network.pl:phantom_subject/1;fpn_report.pl:run_fpn_report/0;isomorphism_engine.pl:generate_cross_domain_index/1;json_report.pl:tally_claimed_types/2;json_report.pl:write_per_constraint_entry/4;logical_fingerprint.pl:known_constraint_raw/1;logical_fingerprint.pl:structural_void/2;maxent_classifier.pl:maxent_indexed_run/2;maxent_classifier.pl:maxent_multi_run/2;maxent_classifier.pl:maxent_run/2;maxent_diagnostic.pl:task1_missing_constraints/1;maxent_report.pl:run_maxent_report/0;measurement_layer.pl:wasserstein_corpus_fracture/1;metric_drift_events.pl:drift_event/4;metric_drift_report.pl:generate_drift_report/0;metric_drift_report.pl:scan_all_drift/1;narrative_ontology.pl:constraint_claim/3;narrative_ontology.pl:validate_constraint_claims/0;narrative_ontology.pl:validate_constraint_metrics/0;network_dynamics.pl:network_stability_assessment/2;probe_mc_cases.pl:run/0;report_generator.pl:assert_omegas_from_gaps/1;report_generator.pl:cross_domain_audit/0;report_generator.pl:extract_constraints/2;report_generator.pl:forensic_audit_false_mountains/0;report_generator.pl:generate_full_report/1;report_generator.pl:generate_llm_feedback/1;report_generator.pl:generate_omegas_from_gaps/1;report_generator.pl:perspectival_gap_audit/1;report_generator.pl:resolve_omega_source/4;routing_sink.pl:author_reading_at/4;signature_detection.pl:appears_as_rope/2;signature_detection.pl:claimed_natural/2;signature_detection.pl:nl_certification_chain/1;signature_detection.pl:signature_diagnostic_severity/3;test_harness.pl:run_all_tests/2;transition_paths.pl:transition_path/4;utils.pl:constraint_exists/1;utils.pl:debug_constraint/1
narrative_ontology.pl	constraint_claim	3	0	LIVE	1	drl_core.pl:dr_claim_mismatch/4
narrative_ontology.pl	constraint_metric	3	1	LIVE	66	boltzmann_compliance.pl:classify_at_context_impl/3;boltzmann_compliance.pl:excess_extraction/2;boltzmann_compliance.pl:ib_adjusted_threshold/2;config_validation.pl:config_violation/1;constraint_bridge.pl:constraint_status/3;constraint_bridge.pl:is_safe_to_cut/1;constraint_bridge.pl:recommendation_feasibility/3;constraint_data.pl:base_extractiveness/2;constraint_data.pl:suppression_score/2;constraint_indexing.pl:extractiveness_for_agent_d/4;constraint_indexing.pl:get_true_metric/3;constraint_indexing.pl:resolve_coalition_power/3;covering_analysis.pl:all_corpus_constraints/1;covering_analysis.pl:classify_at_interpolated/4;cs_pattern_detection.pl:cs_naturalized_mountain/1;cs_pattern_detection.pl:cs_verdict/2;data_repair.pl:persist_single/1;data_repair.pl:temp_assert_metrics/2;data_validation.pl:infer_expected_type/2;data_validation.pl:is_complete_constraint/1;data_validation.pl:report_classification_inconsistency/3;data_validation.pl:report_incomplete_constraint/1;data_validation.pl:validate_edge_cases/0;data_validation.pl:validate_metric_ranges/0;data_verification.pl:diagnose_unknown/1;dirac_classification.pl:describe_freedom/4;drl_composition.pl:classify_at_time/5;drl_composition.pl:detect_extraction_dominance/2;drl_composition.pl:detect_necessity_inheritance/2;drl_core.pl:classify_from_metrics/6;drl_core.pl:effective_theater_ratio/3;drl_core.pl:get_raw_suppression/2;drl_counterfactual.pl:estimate_impact_indexed/5;drl_purity_network.pl:phantom_subject/1;gap_diagnostic.pl:cache_gap_profile/4;genuine_findings_query.pl:profile_hypothesis/2;global_delta_report.pl:all_constraints/1;global_delta_report.pl:compare_one/4;invertibility_analysis.pl:compute_chi_at_context/4;invertibility_analysis.pl:extract_pipeline_invariants/2;json_report.pl:write_per_constraint_entry/4;logical_fingerprint.pl:known_constraint_raw/1;logical_fingerprint.pl:structural_property_holds/2;maxent_classifier.pl:get_constraint_metrics/4;maxent_classifier.pl:get_constraint_metrics_indexed/5;maxent_classifier.pl:metric_value/3;maxent_classifier.pl:metric_value_indexed/4;maxent_diagnostic.pl:task3_hard_disagreements/1;maxent_diagnostic.pl:task4_non_overlapping/1;metric_drift_events.pl:safe_metric/3;narrative_ontology.pl:attribute/3;narrative_ontology.pl:is_tangled_rope/1;narrative_ontology.pl:validate_constraint_metrics/0;omega1_audit.pl:compute_one_profile/2;probe_oq35_field_counterfactual.pl:presence_count/2;psych_bridge.pl:with_psych_metric/2;signature_detection.pl:appears_as_rope/2;signature_detection.pl:compute_temporal_stability/3;signature_detection.pl:get_metric_average/3;signature_detection.pl:nl_certification_chain/1;uke_dr_bridge.pl:is_load_bearing/1;utils.pl:debug_constraint/1;utils.pl:require_metric/3;utils.pl:safe_get_metric/4;utils.pl:safe_get_metric/5;utils.pl:trace_metric_retrieval/2
narrative_ontology.pl	constraint_stakeholder	7	0	LIVE	16	boltzmann_compliance.pl:epistemic_access_check/2;data_validation.pl:agent_surface_present/1;narrative_ontology.pl:constraint_captured/1;probe_mc_cases.pl:role_types/3;probe_mc_cases.pl:run/0;probe_seat_sweep.pl:role_seat_type/2;probe_seat_sweep.pl:stk_constraints/1;report_generator.pl:seat_type_reading/2;stakeholder_seats.pl:consensus_provenance/2;stakeholder_seats.pl:derive_directionality_for_stakeholder/3;stakeholder_seats.pl:extraction_extractor_seats/2;stakeholder_seats.pl:in_contention/3;stakeholder_seats.pl:power_witness_count/3;stakeholder_seats.pl:role_of/3;stakeholder_seats.pl:seat_perceived_vs_real/4;stakeholder_seats.pl:stakeholder_context/3
narrative_ontology.pl	constraint_type	1	1	STATIC_ORPHAN	0	
narrative_ontology.pl	constraint_type_name	2	1	STATIC_ORPHAN	0	
narrative_ontology.pl	constraint_victim	2	0	LIVE	16	constraint_indexing.pl:beneficiary_victim_directionality/3;constraint_indexing.pl:resolve_coalition_power/3;cs_pattern_detection.pl:cs_naturalized_mountain/1;data_repair.pl:persist_single/1;drl_boltzmann_analysis.pl:separability_factor/2;drl_purity_network.pl:shared_agent_link/4;global_delta_report.pl:compare_one/4;global_delta_report.pl:has_victim/1;invertibility_analysis.pl:extract_pipeline_invariants/2;json_report.pl:write_per_constraint_entry/4;logical_fingerprint.pl:fingerprint_actors/2;logical_fingerprint.pl:structural_property_holds/2;logical_fingerprint.pl:structural_void/2;narrative_ontology.pl:has_asymmetric_extraction/1;signature_detection.pl:signature_diagnostic_severity/3;stakeholder_seats.pl:authored_victim/1
narrative_ontology.pl	constraint_vindicates	2	0	STATIC_ORPHAN	0	
narrative_ontology.pl	coordination_type	2	1	LIVE	3	boltzmann_compliance.pl:boltzmann_floor_for/2;boltzmann_compliance.pl:coordination_type_offset/2;cs_pattern_detection.pl:cs_verdict/2
narrative_ontology.pl	coordination_vitality	2	1	LIVE	1	drl_core.pl:coordination_dead/1
narrative_ontology.pl	coupling_profile	2	1	STATIC_ORPHAN	0	
narrative_ontology.pl	cs_axiom	3	0	LIVE	5	axiom_diff.pl:axioms_of/2;cs_axiom_engine.pl:cs_axiom_foreclosed/2;cs_axiom_engine.pl:cs_axiom_inconsistent/2;cs_axiom_engine.pl:cs_has_axioms/1;cs_axiom_engine.pl:cs_kernel_axiom_conflict/4
narrative_ontology.pl	cs_axiom_contradiction	2	0	LIVE	2	cs_axiom_engine.pl:cs_axiom_inconsistent/2;cs_axiom_engine.pl:cs_kernel_axiom_conflict/4
narrative_ontology.pl	cs_axiom_grounding	3	0	LIVE	3	axiom_diff.pl:axioms_of/2;cs_axiom_engine.pl:cs_axiom_foreclosed/2;kernel_orbit_export.pl:run_kernel_orbit_export_to/1
narrative_ontology.pl	cs_axiom_status	2	0	STATIC_ORPHAN	0	
narrative_ontology.pl	cs_created_at	2	0	STATIC_ORPHAN	0	
narrative_ontology.pl	cs_drift_state	3	0	LIVE	4	cs_axiom_engine.pl:cs_axiom_foreclosed/2;cs_drift_engine.pl:cs_drift_trajectory/3;cs_pattern_detection.pl:cs_drift_unacknowledged/2;json_report.pl:write_per_constraint_entry/4
narrative_ontology.pl	cs_reading_relation	3	1	LIVE	6	cs_corpus_analysis.pl:cs_trifurcation_profile/0;cs_kernel_registry.pl:cs_kernel_obstruction/4;cs_kernel_registry.pl:cs_reading_relation_unresolved/4;cs_pattern_detection.pl:cs_displaced_beneficiary/1;drl_composition.pl:detect_necessity_inheritance/2;json_report.pl:write_validation_object/2
narrative_ontology.pl	cs_reference_frame	2	0	LIVE	1	json_report.pl:write_per_constraint_entry/4
narrative_ontology.pl	cs_story_uid	2	1	LIVE	14	axiom_diff.pl:axioms_of/2;config_validation.pl:config_violation/1;cs_corpus_analysis.pl:cs_trifurcation_profile/0;cs_drift_mismatch.pl:cs_drift_mismatch/2;cs_drift_mismatch.pl:run_drift_mismatch_report/0;cs_kernel_registry.pl:cs_reading_relation_unresolved/4;cs_kernel_registry.pl:cs_readings_for_kernel/2;cs_pattern_detection.pl:cs_authority_grounding/2;cs_pattern_detection.pl:cs_displaced_beneficiary/1;cs_pattern_detection.pl:cs_interp_layer/1;cs_pattern_detection.pl:cs_kernel_codification/2;json_report.pl:write_per_constraint_entry/4;json_report.pl:write_validation_object/2;kernel_orbit_export.pl:run_kernel_orbit_export_to/1
narrative_ontology.pl	disappearance_verdict	2	0	LIVE	2	data_validation.pl:agent_surface_present/1;narrative_ontology.pl:has_mandatrophy_declaration/1
narrative_ontology.pl	entity	2	1	LIVE	10	constraint_bridge.pl:is_safe_to_cut/1;constraint_bridge.pl:recommendation_feasibility/3;data_verification.pl:check_paired_measurements/0;drl_composition.pl:transformation_type/6;drl_counterfactual.pl:assess_scaffold_need/3;narrative_ontology.pl:validate_entities/0;narrative_ontology.pl:validate_events/0;narrative_ontology.pl:validate_intent/0;narrative_ontology.pl:validate_measurements/0;uke_dr_bridge.pl:determine_status/6
narrative_ontology.pl	event	4	1	LIVE	1	narrative_ontology.pl:validate_events/0
narrative_ontology.pl	fixing_cost_class	2	0	LIVE	2	narrative_ontology.pl:piton_candidate/1;narrative_ontology.pl:transient_neglect/1
narrative_ontology.pl	founding_problem_corroboration_class	2	0	LIVE	1	stakeholder_seats.pl:q6_daylight/2
narrative_ontology.pl	founding_problem_status	2	0	LIVE	2	narrative_ontology.pl:has_mandatrophy_declaration/1;stakeholder_seats.pl:q6_cell/2
narrative_ontology.pl	has_asymmetric_extraction	1	1	LIVE	9	drl_boltzmann_analysis.pl:separability_factor/2;drl_core.pl:classify_from_metrics/6;gap_diagnostic.pl:cache_gap_profile/4;invertibility_analysis.pl:extract_pipeline_invariants/2;logical_fingerprint.pl:structural_property_holds/2;logical_fingerprint.pl:structural_void/2;maxent_classifier.pl:eval_boolean_feature/3;narrative_ontology.pl:is_tangled_rope/1;omega1_audit.pl:compute_one_profile/2
narrative_ontology.pl	has_coordination_function	1	1	LIVE	16	drl_boltzmann_analysis.pl:separability_factor/2;drl_core.pl:classify_from_metrics/6;gap_diagnostic.pl:cache_gap_profile/4;invertibility_analysis.pl:extract_pipeline_invariants/2;logical_fingerprint.pl:categorize_coupling/5;logical_fingerprint.pl:structural_property_holds/2;logical_fingerprint.pl:structural_void/2;maxent_classifier.pl:eval_boolean_feature/3;metric_drift_events.pl:detect_coordination_loss/1;metric_drift_events.pl:drift_event/3;narrative_ontology.pl:is_tangled_rope/1;omega1_audit.pl:compute_one_profile/2;signature_detection.pl:coupling_invariant_rope/2;signature_detection.pl:determine_pure_subtype/2;transition_paths.pl:predicted_terminal_state/3;transition_paths.pl:transition_path/4
narrative_ontology.pl	has_mandatrophy_declaration	1	0	STATIC_ORPHAN	0	
narrative_ontology.pl	has_sunset_clause	1	1	LIVE	10	cs_pattern_detection.pl:cs_verdict/2;data_repair.pl:persist_single/1;drl_core.pl:scaffold_temporality_check/1;invertibility_analysis.pl:extract_pipeline_invariants/2;logical_fingerprint.pl:structural_property_holds/2;logical_fingerprint.pl:structural_void/2;metric_drift_events.pl:detect_sunset_violation/1;metric_drift_events.pl:drift_event/3;omega1_audit.pl:scaffold_temporality_check_audit/1;signature_detection.pl:determine_pure_subtype/2
narrative_ontology.pl	human_readable	2	1	LIVE	1	json_report.pl:write_per_constraint_entry/4
narrative_ontology.pl	input_vector	2	0	STATIC_ORPHAN	0	
narrative_ontology.pl	intent_alternative_rejected	3	1	LIVE	1	data_verification.pl:verify_intent_logic/0
narrative_ontology.pl	intent_beneficiary_class	2	1	LIVE	1	data_verification.pl:verify_intent_logic/0
narrative_ontology.pl	intent_norm_strength	3	1	STATIC_ORPHAN	0	
narrative_ontology.pl	intent_power_change	3	1	LIVE	1	data_verification.pl:verify_intent_logic/0
narrative_ontology.pl	intent_resistance_level	4	1	STATIC_ORPHAN	0	
narrative_ontology.pl	intent_suppression_level	4	1	STATIC_ORPHAN	0	
narrative_ontology.pl	intent_viable_alternative	3	1	LIVE	3	data_verification.pl:verify_intent_logic/0;narrative_ontology.pl:validate_intent/0;signature_detection.pl:has_viable_alternatives/2
narrative_ontology.pl	interval	3	1	LIVE	18	coercion_projection.pl:coercion_gradient/4;coercion_projection.pl:time_point_in_interval/2;data_repair.pl:grid_provenance/2;data_repair.pl:impute_missing_metrics/2;data_repair.pl:repair_interval/1;data_repair.pl:stray_injected_count/2;data_verification.pl:verify_interval_completeness/1;data_verification.pl:verify_structure/0;narrative_ontology.pl:validate_intent/0;narrative_ontology.pl:validate_intervals/0;narrative_ontology.pl:validate_measurements/0;pattern_analysis.pl:analyze_interval/4;pattern_analysis.pl:compute_completeness/2;report_generator.pl:generate_full_report/1;scenario_manager.pl:list_active_intervals/0;scenario_manager.pl:load_and_run/2;scenario_manager.pl:sanitize_all_intervals/0;signature_detection.pl:level_gradient_divergence/2
narrative_ontology.pl	is_indexical_resolution_declared	1	0	STATIC_ORPHAN	0	
narrative_ontology.pl	is_tangled_rope	1	1	STATIC_ORPHAN	0	
narrative_ontology.pl	measurement	5	1	LIVE	38	coercion_projection.pl:coercion_vector/4;coercion_projection.pl:is_measurement_time/2;data_repair.pl:grid_provenance/2;data_repair.pl:impute_missing_metrics/2;data_repair.pl:persist_single/1;data_repair.pl:stray_injected_count/2;data_verification.pl:check_constraint_pairing/1;data_verification.pl:check_paired_measurements/0;data_verification.pl:diagnose_unknown/1;data_verification.pl:verify_measurements/0;data_verification.pl:verify_vector_at/3;diagnostic_summary.pl:measurement_provenance/2;drl_composition.pl:check_capture_between/3;drl_composition.pl:classify_at_time/5;drl_composition.pl:classify_at_time_with_supp/7;drl_composition.pl:constraint_history/3;drl_composition.pl:non_monotonic_trajectory/2;drl_counterfactual.pl:dr_gradient_at/3;export_oq119_corpus_join.pl:metric_temporal/3;inferred_coupling_protocol.pl:gradient_at/3;json_report.pl:write_drift_trajectory/2;json_report.pl:write_one_metric_series/4;json_report.pl:write_per_constraint_entry/4;logical_fingerprint.pl:metric_trend/3;logical_fingerprint.pl:structural_property_holds/2;logical_fingerprint.pl:structural_void/2;metric_drift_events.pl:detect_coordination_loss/1;metric_drift_events.pl:detect_extraction_accumulation/1;metric_drift_events.pl:detect_metric_substitution/1;metric_drift_events.pl:drift_event/3;metric_drift_events.pl:metric_at/4;metric_drift_events.pl:metric_delta/5;narrative_ontology.pl:validate_measurements/0;probe_oq119_gate0_controls.pl:backed_timepoints/2;probe_oq119_gate0_controls.pl:find_series_but_unbacked/3;probe_oq119_gate0_controls.pl:report_temporal/1;temporal_residual.pl:constraint_time_set/2;transition_paths.pl:degradation_chain/3
narrative_ontology.pl	measurement_basis	2	0	LIVE	1	diagnostic_summary.pl:measurement_provenance/2
narrative_ontology.pl	non_agent_beneficiary	1	1	LIVE	1	narrative_ontology.pl:agent_beneficiary/2
narrative_ontology.pl	omega_variable	3	1	LIVE	11	json_report.pl:collect_omegas/2;maxent_diagnostic.pl:count_with_omega/2;maxent_report.pl:has_omega/1;narrative_ontology.pl:validate_omegas/0;probe_mc_cases.pl:run/0;report_generator.pl:assert_omega_if_new/5;report_generator.pl:generate_llm_feedback/1;report_generator.pl:generate_omega_resolution_scenarios/1;report_generator.pl:generate_omega_triage/0;report_generator.pl:omega_severity/2;scenario_manager.pl:route_omega/1
narrative_ontology.pl	piton_candidate	1	0	LIVE	3	signature_detection.pl:capture_disposition/2;signature_detection.pl:fcr_routed/1;signature_detection.pl:resolve_with_perspectival_check/4
narrative_ontology.pl	recommendation	2	1	LIVE	3	constraint_bridge.pl:recommendation_feasibility/3;report_generator.pl:generate_full_report/1;uke_dr_bridge.pl:uke_status/3
narrative_ontology.pl	stakeholder_gain_flow	2	0	LIVE	2	narrative_ontology.pl:constraint_captured/1;narrative_ontology.pl:uncaptured/1
narrative_ontology.pl	stakeholder_non_agent	2	0	LIVE	3	stakeholder_seats.pl:consensus_provenance/2;stakeholder_seats.pl:extraction_extractor_seats/2;stakeholder_seats.pl:in_contention/3
narrative_ontology.pl	stakeholder_secondary_role	3	0	LIVE	1	stakeholder_seats.pl:role_of/3
narrative_ontology.pl	story_provenance	8	0	STATIC_ORPHAN	0	
narrative_ontology.pl	story_seed	3	0	STATIC_ORPHAN	0	
narrative_ontology.pl	suppression_profile	2	1	LIVE	1	drl_composition.pl:classify_at_time/5
narrative_ontology.pl	theater_ratio	2	0	STATIC_ORPHAN	0	
narrative_ontology.pl	topic_domain	2	1	LIVE	1	json_report.pl:write_per_constraint_entry/4
narrative_ontology.pl	transient_neglect	1	0	LIVE	1	signature_detection.pl:capture_disposition/2
narrative_ontology.pl	uncaptured	1	0	LIVE	2	narrative_ontology.pl:piton_candidate/1;narrative_ontology.pl:transient_neglect/1
narrative_ontology.pl	validate_constraint_claims	0	0	LIVE	1	narrative_ontology.pl:validate_ontology/0
narrative_ontology.pl	validate_constraint_metrics	0	0	LIVE	1	narrative_ontology.pl:validate_ontology/0
narrative_ontology.pl	validate_entities	0	0	LIVE	1	narrative_ontology.pl:validate_ontology/0
narrative_ontology.pl	validate_events	0	0	LIVE	1	narrative_ontology.pl:validate_ontology/0
narrative_ontology.pl	validate_intent	0	0	LIVE	1	narrative_ontology.pl:validate_ontology/0
narrative_ontology.pl	validate_intervals	0	0	LIVE	1	narrative_ontology.pl:validate_ontology/0
narrative_ontology.pl	validate_measurements	0	0	LIVE	1	narrative_ontology.pl:validate_ontology/0
narrative_ontology.pl	validate_omegas	0	0	LIVE	1	narrative_ontology.pl:validate_ontology/0
narrative_ontology.pl	validate_ontology	0	1	LIVE	1	data_verification.pl:verify_all/0
narrative_ontology.pl	veto_actor	1	1	LIVE	1	constraint_bridge.pl:derive_veto_actors/0
narrative_ontology.pl	veto_exposed	2	1	LIVE	1	constraint_bridge.pl:recommendation_feasibility/3
network_dynamics.pl	cascade_prediction	3	1	LIVE	2	metric_drift_report.pl:generate_drift_report/0;metric_drift_report.pl:generate_drift_report/1
network_dynamics.pl	cascade_threshold	2	0	LIVE	1	network_dynamics.pl:cascade_prediction/3
network_dynamics.pl	compute_neighbor_contamination	5	0	LIVE	1	network_dynamics.pl:network_drift_contagion/3
network_dynamics.pl	detect_network_contamination	3	1	LIVE	8	abductive_triggers.pl:trigger_contamination_cascade/3;cs_drift_mismatch.pl:cs_is_metric_stable/1;metric_drift_events.pl:drift_event/3;metric_drift_events.pl:drift_event/4;metric_drift_report.pl:generate_drift_report/0;metric_drift_report.pl:generate_drift_report/1;network_dynamics.pl:network_drift_severity/3;network_dynamics.pl:network_stability_assessment/2
network_dynamics.pl	ep_base_severity	2	0	LIVE	1	network_dynamics.pl:network_drift_severity/3
network_dynamics.pl	escalate_severity	2	0	LIVE	1	network_dynamics.pl:network_drift_severity/3
network_dynamics.pl	network_drift_contagion	3	1	LIVE	2	network_dynamics.pl:detect_network_contamination/3;network_dynamics.pl:network_drift_severity/3
network_dynamics.pl	network_drift_severity	3	1	LIVE	3	metric_drift_events.pl:drift_severity/3;metric_drift_report.pl:generate_drift_report/0;network_dynamics.pl:network_stability_assessment/2
network_dynamics.pl	network_drift_velocity	4	1	LIVE	4	cs_drift_mismatch.pl:cs_is_metric_stable/1;metric_drift_events.pl:drift_event/4;metric_drift_report.pl:generate_drift_report/1;network_dynamics.pl:cascade_prediction/3
network_dynamics.pl	network_stability_assessment	2	1	LIVE	2	json_report.pl:write_diagnostic_object/3;metric_drift_report.pl:generate_drift_report/0
network_dynamics.pl	sum_contributions	2	0	LIVE	1	network_dynamics.pl:network_drift_velocity/4
omega1_audit.pl	classify_all_gap_regions	1	0	LIVE	1	omega1_audit.pl:run_omega1_audit/0
omega1_audit.pl	classify_gap_region	1	0	LIVE	1	omega1_audit.pl:classify_all_gap_regions/1
omega1_audit.pl	classify_safe	3	0	LIVE	1	omega1_audit.pl:compute_cross_context/1
omega1_audit.pl	collect_unknowns	1	0	LIVE	1	omega1_audit.pl:run_omega1_audit/0
omega1_audit.pl	compute_all_cross_context	1	0	LIVE	1	omega1_audit.pl:run_omega1_audit/0
omega1_audit.pl	compute_cross_context	1	0	LIVE	1	omega1_audit.pl:compute_all_cross_context/1
omega1_audit.pl	compute_one_profile	2	0	LIVE	1	omega1_audit.pl:compute_profiles/1
omega1_audit.pl	compute_profiles	1	0	LIVE	1	omega1_audit.pl:run_omega1_audit/0
omega1_audit.pl	count_flag	2	0	LIVE	1	omega1_audit.pl:report_structural_flags/0
omega1_audit.pl	determine_all_blocking_gates	1	0	LIVE	1	omega1_audit.pl:run_omega1_audit/0
omega1_audit.pl	determine_gates_for	2	0	LIVE	1	omega1_audit.pl:determine_all_blocking_gates/1
omega1_audit.pl	determine_primary_gate	11	0	LIVE	1	omega1_audit.pl:determine_gates_for/2
omega1_audit.pl	omega1_blocking_gate	2	0	LIVE	1	omega1_audit.pl:report_blocking_gates/0
omega1_audit.pl	omega1_cross_context	4	0	LIVE	3	omega1_audit.pl:report_cross_context/0;omega1_audit.pl:report_embedded_facts/0;omega1_audit.pl:report_summary/3
omega1_audit.pl	omega1_gap_region	2	0	LIVE	2	omega1_audit.pl:report_finding_classification/1;omega1_audit.pl:report_gap_regions/0
omega1_audit.pl	omega1_primary_gate	2	0	LIVE	2	omega1_audit.pl:report_embedded_facts/0;omega1_audit.pl:report_primary_gates/0
omega1_audit.pl	omega1_profile	6	0	LIVE	8	omega1_audit.pl:classify_gap_region/1;omega1_audit.pl:determine_gates_for/2;omega1_audit.pl:report_gap_regions/0;omega1_audit.pl:report_metric_distribution/0;omega1_audit.pl:report_naturalized_impossibility/0;omega1_audit.pl:report_primary_gates/0;omega1_audit.pl:report_signature_analysis/0;omega1_audit.pl:self_consistency_check/2
omega1_audit.pl	omega1_structural_flags	6	0	LIVE	3	omega1_audit.pl:classify_gap_region/1;omega1_audit.pl:count_flag/2;omega1_audit.pl:determine_gates_for/2
omega1_audit.pl	omega1_unknown	1	0	LIVE	6	omega1_audit.pl:report_cross_context/0;omega1_audit.pl:report_embedded_facts/0;omega1_audit.pl:report_naturalized_impossibility/0;omega1_audit.pl:report_structural_flags/0;omega1_audit.pl:report_summary/3;omega1_audit.pl:run_omega1_audit/0
omega1_audit.pl	report_blocking_gates	0	0	LIVE	1	omega1_audit.pl:report_full/3
omega1_audit.pl	report_cross_context	0	0	LIVE	1	omega1_audit.pl:report_full/3
omega1_audit.pl	report_distrib_row	2	0	LIVE	1	omega1_audit.pl:report_metric_distribution/0
omega1_audit.pl	report_embedded_facts	0	0	LIVE	2	giant_component_analysis.pl:run_giant_component_analysis/0;omega1_audit.pl:report_full/3
omega1_audit.pl	report_finding_classification	1	0	LIVE	1	omega1_audit.pl:report_full/3
omega1_audit.pl	report_flag_row	3	0	LIVE	1	omega1_audit.pl:report_structural_flags/0
omega1_audit.pl	report_full	3	0	LIVE	1	omega1_audit.pl:run_omega1_audit/0
omega1_audit.pl	report_gap_regions	0	0	LIVE	1	omega1_audit.pl:report_full/3
omega1_audit.pl	report_metric_distribution	0	0	LIVE	1	omega1_audit.pl:report_full/3
omega1_audit.pl	report_naturalized_impossibility	0	0	LIVE	1	omega1_audit.pl:report_full/3
omega1_audit.pl	report_primary_gates	0	0	LIVE	1	omega1_audit.pl:report_full/3
omega1_audit.pl	report_signature_analysis	0	0	LIVE	1	omega1_audit.pl:report_full/3
omega1_audit.pl	report_structural_flags	0	0	LIVE	1	omega1_audit.pl:report_full/3
omega1_audit.pl	report_summary	3	0	LIVE	2	omega1_audit.pl:report_full/3;orbit_report.pl:run_orbit_report/0
omega1_audit.pl	run_omega1_audit	0	1	ENTRYPOINT_CLI	0	
omega1_audit.pl	scaffold_temporality_check_audit	1	0	LIVE	1	omega1_audit.pl:determine_gates_for/2
omega1_audit.pl	self_consistency_check	2	0	LIVE	1	omega1_audit.pl:run_omega1_audit/0
omega1_audit.pl	snare_immutability_check_audit	1	0	LIVE	1	omega1_audit.pl:determine_gates_for/2
orbit_report.pl	characterize_family	2	0	LIVE	1	orbit_report.pl:report_one_family/3
orbit_report.pl	compute_all_orbits	2	0	LIVE	1	orbit_report.pl:run_orbit_report/0
orbit_report.pl	compute_one_orbit	2	0	LIVE	1	orbit_report.pl:compute_all_orbits/2
orbit_report.pl	group_by_signature	2	0	LIVE	1	orbit_report.pl:run_orbit_report/0
orbit_report.pl	report_cross_type_analysis	1	0	LIVE	1	orbit_report.pl:run_orbit_report/0
orbit_report.pl	report_family_inventory	1	0	LIVE	1	orbit_report.pl:run_orbit_report/0
orbit_report.pl	report_one_family	3	0	LIVE	1	orbit_report.pl:report_family_inventory/1
orbit_report.pl	report_singleton_vs_multi	1	0	LIVE	1	orbit_report.pl:run_orbit_report/0
orbit_report.pl	report_summary	3	0	LIVE	2	omega1_audit.pl:report_full/3;orbit_report.pl:run_orbit_report/0
orbit_report.pl	report_unknown_orbits	1	0	LIVE	1	orbit_report.pl:run_orbit_report/0
orbit_report.pl	run_orbit_report	0	0	ENTRYPOINT_CLI	0	
orbit_report.pl	write_json_contexts	2	0	LIVE	1	orbit_report.pl:write_json_entry/5
orbit_report.pl	write_json_entries	2	0	LIVE	1	orbit_report.pl:write_json_stream/2
orbit_report.pl	write_json_entry	5	0	LIVE	1	orbit_report.pl:write_json_entries/2
orbit_report.pl	write_json_stream	2	0	LIVE	1	orbit_report.pl:write_orbit_json/1
orbit_report.pl	write_json_string_list	2	0	LIVE	1	orbit_report.pl:write_json_entry/5
orbit_report.pl	write_orbit_json	1	0	LIVE	1	orbit_report.pl:run_orbit_report/0
pattern_analysis.pl	analyze_interval	1	1	LIVE	1	intent_engine.pl:classify_interval/3
pattern_analysis.pl	analyze_interval	4	1	LIVE	2	pattern_analysis.pl:analyze_interval/1;report_generator.pl:classify_interval/3
pattern_analysis.pl	compute_completeness	2	0	LIVE	1	pattern_analysis.pl:analyze_interval/4
pattern_analysis.pl	interval_data_completeness	2	1	LIVE	1	intent_engine.pl:classify_interval/3
pattern_analysis.pl	interval_preliminary_pattern	2	1	LIVE	1	intent_engine.pl:classify_interval/3
pattern_analysis.pl	interval_system_gradient	3	1	LIVE	1	intent_engine.pl:classify_interval/3
persistence_export.pl	emit_h1	1	0	LIVE	1	persistence_export.pl:export_classifications_with_topology/0
persistence_export.pl	emit_w1	1	0	LIVE	1	persistence_export.pl:export_classifications_with_topology/0
persistence_export.pl	export_classifications_with_topology	0	1	ENTRYPOINT_CLI	0	
post_synthesis.pl	check_case1	4	0	LIVE	1	post_synthesis.pl:post_synthesis_check_core/4
post_synthesis.pl	check_case2	4	0	LIVE	1	post_synthesis.pl:post_synthesis_check_core/4
post_synthesis.pl	is_genuine_trigger	1	0	LIVE	1	post_synthesis.pl:post_synthesis_check_core/4
post_synthesis.pl	post_synthesis_check	3	1	LIVE	1	json_report.pl:write_per_constraint_entry/4
post_synthesis.pl	post_synthesis_check_core	4	1	LIVE	2	post_synthesis.pl:post_synthesis_check/3;post_synthesis.pl:post_synthesis_selftest/0
post_synthesis.pl	post_synthesis_selftest	0	1	ENTRYPOINT_CLI	0	
probe_harness.pl	apply_overlay	2	0	LIVE	1	probe_harness.pl:with_overlay/3
probe_harness.pl	check_qualified	1	0	LIVE	1	probe_harness.pl:with_overlay/3
probe_harness.pl	restore_overlay	3	0	LIVE	1	probe_harness.pl:with_overlay/3
probe_harness.pl	snapshot	2	0	LIVE	2	probe_harness.pl:verify_restore/2;probe_harness.pl:with_overlay/3
probe_harness.pl	verify_restore	2	0	LIVE	1	probe_harness.pl:restore_overlay/3
probe_harness.pl	warn_if_rule_clauses	1	0	LIVE	1	probe_harness.pl:with_overlay/3
probe_harness.pl	with_asserted	2	1	STATIC_ORPHAN	0	
probe_harness.pl	with_overlay	3	1	LIVE	2	probe_harness.pl:with_asserted/2;probe_harness.pl:with_retracted/2
probe_harness.pl	with_retracted	2	1	LIVE	1	probe_oq35_field_counterfactual.pl:run_oq35_probe/1
probe_mc_cases.pl	role_types	3	0	LIVE	1	probe_mc_cases.pl:run/0
probe_mc_cases.pl	run	0	1	ENTRYPOINT_CLI	0	
probe_oq119_axiom_degenerate.pl	main	0	0	LIVE	3	export_oq119_join_records.pl:<directive>/1;probe_oq119_axiom_degenerate.pl:<directive>/1;probe_oq119_gate0_roster.pl:<directive>/1
probe_oq119_backed_reachable.pl	main	0	0	LIVE	3	export_oq119_join_records.pl:<directive>/1;probe_oq119_axiom_degenerate.pl:<directive>/1;probe_oq119_gate0_roster.pl:<directive>/1
probe_oq119_gate0_controls.pl	backed_timepoints	2	0	LIVE	3	probe_oq119_gate0_controls.pl:find_series_but_unbacked/3;probe_oq119_gate0_controls.pl:report_temporal/1;probe_oq119_gate0_roster.pl:reading_temporal_nonvacuous/1
probe_oq119_gate0_controls.pl	degenerate	1	0	LIVE	1	probe_oq119_gate0_controls.pl:report_observer/1
probe_oq119_gate0_controls.pl	find_series_but_unbacked	3	0	LIVE	1	probe_oq119_gate0_controls.pl:g03_temporal_control/0
probe_oq119_gate0_controls.pl	g01_observer_control	0	0	LIVE	1	probe_oq119_gate0_controls.pl:main/0
probe_oq119_gate0_controls.pl	g02_axiom_control	0	0	LIVE	1	probe_oq119_gate0_controls.pl:main/0
probe_oq119_gate0_controls.pl	g03_temporal_control	0	0	LIVE	1	probe_oq119_gate0_controls.pl:main/0
probe_oq119_gate0_controls.pl	main	0	0	LIVE	3	export_oq119_join_records.pl:<directive>/1;probe_oq119_axiom_degenerate.pl:<directive>/1;probe_oq119_gate0_roster.pl:<directive>/1
probe_oq119_gate0_controls.pl	nonzero_rate	1	0	LIVE	2	probe_oq119_gate0_controls.pl:report_temporal/1;probe_oq119_gate0_roster.pl:reading_temporal_nonvacuous/1
probe_oq119_gate0_controls.pl	report_divergence	1	0	LIVE	1	probe_oq119_gate0_controls.pl:g02_axiom_control/0
probe_oq119_gate0_controls.pl	report_observer	1	0	LIVE	1	probe_oq119_gate0_controls.pl:g01_observer_control/0
probe_oq119_gate0_controls.pl	report_temporal	1	0	LIVE	1	probe_oq119_gate0_controls.pl:g03_temporal_control/0
probe_oq119_gate0_controls.pl	seat_chi	3	0	LIVE	2	export_oq119_corpus_join.pl:observer_axis/2;probe_oq119_gate0_controls.pl:report_observer/1
probe_oq119_gate0_roster.pl	axiom_nonvacuous	1	0	LIVE	1	probe_oq119_gate0_roster.pl:main/0
probe_oq119_gate0_roster.pl	backed_timepoints	2	0	LIVE	3	probe_oq119_gate0_controls.pl:find_series_but_unbacked/3;probe_oq119_gate0_controls.pl:report_temporal/1;probe_oq119_gate0_roster.pl:reading_temporal_nonvacuous/1
probe_oq119_gate0_roster.pl	count_runs	1	0	LIVE	1	probe_oq119_gate0_roster.pl:status_dist/1
probe_oq119_gate0_roster.pl	count_temporal_readings	2	0	LIVE	1	probe_oq119_gate0_roster.pl:main/0
probe_oq119_gate0_roster.pl	distinct_kernel	1	0	LIVE	1	probe_oq119_gate0_roster.pl:main/0
probe_oq119_gate0_roster.pl	main	0	0	LIVE	3	export_oq119_join_records.pl:<directive>/1;probe_oq119_axiom_degenerate.pl:<directive>/1;probe_oq119_gate0_roster.pl:<directive>/1
probe_oq119_gate0_roster.pl	nonzero_rate	1	0	LIVE	2	probe_oq119_gate0_controls.pl:report_temporal/1;probe_oq119_gate0_roster.pl:reading_temporal_nonvacuous/1
probe_oq119_gate0_roster.pl	reading_temporal_nonvacuous	1	0	LIVE	1	probe_oq119_gate0_roster.pl:count_temporal_readings/2
probe_oq119_gate0_roster.pl	status_dist	1	0	LIVE	1	probe_oq119_gate0_roster.pl:main/0
probe_oq35_field_counterfactual.pl	all_obs	1	0	LIVE	1	probe_oq35_field_counterfactual.pl:run_oq35_probe/1
probe_oq35_field_counterfactual.pl	observe	2	0	LIVE	1	probe_oq35_field_counterfactual.pl:all_obs/1
probe_oq35_field_counterfactual.pl	presence_count	2	0	LIVE	1	probe_oq35_field_counterfactual.pl:run_oq35_probe/1
probe_oq35_field_counterfactual.pl	run_oq35_probe	1	0	STATIC_ORPHAN	0	
probe_oq35_field_counterfactual.pl	write_obs	2	0	LIVE	1	probe_oq35_field_counterfactual.pl:run_oq35_probe/1
probe_seat_sweep.pl	analytical_hist	0	0	LIVE	1	probe_seat_sweep.pl:run/0
probe_seat_sweep.pl	hist	1	0	LIVE	1	probe_seat_sweep.pl:run/0
probe_seat_sweep.pl	role_seat_type	2	0	LIVE	1	probe_seat_sweep.pl:hist/1
probe_seat_sweep.pl	run	0	1	ENTRYPOINT_CLI	0	
probe_seat_sweep.pl	stk_constraints	1	0	LIVE	1	probe_seat_sweep.pl:analytical_hist/0
product_site_export.pl	context_key	2	0	LIVE	1	product_site_export.pl:run_product_export_to/1
product_site_export.pl	count_differs	3	0	LIVE	1	product_site_export.pl:count_disagreeing_pairs/2
product_site_export.pl	count_disagreeing_pairs	2	0	LIVE	2	grothendieck_cohomology.pl:obstruction_from_vector/3;product_site_export.pl:write_one_entry/5
product_site_export.pl	is_real_type	1	0	LIVE	9	cs_kernel_registry.pl:cs_kernel_divergence/4;cs_kernel_registry.pl:pair_reading_agreement/7;cs_kernel_registry.pl:real_submap_key/2;cs_kernel_registry.pl:real_typemap/2;grothendieck_cohomology.pl:constraint_contextuality/2;grothendieck_cohomology.pl:count_disagreeing_pairs/2;grothendieck_cohomology.pl:obstruction_from_vector/3;product_site_export.pl:count_differs/3;product_site_export.pl:write_one_entry/5
product_site_export.pl	run_product_export	0	1	ENTRYPOINT_CLI	0	
product_site_export.pl	run_product_export_to	1	1	LIVE	2	product_site_export.pl:run_product_export/0;scs_0anczbfz.pl:<directive>/1
product_site_export.pl	type_at	3	0	LIVE	1	product_site_export.pl:write_one_entry/5
product_site_export.pl	write_contexts	3	0	LIVE	1	product_site_export.pl:write_one_entry/5
product_site_export.pl	write_entries	4	0	LIVE	1	product_site_export.pl:write_product_json/4
product_site_export.pl	write_one_entry	5	0	LIVE	1	product_site_export.pl:write_entries/4
product_site_export.pl	write_product_json	4	0	LIVE	1	product_site_export.pl:run_product_export_to/1
product_site_export.pl	write_string_list	2	0	LIVE	1	product_site_export.pl:write_one_entry/5
psych_bridge.pl	is_abandoned_camp	3	1	STATIC_ORPHAN	0	
psych_bridge.pl	is_developmental_support	3	1	STATIC_ORPHAN	0	
psych_bridge.pl	is_hybrid_pattern	3	1	STATIC_ORPHAN	0	
psych_bridge.pl	is_negotiable_pattern	3	1	STATIC_ORPHAN	0	
psych_bridge.pl	is_self_extraction	3	1	STATIC_ORPHAN	0	
psych_bridge.pl	is_substrate	3	1	STATIC_ORPHAN	0	
psych_bridge.pl	with_psych_metric	2	0	LIVE	6	psych_bridge.pl:is_abandoned_camp/3;psych_bridge.pl:is_developmental_support/3;psych_bridge.pl:is_hybrid_pattern/3;psych_bridge.pl:is_negotiable_pattern/3;psych_bridge.pl:is_self_extraction/3;psych_bridge.pl:is_substrate/3
purity_scoring.pl	coupling_cleanliness_subscore	2	1	LIVE	3	drl_boltzmann_analysis.pl:purity_deficit/2;genuine_findings_query.pl:profile_hypothesis/2;purity_scoring.pl:purity_score/2
purity_scoring.pl	excess_extraction_subscore	2	1	LIVE	3	drl_boltzmann_analysis.pl:purity_deficit/2;genuine_findings_query.pl:profile_hypothesis/2;purity_scoring.pl:purity_score/2
purity_scoring.pl	factorization_subscore	2	1	LIVE	3	drl_boltzmann_analysis.pl:purity_deficit/2;genuine_findings_query.pl:profile_hypothesis/2;purity_scoring.pl:purity_score/2
purity_scoring.pl	purity_score	2	1	LIVE	41	abductive_triggers.pl:stress_indicator/3;abductive_triggers.pl:trigger_accelerating_pathology/3;abductive_triggers.pl:trigger_classical_oracle_failure/3;abductive_triggers.pl:trigger_convergent_structural_stress/3;abductive_triggers.pl:trigger_hub_conflict/3;abductive_triggers.pl:trigger_signature_override_artifact/3;context_profile_mining.pl:build_trajectory_summary/2;diagnostic_summary.pl:probe_purity/3;drl_boltzmann_analysis.pl:action_composition_gate/3;drl_boltzmann_analysis.pl:purity_adjusted_energy/4;drl_boltzmann_analysis.pl:purity_qualified_action/4;drl_boltzmann_analysis.pl:purity_reform_recommendation/2;drl_boltzmann_analysis.pl:purity_reform_target/2;drl_boltzmann_analysis.pl:purity_scaffold_urgency/4;drl_fpn.pl:fpn_edge_contamination/5;drl_fpn.pl:fpn_precompute_constraints/2;drl_purity_network.pl:compute_edge_contamination/7;drl_purity_network.pl:contamination_path/5;drl_purity_network.pl:effective_purity/4;drl_purity_network.pl:network_qualified_action/4;drl_purity_network.pl:purity_contamination_pressure/4;genuine_findings_query.pl:profile_hypothesis/2;giant_component_analysis.pl:precompute_props_loop/4;grothendieck_cohomology.pl:cohomology_selftest/0;json_report.pl:tally_purity_bands/2;json_report.pl:write_contamination_network/3;json_report.pl:write_one_neighbor/6;json_report.pl:write_per_constraint_entry/4;logical_fingerprint.pl:fingerprint_coupling/2;maxent_diagnostic.pl:avg_purity_for/2;maxent_diagnostic.pl:count_low_purity/2;maxent_diagnostic.pl:count_purity_available/2;maxent_report.pl:report_cross_diagnostic_correlation/2;metric_drift_events.pl:detect_purity_drift/1;metric_drift_events.pl:drift_event/3;metric_drift_events.pl:drift_event/4;metric_drift_events.pl:drift_severity/3;network_dynamics.pl:compute_neighbor_contamination/5;network_dynamics.pl:detect_network_contamination/3;network_dynamics.pl:network_drift_contagion/3;network_dynamics.pl:network_drift_velocity/4
purity_scoring.pl	scope_invariance_subscore	2	1	LIVE	3	drl_boltzmann_analysis.pl:purity_deficit/2;genuine_findings_query.pl:profile_hypothesis/2;purity_scoring.pl:purity_score/2
quantum_verification_report.pl	extract_constraint_id	2	0	LIVE	1	quantum_verification_report.pl:query_hub_conflict_vs_h1/0
quantum_verification_report.pl	has_h1_positive	1	0	LIVE	1	quantum_verification_report.pl:query_maxent_divergence_vs_h1/1
quantum_verification_report.pl	has_h1_value	2	0	LIVE	1	quantum_verification_report.pl:query_maxent_divergence_vs_h1/1
quantum_verification_report.pl	has_valid_div	1	0	LIVE	1	quantum_verification_report.pl:report_mountain_divergences/2
quantum_verification_report.pl	query_hub_conflict_vs_h1	0	0	LIVE	1	quantum_verification_report.pl:run_quantum_verification/0
quantum_verification_report.pl	query_maxent_divergence_vs_h1	1	0	LIVE	1	quantum_verification_report.pl:run_quantum_verification/0
quantum_verification_report.pl	query_mountain_stability	1	0	LIVE	1	quantum_verification_report.pl:run_quantum_verification/0
quantum_verification_report.pl	query_restricted_vs_gauge_fixed	0	0	LIVE	1	quantum_verification_report.pl:run_quantum_verification/0
quantum_verification_report.pl	remove_dup_constraints	2	0	LIVE	1	quantum_verification_report.pl:query_hub_conflict_vs_h1/0
quantum_verification_report.pl	report_mountain_divergences	2	0	LIVE	1	quantum_verification_report.pl:query_mountain_stability/1
quantum_verification_report.pl	result_at_power	2	0	LIVE	1	quantum_verification_report.pl:query_restricted_vs_gauge_fixed/0
quantum_verification_report.pl	result_definite_different	1	0	LIVE	1	quantum_verification_report.pl:query_restricted_vs_gauge_fixed/0
quantum_verification_report.pl	result_definite_same	1	0	LIVE	1	quantum_verification_report.pl:query_restricted_vs_gauge_fixed/0
quantum_verification_report.pl	result_gauge_fixed	1	0	LIVE	1	quantum_verification_report.pl:query_restricted_vs_gauge_fixed/0
quantum_verification_report.pl	result_indeterminate	1	0	LIVE	1	quantum_verification_report.pl:query_restricted_vs_gauge_fixed/0
quantum_verification_report.pl	result_not_gauge_fixed	1	0	LIVE	1	quantum_verification_report.pl:query_restricted_vs_gauge_fixed/0
quantum_verification_report.pl	run_quantum_verification	0	1	ENTRYPOINT_CLI	0	
quantum_verification_report.pl	same_constraint	2	0	LIVE	1	quantum_verification_report.pl:remove_dup_constraints/2
quantum_verification_report.pl	standard_context	1	0	LIVE	18	bifurcation_export.pl:export_all_classifications/0;context_profile_mining.pl:standard_contexts/1;cs_pattern_detection.pl:cs_verdict/2;drl_boltzmann_analysis.pl:boltzmann_invariant_check/2;drl_core.pl:cross_context_analysis/2;drl_core.pl:dr_claim_mismatch/4;drl_core.pl:dr_mismatch/4;drl_core.pl:perspectival_gap/2;drl_core.pl:snare_immutability_check/1;drl_core.pl:snare_reform_threshold/2;drl_counterfactual.pl:check_all_contexts/2;omega1_audit.pl:snare_immutability_check_audit/1;persistence_export.pl:export_classifications_with_topology/0;quantum_verification_report.pl:query_hub_conflict_vs_h1/0;quantum_verification_report.pl:query_restricted_vs_gauge_fixed/0;routing_sink.pl:author_uniform_mountain/1;routing_sink.pl:routing_sink_emit_to/1;routing_sink.pl:seat_diff/7
quantum_verification_report.pl	take_n	3	0	LIVE	2	invertibility_analysis.pl:report_family_detail/1;quantum_verification_report.pl:query_restricted_vs_gauge_fixed/0
reading_diff.pl	aligned_pairs	5	1	LIVE	2	reading_diff.pl:report_key/3;reading_diff.pl:report_weighted/3
reading_diff.pl	cells_aligned	3	1	LIVE	2	reading_diff.pl:aligned_pairs/5;reading_diff.pl:unaligned_cells/4
reading_diff.pl	classify_vantage	4	0	LIVE	1	reading_diff.pl:reading_diff/6
reading_diff.pl	ctx_args	5	0	LIVE	3	reading_diff.pl:cells_aligned/3;reading_diff.pl:vantage_key/3;reading_diff.pl:weighted_distance/4
reading_diff.pl	dim	4	0	LIVE	1	reading_diff.pl:weighted_distance/4
reading_diff.pl	has_vantage_partition	1	1	LIVE	1	reading_diff.pl:reading_diff/6
reading_diff.pl	pair_agrees	1	0	LIVE	1	reading_diff.pl:aligned_pairs/5
reading_diff.pl	per_key_regime	4	1	STATIC_ORPHAN	0	
reading_diff.pl	reading_cell_source	3	0	LIVE	1	reading_diff.pl:reading_cells/2
reading_diff.pl	reading_cells	2	1	LIVE	3	reading_diff.pl:aligned_pairs/5;reading_diff.pl:reading_diff/6;reading_diff.pl:unaligned_cells/4
reading_diff.pl	reading_diff	6	1	LIVE	5	reading_diff.pl:per_key_regime/4;reading_diff.pl:report_blind_chain/2;reading_diff.pl:report_key/3;reading_diff.pl:stability_verdict/4;reading_diff_census.pl:census_row/1
reading_diff.pl	report_blind_chain	2	0	LIVE	1	reading_diff.pl:report_pair/3
reading_diff.pl	report_header	2	0	LIVE	1	reading_diff.pl:report_pair/3
reading_diff.pl	report_key	3	0	LIVE	1	reading_diff.pl:report_pair/3
reading_diff.pl	report_pair	3	1	STATIC_ORPHAN	0	
reading_diff.pl	report_stability	3	0	LIVE	1	reading_diff.pl:report_pair/3
reading_diff.pl	report_weighted	3	0	LIVE	1	reading_diff.pl:report_pair/3
reading_diff.pl	side_reading	4	0	LIVE	1	reading_diff.pl:report_key/3
reading_diff.pl	stability_verdict	3	1	LIVE	1	reading_diff_census.pl:census_row/1
reading_diff.pl	stability_verdict	4	1	LIVE	2	reading_diff.pl:report_stability/3;reading_diff.pl:stability_verdict/3
reading_diff.pl	unaligned_cells	4	0	LIVE	1	reading_diff.pl:report_weighted/3
reading_diff.pl	vantage_key	3	0	LIVE	1	reading_diff.pl:vantage_typemap/3
reading_diff.pl	vantage_typemap	3	0	LIVE	1	reading_diff.pl:reading_diff/6
reading_diff.pl	weighted_distance	4	0	LIVE	1	reading_diff.pl:cells_aligned/3
reading_diff_census.pl	census_row	1	0	LIVE	1	reading_diff_census.pl:census_rows/1
reading_diff_census.pl	census_rows	1	1	LIVE	2	reading_diff_census.pl:census_to/1;reading_diff_census.pl:run_census/0
reading_diff_census.pl	census_to	1	1	STATIC_ORPHAN	0	
reading_diff_census.pl	count_verdict	3	0	LIVE	1	reading_diff_census.pl:run_census/0
reading_diff_census.pl	multi_kernel	2	1	LIVE	1	reading_diff_census.pl:reading_pair/3
reading_diff_census.pl	pct	3	0	LIVE	1	reading_diff_census.pl:run_census/0
reading_diff_census.pl	reading_pair	3	1	LIVE	2	reading_diff_census.pl:census_row/1;reading_diff_census.pl:run_census/0
reading_diff_census.pl	run_census	0	1	ENTRYPOINT_CLI	0	
report_generator.pl	assert_omega_if_new	3	0	STATIC_ORPHAN	0	
report_generator.pl	assert_omega_if_new	5	0	LIVE	3	report_generator.pl:assert_omega_if_new/3;report_generator.pl:assert_omegas_from_gaps/1;report_generator.pl:process_omega_entries/1
report_generator.pl	assert_omegas_from_gaps	1	0	LIVE	1	report_generator.pl:generate_full_report/1
report_generator.pl	classify_interval	3	0	LIVE	2	intent_engine.pl:analyze_intent/1;report_generator.pl:generate_full_report/1
report_generator.pl	classify_with_context	3	0	LIVE	1	report_generator.pl:generate_indexed_report/3
report_generator.pl	completeness_to_confidence	2	0	LIVE	1	report_generator.pl:classify_interval/3
report_generator.pl	compute_chi_v6	6	0	LIVE	2	report_generator.pl:format_mandatrophy_gap/3;report_generator.pl:format_perspective_line/4
report_generator.pl	cross_domain_audit	0	0	ENTRYPOINT_CLI	0	
report_generator.pl	detect_gap_pattern	2	1	LIVE	5	json_report.pl:collect_omegas/2;json_report.pl:write_per_constraint_entry/4;json_report.pl:write_validation_object/2;report_generator.pl:assert_omegas_from_gaps/1;report_generator.pl:generate_omegas_from_gaps/1
report_generator.pl	determine_correct_classification	5	0	LIVE	1	report_generator.pl:forensic_explain_false_mountain/2
report_generator.pl	display_twin_rationale	2	0	LIVE	1	report_generator.pl:cross_domain_audit/0
report_generator.pl	extract_constraints	2	0	LIVE	1	report_generator.pl:generate_indexed_report/3
report_generator.pl	extraction_reading_line	1	0	LIVE	1	report_generator.pl:mandatrophy_only_report/1
report_generator.pl	forensic_audit_false_mountains	0	0	LIVE	1	report_generator.pl:generate_full_report/1
report_generator.pl	forensic_explain_false_mountain	2	0	LIVE	1	report_generator.pl:forensic_audit_false_mountains/0
report_generator.pl	format_indexed_report	3	0	LIVE	1	report_generator.pl:generate_indexed_report/3
report_generator.pl	format_mandatrophy_gap	3	0	LIVE	2	report_generator.pl:mandatrophy_only_report/1;report_generator.pl:perspectival_gap_audit/1
report_generator.pl	format_perspective_line	4	0	LIVE	1	report_generator.pl:perspectival_gap_audit/1
report_generator.pl	gap_coverage	1	1	LIVE	1	json_report.pl:write_per_constraint_entry/4
report_generator.pl	gap_extractive_type	1	0	LIVE	1	report_generator.pl:label_gap/4
report_generator.pl	gap_functional_type	1	0	LIVE	1	report_generator.pl:label_gap/4
report_generator.pl	generate_full_report	1	1	LIVE	1	test_harness.pl:run_all_tests/2
report_generator.pl	generate_indexed_report	3	0	STATIC_ORPHAN	0	
report_generator.pl	generate_llm_feedback	1	0	LIVE	1	validation_suite.pl:run_single_test/4
report_generator.pl	generate_omega_resolution_scenarios	1	1	LIVE	1	report_generator.pl:generate_full_report/1
report_generator.pl	generate_omega_triage	0	1	ENTRYPOINT_CLI	0	
report_generator.pl	generate_omegas_from_gaps	1	1	STATIC_ORPHAN	0	
report_generator.pl	generate_scenario_for_omega	5	0	LIVE	1	report_generator.pl:generate_omega_resolution_scenarios/1
report_generator.pl	label_gap	4	0	LIVE	1	report_generator.pl:detect_gap_pattern/2
report_generator.pl	mandatrophy_only_report	1	0	LIVE	1	report_generator.pl:generate_full_report/1
report_generator.pl	omega_from_gap	5	1	LIVE	4	json_report.pl:collect_omegas/2;json_report.pl:write_validation_object/2;report_generator.pl:assert_omegas_from_gaps/1;report_generator.pl:generate_omegas_from_gaps/1
report_generator.pl	omega_severity	2	1	LIVE	3	json_report.pl:collect_omegas/2;json_report.pl:tally_omega_severities/2;report_generator.pl:generate_omega_triage/0
report_generator.pl	omega_source	3	0	LIVE	1	report_generator.pl:resolve_omega_source/4
report_generator.pl	perspectival_gap_audit	1	0	STATIC_ORPHAN	0	
report_generator.pl	process_omega_entries	1	0	LIVE	1	report_generator.pl:generate_omegas_from_gaps/1
report_generator.pl	r5_zombie_crosscheck_line	1	0	LIVE	1	report_generator.pl:mandatrophy_only_report/1
report_generator.pl	report_constraint_signature	1	0	LIVE	1	report_generator.pl:generate_full_report/1
report_generator.pl	resolve_omega_source	4	0	LIVE	1	report_generator.pl:generate_omega_resolution_scenarios/1
report_generator.pl	seat_type_reading	2	0	LIVE	2	report_generator.pl:detect_gap_pattern/2;report_generator.pl:gap_coverage/1
report_generator.pl	standard_context	2	0	LIVE	2	report_generator.pl:compute_chi_v6/6;report_generator.pl:report_constraint_signature/1
routing_sink.pl	address_counts	2	0	LIVE	1	routing_sink.pl:routing_sink_address_counts/1
routing_sink.pl	author_field	3	0	LIVE	1	routing_sink.pl:seat_diff_record/2
routing_sink.pl	author_reading_at	4	0	LIVE	2	routing_sink.pl:author_uniform_mountain/1;routing_sink.pl:seat_diff/7
routing_sink.pl	author_uniform_mountain	1	0	LIVE	2	routing_sink.pl:route_address/5;routing_sink.pl:seat_diff/7
routing_sink.pl	constraint_uses_per_seat	1	0	LIVE	1	routing_sink.pl:author_reading_at/4
routing_sink.pl	detector_state	2	0	LIVE	1	routing_sink.pl:seat_diff/7
routing_sink.pl	engine_field	2	0	LIVE	1	routing_sink.pl:seat_diff_record/2
routing_sink.pl	engine_reading_at	3	0	LIVE	1	routing_sink.pl:seat_diff/7
routing_sink.pl	mismatch_field	2	0	LIVE	1	routing_sink.pl:seat_diff_record/2
routing_sink.pl	pair_to_dict	2	0	LIVE	1	routing_sink.pl:routing_sink_emit_to/1
routing_sink.pl	route_address	5	0	LIVE	1	routing_sink.pl:seat_diff/7
routing_sink.pl	routing_sink_address_counts	1	1	LIVE	1	routing_sink.pl:routing_sink_emit_to/1
routing_sink.pl	routing_sink_emit_to	1	1	LIVE	1	routing_sink.pl:run_routing_sink/0
routing_sink.pl	routing_sink_records	1	1	LIVE	1	routing_sink.pl:routing_sink_emit_to/1
routing_sink.pl	run_routing_sink	0	1	ENTRYPOINT_CLI	0	
routing_sink.pl	seat_diff	7	1	LIVE	2	routing_sink.pl:routing_sink_address_counts/1;routing_sink.pl:seat_diff_record/2
routing_sink.pl	seat_diff_record	2	1	LIVE	1	routing_sink.pl:routing_sink_records/1
routing_sink.pl	seat_mismatch	3	0	LIVE	1	routing_sink.pl:seat_diff/7
routing_sink.pl	seat_power	2	0	LIVE	2	routing_sink.pl:author_reading_at/4;routing_sink.pl:seat_diff_record/2
routing_sink.pl	take_run	4	0	LIVE	1	routing_sink.pl:address_counts/2
scenario_manager.pl	:	2	0	STATIC_ORPHAN	0	
scenario_manager.pl	clear_kb	0	1	LIVE	1	scenario_manager.pl:load_and_run/2
scenario_manager.pl	ensure_endpoint	1	0	LIVE	1	scenario_manager.pl:sanitize_all_intervals/0
scenario_manager.pl	list_active_intervals	0	1	ENTRYPOINT_CLI	0	
scenario_manager.pl	load_and_run	2	1	LIVE	2	stack.pl:run_scenario/2;validation_suite.pl:run_single_test/4
scenario_manager.pl	route_omega	1	0	STATIC_ORPHAN	0	
scenario_manager.pl	sanitize_all_intervals	0	0	ENTRYPOINT_CLI	0	
sheaf_analysis.pl	assess_block	2	0	LIVE	1	sheaf_analysis.pl:block_consistency/2
sheaf_analysis.pl	block_consistency	2	1	STATIC_ORPHAN	0	
sheaf_analysis.pl	sheaf_status	2	1	LIVE	1	json_report.pl:write_per_constraint_entry/4
sheaf_analysis.pl	sheaf_undetermined_reason	2	1	LIVE	1	json_report.pl:write_per_constraint_entry/4
signature_config.pl	param	2	0	LIVE	185	abductive_engine.pl:abductive_enabled/0;abductive_report.pl:run_abductive_report/0;abductive_triggers.pl:stress_indicator/3;abductive_triggers.pl:trigger_accelerating_pathology/3;abductive_triggers.pl:trigger_classical_oracle_failure/3;abductive_triggers.pl:trigger_confirmed_liminal/3;abductive_triggers.pl:trigger_contamination_cascade/3;abductive_triggers.pl:trigger_convergent_structural_stress/3;abductive_triggers.pl:trigger_coverage_gap/3;abductive_triggers.pl:trigger_deep_deception/3;abductive_triggers.pl:trigger_dormant_extraction/3;abductive_triggers.pl:trigger_epistemic_trap/3;abductive_triggers.pl:trigger_hub_conflict/3;abductive_triggers.pl:trigger_maxent_divergence/3;abductive_triggers.pl:trigger_maxent_shadow_divergence/3;abductive_triggers.pl:trigger_metric_structural_divergence/3;abductive_triggers.pl:trigger_mountain_extraction_accumulation/3;abductive_triggers.pl:trigger_signature_override_artifact/3;abductive_triggers.pl:trigger_snare_leaning_tangled/3;boltzmann_compliance.pl:boltzmann_floor_for/2;boltzmann_compliance.pl:classify_at_context_impl/3;boltzmann_compliance.pl:complexity_adjusted_threshold/2;boltzmann_compliance.pl:coordination_type_offset/2;boltzmann_compliance.pl:epistemic_access_check/2;boltzmann_compliance.pl:excess_extraction/2;boltzmann_compliance.pl:ib_adjusted_threshold/2;config_validation.pl:config_violation/1;config_validation.pl:test/1;constraint_data.pl:base_extractiveness/2;constraint_data.pl:suppression_score/2;constraint_indexing.pl:alt_sigmoid_f/3;constraint_indexing.pl:canonical_d_for_power/2;constraint_indexing.pl:extractiveness_for_agent_d/4;constraint_indexing.pl:get_true_metric/3;constraint_indexing.pl:power_modifier/2;constraint_indexing.pl:resolve_coalition_power/3;constraint_indexing.pl:resolve_displacement/2;constraint_indexing.pl:scope_modifier/2;constraint_indexing.pl:sigmoid_d1/2;constraint_indexing.pl:sigmoid_d2/2;constraint_indexing.pl:sigmoid_f/2;constraint_indexing.pl:sigmoid_params/5;constraint_indexing.pl:site_contexts/1;constraint_indexing.pl:site_contexts_for_mode/2;context_profile_mining.pl:classify_isomorphism_level/2;context_profile_mining.pl:cluster_group/3;context_profile_mining.pl:compute_isomorphism_evidence/3;context_profile_mining.pl:run_hierarchical_clustering/1;context_profile_mining.pl:trajectory_distance/4;context_profile_mining.pl:trajectory_enabled/0;context_profile_mining.pl:trajectory_run/2;context_profile_report.pl:report_cross_domain_isomorphisms/1;corpus_loader.pl:load_all_testsets/0;covering_analysis.pl:all_corpus_constraints/1;covering_analysis.pl:classify_at_interpolated/4;covering_analysis.pl:coarse_d_values/1;covering_analysis.pl:d_label/2;covering_analysis.pl:expanded_d_values/1;cs_drift_mismatch.pl:cs_is_metric_stable/1;data_repair.pl:bridge_domain_metrics_pure/3;data_repair.pl:get_default_metric/2;data_validation.pl:report_classification_inconsistency/3;dirac_classification.pl:describe_freedom/4;drl_audit_core.pl:structural_signature/3;drl_boltzmann_analysis.pl:action_composition_gate/3;drl_boltzmann_analysis.pl:compute_reform_urgency/4;drl_boltzmann_analysis.pl:compute_scaffold_urgency/5;drl_boltzmann_analysis.pl:excess_extraction_factor/2;drl_boltzmann_analysis.pl:purity_adjusted_energy/4;drl_boltzmann_analysis.pl:purity_to_cut_priority/2;drl_boltzmann_analysis.pl:qualify_action/5;drl_boltzmann_analysis.pl:raw_urgency/4;drl_composition.pl:check_capture_between/3;drl_composition.pl:detect_extraction_dominance/2;drl_core.pl:classify_from_metrics/6;drl_core.pl:get_raw_suppression/2;drl_counterfactual.pl:dependency_chain/5;drl_counterfactual.pl:estimate_impact_indexed/5;drl_fpn.pl:fpn_edge_contamination/5;drl_fpn.pl:fpn_effective_purity/4;drl_fpn.pl:fpn_run/3;drl_purity_network.pl:compute_edge_contamination/7;drl_purity_network.pl:constraint_neighbors_existing/2;drl_purity_network.pl:network_purity_metrics/2;drl_purity_network.pl:purity_contamination_pressure/4;fpn_report.pl:report_convergence/5;gap_diagnostic.pl:cache_gap_profile/4;gap_diagnostic.pl:institutional_d/1;gap_diagnostic.pl:moderate_d/1;gap_diagnostic.pl:threshold_boundary/3;genuine_findings_query.pl:profile_hypothesis/2;giant_component_analysis.pl:count_by_purity_zone/8;giant_component_analysis.pl:precompute_all_edges/2;giant_component_analysis.pl:purity_zone/2;giant_component_analysis.pl:report_contamination_collapse_analysis/2;giant_component_analysis.pl:report_gc_composition/2;giant_component_analysis.pl:report_purity_landscape/2;giant_component_analysis.pl:report_sound_constraint_exposure/2;giant_component_analysis.pl:run_phase1/0;giant_component_analysis.pl:run_phase2/0;giant_component_analysis.pl:run_phase3/0;giant_component_analysis.pl:run_phase4/0;giant_component_analysis.pl:would_cross_threshold/5;global_delta_report.pl:all_constraints/1;global_delta_report.pl:compare_one/4;grothendieck_cohomology.pl:cohomology_enabled/0;inferred_coupling_protocol.pl:discover_all_inferred_edges/2;inferred_coupling_protocol.pl:report_protocol_doc/0;inferred_coupling_protocol.pl:verify_designed_pairs/1;intent_engine.pl:fallback_confidence/2;invertibility_analysis.pl:check_threshold_crossing/3;invertibility_analysis.pl:compute_chi_at_context/4;invertibility_analysis.pl:extract_pipeline_invariants/2;invertibility_analysis.pl:invert_chi_to_directionality/4;isomorphism_engine.pl:find_isomorphism/3;json_report.pl:run_json_report/0;json_report.pl:write_config_object/1;json_report.pl:write_per_constraint_entry/4;logical_fingerprint.pl:extraction_zone/2;logical_fingerprint.pl:fingerprint_coupling/2;logical_fingerprint.pl:fingerprint_drift/2;logical_fingerprint.pl:structural_property_holds/2;logical_fingerprint.pl:structural_void/2;logical_fingerprint.pl:suppression_zone/2;maxent_classifier.pl:apply_override_for_sig/4;maxent_classifier.pl:boolean_log_likelihood/3;maxent_classifier.pl:get_constraint_metrics/4;maxent_classifier.pl:get_constraint_metrics_indexed/5;maxent_classifier.pl:maxent_compute_priors/1;maxent_classifier.pl:maxent_disagreement/3;maxent_classifier.pl:maxent_enabled/0;maxent_classifier.pl:maxent_multi_run_contexts/4;maxent_classifier.pl:maxent_run/2;maxent_classifier.pl:metric_value/3;maxent_classifier.pl:metric_value_indexed/4;maxent_classifier.pl:override_unconditional/3;maxent_classifier.pl:threshold_boundary/5;maxent_diagnostic.pl:task3_hard_disagreements/1;maxent_diagnostic.pl:task4_non_overlapping/1;maxent_diagnostic.pl:task6_cross_diagnostic/1;maxent_report.pl:report_cross_diagnostic_correlation/2;maxent_report.pl:report_high_uncertainty/2;maxent_report.pl:report_summary/6;metric_drift_events.pl:detect_coupling_drift/1;metric_drift_events.pl:drift_event/3;metric_drift_events.pl:drift_event/4;metric_drift_events.pl:drift_severity/3;metric_drift_events.pl:purity_decline_signal/2;narrative_ontology.pl:is_tangled_rope/1;network_dynamics.pl:cascade_prediction/3;network_dynamics.pl:cascade_threshold/2;network_dynamics.pl:compute_neighbor_contamination/5;network_dynamics.pl:network_drift_severity/3;network_dynamics.pl:network_drift_velocity/4;network_dynamics.pl:network_stability_assessment/2;omega1_audit.pl:classify_gap_region/1;omega1_audit.pl:compute_one_profile/2;omega1_audit.pl:determine_gates_for/2;omega1_audit.pl:determine_primary_gate/11;omega1_audit.pl:report_naturalized_impossibility/0;pattern_analysis.pl:analyze_interval/4;post_synthesis.pl:check_case2/4;quantum_verification_report.pl:query_hub_conflict_vs_h1/0;scs_0anczbfz.pl:<directive>/1;scs_6tykj356.pl:<directive>/1;signature_detection.pl:appears_as_rope/2;signature_detection.pl:classify_by_signature/3;signature_detection.pl:constraint_signature/2;signature_detection.pl:coordination_scaffold_signature/1;signature_detection.pl:explain_signature/3;signature_detection.pl:false_summit_mountain/2;signature_detection.pl:fcr_test_failure/2;signature_detection.pl:get_constraint_profile/2;signature_detection.pl:level_gradient_divergence/2;signature_detection.pl:natural_law_signature/1;signature_detection.pl:nl_certification_chain/1;signature_detection.pl:profile_metrics_authored/1;signature_detection.pl:resolve_modal_signature_conflict/3;signature_detection.pl:resolve_with_perspectival_check/4;stakeholder_seats.pl:role_base_d/2;transition_paths.pl:snapshot_type/3;transition_paths.pl:transition_path/4;uke_dr_bridge.pl:is_load_bearing/1;utils.pl:require_config/2;utils.pl:safe_get_config/3
signature_detection.pl	alerting_severity	1	0	LIVE	1	signature_detection.pl:signature_grade/2
signature_detection.pl	appears_as_rope	2	0	LIVE	1	signature_detection.pl:false_ci_rope/2
signature_detection.pl	capture_disposition	2	0	LIVE	1	signature_detection.pl:false_ci_rope/2
signature_detection.pl	claimed_natural	2	0	LIVE	1	signature_detection.pl:false_natural_law/2
signature_detection.pl	classify_by_signature	3	0	LIVE	1	signature_detection.pl:constraint_signature/2
signature_detection.pl	collect_fcr_failures	2	0	LIVE	1	signature_detection.pl:false_ci_rope/2
signature_detection.pl	compute_signature_confidence	3	0	LIVE	1	signature_detection.pl:signature_confidence/3
signature_detection.pl	compute_temporal_stability	3	0	LIVE	1	signature_detection.pl:get_constraint_profile/2
signature_detection.pl	compute_variance	2	0	LIVE	1	signature_detection.pl:compute_temporal_stability/3
signature_detection.pl	confidence_rung_up	2	0	LIVE	1	signature_detection.pl:signature_confidence/3
signature_detection.pl	constraint_signature	2	1	LIVE	31	abductive_triggers.pl:stress_indicator/3;abductive_triggers.pl:trigger_maxent_shadow_divergence/3;abductive_triggers.pl:trigger_signature_override_artifact/3;abductive_triggers.pl:trigger_snare_leaning_tangled/3;arakelov_height.pl:conditional_override/1;context_profile_mining.pl:build_trajectory_summary/2;cs_pattern_detection.pl:cs_authority_masking/3;cs_pattern_detection.pl:cs_cover_story_active/2;cs_pattern_detection.pl:cs_displaced_beneficiary/1;cs_pattern_detection.pl:cs_grounding_mismatch/3;diagnostic_summary.pl:expected_conflict_pattern/6;diagnostic_summary.pl:probe_fcr_gate/3;diagnostic_summary.pl:probe_signature/3;drl_core.pl:dr_signature/2;genuine_findings_query.pl:profile_hypothesis/2;invertibility_analysis.pl:extract_pipeline_invariants/2;isomorphism_engine.pl:cluster_by_signature/2;isomorphism_report.pl:get_logic_explanation/3;maxent_classifier.pl:apply_signature_override/3;maxent_diagnostic.pl:task3_hard_disagreements/1;maxent_diagnostic.pl:task5_gaussian_profiles/1;maxent_report.pl:report_override_rope_analysis/2;omega1_audit.pl:compute_one_profile/2;probe_oq35_field_counterfactual.pl:observe/2;routing_sink.pl:detector_state/2;signature_detection.pl:constructed_routed/1;signature_detection.pl:fcr_routed/1;signature_detection.pl:integrate_signature_with_modal/3;signature_detection.pl:signature_grade/2;signature_detection.pl:signature_severity/2;signature_mapper.pl:map_custom_pillar/3
signature_detection.pl	constructed_constraint_signature	1	0	LIVE	1	signature_detection.pl:classify_by_signature/3
signature_detection.pl	constructed_routed	1	0	LIVE	3	abductive_helpers.pl:seat_overrides/2;maxent_classifier.pl:apply_override_for_sig/4;signature_detection.pl:converted_at_seat/2
signature_detection.pl	converted_at_seat	2	0	LIVE	2	signature_detection.pl:signature_grade/2;signature_detection.pl:signature_severity/2
signature_detection.pl	converted_signature	1	0	STATIC_ORPHAN	0	
signature_detection.pl	coordination_scaffold_signature	1	0	LIVE	1	signature_detection.pl:classify_by_signature/3
signature_detection.pl	count_power_beneficiaries	2	0	LIVE	1	signature_detection.pl:get_constraint_profile/2
signature_detection.pl	coupling_based_failure	1	0	LIVE	1	signature_detection.pl:zero_excess_coupling_only/2
signature_detection.pl	coupling_invariant_rope	2	1	LIVE	3	dirac_classification.pl:type_to_dirac_class/4;signature_detection.pl:constraint_signature/2;signature_detection.pl:explain_signature/3
signature_detection.pl	determine_pure_subtype	2	0	LIVE	1	signature_detection.pl:structural_purity/2
signature_detection.pl	explain_signature	3	1	LIVE	2	isomorphism_report.pl:get_logic_explanation/3;report_generator.pl:report_constraint_signature/1
signature_detection.pl	false_ci_rope	2	1	LIVE	3	signature_detection.pl:constraint_signature/2;signature_detection.pl:explain_signature/3;signature_detection.pl:signature_confidence/3
signature_detection.pl	false_natural_law	2	1	LIVE	4	abductive_triggers.pl:trigger_deep_deception/3;json_report.pl:write_validation_object/2;signature_detection.pl:constraint_signature/2;signature_detection.pl:explain_signature/3
signature_detection.pl	false_summit_mountain	2	1	LIVE	3	signature_detection.pl:constraint_signature/2;signature_detection.pl:explain_signature/3;signature_detection.pl:signature_confidence/3
signature_detection.pl	fcr_routed	1	0	LIVE	3	abductive_helpers.pl:seat_overrides/2;maxent_classifier.pl:apply_override_for_sig/4;signature_detection.pl:converted_at_seat/2
signature_detection.pl	fcr_test_failure	2	0	LIVE	1	signature_detection.pl:collect_fcr_failures/2
signature_detection.pl	get_constraint_profile	2	1	LIVE	8	boltzmann_compliance.pl:boltzmann_invariant_mountain/2;isomorphism_engine.pl:find_isomorphism/3;report_generator.pl:display_twin_rationale/2;signature_detection.pl:claimed_natural/2;signature_detection.pl:constraint_signature/2;signature_detection.pl:determine_pure_subtype/2;signature_detection.pl:explain_signature/3;signature_detection.pl:signature_confidence/3
signature_detection.pl	get_metric_average	3	0	LIVE	4	signature_detection.pl:constraint_signature/2;signature_detection.pl:explain_signature/3;signature_detection.pl:get_constraint_profile/2;signature_detection.pl:profile_metrics_authored/1
signature_detection.pl	has_metric_perspectival_variance	1	1	LIVE	4	diagnostic_summary.pl:expected_conflict_pattern/6;diagnostic_summary.pl:probe_fcr_gate/3;signature_detection.pl:fcr_routed/1;signature_detection.pl:resolve_with_perspectival_check/4
signature_detection.pl	has_viable_alternatives	2	1	LIVE	2	dirac_classification.pl:describe_freedom/4;signature_detection.pl:get_constraint_profile/2
signature_detection.pl	integrate_signature_with_modal	3	1	LIVE	3	drl_core.pl:dr_type/3;drl_core.pl:dr_type_with_d/4;invertibility_analysis.pl:check_signature_divergence/3
signature_detection.pl	level_gradient_divergence	2	1	LIVE	3	report_generator.pl:omega_from_gap/5;signature_detection.pl:false_summit_mountain/2;signature_detection.pl:fcr_test_failure/2
signature_detection.pl	natural_law_signature	1	0	LIVE	5	boltzmann_compliance.pl:boltzmann_invariant_mountain/2;signature_detection.pl:claimed_natural/2;signature_detection.pl:classify_by_signature/3;signature_detection.pl:constraint_signature/2;signature_detection.pl:determine_pure_subtype/2
signature_detection.pl	nl_certification_chain	1	0	LIVE	1	signature_detection.pl:only_mountain_classifications/1
signature_detection.pl	only_mountain_classifications	1	0	LIVE	1	signature_detection.pl:appears_as_rope/2
signature_detection.pl	profile_metrics_authored	1	0	LIVE	1	signature_detection.pl:constraint_signature/2
signature_detection.pl	profile_numeric	1	0	LIVE	1	signature_detection.pl:signature_confidence/3
signature_detection.pl	purity_test_coupling	2	0	LIVE	1	signature_detection.pl:structural_purity/2
signature_detection.pl	purity_test_excess	2	0	LIVE	1	signature_detection.pl:structural_purity/2
signature_detection.pl	purity_test_factorization	2	0	LIVE	1	signature_detection.pl:structural_purity/2
signature_detection.pl	purity_test_scope_invariance	2	0	LIVE	1	signature_detection.pl:structural_purity/2
signature_detection.pl	resolve_modal_signature_conflict	3	1	LIVE	1	signature_detection.pl:resolve_with_perspectival_check/4
signature_detection.pl	resolve_with_perspectival_check	4	0	LIVE	1	signature_detection.pl:integrate_signature_with_modal/3
signature_detection.pl	signature_confidence	3	1	LIVE	1	report_generator.pl:report_constraint_signature/1
signature_detection.pl	signature_diagnostic_severity	3	0	LIVE	2	signature_detection.pl:signature_grade/2;signature_detection.pl:signature_severity/2
signature_detection.pl	signature_grade	2	1	LIVE	2	diagnostic_summary.pl:verdict_join/3;signature_detection.pl:signature_severity/2
signature_detection.pl	signature_severity	2	1	LIVE	1	diagnostic_summary.pl:join_alerts/2
signature_detection.pl	structural_purity	2	1	LIVE	2	genuine_findings_query.pl:profile_hypothesis/2;signature_detection.pl:signature_confidence/3
signature_detection.pl	zero_excess_coupling_only	2	0	LIVE	1	signature_detection.pl:false_ci_rope/2
signature_mapper.pl	map_custom_pillar	3	1	STATIC_ORPHAN	0	
signature_mapper.pl	resolve_mapping	2	0	LIVE	1	signature_mapper.pl:map_custom_pillar/3
stack.pl	initialize_system	0	1	LIVE	1	stack.pl:<directive>/1
stack.pl	run_scenario	2	1	STATIC_ORPHAN	0	
stakeholder_seats.pl	authored_victim	1	0	LIVE	1	stakeholder_seats.pl:extraction_state/2
stakeholder_seats.pl	beneficiary_side	1	0	LIVE	2	stakeholder_seats.pl:extraction_extractor_seats/2;stakeholder_seats.pl:in_contention/3
stakeholder_seats.pl	chi_for_stakeholder	3	1	STATIC_ORPHAN	0	
stakeholder_seats.pl	consensus_provenance	2	1	STATIC_ORPHAN	0	
stakeholder_seats.pl	derive_directionality_for_stakeholder	3	1	LIVE	2	stakeholder_seats.pl:chi_for_stakeholder/3;stakeholder_seats.pl:dr_type_for_stakeholder/3
stakeholder_seats.pl	dr_type_for_stakeholder	3	1	LIVE	6	probe_mc_cases.pl:role_types/3;probe_seat_sweep.pl:role_seat_type/2;reading_diff.pl:reading_cell_source/3;report_generator.pl:seat_type_reading/2;stakeholder_seats.pl:consensus_provenance/2;stakeholder_seats.pl:seat_perceived_vs_real/4
stakeholder_seats.pl	extraction_extractor_seats	2	0	LIVE	1	stakeholder_seats.pl:extraction_state/2
stakeholder_seats.pl	extraction_reading	2	1	LIVE	1	report_generator.pl:extraction_reading_line/1
stakeholder_seats.pl	extraction_state	2	1	LIVE	2	commentary_census.pl:commentary_cell/3;stakeholder_seats.pl:extraction_reading/2
stakeholder_seats.pl	extractive_type	1	1	LIVE	1	stakeholder_seats.pl:extraction_state/2
stakeholder_seats.pl	in_contention	3	1	STATIC_ORPHAN	0	
stakeholder_seats.pl	power_witness_count	3	1	LIVE	1	stakeholder_seats.pl:power_witness_map/2
stakeholder_seats.pl	power_witness_map	2	1	LIVE	2	json_report.pl:write_perspective_witness/2;probe_oq119_gate0_controls.pl:report_observer/1
stakeholder_seats.pl	q6_cell	2	0	LIVE	1	stakeholder_seats.pl:q6_crosscheck/3
stakeholder_seats.pl	q6_crosscheck	3	1	LIVE	2	commentary_census.pl:commentary_cell/3;report_generator.pl:r5_zombie_crosscheck_line/1
stakeholder_seats.pl	q6_daylight	2	0	LIVE	1	stakeholder_seats.pl:q6_crosscheck/3
stakeholder_seats.pl	q6_named_cell	3	0	LIVE	1	stakeholder_seats.pl:q6_cell/2
stakeholder_seats.pl	role_base_d	2	0	LIVE	1	stakeholder_seats.pl:derive_directionality_for_stakeholder/3
stakeholder_seats.pl	role_of	3	0	LIVE	2	stakeholder_seats.pl:extraction_extractor_seats/2;stakeholder_seats.pl:in_contention/3
stakeholder_seats.pl	seat_perceived_vs_real	4	1	STATIC_ORPHAN	0	
stakeholder_seats.pl	stakeholder_context	3	1	LIVE	3	reading_diff.pl:reading_cell_source/3;stakeholder_seats.pl:chi_for_stakeholder/3;stakeholder_seats.pl:dr_type_for_stakeholder/3
stakeholder_seats.pl	stakeholder_d_override	3	1	LIVE	1	stakeholder_seats.pl:derive_directionality_for_stakeholder/3
tangled_rope_examples.pl	:	2	0	STATIC_ORPHAN	0	
tangled_rope_examples.pl	constraint_beneficiary	2	0	LIVE	18	constraint_bridge.pl:compute_veto_actors/1;constraint_indexing.pl:restrict_beneficiaries_by_access/3;cs_pattern_detection.pl:cs_naturalized_mountain/1;cs_pattern_detection.pl:cs_verdict/2;data_repair.pl:persist_single/1;drl_boltzmann_analysis.pl:separability_factor/2;drl_core.pl:natural_law_without_beneficiary/1;drl_purity_network.pl:shared_agent_link/4;global_delta_report.pl:compare_one/4;global_delta_report.pl:has_beneficiary/1;invertibility_analysis.pl:extract_pipeline_invariants/2;json_report.pl:write_per_constraint_entry/4;logical_fingerprint.pl:fingerprint_actors/2;logical_fingerprint.pl:structural_property_holds/2;logical_fingerprint.pl:structural_void/2;narrative_ontology.pl:agent_beneficiary/2;narrative_ontology.pl:has_coordination_function/1;report_generator.pl:report_constraint_signature/1
tangled_rope_examples.pl	constraint_victim	2	0	LIVE	16	constraint_indexing.pl:beneficiary_victim_directionality/3;constraint_indexing.pl:resolve_coalition_power/3;cs_pattern_detection.pl:cs_naturalized_mountain/1;data_repair.pl:persist_single/1;drl_boltzmann_analysis.pl:separability_factor/2;drl_purity_network.pl:shared_agent_link/4;global_delta_report.pl:compare_one/4;global_delta_report.pl:has_victim/1;invertibility_analysis.pl:extract_pipeline_invariants/2;json_report.pl:write_per_constraint_entry/4;logical_fingerprint.pl:fingerprint_actors/2;logical_fingerprint.pl:structural_property_holds/2;logical_fingerprint.pl:structural_void/2;narrative_ontology.pl:has_asymmetric_extraction/1;signature_detection.pl:signature_diagnostic_severity/3;stakeholder_seats.pl:authored_victim/1
temporal_residual.pl	constraint_time_set	2	1	LIVE	1	temporal_residual.pl:snapshot_seq/3
temporal_residual.pl	context_label	2	0	LIVE	5	context_profile_mining.pl:build_trajectory_point/4;invertibility_analysis.pl:reconstruct_from_type_only/5;invertibility_analysis.pl:report_context_pair/4;invertibility_analysis.pl:report_family_detail/1;temporal_residual.pl:residual_report/2
temporal_residual.pl	is_backed_state	1	0	LIVE	1	temporal_residual.pl:residual_for_context/3
temporal_residual.pl	residual_contexts	1	0	LIVE	1	temporal_residual.pl:residual_report/2
temporal_residual.pl	residual_for_context	3	1	LIVE	1	temporal_residual.pl:residual_report/2
temporal_residual.pl	residual_report	2	1	LIVE	1	json_report.pl:write_temporal_residual/2
temporal_residual.pl	safe_delta	3	0	LIVE	1	temporal_residual.pl:scan_transitions/3
temporal_residual.pl	scan_transitions	3	0	LIVE	1	temporal_residual.pl:residual_for_context/3
temporal_residual.pl	snapshot_seq	3	1	LIVE	1	temporal_residual.pl:residual_for_context/3
test_harness.pl	load_scenario	1	1	STATIC_ORPHAN	0	
test_harness.pl	quick_check	1	1	STATIC_ORPHAN	0	
test_harness.pl	report_scope_effect	1	0	LIVE	1	test_harness.pl:run_all_tests/2
test_harness.pl	report_wasserstein_transport	1	0	LIVE	1	test_harness.pl:run_all_tests/2
test_harness.pl	run_all_tests	0	1	ENTRYPOINT_CLI	0	
test_harness.pl	run_all_tests	1	1	LIVE	2	scenario_manager.pl:load_and_run/2;test_harness.pl:run_all_tests/0
test_harness.pl	run_all_tests	2	1	LIVE	1	test_harness.pl:run_all_tests/1
test_harness.pl	scope_effect_standard_context	2	0	LIVE	1	test_harness.pl:report_scope_effect/1
test_harness.pl	validate_per_index	1	0	LIVE	1	test_harness.pl:run_all_tests/2
transition_paths.pl	deduplicate_consecutive	2	0	LIVE	1	transition_paths.pl:degradation_chain/3
transition_paths.pl	degradation_chain	3	1	LIVE	1	transition_paths.pl:repair_transition/4
transition_paths.pl	pairs_values	2	0	LIVE	2	giant_component_analysis.pl:report_multihop_contamination/2;transition_paths.pl:degradation_chain/3
transition_paths.pl	predicted_terminal_state	3	1	LIVE	3	metric_drift_report.pl:drift_confidence_caveat/2;metric_drift_report.pl:generate_drift_report/0;metric_drift_report.pl:generate_drift_report/1
transition_paths.pl	repair_decay_edge	2	0	LIVE	1	transition_paths.pl:repair_decays_to/2
transition_paths.pl	repair_decays_to	2	0	LIVE	1	transition_paths.pl:repair_upward/2
transition_paths.pl	repair_op	4	0	LIVE	1	transition_paths.pl:repair_transition/4
transition_paths.pl	repair_step	4	0	LIVE	1	transition_paths.pl:repair_transition/4
transition_paths.pl	repair_transition	4	1	STATIC_ORPHAN	0	
transition_paths.pl	repair_upward	2	0	LIVE	1	transition_paths.pl:repair_transition/4
transition_paths.pl	snapshot_type	3	0	LIVE	1	transition_paths.pl:degradation_chain/3
transition_paths.pl	transition_path	4	1	LIVE	3	metric_drift_report.pl:generate_drift_report/0;metric_drift_report.pl:generate_drift_report/1;transition_paths.pl:predicted_terminal_state/3
type_metadata.pl	type_color	2	1	LIVE	1	json_report.pl:write_single_type_entry/2
type_metadata.pl	type_description	2	1	LIVE	1	json_report.pl:write_single_type_entry/2
type_metadata.pl	type_severity	2	1	LIVE	1	json_report.pl:write_single_type_entry/2
type_metadata.pl	type_strategy	2	1	LIVE	1	json_report.pl:write_single_type_entry/2
uke_dr_bridge.pl	determine_status	6	0	LIVE	1	uke_dr_bridge.pl:uke_status/3
uke_dr_bridge.pl	is_load_bearing	1	0	LIVE	1	uke_dr_bridge.pl:determine_status/6
uke_dr_bridge.pl	uke_status	3	1	LIVE	1	report_generator.pl:generate_full_report/1
utils.pl	clamp	4	0	LIVE	1	constraint_indexing.pl:beneficiary_victim_directionality/3
utils.pl	constraint_exists	1	0	LIVE	2	utils.pl:debug_constraint/1;utils.pl:require_constraint/1
utils.pl	debug_constraint	1	0	STATIC_ORPHAN	0	
utils.pl	format_log_message	3	0	LIVE	1	utils.pl:log/3
utils.pl	get_log_level	1	1	STATIC_ORPHAN	0	
utils.pl	level_prefix	2	0	LIVE	1	utils.pl:format_log_message/3
utils.pl	level_priority	2	0	LIVE	1	utils.pl:log/3
utils.pl	log	3	1	LIVE	14	utils.pl:clamp/4;utils.pl:require_config/2;utils.pl:require_constraint/1;utils.pl:require_metric/3;utils.pl:safe_call/2;utils.pl:safe_call/3;utils.pl:safe_divide/4;utils.pl:safe_get_category/3;utils.pl:safe_get_config/3;utils.pl:safe_get_extractiveness/4;utils.pl:safe_get_metric/5;utils.pl:safe_length/2;utils.pl:safe_member/3;utils.pl:safe_sqrt/3
utils.pl	log_level	1	0	LIVE	2	utils.pl:get_log_level/1;utils.pl:log/3
utils.pl	require_config	2	0	STATIC_ORPHAN	0	
utils.pl	require_constraint	1	0	STATIC_ORPHAN	0	
utils.pl	require_metric	3	1	STATIC_ORPHAN	0	
utils.pl	safe_call	2	1	STATIC_ORPHAN	0	
utils.pl	safe_call	3	1	STATIC_ORPHAN	0	
utils.pl	safe_divide	4	0	STATIC_ORPHAN	0	
utils.pl	safe_get_category	3	1	STATIC_ORPHAN	0	
utils.pl	safe_get_config	3	0	LIVE	1	report_generator.pl:forensic_explain_false_mountain/2
utils.pl	safe_get_extractiveness	2	0	STATIC_ORPHAN	0	
utils.pl	safe_get_extractiveness	4	0	LIVE	2	report_generator.pl:forensic_explain_false_mountain/2;utils.pl:safe_get_extractiveness/2
utils.pl	safe_get_metric	4	1	STATIC_ORPHAN	0	
utils.pl	safe_get_metric	5	1	LIVE	2	report_generator.pl:forensic_explain_false_mountain/2;utils.pl:safe_get_suppression/4
utils.pl	safe_get_suppression	2	0	STATIC_ORPHAN	0	
utils.pl	safe_get_suppression	4	0	LIVE	1	utils.pl:safe_get_suppression/2
utils.pl	safe_length	2	0	STATIC_ORPHAN	0	
utils.pl	safe_member	3	0	STATIC_ORPHAN	0	
utils.pl	safe_sqrt	3	0	STATIC_ORPHAN	0	
utils.pl	set_log_level	1	1	STATIC_ORPHAN	0	
utils.pl	trace_metric_retrieval	2	0	STATIC_ORPHAN	0	
utils.pl	validate_metric_value	2	1	LIVE	1	utils.pl:safe_get_extractiveness/4
validation_suite.pl	count_and_report	0	0	LIVE	1	validation_suite.pl:run_dynamic_suite/0
validation_suite.pl	report_failures	0	0	LIVE	1	validation_suite.pl:count_and_report/0
validation_suite.pl	run_dynamic_suite	0	1	ENTRYPOINT_CLI	0	
validation_suite.pl	run_single_test	4	0	LIVE	1	validation_suite.pl:run_dynamic_suite/0
validation_suite.pl	test_case	4	0	LIVE	2	test_harness.pl:run_all_tests/0;validation_suite.pl:run_dynamic_suite/0
validation_suite.pl	test_failed	3	0	LIVE	2	validation_suite.pl:count_and_report/0;validation_suite.pl:report_failures/0
validation_suite.pl	test_passed	1	0	LIVE	1	validation_suite.pl:count_and_report/0
