id	n_obs_defined	has_full_map	chi_min	chi_max	chi_span	starved	subset_a	subset_b	mtype_vec	ftype_vec	immut_vec
abrahamic_covenant__isaac_covenant_reading	4	True	-0.024506148226483216	0.7945597951571295	0.8190659433836127	False	False	False	naturalized|tangled_rope|rope|snare	naturalized|tangled_rope|rope|snare	mountain|rope|rope|mountain
abrahamic_covenant__ishmael_covenant_reading	4	True	0.009029624626067892	0.7123639542788058	0.7033343296527379	False	False	False	tangled_rope|tangled_rope|naturalized|tangled_rope	rope|rope|rope|rope	mountain|rope|rope|mountain
abrahamic_covenant__land_promise_constraint	4	True	-0.009884074697871406	0.9315528632876693	0.9414369379855407	False	False	False	tangled_rope|snare|rope|snare	tangled_rope|snare|rope|snare	mountain|rope|rope|mountain
academic_citation_metrics_as_career_incentive	4	True	0.09186683736905867	0.7945597951571295	0.7026929577880708	False	False	False	naturalized|tangled_rope|naturalized|snare	naturalized|tangled_rope|naturalized|snare	mountain|rope|rope|mountain
acceptable_risk_energy__catastrophic_tail_reading	4	True	0.2424662882696689	0.9315528632876693	0.6890865750180004	False	False	False	tangled_rope|snare|naturalized|snare	tangled_rope|snare|naturalized|snare	mountain|rope|rope|mountain
acceptable_risk_energy__comparative_harm_reading	4	True	-0.024506148226483216	0.7945597951571295	0.8190659433836127	False	False	False	tangled_rope|tangled_rope|rope|snare	tangled_rope|tangled_rope|rope|snare	mountain|rope|rope|mountain
acceptable_risk_energy__expected_value_reading	4	True	-0.005523453507634021	0.5205736588960505	0.5260971124036845	False	False	False	tangled_rope|tangled_rope|rope|tangled_rope	tangled_rope|tangled_rope|rope|tangled_rope	mountain|rope|rope|mountain
acceptable_risk_for_energy__catastrophic_tail_reading	4	True	-0.024506148226483216	0.7945597951571295	0.8190659433836127	False	False	False	naturalized|tangled_rope|rope|snare	naturalized|tangled_rope|rope|snare	mountain|rope|rope|mountain
acceptable_risk_for_energy__expected_value_reading	4	True	-0.024506148226483216	0.7945597951571295	0.8190659433836127	False	False	False	tangled_rope|tangled_rope|rope|snare	tangled_rope|tangled_rope|rope|snare	mountain|rope|rope|mountain
acceptable_risk_for_energy__precautionary_reading	4	True	-0.007558410063078134	0.7123639542788058	0.719922364341884	False	False	False	tangled_rope|tangled_rope|rope|tangled_rope	tangled_rope|tangled_rope|rope|tangled_rope	mountain|rope|rope|mountain
ai_alignment_commitment__ethics_justice_reading	4	True	-0.024506148226483216	0.7945597951571295	0.8190659433836127	False	False	False	tangled_rope|tangled_rope|rope|snare	tangled_rope|tangled_rope|rope|snare	mountain|rope|rope|mountain
ai_alignment_commitment__integrated_reading	4	True	-0.021971029444433233	0.7123639542788058	0.734334983723239	False	False	False	tangled_rope|tangled_rope|rope|tangled_rope	tangled_rope|tangled_rope|rope|tangled_rope	mountain|rope|rope|mountain
ai_alignment_commitment__safety_control_reading	4	True	-0.024506148226483216	0.7945597951571295	0.8190659433836127	False	False	False	naturalized|tangled_rope|rope|snare	naturalized|tangled_rope|rope|snare	mountain|rope|rope|mountain
ai_alignment_priority__existential_risk_reading	4	True	0.010071504390614185	0.7945597951571295	0.7844882907665153	False	False	False	naturalized|tangled_rope|naturalized|snare	naturalized|tangled_rope|naturalized|snare	mountain|rope|rope|mountain
ai_alignment_priority__integrated_reading	4	True	-0.021971029444433233	0.7123639542788058	0.734334983723239	False	False	False	tangled_rope|tangled_rope|rope|snare	tangled_rope|tangled_rope|rope|snare	mountain|rope|rope|mountain
ai_alignment_priority__nearterm_harms_reading	4	True	-0.024506148226483216	0.7945597951571295	0.8190659433836127	False	False	False	tangled_rope|tangled_rope|rope|snare	tangled_rope|tangled_rope|rope|snare	mountain|rope|rope|mountain
ai_jailbreak_vulnerability	4	True	0.3016	0.7945597951571295	0.4929597951571295	False	False	False	naturalized|tangled_rope|tangled_rope|snare	naturalized|tangled_rope|tangled_rope|snare	mountain|rope|rope|mountain
ai_risk_governance_priority__bridge_reading	4	True	-0.006104869666332339	0.5753708861482661	0.5814757558145985	False	False	False	tangled_rope|tangled_rope|rope|tangled_rope	tangled_rope|tangled_rope|rope|tangled_rope	mountain|rope|rope|mountain
ai_risk_governance_priority__existential_risk_reading	4	True	-0.024506148226483216	0.7945597951571295	0.8190659433836127	False	False	False	naturalized|tangled_rope|rope|snare	naturalized|tangled_rope|rope|snare	mountain|rope|rope|mountain
ai_risk_governance_priority__near_term_harms_reading	4	True	0.038896132321056376	0.7945597951571295	0.7556636628360731	False	False	False	naturalized|tangled_rope|naturalized|snare	naturalized|tangled_rope|naturalized|snare	mountain|rope|rope|mountain
ai_risk_prioritization__existential_risk_reading	4	True	-0.024506148226483216	0.7945597951571295	0.8190659433836127	False	False	False	naturalized|tangled_rope|rope|snare	naturalized|tangled_rope|rope|snare	mountain|rope|rope|mountain
ai_risk_prioritization__near_term_harms_reading	4	True	-0.024506148226483216	0.8061661514951736	0.8306722997216568	False	False	False	naturalized|tangled_rope|rope|snare	naturalized|tangled_rope|rope|snare	mountain|rope|rope|mountain
ai_safety_commitment__dual_priority_reading	4	True	-0.021971029444433233	0.7123639542788058	0.734334983723239	False	False	False	tangled_rope|tangled_rope|rope|tangled_rope	tangled_rope|tangled_rope|rope|tangled_rope	mountain|rope|rope|mountain
ai_safety_commitment__existential_risk_reading	4	True	-0.026196227414516545	0.8493570224093454	0.875553249823862	False	False	False	tangled_rope|tangled_rope|rope|tangled_rope	tangled_rope|tangled_rope|rope|tangled_rope	mountain|rope|rope|mountain
ai_safety_commitment__near_term_harms_reading	4	True	0.009029624626067892	0.7123639542788058	0.7033343296527379	False	False	False	naturalized|tangled_rope|naturalized|snare	naturalized|tangled_rope|naturalized|snare	mountain|rope|rope|mountain
ai_safety_verification	4	True	-0.024506148226483216	0.7945597951571295	0.8190659433836127	False	False	False	naturalized|tangled_rope|rope|snare	naturalized|tangled_rope|rope|snare	mountain|rope|rope|mountain
algorithmic_accountability_regime	4	True	0.06387156647306734	0.7945597951571295	0.7306882286840621	False	False	False	piton|tangled_rope|piton|snare	piton|tangled_rope|piton|snare	mountain|rope|rope|mountain
algorithmic_filter_bubbles	4	True	-0.053908270927801476	0.7945597951571295	0.848468066084931	False	False	False	naturalized|tangled_rope|rope|snare	naturalized|tangled_rope|rope|snare	mountain|rope|rope|mountain
alignment_divergence_accumulation	4	True	0.16900379041174604	0.7945597951571295	0.6255560047453834	False	False	False	tangled_rope|tangled_rope|naturalized|snare	tangled_rope|tangled_rope|naturalized|snare	mountain|rope|rope|mountain
all_men_created_equal__originalist_reading	4	True	-0.026196227414516545	0.8493570224093454	0.875553249823862	False	False	False	tangled_rope|snare|rope|snare	tangled_rope|snare|rope|snare	mountain|rope|rope|mountain
all_men_created_equal__textualist_paradox_reading	4	True	0.16900379041174604	0.7945597951571295	0.6255560047453834	False	False	False	tangled_rope|tangled_rope|naturalized|snare	tangled_rope|tangled_rope|naturalized|snare	mountain|rope|rope|mountain
all_men_created_equal__universalist_reading	4	True	-0.021971029444433233	0.7123639542788058	0.734334983723239	False	False	False	tangled_rope|tangled_rope|rope|tangled_rope	tangled_rope|tangled_rope|rope|tangled_rope	mountain|rope|rope|mountain
alternative_governance_emergence	4	True	-0.038170336473231196	0.7123639542788058	0.750534290752037	False	False	False	tangled_rope|tangled_rope|rope|tangled_rope	tangled_rope|tangled_rope|rope|tangled_rope	mountain|rope|rope|mountain
amun_priesthood_authority_substrate	4	True	-0.024506148226483216	0.7945597951571295	0.8190659433836127	False	False	False	tangled_rope|tangled_rope|rope|snare	tangled_rope|tangled_rope|rope|snare	mountain|rope|rope|mountain
aneyoshi_land_use_prohibition__behavioral_competence_reading	4	True	-0.002112598985041657	0.0684965340652698	0.07060913305031145	True	False	False	scaffold|scaffold|scaffold|scaffold	rope|rope|rope|rope	mountain|rope|rope|mountain
aneyoshi_land_use_prohibition__commemorative_husk_reading	4	True	-0.04991505538807157	0.9315528632876693	0.9814679186757409	False	False	False	unknown|unknown|rope|unknown	unknown|unknown|rope|unknown	mountain|rope|rope|mountain
animal_moral_status__abolitionist_reading	4	True	-0.06260089483612458	1.0685459314182089	1.1311468262543334	False	False	False	unknown|snare|rope|snare	unknown|snare|rope|snare	mountain|rope|rope|mountain
animal_moral_status__property_reading	4	True	-0.003380158376066651	0.10959445450443167	0.11297461288049832	True	True	False	mountain|scaffold|scaffold|mountain	mountain|scaffold|scaffold|mountain	mountain|rope|rope|mountain
animal_moral_status__welfare_reading	4	True	-0.01605575228631659	0.5205736588960505	0.5366294111823671	False	False	False	tangled_rope|tangled_rope|rope|tangled_rope	tangled_rope|tangled_rope|rope|tangled_rope	mountain|rope|rope|mountain
animal_status__abolitionist_reading	4	True	-0.038871821324766485	1.2603362268009641	1.2992080481257307	False	False	False	snare|snare|rope|snare	snare|snare|rope|snare	mountain|rope|rope|mountain
animal_status__property_reading	4	True	-0.002112598985041657	0.0684965340652698	0.07060913305031145	True	False	False	scaffold|scaffold|scaffold|scaffold	rope|rope|rope|rope	mountain|rope|rope|mountain
animal_status__welfare_reading	4	True	-0.019013390865374912	0.6164688065874281	0.635482197452803	False	False	False	tangled_rope|tangled_rope|rope|tangled_rope	tangled_rope|tangled_rope|rope|tangled_rope	mountain|rope|rope|mountain
animal_status_kernel__property_reading	4	True	-0.03464662335468317	1.1233431586704243	1.1579897820251075	False	False	False	snare|snare|rope|snare	snare|snare|rope|snare	mountain|rope|rope|mountain
animal_status_kernel__welfare_reading	4	True	-0.020280950256399904	0.6575667270265899	0.6778476772829898	False	False	False	tangled_rope|tangled_rope|rope|tangled_rope	tangled_rope|tangled_rope|rope|tangled_rope	mountain|rope|rope|mountain
anonymity_commons_degradation	4	True	-0.024506148226483216	0.7945597951571295	0.8190659433836127	False	False	False	naturalized|tangled_rope|rope|snare	naturalized|tangled_rope|rope|snare	mountain|rope|rope|mountain
anthropological_record__creationist_reading	4	True	-0.00843053430112561	0.7945597951571295	0.8029903294582551	False	False	False	naturalized|tangled_rope|rope|snare	naturalized|tangled_rope|rope|snare	mountain|rope|rope|mountain
anthropological_record__indigenous_epistemology_reading	4	True	-0.006976993904379816	0.6575667270265899	0.6645437209309697	False	False	False	tangled_rope|tangled_rope|rope|tangled_rope	tangled_rope|tangled_rope|rope|tangled_rope	mountain|rope|rope|mountain
anthropological_record__naturalist_reading	4	True	-0.04257460606629633	0.7945597951571295	0.8371344012234259	False	False	False	naturalized|tangled_rope|rope|snare	naturalized|tangled_rope|rope|snare	mountain|rope|rope|mountain
arctic_resource_competition	4	True	-0.04257460606629633	0.7945597951571295	0.8371344012234259	False	False	False	tangled_rope|tangled_rope|rope|snare	tangled_rope|tangled_rope|rope|snare	mountain|rope|rope|mountain
article17_erasure_right__censorship_mechanism_reading	4	True	-0.024506148226483216	0.7945597951571295	0.8190659433836127	False	False	False	naturalized|tangled_rope|rope|snare	naturalized|tangled_rope|rope|snare	mountain|rope|rope|mountain
article17_erasure_right__competitive_moat_reading	4	True	-0.04257460606629633	0.7945597951571295	0.8371344012234259	False	False	False	tangled_rope|tangled_rope|rope|snare	tangled_rope|tangled_rope|rope|snare	mountain|rope|rope|mountain
article17_erasure_right__privacy_fundamental_reading	4	True	0.3585041330257732	0.5205736588960505	0.16206952587027723	True	False	False	tangled_rope|tangled_rope|tangled_rope|tangled_rope	tangled_rope|tangled_rope|tangled_rope|tangled_rope	mountain|rope|rope|mountain
article_17_complementarity__international_oversight_reading	4	True	-0.024506148226483216	0.7945597951571295	0.8190659433836127	False	False	False	naturalized|tangled_rope|rope|snare	naturalized|tangled_rope|rope|snare	mountain|rope|rope|mountain
article_17_complementarity__national_primacy_reading	4	True	-0.030475336299372657	0.7123639542788058	0.7428392905781784	False	False	False	tangled_rope|tangled_rope|rope|tangled_rope	tangled_rope|tangled_rope|rope|tangled_rope	mountain|rope|rope|mountain
article_17_complementarity__procedural_gatekeeping_mechanism	4	True	0.3016	0.7945597951571295	0.4929597951571295	False	False	False	naturalized|tangled_rope|naturalized|snare	naturalized|tangled_rope|naturalized|snare	mountain|rope|rope|mountain
article_27_veto_power__coordination_reading	4	True	-0.005070237564099976	0.16439168175664748	0.16946191932074745	True	False	False	scaffold|scaffold|scaffold|scaffold	rope|rope|rope|rope	mountain|rope|rope|mountain
article_27_veto_power__oligopoly_reading	4	True	-0.028731346196566535	0.9315528632876693	0.9602842094842359	False	False	False	tangled_rope|snare|rope|snare	tangled_rope|snare|rope|snare	mountain|rope|rope|mountain
article_27_veto_power__sovereignty_reading	4	True	-0.003380158376066651	0.10959445450443167	0.11297461288049832	True	True	False	mountain|scaffold|scaffold|mountain	mountain|scaffold|scaffold|mountain	mountain|rope|rope|mountain
article_2_7_chapter_vii_tension__p5_veto_gatekeeper	4	True	-0.026196227414516545	0.8493570224093454	0.875553249823862	False	False	False	naturalized|snare|rope|snare	naturalized|snare|rope|snare	mountain|rope|rope|mountain
article_2_7_chapter_vii_tension__r2p_reading	4	True	-0.024506148226483216	0.7945597951571295	0.8190659433836127	False	False	False	tangled_rope|tangled_rope|rope|tangled_rope	tangled_rope|tangled_rope|rope|tangled_rope	mountain|rope|rope|mountain
article_2_7_chapter_vii_tension__sovereignty_first_reading	4	True	-0.028731346196566535	0.9315528632876693	0.9602842094842359	False	False	False	snare|snare|rope|snare	snare|snare|rope|snare	mountain|rope|rope|mountain
article_51_self_defense__expansive_preventive_reading	4	True	-0.028731346196566535	0.9315528632876693	0.9602842094842359	False	False	False	tangled_rope|snare|rope|snare	tangled_rope|snare|rope|snare	mountain|rope|rope|mountain
article_51_self_defense__narrow_armed_attack_reading	4	True	0.22764322256008665	0.5205736588960505	0.29293043633596383	False	False	False	tangled_rope|tangled_rope|rope|tangled_rope	tangled_rope|tangled_rope|rope|tangled_rope	mountain|rope|rope|mountain
article_51_self_defense__unable_unwilling_doctrine_reading	4	True	-0.021971029444433233	0.7123639542788058	0.734334983723239	False	False	False	naturalized|tangled_rope|rope|snare	naturalized|tangled_rope|rope|snare	mountain|rope|rope|mountain
article_9_war_renunciation__collective_self_defense_reading	4	True	-0.022816069038449894	0.7397625679049138	0.7625786369433637	False	False	False	naturalized|tangled_rope|rope|snare	naturalized|tangled_rope|rope|snare	mountain|rope|rope|mountain
article_9_war_renunciation__inherent_right_reading	4	True	-0.020280950256399904	0.6575667270265899	0.6778476772829898	False	False	False	tangled_rope|tangled_rope|rope|tangled_rope	tangled_rope|tangled_rope|rope|tangled_rope	mountain|rope|rope|mountain
article_9_war_renunciation__strict_pacifist_reading	4	True	0.3016	0.7945597951571295	0.4929597951571295	False	False	False	naturalized|tangled_rope|snare|snare	naturalized|tangled_rope|snare|snare	mountain|rope|rope|mountain
audit_trail_discovery_surface	4	True	-0.020280950256399904	0.6575667270265899	0.6778476772829898	False	False	False	tangled_rope|tangled_rope|rope|tangled_rope	tangled_rope|tangled_rope|rope|tangled_rope	mountain|rope|rope|mountain
average_is_over_2026	4	True	0.2333828820613657	0.7945597951571295	0.5611769130957638	False	False	False	naturalized|tangled_rope|naturalized|snare	naturalized|tangled_rope|naturalized|snare	mountain|rope|rope|mountain
award_system_voter_diversity	4	True	0.009029624626067892	0.7123639542788058	0.7033343296527379	False	False	False	tangled_rope|tangled_rope|naturalized|tangled_rope	rope|rope|rope|rope	mountain|rope|rope|mountain
axiom_of_choice_consequence	4	True	-0.014325121871776378	0.16560293298312803	0.1799280548549044	True	True	False	mountain|rope|rope|mountain	mountain|rope|rope|mountain	mountain|rope|rope|mountain
balfour_mandate_instruments__dual_obligation_indigenous_rights	4	True	-0.020280950256399904	0.6575667270265899	0.6778476772829898	False	False	False	tangled_rope|tangled_rope|rope|tangled_rope	tangled_rope|tangled_rope|rope|tangled_rope	mountain|rope|rope|mountain
balfour_mandate_instruments__jewish_national_home_primacy	4	True	0.1806592242332458	0.8493570224093454	0.6686977981760996	False	False	False	tangled_rope|snare|naturalized|snare	tangled_rope|snare|naturalized|snare	mountain|rope|rope|mountain
balfour_mandate_instruments__mandatory_interpretive_discretion	4	True	0.02386514999188097	0.7945597951571295	0.7706946451652485	False	False	False	naturalized|tangled_rope|naturalized|snare	naturalized|tangled_rope|naturalized|snare	mountain|rope|rope|mountain
basic_law_interpretive_authority__judicial_supremacy_reading	4	True	-0.03523415674452111	0.6575667270265899	0.692800883771111	False	False	False	naturalized|tangled_rope|rope|tangled_rope	naturalized|tangled_rope|rope|tangled_rope	mountain|rope|rope|mountain
basic_law_interpretive_authority__parliamentary_sovereignty_reading	4	True	-0.021971029444433233	0.7123639542788058	0.734334983723239	False	False	False	tangled_rope|tangled_rope|rope|tangled_rope	tangled_rope|tangled_rope|rope|tangled_rope	mountain|rope|rope|mountain
basic_law_interpretive_authority__popular_constitutionalism_reading	4	True	-0.024506148226483216	0.7945597951571295	0.8190659433836127	False	False	False	tangled_rope|tangled_rope|rope|tangled_rope	tangled_rope|tangled_rope|rope|tangled_rope	mountain|rope|rope|mountain
basic_law_interpretive_boundary__balanced_contestation_reading	4	True	-0.01605575228631659	0.5205736588960505	0.5366294111823671	False	False	False	tangled_rope|tangled_rope|rope|tangled_rope	tangled_rope|tangled_rope|rope|tangled_rope	mountain|rope|rope|mountain
basic_law_interpretive_boundary__judicial_supremacy_reading	4	True	-0.024506148226483216	0.7945597951571295	0.8190659433836127	False	False	False	tangled_rope|tangled_rope|rope|snare	tangled_rope|tangled_rope|rope|snare	mountain|rope|rope|mountain
basic_law_interpretive_boundary__parliamentary_sovereignty_reading	4	True	-0.003380158376066651	0.10959445450443167	0.11297461288049832	True	False	False	scaffold|scaffold|scaffold|scaffold	rope|rope|rope|rope	mountain|rope|rope|mountain
beehiiv_platform_model	4	True	-0.04257460606629633	0.7945597951571295	0.8371344012234259	False	False	False	tangled_rope|tangled_rope|rope|snare	tangled_rope|tangled_rope|rope|snare	mountain|rope|rope|mountain
beta_designation_doctrine__expansive_shield_reading	4	True	-0.039852362853025784	0.9315528632876693	0.971405226140695	False	False	False	tangled_rope|snare|rope|snare	tangled_rope|snare|rope|snare	mountain|rope|rope|mountain
beta_designation_doctrine__narrow_warning_reading	4	True	-0.01605575228631659	0.5205736588960505	0.5366294111823671	False	False	False	scaffold|scaffold|scaffold|tangled_rope	scaffold|scaffold|scaffold|tangled_rope	mountain|rope|rope|mountain
beta_designation_doctrine__severity_carve_out_reading	4	True	-0.025691572626213306	0.47947573845688846	0.5051673110831018	False	False	False	tangled_rope|tangled_rope|rope|tangled_rope	tangled_rope|tangled_rope|rope|tangled_rope	mountain|rope|rope|mountain
biblical_authority__conciliar_reading	4	True	-0.01605575228631659	0.5205736588960505	0.5366294111823671	False	False	False	tangled_rope|rope|rope|tangled_rope	tangled_rope|rope|rope|tangled_rope	mountain|rope|rope|mountain
biblical_authority__sola_scriptura_reading	4	True	0.3230651271009348	0.5205736588960505	0.19750853179511563	False	False	False	tangled_rope|tangled_rope|rope|tangled_rope	tangled_rope|tangled_rope|rope|tangled_rope	mountain|rope|rope|mountain
biblical_authority__tradition_scripture_reading	4	True	-0.04257460606629633	0.7945597951571295	0.8371344012234259	False	False	False	tangled_rope|tangled_rope|rope|snare	tangled_rope|tangled_rope|rope|snare	mountain|rope|rope|mountain
biblical_divine_nature__modalist_reading	4	True	-0.01605575228631659	0.5205736588960505	0.5366294111823671	False	False	False	tangled_rope|tangled_rope|rope|tangled_rope	tangled_rope|tangled_rope|rope|tangled_rope	mountain|rope|rope|mountain
biblical_divine_nature__trinitarian_reading	4	True	-0.024506148226483216	0.7945597951571295	0.8190659433836127	False	False	False	naturalized|tangled_rope|rope|snare	naturalized|tangled_rope|rope|snare	mountain|rope|rope|mountain
biblical_divine_nature__unitarian_reading	4	True	0.3230651271009348	0.5205736588960505	0.19750853179511563	False	False	False	tangled_rope|tangled_rope|rope|tangled_rope	tangled_rope|tangled_rope|rope|tangled_rope	mountain|rope|rope|mountain
biblical_source_text__critical_reconstructive_reading	4	True	-0.024506148226483216	0.7945597951571295	0.8190659433836127	False	False	False	naturalized|tangled_rope|rope|snare	naturalized|tangled_rope|rope|snare	mountain|rope|rope|mountain
biblical_source_text__dynamic_equivalence_reading	4	True	-0.01605575228631659	0.5205736588960505	0.5366294111823671	False	False	False	tangled_rope|tangled_rope|rope|tangled_rope	tangled_rope|tangled_rope|rope|tangled_rope	mountain|rope|rope|mountain
biblical_source_text__formal_equivalence_reading	4	True	-0.04551078579500643	0.8493570224093454	0.8948678082043519	False	False	False	tangled_rope|tangled_rope|rope|tangled_rope	tangled_rope|tangled_rope|rope|tangled_rope	mountain|rope|rope|mountain
big_data_astrophysics_arbitrage	4	True	0.038896132321056376	0.7945597951571295	0.7556636628360731	False	False	False	naturalized|tangled_rope|naturalized|snare	naturalized|tangled_rope|naturalized|snare	mountain|rope|rope|mountain
bilateral_science_innovation_partnership	4	True	0.021396341372031214	0.7123639542788058	0.6909676129067747	False	False	False	tangled_rope|tangled_rope|naturalized|tangled_rope	rope|rope|rope|rope	mountain|rope|rope|mountain
bitcoin_consensus_kernel__maximalist_reading	4	True	-0.024506148226483216	0.7945597951571295	0.8190659433836127	False	False	False	tangled_rope|tangled_rope|rope|snare	tangled_rope|tangled_rope|rope|snare	mountain|rope|rope|mountain
bitcoin_consensus_kernel__pragmatic_synthesis	4	True	-0.013520633504266605	0.4383778180177267	0.45189845152199326	True	False	False	scaffold|scaffold|scaffold|scaffold	scaffold|scaffold|scaffold|scaffold	mountain|rope|rope|mountain
bitcoin_consensus_kernel__utility_reading	4	True	0.4130163504519409	0.5205736588960505	0.10755730844410955	True	False	False	tangled_rope|tangled_rope|tangled_rope|tangled_rope	tangled_rope|tangled_rope|tangled_rope|tangled_rope	mountain|rope|rope|mountain
bitcoin_whitepaper__digital_gold_reading	4	True	-0.00843053430112561	0.7945597951571295	0.8029903294582551	False	False	False	naturalized|tangled_rope|rope|snare	naturalized|tangled_rope|rope|snare	mountain|rope|rope|mountain
bitcoin_whitepaper__p2p_cash_reading	4	True	-0.020280950256399904	0.6575667270265899	0.6778476772829898	False	False	False	naturalized|tangled_rope|rope|tangled_rope	naturalized|tangled_rope|rope|tangled_rope	mountain|rope|rope|mountain
bitcoin_whitepaper__protocol_ossification_reading	4	True	-0.024506148226483216	0.7945597951571295	0.8190659433836127	False	False	False	naturalized|tangled_rope|rope|snare	naturalized|tangled_rope|rope|snare	mountain|rope|rope|mountain
bitcoin_whitepaper_purpose__electronic_cash_reading	4	True	0.038896132321056376	0.7945597951571295	0.7556636628360731	False	False	False	tangled_rope|tangled_rope|naturalized|tangled_rope	tangled_rope|tangled_rope|naturalized|tangled_rope	mountain|rope|rope|mountain
bitcoin_whitepaper_purpose__nakamoto_oracle_opacity	4	True	-0.024506148226483216	0.7945597951571295	0.8190659433836127	False	False	False	naturalized|tangled_rope|rope|snare	naturalized|tangled_rope|rope|snare	mountain|rope|rope|mountain
bitcoin_whitepaper_purpose__store_of_value_reading	4	True	0.009029624626067892	0.7123639542788058	0.7033343296527379	False	False	False	tangled_rope|tangled_rope|naturalized|tangled_rope	rope|rope|rope|rope	mountain|rope|rope|mountain
bite_configuration_naturalization	4	True	0.006598571842126536	0.5205736588960505	0.5139750870539239	False	False	False	tangled_rope|tangled_rope|rope|tangled_rope	tangled_rope|tangled_rope|rope|tangled_rope	mountain|rope|rope|mountain
blockchain_scalability_trilemma	4	True	-0.038170336473231196	0.7123639542788058	0.750534290752037	False	False	False	tangled_rope|tangled_rope|rope|tangled_rope	tangled_rope|tangled_rope|rope|tangled_rope	mountain|rope|rope|mountain
blockchain_settlement_finality	4	True	0.038896132321056376	0.7945597951571295	0.7556636628360731	False	False	False	tangled_rope|tangled_rope|naturalized|snare	tangled_rope|tangled_rope|naturalized|snare	mountain|rope|rope|mountain
boom_bust_path_dependency	4	True	-0.01605575228631659	0.5205736588960505	0.5366294111823671	False	False	False	piton|piton|rope|unknown	piton|piton|rope|unknown	mountain|rope|rope|mountain
border_control_legitimacy__freedom_of_movement_primary	4	True	0.06387156647306734	0.7945597951571295	0.7306882286840621	False	False	False	naturalized|tangled_rope|naturalized|snare	naturalized|tangled_rope|naturalized|snare	mountain|rope|rope|mountain
border_control_legitimacy__jurisdictional_sovereignty	4	True	-0.024506148226483216	0.7945597951571295	0.8190659433836127	False	False	False	tangled_rope|tangled_rope|rope|snare	tangled_rope|tangled_rope|rope|snare	mountain|rope|rope|mountain
border_control_legitimacy__sovereignty_primary	4	True	-0.028731346196566535	0.9315528632876693	0.9602842094842359	False	False	False	tangled_rope|snare|rope|snare	tangled_rope|snare|rope|snare	mountain|rope|rope|mountain
border_legitimacy__economic_utility_reading	4	True	-0.024506148226483216	0.7945597951571295	0.8190659433836127	False	False	False	naturalized|tangled_rope|rope|snare	naturalized|tangled_rope|rope|snare	mountain|rope|rope|mountain
border_legitimacy__freedom_of_movement_primary_reading	4	True	-0.028731346196566535	0.9315528632876693	0.9602842094842359	False	False	False	snare|snare|rope|snare	snare|snare|rope|snare	mountain|rope|rope|mountain
border_legitimacy__freedom_of_movement_reading	4	True	-0.028731346196566535	0.9315528632876693	0.9602842094842359	False	False	False	tangled_rope|snare|rope|snare	tangled_rope|snare|rope|snare	mountain|rope|rope|mountain
border_legitimacy__humanitarian_obligation_reading	4	True	-0.01605575228631659	0.5205736588960505	0.5366294111823671	False	False	False	tangled_rope|tangled_rope|rope|tangled_rope	tangled_rope|tangled_rope|rope|tangled_rope	mountain|rope|rope|mountain
border_legitimacy__sovereignty_primary_reading	4	True	-0.024506148226483216	0.7945597951571295	0.8190659433836127	False	False	False	tangled_rope|tangled_rope|rope|snare	tangled_rope|tangled_rope|rope|snare	mountain|rope|rope|mountain
border_legitimacy__sovereignty_reading	4	True	-0.028731346196566535	0.9315528632876693	0.9602842094842359	False	False	False	snare|snare|rope|snare	snare|snare|rope|snare	mountain|rope|rope|mountain
border_normative_status__freedom_primary	4	True	-0.024506148226483216	0.7945597951571295	0.8190659433836127	False	False	False	naturalized|tangled_rope|rope|snare	naturalized|tangled_rope|rope|snare	mountain|rope|rope|mountain
border_normative_status__qualified_sovereignty	4	True	-0.024506148226483216	0.7945597951571295	0.8190659433836127	False	False	False	naturalized|tangled_rope|rope|snare	naturalized|tangled_rope|rope|snare	mountain|rope|rope|mountain
border_normative_status__sovereignty_primary	4	True	-0.024506148226483216	0.7945597951571295	0.8190659433836127	False	False	False	naturalized|tangled_rope|rope|snare	naturalized|tangled_rope|rope|snare	mountain|rope|rope|mountain
bretton_woods_treaty_substrate__keynesian_embedded_liberalism	4	True	-0.014788192895291596	0.47947573845688846	0.49426393135218005	False	False	False	tangled_rope|tangled_rope|rope|tangled_rope	tangled_rope|tangled_rope|rope|tangled_rope	mountain|rope|rope|mountain
bretton_woods_treaty_substrate__neoliberal_convertibility	4	True	-0.024506148226483216	0.7945597951571295	0.8190659433836127	False	False	False	tangled_rope|tangled_rope|rope|snare	tangled_rope|tangled_rope|rope|snare	mountain|rope|rope|mountain
bretton_woods_treaty_substrate__sovereignty_defense	4	True	-0.053908270927801476	0.7945597951571295	0.848468066084931	False	False	False	tangled_rope|tangled_rope|rope|snare	tangled_rope|tangled_rope|rope|snare	mountain|rope|rope|mountain
burali_forte_paradox	4	True	-0.014325121871776378	0.16560293298312803	0.1799280548549044	True	True	False	mountain|rope|rope|mountain	mountain|rope|rope|mountain	mountain|rope|rope|mountain
bureaucratic_discretion_capture	4	True	0.02386514999188097	0.7945597951571295	0.7706946451652485	False	False	False	naturalized|tangled_rope|naturalized|snare	naturalized|tangled_rope|naturalized|snare	mountain|rope|rope|mountain
bureaucratic_legibility_collapse	4	True	-0.04257460606629633	0.7945597951571295	0.8371344012234259	False	False	False	naturalized|tangled_rope|rope|snare	naturalized|tangled_rope|rope|snare	mountain|rope|rope|mountain
bureaucratic_rent_seeking	4	True	-0.021971029444433233	0.7123639542788058	0.734334983723239	False	False	False	naturalized|tangled_rope|rope|snare	naturalized|tangled_rope|rope|snare	mountain|rope|rope|mountain
busy_beaver_noncomputability	4	True	-0.014325121871776378	0.16560293298312803	0.1799280548549044	True	True	False	mountain|rope|rope|mountain	mountain|rope|rope|mountain	mountain|rope|rope|mountain
caa_section_111d_delegation__facility_constraint_reading	4	True	-0.024506148226483216	0.7945597951571295	0.8190659433836127	False	False	False	tangled_rope|tangled_rope|rope|snare	tangled_rope|tangled_rope|rope|snare	mountain|rope|rope|mountain
caa_section_111d_delegation__state_compliance_pathway_constraint	4	True	0.4038071848615065	0.7123639542788058	0.3085567694172993	True	False	False	tangled_rope|tangled_rope|tangled_rope|tangled_rope	rope|rope|rope|rope	mountain|rope|rope|mountain
caa_section_111d_delegation__systemic_transformation_reading	4	True	-0.024506148226483216	0.7945597951571295	0.8190659433836127	False	False	False	tangled_rope|tangled_rope|rope|snare	tangled_rope|tangled_rope|rope|snare	mountain|rope|rope|mountain
canadian_equalization_regime	4	True	-0.021971029444433233	0.7123639542788058	0.734334983723239	False	False	False	tangled_rope|tangled_rope|rope|tangled_rope	tangled_rope|tangled_rope|rope|tangled_rope	mountain|rope|rope|mountain
capability_acceleration_outpacing_safety	4	True	-0.028731346196566535	0.9315528632876693	0.9602842094842359	False	False	False	tangled_rope|snare|rope|snare	tangled_rope|snare|rope|snare	mountain|rope|rope|mountain
capability_velocity_mismatch	4	True	-0.00843053430112561	0.7945597951571295	0.8029903294582551	False	False	False	naturalized|tangled_rope|rope|snare	naturalized|tangled_rope|rope|snare	mountain|rope|rope|mountain
catastrophe_avoidance_retention__catastrophe_as_necessary_selector	4	True	-0.024506148226483216	0.7945597951571295	0.8190659433836127	False	False	False	naturalized|tangled_rope|rope|snare	naturalized|tangled_rope|rope|snare	mountain|rope|rope|mountain
catastrophe_avoidance_retention__hybrid_near_miss_learning	4	True	-0.021971029444433233	0.7123639542788058	0.734334983723239	False	False	False	tangled_rope|tangled_rope|rope|tangled_rope	tangled_rope|tangled_rope|rope|tangled_rope	mountain|rope|rope|mountain
catastrophe_avoidance_retention__simulation_as_proxy_catastrophe	4	True	-0.01605575228631659	0.5205736588960505	0.5366294111823671	False	False	False	tangled_rope|rope|rope|tangled_rope	tangled_rope|rope|rope|tangled_rope	mountain|rope|rope|mountain
catastrophe_memory_function__hybrid_transformation_reading	4	True	-0.01605575228631659	0.5205736588960505	0.5366294111823671	False	False	False	tangled_rope|tangled_rope|rope|tangled_rope	tangled_rope|tangled_rope|rope|tangled_rope	mountain|rope|rope|mountain
catastrophe_memory_function__mourning_practice_reading	4	True	-0.01605575228631659	0.5205736588960505	0.5366294111823671	False	False	False	tangled_rope|rope|rope|tangled_rope	tangled_rope|rope|rope|tangled_rope	mountain|rope|rope|mountain
catastrophe_memory_function__survival_competence_reading	4	True	-0.013520633504266605	0.4383778180177267	0.45189845152199326	False	False	False	unknown|tangled_rope|rope|tangled_rope	unknown|tangled_rope|rope|tangled_rope	mountain|rope|rope|mountain
catastrophe_memory_preservation__hybrid_atrophy_reading	4	True	-0.01183055431623328	0.3835805907655109	0.39541114508174413	False	False	False	piton|rope|rope|piton	piton|rope|rope|piton	mountain|rope|rope|mountain
catastrophe_memory_preservation__mourning_practice_reading	4	True	-0.00929543553418329	0.30138474988718705	0.3106801854213703	True	False	False	scaffold|scaffold|scaffold|scaffold	scaffold|scaffold|scaffold|scaffold	mountain|rope|rope|mountain
catastrophe_memory_preservation__survival_competence_reading	4	True	-0.024506148226483216	0.7945597951571295	0.8190659433836127	False	False	False	tangled_rope|tangled_rope|rope|snare	tangled_rope|tangled_rope|rope|snare	mountain|rope|rope|mountain
catastrophe_memory_survival__competence_transmission_reading	4	True	-0.021971029444433233	0.7123639542788058	0.734334983723239	False	False	False	tangled_rope|tangled_rope|rope|tangled_rope	tangled_rope|tangled_rope|rope|tangled_rope	mountain|rope|rope|mountain
catastrophe_memory_survival__hybrid_encoding_reading	4	True	-0.01605575228631659	0.5622195925199971	0.5782753448063137	False	False	False	tangled_rope|tangled_rope|rope|tangled_rope	tangled_rope|tangled_rope|rope|tangled_rope	mountain|rope|rope|mountain
catastrophe_memory_survival__symbol_survival_reading	4	True	-0.024506148226483216	0.7945597951571295	0.8190659433836127	False	False	False	tangled_rope|tangled_rope|rope|snare	tangled_rope|tangled_rope|rope|snare	mountain|rope|rope|mountain
catastrophe_memory_transmission__hybrid_embedded_reading	4	True	-0.01183055431623328	0.3835805907655109	0.39541114508174413	False	False	False	unknown|rope|rope|unknown	unknown|rope|rope|unknown	mountain|rope|rope|mountain
catastrophe_memory_transmission__hybrid_pedagogical_reading	4	True	-0.021971029444433233	0.7123639542788058	0.734334983723239	False	False	False	tangled_rope|tangled_rope|rope|tangled_rope	tangled_rope|tangled_rope|rope|tangled_rope	mountain|rope|rope|mountain
catastrophe_memory_transmission__mourning_practice_reading	4	True	-0.024506148226483216	0.7945597951571295	0.8190659433836127	False	False	False	tangled_rope|tangled_rope|rope|snare	tangled_rope|tangled_rope|rope|snare	mountain|rope|rope|mountain
catastrophe_memory_transmission__operational_competence_reading	4	True	-0.00929543553418329	0.30138474988718705	0.3106801854213703	True	False	False	scaffold|scaffold|scaffold|scaffold	scaffold|scaffold|scaffold|scaffold	mountain|rope|rope|mountain
catastrophe_memory_transmission__survival_competence_reading	4	True	-0.01605575228631659	0.5205736588960505	0.5366294111823671	False	False	False	tangled_rope|tangled_rope|rope|tangled_rope	tangled_rope|tangled_rope|rope|tangled_rope	mountain|rope|rope|mountain
catastrophe_memory_transmission__symbol_continuity_reading	4	True	-0.021971029444433233	0.7123639542788058	0.734334983723239	False	False	False	naturalized|tangled_rope|rope|snare	naturalized|tangled_rope|rope|snare	mountain|rope|rope|mountain
causal_inference_gap	4	True	-0.024506148226483216	0.7945597951571295	0.8190659433836127	False	False	False	naturalized|tangled_rope|rope|snare	naturalized|tangled_rope|rope|snare	mountain|rope|rope|mountain
cbdr_principle__historical_responsibility_reading	4	True	0.2609005954775204	0.7945597951571295	0.5336591996796091	False	False	False	tangled_rope|tangled_rope|naturalized|snare	tangled_rope|tangled_rope|naturalized|snare	mountain|rope|rope|mountain
cbdr_principle__voluntary_commitment_reading	4	True	-0.024506148226483216	0.7945597951571295	0.8190659433836127	False	False	False	naturalized|tangled_rope|rope|snare	naturalized|tangled_rope|rope|snare	mountain|rope|rope|mountain
chaos_trajectory_divergence	4	True	-0.014325121871776378	0.16560293298312803	0.1799280548549044	True	True	False	mountain|rope|rope|mountain	mountain|rope|rope|mountain	mountain|rope|rope|mountain
chemical_regulatory_capture	4	True	0.3016	0.7945597951571295	0.4929597951571295	False	False	False	naturalized|tangled_rope|tangled_rope|snare	naturalized|tangled_rope|tangled_rope|snare	mountain|rope|rope|mountain
china_advanced_chip_design_constraint	4	True	-0.024506148226483216	0.7945597951571295	0.8190659433836127	False	False	False	naturalized|tangled_rope|rope|snare	naturalized|tangled_rope|rope|snare	mountain|rope|rope|mountain
chip_constraint_bottleneck	4	True	-0.01605575228631659	0.5205736588960505	0.5366294111823671	False	False	False	tangled_rope|tangled_rope|rope|tangled_rope	tangled_rope|tangled_rope|rope|tangled_rope	mountain|rope|rope|mountain
chip_control_efficacy	4	True	-0.011914636825816219	0.24658752263497122	0.2585021594607874	True	False	False	scaffold|scaffold|scaffold|scaffold	scaffold|scaffold|scaffold|scaffold	mountain|rope|rope|mountain
church_turing_thesis__epistemological_boundary_reading	4	True	-0.01605575228631659	0.5205736588960505	0.5366294111823671	False	False	False	tangled_rope|tangled_rope|rope|tangled_rope	tangled_rope|tangled_rope|rope|tangled_rope	mountain|rope|rope|mountain
church_turing_thesis__mathematical_definition_reading	4	True	-0.002112598985041657	0.0684965340652698	0.07060913305031145	True	False	False	scaffold|scaffold|scaffold|scaffold	rope|rope|rope|rope	mountain|rope|rope|mountain
church_turing_thesis__physical_claim_reading	4	True	-0.020280950256399904	0.6575667270265899	0.6778476772829898	False	False	False	tangled_rope|tangled_rope|rope|tangled_rope	tangled_rope|tangled_rope|rope|tangled_rope	mountain|rope|rope|mountain
class_field_theory_foundation	4	True	-0.014325121871776378	0.16560293298312803	0.1799280548549044	True	True	False	mountain|rope|rope|mountain	mountain|rope|rope|mountain	mountain|rope|rope|mountain
classical_latin_standard__continuity_reading	4	True	-0.01605575228631659	0.5205736588960505	0.5366294111823671	False	False	False	unknown|unknown|rope|unknown	unknown|unknown|rope|unknown	mountain|rope|rope|mountain
classical_latin_standard__hybrid_reading	4	True	0.025483672900002457	0.5205736588960505	0.495089985996048	False	False	False	tangled_rope|tangled_rope|rope|tangled_rope	tangled_rope|tangled_rope|rope|tangled_rope	mountain|rope|rope|mountain
classical_latin_standard__reconstruction_reading	4	True	-0.026196227414516545	0.8493570224093454	0.875553249823862	False	False	False	naturalized|snare|rope|snare	naturalized|snare|rope|snare	mountain|rope|rope|mountain
clawderberg_recursive_slop	4	True	0.3016	0.7945597951571295	0.4929597951571295	False	False	False	naturalized|tangled_rope|tangled_rope|snare	naturalized|tangled_rope|tangled_rope|snare	mountain|rope|rope|mountain
click_chemistry_paradigm_2026	4	True	0.620043067570935	0.7945597951571295	0.17451672758619452	True	False	False	tangled_rope|tangled_rope|tangled_rope|tangled_rope	tangled_rope|tangled_rope|tangled_rope|tangled_rope	mountain|rope|rope|mountain
climate_harm_prevention__adaptation_priority	4	True	-0.024506148226483216	0.7945597951571295	0.8190659433836127	False	False	False	naturalized|tangled_rope|rope|snare	naturalized|tangled_rope|rope|snare	mountain|rope|rope|mountain
climate_harm_prevention__degrowth_reading	4	True	0.44199999999999995	0.9315528632876693	0.48955286328766934	False	False	False	snare|snare|tangled_rope|snare	snare|snare|tangled_rope|snare	mountain|rope|rope|mountain
climate_harm_prevention__mitigation_priority	4	True	-0.024506148226483216	0.7945597951571295	0.8190659433836127	False	False	False	naturalized|tangled_rope|rope|snare	naturalized|tangled_rope|rope|snare	mountain|rope|rope|mountain
climate_response_action__adaptation_priority	4	True	-0.06359297951150918	0.7945597951571295	0.8581527746686387	False	False	False	naturalized|tangled_rope|rope|snare	naturalized|tangled_rope|rope|snare	mountain|rope|rope|mountain
climate_response_action__degrowth_transformation	4	True	0.7471320443104573	0.9315528632876693	0.18442081897721196	True	False	False	snare|snare|snare|snare	snare|snare|snare|snare	mountain|rope|rope|mountain
climate_response_action__mitigation_priority	4	True	-0.022816069038449894	0.7397625679049138	0.7625786369433637	False	False	False	naturalized|tangled_rope|rope|snare	naturalized|tangled_rope|rope|snare	mountain|rope|rope|mountain
climate_response_imperative__adaptation_priority_reading	4	True	0.3016	0.7945597951571295	0.4929597951571295	False	False	False	naturalized|tangled_rope|snare|snare	naturalized|tangled_rope|snare|snare	mountain|rope|rope|mountain
climate_response_imperative__degrowth_reading	4	True	-0.024506148226483216	0.7945597951571295	0.8190659433836127	False	False	False	tangled_rope|tangled_rope|rope|snare	tangled_rope|tangled_rope|rope|snare	mountain|rope|rope|mountain
climate_response_imperative__mitigation_priority_reading	4	True	-0.024506148226483216	0.7945597951571295	0.8190659433836127	False	False	False	naturalized|tangled_rope|rope|snare	naturalized|tangled_rope|rope|snare	mountain|rope|rope|mountain
climate_response_legitimacy__adaptation_priority	4	True	0.038896132321056376	0.7945597951571295	0.7556636628360731	False	False	False	naturalized|tangled_rope|naturalized|snare	naturalized|tangled_rope|naturalized|snare	mountain|rope|rope|mountain
climate_response_legitimacy__degrowth_transformation	4	True	-0.024506148226483216	0.7945597951571295	0.8190659433836127	False	False	False	tangled_rope|tangled_rope|rope|snare	tangled_rope|tangled_rope|rope|snare	mountain|rope|rope|mountain
climate_response_legitimacy__mitigation_priority	4	True	0.3035996784237043	0.7945597951571295	0.4909601167334252	False	False	False	tangled_rope|tangled_rope|naturalized|snare	tangled_rope|tangled_rope|naturalized|snare	mountain|rope|rope|mountain
climate_response_obligation__adaptation_priority	4	True	-0.04257460606629633	0.7945597951571295	0.8371344012234259	False	False	False	tangled_rope|tangled_rope|rope|tangled_rope	tangled_rope|tangled_rope|rope|tangled_rope	mountain|rope|rope|mountain
climate_response_obligation__degrowth_reading	4	True	-0.053908270927801476	0.828154120232319	0.8820623911601205	False	False	False	naturalized|tangled_rope|rope|snare	naturalized|tangled_rope|rope|snare	mountain|rope|rope|mountain
climate_response_obligation__mitigation_priority	4	True	0.3016	0.7945597951571295	0.4929597951571295	False	False	False	naturalized|tangled_rope|snare|snare	naturalized|tangled_rope|snare|snare	mountain|rope|rope|mountain
climate_stabilization_timeline	4	True	-0.038391607549852255	0.7945597951571295	0.8329514027069818	False	False	False	tangled_rope|tangled_rope|rope|snare	tangled_rope|tangled_rope|rope|snare	mountain|rope|rope|mountain
coercion_legitimacy_boundary__bodily_autonomy_primary	4	True	-0.009884074697871406	0.9315528632876693	0.9414369379855407	False	False	False	tangled_rope|snare|rope|snare	tangled_rope|snare|rope|snare	mountain|rope|rope|mountain
coercion_legitimacy_boundary__proportionality_reading	4	True	-0.021971029444433233	0.7123639542788058	0.734334983723239	False	False	False	tangled_rope|tangled_rope|rope|tangled_rope	tangled_rope|tangled_rope|rope|tangled_rope	mountain|rope|rope|mountain
coercion_legitimacy_boundary__public_health_primary	4	True	-0.04257460606629633	0.7945597951571295	0.8371344012234259	False	False	False	naturalized|tangled_rope|rope|snare	naturalized|tangled_rope|rope|snare	mountain|rope|rope|mountain
cold_war_geopolitical_constraint	4	True	-0.060534607496856976	0.7945597951571295	0.8550944026539865	False	False	False	naturalized|tangled_rope|rope|snare	naturalized|tangled_rope|rope|snare	mountain|rope|rope|mountain
collateral_sufficiency_floor	4	True	-0.021971029444433233	0.7123639542788058	0.734334983723239	False	False	False	tangled_rope|tangled_rope|rope|snare	tangled_rope|tangled_rope|rope|snare	mountain|rope|rope|mountain
collective_stupidity_2026	4	True	-0.05457513908790348	0.9315528632876693	0.9861280023755727	False	False	False	snare|snare|rope|snare	snare|snare|rope|snare	mountain|rope|rope|mountain
combatant_status_definition__functional_protection_reading	4	True	-0.00633779695512497	0.20548960219580936	0.21182739915093432	True	False	False	scaffold|scaffold|scaffold|scaffold	rope|rope|rope|rope	mountain|rope|rope|mountain
combatant_status_definition__national_liberation_reading	4	True	0.20680948117118816	0.7945597951571295	0.5877503139859414	False	False	False	tangled_rope|tangled_rope|naturalized|snare	tangled_rope|tangled_rope|naturalized|snare	mountain|rope|rope|mountain
combatant_status_definition__state_centric_reading	4	True	-0.026196227414516545	0.8493570224093454	0.875553249823862	False	False	False	snare|snare|rope|snare	snare|snare|rope|snare	mountain|rope|rope|mountain
commerce_clause_scope__broad_effects_test	4	True	-0.024506148226483216	0.7945597951571295	0.8190659433836127	False	False	False	naturalized|tangled_rope|rope|snare	naturalized|tangled_rope|rope|snare	mountain|rope|rope|mountain
commerce_clause_scope__intermediate_channels	4	True	-0.020280950256399904	0.6575667270265899	0.6778476772829898	False	False	False	tangled_rope|tangled_rope|rope|tangled_rope	tangled_rope|tangled_rope|rope|tangled_rope	mountain|rope|rope|mountain
commerce_clause_scope__narrow_originalist	4	True	0.0418468883789062	0.5205736588960505	0.47872677051714424	False	False	False	tangled_rope|tangled_rope|rope|tangled_rope	tangled_rope|tangled_rope|rope|tangled_rope	mountain|rope|rope|mountain
commerce_clause_text__expansive_federal_reading	4	True	-0.024506148226483216	0.7945597951571295	0.8190659433836127	False	False	False	tangled_rope|tangled_rope|rope|snare	tangled_rope|tangled_rope|rope|snare	mountain|rope|rope|mountain
commerce_clause_text__originalist_narrow_reading	4	True	-0.01605575228631659	0.5205736588960505	0.5366294111823671	False	False	False	tangled_rope|tangled_rope|rope|tangled_rope	tangled_rope|tangled_rope|rope|tangled_rope	mountain|rope|rope|mountain
commerce_clause_text__substantial_effects_limited_reading	4	True	-0.017745831474349917	0.5753708861482661	0.5931167176226161	False	False	False	tangled_rope|tangled_rope|rope|tangled_rope	tangled_rope|tangled_rope|rope|tangled_rope	mountain|rope|rope|mountain
commercial_fishery_quota_systems	4	True	-0.021971029444433233	0.7123639542788058	0.734334983723239	False	False	False	tangled_rope|tangled_rope|rope|tangled_rope	tangled_rope|tangled_rope|rope|tangled_rope	mountain|rope|rope|mountain
commodified_permission_structure	4	True	0.5651802690394981	0.7123639542788058	0.1471836852393077	True	False	False	tangled_rope|tangled_rope|tangled_rope|tangled_rope	rope|rope|rope|rope	mountain|rope|rope|mountain
common_article_3_scope__expansive_human_rights_reading	4	True	-0.026196227414516545	0.8493570224093454	0.875553249823862	False	False	False	snare|snare|rope|snare	snare|snare|rope|snare	mountain|rope|rope|mountain
common_article_3_scope__icrc_customary_reading	4	True	-0.022270438064926172	0.5205736588960505	0.5428440969609766	False	False	False	tangled_rope|tangled_rope|rope|tangled_rope	tangled_rope|tangled_rope|rope|tangled_rope	mountain|rope|rope|mountain
common_article_3_scope__state_centric_reading	4	True	-0.024506148226483216	0.7945597951571295	0.8190659433836127	False	False	False	naturalized|tangled_rope|rope|snare	naturalized|tangled_rope|rope|snare	mountain|rope|rope|mountain
common_law_precedent_corpus__evolutionary_framework	4	True	-0.01605575228631659	0.5205736588960505	0.5366294111823671	False	False	False	tangled_rope|rope|rope|tangled_rope	tangled_rope|rope|rope|tangled_rope	mountain|rope|rope|mountain
common_law_precedent_corpus__pluralist_balancing	4	True	0.021396341372031214	0.7123639542788058	0.6909676129067747	False	False	False	tangled_rope|tangled_rope|naturalized|tangled_rope	rope|rope|rope|rope	mountain|rope|rope|mountain
common_law_precedent_corpus__strict_stare_decisis	4	True	-0.007558410063078134	0.7123639542788058	0.719922364341884	False	False	False	tangled_rope|tangled_rope|rope|snare	tangled_rope|tangled_rope|rope|snare	mountain|rope|rope|mountain
competence_exercise_requirement__catastrophe_as_necessary_anchor	4	True	-0.028731346196566535	0.9315528632876693	0.9602842094842359	False	False	False	snare|snare|rope|snare	snare|snare|rope|snare	mountain|rope|rope|mountain
competence_exercise_requirement__hybrid_dependency	4	True	-0.021971029444433233	0.7123639542788058	0.734334983723239	False	False	False	tangled_rope|tangled_rope|rope|tangled_rope	tangled_rope|tangled_rope|rope|tangled_rope	mountain|rope|rope|mountain
competence_exercise_requirement__simulation_as_adequate_exercise	4	True	-0.01605575228631659	0.5205736588960505	0.5366294111823671	False	False	False	tangled_rope|tangled_rope|rope|tangled_rope	tangled_rope|tangled_rope|rope|tangled_rope	mountain|rope|rope|mountain
competence_exercise_validity__continuous_refresh_hybrid	4	True	-0.021971029444433233	0.7123639542788058	0.734334983723239	False	False	False	tangled_rope|tangled_rope|rope|tangled_rope	tangled_rope|tangled_rope|rope|tangled_rope	mountain|rope|rope|mountain
competence_exercise_validity__real_catastrophe_only	4	True	-0.04654938333968237	0.7945597951571295	0.8411091784968119	False	False	False	naturalized|unknown|rope|snare	naturalized|unknown|rope|snare	mountain|rope|rope|mountain
competence_exercise_validity__simulation_as_proxy	4	True	-0.024506148226483216	0.7945597951571295	0.8190659433836127	False	False	False	tangled_rope|tangled_rope|rope|snare	tangled_rope|tangled_rope|rope|snare	mountain|rope|rope|mountain
competence_occupation__hybrid_occupation	4	True	-0.03523415674452111	0.6575667270265899	0.692800883771111	False	False	False	tangled_rope|tangled_rope|rope|tangled_rope	tangled_rope|tangled_rope|rope|tangled_rope	mountain|rope|rope|mountain
competence_occupation__real_incident_necessity	4	True	0.07488390552014793	0.9315528632876693	0.8566689577675214	False	False	False	unknown|snare|naturalized|snare	unknown|snare|naturalized|snare	mountain|rope|rope|mountain
competence_occupation__simulation_sufficiency	4	True	-0.00843053430112561	0.7945597951571295	0.8029903294582551	False	False	False	tangled_rope|tangled_rope|rope|snare	tangled_rope|tangled_rope|rope|snare	mountain|rope|rope|mountain
competence_retention_exercise__catastrophe_as_necessary	4	True	-0.024506148226483216	0.7945597951571295	0.8190659433836127	False	False	False	piton|tangled_rope|rope|snare	piton|tangled_rope|rope|snare	mountain|rope|rope|mountain
competence_retention_exercise__near_miss_as_bridge	4	True	-0.005523453507634021	0.5205736588960505	0.5260971124036845	False	False	False	tangled_rope|tangled_rope|rope|tangled_rope	tangled_rope|tangled_rope|rope|tangled_rope	mountain|rope|rope|mountain
competence_retention_exercise__simulation_as_sufficient	4	True	0.06018861758662465	0.5205736588960505	0.4603850413094258	False	False	False	tangled_rope|tangled_rope|rope|tangled_rope	tangled_rope|tangled_rope|rope|tangled_rope	mountain|rope|rope|mountain
compliance_cost_asymmetry	4	True	-0.03963842633758625	0.7397625679049138	0.7794009942425001	False	False	False	tangled_rope|tangled_rope|rope|snare	tangled_rope|tangled_rope|rope|snare	mountain|rope|rope|mountain
complicity_equilibrium	4	True	-0.024506148226483216	0.7945597951571295	0.8190659433836127	False	False	False	naturalized|tangled_rope|rope|snare	naturalized|tangled_rope|rope|snare	mountain|rope|rope|mountain
consent_fatigue_externality	4	True	0.2333828820613657	0.7945597951571295	0.5611769130957638	False	False	False	tangled_rope|tangled_rope|naturalized|snare	tangled_rope|tangled_rope|naturalized|snare	mountain|rope|rope|mountain
constitutional_authority_boundary__coordinate_construction_reading	4	True	0.12238205512574714	0.5753708861482661	0.452988831022519	False	False	False	tangled_rope|tangled_rope|rope|tangled_rope	tangled_rope|tangled_rope|rope|tangled_rope	mountain|rope|rope|mountain
constitutional_authority_boundary__judicial_supremacy_reading	4	True	-0.009011950459823928	0.8493570224093454	0.8583689728691694	False	False	False	tangled_rope|tangled_rope|rope|tangled_rope	tangled_rope|tangled_rope|rope|tangled_rope	mountain|rope|rope|mountain
constitutional_authority_boundary__parliamentary_primacy_reading	4	True	-0.0026163727141424306	0.24658752263497122	0.24920389534911364	True	True	False	unknown|rope|rope|rope	unknown|rope|rope|rope	mountain|rope|rope|mountain
constitutional_interpretive_authority__coordinate_construction_reading	4	True	-0.020280950256399904	0.6575667270265899	0.6778476772829898	False	False	False	tangled_rope|tangled_rope|rope|tangled_rope	tangled_rope|tangled_rope|rope|tangled_rope	mountain|rope|rope|mountain
constitutional_interpretive_authority__judicial_supremacy_reading	4	True	-0.024506148226483216	0.7945597951571295	0.8190659433836127	False	False	False	tangled_rope|tangled_rope|rope|snare	tangled_rope|tangled_rope|rope|snare	mountain|rope|rope|mountain
constitutional_interpretive_authority__parliamentary_supremacy_reading	4	True	0.2704	0.7123639542788058	0.44196395427880586	False	False	False	naturalized|tangled_rope|tangled_rope|snare	naturalized|tangled_rope|tangled_rope|snare	mountain|rope|rope|mountain
constitutional_secularism__principled_intervention_reading	4	True	0.038896132321056376	0.7945597951571295	0.7556636628360731	False	False	False	naturalized|tangled_rope|naturalized|snare	naturalized|tangled_rope|naturalized|snare	mountain|rope|rope|mountain
constitutional_secularism__reformist_reading	4	True	-0.024506148226483216	0.7945597951571295	0.8190659433836127	False	False	False	naturalized|tangled_rope|rope|snare	naturalized|tangled_rope|rope|snare	mountain|rope|rope|mountain
constitutional_secularism__strict_neutrality_reading	4	True	-0.01605575228631659	0.5205736588960505	0.5366294111823671	False	False	False	tangled_rope|tangled_rope|rope|tangled_rope	tangled_rope|tangled_rope|rope|tangled_rope	mountain|rope|rope|mountain
constitutional_text__judicial_supremacy_reading	4	True	-0.021971029444433233	0.7123639542788058	0.734334983723239	False	False	False	tangled_rope|tangled_rope|rope|snare	tangled_rope|tangled_rope|rope|snare	mountain|rope|rope|mountain
constitutional_text__legislative_sovereignty_reading	4	True	-0.024506148226483216	0.7945597951571295	0.8190659433836127	False	False	False	tangled_rope|tangled_rope|rope|snare	tangled_rope|tangled_rope|rope|snare	mountain|rope|rope|mountain
constitutional_text__popular_sovereignty_reading	4	True	0.4130163504519409	0.5205736588960505	0.10755730844410955	True	False	False	tangled_rope|tangled_rope|tangled_rope|tangled_rope	tangled_rope|tangled_rope|tangled_rope|tangled_rope	mountain|rope|rope|mountain
constitutional_text_authority__living_constitutionalist_reading	4	True	-0.01605575228631659	0.5205736588960505	0.5366294111823671	False	False	False	tangled_rope|tangled_rope|rope|tangled_rope	tangled_rope|tangled_rope|rope|tangled_rope	mountain|rope|rope|mountain
constitutional_text_authority__originalist_reading	4	True	-0.024506148226483216	0.7945597951571295	0.8190659433836127	False	False	False	tangled_rope|tangled_rope|rope|tangled_rope	tangled_rope|tangled_rope|rope|tangled_rope	mountain|rope|rope|mountain
constitutional_text_authority__positivist_reading	4	True	-0.01605575228631659	0.5205736588960505	0.5366294111823671	False	False	False	tangled_rope|tangled_rope|rope|tangled_rope	tangled_rope|tangled_rope|rope|tangled_rope	mountain|rope|rope|mountain
cop_consensus_paralysis	4	True	-0.04257460606629633	0.7945597951571295	0.8371344012234259	False	False	False	tangled_rope|tangled_rope|rope|snare	tangled_rope|tangled_rope|rope|snare	mountain|rope|rope|mountain
copyright_constitutional_mandate__corporate_enclosure_reading	4	True	-0.028731346196566535	0.8230291500414056	0.8517604962379722	False	False	False	tangled_rope|snare|rope|snare	tangled_rope|snare|rope|snare	mountain|rope|rope|mountain
copyright_constitutional_mandate__judicial_ambiguity_reading	4	True	0.2950898658603317	0.5205736588960505	0.22548379303571875	False	False	False	tangled_rope|tangled_rope|rope|tangled_rope	tangled_rope|tangled_rope|rope|tangled_rope	mountain|rope|rope|mountain
copyright_constitutional_mandate__public_scaffold_reading	4	True	-0.00929543553418329	0.30138474988718705	0.3106801854213703	True	False	False	scaffold|scaffold|scaffold|scaffold	scaffold|scaffold|scaffold|scaffold	mountain|rope|rope|mountain
correct_latin__living_drift_reading	4	True	-0.005070237564099976	0.16439168175664748	0.16946191932074745	True	False	False	scaffold|scaffold|scaffold|scaffold	scaffold|scaffold|scaffold|scaffold	mountain|rope|rope|mountain
correct_latin__prescriptive_ideal_reading	4	True	0.011807970664858013	0.9315528632876693	0.9197448926228112	False	False	False	tangled_rope|snare|naturalized|snare	tangled_rope|snare|naturalized|snare	mountain|rope|rope|mountain
correct_latin__textual_recovery_reading	4	True	-0.020280950256399904	0.6575667270265899	0.6778476772829898	False	False	False	tangled_rope|tangled_rope|rope|tangled_rope	tangled_rope|tangled_rope|rope|tangled_rope	mountain|rope|rope|mountain
correct_latin_kernel__continuity_reading	4	True	-0.00929543553418329	0.30138474988718705	0.3106801854213703	True	False	False	scaffold|scaffold|scaffold|scaffold	scaffold|scaffold|scaffold|scaffold	mountain|rope|rope|mountain
correct_latin_kernel__reconstructionist_reading	4	True	-0.024506148226483216	0.7945597951571295	0.8190659433836127	False	False	False	tangled_rope|tangled_rope|rope|snare	tangled_rope|tangled_rope|rope|snare	mountain|rope|rope|mountain
correct_latin_kernel__reoccupation_reading	4	True	0.06387156647306734	0.7945597951571295	0.7306882286840621	False	False	False	tangled_rope|tangled_rope|naturalized|snare	tangled_rope|tangled_rope|naturalized|snare	mountain|rope|rope|mountain
counterparty_risk_opacity	4	True	0.02386514999188097	0.7945597951571295	0.7706946451652485	False	False	False	naturalized|tangled_rope|naturalized|snare	naturalized|tangled_rope|naturalized|snare	mountain|rope|rope|mountain
creed_381_pneumatology__ecumenical_reunion_reading	4	True	-0.01183055431623328	0.3835805907655109	0.39541114508174413	True	False	False	scaffold|scaffold|scaffold|scaffold	scaffold|scaffold|scaffold|scaffold	mountain|rope|rope|mountain
creed_381_pneumatology__filioque_reading	4	True	-0.04257460606629633	0.7945597951571295	0.8371344012234259	False	False	False	tangled_rope|tangled_rope|rope|snare	tangled_rope|tangled_rope|rope|snare	mountain|rope|rope|mountain
creed_381_pneumatology__monoprocession_reading	4	True	0.3035996784237043	0.7945597951571295	0.4909601167334252	False	False	False	tangled_rope|tangled_rope|naturalized|snare	tangled_rope|tangled_rope|naturalized|snare	mountain|rope|rope|mountain
crustal_hydrogen_availability	4	True	-0.021487682807664568	0.2484043994746921	0.26989208228235667	True	True	False	mountain|rope|rope|mountain	mountain|rope|rope|mountain	mountain|rope|rope|mountain
cryptocurrency_settlement_competition	4	True	-0.024506148226483216	0.7945597951571295	0.8190659433836127	False	False	False	naturalized|tangled_rope|rope|snare	naturalized|tangled_rope|rope|snare	mountain|rope|rope|mountain
cryptographic_key_selection	4	True	-0.009550081247850919	0.11040195532208537	0.11995203656993629	True	True	False	mountain|rope|rope|mountain	mountain|rope|rope|mountain	mountain|rope|rope|mountain
cultural_homogenization_social_media	4	True	-0.024506148226483216	0.7945597951571295	0.8190659433836127	False	False	False	naturalized|tangled_rope|rope|snare	naturalized|tangled_rope|rope|snare	mountain|rope|rope|mountain
cultural_legitimacy_gatekeeping	4	True	-0.021971029444433233	0.7123639542788058	0.734334983723239	False	False	False	tangled_rope|tangled_rope|rope|tangled_rope	tangled_rope|tangled_rope|rope|tangled_rope	mountain|rope|rope|mountain
cultural_property_legal_corpus__indigenous_stewardship_reading	4	True	-0.04991505538807157	0.9315528632876693	0.9814679186757409	False	False	False	snare|snare|rope|snare	snare|snare|rope|snare	mountain|rope|rope|mountain
cultural_property_legal_corpus__sovereign_repatriation_reading	4	True	-0.006976993904379816	0.6575667270265899	0.6645437209309697	False	False	False	tangled_rope|tangled_rope|rope|tangled_rope	tangled_rope|tangled_rope|rope|tangled_rope	mountain|rope|rope|mountain
cultural_property_legal_corpus__universal_heritage_reading	4	True	-0.021971029444433233	0.7123639542788058	0.734334983723239	False	False	False	tangled_rope|tangled_rope|rope|tangled_rope	tangled_rope|tangled_rope|rope|tangled_rope	mountain|rope|rope|mountain
cuny_light_2026	4	True	-0.003380158376066651	0.10959445450443167	0.11297461288049832	True	False	False	scaffold|scaffold|scaffold|scaffold	scaffold|scaffold|scaffold|scaffold	mountain|rope|rope|mountain
currency_depreciation_spiral	4	True	-0.024506148226483216	0.7945597951571295	0.8190659433836127	False	False	False	naturalized|tangled_rope|rope|snare	naturalized|tangled_rope|rope|snare	mountain|rope|rope|mountain
dark_matter_structure_formation_timeline	4	True	-0.014325121871776378	0.16560293298312803	0.1799280548549044	True	True	False	mountain|rope|rope|mountain	mountain|rope|rope|mountain	mountain|rope|rope|mountain
decalogue_image_prohibition__iconoclast_reading	4	True	-0.028731346196566535	0.9315528632876693	0.9602842094842359	False	False	False	tangled_rope|snare|rope|snare	tangled_rope|snare|rope|snare	mountain|rope|rope|mountain
decalogue_image_prohibition__iconodule_reading	4	True	0.03083454933182562	0.3835805907655109	0.35274604143368526	True	False	False	scaffold|scaffold|scaffold|scaffold	scaffold|scaffold|scaffold|scaffold	mountain|rope|rope|mountain
decalogue_image_prohibition__moderate_iconoclast_reading	4	True	-0.021971029444433233	0.7123639542788058	0.734334983723239	False	False	False	tangled_rope|tangled_rope|rope|tangled_rope	tangled_rope|tangled_rope|rope|tangled_rope	mountain|rope|rope|mountain
decentralization_censorship_resistance	4	True	-0.024506148226483216	0.7945597951571295	0.8190659433836127	False	False	False	tangled_rope|tangled_rope|rope|snare	tangled_rope|tangled_rope|rope|snare	mountain|rope|rope|mountain
defense_contractor_vendor_capture	4	True	0.02386514999188097	0.7945597951571295	0.7706946451652485	False	False	False	naturalized|tangled_rope|naturalized|snare	naturalized|tangled_rope|naturalized|snare	mountain|rope|rope|mountain
deferential_realism_ontology__hybrid_pragmatic_reading	4	True	-0.020280950256399904	0.543416791112751	0.5636977413691509	False	False	False	tangled_rope|tangled_rope|rope|tangled_rope	tangled_rope|tangled_rope|rope|tangled_rope	mountain|rope|rope|mountain
deferential_realism_ontology__immutable_diagnostic_reading	4	True	-0.028731346196566535	0.9315528632876693	0.9602842094842359	False	False	False	tangled_rope|snare|rope|snare	tangled_rope|snare|rope|snare	mountain|rope|rope|mountain
deferential_realism_ontology__rhetorical_scaffold_reading	4	True	-0.024506148226483216	0.7945597951571295	0.8190659433836127	False	False	False	unknown|unknown|scaffold|unknown	unknown|unknown|scaffold|unknown	mountain|rope|rope|mountain
deforestation_commons	4	True	0.30588345676674816	0.9315528632876693	0.6256694065209212	False	False	False	tangled_rope|snare|naturalized|snare	tangled_rope|snare|naturalized|snare	mountain|rope|rope|mountain
derivative_work_statutory_boundary__coordination_reading	4	True	-0.007605356346149964	0.24658752263497122	0.2541928789811212	True	False	False	scaffold|scaffold|scaffold|scaffold	scaffold|scaffold|scaffold|scaffold	mountain|rope|rope|mountain
derivative_work_statutory_boundary__enclosure_reading	4	True	-0.028731346196566535	0.9315528632876693	0.9602842094842359	False	False	False	snare|snare|rope|snare	snare|snare|rope|snare	mountain|rope|rope|mountain
derivative_work_statutory_boundary__hybrid_carveout_reading	4	True	-0.020280950256399904	0.6575667270265899	0.6778476772829898	False	False	False	tangled_rope|tangled_rope|rope|tangled_rope	tangled_rope|tangled_rope|rope|tangled_rope	mountain|rope|rope|mountain
developing_nation_debt_sustainability	4	True	-0.024506148226483216	0.7945597951571295	0.8190659433836127	False	False	False	naturalized|tangled_rope|rope|snare	naturalized|tangled_rope|rope|snare	mountain|rope|rope|mountain
dharmasastra_corpus__abolitionist_rejection	4	True	0.1981423749654954	0.9315528632876693	0.7334104883221739	False	False	False	tangled_rope|snare|naturalized|snare	tangled_rope|snare|naturalized|snare	mountain|rope|rope|mountain
dharmasastra_corpus__orthodox_literalist	4	True	-0.028731346196566535	0.9315528632876693	0.9602842094842359	False	False	False	tangled_rope|snare|rope|snare	tangled_rope|snare|rope|snare	mountain|rope|rope|mountain
dharmasastra_corpus__reformist_contextual	4	True	-0.021971029444433233	0.7123639542788058	0.734334983723239	False	False	False	tangled_rope|tangled_rope|rope|tangled_rope	tangled_rope|tangled_rope|rope|tangled_rope	mountain|rope|rope|mountain
digital_identity_standardization	4	True	-0.04257460606629633	0.7945597951571295	0.8371344012234259	False	False	False	naturalized|tangled_rope|rope|snare	naturalized|tangled_rope|rope|snare	mountain|rope|rope|mountain
digital_money_emergence_boundary__conceptualization_reading	4	True	-0.01605575228631659	0.5205736588960505	0.5366294111823671	False	False	False	tangled_rope|tangled_rope|rope|tangled_rope	tangled_rope|tangled_rope|rope|tangled_rope	mountain|rope|rope|mountain
digital_money_emergence_boundary__consumer_holdings_reading	4	True	-0.03903702377530452	0.5753708861482661	0.6144079099235706	False	False	False	tangled_rope|tangled_rope|rope|tangled_rope	tangled_rope|tangled_rope|rope|tangled_rope	mountain|rope|rope|mountain
digital_money_emergence_boundary__infrastructure_reading	4	True	-0.030475336299372657	0.7123639542788058	0.7428392905781784	False	False	False	tangled_rope|tangled_rope|rope|tangled_rope	tangled_rope|tangled_rope|rope|tangled_rope	mountain|rope|rope|mountain
digital_money_origin__consumer_access_reading	4	True	0.3585041330257732	0.5205736588960505	0.16206952587027723	True	False	False	tangled_rope|tangled_rope|tangled_rope|tangled_rope	tangled_rope|tangled_rope|tangled_rope|tangled_rope	mountain|rope|rope|mountain
digital_money_origin__infrastructure_reading	4	True	0.006598571842126536	0.5205736588960505	0.5139750870539239	False	False	False	tangled_rope|tangled_rope|rope|tangled_rope	tangled_rope|tangled_rope|rope|tangled_rope	mountain|rope|rope|mountain
digital_money_origin__peer_to_peer_reading	4	True	-0.024506148226483216	0.7945597951571295	0.8190659433836127	False	False	False	naturalized|tangled_rope|rope|snare	naturalized|tangled_rope|rope|snare	mountain|rope|rope|mountain
dignified_death__autonomy_primary	4	True	-0.021971029444433233	0.7123639542788058	0.734334983723239	False	False	False	tangled_rope|tangled_rope|rope|snare	tangled_rope|tangled_rope|rope|snare	mountain|rope|rope|mountain
dignified_death__relational_autonomy	4	True	-0.01605575228631659	0.5205736588960505	0.5366294111823671	False	False	False	scaffold|scaffold|scaffold|unknown	scaffold|scaffold|scaffold|unknown	mountain|rope|rope|mountain
dignified_death__sanctity_primary	4	True	-0.04257460606629633	0.7945597951571295	0.8371344012234259	False	False	False	naturalized|tangled_rope|rope|snare	naturalized|tangled_rope|rope|snare	mountain|rope|rope|mountain
disability_identity_politics	4	True	-0.021971029444433233	0.7123639542788058	0.734334983723239	False	False	False	tangled_rope|tangled_rope|rope|snare	tangled_rope|tangled_rope|rope|snare	mountain|rope|rope|mountain
disney_openai_ip_exclusivity	4	True	-0.024506148226483216	0.7945597951571295	0.8190659433836127	False	False	False	tangled_rope|tangled_rope|rope|snare	tangled_rope|tangled_rope|rope|snare	mountain|rope|rope|mountain
distributed_system_coherence	4	True	-0.005523453507634021	0.5205736588960505	0.5260971124036845	False	False	False	tangled_rope|tangled_rope|rope|tangled_rope	tangled_rope|tangled_rope|rope|tangled_rope	mountain|rope|rope|mountain
divine_legitimacy_substrate__amun_polytheistic_reading	4	True	-0.020280950256399904	0.6575667270265899	0.6778476772829898	False	False	False	tangled_rope|tangled_rope|rope|tangled_rope	tangled_rope|tangled_rope|rope|tangled_rope	mountain|rope|rope|mountain
divine_legitimacy_substrate__atenist_monotheistic_reading	4	True	-0.009884074697871406	0.9315528632876693	0.9414369379855407	False	False	False	tangled_rope|snare|rope|snare	tangled_rope|snare|rope|snare	mountain|rope|rope|mountain
divine_legitimacy_substrate__enforcement_collapse_mechanism	4	True	-0.024506148226483216	0.7945597951571295	0.8190659433836127	False	False	False	naturalized|tangled_rope|rope|snare	naturalized|tangled_rope|rope|snare	mountain|rope|rope|mountain
divine_legitimacy_substrate__folk_syncretistic_reading	4	True	-0.014788192895291596	0.47947573845688846	0.49426393135218005	False	False	False	scaffold|scaffold|scaffold|unknown	scaffold|scaffold|scaffold|unknown	mountain|rope|rope|mountain
divine_marriage_command__coercion_visibility_reading	4	True	0.010071504390614185	0.7945597951571295	0.7844882907665153	False	False	False	tangled_rope|tangled_rope|naturalized|snare	tangled_rope|tangled_rope|naturalized|snare	mountain|rope|rope|mountain
divine_marriage_command__continuationist_reading	4	True	-0.00843053430112561	0.7945597951571295	0.8029903294582551	False	False	False	tangled_rope|tangled_rope|rope|snare	tangled_rope|tangled_rope|rope|snare	mountain|rope|rope|mountain
divine_marriage_command__substitutionist_reading	4	True	-0.024506148226483216	0.7945597951571295	0.8190659433836127	False	False	False	naturalized|tangled_rope|rope|snare	naturalized|tangled_rope|rope|snare	mountain|rope|rope|mountain
dldr_information_policy	4	True	-0.04257460606629633	0.7945597951571295	0.8371344012234259	False	False	False	tangled_rope|tangled_rope|rope|tangled_rope	tangled_rope|tangled_rope|rope|tangled_rope	mountain|rope|rope|mountain
dollar_gold_convertibility__policy_flexible_reading	4	True	0.009029624626067892	0.7123639542788058	0.7033343296527379	False	False	False	tangled_rope|tangled_rope|naturalized|tangled_rope	rope|rope|rope|rope	mountain|rope|rope|mountain
dollar_gold_convertibility__strict_convertibility_reading	4	True	-0.028731346196566535	0.9315528632876693	0.9602842094842359	False	False	False	snare|snare|rope|snare	snare|snare|rope|snare	mountain|rope|rope|mountain
dollar_gold_convertibility__triffin_structural_reading	4	True	-0.04991505538807157	0.9315528632876693	0.9814679186757409	False	False	False	snare|snare|rope|snare	snare|snare|rope|snare	mountain|rope|rope|mountain
doomsday_clock_metric__hybrid_legitimacy_reading	4	True	-0.021971029444433233	0.7123639542788058	0.734334983723239	False	False	False	tangled_rope|tangled_rope|rope|tangled_rope	tangled_rope|tangled_rope|rope|tangled_rope	mountain|rope|rope|mountain
doomsday_clock_metric__objective_index_reading	4	True	0.010071504390614185	0.7945597951571295	0.7844882907665153	False	False	False	tangled_rope|tangled_rope|naturalized|snare	tangled_rope|tangled_rope|naturalized|snare	mountain|rope|rope|mountain
doomsday_clock_metric__performative_tool_reading	4	True	-0.04257460606629633	0.7945597951571295	0.8371344012234259	False	False	False	tangled_rope|tangled_rope|rope|snare	tangled_rope|tangled_rope|rope|snare	mountain|rope|rope|mountain
dsm_taxonomy_kernel__biomedical_reading	4	True	-0.04991505538807157	0.9315528632876693	0.9814679186757409	False	False	False	tangled_rope|snare|rope|snare	tangled_rope|snare|rope|snare	mountain|rope|rope|mountain
dsm_taxonomy_kernel__critical_psychiatry_reading	4	True	-0.04257460606629633	0.7945597951571295	0.8371344012234259	False	False	False	naturalized|tangled_rope|rope|snare	naturalized|tangled_rope|rope|snare	mountain|rope|rope|mountain
dsm_taxonomy_kernel__neurodiversity_reading	4	True	-0.06320280039811209	0.9315528632876693	0.9947556636857814	False	False	False	snare|snare|rope|snare	snare|snare|rope|snare	mountain|rope|rope|mountain
dueling_disappearance_mechanism__institutional_displacement_reading	4	True	-0.005070237564099976	0.16439168175664748	0.16946191932074745	True	False	False	scaffold|scaffold|scaffold|scaffold	rope|rope|rope|rope	mountain|rope|rope|mountain
dueling_disappearance_mechanism__overdetermined_composite_reading	4	True	-0.038170336473231196	0.7123639542788058	0.750534290752037	False	False	False	tangled_rope|tangled_rope|rope|snare	tangled_rope|tangled_rope|rope|snare	mountain|rope|rope|mountain
ecb_mandate_article_127__climate_incorporation	4	True	0.15152063967949647	0.7123639542788058	0.5608433145993094	False	False	False	tangled_rope|tangled_rope|naturalized|tangled_rope	rope|rope|rope|rope	mountain|rope|rope|mountain
ecb_mandate_article_127__expansive_secondary_objectives	4	True	-0.007558410063078134	0.7123639542788058	0.719922364341884	False	False	False	tangled_rope|tangled_rope|rope|tangled_rope	tangled_rope|tangled_rope|rope|tangled_rope	mountain|rope|rope|mountain
ecb_mandate_article_127__orthodox_price_stability	4	True	-0.024506148226483216	0.7945597951571295	0.8190659433836127	False	False	False	naturalized|tangled_rope|rope|snare	naturalized|tangled_rope|rope|snare	mountain|rope|rope|mountain
ecclesiastical_extraction_collapse	4	True	0.3016	0.7945597951571295	0.4929597951571295	False	False	False	naturalized|tangled_rope|tangled_rope|snare	naturalized|tangled_rope|tangled_rope|snare	mountain|rope|rope|mountain
ecumenical_boundary_shift	4	True	0.009029624626067892	0.7123639542788058	0.7033343296527379	False	False	False	tangled_rope|tangled_rope|naturalized|tangled_rope	rope|rope|rope|rope	mountain|rope|rope|mountain
eidas_digital_identity	4	True	0.009029624626067892	0.7123639542788058	0.7033343296527379	False	False	False	tangled_rope|tangled_rope|naturalized|tangled_rope	rope|rope|rope|rope	mountain|rope|rope|mountain
electronic_money_emergence__became_thinkable_reading	4	True	0.17093487289906514	0.5205736588960505	0.3496387859969853	False	False	False	tangled_rope|tangled_rope|rope|tangled_rope	tangled_rope|tangled_rope|rope|tangled_rope	mountain|rope|rope|mountain
electronic_money_emergence__first_held_reading	4	True	-0.005523453507634021	0.5205736588960505	0.5260971124036845	False	False	False	tangled_rope|tangled_rope|rope|tangled_rope	tangled_rope|tangled_rope|rope|tangled_rope	mountain|rope|rope|mountain
electronic_money_emergence__m4_m5_collapse_reading	4	True	-0.024506148226483216	0.7945597951571295	0.8190659433836127	False	False	False	piton|tangled_rope|rope|snare	piton|tangled_rope|rope|snare	mountain|rope|rope|mountain
elite_identity_capture_2026	4	True	-0.024506148226483216	0.7945597951571295	0.8190659433836127	False	False	False	naturalized|tangled_rope|rope|snare	naturalized|tangled_rope|rope|snare	mountain|rope|rope|mountain
emergency_response_reach	4	True	-0.024506148226483216	0.7945597951571295	0.8190659433836127	False	False	False	scaffold|unknown|scaffold|snare	scaffold|unknown|scaffold|snare	mountain|rope|rope|mountain
emerging_market_debt_trap	4	True	-0.04257460606629633	0.7945597951571295	0.8371344012234259	False	False	False	naturalized|tangled_rope|rope|snare	naturalized|tangled_rope|rope|snare	mountain|rope|rope|mountain
emotional_labor_extraction	4	True	-0.026196227414516545	0.8493570224093454	0.875553249823862	False	False	False	snare|snare|rope|snare	snare|snare|rope|snare	mountain|rope|rope|mountain
end_of_life_authority__autonomy_reading	4	True	-0.024506148226483216	0.7945597951571295	0.8190659433836127	False	False	False	tangled_rope|tangled_rope|rope|snare	tangled_rope|tangled_rope|rope|snare	mountain|rope|rope|mountain
end_of_life_authority__sanctity_reading	4	True	0.4504003215762957	0.7945597951571295	0.34415947358083376	False	False	False	tangled_rope|tangled_rope|tangled_rope|snare	tangled_rope|tangled_rope|tangled_rope|snare	mountain|rope|rope|mountain
end_of_life_decision_authority__autonomy_reading	4	True	0.010071504390614185	0.7945597951571295	0.7844882907665153	False	False	False	tangled_rope|tangled_rope|naturalized|snare	tangled_rope|tangled_rope|naturalized|snare	mountain|rope|rope|mountain
end_of_life_decision_authority__sanctity_reading	4	True	-0.024506148226483216	0.7945597951571295	0.8190659433836127	False	False	False	tangled_rope|tangled_rope|rope|snare	tangled_rope|tangled_rope|rope|snare	mountain|rope|rope|mountain
end_of_life_decision_authority__vulnerability_protection_reading	4	True	-0.024506148226483216	0.7945597951571295	0.8190659433836127	False	False	False	tangled_rope|tangled_rope|rope|tangled_rope	tangled_rope|tangled_rope|rope|tangled_rope	mountain|rope|rope|mountain
enforcement_asymmetry_axis	4	True	-0.04257460606629633	0.7945597951571295	0.8371344012234259	False	False	False	tangled_rope|tangled_rope|rope|snare	tangled_rope|tangled_rope|rope|snare	mountain|rope|rope|mountain
environmental_instability_as_constraint	4	True	-0.007605356346149964	0.24658752263497122	0.2541928789811212	True	True	False	mountain|scaffold|scaffold|mountain	mountain|scaffold|scaffold|mountain	mountain|rope|rope|mountain
equal_protection_clause__anti_subordination_reading	4	True	0.33799999999999997	0.7123639542788058	0.37436395427880587	False	False	False	tangled_rope|tangled_rope|naturalized|tangled_rope	rope|rope|rope|rope	mountain|rope|rope|mountain
equal_protection_clause__colorblind_reading	4	True	-0.01605575228631659	0.5205736588960505	0.5366294111823671	False	False	False	tangled_rope|tangled_rope|rope|tangled_rope	tangled_rope|tangled_rope|rope|tangled_rope	mountain|rope|rope|mountain
equal_protection_clause__diversity_reading	4	True	-0.00929543553418329	0.30138474988718705	0.3106801854213703	True	True	False	unknown|rope|rope|rope	unknown|rope|rope|rope	mountain|rope|rope|mountain
equal_protection_clause__formal_equality_reading	4	True	-0.01605575228631659	0.5205736588960505	0.5366294111823671	False	False	False	tangled_rope|tangled_rope|rope|tangled_rope	tangled_rope|tangled_rope|rope|tangled_rope	mountain|rope|rope|mountain
equal_protection_clause__remedial_reading	4	True	-0.024506148226483216	0.7945597951571295	0.8190659433836127	False	False	False	tangled_rope|tangled_rope|rope|snare	tangled_rope|tangled_rope|rope|snare	mountain|rope|rope|mountain
equal_protection_clause__substantive_equality_reading	4	True	0.3035996784237043	0.7945597951571295	0.4909601167334252	False	False	False	tangled_rope|tangled_rope|naturalized|snare	tangled_rope|tangled_rope|naturalized|snare	mountain|rope|rope|mountain
equal_protection_commitment__colorblind_reading	4	True	-0.017745831474349917	0.5753708861482661	0.5931167176226161	False	False	False	tangled_rope|tangled_rope|rope|tangled_rope	tangled_rope|tangled_rope|rope|tangled_rope	mountain|rope|rope|mountain
equal_protection_commitment__diversity_reading	4	True	-0.01183055431623328	0.3835805907655109	0.39541114508174413	False	False	False	unknown|rope|rope|unknown	unknown|rope|rope|unknown	mountain|rope|rope|mountain
equal_protection_commitment__remedial_reading	4	True	-0.021971029444433233	0.7123639542788058	0.734334983723239	False	False	False	tangled_rope|tangled_rope|rope|tangled_rope	tangled_rope|tangled_rope|rope|tangled_rope	mountain|rope|rope|mountain
equality_clause_scope__expansive_universalist	4	True	-0.01605575228631659	0.5205736588960505	0.5366294111823671	False	False	False	tangled_rope|tangled_rope|rope|tangled_rope	tangled_rope|tangled_rope|rope|tangled_rope	mountain|rope|rope|mountain
equality_clause_scope__progressive_textualist	4	True	-0.01605575228631659	0.5205736588960505	0.5366294111823671	False	False	False	tangled_rope|tangled_rope|rope|tangled_rope	tangled_rope|tangled_rope|rope|tangled_rope	mountain|rope|rope|mountain
equality_clause_scope__restrictive_originalist	4	True	-0.024506148226483216	0.7945597951571295	0.8190659433836127	False	False	False	tangled_rope|tangled_rope|rope|snare	tangled_rope|tangled_rope|rope|snare	mountain|rope|rope|mountain
ergo_nipopows	4	True	-0.021971029444433233	0.7123639542788058	0.734334983723239	False	False	False	tangled_rope|tangled_rope|rope|tangled_rope	tangled_rope|tangled_rope|rope|tangled_rope	mountain|rope|rope|mountain
ergo_utxo_state_bloat_accumulation	4	True	-0.024506148226483216	0.7945597951571295	0.8190659433836127	False	False	False	naturalized|tangled_rope|rope|snare	naturalized|tangled_rope|rope|snare	mountain|rope|rope|mountain
ergodic_decomposition	4	True	-0.009550081247850919	0.11040195532208537	0.11995203656993629	True	True	False	mountain|rope|rope|mountain	mountain|rope|rope|mountain	mountain|rope|rope|mountain
eternal_marriage_covenant__immutable_commandment_reading	4	True	-0.028731346196566535	0.9315528632876693	0.9602842094842359	False	False	False	tangled_rope|snare|rope|snare	tangled_rope|snare|rope|snare	mountain|rope|rope|mountain
eternal_marriage_covenant__prophetic_override_reading	4	True	-0.024506148226483216	0.7945597951571295	0.8190659433836127	False	False	False	naturalized|tangled_rope|rope|snare	naturalized|tangled_rope|rope|snare	mountain|rope|rope|mountain
eternal_marriage_covenant__temporal_accommodation_reading	4	True	-0.01605575228631659	0.5205736588960505	0.5366294111823671	False	False	False	tangled_rope|tangled_rope|rope|tangled_rope	tangled_rope|tangled_rope|rope|tangled_rope	mountain|rope|rope|mountain
eu_council_unanimity__diplomatic_capital_reading	4	True	0.018777443189475496	0.3835805907655109	0.3648031475760354	False	False	False	unknown|rope|rope|unknown	unknown|rope|rope|unknown	mountain|rope|rope|mountain
eu_council_unanimity__sovereignty_guarantor_reading	4	True	-0.013520633504266605	0.4383778180177267	0.45189845152199326	False	False	False	unknown|unknown|rope|unknown	unknown|unknown|rope|unknown	mountain|rope|rope|mountain
eu_council_unanimity__veto_trap_reading	4	True	-0.024506148226483216	0.7945597951571295	0.8190659433836127	False	False	False	tangled_rope|tangled_rope|rope|snare	tangled_rope|tangled_rope|rope|snare	mountain|rope|rope|mountain
exclusion_as_preparation	4	True	-0.021971029444433233	0.7123639542788058	0.734334983723239	False	False	False	tangled_rope|tangled_rope|rope|tangled_rope	tangled_rope|tangled_rope|rope|tangled_rope	mountain|rope|rope|mountain
expert_disempowerment	4	True	-0.021971029444433233	0.7123639542788058	0.734334983723239	False	False	False	tangled_rope|tangled_rope|rope|tangled_rope	tangled_rope|tangled_rope|rope|tangled_rope	mountain|rope|rope|mountain
expertise_specialization_trap	4	True	-0.007849118142427293	0.7397625679049138	0.7476116860473411	False	False	False	naturalized|tangled_rope|rope|snare	naturalized|tangled_rope|rope|snare	mountain|rope|rope|mountain
export_proliferation_pathway	4	True	0.13986520585799672	0.6575667270265899	0.5177015211685931	False	False	False	naturalized|tangled_rope|naturalized|tangled_rope	rope|rope|rope|rope	mountain|rope|rope|mountain
fair_use_four_factor_test__creator_centric_reading	4	True	0.09186683736905867	0.7945597951571295	0.7026929577880708	False	False	False	naturalized|tangled_rope|naturalized|snare	naturalized|tangled_rope|naturalized|snare	mountain|rope|rope|mountain
fair_use_four_factor_test__transformative_use_reading	4	True	0.4905846030879002	0.7123639542788058	0.22177935119090564	True	False	False	tangled_rope|tangled_rope|tangled_rope|tangled_rope	rope|rope|rope|rope	mountain|rope|rope|mountain
fair_use_four_factor_test__user_centric_reading	4	True	-0.014788192895291596	0.47947573845688846	0.49426393135218005	False	False	False	tangled_rope|tangled_rope|rope|tangled_rope	tangled_rope|tangled_rope|rope|tangled_rope	mountain|rope|rope|mountain
fair_use_statutory_exception__market_licensing_reading	4	True	-0.03295654416664985	1.0685459314182089	1.1015024755848588	False	False	False	tangled_rope|snare|rope|snare	tangled_rope|snare|rope|snare	mountain|rope|rope|mountain
fair_use_statutory_exception__narrow_defense_reading	4	True	-0.00843053430112561	0.7945597951571295	0.8029903294582551	False	False	False	naturalized|tangled_rope|rope|snare	naturalized|tangled_rope|rope|snare	mountain|rope|rope|mountain
fair_use_statutory_exception__transformative_right_reading	4	True	-0.01605575228631659	0.5205736588960505	0.5366294111823671	False	False	False	tangled_rope|tangled_rope|rope|tangled_rope	tangled_rope|tangled_rope|rope|tangled_rope	mountain|rope|rope|mountain
family_law_authority__communal_autonomy_reading	4	True	-0.019013390865374912	0.6164688065874281	0.635482197452803	False	False	False	tangled_rope|tangled_rope|rope|tangled_rope	tangled_rope|tangled_rope|rope|tangled_rope	mountain|rope|rope|mountain
family_law_authority__constitutional_supremacy_reading	4	True	-0.013520633504266605	0.4383778180177267	0.45189845152199326	False	False	False	unknown|tangled_rope|rope|tangled_rope	unknown|tangled_rope|rope|tangled_rope	mountain|rope|rope|mountain
family_law_authority__hybrid_accommodation_reading	4	True	0.06772775381808446	0.47947573845688846	0.411747984638804	False	False	False	tangled_rope|tangled_rope|rope|tangled_rope	tangled_rope|tangled_rope|rope|tangled_rope	mountain|rope|rope|mountain
fb_creator_monetization_indonesia	4	True	0.06387156647306734	0.7945597951571295	0.7306882286840621	False	False	False	tangled_rope|tangled_rope|naturalized|snare	tangled_rope|tangled_rope|naturalized|snare	mountain|rope|rope|mountain
federation_membership__integration_reading	4	True	0.23391087870398386	0.7123639542788058	0.478453075574822	False	False	False	tangled_rope|tangled_rope|naturalized|tangled_rope	rope|rope|rope|rope	mountain|rope|rope|mountain
federation_membership__sovereignty_reading	4	True	-0.024506148226483216	0.7945597951571295	0.8190659433836127	False	False	False	tangled_rope|tangled_rope|rope|snare	tangled_rope|tangled_rope|rope|snare	mountain|rope|rope|mountain
federation_membership_kernel__integration_reading	4	True	0.010071504390614185	0.7945597951571295	0.7844882907665153	False	False	False	naturalized|tangled_rope|naturalized|snare	naturalized|tangled_rope|naturalized|snare	mountain|rope|rope|mountain
federation_membership_kernel__member_sovereignty_reading	4	True	0.16900379041174604	0.7945597951571295	0.6255560047453834	False	False	False	naturalized|tangled_rope|naturalized|snare	naturalized|tangled_rope|naturalized|snare	mountain|rope|rope|mountain
federation_membership_kernel__welfare_coordination_reading	4	True	-0.021971029444433233	0.7123639542788058	0.734334983723239	False	False	False	tangled_rope|tangled_rope|rope|tangled_rope	tangled_rope|tangled_rope|rope|tangled_rope	mountain|rope|rope|mountain
federation_membership_obligations__integration_primary	4	True	-0.020280950256399904	0.6575667270265899	0.6778476772829898	False	False	False	naturalized|tangled_rope|rope|tangled_rope	naturalized|tangled_rope|rope|tangled_rope	mountain|rope|rope|mountain
federation_membership_obligations__member_sovereignty_primary	4	True	0.4038071848615065	0.7123639542788058	0.3085567694172993	True	False	False	tangled_rope|tangled_rope|tangled_rope|tangled_rope	rope|rope|rope|rope	mountain|rope|rope|mountain
federation_membership_obligations__selective_solidarity	4	True	-0.024506148226483216	0.7945597951571295	0.8190659433836127	False	False	False	naturalized|tangled_rope|rope|snare	naturalized|tangled_rope|rope|snare	mountain|rope|rope|mountain
federation_membership_treaty__integration_primary	4	True	0.2704	0.7123639542788058	0.44196395427880586	False	False	False	naturalized|tangled_rope|tangled_rope|snare	naturalized|tangled_rope|tangled_rope|snare	mountain|rope|rope|mountain
federation_membership_treaty__sovereignty_primary	4	True	0.09186683736905867	0.7945597951571295	0.7026929577880708	False	False	False	tangled_rope|tangled_rope|naturalized|snare	tangled_rope|tangled_rope|naturalized|snare	mountain|rope|rope|mountain
federation_membership_treaty__subsidiarity_balance	4	True	0.11072662130424742	0.5205736588960505	0.409847037591803	False	False	False	tangled_rope|tangled_rope|rope|tangled_rope	tangled_rope|tangled_rope|rope|tangled_rope	mountain|rope|rope|mountain
feud_obligation_kernel__christianized_pacification_reading	4	True	-0.024506148226483216	0.7945597951571295	0.8190659433836127	False	False	False	tangled_rope|tangled_rope|rope|snare	tangled_rope|tangled_rope|rope|snare	mountain|rope|rope|mountain
feud_obligation_kernel__extraction_cycle_reading	4	True	-0.024506148226483216	0.7945597951571295	0.8190659433836127	False	False	False	naturalized|tangled_rope|rope|snare	naturalized|tangled_rope|rope|snare	mountain|rope|rope|mountain
feud_obligation_kernel__stateless_coordination_reading	4	True	-0.014788192895291596	0.47947573845688846	0.49426393135218005	False	False	False	tangled_rope|tangled_rope|rope|tangled_rope	tangled_rope|tangled_rope|rope|tangled_rope	mountain|rope|rope|mountain
feudal_oath_reciprocity__ecclesiastical_mediation_reading	4	True	-0.017745831474349917	0.5753708861482661	0.5931167176226161	False	False	False	tangled_rope|tangled_rope|rope|tangled_rope	tangled_rope|tangled_rope|rope|tangled_rope	mountain|rope|rope|mountain
feudal_oath_reciprocity__lord_extraction_reading	4	True	-0.028731346196566535	0.9315528632876693	0.9602842094842359	False	False	False	snare|snare|rope|snare	snare|snare|rope|snare	mountain|rope|rope|mountain
feudal_oath_reciprocity__vassal_coordination_reading	4	True	-0.007605356346149964	0.24658752263497122	0.2541928789811212	True	False	False	scaffold|scaffold|scaffold|scaffold	scaffold|scaffold|scaffold|scaffold	mountain|rope|rope|mountain
fifth_republic_constitution__cohabitation_equilibrium_reading	4	True	0.13986520585799672	0.6575667270265899	0.5177015211685931	False	False	False	tangled_rope|tangled_rope|naturalized|tangled_rope	rope|rope|rope|rope	mountain|rope|rope|mountain
fifth_republic_constitution__hyper_presidential_reading	4	True	-0.039852362853025784	0.9315528632876693	0.971405226140695	False	False	False	tangled_rope|snare|rope|snare	tangled_rope|snare|rope|snare	mountain|rope|rope|mountain
fifth_republic_constitution__parliamentary_constraint_reading	4	True	-0.01183055431623328	0.3835805907655109	0.39541114508174413	True	False	False	scaffold|scaffold|scaffold|scaffold	scaffold|scaffold|scaffold|scaffold	mountain|rope|rope|mountain
filter_bubble_closure	4	True	-0.024506148226483216	0.7945597951571295	0.8190659433836127	False	False	False	naturalized|tangled_rope|rope|snare	naturalized|tangled_rope|rope|snare	mountain|rope|rope|mountain
financialization_drag	4	True	-0.024506148226483216	0.7945597951571295	0.8190659433836127	False	False	False	naturalized|tangled_rope|rope|snare	naturalized|tangled_rope|rope|snare	mountain|rope|rope|mountain
finite_group_classification	4	True	-0.0023875203119627297	0.027600488830521342	0.029988009142484073	True	True	False	mountain|rope|rope|mountain	mountain|rope|rope|mountain	mountain|rope|rope|mountain
first_amendment_speech_protection__absolutist_reading	4	True	-0.021971029444433233	0.7123639542788058	0.734334983723239	False	False	False	naturalized|tangled_rope|rope|snare	naturalized|tangled_rope|rope|snare	mountain|rope|rope|mountain
first_amendment_speech_protection__categorical_balancing_reading	4	True	-0.04257460606629633	0.7945597951571295	0.8371344012234259	False	False	False	naturalized|tangled_rope|rope|snare	naturalized|tangled_rope|rope|snare	mountain|rope|rope|mountain
first_amendment_speech_protection__harm_limited_reading	4	True	0.3035996784237043	0.7945597951571295	0.4909601167334252	False	False	False	tangled_rope|tangled_rope|naturalized|tangled_rope	tangled_rope|tangled_rope|naturalized|tangled_rope	mountain|rope|rope|mountain
fisa_702_statutory_text__constitutional_floor_reading	4	True	-0.05457513908790348	0.9315528632876693	0.9861280023755727	False	False	False	snare|snare|rope|snare	snare|snare|rope|snare	mountain|rope|rope|mountain
fisa_702_statutory_text__foreign_target_strict_reading	4	True	-0.007605356346149964	0.24658752263497122	0.2541928789811212	True	False	False	scaffold|scaffold|scaffold|scaffold	scaffold|scaffold|scaffold|scaffold	mountain|rope|rope|mountain
fisa_702_statutory_text__incidental_collection_reading	4	True	-0.04461374145749088	0.6575667270265899	0.7021804684840808	False	False	False	tangled_rope|tangled_rope|rope|tangled_rope	tangled_rope|tangled_rope|rope|tangled_rope	mountain|rope|rope|mountain
fiscal_federalism_absence	4	True	-0.00843053430112561	0.7945597951571295	0.8029903294582551	False	False	False	tangled_rope|tangled_rope|rope|snare	tangled_rope|tangled_rope|rope|snare	mountain|rope|rope|mountain
foreign_pressure_catalyst	4	True	0.5651802690394981	0.7855243903535626	0.22034412131406445	True	False	False	tangled_rope|tangled_rope|tangled_rope|tangled_rope	rope|rope|rope|rope	mountain|rope|rope|mountain
fork_mechanical_substitution	4	True	-0.01605575228631659	0.5205736588960505	0.5366294111823671	False	False	False	tangled_rope|tangled_rope|rope|tangled_rope	tangled_rope|tangled_rope|rope|tangled_rope	mountain|rope|rope|mountain
fourteenth_amendment_equal_protection__anti_caste_reading	4	True	-0.033991721256992576	0.7945597951571295	0.8285515164141221	False	False	False	tangled_rope|tangled_rope|rope|snare	tangled_rope|tangled_rope|rope|snare	mountain|rope|rope|mountain
fourteenth_amendment_equal_protection__formal_equality_reading	4	True	0.2950898658603317	0.5205736588960505	0.22548379303571875	False	False	False	tangled_rope|tangled_rope|rope|tangled_rope	tangled_rope|tangled_rope|rope|tangled_rope	mountain|rope|rope|mountain
fourteenth_amendment_equal_protection__judicial_interpretive_drift	4	True	-0.00843053430112561	0.7945597951571295	0.8029903294582551	False	False	False	tangled_rope|tangled_rope|rope|snare	tangled_rope|tangled_rope|rope|snare	mountain|rope|rope|mountain
franchisee_corporate_squeeze	4	True	-0.04257460606629633	0.7945597951571295	0.8371344012234259	False	False	False	tangled_rope|tangled_rope|rope|snare	tangled_rope|tangled_rope|rope|snare	mountain|rope|rope|mountain
french_presidential_authority	4	True	-0.021971029444433233	0.7123639542788058	0.734334983723239	False	False	False	tangled_rope|tangled_rope|rope|tangled_rope	tangled_rope|tangled_rope|rope|tangled_rope	mountain|rope|rope|mountain
gaza_evacuation_route_accessibility	4	True	-0.04991505538807157	0.9315528632876693	0.9814679186757409	False	False	False	tangled_rope|snare|rope|snare	tangled_rope|snare|rope|snare	mountain|rope|rope|mountain
gdpr_article_3_scope__effects_jurisdiction_reading	4	True	-0.026196227414516545	0.8493570224093454	0.875553249823862	False	False	False	snare|snare|rope|snare	snare|snare|rope|snare	mountain|rope|rope|mountain
gdpr_article_3_scope__market_access_reading	4	True	-0.027893707422745877	0.5205736588960505	0.5484673663187963	False	False	False	tangled_rope|tangled_rope|rope|tangled_rope	tangled_rope|tangled_rope|rope|tangled_rope	mountain|rope|rope|mountain
gdpr_article_3_scope__territorial_sovereignty_reading	4	True	-0.024506148226483216	0.7945597951571295	0.8190659433836127	False	False	False	tangled_rope|tangled_rope|rope|snare	tangled_rope|tangled_rope|rope|snare	mountain|rope|rope|mountain
gdpr_enforcement_structure	4	True	0.08236337143432847	0.7123639542788058	0.6300005828444774	False	False	False	tangled_rope|tangled_rope|naturalized|snare	tangled_rope|tangled_rope|naturalized|snare	mountain|rope|rope|mountain
gelassenheit_separation__artifact_reading	4	True	-0.028731346196566535	0.9315528632876693	0.9602842094842359	False	False	False	snare|snare|rope|snare	snare|snare|rope|snare	mountain|rope|rope|mountain
gelassenheit_separation__consequence_reading	4	True	-0.01183055431623328	0.3835805907655109	0.39541114508174413	False	False	False	unknown|rope|rope|unknown	unknown|rope|rope|unknown	mountain|rope|rope|mountain
gelassenheit_separation__principle_reading	4	True	-0.01875405310730625	0.4383778180177267	0.45713187112503295	False	False	False	unknown|tangled_rope|rope|tangled_rope	unknown|tangled_rope|rope|tangled_rope	mountain|rope|rope|mountain
gendered_category_membership__biological_sex_reading	4	True	0.011807970664858013	0.9315528632876693	0.9197448926228112	False	False	False	tangled_rope|snare|naturalized|snare	tangled_rope|snare|naturalized|snare	mountain|rope|rope|mountain
gendered_category_membership__gender_identity_reading	4	True	-0.020280950256399904	0.6575667270265899	0.6778476772829898	False	False	False	tangled_rope|tangled_rope|rope|tangled_rope	tangled_rope|tangled_rope|rope|tangled_rope	mountain|rope|rope|mountain
gendered_category_membership__social_role_reading	4	True	-0.01605575228631659	0.5205736588960505	0.5366294111823671	False	False	False	tangled_rope|rope|rope|tangled_rope	tangled_rope|rope|rope|tangled_rope	mountain|rope|rope|mountain
genesis_creation_cosmology__institutional_enforcement	4	True	-0.04257460606629633	0.7945597951571295	0.8371344012234259	False	False	False	tangled_rope|tangled_rope|rope|snare	tangled_rope|tangled_rope|rope|snare	mountain|rope|rope|mountain
genesis_creation_cosmology__literary_framework	4	True	-0.013520633504266605	0.4383778180177267	0.45189845152199326	False	False	False	unknown|rope|rope|tangled_rope	unknown|rope|rope|tangled_rope	mountain|rope|rope|mountain
genesis_creation_cosmology__theistic_evolution	4	True	-0.01605575228631659	0.5205736588960505	0.5366294111823671	False	False	False	tangled_rope|tangled_rope|rope|tangled_rope	tangled_rope|tangled_rope|rope|tangled_rope	mountain|rope|rope|mountain
genesis_creation_cosmology__young_earth_literal	4	True	-0.04991505538807157	0.9315528632876693	0.9814679186757409	False	False	False	tangled_rope|snare|rope|snare	tangled_rope|snare|rope|snare	mountain|rope|rope|mountain
genesis_creation_narrative__allegorical_ancient_near_east	4	True	-0.01183055431623328	0.3835805907655109	0.39541114508174413	True	False	False	scaffold|scaffold|scaffold|scaffold	scaffold|scaffold|scaffold|scaffold	mountain|rope|rope|mountain
genesis_creation_narrative__literal_young_earth	4	True	0.010071504390614185	0.7945597951571295	0.7844882907665153	False	False	False	naturalized|tangled_rope|naturalized|snare	naturalized|tangled_rope|naturalized|snare	mountain|rope|rope|mountain
genesis_creation_narrative__theistic_evolutionary	4	True	-0.01605575228631659	0.5205736588960505	0.5366294111823671	False	False	False	tangled_rope|rope|rope|tangled_rope	tangled_rope|rope|rope|tangled_rope	mountain|rope|rope|mountain
geneva_conventions_1949__conditional_reciprocity_reading	4	True	0.17115267407270746	0.6575667270265899	0.48641405295388246	False	False	False	naturalized|tangled_rope|naturalized|tangled_rope	rope|rope|rope|rope	mountain|rope|rope|mountain
geneva_conventions_1949__humanitarian_ceiling_reading	4	True	-0.028731346196566535	0.9315528632876693	0.9602842094842359	False	False	False	tangled_rope|snare|rope|snare	tangled_rope|snare|rope|snare	mountain|rope|rope|mountain
geneva_conventions_1949__security_maximization_reading	4	True	-0.028731346196566535	0.9315528632876693	0.9602842094842359	False	False	False	tangled_rope|snare|rope|snare	tangled_rope|snare|rope|snare	mountain|rope|rope|mountain
geneva_conventions_protective_scope__hybrid_proportionality_reading	4	True	-0.00843053430112561	0.7945597951571295	0.8029903294582551	False	False	False	naturalized|tangled_rope|rope|snare	naturalized|tangled_rope|rope|snare	mountain|rope|rope|mountain
geneva_conventions_protective_scope__state_centric_reading	4	True	-0.021971029444433233	0.7123639542788058	0.734334983723239	False	False	False	naturalized|tangled_rope|rope|snare	naturalized|tangled_rope|rope|snare	mountain|rope|rope|mountain
geneva_conventions_protective_scope__universal_rights_reading	4	True	0.37141788944014137	0.8493570224093454	0.47793913296920404	True	False	False	tangled_rope|tangled_rope|tangled_rope|tangled_rope	tangled_rope|tangled_rope|tangled_rope|tangled_rope	mountain|rope|rope|mountain
geopolitical_alliance_fragmentation	4	True	-0.021971029444433233	0.7123639542788058	0.734334983723239	False	False	False	tangled_rope|tangled_rope|rope|tangled_rope	tangled_rope|tangled_rope|rope|tangled_rope	mountain|rope|rope|mountain
geopolitical_mineral_dependency	4	True	-0.024506148226483216	0.7945597951571295	0.8190659433836127	False	False	False	tangled_rope|tangled_rope|rope|snare	tangled_rope|tangled_rope|rope|snare	mountain|rope|rope|mountain
gig_economy_emergence_as_exit_mechanism	4	True	-0.024506148226483216	0.7945597951571295	0.8190659433836127	False	False	False	tangled_rope|tangled_rope|rope|tangled_rope	tangled_rope|tangled_rope|rope|tangled_rope	mountain|rope|rope|mountain
gita_kurukshetra_discourse__gandhian_allegorical_reading	4	True	-0.021971029444433233	0.7123639542788058	0.734334983723239	False	False	False	naturalized|tangled_rope|rope|snare	naturalized|tangled_rope|rope|snare	mountain|rope|rope|mountain
gita_kurukshetra_discourse__orthodox_literal_reading	4	True	-0.04991505538807157	0.9315528632876693	0.9814679186757409	False	False	False	tangled_rope|snare|rope|snare	tangled_rope|snare|rope|snare	mountain|rope|rope|mountain
gita_kurukshetra_discourse__universalist_devotional_reading	4	True	-0.021971029444433233	0.7123639542788058	0.734334983723239	False	False	False	tangled_rope|tangled_rope|rope|tangled_rope	tangled_rope|tangled_rope|rope|tangled_rope	mountain|rope|rope|mountain
global_oil_supply_stability	4	True	-0.00843053430112561	0.7945597951571295	0.8029903294582551	False	False	False	naturalized|tangled_rope|rope|snare	naturalized|tangled_rope|rope|snare	mountain|rope|rope|mountain
global_south_coalitional_power	4	True	0.16026221504562127	0.7534618747179678	0.5931996596723466	False	False	False	naturalized|tangled_rope|naturalized|snare	naturalized|tangled_rope|naturalized|snare	mountain|rope|rope|mountain
gold_fiat_transition_mechanism__automatic_constraint_reading	4	True	-0.04257460606629633	0.7945597951571295	0.8371344012234259	False	False	False	tangled_rope|tangled_rope|rope|tangled_rope	tangled_rope|tangled_rope|rope|tangled_rope	mountain|rope|rope|mountain
gold_fiat_transition_mechanism__composite_overdetermination_reading	4	True	-0.01605575228631659	0.5205736588960505	0.5366294111823671	False	False	False	tangled_rope|tangled_rope|rope|tangled_rope	tangled_rope|tangled_rope|rope|tangled_rope	mountain|rope|rope|mountain
gold_fiat_transition_mechanism__creditor_discipline_reading	4	True	-0.028731346196566535	0.9315528632876693	0.9602842094842359	False	False	False	snare|snare|rope|snare	snare|snare|rope|snare	mountain|rope|rope|mountain
gold_fomo_cycle	4	True	-0.024506148226483216	0.7945597951571295	0.8190659433836127	False	False	False	tangled_rope|tangled_rope|rope|snare	tangled_rope|tangled_rope|rope|snare	mountain|rope|rope|mountain
goodharts_law_metric_targeting	4	True	-0.024506148226483216	0.7945597951571295	0.8190659433836127	False	False	False	tangled_rope|tangled_rope|rope|tangled_rope	tangled_rope|tangled_rope|rope|tangled_rope	mountain|rope|rope|mountain
google_universal_commerce_protocol	4	True	-0.038170336473231196	0.7123639542788058	0.750534290752037	False	False	False	tangled_rope|tangled_rope|rope|tangled_rope	tangled_rope|tangled_rope|rope|tangled_rope	mountain|rope|rope|mountain
gpl_copyleft_scope__enforcement_vacuum_reading	4	True	-0.014788192895291596	0.47947573845688846	0.49426393135218005	False	False	False	tangled_rope|tangled_rope|rope|tangled_rope	tangled_rope|tangled_rope|rope|tangled_rope	mountain|rope|rope|mountain
gpl_copyleft_scope__narrow_scope_reading	4	True	-0.01605575228631659	0.5205736588960505	0.5366294111823671	False	False	False	tangled_rope|tangled_rope|rope|tangled_rope	tangled_rope|tangled_rope|rope|tangled_rope	mountain|rope|rope|mountain
gpl_copyleft_scope__strong_copyleft_reading	4	True	-0.04991505538807157	0.9315528632876693	0.9814679186757409	False	False	False	snare|snare|rope|snare	snare|snare|rope|snare	mountain|rope|rope|mountain
gpl_derivative_work_trigger__broad_copyleft_reading	4	True	0.2704	0.7123639542788058	0.44196395427880586	False	False	False	naturalized|tangled_rope|tangled_rope|snare	naturalized|tangled_rope|tangled_rope|snare	mountain|rope|rope|mountain
gpl_derivative_work_trigger__interface_boundary_reading	4	True	-0.01605575228631659	0.5205736588960505	0.5366294111823671	False	False	False	scaffold|scaffold|scaffold|tangled_rope	scaffold|scaffold|scaffold|tangled_rope	mountain|rope|rope|mountain
gpl_derivative_work_trigger__narrow_linking_permissive_reading	4	True	0.46676017470360315	0.7123639542788058	0.24560377957520269	False	False	False	tangled_rope|tangled_rope|tangled_rope|snare	tangled_rope|tangled_rope|tangled_rope|snare	mountain|rope|rope|mountain
gpl_reciprocity_obligation__copyleft_as_commons_reading	4	True	-0.020280950256399904	0.6575667270265899	0.6778476772829898	False	False	False	tangled_rope|tangled_rope|rope|tangled_rope	tangled_rope|tangled_rope|rope|tangled_rope	mountain|rope|rope|mountain
gpl_reciprocity_obligation__copyleft_as_freedom_reading	4	True	-0.013520633504266605	0.4383778180177267	0.45189845152199326	False	False	False	unknown|tangled_rope|rope|tangled_rope	unknown|tangled_rope|rope|tangled_rope	mountain|rope|rope|mountain
gpl_reciprocity_obligation__copyleft_as_restriction_reading	4	True	-0.026196227414516545	0.8493570224093454	0.875553249823862	False	False	False	snare|snare|rope|snare	snare|snare|rope|snare	mountain|rope|rope|mountain
gpu_semiconductor_supply	4	True	0.038896132321056376	0.7945597951571295	0.7556636628360731	False	False	False	naturalized|tangled_rope|naturalized|snare	naturalized|tangled_rope|naturalized|snare	mountain|rope|rope|mountain
hagia_sophia_substrate__islamic_sovereignty_reading	4	True	-0.021971029444433233	0.7123639542788058	0.734334983723239	False	False	False	tangled_rope|tangled_rope|rope|tangled_rope	tangled_rope|tangled_rope|rope|tangled_rope	mountain|rope|rope|mountain
hagia_sophia_substrate__orthodox_restitution_reading	4	True	0.21839999999999998	0.3331654506681744	0.1147654506681744	True	True	False	unknown|rope|rope|rope	unknown|rope|rope|rope	mountain|rope|rope|mountain
hagia_sophia_substrate__universal_heritage_reading	4	True	-0.021971029444433233	0.7123639542788058	0.734334983723239	False	False	False	tangled_rope|tangled_rope|rope|tangled_rope	tangled_rope|tangled_rope|rope|tangled_rope	mountain|rope|rope|mountain
hebrew_continuity__bridge_pidginized	4	True	-0.021971029444433233	0.7123639542788058	0.734334983723239	False	False	False	tangled_rope|tangled_rope|rope|tangled_rope	tangled_rope|tangled_rope|rope|tangled_rope	mountain|rope|rope|mountain
hebrew_continuity__liturgical_preservation	4	True	-0.01605575228631659	0.5205736588960505	0.5366294111823671	False	False	False	tangled_rope|tangled_rope|rope|tangled_rope	tangled_rope|tangled_rope|rope|tangled_rope	mountain|rope|rope|mountain
hebrew_continuity__native_generative	4	True	-0.024506148226483216	0.7945597951571295	0.8190659433836127	False	False	False	naturalized|tangled_rope|rope|snare	naturalized|tangled_rope|rope|snare	mountain|rope|rope|mountain
hebrew_linguistic_life__liturgical_preservation_reading	4	True	-0.01605575228631659	0.5205736588960505	0.5366294111823671	False	False	False	tangled_rope|tangled_rope|rope|tangled_rope	tangled_rope|tangled_rope|rope|tangled_rope	mountain|rope|rope|mountain
hebrew_linguistic_life__marketplace_pidgin_reading	4	True	0.4130163504519409	0.5205736588960505	0.10755730844410955	True	False	False	tangled_rope|tangled_rope|tangled_rope|tangled_rope	tangled_rope|tangled_rope|tangled_rope|tangled_rope	mountain|rope|rope|mountain
hebrew_linguistic_life__native_generational_reading	4	True	-0.024506148226483216	0.7945597951571295	0.8190659433836127	False	False	False	naturalized|tangled_rope|rope|snare	naturalized|tangled_rope|rope|snare	mountain|rope|rope|mountain
hebrew_living_language__hybrid_continuity_reading	4	True	0.00833503811637036	0.6575667270265899	0.6492316889102195	False	False	False	tangled_rope|tangled_rope|naturalized|tangled_rope	rope|rope|rope|rope	mountain|rope|rope|mountain
hebrew_living_language__liturgical_preservation_reading	4	True	-0.007605356346149964	0.24658752263497122	0.2541928789811212	True	False	False	scaffold|scaffold|scaffold|scaffold	scaffold|scaffold|scaffold|scaffold	mountain|rope|rope|mountain
hebrew_living_language__native_vernacular_reading	4	True	-0.020280950256399904	0.6575667270265899	0.6778476772829898	False	False	False	naturalized|tangled_rope|rope|tangled_rope	naturalized|tangled_rope|rope|tangled_rope	mountain|rope|rope|mountain
herem_command_dt7__allegorical_displacement_reading	4	True	-0.003380158376066651	0.10959445450443167	0.11297461288049832	True	False	False	scaffold|scaffold|scaffold|scaffold	rope|rope|rope|rope	mountain|rope|rope|mountain
herem_command_dt7__contextual_supersession_reading	4	True	-0.027893707422745877	0.5205736588960505	0.5484673663187963	False	False	False	tangled_rope|tangled_rope|rope|tangled_rope	tangled_rope|tangled_rope|rope|tangled_rope	mountain|rope|rope|mountain
herem_command_dt7__durable_separation_reading	4	True	0.1981423749654954	0.9315528632876693	0.7334104883221739	False	False	False	tangled_rope|snare|naturalized|snare	tangled_rope|snare|naturalized|snare	mountain|rope|rope|mountain
hiring_discrimination_automation	4	True	0.35359999999999997	0.9315528632876693	0.5779528632876694	False	False	False	tangled_rope|snare|snare|snare	tangled_rope|snare|snare|snare	mountain|rope|rope|mountain
historical_treaty_substrate__extinguishment_reading	4	True	-0.028731346196566535	0.9315528632876693	0.9602842094842359	False	False	False	snare|snare|rope|snare	snare|snare|rope|snare	mountain|rope|rope|mountain
historical_treaty_substrate__nation_to_nation_reading	4	True	0.11072662130424742	0.5205736588960505	0.409847037591803	False	False	False	tangled_rope|tangled_rope|rope|tangled_rope	tangled_rope|tangled_rope|rope|tangled_rope	mountain|rope|rope|mountain
historical_treaty_substrate__stewardship_reading	4	True	0.2950898658603317	0.5205736588960505	0.22548379303571875	False	False	False	tangled_rope|tangled_rope|rope|tangled_rope	tangled_rope|tangled_rope|rope|tangled_rope	mountain|rope|rope|mountain
hoa_covenant_scope__behavioral_control_reading	4	True	-0.020280950256399904	0.6575667270265899	0.6778476772829898	False	False	False	naturalized|tangled_rope|rope|tangled_rope	naturalized|tangled_rope|rope|tangled_rope	mountain|rope|rope|mountain
hoa_covenant_scope__coordination_reading	4	True	-0.005070237564099976	0.16439168175664748	0.16946191932074745	True	False	False	scaffold|scaffold|scaffold|scaffold	rope|rope|rope|rope	mountain|rope|rope|mountain
hoa_covenant_scope__extraction_reading	4	True	-0.026196227414516545	0.8493570224093454	0.875553249823862	False	False	False	snare|snare|rope|snare	snare|snare|rope|snare	mountain|rope|rope|mountain
homoousios_christology__arian_reading	4	True	-0.024506148226483216	0.7945597951571295	0.8190659433836127	False	False	False	tangled_rope|tangled_rope|rope|snare	tangled_rope|tangled_rope|rope|snare	mountain|rope|rope|mountain
homoousios_christology__pro_nicene_reading	4	True	-0.024506148226483216	0.7945597951571295	0.8190659433836127	False	False	False	tangled_rope|tangled_rope|rope|snare	tangled_rope|tangled_rope|rope|snare	mountain|rope|rope|mountain
homoousios_christology__semi_arian_reading	4	True	-0.01605575228631659	0.5205736588960505	0.5366294111823671	False	False	False	tangled_rope|tangled_rope|rope|tangled_rope	tangled_rope|tangled_rope|rope|tangled_rope	mountain|rope|rope|mountain
homoousios_nicene__honorific_similarity_reading	4	True	-0.021971029444433233	0.7123639542788058	0.734334983723239	False	False	False	naturalized|tangled_rope|rope|snare	naturalized|tangled_rope|rope|snare	mountain|rope|rope|mountain
homoousios_nicene__metaphysical_equality_reading	4	True	0.010071504390614185	0.7945597951571295	0.7844882907665153	False	False	False	naturalized|tangled_rope|naturalized|snare	naturalized|tangled_rope|naturalized|snare	mountain|rope|rope|mountain
homoousios_nicene__subordinationist_reading	4	True	-0.01605575228631659	0.5425837339453126	0.5586394862316292	False	False	False	tangled_rope|tangled_rope|rope|tangled_rope	tangled_rope|tangled_rope|rope|tangled_rope	mountain|rope|rope|mountain
hong_kong_press_freedom_suppression	4	True	-0.009884074697871406	0.9315528632876693	0.9414369379855407	False	False	False	tangled_rope|snare|rope|snare	tangled_rope|snare|rope|snare	mountain|rope|rope|mountain
honor_satisfaction_mechanism__composite_reading	4	True	-0.024506148226483216	0.7945597951571295	0.8190659433836127	False	False	False	naturalized|tangled_rope|rope|snare	naturalized|tangled_rope|rope|snare	mountain|rope|rope|mountain
honor_satisfaction_mechanism__contraction_reading	4	True	-0.009550081247850919	0.11040195532208537	0.11995203656993629	True	True	False	mountain|rope|rope|mountain	mountain|rope|rope|mountain	mountain|rope|rope|mountain
honor_satisfaction_mechanism__decline_reading	4	True	-0.005523453507634021	0.5205736588960505	0.5260971124036845	False	False	False	tangled_rope|tangled_rope|rope|tangled_rope	tangled_rope|tangled_rope|rope|tangled_rope	mountain|rope|rope|mountain
honor_satisfaction_substrate__composite_overdetermined_reading	4	True	-0.023238588835458228	0.7534618747179678	0.776700463553426	False	False	False	tangled_rope|tangled_rope|rope|snare	tangled_rope|tangled_rope|rope|snare	mountain|rope|rope|mountain
honor_satisfaction_substrate__practice_decline_reading	4	True	0.015635787925715117	0.5205736588960505	0.5049378709703354	False	False	False	tangled_rope|tangled_rope|rope|tangled_rope	tangled_rope|tangled_rope|rope|tangled_rope	mountain|rope|rope|mountain
honor_settlement_legitimacy__composite_reading	4	True	0.19891013413966832	0.5205736588960505	0.32166352475638216	False	False	False	tangled_rope|tangled_rope|rope|tangled_rope	tangled_rope|tangled_rope|rope|tangled_rope	mountain|rope|rope|mountain
honor_settlement_legitimacy__contraction_reading	4	True	-0.00633779695512497	0.20548960219580936	0.21182739915093432	True	False	False	scaffold|scaffold|scaffold|scaffold	scaffold|scaffold|scaffold|scaffold	mountain|rope|rope|mountain
honor_settlement_legitimacy__drop_reading	4	True	-0.01605575228631659	0.5205736588960505	0.5366294111823671	False	False	False	tangled_rope|tangled_rope|rope|tangled_rope	tangled_rope|tangled_rope|rope|tangled_rope	mountain|rope|rope|mountain
honor_violence_legitimacy__composite_reading	4	True	0.011807970664858013	0.9315528632876693	0.9197448926228112	False	False	False	snare|snare|naturalized|snare	snare|snare|naturalized|snare	mountain|rope|rope|mountain
honor_violence_legitimacy__contraction_reading	4	True	-0.01605575228631659	0.5205736588960505	0.5366294111823671	False	False	False	tangled_rope|tangled_rope|rope|tangled_rope	tangled_rope|tangled_rope|rope|tangled_rope	mountain|rope|rope|mountain
honor_violence_legitimacy__drop_reading	4	True	-0.01605575228631659	0.5205736588960505	0.5366294111823671	False	False	False	tangled_rope|tangled_rope|rope|tangled_rope	tangled_rope|tangled_rope|rope|tangled_rope	mountain|rope|rope|mountain
household_debt_accumulation_cycle	4	True	-0.024506148226483216	0.7945597951571295	0.8190659433836127	False	False	False	tangled_rope|tangled_rope|rope|snare	tangled_rope|tangled_rope|rope|snare	mountain|rope|rope|mountain
humane_treatment_standard__absolute_prohibition	4	True	-0.003380158376066651	0.10959445450443167	0.11297461288049832	True	True	False	mountain|scaffold|scaffold|mountain	mountain|scaffold|scaffold|mountain	mountain|rope|rope|mountain
humane_treatment_standard__contextual_necessity	4	True	-0.024506148226483216	0.7945597951571295	0.8190659433836127	False	False	False	tangled_rope|tangled_rope|rope|snare	tangled_rope|tangled_rope|rope|snare	mountain|rope|rope|mountain
humane_treatment_standard__proportionality_balancing	4	True	0.009029624626067892	0.7123639542788058	0.7033343296527379	False	False	False	tangled_rope|tangled_rope|naturalized|tangled_rope	rope|rope|rope|rope	mountain|rope|rope|mountain
ietf_openness_commitment__capture_substrate_reading	4	True	-0.021971029444433233	0.7123639542788058	0.734334983723239	False	False	False	tangled_rope|tangled_rope|rope|tangled_rope	tangled_rope|tangled_rope|rope|tangled_rope	mountain|rope|rope|mountain
ietf_openness_commitment__commons_stewardship_reading	4	True	-0.009550081247850919	0.11040195532208537	0.11995203656993629	True	True	False	unknown|rope|rope|rope	unknown|rope|rope|rope	mountain|rope|rope|mountain
ietf_openness_commitment__legitimacy_erosion_reading	4	True	0.09186683736905867	0.7945597951571295	0.7026929577880708	False	False	False	tangled_rope|tangled_rope|naturalized|tangled_rope	tangled_rope|tangled_rope|naturalized|tangled_rope	mountain|rope|rope|mountain
ihl_distinction_proportionality__categorical_prohibition_reading	4	True	0.35359999999999997	0.9315528632876693	0.5779528632876694	False	False	False	tangled_rope|snare|snare|snare	tangled_rope|snare|snare|snare	mountain|rope|rope|mountain
ihl_distinction_proportionality__human_agency_reading	4	True	-0.009884074697871406	0.9315528632876693	0.9414369379855407	False	False	False	tangled_rope|snare|rope|snare	tangled_rope|snare|rope|snare	mountain|rope|rope|mountain
ihl_distinction_proportionality__outcomes_based_reading	4	True	-0.021971029444433233	0.7123639542788058	0.734334983723239	False	False	False	tangled_rope|tangled_rope|rope|tangled_rope	tangled_rope|tangled_rope|rope|tangled_rope	mountain|rope|rope|mountain
imperial_mandate__bakufu_delegation_reading	4	True	0.3727450937183137	0.6575667270265899	0.2848216333082762	True	False	False	tangled_rope|tangled_rope|tangled_rope|tangled_rope	tangled_rope|tangled_rope|tangled_rope|tangled_rope	mountain|rope|rope|mountain
imperial_mandate__loyalist_restoration_reading	4	True	-0.024506148226483216	0.7945597951571295	0.8190659433836127	False	False	False	naturalized|tangled_rope|rope|snare	naturalized|tangled_rope|rope|snare	mountain|rope|rope|mountain
imperial_religious_property_seizure	4	True	-0.03295654416664985	1.0685459314182089	1.1015024755848588	False	False	False	tangled_rope|snare|rope|snare	tangled_rope|snare|rope|snare	mountain|rope|rope|mountain
income_support_commitment__care_economy_reading	4	True	-0.01605575228631659	0.5205736588960505	0.5366294111823671	False	False	False	tangled_rope|tangled_rope|rope|tangled_rope	tangled_rope|tangled_rope|rope|tangled_rope	mountain|rope|rope|mountain
income_support_commitment__dependency_trap_reading	4	True	-0.024506148226483216	0.7945597951571295	0.8190659433836127	False	False	False	tangled_rope|tangled_rope|rope|snare	tangled_rope|tangled_rope|rope|snare	mountain|rope|rope|mountain
income_support_commitment__freedom_floor_reading	4	True	0.19891013413966832	0.5205736588960505	0.32166352475638216	False	False	False	tangled_rope|tangled_rope|rope|tangled_rope	tangled_rope|tangled_rope|rope|tangled_rope	mountain|rope|rope|mountain
income_support_conditionality__dependency_trap_reading	4	True	-0.024506148226483216	0.7945597951571295	0.8190659433836127	False	False	False	tangled_rope|tangled_rope|rope|snare	tangled_rope|tangled_rope|rope|snare	mountain|rope|rope|mountain
income_support_conditionality__freedom_floor_reading	4	True	-0.007605356346149964	0.24658752263497122	0.2541928789811212	True	False	False	scaffold|scaffold|scaffold|scaffold	rope|rope|rope|rope	mountain|rope|rope|mountain
income_support_conditionality__wage_subsidy_reading	4	True	-0.021971029444433233	0.7123639542788058	0.734334983723239	False	False	False	tangled_rope|tangled_rope|rope|tangled_rope	tangled_rope|tangled_rope|rope|tangled_rope	mountain|rope|rope|mountain
incumbent_competitive_moat	4	True	-0.024506148226483216	0.7945597951571295	0.8190659433836127	False	False	False	tangled_rope|tangled_rope|rope|snare	tangled_rope|tangled_rope|rope|snare	mountain|rope|rope|mountain
information_asymmetry_edtech	4	True	-0.024506148226483216	0.7945597951571295	0.8190659433836127	False	False	False	naturalized|tangled_rope|rope|snare	naturalized|tangled_rope|rope|snare	mountain|rope|rope|mountain
information_asymmetry_exploitation	4	True	-0.024506148226483216	0.7945597951571295	0.8190659433836127	False	False	False	tangled_rope|tangled_rope|rope|snare	tangled_rope|tangled_rope|rope|snare	mountain|rope|rope|mountain
innovators_dilemma	4	True	-0.007558410063078134	0.7123639542788058	0.719922364341884	False	False	False	tangled_rope|tangled_rope|rope|tangled_rope	tangled_rope|tangled_rope|rope|tangled_rope	mountain|rope|rope|mountain
institutional_legitimacy_without_consent	4	True	-0.00843053430112561	0.7945597951571295	0.8029903294582551	False	False	False	naturalized|tangled_rope|rope|snare	naturalized|tangled_rope|rope|snare	mountain|rope|rope|mountain
insulin_pricing_cliff	4	True	-0.028731346196566535	0.9315528632876693	0.9602842094842359	False	False	False	tangled_rope|snare|rope|snare	tangled_rope|snare|rope|snare	mountain|rope|rope|mountain
international_law_instrumentalization	4	True	0.011807970664858013	0.9315528632876693	0.9197448926228112	False	False	False	tangled_rope|snare|piton|snare	tangled_rope|snare|piton|snare	mountain|rope|rope|mountain
interpretive_authority_concentration	4	True	0.010071504390614185	0.7945597951571295	0.7844882907665153	False	False	False	tangled_rope|tangled_rope|naturalized|snare	tangled_rope|tangled_rope|naturalized|snare	mountain|rope|rope|mountain
ip_category_emergence__first_holding_reading	4	True	-0.021971029444433233	0.7123639542788058	0.734334983723239	False	False	False	tangled_rope|tangled_rope|rope|tangled_rope	tangled_rope|tangled_rope|rope|tangled_rope	mountain|rope|rope|mountain
ip_category_emergence__synchronic_diachronic_seam	4	True	0.010071504390614185	0.7945597951571295	0.7844882907665153	False	False	False	tangled_rope|tangled_rope|naturalized|tangled_rope	tangled_rope|tangled_rope|naturalized|tangled_rope	mountain|rope|rope|mountain
ip_category_emergence__thinkability_reading	4	True	-0.01605575228631659	0.5205736588960505	0.5366294111823671	False	False	False	tangled_rope|tangled_rope|rope|tangled_rope	tangled_rope|tangled_rope|rope|tangled_rope	mountain|rope|rope|mountain
irc_469_material_participation_kernel__statutory_ambiguity_substrate	4	True	-0.024506148226483216	0.7945597951571295	0.8190659433836127	False	False	False	naturalized|tangled_rope|rope|snare	naturalized|tangled_rope|rope|snare	mountain|rope|rope|mountain
irc_469_material_participation_kernel__strategic_shelter_reading	4	True	-0.024506148226483216	0.7945597951571295	0.8190659433836127	False	False	False	tangled_rope|tangled_rope|rope|tangled_rope	tangled_rope|tangled_rope|rope|tangled_rope	mountain|rope|rope|mountain
irc_469_material_participation_kernel__strict_gatekeeper_reading	4	True	-0.024506148226483216	0.7945597951571295	0.8190659433836127	False	False	False	naturalized|tangled_rope|rope|snare	naturalized|tangled_rope|rope|snare	mountain|rope|rope|mountain
irish_language_suppression	4	True	0.7867190404807554	1.0685459314182089	0.2818268909374535	True	False	False	snare|snare|snare|snare	snare|snare|snare|snare	mountain|rope|rope|mountain
irony_absorption_mechanism	4	True	-0.024506148226483216	0.7945597951571295	0.8190659433836127	False	False	False	tangled_rope|tangled_rope|rope|tangled_rope	tangled_rope|tangled_rope|rope|tangled_rope	mountain|rope|rope|mountain
jati_practice_norm__colonial_census_reading	4	True	0.08236337143432847	0.7123639542788058	0.6300005828444774	False	False	False	naturalized|tangled_rope|naturalized|snare	naturalized|tangled_rope|naturalized|snare	mountain|rope|rope|mountain
jati_practice_norm__localized_practice_reading	4	True	-0.00929543553418329	0.30138474988718705	0.3106801854213703	True	False	False	scaffold|scaffold|scaffold|scaffold	scaffold|scaffold|scaffold|scaffold	mountain|rope|rope|mountain
jati_practice_norm__orthodox_textual_reading	4	True	-0.06320280039811209	0.9315528632876693	0.9947556636857814	False	False	False	snare|snare|rope|snare	snare|snare|rope|snare	mountain|rope|rope|mountain
jcpoa_treaty_bindingness__binding_multilateral_reading	4	True	0.11086090959646763	0.6575667270265899	0.5467058174301223	False	False	False	tangled_rope|tangled_rope|naturalized|tangled_rope	tangled_rope|tangled_rope|naturalized|tangled_rope	mountain|rope|rope|mountain
jcpoa_treaty_bindingness__graduated_compliance_reading	4	True	0.08236337143432847	0.7123639542788058	0.6300005828444774	False	False	False	tangled_rope|tangled_rope|naturalized|tangled_rope	rope|rope|rope|rope	mountain|rope|rope|mountain
jcpoa_treaty_bindingness__transactional_provisional_reading	4	True	0.3016	0.7945597951571295	0.4929597951571295	False	False	False	naturalized|tangled_rope|snare|snare	naturalized|tangled_rope|snare|snare	mountain|rope|rope|mountain
jevons_paradox	4	True	-0.027893707422745877	0.5205736588960505	0.5484673663187963	False	False	False	tangled_rope|tangled_rope|rope|tangled_rope	tangled_rope|tangled_rope|rope|tangled_rope	mountain|rope|rope|mountain
jihad_quranic_corpus__defensive_spiritual_reading	4	True	-0.01605575228631659	0.5205736588960505	0.5366294111823671	False	False	False	tangled_rope|tangled_rope|rope|tangled_rope	tangled_rope|tangled_rope|rope|tangled_rope	mountain|rope|rope|mountain
jihad_quranic_corpus__expansionist_legalist_reading	4	True	0.011807970664858013	0.9315528632876693	0.9197448926228112	False	False	False	tangled_rope|snare|naturalized|snare	tangled_rope|snare|naturalized|snare	mountain|rope|rope|mountain
jihad_quranic_corpus__revolutionary_vanguard_reading	4	True	-0.028731346196566535	0.9315528632876693	0.9602842094842359	False	False	False	tangled_rope|snare|rope|snare	tangled_rope|snare|rope|snare	mountain|rope|rope|mountain
john_1_1_logos__non_incarnational_monotheist	4	True	0.16900379041174604	0.7945597951571295	0.6255560047453834	False	False	False	naturalized|tangled_rope|naturalized|snare	naturalized|tangled_rope|naturalized|snare	mountain|rope|rope|mountain
john_1_1_logos__orthodox_christological	4	True	-0.04991505538807157	0.9315528632876693	0.9814679186757409	False	False	False	tangled_rope|snare|rope|snare	tangled_rope|snare|rope|snare	mountain|rope|rope|mountain
john_1_1_logos__subordinationist	4	True	-0.04257460606629633	0.7945597951571295	0.8371344012234259	False	False	False	tangled_rope|tangled_rope|rope|snare	tangled_rope|tangled_rope|rope|snare	mountain|rope|rope|mountain
july_charter_sovereign_legitimacy__guided_nationalism_reading	4	True	0.038896132321056376	0.7945597951571295	0.7556636628360731	False	False	False	naturalized|tangled_rope|naturalized|snare	naturalized|tangled_rope|naturalized|snare	mountain|rope|rope|mountain
july_charter_sovereign_legitimacy__military_custodian_reading	4	True	-0.024506148226483216	0.7945597951571295	0.8190659433836127	False	False	False	naturalized|tangled_rope|rope|snare	naturalized|tangled_rope|rope|snare	mountain|rope|rope|mountain
july_charter_sovereign_legitimacy__secular_democratic_reading	4	True	-0.021971029444433233	0.7123639542788058	0.734334983723239	False	False	False	tangled_rope|tangled_rope|rope|tangled_rope	tangled_rope|tangled_rope|rope|tangled_rope	mountain|rope|rope|mountain
jurisprudential_method_kernel__hanafi_reading	4	True	0.01440138361579024	0.47947573845688846	0.4650743548410982	False	False	False	unknown|unknown|rope|unknown	unknown|unknown|rope|unknown	mountain|rope|rope|mountain
jurisprudential_method_kernel__hanbali_reading	4	True	-0.024506148226483216	0.7945597951571295	0.8190659433836127	False	False	False	naturalized|tangled_rope|rope|snare	naturalized|tangled_rope|rope|snare	mountain|rope|rope|mountain
jurisprudential_method_kernel__maliki_reading	4	True	-0.01605575228631659	0.5205736588960505	0.5366294111823671	False	False	False	tangled_rope|tangled_rope|rope|tangled_rope	tangled_rope|tangled_rope|rope|tangled_rope	mountain|rope|rope|mountain
jurisprudential_method_kernel__shafii_reading	4	True	-0.01605575228631659	0.5205736588960505	0.5366294111823671	False	False	False	tangled_rope|tangled_rope|rope|tangled_rope	tangled_rope|tangled_rope|rope|tangled_rope	mountain|rope|rope|mountain
kami_buddha_ontology__domain_partition_reading	4	True	0.08776488676387022	0.5205736588960505	0.4328087721321802	False	False	False	tangled_rope|tangled_rope|rope|tangled_rope	tangled_rope|tangled_rope|rope|tangled_rope	mountain|rope|rope|mountain
kami_buddha_ontology__pragmatic_accommodation_reading	4	True	0.010071504390614185	0.7945597951571295	0.7844882907665153	False	False	False	tangled_rope|tangled_rope|piton|snare	tangled_rope|tangled_rope|piton|snare	mountain|rope|rope|mountain
kami_buddha_ontology__unified_manifestation_reading	4	True	-0.021971029444433233	0.7123639542788058	0.734334983723239	False	False	False	tangled_rope|tangled_rope|rope|tangled_rope	tangled_rope|tangled_rope|rope|tangled_rope	mountain|rope|rope|mountain
kjv_text_1611__exclusive_inspiration_reading	4	True	-0.026196227414516545	0.8493570224093454	0.875553249823862	False	False	False	naturalized|snare|rope|snare	naturalized|snare|rope|snare	mountain|rope|rope|mountain
kjv_text_1611__functional_equivalence_reading	4	True	0.11072662130424742	0.5205736588960505	0.409847037591803	False	False	False	tangled_rope|tangled_rope|rope|tangled_rope	tangled_rope|tangled_rope|rope|tangled_rope	mountain|rope|rope|mountain
kjv_text_1611__revisable_translation_reading	4	True	0.06018861758662465	0.5205736588960505	0.4603850413094258	False	False	False	unknown|rope|rope|unknown	unknown|rope|rope|unknown	mountain|rope|rope|mountain
knowledge_commons_collapse	4	True	0.3016	0.7945597951571295	0.4929597951571295	False	False	False	naturalized|tangled_rope|snare|snare	naturalized|tangled_rope|snare|snare	mountain|rope|rope|mountain
kodashim_commandment_status__messianic_deferral	4	True	-0.01605575228631659	0.5205736588960505	0.5366294111823671	False	False	False	tangled_rope|tangled_rope|rope|tangled_rope	tangled_rope|tangled_rope|rope|tangled_rope	mountain|rope|rope|mountain
kodashim_commandment_status__performance_only	4	True	-0.033991721256992576	0.7945597951571295	0.8285515164141221	False	False	False	tangled_rope|tangled_rope|rope|snare	tangled_rope|tangled_rope|rope|snare	mountain|rope|rope|mountain
kodashim_commandment_status__study_as_performance	4	True	-0.002112598985041657	0.0684965340652698	0.07060913305031145	True	False	False	scaffold|scaffold|scaffold|scaffold	rope|rope|rope|rope	mountain|rope|rope|mountain
kodashim_corpus__performance_only	4	True	-0.028731346196566535	0.9315528632876693	0.9602842094842359	False	False	False	snare|snare|rope|snare	snare|snare|rope|snare	mountain|rope|rope|mountain
kodashim_corpus__study_as_exercise	4	True	-0.002112598985041657	0.0684965340652698	0.07060913305031145	True	False	False	scaffold|scaffold|scaffold|scaffold	rope|rope|rope|rope	mountain|rope|rope|mountain
kodashim_corpus__substitution_archive	4	True	-0.017745831474349917	0.5753708861482661	0.5931167176226161	False	False	False	tangled_rope|tangled_rope|rope|tangled_rope	tangled_rope|tangled_rope|rope|tangled_rope	mountain|rope|rope|mountain
kodashim_obligation__memorial_archival	4	True	-0.003380158376066651	0.10959445450443167	0.11297461288049832	True	True	False	unknown|rope|rope|rope	unknown|rope|rope|rope	mountain|rope|rope|mountain
kodashim_obligation__performance_prerequisite	4	True	-0.01605575228631659	0.5205736588960505	0.5366294111823671	False	False	False	tangled_rope|tangled_rope|rope|tangled_rope	tangled_rope|tangled_rope|rope|tangled_rope	mountain|rope|rope|mountain
kodashim_obligation__study_as_occupation	4	True	-0.01605575228631659	0.5205736588960505	0.5366294111823671	False	False	False	tangled_rope|tangled_rope|rope|tangled_rope	tangled_rope|tangled_rope|rope|tangled_rope	mountain|rope|rope|mountain
lagrange_multipliers	4	True	-0.009550081247850919	0.11040195532208537	0.11995203656993629	True	True	False	mountain|rope|rope|mountain	mountain|rope|rope|mountain	mountain|rope|rope|mountain
large_language_model_training_data_acquisition	4	True	-0.026196227414516545	0.8493570224093454	0.875553249823862	False	False	False	naturalized|snare|rope|snare	naturalized|snare|rope|snare	mountain|rope|rope|mountain
latin_correctness__continuity_reading	4	True	-0.005070237564099976	0.16439168175664748	0.16946191932074745	True	False	False	scaffold|scaffold|scaffold|scaffold	scaffold|scaffold|scaffold|scaffold	mountain|rope|rope|mountain
latin_correctness__hybrid_reading	4	True	-0.017745831474349917	0.5753708861482661	0.5931167176226161	False	False	False	tangled_rope|tangled_rope|rope|tangled_rope	tangled_rope|tangled_rope|rope|tangled_rope	mountain|rope|rope|mountain
latin_correctness__rupture_reading	4	True	-0.024506148226483216	0.7945597951571295	0.8190659433836127	False	False	False	naturalized|tangled_rope|rope|snare	naturalized|tangled_rope|rope|snare	mountain|rope|rope|mountain
lausanne_minority_protections__expansive_reading	4	True	0.013166979305865363	0.4383778180177267	0.4252108387118613	True	False	False	scaffold|scaffold|scaffold|scaffold	scaffold|scaffold|scaffold|scaffold	mountain|rope|rope|mountain
lausanne_minority_protections__guarantor_reading	4	True	0.28241196324950196	0.3835805907655109	0.10116862751600891	True	False	False	scaffold|scaffold|scaffold|scaffold	scaffold|scaffold|scaffold|scaffold	mountain|rope|rope|mountain
lausanne_minority_protections__restrictive_reading	4	True	-0.026196227414516545	0.8493570224093454	0.875553249823862	False	False	False	naturalized|snare|rope|snare	naturalized|snare|rope|snare	mountain|rope|rope|mountain
legacy_admission_gatekeeping	4	True	0.2609005954775204	0.7945597951571295	0.5336591996796091	False	False	False	naturalized|tangled_rope|naturalized|snare	naturalized|tangled_rope|naturalized|snare	mountain|rope|rope|mountain
legal_personhood_boundary__developmental_potentiality_reading	4	True	-0.039852362853025784	0.9315528632876693	0.971405226140695	False	False	False	snare|snare|rope|snare	snare|snare|rope|snare	mountain|rope|rope|mountain
legal_personhood_boundary__functional_capacity_reading	4	True	0.3016	0.7945597951571295	0.4929597951571295	False	False	False	naturalized|tangled_rope|tangled_rope|snare	naturalized|tangled_rope|tangled_rope|snare	mountain|rope|rope|mountain
legal_personhood_boundary__restrictive_anthropocentric_reading	4	True	-0.00843053430112561	0.7945597951571295	0.8029903294582551	False	False	False	naturalized|tangled_rope|rope|snare	naturalized|tangled_rope|rope|snare	mountain|rope|rope|mountain
legislative_minority_veto_mechanism	4	True	-0.024506148226483216	0.7945597951571295	0.8190659433836127	False	False	False	tangled_rope|tangled_rope|rope|snare	tangled_rope|tangled_rope|rope|snare	mountain|rope|rope|mountain
legitimacy_of_imposed_practice__endogenous_climb_reading	4	True	-0.014788192895291596	0.47947573845688846	0.49426393135218005	False	False	False	tangled_rope|tangled_rope|rope|tangled_rope	tangled_rope|tangled_rope|rope|tangled_rope	mountain|rope|rope|mountain
legitimacy_of_imposed_practice__exogenous_override_reading	4	True	-0.024506148226483216	0.7945597951571295	0.8190659433836127	False	False	False	tangled_rope|tangled_rope|rope|snare	tangled_rope|tangled_rope|rope|snare	mountain|rope|rope|mountain
legitimacy_of_imposed_practice__hybrid_scaffolding_reading	4	True	-0.021971029444433233	0.7123639542788058	0.734334983723239	False	False	False	tangled_rope|tangled_rope|rope|tangled_rope	tangled_rope|tangled_rope|rope|tangled_rope	mountain|rope|rope|mountain
legitimacy_of_practice_standardization__dual_practice_equilibrium_reading	4	True	-0.01605575228631659	0.5205736588960505	0.5366294111823671	False	False	False	tangled_rope|tangled_rope|rope|tangled_rope	tangled_rope|tangled_rope|rope|tangled_rope	mountain|rope|rope|mountain
legitimacy_of_practice_standardization__endogenous_displacement_reading	4	True	-0.007605356346149964	0.24658752263497122	0.2541928789811212	True	False	False	scaffold|scaffold|scaffold|scaffold	scaffold|scaffold|scaffold|scaffold	mountain|rope|rope|mountain
legitimacy_of_practice_standardization__exogenous_override_reading	4	True	-0.024506148226483216	0.7945597951571295	0.8190659433836127	False	False	False	tangled_rope|tangled_rope|rope|snare	tangled_rope|tangled_rope|rope|snare	mountain|rope|rope|mountain
legitimate_health_intervention__bodily_autonomy_primary	4	True	-0.024506148226483216	0.7945597951571295	0.8190659433836127	False	False	False	naturalized|tangled_rope|rope|snare	naturalized|tangled_rope|rope|snare	mountain|rope|rope|mountain
legitimate_health_intervention__proportionality_reading	4	True	-0.01605575228631659	0.5205736588960505	0.5366294111823671	False	False	False	tangled_rope|tangled_rope|rope|tangled_rope	tangled_rope|tangled_rope|rope|tangled_rope	mountain|rope|rope|mountain
legitimate_health_intervention__public_health_primary	4	True	-0.053908270927801476	0.7945597951571295	0.848468066084931	False	False	False	naturalized|tangled_rope|rope|snare	naturalized|tangled_rope|rope|snare	mountain|rope|rope|mountain
legitimate_knowledge_boundary__credentialed_expertise_reading	4	True	-0.007558410063078134	0.7123639542788058	0.719922364341884	False	False	False	naturalized|tangled_rope|rope|snare	naturalized|tangled_rope|rope|snare	mountain|rope|rope|mountain
legitimate_knowledge_boundary__experiential_pluralism_reading	4	True	-0.024506148226483216	0.7945597951571295	0.8190659433836127	False	False	False	naturalized|tangled_rope|rope|snare	naturalized|tangled_rope|rope|snare	mountain|rope|rope|mountain
legitimate_knowledge_boundary__hybrid_coproduction_reading	4	True	-0.020280950256399904	0.6575667270265899	0.6778476772829898	False	False	False	tangled_rope|tangled_rope|rope|tangled_rope	tangled_rope|tangled_rope|rope|tangled_rope	mountain|rope|rope|mountain
liability_attribution__deployer_liability	4	True	-0.024506148226483216	0.7945597951571295	0.8190659433836127	False	False	False	naturalized|tangled_rope|rope|snare	naturalized|tangled_rope|rope|snare	mountain|rope|rope|mountain
liability_attribution__developer_liability	4	True	0.038896132321056376	0.7945597951571295	0.7556636628360731	False	False	False	tangled_rope|tangled_rope|naturalized|snare	tangled_rope|tangled_rope|naturalized|snare	mountain|rope|rope|mountain
liability_attribution__shared_liability	4	True	-0.021971029444433233	0.7123639542788058	0.734334983723239	False	False	False	naturalized|tangled_rope|rope|snare	naturalized|tangled_rope|rope|snare	mountain|rope|rope|mountain
licensing_statute_mandate__graduated_access_filter	4	True	-0.024506148226483216	0.7945597951571295	0.8190659433836127	False	False	False	tangled_rope|tangled_rope|rope|snare	tangled_rope|tangled_rope|rope|snare	mountain|rope|rope|mountain
licensing_statute_mandate__public_safety_coordination	4	True	-0.013520633504266605	0.4383778180177267	0.45189845152199326	True	False	False	scaffold|scaffold|scaffold|scaffold	scaffold|scaffold|scaffold|scaffold	mountain|rope|rope|mountain
licensing_statute_mandate__rent_seeking_suppression	4	True	0.3016	0.7945597951571295	0.4929597951571295	False	False	False	naturalized|tangled_rope|tangled_rope|snare	naturalized|tangled_rope|tangled_rope|snare	mountain|rope|rope|mountain
liturgical_vernacularization	4	True	-0.021971029444433233	0.7123639542788058	0.734334983723239	False	False	False	tangled_rope|tangled_rope|rope|tangled_rope	tangled_rope|tangled_rope|rope|tangled_rope	mountain|rope|rope|mountain
living_language_status__literary_continuity_reading	4	True	0.03083454933182562	0.3835805907655109	0.35274604143368526	False	False	False	unknown|rope|rope|unknown	unknown|rope|rope|unknown	mountain|rope|rope|mountain
living_language_status__liturgical_preservation_reading	4	True	-0.013520633504266605	0.4383778180177267	0.45189845152199326	False	False	False	unknown|tangled_rope|rope|tangled_rope	unknown|tangled_rope|rope|tangled_rope	mountain|rope|rope|mountain
living_language_status__native_generation_reading	4	True	-0.038170336473231196	0.7123639542788058	0.750534290752037	False	False	False	tangled_rope|tangled_rope|rope|snare	tangled_rope|tangled_rope|rope|snare	mountain|rope|rope|mountain
lycurgan_laws__adaptive_fiction_reading	4	True	-0.01605575228631659	0.5205736588960505	0.5366294111823671	False	False	False	tangled_rope|tangled_rope|rope|tangled_rope	tangled_rope|tangled_rope|rope|tangled_rope	mountain|rope|rope|mountain
lycurgan_laws__demographic_trap_reading	4	True	-0.024506148226483216	0.7945597951571295	0.8190659433836127	False	False	False	tangled_rope|tangled_rope|rope|snare	tangled_rope|tangled_rope|rope|snare	mountain|rope|rope|mountain
lycurgan_laws__sacral_fidelity_reading	4	True	-0.024506148226483216	0.7945597951571295	0.8190659433836127	False	False	False	naturalized|tangled_rope|rope|snare	naturalized|tangled_rope|rope|snare	mountain|rope|rope|mountain
maat_order_principle__distributed_maintenance_reading	4	True	-0.007605356346149964	0.24658752263497122	0.2541928789811212	True	False	False	scaffold|scaffold|scaffold|scaffold	scaffold|scaffold|scaffold|scaffold	mountain|rope|rope|mountain
maat_order_principle__divine_mandate_reading	4	True	0.641533711730331	0.9315528632876693	0.29001915155733826	False	False	False	snare|snare|tangled_rope|snare	snare|snare|tangled_rope|snare	mountain|rope|rope|mountain
maat_order_principle__reciprocity_reading	4	True	-0.01605575228631659	0.5205736588960505	0.5366294111823671	False	False	False	tangled_rope|tangled_rope|rope|tangled_rope	tangled_rope|tangled_rope|rope|tangled_rope	mountain|rope|rope|mountain
magna_carta_1215__baronial_privilege_reading	4	True	-0.024506148226483216	0.7945597951571295	0.8190659433836127	False	False	False	naturalized|tangled_rope|rope|snare	naturalized|tangled_rope|rope|snare	mountain|rope|rope|mountain
magna_carta_1215__living_document_reading	4	True	-0.021971029444433233	0.7123639542788058	0.734334983723239	False	False	False	tangled_rope|tangled_rope|rope|tangled_rope	tangled_rope|tangled_rope|rope|tangled_rope	mountain|rope|rope|mountain
magna_carta_1215__universal_rights_reading	4	True	-0.01605575228631659	0.5205736588960505	0.5366294111823671	False	False	False	tangled_rope|tangled_rope|rope|tangled_rope	tangled_rope|tangled_rope|rope|tangled_rope	mountain|rope|rope|mountain
magna_carta_clause_39__feudal_prerogative_reading	4	True	0.11699999999999998	0.24658752263497122	0.12958752263497125	True	False	False	scaffold|scaffold|scaffold|scaffold	scaffold|scaffold|scaffold|scaffold	mountain|rope|rope|mountain
magna_carta_clause_39__liberal_due_process_reading	4	True	-0.020280950256399904	0.6575667270265899	0.6778476772829898	False	False	False	tangled_rope|tangled_rope|rope|tangled_rope	tangled_rope|tangled_rope|rope|tangled_rope	mountain|rope|rope|mountain
magna_carta_clause_39__originalist_limitation_reading	4	True	0.1259520116098375	0.3835805907655109	0.2576285791556734	False	False	False	unknown|rope|rope|unknown	unknown|rope|rope|unknown	mountain|rope|rope|mountain
magna_carta_constraint_authority__feudal_obsolescence_reading	4	True	-0.024506148226483216	0.7945597951571295	0.8190659433836127	False	False	False	naturalized|tangled_rope|rope|snare	naturalized|tangled_rope|rope|snare	mountain|rope|rope|mountain
magna_carta_constraint_authority__living_constitutionalism_reading	4	True	-0.01183055431623328	0.3835805907655109	0.39541114508174413	True	False	False	scaffold|scaffold|scaffold|scaffold	scaffold|scaffold|scaffold|scaffold	mountain|rope|rope|mountain
magna_carta_constraint_authority__parliamentary_sovereignty_reading	4	True	-0.017745831474349917	0.5753708861482661	0.5931167176226161	False	False	False	tangled_rope|tangled_rope|rope|tangled_rope	tangled_rope|tangled_rope|rope|tangled_rope	mountain|rope|rope|mountain
mandate_legitimacy_scope__bodily_autonomy_primary	4	True	-0.057626082715925724	0.8493570224093454	0.9069831051252711	False	False	False	snare|snare|rope|snare	snare|snare|rope|snare	mountain|rope|rope|mountain
mandate_legitimacy_scope__proportionality_reading	4	True	-0.020280950256399904	0.6575667270265899	0.6778476772829898	False	False	False	naturalized|tangled_rope|rope|tangled_rope	naturalized|tangled_rope|rope|tangled_rope	mountain|rope|rope|mountain
mandate_legitimacy_scope__public_health_primary	4	True	-0.024506148226483216	0.7945597951571295	0.8190659433836127	False	False	False	naturalized|tangled_rope|rope|snare	naturalized|tangled_rope|rope|snare	mountain|rope|rope|mountain
manifesto_revolutionary_method__council_communist_reading	4	True	-0.007605356346149964	0.24658752263497122	0.2541928789811212	True	False	False	scaffold|scaffold|scaffold|scaffold	scaffold|scaffold|scaffold|scaffold	mountain|rope|rope|mountain
manifesto_revolutionary_method__democratic_gradualism_reading	4	True	-0.016900791880333256	0.5479722725221584	0.5648730644024916	False	False	False	tangled_rope|rope|rope|tangled_rope	tangled_rope|rope|rope|tangled_rope	mountain|rope|rope|mountain
manifesto_revolutionary_method__vanguard_rupture_reading	4	True	-0.009011950459823928	0.8493570224093454	0.8583689728691694	False	False	False	naturalized|snare|rope|snare	naturalized|snare|rope|snare	mountain|rope|rope|mountain
market_as_natural_default__beneficiary_maintained_reading	4	True	-0.04991505538807157	0.9315528632876693	0.9814679186757409	False	False	False	tangled_rope|snare|rope|snare	tangled_rope|snare|rope|snare	mountain|rope|rope|mountain
market_as_natural_default__dual_operation_reading	4	True	0.06387156647306734	0.7945597951571295	0.7306882286840621	False	False	False	naturalized|tangled_rope|naturalized|snare	naturalized|tangled_rope|naturalized|snare	mountain|rope|rope|mountain
market_as_natural_default__engineered_closure_reading	4	True	-0.04257460606629633	0.7945597951571295	0.8371344012234259	False	False	False	tangled_rope|tangled_rope|rope|snare	tangled_rope|tangled_rope|rope|snare	mountain|rope|rope|mountain
market_as_natural_default__lapsed_alternative_reading	4	True	-0.024506148226483216	0.7945597951571295	0.8190659433836127	False	False	False	naturalized|tangled_rope|rope|snare	naturalized|tangled_rope|rope|snare	mountain|rope|rope|mountain
market_as_natural_default__lapsed_closure_reading	4	True	-0.01605575228631659	0.5205736588960505	0.5366294111823671	False	False	False	piton|piton|rope|unknown	piton|piton|rope|unknown	mountain|rope|rope|mountain
market_dominance_lock_in	4	True	-0.021971029444433233	0.7123639542788058	0.734334983723239	False	False	False	tangled_rope|tangled_rope|rope|tangled_rope	tangled_rope|tangled_rope|rope|tangled_rope	mountain|rope|rope|mountain
market_naturalization__beneficiary_maintained_reading	4	True	0.07488390552014793	0.9315528632876693	0.8566689577675214	False	False	False	tangled_rope|snare|naturalized|snare	tangled_rope|snare|naturalized|snare	mountain|rope|rope|mountain
market_naturalization__hybrid_reading	4	True	-0.019013390865374912	0.6164688065874281	0.635482197452803	False	False	False	tangled_rope|tangled_rope|rope|tangled_rope	tangled_rope|tangled_rope|rope|tangled_rope	mountain|rope|rope|mountain
market_naturalization__lapsed_alternative_reading	4	True	-0.021487682807664568	0.2484043994746921	0.26989208228235667	True	True	False	unknown|rope|rope|rope	unknown|rope|rope|rope	mountain|rope|rope|mountain
marriage_authority__communal_autonomy_reading	4	True	0.09288377666480156	0.6575667270265899	0.5646829503617884	False	False	False	tangled_rope|tangled_rope|naturalized|tangled_rope	rope|rope|rope|rope	mountain|rope|rope|mountain
marriage_authority__federalist_millet_reading	4	True	-0.01183055431623328	0.3835805907655109	0.39541114508174413	True	False	False	scaffold|scaffold|scaffold|scaffold	scaffold|scaffold|scaffold|scaffold	mountain|rope|rope|mountain
marriage_authority__gender_rights_reading	4	True	-0.028731346196566535	0.9315528632876693	0.9602842094842359	False	False	False	snare|snare|rope|snare	snare|snare|rope|snare	mountain|rope|rope|mountain
marriage_authority__judicial_harmonization_reading	4	True	-0.01605575228631659	0.5205736588960505	0.5366294111823671	False	False	False	tangled_rope|tangled_rope|rope|tangled_rope	tangled_rope|tangled_rope|rope|tangled_rope	mountain|rope|rope|mountain
marriage_authority__secularist_reading	4	True	0.09186683736905867	0.7945597951571295	0.7026929577880708	False	False	False	tangled_rope|tangled_rope|naturalized|snare	tangled_rope|tangled_rope|naturalized|snare	mountain|rope|rope|mountain
marriage_commitment_legitimacy__endogenous_reinterpretation_reading	4	True	-0.01183055431623328	0.3835805907655109	0.39541114508174413	True	False	False	scaffold|scaffold|scaffold|scaffold	scaffold|scaffold|scaffold|scaffold	mountain|rope|rope|mountain
marriage_commitment_legitimacy__exogenous_override_reading	4	True	-0.028731346196566535	0.9315528632876693	0.9602842094842359	False	False	False	snare|snare|rope|snare	snare|snare|rope|snare	mountain|rope|rope|mountain
marriage_commitment_legitimacy__hybrid_pragmatic_reading	4	True	-0.020280950256399904	0.6575667270265899	0.6778476772829898	False	False	False	tangled_rope|tangled_rope|rope|tangled_rope	tangled_rope|tangled_rope|rope|tangled_rope	mountain|rope|rope|mountain
marriage_commitment_reversal__endogenous_reinterpretation_reading	4	True	0.00833503811637036	0.6575667270265899	0.6492316889102195	False	False	False	naturalized|tangled_rope|naturalized|tangled_rope	rope|rope|rope|rope	mountain|rope|rope|mountain
marriage_commitment_reversal__exogenous_override_reading	4	True	0.7390818902824207	0.9315528632876693	0.19247097300524862	True	False	False	snare|snare|snare|snare	snare|snare|snare|snare	mountain|rope|rope|mountain
marriage_commitment_reversal__practice_doctrine_gap	4	True	-0.009011950459823928	0.8493570224093454	0.8583689728691694	False	False	False	piton|snare|rope|snare	piton|snare|rope|snare	mountain|rope|rope|mountain
marriage_sacrament__civic_pastoral_reading	4	True	0.00833503811637036	0.6575667270265899	0.6492316889102195	False	False	False	naturalized|tangled_rope|naturalized|tangled_rope	rope|rope|rope|rope	mountain|rope|rope|mountain
marriage_sacrament__hierarchical_indissolubility_reading	4	True	0.010071504390614185	0.7945597951571295	0.7844882907665153	False	False	False	tangled_rope|tangled_rope|naturalized|snare	tangled_rope|tangled_rope|naturalized|snare	mountain|rope|rope|mountain
maximum_entropy_principle	4	True	-0.005968800779906825	0.06900122207630337	0.0749700228562102	True	True	False	mountain|rope|rope|mountain	mountain|rope|rope|mountain	mountain|rope|rope|mountain
maxwell_demon_impossibility	4	True	-0.009550081247850919	0.11040195532208537	0.11995203656993629	True	True	False	mountain|scaffold|scaffold|mountain	rope|rope|rope|rope	mountain|rope|rope|mountain
mco_unit_system_discontinuity	4	True	0.03083454933182562	0.3835805907655109	0.35274604143368526	False	False	False	piton|rope|rope|piton	piton|rope|rope|piton	mountain|rope|rope|mountain
measurement_timing_authority_erosion	4	True	0.009029624626067892	0.7123639542788058	0.7033343296527379	False	False	False	tangled_rope|tangled_rope|naturalized|tangled_rope	rope|rope|rope|rope	mountain|rope|rope|mountain
mercosur_tariff_harmonization	4	True	-0.021971029444433233	0.7123639542788058	0.734334983723239	False	False	False	tangled_rope|tangled_rope|rope|tangled_rope	tangled_rope|tangled_rope|rope|tangled_rope	mountain|rope|rope|mountain
meritocracy_theater	4	True	0.3224	0.8493570224093454	0.5269570224093454	False	False	False	piton|snare|tangled_rope|snare	piton|snare|tangled_rope|snare	mountain|rope|rope|mountain
metamorphosis_samsa	4	True	0.011807970664858013	0.9315528632876693	0.9197448926228112	False	False	False	snare|snare|naturalized|snare	snare|snare|naturalized|snare	mountain|rope|rope|mountain
microscopy_color_bottleneck	4	True	-0.021487682807664568	0.2484043994746921	0.26989208228235667	True	True	False	mountain|rope|rope|mountain	mountain|rope|rope|mountain	mountain|rope|rope|mountain
middlebox_interception	4	True	-0.021971029444433233	0.7123639542788058	0.734334983723239	False	False	False	tangled_rope|tangled_rope|rope|snare	tangled_rope|tangled_rope|rope|snare	mountain|rope|rope|mountain
monetary_anchor_principle__overdetermined_composite_reading	4	True	-0.009011950459823928	0.8493570224093454	0.8583689728691694	False	False	False	tangled_rope|tangled_rope|rope|tangled_rope	tangled_rope|tangled_rope|rope|tangled_rope	mountain|rope|rope|mountain
monetary_anchor_principle__punctuated_swap_reading	4	True	-0.020280950256399904	0.6575667270265899	0.6778476772829898	False	False	False	tangled_rope|tangled_rope|rope|tangled_rope	tangled_rope|tangled_rope|rope|tangled_rope	mountain|rope|rope|mountain
monetary_anchor_principle__triffin_inevitability_reading	4	True	-0.009630906897865318	0.16439168175664748	0.1740225886545128	True	True	False	mountain|rope|rope|mountain	mountain|rope|rope|mountain	mountain|rope|rope|mountain
monopoly_rulebook__extraction_demo_reading	4	True	-0.024506148226483216	0.7945597951571295	0.8190659433836127	False	False	False	tangled_rope|tangled_rope|rope|snare	tangled_rope|tangled_rope|rope|snare	mountain|rope|rope|mountain
monopoly_rulebook__social_scaffold_reading	4	True	-0.01605575228631659	0.5205736588960505	0.5366294111823671	False	False	False	scaffold|scaffold|scaffold|unknown	scaffold|scaffold|scaffold|unknown	mountain|rope|rope|mountain
monopoly_rulebook__tournament_orthodoxy_reading	4	True	-0.003380158376066651	0.10959445450443167	0.11297461288049832	True	False	False	scaffold|scaffold|scaffold|scaffold	scaffold|scaffold|scaffold|scaffold	mountain|rope|rope|mountain
montevideo_statehood_criteria__constitutive_reading	4	True	-0.024506148226483216	0.7945597951571295	0.8190659433836127	False	False	False	tangled_rope|tangled_rope|rope|snare	tangled_rope|tangled_rope|rope|snare	mountain|rope|rope|mountain
montevideo_statehood_criteria__declaratory_reading	4	True	-0.01605575228631659	0.5205736588960505	0.5366294111823671	False	False	False	tangled_rope|tangled_rope|rope|tangled_rope	tangled_rope|tangled_rope|rope|tangled_rope	mountain|rope|rope|mountain
montevideo_statehood_criteria__hybrid_reading	4	True	-0.021971029444433233	0.7123639542788058	0.734334983723239	False	False	False	tangled_rope|tangled_rope|rope|tangled_rope	tangled_rope|tangled_rope|rope|tangled_rope	mountain|rope|rope|mountain
monty_hall_conditional_probability	4	True	-0.009550081247850919	0.11040195532208537	0.11995203656993629	True	True	False	mountain|rope|rope|mountain	mountain|rope|rope|mountain	mountain|rope|rope|mountain
multilateral_arms_control_authority_erosion	4	True	0.010071504390614185	0.7945597951571295	0.7844882907665153	False	False	False	tangled_rope|tangled_rope|naturalized|snare	tangled_rope|tangled_rope|naturalized|snare	mountain|rope|rope|mountain
n26usc469_real_estate_exemption	4	True	-0.024506148226483216	0.7945597951571295	0.8190659433836127	False	False	False	naturalized|tangled_rope|rope|snare	naturalized|tangled_rope|rope|snare	mountain|rope|rope|mountain
nafta_jurisdictional_boundary__capital_supremacy_reading	4	True	-0.026196227414516545	0.8493570224093454	0.875553249823862	False	False	False	naturalized|snare|rope|snare	naturalized|snare|rope|snare	mountain|rope|rope|mountain
nafta_jurisdictional_boundary__embedded_liberalism_reading	4	True	-0.01605575228631659	0.5205736588960505	0.5366294111823671	False	False	False	tangled_rope|tangled_rope|rope|tangled_rope	tangled_rope|tangled_rope|rope|tangled_rope	mountain|rope|rope|mountain
nafta_jurisdictional_boundary__sovereignty_primacy_reading	4	True	-0.014788192895291596	0.47947573845688846	0.49426393135218005	False	False	False	tangled_rope|tangled_rope|rope|tangled_rope	tangled_rope|tangled_rope|rope|tangled_rope	mountain|rope|rope|mountain
naskh_principle__classical_abrogation	4	True	0.00833503811637036	0.6575667270265899	0.6492316889102195	False	False	False	tangled_rope|tangled_rope|naturalized|tangled_rope	tangled_rope|tangled_rope|naturalized|tangled_rope	mountain|rope|rope|mountain
naskh_principle__contextual_harmonization	4	True	0.0348723944947402	0.7123639542788058	0.6774915597840656	False	False	False	tangled_rope|tangled_rope|naturalized|tangled_rope	rope|rope|rope|rope	mountain|rope|rope|mountain
naskh_principle__progressive_restriction	4	True	-0.021971029444433233	0.7123639542788058	0.734334983723239	False	False	False	tangled_rope|tangled_rope|rope|tangled_rope	tangled_rope|tangled_rope|rope|tangled_rope	mountain|rope|rope|mountain
neural_interface_standardization	4	True	0.16900379041174604	0.7945597951571295	0.6255560047453834	False	False	False	naturalized|tangled_rope|naturalized|snare	naturalized|tangled_rope|naturalized|snare	mountain|rope|rope|mountain
neurodivergent_workplace_exclusion	4	True	0.2333828820613657	0.7945597951571295	0.5611769130957638	False	False	False	naturalized|tangled_rope|naturalized|snare	naturalized|tangled_rope|naturalized|snare	mountain|rope|rope|mountain
newtons_method_convergence	4	True	-0.014325121871776378	0.16560293298312803	0.1799280548549044	True	True	False	mountain|rope|rope|mountain	mountain|rope|rope|mountain	mountain|rope|rope|mountain
nicene_christological_kernel__homoiousios_reading	4	True	-0.01859087106836658	0.6027694997743741	0.6213603708427407	False	False	False	tangled_rope|tangled_rope|rope|tangled_rope	tangled_rope|tangled_rope|rope|tangled_rope	mountain|rope|rope|mountain
nicene_christological_kernel__homoousios_reading	4	True	-0.028731346196566535	0.9315528632876693	0.9602842094842359	False	False	False	tangled_rope|snare|rope|snare	tangled_rope|snare|rope|snare	mountain|rope|rope|mountain
nicene_creed_authority__boundary_maintenance_reading	4	True	0.11072662130424742	0.5205736588960505	0.409847037591803	False	False	False	tangled_rope|tangled_rope|rope|tangled_rope	tangled_rope|tangled_rope|rope|tangled_rope	mountain|rope|rope|mountain
nicene_creed_authority__confessional_reading	4	True	-0.005070237564099976	0.16439168175664748	0.16946191932074745	True	False	False	scaffold|scaffold|scaffold|scaffold	scaffold|scaffold|scaffold|scaffold	mountain|rope|rope|mountain
nicene_creed_authority__imperial_uniformity_reading	4	True	-0.04991505538807157	0.9315528632876693	0.9814679186757409	False	False	False	tangled_rope|snare|rope|snare	tangled_rope|snare|rope|snare	mountain|rope|rope|mountain
nicene_creed_authority__liturgical_habituation_reading	4	True	-0.003380158376066651	0.10959445450443167	0.11297461288049832	True	False	False	scaffold|scaffold|scaffold|scaffold	rope|rope|rope|rope	mountain|rope|rope|mountain
nicene_creed_authority__strict_orthodox_reading	4	True	-0.026196227414516545	0.8493570224093454	0.875553249823862	False	False	False	naturalized|snare|rope|snare	naturalized|snare|rope|snare	mountain|rope|rope|mountain
nicene_creed_authority__symbolic_confessional_reading	4	True	-0.007605356346149964	0.24658752263497122	0.2541928789811212	True	False	False	scaffold|scaffold|scaffold|scaffold	scaffold|scaffold|scaffold|scaffold	mountain|rope|rope|mountain
northeast_asian_wmd_proliferation	4	True	-0.04257460606629633	0.7945597951571295	0.8371344012234259	False	False	False	naturalized|tangled_rope|rope|snare	naturalized|tangled_rope|rope|snare	mountain|rope|rope|mountain
notability_guidelines__deletionist_reading	4	True	-0.013520633504266605	0.4383778180177267	0.45189845152199326	True	False	False	scaffold|scaffold|scaffold|scaffold	scaffold|scaffold|scaffold|scaffold	mountain|rope|rope|mountain
notability_guidelines__deliberative_reading	4	True	-0.013520633504266605	0.4383778180177267	0.45189845152199326	True	False	False	scaffold|scaffold|scaffold|scaffold	scaffold|scaffold|scaffold|scaffold	mountain|rope|rope|mountain
notability_guidelines__inclusionist_reading	4	True	-0.04991505538807157	0.9315528632876693	0.9814679186757409	False	False	False	tangled_rope|snare|rope|snare	tangled_rope|snare|rope|snare	mountain|rope|rope|mountain
npat_regime_delegitimization	4	True	-0.024506148226483216	0.7945597951571295	0.8190659433836127	False	False	False	tangled_rope|tangled_rope|rope|snare	tangled_rope|tangled_rope|rope|snare	mountain|rope|rope|mountain
npt_article_iv_vi_pairing__abolitionist	4	True	0.35359999999999997	0.9315528632876693	0.5779528632876694	False	False	False	unknown|snare|snare|snare	unknown|snare|snare|snare	mountain|rope|rope|mountain
npt_article_iv_vi_pairing__grand_bargain	4	True	0.20680948117118816	0.7945597951571295	0.5877503139859414	False	False	False	tangled_rope|tangled_rope|naturalized|snare	tangled_rope|tangled_rope|naturalized|snare	mountain|rope|rope|mountain
npt_article_iv_vi_pairing__nonproliferation_primary	4	True	-0.04257460606629633	0.7945597951571295	0.8371344012234259	False	False	False	naturalized|tangled_rope|rope|snare	naturalized|tangled_rope|rope|snare	mountain|rope|rope|mountain
npt_treaty_1970__oligopoly_enforcement_reading	4	True	0.010071504390614185	0.7945597951571295	0.7844882907665153	False	False	False	naturalized|tangled_rope|naturalized|snare	naturalized|tangled_rope|naturalized|snare	mountain|rope|rope|mountain
npt_treaty_1970__reciprocal_disarmament_reading	4	True	-0.024506148226483216	0.7945597951571295	0.8190659433836127	False	False	False	tangled_rope|tangled_rope|rope|snare	tangled_rope|tangled_rope|rope|snare	mountain|rope|rope|mountain
npt_treaty_1970__withdrawal_sovereignty_reading	4	True	0.3016	0.7945597951571295	0.4929597951571295	False	False	False	naturalized|tangled_rope|tangled_rope|snare	naturalized|tangled_rope|tangled_rope|snare	mountain|rope|rope|mountain
npt_treaty_text__nnws_reading	4	True	0.15290602617813617	0.5205736588960505	0.36766763271791425	False	False	False	tangled_rope|tangled_rope|rope|tangled_rope	tangled_rope|tangled_rope|rope|tangled_rope	mountain|rope|rope|mountain
npt_treaty_text__nws_reading	4	True	0.0362136404368456	0.7397625679049138	0.7035489274680682	False	False	False	tangled_rope|tangled_rope|naturalized|snare	tangled_rope|tangled_rope|naturalized|snare	mountain|rope|rope|mountain
npt_treaty_text__withdrawal_threshold_reading	4	True	-0.021971029444433233	0.7123639542788058	0.734334983723239	False	False	False	tangled_rope|tangled_rope|rope|tangled_rope	tangled_rope|tangled_rope|rope|tangled_rope	mountain|rope|rope|mountain
nsl_legal_text__democratic_enclosure_reading	4	True	-0.03295654416664985	1.0685459314182089	1.1015024755848588	False	False	False	tangled_rope|snare|rope|snare	tangled_rope|snare|rope|snare	mountain|rope|rope|mountain
nsl_legal_text__jurisdictional_capture_reading	4	True	-0.024506148226483216	0.7945597951571295	0.8190659433836127	False	False	False	naturalized|tangled_rope|rope|snare	naturalized|tangled_rope|rope|snare	mountain|rope|rope|mountain
nsl_legal_text__sovereignty_restoration_reading	4	True	-0.048331553245615125	0.7123639542788058	0.7606955075244209	False	False	False	tangled_rope|tangled_rope|rope|snare	tangled_rope|tangled_rope|rope|snare	mountain|rope|rope|mountain
nuclear_impossibility_kernel__credibility_paradox_reading	4	True	0.07488390552014793	0.9315528632876693	0.8566689577675214	False	False	False	tangled_rope|snare|naturalized|snare	tangled_rope|snare|naturalized|snare	mountain|rope|rope|mountain
nuclear_impossibility_kernel__rational_dropout_reading	4	True	0.0418468883789062	0.5205736588960505	0.47872677051714424	False	False	False	tangled_rope|tangled_rope|rope|tangled_rope	tangled_rope|tangled_rope|rope|tangled_rope	mountain|rope|rope|mountain
nuclear_impossibility_kernel__structural_contraction_reading	4	True	-0.003380158376066651	0.10959445450443167	0.11297461288049832	True	True	False	mountain|scaffold|scaffold|mountain	mountain|scaffold|scaffold|mountain	mountain|rope|rope|mountain
ocean_acidification	4	True	-0.04991505538807157	0.9315528632876693	0.9814679186757409	False	False	False	scaffold|snare|scaffold|snare	scaffold|snare|scaffold|snare	mountain|rope|rope|mountain
ocean_governance_fragmentation	4	True	0.010071504390614185	0.7945597951571295	0.7844882907665153	False	False	False	naturalized|tangled_rope|naturalized|snare	naturalized|tangled_rope|naturalized|snare	mountain|rope|rope|mountain
one_country_two_systems_framework__autonomy_primacy_reading	4	True	0.6303933770055941	0.7945597951571295	0.16416641815153543	False	False	False	tangled_rope|tangled_rope|snare|snare	tangled_rope|tangled_rope|snare|snare	mountain|rope|rope|mountain
one_country_two_systems_framework__balanced_coexistence_reading	4	True	0.3727450937183137	0.6575667270265899	0.2848216333082762	True	False	False	tangled_rope|tangled_rope|tangled_rope|tangled_rope	rope|rope|rope|rope	mountain|rope|rope|mountain
one_country_two_systems_framework__sovereignty_primacy_reading	4	True	-0.028731346196566535	0.9315528632876693	0.9602842094842359	False	False	False	tangled_rope|snare|rope|snare	tangled_rope|snare|rope|snare	mountain|rope|rope|mountain
ontological_friction_resolution	4	True	0.06387156647306734	0.7945597951571295	0.7306882286840621	False	False	False	tangled_rope|tangled_rope|naturalized|snare	tangled_rope|tangled_rope|naturalized|snare	mountain|rope|rope|mountain
openai_default_data_training	4	True	-0.024506148226483216	0.7945597951571295	0.8190659433836127	False	False	False	naturalized|tangled_rope|rope|snare	naturalized|tangled_rope|rope|snare	mountain|rope|rope|mountain
openai_health_review	4	True	-0.028731346196566535	0.9315528632876693	0.9602842094842359	False	False	False	snare|snare|rope|snare	snare|snare|rope|snare	mountain|rope|rope|mountain
openclaw_regulation	4	True	0.16900379041174604	0.7945597951571295	0.6255560047453834	False	False	False	naturalized|tangled_rope|naturalized|snare	naturalized|tangled_rope|naturalized|snare	mountain|rope|rope|mountain
optimization_under_uncertainty	4	True	0.010071504390614185	0.7945597951571295	0.7844882907665153	False	False	False	naturalized|tangled_rope|naturalized|snare	naturalized|tangled_rope|naturalized|snare	mountain|rope|rope|mountain
organ_scarcity_moral_rationing	4	True	-0.024506148226483216	0.7945597951571295	0.8190659433836127	False	False	False	naturalized|tangled_rope|rope|snare	naturalized|tangled_rope|rope|snare	mountain|rope|rope|mountain
ost_article_ii_non_appropriation__commons_conservation	4	True	-0.024506148226483216	0.7945597951571295	0.8190659433836127	False	False	False	tangled_rope|tangled_rope|rope|snare	tangled_rope|tangled_rope|rope|snare	mountain|rope|rope|mountain
ost_article_ii_non_appropriation__extraction_permissive	4	True	-0.024506148226483216	0.7945597951571295	0.8190659433836127	False	False	False	tangled_rope|tangled_rope|rope|tangled_rope	tangled_rope|tangled_rope|rope|tangled_rope	mountain|rope|rope|mountain
ost_article_ii_non_appropriation__international_regime	4	True	-0.005087391388610282	0.47947573845688846	0.48456312984549876	False	False	False	scaffold|scaffold|scaffold|unknown	scaffold|scaffold|scaffold|unknown	mountain|rope|rope|mountain
overbite_developmental_drift	4	True	-0.013212808779195414	0.24658752263497122	0.25980033141416664	True	False	False	scaffold|scaffold|scaffold|scaffold	rope|rope|rope|rope	mountain|rope|rope|mountain
paleoclimate_proxy_substitution	4	True	0.15152063967949647	0.7123639542788058	0.5608433145993094	False	False	False	tangled_rope|tangled_rope|naturalized|tangled_rope	rope|rope|rope|rope	mountain|rope|rope|mountain
papal_temporal_authority_mountain	4	True	-0.007605356346149964	0.24658752263497122	0.2541928789811212	True	True	False	mountain|scaffold|scaffold|mountain	mountain|scaffold|scaffold|mountain	mountain|rope|rope|mountain
paris_article_4_ndc__equity_reading	4	True	-0.020280950256399904	0.6575667270265899	0.6778476772829898	False	False	False	tangled_rope|tangled_rope|rope|tangled_rope	tangled_rope|tangled_rope|rope|tangled_rope	mountain|rope|rope|mountain
paris_article_4_ndc__sovereigntist_reading	4	True	-0.01183055431623328	0.3835805907655109	0.39541114508174413	True	False	False	scaffold|scaffold|scaffold|scaffold	scaffold|scaffold|scaffold|scaffold	mountain|rope|rope|mountain
paris_article_4_ndc__supranational_reading	4	True	-0.024506148226483216	0.7945597951571295	0.8190659433836127	False	False	False	naturalized|tangled_rope|rope|snare	naturalized|tangled_rope|rope|snare	mountain|rope|rope|mountain
pathologization_of_poverty_and_marginalization	4	True	-0.028731346196566535	0.9315528632876693	0.9602842094842359	False	False	False	tangled_rope|tangled_rope|rope|snare	tangled_rope|tangled_rope|rope|snare	mountain|rope|rope|mountain
performative_vs_epistemic_conflict	4	True	-0.021971029444433233	0.7123639542788058	0.734334983723239	False	False	False	tangled_rope|tangled_rope|rope|tangled_rope	tangled_rope|tangled_rope|rope|tangled_rope	mountain|rope|rope|mountain
permissive_license_text__commons_coordination_reading	4	True	-0.005070237564099976	0.16439168175664748	0.16946191932074745	True	False	False	scaffold|scaffold|scaffold|scaffold	scaffold|scaffold|scaffold|scaffold	mountain|rope|rope|mountain
permissive_license_text__copyleft_counterfactual_reading	4	True	-0.026196227414516545	0.8493570224093454	0.875553249823862	False	False	False	snare|snare|rope|snare	snare|snare|rope|snare	mountain|rope|rope|mountain
permissive_license_text__corporate_moat_reading	4	True	-0.024506148226483216	0.7945597951571295	0.8190659433836127	False	False	False	tangled_rope|tangled_rope|rope|snare	tangled_rope|tangled_rope|rope|snare	mountain|rope|rope|mountain
perovskite_solar_cell_certification_gap	4	True	-0.021971029444433233	0.7123639542788058	0.734334983723239	False	False	False	tangled_rope|tangled_rope|rope|tangled_rope	tangled_rope|tangled_rope|rope|tangled_rope	mountain|rope|rope|mountain
personal_data_market_concentration	4	True	0.1981423749654954	0.9315528632876693	0.7334104883221739	False	False	False	tangled_rope|snare|naturalized|snare	tangled_rope|snare|naturalized|snare	mountain|rope|rope|mountain
personhood_boundary__birth_reading	4	True	-0.01183055431623328	0.3835805907655109	0.39541114508174413	False	False	False	unknown|rope|rope|unknown	unknown|rope|rope|unknown	mountain|rope|rope|mountain
personhood_boundary__birth_threshold_reading	4	True	-0.028731346196566535	0.9315528632876693	0.9602842094842359	False	False	False	tangled_rope|snare|rope|snare	tangled_rope|snare|rope|snare	mountain|rope|rope|mountain
personhood_boundary__conception_reading	4	True	-0.028731346196566535	0.9315528632876693	0.9602842094842359	False	False	False	snare|snare|rope|snare	snare|snare|rope|snare	mountain|rope|rope|mountain
personhood_boundary__developmental_capacity_reading	4	True	-0.024506148226483216	0.7945597951571295	0.8190659433836127	False	False	False	naturalized|tangled_rope|rope|snare	naturalized|tangled_rope|rope|snare	mountain|rope|rope|mountain
personhood_boundary__spartan_eugenic_reading	4	True	-0.03295654416664985	1.0685459314182089	1.1015024755848588	False	False	False	snare|snare|rope|snare	snare|snare|rope|snare	mountain|rope|rope|mountain
personhood_boundary__viability_reading	4	True	-0.024506148226483216	0.7945597951571295	0.8190659433836127	False	False	False	tangled_rope|tangled_rope|rope|snare	tangled_rope|tangled_rope|rope|snare	mountain|rope|rope|mountain
pharmaceutical_safety_obfuscation	4	True	0.11223456346996855	0.7945597951571295	0.682325231687161	False	False	False	naturalized|tangled_rope|naturalized|snare	naturalized|tangled_rope|naturalized|snare	mountain|rope|rope|mountain
planar_graph_embeddability	4	True	-0.009550081247850919	0.11040195532208537	0.11995203656993629	True	True	False	mountain|rope|rope|mountain	mountain|rope|rope|mountain	mountain|rope|rope|mountain
platform_content_moderation_snare	4	True	0.07488390552014793	0.9315528632876693	0.8566689577675214	False	False	False	tangled_rope|snare|naturalized|snare	tangled_rope|snare|naturalized|snare	mountain|rope|rope|mountain
platform_copyright_liability_shift	4	True	-0.04257460606629633	0.7945597951571295	0.8371344012234259	False	False	False	naturalized|tangled_rope|rope|snare	naturalized|tangled_rope|rope|snare	mountain|rope|rope|mountain
platform_lock_in_extraction	4	True	-0.04257460606629633	0.7945597951571295	0.8371344012234259	False	False	False	naturalized|tangled_rope|rope|snare	naturalized|tangled_rope|rope|snare	mountain|rope|rope|mountain
plural_marriage_mandate__endogenous_reinterpretation_reading	4	True	-0.01605575228631659	0.5205736588960505	0.5366294111823671	False	False	False	scaffold|scaffold|scaffold|unknown	scaffold|scaffold|scaffold|unknown	mountain|rope|rope|mountain
plural_marriage_mandate__exogenous_override_reading	4	True	-0.028731346196566535	0.9315528632876693	0.9602842094842359	False	False	False	snare|snare|rope|snare	snare|snare|rope|snare	mountain|rope|rope|mountain
plural_marriage_mandate__institutional_pragmatism_reading	4	True	0.09186683736905867	0.7945597951571295	0.7026929577880708	False	False	False	tangled_rope|tangled_rope|piton|snare	tangled_rope|tangled_rope|piton|snare	mountain|rope|rope|mountain
political_autonomy_mainland_territories	4	True	-0.024506148226483216	0.7945597951571295	0.8190659433836127	False	False	False	tangled_rope|tangled_rope|rope|snare	tangled_rope|tangled_rope|rope|snare	mountain|rope|rope|mountain
poverty_trap_asset_seizure	4	True	-0.0572555047098468	1.0685459314182089	1.1258014361280557	False	False	False	snare|snare|rope|snare	snare|snare|rope|snare	mountain|rope|rope|mountain
power_indexed_classification_variance	4	True	-0.020280950256399904	0.6575667270265899	0.6778476772829898	False	False	False	tangled_rope|tangled_rope|rope|tangled_rope	tangled_rope|tangled_rope|rope|tangled_rope	mountain|rope|rope|mountain
preah_vihear_territorial_claim	4	True	-0.024506148226483216	0.7945597951571295	0.8190659433836127	False	False	False	naturalized|tangled_rope|rope|snare	naturalized|tangled_rope|rope|snare	mountain|rope|rope|mountain
predictive_surveillance_extractiveness	4	True	-0.03295654416664985	1.0685459314182089	1.1015024755848588	False	False	False	tangled_rope|snare|rope|snare	tangled_rope|snare|rope|snare	mountain|rope|rope|mountain
preparedness_commitment__competence_reading	4	True	-0.007605356346149964	0.24658752263497122	0.2541928789811212	True	False	False	scaffold|scaffold|scaffold|scaffold	scaffold|scaffold|scaffold|scaffold	mountain|rope|rope|mountain
preparedness_commitment__husk_reading	4	True	-0.024506148226483216	0.7945597951571295	0.8190659433836127	False	False	False	unknown|unknown|rope|snare	unknown|unknown|rope|snare	mountain|rope|rope|mountain
preparedness_commitment__hybrid_reading	4	True	-0.005523453507634021	0.5205736588960505	0.5260971124036845	False	False	False	tangled_rope|tangled_rope|rope|tangled_rope	tangled_rope|tangled_rope|rope|tangled_rope	mountain|rope|rope|mountain
preparedness_retention__competence_reading	4	True	-0.007605356346149964	0.24658752263497122	0.2541928789811212	True	False	False	scaffold|scaffold|scaffold|scaffold	scaffold|scaffold|scaffold|scaffold	mountain|rope|rope|mountain
preparedness_retention__husk_reading	4	True	-0.024506148226483216	0.7945597951571295	0.8190659433836127	False	False	False	piton|tangled_rope|rope|snare	piton|tangled_rope|rope|snare	mountain|rope|rope|mountain
preparedness_retention__hybrid_reading	4	True	-0.005523453507634021	0.5205736588960505	0.5260971124036845	False	False	False	tangled_rope|tangled_rope|rope|tangled_rope	tangled_rope|tangled_rope|rope|tangled_rope	mountain|rope|rope|mountain
preparedness_transmission__competence_reading	4	True	-0.00929543553418329	0.30138474988718705	0.3106801854213703	True	False	False	scaffold|scaffold|scaffold|scaffold	scaffold|scaffold|scaffold|scaffold	mountain|rope|rope|mountain
preparedness_transmission__husk_reading	4	True	-0.021971029444433233	0.7123639542788058	0.734334983723239	False	False	False	tangled_rope|tangled_rope|rope|snare	tangled_rope|tangled_rope|rope|snare	mountain|rope|rope|mountain
preparedness_transmission__hybrid_reading	4	True	-0.01605575228631659	0.5205736588960505	0.5366294111823671	False	False	False	tangled_rope|tangled_rope|rope|tangled_rope	tangled_rope|tangled_rope|rope|tangled_rope	mountain|rope|rope|mountain
press_reformation_causality__beneficiary_deployment	4	True	0.4130163504519409	0.5205736588960505	0.10755730844410955	True	False	False	tangled_rope|tangled_rope|tangled_rope|tangled_rope	tangled_rope|tangled_rope|tangled_rope|tangled_rope	mountain|rope|rope|mountain
press_reformation_causality__precondition_convergence	4	True	-0.014788192895291596	0.47947573845688846	0.49426393135218005	False	False	False	scaffold|scaffold|scaffold|unknown	scaffold|scaffold|scaffold|unknown	mountain|rope|rope|mountain
press_reformation_causality__technological_inevitability	4	True	-0.003380158376066651	0.10959445450443167	0.11297461288049832	True	True	False	mountain|scaffold|scaffold|mountain	mountain|scaffold|scaffold|mountain	mountain|rope|rope|mountain
press_reformation_causation__mutual_shaping	4	True	-0.014788192895291596	0.47947573845688846	0.49426393135218005	False	False	False	tangled_rope|tangled_rope|rope|tangled_rope	tangled_rope|tangled_rope|rope|tangled_rope	mountain|rope|rope|mountain
press_reformation_causation__strategic_deployment	4	True	0.5651802690394981	0.7123639542788058	0.1471836852393077	True	False	False	tangled_rope|tangled_rope|tangled_rope|tangled_rope	rope|rope|rope|rope	mountain|rope|rope|mountain
press_reformation_causation__technological_determinism	4	True	-0.009550081247850919	0.11040195532208537	0.11995203656993629	True	True	False	mountain|rope|rope|mountain	mountain|rope|rope|mountain	mountain|rope|rope|mountain
preventive_medicine_implementation_gap	4	True	0.009029624626067892	0.7123639542788058	0.7033343296527379	False	False	False	tangled_rope|tangled_rope|naturalized|snare	tangled_rope|tangled_rope|naturalized|snare	mountain|rope|rope|mountain
primary_election_capture	4	True	-0.04257460606629633	0.7945597951571295	0.8371344012234259	False	False	False	tangled_rope|tangled_rope|rope|snare	tangled_rope|tangled_rope|rope|snare	mountain|rope|rope|mountain
privilege_architecture_coordination	4	True	-0.01605575228631659	0.5205736588960505	0.5366294111823671	False	False	False	scaffold|scaffold|scaffold|unknown	scaffold|scaffold|scaffold|unknown	mountain|rope|rope|mountain
processed_food_sodium_targeting	4	True	-0.024506148226483216	0.7945597951571295	0.8190659433836127	False	False	False	naturalized|snare|rope|snare	naturalized|snare|rope|snare	mountain|rope|rope|mountain
professional_licensing_barriers	4	True	-0.021971029444433233	0.7123639542788058	0.734334983723239	False	False	False	tangled_rope|tangled_rope|rope|snare	tangled_rope|tangled_rope|rope|snare	mountain|rope|rope|mountain
professional_table_tennis_labor_markets	4	True	-0.024506148226483216	0.7945597951571295	0.8190659433836127	False	False	False	naturalized|tangled_rope|rope|snare	naturalized|tangled_rope|rope|snare	mountain|rope|rope|mountain
provincial_tax_collection	4	True	0.057264163044819	0.7123639542788058	0.6550997912339869	False	False	False	tangled_rope|tangled_rope|naturalized|snare	tangled_rope|tangled_rope|naturalized|snare	mountain|rope|rope|mountain
public_health_mandate_authority__bodily_autonomy_primary	4	True	-0.05457513908790348	0.9315528632876693	0.9861280023755727	False	False	False	snare|snare|rope|snare	snare|snare|rope|snare	mountain|rope|rope|mountain
public_health_mandate_authority__proportionality_reading	4	True	-0.038170336473231196	0.7123639542788058	0.750534290752037	False	False	False	tangled_rope|tangled_rope|rope|tangled_rope	tangled_rope|tangled_rope|rope|tangled_rope	mountain|rope|rope|mountain
public_health_mandate_authority__public_health_primary	4	True	0.010071504390614185	0.7945597951571295	0.7844882907665153	False	False	False	naturalized|tangled_rope|naturalized|snare	naturalized|tangled_rope|naturalized|snare	mountain|rope|rope|mountain
qualified_immunity_doctrine__accountability_void_reading	4	True	-0.04747119692786895	1.1096438518573708	1.1571150487852397	False	False	False	tangled_rope|snare|rope|snare	tangled_rope|snare|rope|snare	mountain|rope|rope|mountain
qualified_immunity_doctrine__constitutional_fidelity_reading	4	True	-0.04991505538807157	0.9315528632876693	0.9814679186757409	False	False	False	snare|snare|rope|snare	snare|snare|rope|snare	mountain|rope|rope|mountain
qualified_immunity_doctrine__protective_scaffold_reading	4	True	-0.020280950256399904	0.6575667270265899	0.6778476772829898	False	False	False	tangled_rope|tangled_rope|rope|tangled_rope	tangled_rope|tangled_rope|rope|tangled_rope	mountain|rope|rope|mountain
quantum_critical_point_superconductivity	4	True	-0.022816069038449894	0.7397625679049138	0.7625786369433637	False	False	False	naturalized|tangled_rope|rope|snare	naturalized|tangled_rope|rope|snare	mountain|rope|rope|mountain
quantum_formalism__copenhagen_reading	4	True	-0.024506148226483216	0.7945597951571295	0.8190659433836127	False	False	False	tangled_rope|tangled_rope|rope|tangled_rope	tangled_rope|tangled_rope|rope|tangled_rope	mountain|rope|rope|mountain
quantum_formalism__many_worlds_reading	4	True	-0.01605575228631659	0.5205736588960505	0.5366294111823671	False	False	False	tangled_rope|tangled_rope|rope|tangled_rope	tangled_rope|tangled_rope|rope|tangled_rope	mountain|rope|rope|mountain
quantum_formalism__pilot_wave_reading	4	True	0.13549586697422675	0.5205736588960505	0.3850777919218237	False	False	False	tangled_rope|tangled_rope|rope|tangled_rope	tangled_rope|tangled_rope|rope|tangled_rope	mountain|rope|rope|mountain
quran_9_5_scope__abrogating_universal	4	True	0.011807970664858013	0.9315528632876693	0.9197448926228112	False	False	False	naturalized|snare|naturalized|snare	naturalized|snare|naturalized|snare	mountain|rope|rope|mountain
quran_9_5_scope__contextual_defensive	4	True	0.004862105567882712	0.3835805907655109	0.3787184851976282	True	False	False	scaffold|scaffold|scaffold|scaffold	scaffold|scaffold|scaffold|scaffold	mountain|rope|rope|mountain
quran_9_5_scope__progressive_synthesis	4	True	-0.014788192895291596	0.47947573845688846	0.49426393135218005	False	False	False	tangled_rope|tangled_rope|rope|tangled_rope	tangled_rope|tangled_rope|rope|tangled_rope	mountain|rope|rope|mountain
quran_hadith_substrate__reformist_ijtihad	4	True	-0.017745831474349917	0.5753708861482661	0.5931167176226161	False	False	False	tangled_rope|tangled_rope|rope|tangled_rope	tangled_rope|tangled_rope|rope|tangled_rope	mountain|rope|rope|mountain
quran_hadith_substrate__state_hybrid	4	True	-0.027893707422745877	0.5205736588960505	0.5484673663187963	False	False	False	tangled_rope|tangled_rope|rope|tangled_rope	tangled_rope|tangled_rope|rope|tangled_rope	mountain|rope|rope|mountain
quran_hadith_substrate__traditionalist_taqlid	4	True	0.010766090900311717	0.8493570224093454	0.8385909315090337	False	False	False	naturalized|snare|naturalized|snare	naturalized|snare|naturalized|snare	mountain|rope|rope|mountain
quran_ontological_status__created_reading	4	True	-0.020280950256399904	0.6575667270265899	0.6778476772829898	False	False	False	tangled_rope|tangled_rope|rope|tangled_rope	tangled_rope|tangled_rope|rope|tangled_rope	mountain|rope|rope|mountain
quran_ontological_status__state_enforced_creation_reading	4	True	-0.028731346196566535	0.9315528632876693	0.9602842094842359	False	False	False	tangled_rope|snare|rope|snare	tangled_rope|snare|rope|snare	mountain|rope|rope|mountain
quran_ontological_status__uncreated_reading	4	True	-0.053908270927801476	0.7701185238360375	0.824026794763839	False	False	False	naturalized|tangled_rope|rope|snare	naturalized|tangled_rope|rope|snare	mountain|rope|rope|mountain
quranic_gender_verses__contextual_egalitarian	4	True	-0.007558410063078134	0.7123639542788058	0.719922364341884	False	False	False	tangled_rope|tangled_rope|rope|snare	tangled_rope|tangled_rope|rope|snare	mountain|rope|rope|mountain
quranic_gender_verses__literal_hierarchical	4	True	-0.028731346196566535	0.9315528632876693	0.9602842094842359	False	False	False	tangled_rope|snare|rope|snare	tangled_rope|snare|rope|snare	mountain|rope|rope|mountain
quranic_gender_verses__progressive_abrogation	4	True	0.08589624456722851	1.0685459314182089	0.9826496868509803	False	False	False	tangled_rope|snare|naturalized|snare	tangled_rope|snare|naturalized|snare	mountain|rope|rope|mountain
qwerty_persistence__incumbent_preservation_reading	4	True	-0.038170336473231196	0.7123639542788058	0.750534290752037	False	False	False	naturalized|tangled_rope|rope|snare	naturalized|tangled_rope|rope|snare	mountain|rope|rope|mountain
qwerty_persistence__lapsed_alternatives_reading	4	True	-0.021487682807664568	0.2484043994746921	0.26989208228235667	True	True	False	unknown|rope|rope|rope	unknown|rope|rope|rope	mountain|rope|rope|mountain
qwerty_persistence_inevitability__path_dependency_reading	4	True	-0.009550081247850919	0.11040195532208537	0.11995203656993629	True	True	False	mountain|rope|rope|mountain	mountain|rope|rope|mountain	mountain|rope|rope|mountain
qwerty_persistence_inevitability__strategic_lock_in_reading	4	True	0.021396341372031214	0.7123639542788058	0.6909676129067747	False	False	False	tangled_rope|tangled_rope|naturalized|tangled_rope	rope|rope|rope|rope	mountain|rope|rope|mountain
qwerty_persistence_mechanism__beneficiary_extraction_reading	4	True	-0.024506148226483216	0.7945597951571295	0.8190659433836127	False	False	False	tangled_rope|tangled_rope|rope|snare	tangled_rope|tangled_rope|rope|snare	mountain|rope|rope|mountain
qwerty_persistence_mechanism__lock_in_reading	4	True	-0.014788192895291596	0.47947573845688846	0.49426393135218005	False	False	False	tangled_rope|tangled_rope|rope|tangled_rope	tangled_rope|tangled_rope|rope|tangled_rope	mountain|rope|rope|mountain
qwerty_persistence_mechanism__naturalization_reading	4	True	-0.017906402339720472	0.20700366622891006	0.22491006856863052	True	True	False	unknown|rope|rope|rope	unknown|rope|rope|rope	mountain|rope|rope|mountain
qwerty_vs_dvorak	4	True	-0.023238588835458228	0.7534618747179678	0.776700463553426	False	False	False	tangled_rope|tangled_rope|rope|snare	tangled_rope|tangled_rope|rope|snare	mountain|rope|rope|mountain
rating_agency_procyclicality	4	True	-0.028731346196566535	0.9315528632876693	0.9602842094842359	False	False	False	tangled_rope|snare|rope|snare	tangled_rope|snare|rope|snare	mountain|rope|rope|mountain
rbio_practice_norm_complex__hegemonic_extraction_reading	4	True	0.2424662882696689	0.9315528632876693	0.6890865750180004	False	False	False	tangled_rope|snare|naturalized|snare	tangled_rope|snare|naturalized|snare	mountain|rope|rope|mountain
rbio_practice_norm_complex__liberal_institutional_reading	4	True	0.15152063967949647	0.7123639542788058	0.5608433145993094	False	False	False	tangled_rope|tangled_rope|naturalized|tangled_rope	rope|rope|rope|rope	mountain|rope|rope|mountain
rbio_practice_norm_complex__sovereignty_maximalist_reading	4	True	-0.009884074697871406	0.9315528632876693	0.9414369379855407	False	False	False	snare|snare|rope|snare	snare|snare|rope|snare	mountain|rope|rope|mountain
reader_informed_consent	4	True	0.16900379041174604	0.7945597951571295	0.6255560047453834	False	False	False	tangled_rope|tangled_rope|naturalized|snare	tangled_rope|tangled_rope|naturalized|snare	mountain|rope|rope|mountain
reformation_composite__political_realignment_reading	4	True	-0.024506148226483216	0.7945597951571295	0.8190659433836127	False	False	False	naturalized|tangled_rope|rope|snare	naturalized|tangled_rope|rope|snare	mountain|rope|rope|mountain
reformation_composite__technological_mediation_reading	4	True	0.08068913235700055	0.10959445450443167	0.02890532214743112	True	True	False	mountain|scaffold|scaffold|mountain	mountain|scaffold|scaffold|mountain	mountain|rope|rope|mountain
reformation_composite__theological_fragmentation_reading	4	True	-0.038170336473231196	0.7123639542788058	0.750534290752037	False	False	False	tangled_rope|tangled_rope|rope|tangled_rope	tangled_rope|tangled_rope|rope|tangled_rope	mountain|rope|rope|mountain
reformation_event_boundary__composite_overdetermination_reading	4	True	-0.020280950256399904	0.6575667270265899	0.6778476772829898	False	False	False	naturalized|tangled_rope|rope|tangled_rope	naturalized|tangled_rope|rope|tangled_rope	mountain|rope|rope|mountain
reformation_event_boundary__political_swap_reading	4	True	-0.024506148226483216	0.7945597951571295	0.8190659433836127	False	False	False	naturalized|tangled_rope|rope|snare	naturalized|tangled_rope|rope|snare	mountain|rope|rope|mountain
reformation_event_boundary__theological_climb_reading	4	True	-0.01605575228631659	0.5205736588960505	0.5366294111823671	False	False	False	tangled_rope|tangled_rope|rope|tangled_rope	tangled_rope|tangled_rope|rope|tangled_rope	mountain|rope|rope|mountain
refugee_convention_text__expansive_humanitarian_reading	4	True	0.06387156647306734	0.7945597951571295	0.7306882286840621	False	False	False	tangled_rope|tangled_rope|naturalized|snare	tangled_rope|tangled_rope|naturalized|snare	mountain|rope|rope|mountain
refugee_convention_text__procedural_integrity_reading	4	True	0.15152063967949647	0.7123639542788058	0.5608433145993094	False	False	False	tangled_rope|tangled_rope|naturalized|snare	tangled_rope|tangled_rope|naturalized|snare	mountain|rope|rope|mountain
refugee_convention_text__restrictive_sovereignty_reading	4	True	0.3016	0.7945597951571295	0.4929597951571295	False	False	False	naturalized|tangled_rope|tangled_rope|snare	naturalized|tangled_rope|tangled_rope|snare	mountain|rope|rope|mountain
regional_military_balance_stability	4	True	-0.04257460606629633	0.7945597951571295	0.8371344012234259	False	False	False	naturalized|tangled_rope|rope|snare	naturalized|tangled_rope|rope|snare	mountain|rope|rope|mountain
regional_patron_state_competition	4	True	-0.00843053430112561	0.7945597951571295	0.8029903294582551	False	False	False	tangled_rope|tangled_rope|rope|snare	tangled_rope|tangled_rope|rope|snare	mountain|rope|rope|mountain
remonstrance_authority__crown_reading	4	True	0.35359999999999997	0.9315528632876693	0.5779528632876694	False	False	False	tangled_rope|snare|snare|snare	tangled_rope|snare|snare|snare	mountain|rope|rope|mountain
remonstrance_authority__magistrate_reading	4	True	-0.024506148226483216	0.7945597951571295	0.8190659433836127	False	False	False	tangled_rope|tangled_rope|rope|snare	tangled_rope|tangled_rope|rope|snare	mountain|rope|rope|mountain
researcher_credibility_signal	4	True	-0.021971029444433233	0.7123639542788058	0.734334983723239	False	False	False	tangled_rope|tangled_rope|rope|tangled_rope	tangled_rope|tangled_rope|rope|tangled_rope	mountain|rope|rope|mountain
resource_lock_in_mechanism	4	True	-0.024506148226483216	0.7945597951571295	0.8190659433836127	False	False	False	naturalized|tangled_rope|rope|snare	naturalized|tangled_rope|rope|snare	mountain|rope|rope|mountain
reward_model_misalignment	4	True	-0.024506148226483216	0.7945597951571295	0.8190659433836127	False	False	False	naturalized|tangled_rope|rope|snare	naturalized|tangled_rope|rope|snare	mountain|rope|rope|mountain
rfc9293_tcp_specification__middlebox_realism_reading	4	True	-0.024506148226483216	0.7945597951571295	0.8190659433836127	False	False	False	naturalized|tangled_rope|rope|snare	naturalized|tangled_rope|rope|snare	mountain|rope|rope|mountain
rfc9293_tcp_specification__optimization_latitude_reading	4	True	-0.007605356346149964	0.24658752263497122	0.2541928789811212	True	False	False	scaffold|scaffold|scaffold|scaffold	scaffold|scaffold|scaffold|scaffold	mountain|rope|rope|mountain
rfc9293_tcp_specification__strict_invariance_reading	4	True	-0.003380158376066651	0.10959445450443167	0.11297461288049832	True	False	False	scaffold|scaffold|scaffold|scaffold	scaffold|scaffold|scaffold|scaffold	mountain|rope|rope|mountain
rogers_commission_findings__actuarial_risk_acceptance	4	True	-0.024506148226483216	0.7945597951571295	0.8190659433836127	False	False	False	tangled_rope|tangled_rope|rope|snare	tangled_rope|tangled_rope|rope|snare	mountain|rope|rope|mountain
rogers_commission_findings__engineering_absolute_threshold	4	True	-0.024506148226483216	0.7945597951571295	0.8190659433836127	False	False	False	tangled_rope|tangled_rope|rope|snare	tangled_rope|tangled_rope|rope|snare	mountain|rope|rope|mountain
rogers_commission_findings__management_compliance_narrative	4	True	-0.006976993904379816	0.6575667270265899	0.6645437209309697	False	False	False	tangled_rope|tangled_rope|rope|tangled_rope	tangled_rope|tangled_rope|rope|tangled_rope	mountain|rope|rope|mountain
roman_tax_collection_system	4	True	-0.024506148226483216	0.7945597951571295	0.8190659433836127	False	False	False	tangled_rope|tangled_rope|rope|snare	tangled_rope|tangled_rope|rope|snare	mountain|rope|rope|mountain
rome_statute_jurisdiction__hybrid_complementarity_reading	4	True	-0.021971029444433233	0.7123639542788058	0.734334983723239	False	False	False	tangled_rope|tangled_rope|rope|tangled_rope	tangled_rope|tangled_rope|rope|tangled_rope	mountain|rope|rope|mountain
rome_statute_jurisdiction__sovereigntist_reading	4	True	-0.01605575228631659	0.5205736588960505	0.5366294111823671	False	False	False	tangled_rope|tangled_rope|rope|tangled_rope	tangled_rope|tangled_rope|rope|tangled_rope	mountain|rope|rope|mountain
rome_statute_jurisdiction__universalist_reading	4	True	0.038896132321056376	0.7945597951571295	0.7556636628360731	False	False	False	tangled_rope|tangled_rope|naturalized|snare	tangled_rope|tangled_rope|naturalized|snare	mountain|rope|rope|mountain
sacrifice_commandment__archive_maintenance	4	True	-0.017745831474349917	0.5753708861482661	0.5931167176226161	False	False	False	tangled_rope|tangled_rope|rope|tangled_rope	tangled_rope|tangled_rope|rope|tangled_rope	mountain|rope|rope|mountain
sacrifice_commandment__performance_only	4	True	-0.04991505538807157	0.9315528632876693	0.9814679186757409	False	False	False	snare|snare|rope|snare	snare|snare|rope|snare	mountain|rope|rope|mountain
sacrifice_commandment__study_as_performance	4	True	-0.002112598985041657	0.0684965340652698	0.07060913305031145	True	False	False	scaffold|scaffold|scaffold|scaffold	rope|rope|rope|rope	mountain|rope|rope|mountain
salic_prohibition__cognatic_reversion_reading	4	True	-0.01605575228631659	0.5205736588960505	0.5366294111823671	False	False	False	tangled_rope|tangled_rope|rope|tangled_rope	tangled_rope|tangled_rope|rope|tangled_rope	mountain|rope|rope|mountain
salic_prohibition__immutable_mandate_reading	4	True	-0.028731346196566535	0.9315528632876693	0.9602842094842359	False	False	False	snare|snare|rope|snare	snare|snare|rope|snare	mountain|rope|rope|mountain
salic_prohibition__sovereign_override_reading	4	True	-0.007558410063078134	0.7123639542788058	0.719922364341884	False	False	False	tangled_rope|tangled_rope|rope|snare	tangled_rope|tangled_rope|rope|snare	mountain|rope|rope|mountain
scam_doubt_manufacturing	4	True	-0.04991505538807157	0.9315528632876693	0.9814679186757409	False	False	False	tangled_rope|snare|rope|snare	tangled_rope|snare|rope|snare	mountain|rope|rope|mountain
school_choice_system	4	True	0.23391087870398386	0.7123639542788058	0.478453075574822	False	False	False	tangled_rope|naturalized|tangled_rope|tangled_rope	rope|rope|rope|rope	mountain|rope|rope|mountain
scientific_paradigm_lifecycle	4	True	-0.04257460606629633	0.7945597951571295	0.8371344012234259	False	False	False	tangled_rope|tangled_rope|rope|snare	tangled_rope|tangled_rope|rope|snare	mountain|rope|rope|mountain
script_as_identity__kemalist_rupture_reading	4	True	0.010071504390614185	0.7945597951571295	0.7844882907665153	False	False	False	naturalized|tangled_rope|naturalized|snare	naturalized|tangled_rope|naturalized|snare	mountain|rope|rope|mountain
script_as_identity__ottoman_continuity_reading	4	True	-0.024506148226483216	0.7945597951571295	0.8190659433836127	False	False	False	tangled_rope|tangled_rope|rope|snare	tangled_rope|tangled_rope|rope|snare	mountain|rope|rope|mountain
script_as_identity__phonetic_instrumentalism_reading	4	True	-0.014788192895291596	0.4722246409547858	0.4870128338500774	False	False	False	tangled_rope|tangled_rope|rope|tangled_rope	tangled_rope|tangled_rope|rope|tangled_rope	mountain|rope|rope|mountain
scriptural_authority_contest	4	True	-0.04257460606629633	0.7945597951571295	0.8371344012234259	False	False	False	naturalized|tangled_rope|rope|snare	naturalized|tangled_rope|rope|snare	mountain|rope|rope|mountain
second_amendment_arms_right__civic_republican_reading	4	True	0.3832733786957526	0.5205736588960505	0.13730028020029783	True	False	False	tangled_rope|tangled_rope|tangled_rope|tangled_rope	tangled_rope|tangled_rope|tangled_rope|tangled_rope	mountain|rope|rope|mountain
second_amendment_arms_right__collective_right_reading	4	True	-0.021971029444433233	0.7123639542788058	0.734334983723239	False	False	False	tangled_rope|tangled_rope|rope|snare	tangled_rope|tangled_rope|rope|snare	mountain|rope|rope|mountain
second_amendment_arms_right__individual_right_reading	4	True	0.6303933770055941	0.7945597951571295	0.16416641815153543	False	False	False	tangled_rope|tangled_rope|snare|snare	tangled_rope|tangled_rope|snare|snare	mountain|rope|rope|mountain
second_amendment_boundary__individual_right_reading	4	True	-0.04257460606629633	0.7945597951571295	0.8371344012234259	False	False	False	naturalized|tangled_rope|rope|snare	naturalized|tangled_rope|rope|snare	mountain|rope|rope|mountain
second_amendment_boundary__insurrectionist_reading	4	True	0.6303933770055941	0.7945597951571295	0.16416641815153543	False	False	False	tangled_rope|tangled_rope|snare|snare	tangled_rope|tangled_rope|snare|snare	mountain|rope|rope|mountain
second_amendment_boundary__militia_conditioned_reading	4	True	-0.021971029444433233	0.7123639542788058	0.734334983723239	False	False	False	tangled_rope|tangled_rope|rope|snare	tangled_rope|tangled_rope|rope|snare	mountain|rope|rope|mountain
second_amendment_scope__civic_right_reading	4	True	-0.01605575228631659	0.5205736588960505	0.5366294111823671	False	False	False	tangled_rope|tangled_rope|rope|tangled_rope	tangled_rope|tangled_rope|rope|tangled_rope	mountain|rope|rope|mountain
second_amendment_scope__collective_right_reading	4	True	-0.01183055431623328	0.3835805907655109	0.39541114508174413	False	False	False	unknown|rope|rope|unknown	unknown|rope|rope|unknown	mountain|rope|rope|mountain
second_amendment_scope__individual_right_reading	4	True	0.2609005954775204	0.7945597951571295	0.5336591996796091	False	False	False	tangled_rope|tangled_rope|naturalized|tangled_rope	tangled_rope|tangled_rope|naturalized|tangled_rope	mountain|rope|rope|mountain
second_amendment_text__collective_rights_reading	4	True	-0.021971029444433233	0.7123639542788058	0.734334983723239	False	False	False	tangled_rope|tangled_rope|rope|snare	tangled_rope|tangled_rope|rope|snare	mountain|rope|rope|mountain
second_amendment_text__collective_security_reading	4	True	-0.024506148226483216	0.7945597951571295	0.8190659433836127	False	False	False	tangled_rope|tangled_rope|rope|snare	tangled_rope|tangled_rope|rope|snare	mountain|rope|rope|mountain
second_amendment_text__collectivist_reading	4	True	-0.01183055431623328	0.3835805907655109	0.39541114508174413	True	False	False	scaffold|scaffold|scaffold|scaffold	scaffold|scaffold|scaffold|scaffold	mountain|rope|rope|mountain
second_amendment_text__hybrid_civic_reading	4	True	-0.020280950256399904	0.6575667270265899	0.6778476772829898	False	False	False	tangled_rope|tangled_rope|rope|tangled_rope	tangled_rope|tangled_rope|rope|tangled_rope	mountain|rope|rope|mountain
second_amendment_text__hybrid_scope_limitation_reading	4	True	-0.01605575228631659	0.5205736588960505	0.5366294111823671	False	False	False	tangled_rope|tangled_rope|rope|tangled_rope	tangled_rope|tangled_rope|rope|tangled_rope	mountain|rope|rope|mountain
second_amendment_text__individual_rights_reading	4	True	0.16900379041174604	0.7945597951571295	0.6255560047453834	False	False	False	naturalized|tangled_rope|naturalized|snare	naturalized|tangled_rope|naturalized|snare	mountain|rope|rope|mountain
second_amendment_text__individualist_reading	4	True	0.3016	0.7945597951571295	0.4929597951571295	False	False	False	naturalized|tangled_rope|snare|snare	naturalized|tangled_rope|snare|snare	mountain|rope|rope|mountain
second_amendment_text__originalist_civic_virtue_reading	4	True	-0.01605575228631659	0.5205736588960505	0.5366294111823671	False	False	False	tangled_rope|tangled_rope|rope|tangled_rope	tangled_rope|tangled_rope|rope|tangled_rope	mountain|rope|rope|mountain
secularization_pressure	4	True	0.010071504390614185	0.7945597951571295	0.7844882907665153	False	False	False	tangled_rope|tangled_rope|naturalized|snare	tangled_rope|tangled_rope|naturalized|snare	mountain|rope|rope|mountain
selection_pressure_architecture	4	True	-0.009011950459823928	0.8493570224093454	0.8583689728691694	False	False	False	tangled_rope|tangled_rope|rope|tangled_rope	tangled_rope|tangled_rope|rope|tangled_rope	mountain|rope|rope|mountain
selective_retention_necessity	4	True	-0.021971029444433233	0.7123639542788058	0.734334983723239	False	False	False	tangled_rope|tangled_rope|rope|tangled_rope	tangled_rope|tangled_rope|rope|tangled_rope	mountain|rope|rope|mountain
separation_of_powers_text__formalist_reading	4	True	-0.009884074697871406	0.9315528632876693	0.9414369379855407	False	False	False	tangled_rope|snare|rope|snare	tangled_rope|snare|rope|snare	mountain|rope|rope|mountain
separation_of_powers_text__functionalist_reading	4	True	0.0418468883789062	0.5045604121684384	0.4627135237895322	False	False	False	unknown|unknown|rope|unknown	unknown|unknown|rope|unknown	mountain|rope|rope|mountain
separation_of_powers_text__unitary_executive_reading	4	True	-0.024506148226483216	0.7945597951571295	0.8190659433836127	False	False	False	naturalized|tangled_rope|rope|snare	naturalized|tangled_rope|rope|snare	mountain|rope|rope|mountain
settlement_fait_accompli	4	True	0.5781165432332518	0.9315528632876693	0.3534363200544175	False	False	False	snare|snare|tangled_rope|snare	snare|snare|tangled_rope|snare	mountain|rope|rope|mountain
sex_gender_category__biology_reading	4	True	-0.024506148226483216	0.7945597951571295	0.8190659433836127	False	False	False	naturalized|tangled_rope|rope|snare	naturalized|tangled_rope|rope|snare	mountain|rope|rope|mountain
sex_gender_category__hybrid_reading	4	True	-0.04257460606629633	0.7945597951571295	0.8371344012234259	False	False	False	naturalized|tangled_rope|rope|snare	naturalized|tangled_rope|rope|snare	mountain|rope|rope|mountain
sex_gender_category__identity_reading	4	True	-0.021971029444433233	0.7123639542788058	0.734334983723239	False	False	False	tangled_rope|tangled_rope|rope|snare	tangled_rope|tangled_rope|rope|snare	mountain|rope|rope|mountain
shinbutsu_coexistence_commitment__domain_partition_reading	4	True	-0.003197788872840749	0.30138474988718705	0.3045825387600278	True	False	False	scaffold|scaffold|scaffold|scaffold	scaffold|scaffold|scaffold|scaffold	mountain|rope|rope|mountain
shinbutsu_coexistence_commitment__incoherent_bundle_reading	4	True	-0.024506148226483216	0.7945597951571295	0.8190659433836127	False	False	False	tangled_rope|tangled_rope|rope|snare	tangled_rope|tangled_rope|rope|snare	mountain|rope|rope|mountain
shinbutsu_coexistence_commitment__syncretic_fusion_reading	4	True	0.2704	0.7123639542788058	0.44196395427880586	False	False	False	naturalized|tangled_rope|tangled_rope|snare	naturalized|tangled_rope|tangled_rope|snare	mountain|rope|rope|mountain
simultaneous_veneration__domain_partition_reading	4	True	-0.002112598985041657	0.0684965340652698	0.07060913305031145	True	False	False	scaffold|scaffold|scaffold|scaffold	rope|rope|rope|rope	mountain|rope|rope|mountain
simultaneous_veneration__ontological_fusion_reading	4	True	-0.024506148226483216	0.7945597951571295	0.8190659433836127	False	False	False	tangled_rope|tangled_rope|rope|snare	tangled_rope|tangled_rope|rope|snare	mountain|rope|rope|mountain
simultaneous_veneration__pragmatic_incoherence_reading	4	True	-0.026196227414516545	0.8493570224093454	0.875553249823862	False	False	False	snare|snare|rope|snare	snare|snare|rope|snare	mountain|rope|rope|mountain
slot_trading_secondary_market	4	True	-0.021971029444433233	0.7123639542788058	0.734334983723239	False	False	False	tangled_rope|tangled_rope|rope|tangled_rope	tangled_rope|tangled_rope|rope|tangled_rope	mountain|rope|rope|mountain
smallholder_tenure_insecurity	4	True	-0.04257460606629633	0.7945597951571295	0.8371344012234259	False	False	False	naturalized|tangled_rope|rope|snare	naturalized|tangled_rope|rope|snare	mountain|rope|rope|mountain
social_conformity_infrastructure	4	True	-0.01605575228631659	0.5205736588960505	0.5366294111823671	False	False	False	tangled_rope|tangled_rope|rope|tangled_rope	tangled_rope|tangled_rope|rope|tangled_rope	mountain|rope|rope|mountain
software_keyboard_driver_standardization	4	True	0.009029624626067892	0.7123639542788058	0.7033343296527379	False	False	False	tangled_rope|tangled_rope|naturalized|snare	tangled_rope|tangled_rope|naturalized|snare	mountain|rope|rope|mountain
solid_state_phased_array_steering	4	True	-0.014325121871776378	0.16560293298312803	0.1799280548549044	True	True	False	mountain|rope|rope|mountain	mountain|rope|rope|mountain	mountain|rope|rope|mountain
solidarity_mirror_trap	4	True	-0.022816069038449894	0.6927377720447688	0.7155538410832187	False	False	False	tangled_rope|tangled_rope|rope|snare	tangled_rope|tangled_rope|rope|snare	mountain|rope|rope|mountain
soteriological_kernel_contest	4	True	0.3016	0.7945597951571295	0.4929597951571295	False	False	False	piton|tangled_rope|tangled_rope|snare	piton|tangled_rope|tangled_rope|snare	mountain|rope|rope|mountain
sound_money_scarcity_anchor	4	True	0.3035996784237043	0.7945597951571295	0.4909601167334252	False	False	False	tangled_rope|tangled_rope|naturalized|tangled_rope	tangled_rope|tangled_rope|naturalized|tangled_rope	mountain|rope|rope|mountain
south_china_sea_freedom_of_navigation	4	True	-0.024506148226483216	0.7945597951571295	0.8190659433836127	False	False	False	naturalized|tangled_rope|rope|snare	naturalized|tangled_rope|rope|snare	mountain|rope|rope|mountain
sovereign_legitimacy__constitutional_hybrid_reading	4	True	-0.013520633504266605	0.4383778180177267	0.45189845152199326	False	False	False	unknown|unknown|rope|unknown	unknown|unknown|rope|unknown	mountain|rope|rope|mountain
sovereign_legitimacy__monarchical_reading	4	True	-0.053908270927801476	0.7945597951571295	0.848468066084931	False	False	False	tangled_rope|tangled_rope|rope|snare	tangled_rope|tangled_rope|rope|snare	mountain|rope|rope|mountain
sovereign_legitimacy__republican_reading	4	True	-0.01605575228631659	0.5205736588960505	0.5366294111823671	False	False	False	tangled_rope|tangled_rope|rope|tangled_rope	tangled_rope|tangled_rope|rope|tangled_rope	mountain|rope|rope|mountain
sovereignty_cost_premium	4	True	-0.007605356346149964	0.24658752263497122	0.2541928789811212	True	False	False	scaffold|scaffold|scaffold|scaffold	scaffold|scaffold|scaffold|scaffold	mountain|rope|rope|mountain
spanish_political_opposition_suppression	4	True	0.0279798310249639	0.9315528632876693	0.9035730322627054	False	False	False	unknown|snare|naturalized|snare	unknown|snare|naturalized|snare	mountain|rope|rope|mountain
speculative_price_volatility	4	True	-0.024506148226483216	0.7945597951571295	0.8190659433836127	False	False	False	naturalized|tangled_rope|rope|snare	naturalized|tangled_rope|rope|snare	mountain|rope|rope|mountain
speech_harm_boundary__absolutist_reading	4	True	-0.024506148226483216	0.7945597951571295	0.8190659433836127	False	False	False	naturalized|tangled_rope|rope|snare	naturalized|tangled_rope|rope|snare	mountain|rope|rope|mountain
speech_harm_boundary__dignity_reading	4	True	-0.028731346196566535	0.9315528632876693	0.9602842094842359	False	False	False	snare|snare|rope|snare	snare|snare|rope|snare	mountain|rope|rope|mountain
speech_harm_boundary__harm_balancing_reading	4	True	-0.021971029444433233	0.7123639542788058	0.734334983723239	False	False	False	tangled_rope|tangled_rope|rope|tangled_rope	tangled_rope|tangled_rope|rope|tangled_rope	mountain|rope|rope|mountain
speech_protection_boundary__balancing_reading	4	True	-0.024506148226483216	0.7945597951571295	0.8190659433836127	False	False	False	tangled_rope|tangled_rope|rope|snare	tangled_rope|tangled_rope|rope|snare	mountain|rope|rope|mountain
speech_protection_boundary__dignitary_harm_reading	4	True	-0.021971029444433233	0.7123639542788058	0.734334983723239	False	False	False	tangled_rope|tangled_rope|rope|tangled_rope	tangled_rope|tangled_rope|rope|tangled_rope	mountain|rope|rope|mountain
speech_protection_boundary__near_absolutist_reading	4	True	-0.01605575228631659	0.5205736588960505	0.5366294111823671	False	False	False	tangled_rope|rope|rope|tangled_rope	tangled_rope|rope|rope|tangled_rope	mountain|rope|rope|mountain
speech_protection_kernel__absolutist_reading	4	True	-0.026196227414516545	0.8493570224093454	0.875553249823862	False	False	False	tangled_rope|tangled_rope|rope|tangled_rope	tangled_rope|tangled_rope|rope|tangled_rope	mountain|rope|rope|mountain
speech_protection_kernel__democratic_participation_reading	4	True	-0.01605575228631659	0.5205736588960505	0.5366294111823671	False	False	False	tangled_rope|tangled_rope|rope|tangled_rope	tangled_rope|tangled_rope|rope|tangled_rope	mountain|rope|rope|mountain
speech_protection_kernel__dignity_reading	4	True	-0.021971029444433233	0.7123639542788058	0.734334983723239	False	False	False	tangled_rope|tangled_rope|rope|tangled_rope	tangled_rope|tangled_rope|rope|tangled_rope	mountain|rope|rope|mountain
speech_protection_kernel__harm_threshold_reading	4	True	0.5471905188288118	0.7945597951571295	0.24736927632831773	False	False	False	tangled_rope|tangled_rope|tangled_rope|snare	tangled_rope|tangled_rope|tangled_rope|snare	mountain|rope|rope|mountain
speech_protection_kernel__marketplace_reading	4	True	-0.01605575228631659	0.5205736588960505	0.5366294111823671	False	False	False	tangled_rope|tangled_rope|rope|tangled_rope	tangled_rope|tangled_rope|rope|tangled_rope	mountain|rope|rope|mountain
state_commitment_installation_mechanism__endogenous_climb_reading	4	True	-0.01605575228631659	0.5205736588960505	0.5366294111823671	False	False	False	tangled_rope|tangled_rope|rope|tangled_rope	tangled_rope|tangled_rope|rope|tangled_rope	mountain|rope|rope|mountain
state_commitment_installation_mechanism__exogenous_imposition_reading	4	True	-0.04551078579500643	0.8493570224093454	0.8948678082043519	False	False	False	naturalized|snare|rope|snare	naturalized|snare|rope|snare	mountain|rope|rope|mountain
state_commitment_installation_mechanism__hybrid_cascade_reading	4	True	-0.021971029444433233	0.7123639542788058	0.734334983723239	False	False	False	tangled_rope|tangled_rope|rope|tangled_rope	tangled_rope|tangled_rope|rope|tangled_rope	mountain|rope|rope|mountain
state_execution_authority__abolition_reading	4	True	-0.07383695288363411	1.2603362268009641	1.3341731796845981	False	False	False	unknown|snare|rope|snare	unknown|snare|rope|snare	mountain|rope|rope|mountain
state_execution_authority__deterrence_reading	4	True	-0.021971029444433233	0.7123639542788058	0.734334983723239	False	False	False	tangled_rope|tangled_rope|rope|snare	tangled_rope|tangled_rope|rope|snare	mountain|rope|rope|mountain
state_execution_authority__retributive_reading	4	True	-0.028731346196566535	0.9315528632876693	0.9602842094842359	False	False	False	tangled_rope|naturalized|rope|snare	tangled_rope|naturalized|rope|snare	mountain|rope|rope|mountain
state_killing_authority__abolition_reading	4	True	-0.009550081247850919	0.11040195532208537	0.11995203656993629	True	True	False	mountain|rope|rope|mountain	mountain|rope|rope|mountain	mountain|rope|rope|mountain
state_killing_authority__deterrence_reading	4	True	-0.026196227414516545	0.8493570224093454	0.875553249823862	False	False	False	snare|snare|rope|snare	snare|snare|rope|snare	mountain|rope|rope|mountain
state_killing_authority__retributive_reading	4	True	-0.024506148226483216	0.7945597951571295	0.8190659433836127	False	False	False	tangled_rope|tangled_rope|rope|snare	tangled_rope|tangled_rope|rope|snare	mountain|rope|rope|mountain
state_killing_legitimacy__abolition_reading	4	True	-0.03464662335468317	1.1233431586704243	1.1579897820251075	False	False	False	snare|snare|rope|snare	snare|snare|rope|snare	mountain|rope|rope|mountain
state_killing_legitimacy__deterrence_reading	4	True	-0.020280950256399904	0.6575667270265899	0.6778476772829898	False	False	False	tangled_rope|tangled_rope|rope|tangled_rope	tangled_rope|tangled_rope|rope|tangled_rope	mountain|rope|rope|mountain
state_killing_legitimacy__retributive_reading	4	True	-0.028731346196566535	0.9315528632876693	0.9602842094842359	False	False	False	snare|snare|rope|snare	snare|snare|rope|snare	mountain|rope|rope|mountain
state_recognition_vs_indigenous_presence	4	True	0.011807970664858013	0.9315528632876693	0.9197448926228112	False	False	False	snare|snare|naturalized|snare	snare|snare|naturalized|snare	mountain|rope|rope|mountain
state_surveillance_capacity_extraction	4	True	-0.028731346196566535	0.9315528632876693	0.9602842094842359	False	False	False	tangled_rope|snare|rope|snare	tangled_rope|snare|rope|snare	mountain|rope|rope|mountain
status_market_fragmentation	4	True	-0.007558410063078134	0.7123639542788058	0.719922364341884	False	False	False	tangled_rope|tangled_rope|rope|tangled_rope	tangled_rope|tangled_rope|rope|tangled_rope	mountain|rope|rope|mountain
statute_of_anne_ip_foundation__conceptual_emergence_reading	4	True	-0.014788192895291596	0.47947573845688846	0.49426393135218005	False	False	False	tangled_rope|tangled_rope|rope|tangled_rope	tangled_rope|tangled_rope|rope|tangled_rope	mountain|rope|rope|mountain
statute_of_anne_ip_foundation__entangled_event_reading	4	True	0.010071504390614185	0.7945597951571295	0.7844882907665153	False	False	False	naturalized|tangled_rope|naturalized|snare	naturalized|tangled_rope|naturalized|snare	mountain|rope|rope|mountain
statute_of_anne_ip_foundation__institutional_reallocation_reading	4	True	0.5651802690394981	0.7123639542788058	0.1471836852393077	True	False	False	tangled_rope|tangled_rope|tangled_rope|tangled_rope	rope|rope|rope|rope	mountain|rope|rope|mountain
statutory_debt_ceiling__constitutional_nullity_reading	4	True	0.0	0.0	0.0	True	True	False	mountain|rope|rope|mountain	mountain|rope|rope|mountain	mountain|rope|rope|mountain
statutory_debt_ceiling__coordination_scaffold_reading	4	True	-0.00929543553418329	0.30138474988718705	0.3106801854213703	True	False	False	scaffold|scaffold|scaffold|scaffold	scaffold|scaffold|scaffold|scaffold	mountain|rope|rope|mountain
statutory_debt_ceiling__extraction_snare_reading	4	True	-0.028731346196566535	0.9315528632876693	0.9602842094842359	False	False	False	naturalized|snare|rope|snare	naturalized|snare|rope|snare	mountain|rope|rope|mountain
stone_land_use_rule__behavioral_competence	4	True	-0.007605356346149964	0.24658752263497122	0.2541928789811212	True	False	False	scaffold|scaffold|scaffold|scaffold	rope|rope|rope|rope	mountain|rope|rope|mountain
stone_land_use_rule__commemorative_husk	4	True	-0.028731346196566535	0.9315528632876693	0.9602842094842359	False	False	False	unknown|unknown|rope|unknown	unknown|unknown|rope|unknown	mountain|rope|rope|mountain
structural_adjustment_conditionalities__creditor_coordination_reading	4	True	-0.01183055431623328	0.3835805907655109	0.39541114508174413	True	False	False	scaffold|scaffold|scaffold|scaffold	scaffold|scaffold|scaffold|scaffold	mountain|rope|rope|mountain
structural_adjustment_conditionalities__debtor_extraction_reading	4	True	-0.0572555047098468	1.0685459314182089	1.1258014361280557	False	False	False	tangled_rope|snare|rope|snare	tangled_rope|snare|rope|snare	mountain|rope|rope|mountain
structural_adjustment_conditionalities__hybrid_selectivity_reading	4	True	0.010766090900311717	0.8493570224093454	0.8385909315090337	False	False	False	snare|snare|naturalized|snare	snare|snare|naturalized|snare	mountain|rope|rope|mountain
structural_position_constraint_divergence	4	True	-0.021971029444433233	0.7123639542788058	0.734334983723239	False	False	False	tangled_rope|tangled_rope|rope|tangled_rope	tangled_rope|tangled_rope|rope|tangled_rope	mountain|rope|rope|mountain
subscriber_attention_commons	4	True	-0.024506148226483216	0.7945597951571295	0.8190659433836127	False	False	False	naturalized|tangled_rope|rope|snare	naturalized|tangled_rope|rope|snare	mountain|rope|rope|mountain
subscription_retention_imperative	4	True	-0.024506148226483216	0.7945597951571295	0.8190659433836127	False	False	False	naturalized|tangled_rope|rope|snare	naturalized|tangled_rope|rope|snare	mountain|rope|rope|mountain
substance_control_authority__harm_reduction_reading	4	True	-0.01605575228631659	0.5205736588960505	0.5366294111823671	False	False	False	tangled_rope|rope|rope|tangled_rope	tangled_rope|rope|rope|tangled_rope	mountain|rope|rope|mountain
substance_control_authority__legalization_reading	4	True	0.11072662130424742	0.5205736588960505	0.409847037591803	False	False	False	tangled_rope|tangled_rope|rope|tangled_rope	tangled_rope|tangled_rope|rope|tangled_rope	mountain|rope|rope|mountain
substance_control_authority__prohibition_reading	4	True	-0.028731346196566535	0.9315528632876693	0.9602842094842359	False	False	False	tangled_rope|snare|rope|snare	tangled_rope|snare|rope|snare	mountain|rope|rope|mountain
substance_control_kernel__harm_reduction_reading	4	True	0.006598571842126536	0.5205736588960505	0.5139750870539239	False	False	False	tangled_rope|tangled_rope|rope|tangled_rope	tangled_rope|tangled_rope|rope|tangled_rope	mountain|rope|rope|mountain
substance_control_kernel__legalization_reading	4	True	0.038543186664782014	0.47947573845688846	0.44093255179210644	False	False	False	unknown|rope|rope|unknown	unknown|rope|rope|unknown	mountain|rope|rope|mountain
substance_control_kernel__prohibition_reading	4	True	-0.039852362853025784	0.9315528632876693	0.971405226140695	False	False	False	tangled_rope|snare|rope|snare	tangled_rope|snare|rope|snare	mountain|rope|rope|mountain
substance_control_legitimacy__harm_reduction_reading	4	True	-0.020280950256399904	0.6575667270265899	0.6778476772829898	False	False	False	tangled_rope|tangled_rope|rope|tangled_rope	tangled_rope|tangled_rope|rope|tangled_rope	mountain|rope|rope|mountain
substance_control_legitimacy__legalization_reading	4	True	-0.021971029444433233	0.7123639542788058	0.734334983723239	False	False	False	tangled_rope|tangled_rope|rope|tangled_rope	tangled_rope|tangled_rope|rope|tangled_rope	mountain|rope|rope|mountain
substance_control_legitimacy__prohibition_reading	4	True	-0.028731346196566535	0.9315528632876693	0.9602842094842359	False	False	False	tangled_rope|snare|rope|snare	tangled_rope|snare|rope|snare	mountain|rope|rope|mountain
sunk_cost_escalation	4	True	-0.024506148226483216	0.7945597951571295	0.8190659433836127	False	False	False	tangled_rope|tangled_rope|rope|snare	tangled_rope|tangled_rope|rope|snare	mountain|rope|rope|mountain
supermajority_threshold__adaptive_gradient_reading	4	True	-0.021971029444433233	0.7123639542788058	0.734334983723239	False	False	False	tangled_rope|tangled_rope|rope|tangled_rope	tangled_rope|tangled_rope|rope|tangled_rope	mountain|rope|rope|mountain
supermajority_threshold__consensus_safeguard_reading	4	True	-0.01183055431623328	0.3835805907655109	0.39541114508174413	True	False	False	scaffold|scaffold|scaffold|scaffold	scaffold|scaffold|scaffold|scaffold	mountain|rope|rope|mountain
supermajority_threshold__minoritarian_veto_reading	4	True	-0.04991505538807157	0.9315528632876693	0.9814679186757409	False	False	False	tangled_rope|snare|rope|snare	tangled_rope|snare|rope|snare	mountain|rope|rope|mountain
switching_cost_asymmetry	4	True	-0.021971029444433233	0.7123639542788058	0.734334983723239	False	False	False	tangled_rope|tangled_rope|rope|tangled_rope	tangled_rope|tangled_rope|rope|tangled_rope	mountain|rope|rope|mountain
takings_clause_boundary__categorical_takings_reading	4	True	-0.024506148226483216	0.7945597951571295	0.8190659433836127	False	False	False	naturalized|tangled_rope|rope|snare	naturalized|tangled_rope|rope|snare	mountain|rope|rope|mountain
takings_clause_boundary__physical_appropriation_reading	4	True	-0.01605575228631659	0.5205736588960505	0.5366294111823671	False	False	False	tangled_rope|tangled_rope|rope|tangled_rope	tangled_rope|tangled_rope|rope|tangled_rope	mountain|rope|rope|mountain
takings_clause_boundary__regulatory_takings_reading	4	True	-0.021971029444433233	0.7123639542788058	0.734334983723239	False	False	False	tangled_rope|tangled_rope|rope|tangled_rope	tangled_rope|tangled_rope|rope|tangled_rope	mountain|rope|rope|mountain
tcp_ip_interpretation__neutrality_reading	4	True	0.5651802690394981	0.7123639542788058	0.1471836852393077	True	False	False	tangled_rope|tangled_rope|tangled_rope|tangled_rope	rope|rope|rope|rope	mountain|rope|rope|mountain
tcp_ip_interpretation__prioritization_reading	4	True	-0.024506148226483216	0.7945597951571295	0.8190659433836127	False	False	False	naturalized|tangled_rope|rope|snare	naturalized|tangled_rope|rope|snare	mountain|rope|rope|mountain
tcp_ip_interpretation__zero_rating_reading	4	True	0.010071504390614185	0.7945597951571295	0.7844882907665153	False	False	False	naturalized|tangled_rope|naturalized|snare	naturalized|tangled_rope|naturalized|snare	mountain|rope|rope|mountain
technology_reformation_causality__beneficiary_agency_reading	4	True	0.009029624626067892	0.7123639542788058	0.7033343296527379	False	False	False	tangled_rope|tangled_rope|naturalized|snare	tangled_rope|tangled_rope|naturalized|snare	mountain|rope|rope|mountain
technology_reformation_causality__co_constitution_reading	4	True	-0.01605575228631659	0.5205736588960505	0.5366294111823671	False	False	False	tangled_rope|tangled_rope|rope|tangled_rope	tangled_rope|tangled_rope|rope|tangled_rope	mountain|rope|rope|mountain
technology_reformation_causality__technological_determinism_reading	4	True	-0.007605356346149964	0.24658752263497122	0.2541928789811212	True	True	False	mountain|scaffold|scaffold|mountain	mountain|scaffold|scaffold|mountain	mountain|rope|rope|mountain
temple_sacrifice_obligation__messianic_suspension	4	True	-0.003380158376066651	0.10959445450443167	0.11297461288049832	True	False	False	scaffold|scaffold|scaffold|scaffold	rope|rope|rope|rope	mountain|rope|rope|mountain
temple_sacrifice_obligation__study_as_archiving	4	True	0.019750468958798045	0.6575667270265899	0.6378162580677919	False	False	False	tangled_rope|tangled_rope|naturalized|tangled_rope	tangled_rope|tangled_rope|naturalized|tangled_rope	mountain|rope|rope|mountain
temple_sacrifice_obligation__study_as_occupation	4	True	-0.005070237564099976	0.16439168175664748	0.16946191932074745	True	False	False	scaffold|scaffold|scaffold|scaffold	rope|rope|rope|rope	mountain|rope|rope|mountain
tenure_contract__academic_freedom_reading	4	True	-0.01183055431623328	0.3835805907655109	0.39541114508174413	True	False	False	scaffold|scaffold|scaffold|scaffold	scaffold|scaffold|scaffold|scaffold	mountain|rope|rope|mountain
tenure_contract__demographic_reproduction_reading	4	True	-0.024506148226483216	0.7945597951571295	0.8190659433836127	False	False	False	tangled_rope|tangled_rope|rope|snare	tangled_rope|tangled_rope|rope|snare	mountain|rope|rope|mountain
tenure_contract__institutional_extraction_reading	4	True	-0.04551078579500643	0.8493570224093454	0.8948678082043519	False	False	False	naturalized|snare|rope|snare	naturalized|snare|rope|snare	mountain|rope|rope|mountain
territorial_legitimacy__indigenous_continuity_reading	4	True	-0.028731346196566535	0.9315528632876693	0.9602842094842359	False	False	False	snare|snare|rope|snare	snare|snare|rope|snare	mountain|rope|rope|mountain
territorial_legitimacy__partition_reading	4	True	-0.024506148226483216	0.7945597951571295	0.8190659433836127	False	False	False	tangled_rope|tangled_rope|rope|snare	tangled_rope|tangled_rope|rope|snare	mountain|rope|rope|mountain
territorial_legitimacy__security_necessity_reading	4	True	-0.028731346196566535	0.9315528632876693	0.9602842094842359	False	False	False	tangled_rope|snare|rope|snare	tangled_rope|snare|rope|snare	mountain|rope|rope|mountain
territorial_legitimacy_dual__palestinian_autochthony_reading	4	True	-0.05457513908790348	0.9315528632876693	0.9861280023755727	False	False	False	unknown|snare|rope|snare	unknown|snare|rope|snare	mountain|rope|rope|mountain
territorial_legitimacy_dual__two_state_coexistence_reading	4	True	-0.023238588835458228	0.7534618747179678	0.776700463553426	False	False	False	naturalized|tangled_rope|rope|snare	naturalized|tangled_rope|rope|snare	mountain|rope|rope|mountain
territorial_legitimacy_dual__zionist_refuge_reading	4	True	-0.024506148226483216	0.7945597951571295	0.8190659433836127	False	False	False	naturalized|tangled_rope|rope|snare	naturalized|tangled_rope|rope|snare	mountain|rope|rope|mountain
territorial_sovereignty_legitimacy__covenant_continuity_reading	4	True	0.010071504390614185	0.7945597951571295	0.7844882907665153	False	False	False	tangled_rope|tangled_rope|naturalized|snare	tangled_rope|tangled_rope|naturalized|snare	mountain|rope|rope|mountain
territorial_sovereignty_legitimacy__existential_matrix_reading	4	True	-0.028731346196566535	0.9315528632876693	0.9602842094842359	False	False	False	snare|snare|rope|snare	snare|snare|rope|snare	mountain|rope|rope|mountain
territorial_sovereignty_legitimacy__self_determination_reading	4	True	0.3016	0.7945597951571295	0.4929597951571295	False	False	False	naturalized|tangled_rope|snare|snare	naturalized|tangled_rope|snare|snare	mountain|rope|rope|mountain
thermodynamics_entropy	4	True	-0.014325121871776378	0.16560293298312803	0.1799280548549044	True	True	False	mountain|rope|rope|mountain	mountain|rope|rope|mountain	mountain|rope|rope|mountain
topological_invariant_universality	4	True	-0.014325121871776378	0.16560293298312803	0.1799280548549044	True	True	False	mountain|rope|rope|mountain	mountain|rope|rope|mountain	mountain|rope|rope|mountain
tordesillas_demarcation_kernel__portuguese_exploration_legitimation	4	True	-0.021971029444433233	0.7123639542788058	0.734334983723239	False	False	False	tangled_rope|tangled_rope|rope|tangled_rope	tangled_rope|tangled_rope|rope|tangled_rope	mountain|rope|rope|mountain
tordesillas_demarcation_kernel__spanish_conquest_legitimation	4	True	-0.03464662335468317	1.1233431586704243	1.1579897820251075	False	False	False	tangled_rope|snare|rope|snare	tangled_rope|snare|rope|snare	mountain|rope|rope|mountain
total_war_possibility_space__deterrence_equilibrium_reading	4	True	-0.028731346196566535	0.9315528632876693	0.9602842094842359	False	False	False	snare|snare|rope|snare	snare|snare|rope|snare	mountain|rope|rope|mountain
total_war_possibility_space__nuclear_taboo_reading	4	True	-0.01605575228631659	0.5205736588960505	0.5366294111823671	False	False	False	tangled_rope|tangled_rope|rope|tangled_rope	tangled_rope|tangled_rope|rope|tangled_rope	mountain|rope|rope|mountain
total_war_reachability_boundary__contingent_reachability_reading	4	True	-0.01183055431623328	0.3835805907655109	0.39541114508174413	False	False	False	piton|rope|rope|piton	piton|rope|rope|piton	mountain|rope|rope|mountain
total_war_reachability_boundary__contraction_reading	4	True	-0.0023875203119627297	0.027600488830521342	0.029988009142484073	True	True	False	mountain|rope|rope|mountain	mountain|rope|rope|mountain	mountain|rope|rope|mountain
total_war_reachability_boundary__dropping_reading	4	True	-0.024506148226483216	0.7945597951571295	0.8190659433836127	False	False	False	tangled_rope|tangled_rope|rope|snare	tangled_rope|tangled_rope|rope|snare	mountain|rope|rope|mountain
total_war_winnability_post1945__normative_reading_drop	4	True	-0.013520633504266605	0.4383778180177267	0.45189845152199326	False	False	False	unknown|tangled_rope|rope|tangled_rope	unknown|tangled_rope|rope|tangled_rope	mountain|rope|rope|mountain
total_war_winnability_post1945__strategic_culture_drift	4	True	-0.01605575228631659	0.48748213588335576	0.5035378881696724	False	False	False	piton|piton|rope|unknown	piton|piton|rope|unknown	mountain|rope|rope|mountain
total_war_winnability_post1945__structural_contraction_reading	4	True	-0.005070237564099976	0.16439168175664748	0.16946191932074745	True	True	False	mountain|scaffold|scaffold|mountain	mountain|scaffold|scaffold|mountain	mountain|rope|rope|mountain
toy_industry_consolidation	4	True	0.2609005954775204	0.7945597951571295	0.5336591996796091	False	False	False	naturalized|tangled_rope|naturalized|snare	naturalized|tangled_rope|naturalized|snare	mountain|rope|rope|mountain
transition_causality__contingent_choice_reading	4	True	-0.027893707422745877	0.5205736588960505	0.5484673663187963	False	False	False	tangled_rope|tangled_rope|rope|tangled_rope	tangled_rope|tangled_rope|rope|tangled_rope	mountain|rope|rope|mountain
transition_causality__hybrid_trigger_reading	4	True	-0.024506148226483216	0.7945597951571295	0.8190659433836127	False	False	False	tangled_rope|tangled_rope|rope|snare	tangled_rope|tangled_rope|rope|snare	mountain|rope|rope|mountain
transition_causality__overdetermined_collapse_reading	4	True	-0.04975968563897081	0.8493570224093454	0.8991167080483162	False	False	False	naturalized|snare|rope|snare	naturalized|snare|rope|snare	mountain|rope|rope|mountain
treaty_authority_cession__crown_cession_reading	4	True	-0.04991505538807157	0.9315528632876693	0.9814679186757409	False	False	False	snare|snare|rope|snare	snare|snare|rope|snare	mountain|rope|rope|mountain
treaty_authority_cession__rangatiratanga_retention_reading	4	True	0.5651802690394981	0.7123639542788058	0.1471836852393077	False	False	False	tangled_rope|tangled_rope|tangled_rope|snare	tangled_rope|tangled_rope|tangled_rope|snare	mountain|rope|rope|mountain
treaty_authority_cession__retrospective_snare_exposure	4	True	-0.06320280039811209	0.9315528632876693	0.9947556636857814	False	False	False	tangled_rope|snare|rope|snare	tangled_rope|snare|rope|snare	mountain|rope|rope|mountain
trips_agreement_interpretive_kernel__dispute_settlement_interpretive_authority	4	True	-0.00843053430112561	0.7945597951571295	0.8029903294582551	False	False	False	naturalized|tangled_rope|rope|snare	naturalized|tangled_rope|rope|snare	mountain|rope|rope|mountain
trips_agreement_interpretive_kernel__public_health_flexibility_reading	4	True	0.2950898658603317	0.5205736588960505	0.22548379303571875	False	False	False	tangled_rope|tangled_rope|rope|tangled_rope	tangled_rope|tangled_rope|rope|tangled_rope	mountain|rope|rope|mountain
trips_agreement_interpretive_kernel__strong_exclusivity_reading	4	True	-0.024506148226483216	0.7945597951571295	0.8190659433836127	False	False	False	tangled_rope|tangled_rope|rope|snare	tangled_rope|tangled_rope|rope|snare	mountain|rope|rope|mountain
tsunami_stone_commitment__behavioral_competence_reading	4	True	-0.003380158376066651	0.10959445450443167	0.11297461288049832	True	False	False	scaffold|scaffold|scaffold|scaffold	scaffold|scaffold|scaffold|scaffold	mountain|rope|rope|mountain
tsunami_stone_commitment__catastrophe_validation_axis	4	True	-0.014325121871776378	0.16560293298312803	0.1799280548549044	True	True	False	mountain|rope|rope|mountain	mountain|rope|rope|mountain	mountain|rope|rope|mountain
tsunami_stone_commitment__commemorative_husk_reading	4	True	-0.024506148226483216	0.7945597951571295	0.8190659433836127	False	False	False	tangled_rope|tangled_rope|rope|snare	tangled_rope|tangled_rope|rope|snare	mountain|rope|rope|mountain
turkish_graphemic_substrate__gradual_transition_reading	4	True	-0.021971029444433233	0.7123639542788058	0.734334983723239	False	False	False	tangled_rope|tangled_rope|rope|tangled_rope	tangled_rope|tangled_rope|rope|tangled_rope	mountain|rope|rope|mountain
turkish_graphemic_substrate__ottoman_continuity_reading	4	True	-0.04257460606629633	0.7945597951571295	0.8371344012234259	False	False	False	naturalized|tangled_rope|rope|snare	naturalized|tangled_rope|rope|snare	mountain|rope|rope|mountain
turkish_graphemic_substrate__secular_nationalist_reading	4	True	-0.024506148226483216	0.7945597951571295	0.8190659433836127	False	False	False	naturalized|tangled_rope|rope|snare	naturalized|tangled_rope|rope|snare	mountain|rope|rope|mountain
udhr_article_3__negative_liberty_reading	4	True	-0.053908270927801476	0.7945597951571295	0.848468066084931	False	False	False	tangled_rope|tangled_rope|rope|snare	tangled_rope|tangled_rope|rope|snare	mountain|rope|rope|mountain
udhr_article_3__positive_entitlement_reading	4	True	0.3016	0.7945597951571295	0.4929597951571295	False	False	False	naturalized|tangled_rope|naturalized|snare	naturalized|tangled_rope|naturalized|snare	mountain|rope|rope|mountain
udhr_article_3__procedural_hybrid_reading	4	True	0.006598571842126536	0.5205736588960505	0.5139750870539239	False	False	False	tangled_rope|tangled_rope|rope|tangled_rope	tangled_rope|tangled_rope|rope|tangled_rope	mountain|rope|rope|mountain
udhr_authority__aspirational_sovereignty_reading	4	True	0.25133240176347865	0.3835805907655109	0.13224818900203222	True	False	False	scaffold|scaffold|scaffold|scaffold	scaffold|scaffold|scaffold|scaffold	mountain|rope|rope|mountain
udhr_authority__binding_universalism_reading	4	True	0.6303933770055941	0.7945597951571295	0.16416641815153543	False	False	False	tangled_rope|tangled_rope|snare|snare	tangled_rope|tangled_rope|snare|snare	mountain|rope|rope|mountain
udhr_authority__customary_emergence_reading	4	True	-0.021971029444433233	0.7123639542788058	0.734334983723239	False	False	False	tangled_rope|tangled_rope|rope|tangled_rope	tangled_rope|tangled_rope|rope|tangled_rope	mountain|rope|rope|mountain
unclos_2026	4	True	-0.04257460606629633	0.7945597951571295	0.8371344012234259	False	False	False	naturalized|tangled_rope|rope|snare	naturalized|tangled_rope|rope|snare	mountain|rope|rope|mountain
unclos_maritime_sovereignty__expansive_construction_reading	4	True	-0.024506148226483216	0.7945597951571295	0.8190659433836127	False	False	False	naturalized|tangled_rope|rope|snare	naturalized|tangled_rope|rope|snare	mountain|rope|rope|mountain
unclos_maritime_sovereignty__hybrid_effective_control_reading	4	True	-0.021971029444433233	0.7123639542788058	0.734334983723239	False	False	False	naturalized|tangled_rope|rope|snare	naturalized|tangled_rope|rope|snare	mountain|rope|rope|mountain
unclos_maritime_sovereignty__strict_geographic_reading	4	True	0.06387156647306734	0.7945597951571295	0.7306882286840621	False	False	False	tangled_rope|tangled_rope|naturalized|snare	tangled_rope|tangled_rope|naturalized|snare	mountain|rope|rope|mountain
unclos_sovereignty_boundary__historical_rights_reading	4	True	-0.024506148226483216	0.7945597951571295	0.8190659433836127	False	False	False	naturalized|tangled_rope|rope|snare	naturalized|tangled_rope|rope|snare	mountain|rope|rope|mountain
unclos_sovereignty_boundary__non_ratifier_enforcement_reading	4	True	0.009029624626067892	0.7123639542788058	0.7033343296527379	False	False	False	tangled_rope|tangled_rope|naturalized|snare	tangled_rope|tangled_rope|naturalized|snare	mountain|rope|rope|mountain
unclos_sovereignty_boundary__strict_eez_reading	4	True	-0.024506148226483216	0.7945597951571295	0.8190659433836127	False	False	False	tangled_rope|tangled_rope|rope|snare	tangled_rope|tangled_rope|rope|snare	mountain|rope|rope|mountain
unconditional_income_support__dependency_trap_reading	4	True	-0.02746378680554154	0.8904549428485073	0.9179187296540489	False	False	False	naturalized|snare|rope|snare	naturalized|snare|rope|snare	mountain|rope|rope|mountain
unconditional_income_support__freedom_floor_reading	4	True	-0.007605356346149964	0.24658752263497122	0.2541928789811212	True	False	False	scaffold|scaffold|scaffold|scaffold	rope|rope|rope|rope	mountain|rope|rope|mountain
unconditional_income_support__universality_paradox_reading	4	True	0.0418468883789062	0.5205736588960505	0.47872677051714424	False	False	False	tangled_rope|tangled_rope|rope|tangled_rope	tangled_rope|tangled_rope|rope|tangled_rope	mountain|rope|rope|mountain
unconditional_university_offers_uk	4	True	-0.024506148226483216	0.7945597951571295	0.8190659433836127	False	False	False	naturalized|tangled_rope|rope|snare	naturalized|tangled_rope|rope|snare	mountain|rope|rope|mountain
unfalsifiable_credential_preload	4	True	0.010071504390614185	0.7945597951571295	0.7844882907665153	False	False	False	tangled_rope|tangled_rope|naturalized|snare	tangled_rope|tangled_rope|naturalized|snare	mountain|rope|rope|mountain
unsc_242_withdrawal_clause__interpretive_authority_structure	4	True	-0.028731346196566535	0.9315528632876693	0.9602842094842359	False	False	False	snare|snare|rope|snare	snare|snare|rope|snare	mountain|rope|rope|mountain
unsc_242_withdrawal_clause__maximal_withdrawal_reading	4	True	-0.009011950459823928	0.8493570224093454	0.8583689728691694	False	False	False	snare|snare|rope|snare	snare|snare|rope|snare	mountain|rope|rope|mountain
unsc_242_withdrawal_clause__partial_withdrawal_reading	4	True	0.009029624626067892	0.7123639542788058	0.7033343296527379	False	False	False	tangled_rope|tangled_rope|naturalized|tangled_rope	rope|rope|rope|rope	mountain|rope|rope|mountain
us_constitution_1787__living_reading	4	True	-0.021971029444433233	0.7123639542788058	0.734334983723239	False	False	False	tangled_rope|tangled_rope|rope|tangled_rope	tangled_rope|tangled_rope|rope|tangled_rope	mountain|rope|rope|mountain
us_constitution_1787__originalist_reading	4	True	0.05285922742598677	0.6575667270265899	0.6047074996006031	False	False	False	naturalized|tangled_rope|naturalized|tangled_rope	rope|rope|rope|rope	mountain|rope|rope|mountain
us_constitution_1787__positivist_reading	4	True	0.02816616478421324	0.5753708861482661	0.547204721364053	False	False	False	tangled_rope|tangled_rope|rope|tangled_rope	tangled_rope|tangled_rope|rope|tangled_rope	mountain|rope|rope|mountain
us_constitution_interpretive__living_constitution_reading	4	True	-0.024506148226483216	0.7945597951571295	0.8190659433836127	False	False	False	tangled_rope|tangled_rope|rope|tangled_rope	tangled_rope|tangled_rope|rope|tangled_rope	mountain|rope|rope|mountain
us_constitution_interpretive__originalist_reading	4	True	-0.01605575228631659	0.5205736588960505	0.5366294111823671	False	False	False	tangled_rope|tangled_rope|rope|tangled_rope	tangled_rope|tangled_rope|rope|tangled_rope	mountain|rope|rope|mountain
us_constitution_interpretive__popular_constitutionalism_reading	4	True	-0.021971029444433233	0.7123639542788058	0.734334983723239	False	False	False	tangled_rope|tangled_rope|rope|tangled_rope	tangled_rope|tangled_rope|rope|tangled_rope	mountain|rope|rope|mountain
us_constitution_meaning__living_constitutionalist_reading	4	True	0.15152063967949647	0.7123639542788058	0.5608433145993094	False	False	False	unknown|unknown|naturalized|unknown	unknown|unknown|naturalized|unknown	mountain|rope|rope|mountain
us_constitution_meaning__originalist_reading	4	True	0.13395693242906506	0.7945597951571295	0.6606028627280645	False	False	False	naturalized|tangled_rope|naturalized|snare	naturalized|tangled_rope|naturalized|snare	mountain|rope|rope|mountain
us_constitution_meaning__positivist_reading	4	True	-0.024506148226483216	0.7945597951571295	0.8190659433836127	False	False	False	tangled_rope|tangled_rope|rope|snare	tangled_rope|tangled_rope|rope|snare	mountain|rope|rope|mountain
us_constitution_text__living_constitutionalist_reading	4	True	-0.01605575228631659	0.5205736588960505	0.5366294111823671	False	False	False	unknown|unknown|rope|unknown	unknown|unknown|rope|unknown	mountain|rope|rope|mountain
us_constitution_text__originalist_reading	4	True	-0.024506148226483216	0.7945597951571295	0.8190659433836127	False	False	False	tangled_rope|tangled_rope|rope|snare	tangled_rope|tangled_rope|rope|snare	mountain|rope|rope|mountain
us_constitution_text__positivist_reading	4	True	-0.038170336473231196	0.7123639542788058	0.750534290752037	False	False	False	tangled_rope|tangled_rope|rope|snare	tangled_rope|tangled_rope|rope|snare	mountain|rope|rope|mountain
us_greenland_envoy	4	True	-0.024506148226483216	0.7945597951571295	0.8190659433836127	False	False	False	tangled_rope|tangled_rope|rope|tangled_rope	tangled_rope|tangled_rope|rope|tangled_rope	mountain|rope|rope|mountain
us_international_accountability_exemption	4	True	-0.053908270927801476	0.7945597951571295	0.848468066084931	False	False	False	naturalized|tangled_rope|rope|snare	naturalized|tangled_rope|rope|snare	mountain|rope|rope|mountain
us_military_spending_justification	4	True	-0.024506148226483216	0.7945597951571295	0.8190659433836127	False	False	False	naturalized|tangled_rope|rope|snare	naturalized|tangled_rope|rope|snare	mountain|rope|rope|mountain
us_sdf_alliance_abandonment_2026	4	True	-0.06718983293116429	0.9315528632876693	0.9987426962188336	False	False	False	snare|snare|rope|snare	snare|snare|rope|snare	mountain|rope|rope|mountain
us_venezuela_oil_pressure	4	True	-0.04257460606629633	0.7945597951571295	0.8371344012234259	False	False	False	naturalized|tangled_rope|rope|snare	naturalized|tangled_rope|rope|snare	mountain|rope|rope|mountain
usul_al_fiqh_method__hanafi_reading	4	True	0.08776488676387022	0.5205736588960505	0.4328087721321802	False	False	False	tangled_rope|tangled_rope|rope|tangled_rope	tangled_rope|tangled_rope|rope|tangled_rope	mountain|rope|rope|mountain
usul_al_fiqh_method__hanbali_reading	4	True	-0.021971029444433233	0.7123639542788058	0.734334983723239	False	False	False	naturalized|tangled_rope|rope|snare	naturalized|tangled_rope|rope|snare	mountain|rope|rope|mountain
usul_al_fiqh_method__maliki_reading	4	True	0.12238205512574714	0.5753708861482661	0.452988831022519	False	False	False	tangled_rope|tangled_rope|rope|tangled_rope	tangled_rope|tangled_rope|rope|tangled_rope	mountain|rope|rope|mountain
usul_al_fiqh_method__shafii_reading	4	True	-0.014788192895291596	0.47947573845688846	0.49426393135218005	False	False	False	tangled_rope|tangled_rope|rope|tangled_rope	tangled_rope|tangled_rope|rope|tangled_rope	mountain|rope|rope|mountain
vaccine_mandate_balance__bodily_autonomy_primary	4	True	-0.05457513908790348	0.9315528632876693	0.9861280023755727	False	False	False	snare|snare|rope|snare	snare|snare|rope|snare	mountain|rope|rope|mountain
vaccine_mandate_balance__proportionality_reading	4	True	-0.021971029444433233	0.7123639542788058	0.734334983723239	False	False	False	tangled_rope|naturalized|rope|tangled_rope	tangled_rope|naturalized|rope|tangled_rope	mountain|rope|rope|mountain
vaccine_mandate_balance__public_health_primary	4	True	-0.053908270927801476	0.7945597951571295	0.848468066084931	False	False	False	tangled_rope|tangled_rope|rope|snare	tangled_rope|tangled_rope|rope|snare	mountain|rope|rope|mountain
vaccine_mandate_legitimacy__bodily_autonomy_primacy_reading	4	True	-0.03295654416664985	1.0685459314182089	1.1015024755848588	False	False	False	snare|snare|rope|snare	snare|snare|rope|snare	mountain|rope|rope|mountain
vaccine_mandate_legitimacy__public_health_primacy_reading	4	True	-0.00843053430112561	0.7945597951571295	0.8029903294582551	False	False	False	tangled_rope|tangled_rope|rope|snare	tangled_rope|tangled_rope|rope|snare	mountain|rope|rope|mountain
vaccine_mandate_legitimacy__risk_stratification_reading	4	True	-0.01605575228631659	0.5205736588960505	0.5366294111823671	False	False	False	tangled_rope|tangled_rope|rope|tangled_rope	tangled_rope|tangled_rope|rope|tangled_rope	mountain|rope|rope|mountain
vaccine_mandates_school_entry	4	True	-0.021971029444433233	0.7123639542788058	0.734334983723239	False	False	False	tangled_rope|tangled_rope|rope|snare	tangled_rope|tangled_rope|rope|snare	mountain|rope|rope|mountain
value_alignment_drift	4	True	-0.024506148226483216	0.7945597951571295	0.8190659433836127	False	False	False	naturalized|tangled_rope|rope|snare	naturalized|tangled_rope|rope|snare	mountain|rope|rope|mountain
vatican_ii_authority__composite_overdetermination_reading	4	True	-0.024506148226483216	0.744051681085122	0.7685578293116052	False	False	False	tangled_rope|tangled_rope|rope|snare	tangled_rope|tangled_rope|rope|snare	mountain|rope|rope|mountain
vatican_ii_authority__continuity_reading	4	True	0.015635787925715117	0.5205736588960505	0.5049378709703354	False	False	False	tangled_rope|tangled_rope|rope|tangled_rope	tangled_rope|tangled_rope|rope|tangled_rope	mountain|rope|rope|mountain
vatican_ii_authority__rupture_reading	4	True	-0.028731346196566535	0.9315528632876693	0.9602842094842359	False	False	False	tangled_rope|snare|rope|snare	tangled_rope|snare|rope|snare	mountain|rope|rope|mountain
vatican_ii_doctrinal_authority__composite_overdetermination_reading	4	True	-0.01605575228631659	0.5205736588960505	0.5366294111823671	False	False	False	tangled_rope|tangled_rope|rope|tangled_rope	tangled_rope|tangled_rope|rope|tangled_rope	mountain|rope|rope|mountain
vatican_ii_doctrinal_authority__continuity_reading	4	True	-0.014788192895291596	0.47947573845688846	0.49426393135218005	False	False	False	tangled_rope|tangled_rope|rope|tangled_rope	tangled_rope|tangled_rope|rope|tangled_rope	mountain|rope|rope|mountain
vatican_ii_doctrinal_authority__rupture_progressive_reading	4	True	0.038896132321056376	0.7945597951571295	0.7556636628360731	False	False	False	naturalized|tangled_rope|naturalized|snare	naturalized|tangled_rope|naturalized|snare	mountain|rope|rope|mountain
vatican_ii_doctrinal_authority__rupture_traditionalist_reading	4	True	0.3016	0.7945597951571295	0.4929597951571295	False	False	False	naturalized|tangled_rope|tangled_rope|snare	naturalized|tangled_rope|tangled_rope|snare	mountain|rope|rope|mountain
vatican_ii_magisterial_authority__composite_overdetermination_reading	4	True	-0.024506148226483216	0.7945597951571295	0.8190659433836127	False	False	False	tangled_rope|tangled_rope|rope|snare	tangled_rope|tangled_rope|rope|snare	mountain|rope|rope|mountain
vatican_ii_magisterial_authority__continuity_reading	4	True	-0.024506148226483216	0.7945597951571295	0.8190659433836127	False	False	False	naturalized|tangled_rope|rope|snare	naturalized|tangled_rope|rope|snare	mountain|rope|rope|mountain
vatican_ii_magisterial_authority__rupture_reading	4	True	0.4038071848615065	0.7123639542788058	0.3085567694172993	False	False	False	tangled_rope|tangled_rope|tangled_rope|snare	tangled_rope|tangled_rope|tangled_rope|snare	mountain|rope|rope|mountain
vedic_corpus_social_prescription__colonial_orientalist_reading	4	True	-0.024506148226483216	0.7945597951571295	0.8190659433836127	False	False	False	naturalized|tangled_rope|rope|snare	naturalized|tangled_rope|rope|snare	mountain|rope|rope|mountain
vedic_corpus_social_prescription__orthodox_varna_reading	4	True	-0.028731346196566535	0.9315528632876693	0.9602842094842359	False	False	False	tangled_rope|snare|rope|snare	tangled_rope|snare|rope|snare	mountain|rope|rope|mountain
vedic_corpus_social_prescription__reformist_spiritual_reading	4	True	0.03496630146449918	0.16439168175664748	0.12942538029214828	True	False	False	scaffold|scaffold|scaffold|scaffold	scaffold|scaffold|scaffold|scaffold	mountain|rope|rope|mountain
vedic_dharmic_corpus__bhakti_devotional_reading	4	True	-0.01605575228631659	0.5205736588960505	0.5366294111823671	False	False	False	tangled_rope|tangled_rope|rope|tangled_rope	tangled_rope|tangled_rope|rope|tangled_rope	mountain|rope|rope|mountain
vedic_dharmic_corpus__hereditary_monopoly_reading	4	True	-0.028731346196566535	0.9315528632876693	0.9602842094842359	False	False	False	tangled_rope|snare|rope|snare	tangled_rope|snare|rope|snare	mountain|rope|rope|mountain
vedic_dharmic_corpus__reformist_egalitarian_reading	4	True	0.48909830974571955	0.6164688065874281	0.12737049684170854	True	False	False	tangled_rope|tangled_rope|tangled_rope|tangled_rope	tangled_rope|tangled_rope|tangled_rope|tangled_rope	mountain|rope|rope|mountain
venal_office_structural_base	4	True	-0.024506148226483216	0.7945597951571295	0.8190659433836127	False	False	False	tangled_rope|tangled_rope|rope|snare	tangled_rope|tangled_rope|rope|snare	mountain|rope|rope|mountain
vendor_certification_capture	4	True	0.20680948117118816	0.7945597951571295	0.5877503139859414	False	False	False	naturalized|tangled_rope|naturalized|snare	naturalized|tangled_rope|naturalized|snare	mountain|rope|rope|mountain
versailles_reparations_clauses__limited_responsibility_reading	4	True	0.006077631959853388	0.47947573845688846	0.47339810649703506	False	False	False	tangled_rope|tangled_rope|rope|tangled_rope	tangled_rope|tangled_rope|rope|tangled_rope	mountain|rope|rope|mountain
versailles_reparations_clauses__punitive_liability_reading	4	True	-0.04991505538807157	0.9315528632876693	0.9814679186757409	False	False	False	tangled_rope|snare|rope|snare	tangled_rope|snare|rope|snare	mountain|rope|rope|mountain
versailles_reparations_clauses__repudiation_reading	4	True	-0.035914182745708165	1.1644410791095863	1.2003552618552944	False	False	False	snare|snare|rope|snare	snare|snare|rope|snare	mountain|rope|rope|mountain
visa_mastercard_interchange_extraction	4	True	-0.04257460606629633	0.7945597951571295	0.8371344012234259	False	False	False	tangled_rope|tangled_rope|rope|snare	tangled_rope|tangled_rope|rope|snare	mountain|rope|rope|mountain
voluntary_presence_constraint	4	True	-0.024506148226483216	0.7945597951571295	0.8190659433836127	False	False	False	tangled_rope|tangled_rope|rope|snare	tangled_rope|tangled_rope|rope|snare	mountain|rope|rope|mountain
waitangi_sovereignty_allocation__crown_sovereignty_reading	4	True	-0.030421425384599857	0.9863500905398849	1.0167715159244848	False	False	False	snare|snare|rope|snare	snare|snare|rope|snare	mountain|rope|rope|mountain
waitangi_sovereignty_allocation__partnership_reading	4	True	-0.022270438064926172	0.5205736588960505	0.5428440969609766	False	False	False	tangled_rope|tangled_rope|rope|tangled_rope	tangled_rope|tangled_rope|rope|tangled_rope	mountain|rope|rope|mountain
waitangi_sovereignty_allocation__rangatiratanga_reading	4	True	0.4930994045224794	0.7945597951571295	0.3014603906346501	False	False	False	tangled_rope|tangled_rope|tangled_rope|snare	tangled_rope|tangled_rope|tangled_rope|snare	mountain|rope|rope|mountain
war_powers_allocation__congressional_primacy_reading	4	True	-0.024506148226483216	0.7945597951571295	0.8190659433836127	False	False	False	tangled_rope|tangled_rope|rope|snare	tangled_rope|tangled_rope|rope|snare	mountain|rope|rope|mountain
war_powers_allocation__functional_accommodation_reading	4	True	-0.021971029444433233	0.7123639542788058	0.734334983723239	False	False	False	tangled_rope|tangled_rope|rope|tangled_rope	tangled_rope|tangled_rope|rope|tangled_rope	mountain|rope|rope|mountain
war_powers_allocation__inherent_executive_reading	4	True	-0.024506148226483216	0.7945597951571295	0.8190659433836127	False	False	False	tangled_rope|tangled_rope|rope|snare	tangled_rope|tangled_rope|rope|snare	mountain|rope|rope|mountain
war_winnability_post_1945__countervailing_thinkable	4	True	-0.04257460606629633	0.7945597951571295	0.8371344012234259	False	False	False	tangled_rope|tangled_rope|rope|snare	tangled_rope|tangled_rope|rope|snare	mountain|rope|rope|mountain
war_winnability_post_1945__deterrence_unthinkable	4	True	-0.028731346196566535	0.9315528632876693	0.9602842094842359	False	False	False	snare|snare|rope|snare	snare|snare|rope|snare	mountain|rope|rope|mountain
war_winnability_post_1945__rhetorical_contraction	4	True	0.038896132321056376	0.7945597951571295	0.7556636628360731	False	False	False	tangled_rope|tangled_rope|piton|snare	tangled_rope|tangled_rope|piton|snare	mountain|rope|rope|mountain
weak_law_large_numbers	4	True	-0.009550081247850919	0.11040195532208537	0.11995203656993629	True	True	False	mountain|rope|rope|mountain	mountain|rope|rope|mountain	mountain|rope|rope|mountain
web_app_friction_tax	4	True	-0.00843053430112561	0.7945597951571295	0.8029903294582551	False	False	False	naturalized|tangled_rope|rope|snare	naturalized|tangled_rope|rope|snare	mountain|rope|rope|mountain
well_ordering_theorem	4	True	-0.005968800779906825	0.06900122207630337	0.0749700228562102	True	True	False	mountain|rope|rope|mountain	mountain|rope|rope|mountain	mountain|rope|rope|mountain
westphalia_sovereignty__absolute_non_intervention	4	True	-0.00843053430112561	0.7945597951571295	0.8029903294582551	False	False	False	tangled_rope|tangled_rope|rope|snare	tangled_rope|tangled_rope|rope|snare	mountain|rope|rope|mountain
westphalia_sovereignty__conditional_responsibility	4	True	-0.024506148226483216	0.7945597951571295	0.8190659433836127	False	False	False	naturalized|tangled_rope|rope|snare	naturalized|tangled_rope|rope|snare	mountain|rope|rope|mountain
westphalia_sovereignty__graded_sovereignty	4	True	0.6303933770055941	0.7945597951571295	0.16416641815153543	False	False	False	tangled_rope|tangled_rope|snare|snare	tangled_rope|tangled_rope|snare|snare	mountain|rope|rope|mountain
westphalian_sovereignty__absolute_sovereignty	4	True	-0.021971029444433233	0.7123639542788058	0.734334983723239	False	False	False	tangled_rope|tangled_rope|rope|snare	tangled_rope|tangled_rope|rope|snare	mountain|rope|rope|mountain
westphalian_sovereignty__conditional_sovereignty	4	True	0.2950898658603317	0.5205736588960505	0.22548379303571875	False	False	False	tangled_rope|tangled_rope|rope|tangled_rope	tangled_rope|tangled_rope|rope|tangled_rope	mountain|rope|rope|mountain
westphalian_sovereignty__governance_quality_reading	4	True	-0.024506148226483216	0.7945597951571295	0.8190659433836127	False	False	False	tangled_rope|tangled_rope|rope|tangled_rope	tangled_rope|tangled_rope|rope|tangled_rope	mountain|rope|rope|mountain
westphalian_sovereignty__graduated_sovereignty	4	True	-0.00843053430112561	0.7945597951571295	0.8029903294582551	False	False	False	tangled_rope|tangled_rope|rope|snare	tangled_rope|tangled_rope|rope|snare	mountain|rope|rope|mountain
westphalian_sovereignty__r2p_reading	4	True	-0.024506148226483216	0.7945597951571295	0.8190659433836127	False	False	False	naturalized|tangled_rope|rope|snare	naturalized|tangled_rope|rope|snare	mountain|rope|rope|mountain
woman_category__gender_identity_reading	4	True	-0.021971029444433233	0.7123639542788058	0.734334983723239	False	False	False	tangled_rope|tangled_rope|rope|tangled_rope	tangled_rope|tangled_rope|rope|tangled_rope	mountain|rope|rope|mountain
woman_category__intersex_accommodation_reading	4	True	0.3230651271009348	0.5205736588960505	0.19750853179511563	False	False	False	tangled_rope|tangled_rope|rope|tangled_rope	tangled_rope|tangled_rope|rope|tangled_rope	mountain|rope|rope|mountain
woman_category__sex_biology_reading	4	True	-0.024506148226483216	0.7945597951571295	0.8190659433836127	False	False	False	naturalized|tangled_rope|rope|snare	naturalized|tangled_rope|rope|snare	mountain|rope|rope|mountain
woman_female_category__gender_identity_reading	4	True	-0.024506148226483216	0.7945597951571295	0.8190659433836127	False	False	False	naturalized|tangled_rope|rope|snare	naturalized|tangled_rope|rope|snare	mountain|rope|rope|mountain
woman_female_category__hybrid_contextual_reading	4	True	-0.007558410063078134	0.7123639542788058	0.719922364341884	False	False	False	tangled_rope|tangled_rope|rope|tangled_rope	tangled_rope|tangled_rope|rope|tangled_rope	mountain|rope|rope|mountain
woman_female_category__sex_biology_reading	4	True	-0.024506148226483216	0.7945597951571295	0.8190659433836127	False	False	False	naturalized|tangled_rope|rope|snare	naturalized|tangled_rope|rope|snare	mountain|rope|rope|mountain
workplace_surveillance_extraction	4	True	-0.024506148226483216	0.7945597951571295	0.8190659433836127	False	False	False	tangled_rope|tangled_rope|rope|snare	tangled_rope|tangled_rope|rope|snare	mountain|rope|rope|mountain
wto_dsb_authority__advisory_coordination_reading	4	True	-0.014788192895291596	0.47947573845688846	0.49426393135218005	False	False	False	tangled_rope|tangled_rope|rope|tangled_rope	tangled_rope|tangled_rope|rope|tangled_rope	mountain|rope|rope|mountain
wto_dsb_authority__binding_referee_reading	4	True	0.010071504390614185	0.7945597951571295	0.7844882907665153	False	False	False	naturalized|tangled_rope|naturalized|snare	naturalized|tangled_rope|naturalized|snare	mountain|rope|rope|mountain
wto_dsb_authority__judicial_activism_reading	4	True	-0.033991721256992576	0.7945597951571295	0.8285515164141221	False	False	False	naturalized|tangled_rope|rope|snare	naturalized|tangled_rope|rope|snare	mountain|rope|rope|mountain
wto_treaty_framework__developmental_reading	4	True	0.11072662130424742	0.5205736588960505	0.409847037591803	False	False	False	tangled_rope|tangled_rope|rope|tangled_rope	tangled_rope|tangled_rope|rope|tangled_rope	mountain|rope|rope|mountain
wto_treaty_framework__market_access_reading	4	True	-0.00843053430112561	0.7945597951571295	0.8029903294582551	False	False	False	tangled_rope|tangled_rope|rope|snare	tangled_rope|tangled_rope|rope|snare	mountain|rope|rope|mountain
zero_as_number_entry__contingent_thinkability_reading	4	True	-0.026196227414516545	0.8493570224093454	0.875553249823862	False	False	False	tangled_rope|tangled_rope|rope|tangled_rope	tangled_rope|tangled_rope|rope|tangled_rope	mountain|rope|rope|mountain
zero_as_number_entry__hybrid_scaffolding_reading	4	True	-0.01605575228631659	0.5205736588960505	0.5366294111823671	False	False	False	scaffold|scaffold|scaffold|unknown	scaffold|scaffold|scaffold|unknown	mountain|rope|rope|mountain
zero_as_number_entry__universal_discovery_reading	4	True	-0.009550081247850919	0.11040195532208537	0.11995203656993629	True	True	False	mountain|rope|rope|mountain	mountain|rope|rope|mountain	mountain|rope|rope|mountain
zero_mathematical_status__number_reading	4	True	-0.005070237564099976	0.16439168175664748	0.16946191932074745	True	False	False	scaffold|scaffold|scaffold|scaffold	scaffold|scaffold|scaffold|scaffold	mountain|rope|rope|mountain
zero_mathematical_status__parmenidean_rejection	4	True	-0.024506148226483216	0.7945597951571295	0.8190659433836127	False	False	False	naturalized|tangled_rope|rope|snare	naturalized|tangled_rope|rope|snare	mountain|rope|rope|mountain
zero_mathematical_status__placeholder_reading	4	True	-0.01605575228631659	0.5205736588960505	0.5366294111823671	False	False	False	tangled_rope|tangled_rope|rope|tangled_rope	tangled_rope|tangled_rope|rope|tangled_rope	mountain|rope|rope|mountain
zone_failure_recovery_coupling	4	True	-0.021971029444433233	0.7123639542788058	0.734334983723239	False	False	False	tangled_rope|tangled_rope|rope|snare	tangled_rope|tangled_rope|rope|snare	mountain|rope|rope|mountain
