id	obs	chi	immut	mtype	ftype
abrahamic_covenant__isaac_covenant_reading	powerless	0.3016	mountain	naturalized	naturalized
abrahamic_covenant__isaac_covenant_reading	moderate	0.6417654365300313	rope	tangled_rope	tangled_rope
abrahamic_covenant__isaac_covenant_reading	institutional	-0.024506148226483216	rope	rope	rope
abrahamic_covenant__isaac_covenant_reading	analytical	0.7945597951571295	mountain	snare	snare
abrahamic_covenant__ishmael_covenant_reading	powerless	0.5651802690394981	mountain	tangled_rope	rope
abrahamic_covenant__ishmael_covenant_reading	moderate	0.5753759086131316	rope	tangled_rope	rope
abrahamic_covenant__ishmael_covenant_reading	institutional	0.009029624626067892	rope	naturalized	rope
abrahamic_covenant__ishmael_covenant_reading	analytical	0.7123639542788058	mountain	tangled_rope	rope
abrahamic_covenant__land_promise_constraint	powerless	0.35359999999999997	mountain	tangled_rope	tangled_rope
abrahamic_covenant__land_promise_constraint	moderate	0.7524146497248644	rope	snare	snare
abrahamic_covenant__land_promise_constraint	institutional	-0.009884074697871406	rope	rope	rope
abrahamic_covenant__land_promise_constraint	analytical	0.9315528632876693	mountain	snare	snare
academic_citation_metrics_as_career_incentive	powerless	0.3016	mountain	naturalized	naturalized
academic_citation_metrics_as_career_incentive	moderate	0.6417654365300313	rope	tangled_rope	tangled_rope
academic_citation_metrics_as_career_incentive	institutional	0.09186683736905867	rope	naturalized	naturalized
academic_citation_metrics_as_career_incentive	analytical	0.7945597951571295	mountain	snare	snare
acceptable_risk_energy__catastrophic_tail_reading	powerless	0.35359999999999997	mountain	tangled_rope	tangled_rope
acceptable_risk_energy__catastrophic_tail_reading	moderate	0.7524146497248644	rope	snare	snare
acceptable_risk_energy__catastrophic_tail_reading	institutional	0.2424662882696689	rope	naturalized	naturalized
acceptable_risk_energy__catastrophic_tail_reading	analytical	0.9315528632876693	mountain	snare	snare
acceptable_risk_energy__comparative_harm_reading	powerless	0.4377524150630494	mountain	tangled_rope	tangled_rope
acceptable_risk_energy__comparative_harm_reading	moderate	0.6417654365300313	rope	tangled_rope	tangled_rope
acceptable_risk_energy__comparative_harm_reading	institutional	-0.024506148226483216	rope	rope	rope
acceptable_risk_energy__comparative_harm_reading	analytical	0.7945597951571295	mountain	snare	snare
acceptable_risk_energy__expected_value_reading	powerless	0.4130163504519409	mountain	tangled_rope	tangled_rope
acceptable_risk_energy__expected_value_reading	moderate	0.42046701014036536	rope	tangled_rope	tangled_rope
acceptable_risk_energy__expected_value_reading	institutional	-0.005523453507634021	rope	rope	rope
acceptable_risk_energy__expected_value_reading	analytical	0.5205736588960505	mountain	tangled_rope	tangled_rope
acceptable_risk_for_energy__catastrophic_tail_reading	powerless	0.008057203512491349	mountain	naturalized	naturalized
acceptable_risk_for_energy__catastrophic_tail_reading	moderate	0.6417654365300313	rope	tangled_rope	tangled_rope
acceptable_risk_for_energy__catastrophic_tail_reading	institutional	-0.024506148226483216	rope	rope	rope
acceptable_risk_for_energy__catastrophic_tail_reading	analytical	0.7945597951571295	mountain	snare	snare
acceptable_risk_for_energy__expected_value_reading	powerless	0.6303933770055941	mountain	tangled_rope	tangled_rope
acceptable_risk_for_energy__expected_value_reading	moderate	0.6417654365300313	rope	tangled_rope	tangled_rope
acceptable_risk_for_energy__expected_value_reading	institutional	-0.024506148226483216	rope	rope	rope
acceptable_risk_for_energy__expected_value_reading	analytical	0.7945597951571295	mountain	snare	snare
acceptable_risk_for_energy__precautionary_reading	powerless	0.5651802690394981	mountain	tangled_rope	tangled_rope
acceptable_risk_for_energy__precautionary_reading	moderate	0.5753759086131316	rope	tangled_rope	tangled_rope
acceptable_risk_for_energy__precautionary_reading	institutional	-0.007558410063078134	rope	rope	rope
acceptable_risk_for_energy__precautionary_reading	analytical	0.7123639542788058	mountain	tangled_rope	tangled_rope
ai_alignment_commitment__ethics_justice_reading	powerless	0.6303933770055941	mountain	tangled_rope	tangled_rope
ai_alignment_commitment__ethics_justice_reading	moderate	0.6417654365300313	rope	tangled_rope	tangled_rope
ai_alignment_commitment__ethics_justice_reading	institutional	-0.024506148226483216	rope	rope	rope
ai_alignment_commitment__ethics_justice_reading	analytical	0.7945597951571295	mountain	snare	snare
ai_alignment_commitment__integrated_reading	powerless	0.5651802690394981	mountain	tangled_rope	tangled_rope
ai_alignment_commitment__integrated_reading	moderate	0.5753759086131316	rope	tangled_rope	tangled_rope
ai_alignment_commitment__integrated_reading	institutional	-0.021971029444433233	rope	rope	rope
ai_alignment_commitment__integrated_reading	analytical	0.7123639542788058	mountain	tangled_rope	tangled_rope
ai_alignment_commitment__safety_control_reading	powerless	0.3016	mountain	naturalized	naturalized
ai_alignment_commitment__safety_control_reading	moderate	0.6417654365300313	rope	tangled_rope	tangled_rope
ai_alignment_commitment__safety_control_reading	institutional	-0.024506148226483216	rope	rope	rope
ai_alignment_commitment__safety_control_reading	analytical	0.7945597951571295	mountain	snare	snare
ai_alignment_priority__existential_risk_reading	powerless	0.3016	mountain	naturalized	naturalized
ai_alignment_priority__existential_risk_reading	moderate	0.6417654365300313	rope	tangled_rope	tangled_rope
ai_alignment_priority__existential_risk_reading	institutional	0.010071504390614185	rope	naturalized	naturalized
ai_alignment_priority__existential_risk_reading	analytical	0.7945597951571295	mountain	snare	snare
ai_alignment_priority__integrated_reading	powerless	0.5651802690394981	mountain	tangled_rope	tangled_rope
ai_alignment_priority__integrated_reading	moderate	0.5753759086131316	rope	tangled_rope	tangled_rope
ai_alignment_priority__integrated_reading	institutional	-0.021971029444433233	rope	rope	rope
ai_alignment_priority__integrated_reading	analytical	0.7123639542788058	mountain	snare	snare
ai_alignment_priority__nearterm_harms_reading	powerless	0.6303933770055941	mountain	tangled_rope	tangled_rope
ai_alignment_priority__nearterm_harms_reading	moderate	0.6417654365300313	rope	tangled_rope	tangled_rope
ai_alignment_priority__nearterm_harms_reading	institutional	-0.024506148226483216	rope	rope	rope
ai_alignment_priority__nearterm_harms_reading	analytical	0.7945597951571295	mountain	snare	snare
ai_jailbreak_vulnerability	powerless	0.3016	mountain	naturalized	naturalized
ai_jailbreak_vulnerability	moderate	0.6417654365300313	rope	tangled_rope	tangled_rope
ai_jailbreak_vulnerability	institutional	0.40654455503986775	rope	tangled_rope	tangled_rope
ai_jailbreak_vulnerability	analytical	0.7945597951571295	mountain	snare	snare
ai_risk_governance_priority__bridge_reading	powerless	0.45649175576267154	mountain	tangled_rope	tangled_rope
ai_risk_governance_priority__bridge_reading	moderate	0.46472669541829853	rope	tangled_rope	tangled_rope
ai_risk_governance_priority__bridge_reading	institutional	-0.006104869666332339	rope	rope	rope
ai_risk_governance_priority__bridge_reading	analytical	0.5753708861482661	mountain	tangled_rope	tangled_rope
ai_risk_governance_priority__existential_risk_reading	powerless	0.3016	mountain	naturalized	naturalized
ai_risk_governance_priority__existential_risk_reading	moderate	0.6417654365300313	rope	tangled_rope	tangled_rope
ai_risk_governance_priority__existential_risk_reading	institutional	-0.024506148226483216	rope	rope	rope
ai_risk_governance_priority__existential_risk_reading	analytical	0.7945597951571295	mountain	snare	snare
ai_risk_governance_priority__near_term_harms_reading	powerless	0.3016	mountain	naturalized	naturalized
ai_risk_governance_priority__near_term_harms_reading	moderate	0.6417654365300313	rope	tangled_rope	tangled_rope
ai_risk_governance_priority__near_term_harms_reading	institutional	0.038896132321056376	rope	naturalized	naturalized
ai_risk_governance_priority__near_term_harms_reading	analytical	0.7945597951571295	mountain	snare	snare
ai_risk_prioritization__existential_risk_reading	powerless	0.3016	mountain	naturalized	naturalized
ai_risk_prioritization__existential_risk_reading	moderate	0.620043067570935	rope	tangled_rope	tangled_rope
ai_risk_prioritization__existential_risk_reading	institutional	-0.024506148226483216	rope	rope	rope
ai_risk_prioritization__existential_risk_reading	analytical	0.7945597951571295	mountain	snare	snare
ai_risk_prioritization__near_term_harms_reading	powerless	0.3016	mountain	naturalized	naturalized
ai_risk_prioritization__near_term_harms_reading	moderate	0.6417654365300313	rope	tangled_rope	tangled_rope
ai_risk_prioritization__near_term_harms_reading	institutional	-0.024506148226483216	rope	rope	rope
ai_risk_prioritization__near_term_harms_reading	analytical	0.8061661514951736	mountain	snare	snare
ai_safety_commitment__dual_priority_reading	powerless	0.5651802690394981	mountain	tangled_rope	tangled_rope
ai_safety_commitment__dual_priority_reading	moderate	0.5753759086131316	rope	tangled_rope	tangled_rope
ai_safety_commitment__dual_priority_reading	institutional	-0.021971029444433233	rope	rope	rope
ai_safety_commitment__dual_priority_reading	analytical	0.7123639542788058	mountain	tangled_rope	tangled_rope
ai_safety_commitment__existential_risk_reading	powerless	0.6738687823163247	mountain	tangled_rope	tangled_rope
ai_safety_commitment__existential_risk_reading	moderate	0.6860251218079645	rope	tangled_rope	tangled_rope
ai_safety_commitment__existential_risk_reading	institutional	-0.026196227414516545	rope	rope	rope
ai_safety_commitment__existential_risk_reading	analytical	0.8493570224093454	mountain	tangled_rope	tangled_rope
ai_safety_commitment__near_term_harms_reading	powerless	0.1483323175296798	mountain	naturalized	naturalized
ai_safety_commitment__near_term_harms_reading	moderate	0.5753759086131316	rope	tangled_rope	tangled_rope
ai_safety_commitment__near_term_harms_reading	institutional	0.009029624626067892	rope	naturalized	naturalized
ai_safety_commitment__near_term_harms_reading	analytical	0.7123639542788058	mountain	snare	snare
ai_safety_verification	powerless	0.3016	mountain	naturalized	naturalized
ai_safety_verification	moderate	0.6417654365300313	rope	tangled_rope	tangled_rope
ai_safety_verification	institutional	-0.024506148226483216	rope	rope	rope
ai_safety_verification	analytical	0.7945597951571295	mountain	snare	snare
algorithmic_accountability_regime	powerless	0.3016	mountain	piton	piton
algorithmic_accountability_regime	moderate	0.6417654365300313	rope	tangled_rope	tangled_rope
algorithmic_accountability_regime	institutional	0.06387156647306734	rope	piton	piton
algorithmic_accountability_regime	analytical	0.7945597951571295	mountain	snare	snare
algorithmic_filter_bubbles	powerless	0.3016	mountain	naturalized	naturalized
algorithmic_filter_bubbles	moderate	0.6417654365300313	rope	tangled_rope	tangled_rope
algorithmic_filter_bubbles	institutional	-0.053908270927801476	rope	rope	rope
algorithmic_filter_bubbles	analytical	0.7945597951571295	mountain	snare	snare
alignment_divergence_accumulation	powerless	0.6303933770055941	mountain	tangled_rope	tangled_rope
alignment_divergence_accumulation	moderate	0.6417654365300313	rope	tangled_rope	tangled_rope
alignment_divergence_accumulation	institutional	0.16900379041174604	rope	naturalized	naturalized
alignment_divergence_accumulation	analytical	0.7945597951571295	mountain	snare	snare
all_men_created_equal__originalist_reading	powerless	0.5302437267503168	mountain	tangled_rope	tangled_rope
all_men_created_equal__originalist_reading	moderate	0.6860251218079645	rope	snare	snare
all_men_created_equal__originalist_reading	institutional	-0.026196227414516545	rope	rope	rope
all_men_created_equal__originalist_reading	analytical	0.8493570224093454	mountain	snare	snare
all_men_created_equal__textualist_paradox_reading	powerless	0.6303933770055941	mountain	tangled_rope	tangled_rope
all_men_created_equal__textualist_paradox_reading	moderate	0.6417654365300313	rope	tangled_rope	tangled_rope
all_men_created_equal__textualist_paradox_reading	institutional	0.16900379041174604	rope	naturalized	naturalized
all_men_created_equal__textualist_paradox_reading	analytical	0.7945597951571295	mountain	snare	snare
all_men_created_equal__universalist_reading	powerless	0.5651802690394981	mountain	tangled_rope	tangled_rope
all_men_created_equal__universalist_reading	moderate	0.5753759086131316	rope	tangled_rope	tangled_rope
all_men_created_equal__universalist_reading	institutional	-0.021971029444433233	rope	rope	rope
all_men_created_equal__universalist_reading	analytical	0.7123639542788058	mountain	tangled_rope	tangled_rope
alternative_governance_emergence	powerless	0.5651802690394981	mountain	tangled_rope	tangled_rope
alternative_governance_emergence	moderate	0.5753759086131316	rope	tangled_rope	tangled_rope
alternative_governance_emergence	institutional	-0.038170336473231196	rope	rope	rope
alternative_governance_emergence	analytical	0.7123639542788058	mountain	tangled_rope	tangled_rope
amun_priesthood_authority_substrate	powerless	0.6303933770055941	mountain	tangled_rope	tangled_rope
amun_priesthood_authority_substrate	moderate	0.6417654365300313	rope	tangled_rope	tangled_rope
amun_priesthood_authority_substrate	institutional	-0.024506148226483216	rope	rope	rope
amun_priesthood_authority_substrate	analytical	0.7945597951571295	mountain	snare	snare
aneyoshi_land_use_prohibition__behavioral_competence_reading	powerless	0.05571781178812424	mountain	scaffold	rope
aneyoshi_land_use_prohibition__behavioral_competence_reading	moderate	0.05043070772312535	rope	scaffold	rope
aneyoshi_land_use_prohibition__behavioral_competence_reading	institutional	-0.002112598985041657	rope	scaffold	rope
aneyoshi_land_use_prohibition__behavioral_competence_reading	analytical	0.0684965340652698	mountain	scaffold	rope
aneyoshi_land_use_prohibition__commemorative_husk_reading	powerless	0.7390818902824207	mountain	unknown	unknown
aneyoshi_land_use_prohibition__commemorative_husk_reading	moderate	0.7524146497248644	rope	unknown	unknown
aneyoshi_land_use_prohibition__commemorative_husk_reading	institutional	-0.04991505538807157	rope	rope	rope
aneyoshi_land_use_prohibition__commemorative_husk_reading	analytical	0.9315528632876693	mountain	unknown	unknown
animal_moral_status__abolitionist_reading	powerless	0.40559999999999996	mountain	unknown	unknown
animal_moral_status__abolitionist_reading	moderate	0.8630638629196973	rope	snare	snare
animal_moral_status__abolitionist_reading	institutional	-0.06260089483612458	rope	rope	rope
animal_moral_status__abolitionist_reading	analytical	1.0685459314182089	mountain	snare	snare
animal_moral_status__property_reading	powerless	0.08914849886099879	mountain	mountain	mountain
animal_moral_status__property_reading	moderate	0.08068913235700055	rope	scaffold	scaffold
animal_moral_status__property_reading	institutional	-0.003380158376066651	rope	scaffold	scaffold
animal_moral_status__property_reading	analytical	0.10959445450443167	mountain	mountain	mountain
animal_moral_status__welfare_reading	powerless	0.4130163504519409	mountain	tangled_rope	tangled_rope
animal_moral_status__welfare_reading	moderate	0.42046701014036536	rope	tangled_rope	tangled_rope
animal_moral_status__welfare_reading	institutional	-0.01605575228631659	rope	rope	rope
animal_moral_status__welfare_reading	analytical	0.5205736588960505	mountain	tangled_rope	tangled_rope
animal_status__abolitionist_reading	powerless	0.9999343221468044	mountain	snare	snare
animal_status__abolitionist_reading	moderate	1.0179727613924634	rope	snare	snare
animal_status__abolitionist_reading	institutional	-0.038871821324766485	rope	rope	rope
animal_status__abolitionist_reading	analytical	1.2603362268009641	mountain	snare	snare
animal_status__property_reading	powerless	0.05571781178812424	mountain	scaffold	rope
animal_status__property_reading	moderate	0.05043070772312535	rope	scaffold	rope
animal_status__property_reading	institutional	-0.002112598985041657	rope	scaffold	rope
animal_status__property_reading	analytical	0.0684965340652698	mountain	scaffold	rope
animal_status__welfare_reading	powerless	0.48909830974571955	mountain	tangled_rope	tangled_rope
animal_status__welfare_reading	moderate	0.4979214593767484	rope	tangled_rope	tangled_rope
animal_status__welfare_reading	institutional	-0.019013390865374912	rope	rope	rope
animal_status__welfare_reading	analytical	0.6164688065874281	mountain	tangled_rope	tangled_rope
animal_status_kernel__property_reading	powerless	0.8912458088699777	mountain	snare	snare
animal_status_kernel__property_reading	moderate	0.9073235481976304	rope	snare	snare
animal_status_kernel__property_reading	institutional	-0.03464662335468317	rope	rope	rope
animal_status_kernel__property_reading	analytical	1.1233431586704243	mountain	snare	snare
animal_status_kernel__welfare_reading	powerless	0.5217048637287675	mountain	tangled_rope	tangled_rope
animal_status_kernel__welfare_reading	moderate	0.5311162233351983	rope	tangled_rope	tangled_rope
animal_status_kernel__welfare_reading	institutional	-0.020280950256399904	rope	rope	rope
animal_status_kernel__welfare_reading	analytical	0.6575667270265899	mountain	tangled_rope	tangled_rope
anonymity_commons_degradation	powerless	0.3016	mountain	naturalized	naturalized
anonymity_commons_degradation	moderate	0.6417654365300313	rope	tangled_rope	tangled_rope
anonymity_commons_degradation	institutional	-0.024506148226483216	rope	rope	rope
anonymity_commons_degradation	analytical	0.7945597951571295	mountain	snare	snare
anthropological_record__creationist_reading	powerless	0.3016	mountain	naturalized	naturalized
anthropological_record__creationist_reading	moderate	0.6417654365300313	rope	tangled_rope	tangled_rope
anthropological_record__creationist_reading	institutional	-0.00843053430112561	rope	rope	rope
anthropological_record__creationist_reading	analytical	0.7945597951571295	mountain	snare	snare
anthropological_record__indigenous_epistemology_reading	powerless	0.5217048637287675	mountain	tangled_rope	tangled_rope
anthropological_record__indigenous_epistemology_reading	moderate	0.5311162233351983	rope	tangled_rope	tangled_rope
anthropological_record__indigenous_epistemology_reading	institutional	-0.006976993904379816	rope	rope	rope
anthropological_record__indigenous_epistemology_reading	analytical	0.6575667270265899	mountain	tangled_rope	tangled_rope
anthropological_record__naturalist_reading	powerless	0.3016	mountain	naturalized	naturalized
anthropological_record__naturalist_reading	moderate	0.6417654365300313	rope	tangled_rope	tangled_rope
anthropological_record__naturalist_reading	institutional	-0.04257460606629633	rope	rope	rope
anthropological_record__naturalist_reading	analytical	0.7945597951571295	mountain	snare	snare
arctic_resource_competition	powerless	0.496034454056748	mountain	tangled_rope	tangled_rope
arctic_resource_competition	moderate	0.6417654365300313	rope	tangled_rope	tangled_rope
arctic_resource_competition	institutional	-0.04257460606629633	rope	rope	rope
arctic_resource_competition	analytical	0.7945597951571295	mountain	snare	snare
article17_erasure_right__censorship_mechanism_reading	powerless	0.3016	mountain	naturalized	naturalized
article17_erasure_right__censorship_mechanism_reading	moderate	0.6417654365300313	rope	tangled_rope	tangled_rope
article17_erasure_right__censorship_mechanism_reading	institutional	-0.024506148226483216	rope	rope	rope
article17_erasure_right__censorship_mechanism_reading	analytical	0.7945597951571295	mountain	snare	snare
article17_erasure_right__competitive_moat_reading	powerless	0.6303933770055941	mountain	tangled_rope	tangled_rope
article17_erasure_right__competitive_moat_reading	moderate	0.6417654365300313	rope	tangled_rope	tangled_rope
article17_erasure_right__competitive_moat_reading	institutional	-0.04257460606629633	rope	rope	rope
article17_erasure_right__competitive_moat_reading	analytical	0.7945597951571295	mountain	snare	snare
article17_erasure_right__privacy_fundamental_reading	powerless	0.4130163504519409	mountain	tangled_rope	tangled_rope
article17_erasure_right__privacy_fundamental_reading	moderate	0.42046701014036536	rope	tangled_rope	tangled_rope
article17_erasure_right__privacy_fundamental_reading	institutional	0.3585041330257732	rope	tangled_rope	tangled_rope
article17_erasure_right__privacy_fundamental_reading	analytical	0.5205736588960505	mountain	tangled_rope	tangled_rope
article_17_complementarity__international_oversight_reading	powerless	0.3016	mountain	naturalized	naturalized
article_17_complementarity__international_oversight_reading	moderate	0.6417654365300313	rope	tangled_rope	tangled_rope
article_17_complementarity__international_oversight_reading	institutional	-0.024506148226483216	rope	rope	rope
article_17_complementarity__international_oversight_reading	analytical	0.7945597951571295	mountain	snare	snare
article_17_complementarity__national_primacy_reading	powerless	0.5651802690394981	mountain	tangled_rope	tangled_rope
article_17_complementarity__national_primacy_reading	moderate	0.5753759086131316	rope	tangled_rope	tangled_rope
article_17_complementarity__national_primacy_reading	institutional	-0.030475336299372657	rope	rope	rope
article_17_complementarity__national_primacy_reading	analytical	0.7123639542788058	mountain	tangled_rope	tangled_rope
article_17_complementarity__procedural_gatekeeping_mechanism	powerless	0.3016	mountain	naturalized	naturalized
article_17_complementarity__procedural_gatekeeping_mechanism	moderate	0.6417654365300313	rope	tangled_rope	tangled_rope
article_17_complementarity__procedural_gatekeeping_mechanism	institutional	0.3035996784237043	rope	naturalized	naturalized
article_17_complementarity__procedural_gatekeeping_mechanism	analytical	0.7945597951571295	mountain	snare	snare
article_27_veto_power__coordination_reading	powerless	0.1337227482914982	mountain	scaffold	rope
article_27_veto_power__coordination_reading	moderate	0.12103369853550082	rope	scaffold	rope
article_27_veto_power__coordination_reading	institutional	-0.005070237564099976	rope	scaffold	rope
article_27_veto_power__coordination_reading	analytical	0.16439168175664748	mountain	scaffold	rope
article_27_veto_power__oligopoly_reading	powerless	0.5132269693842648	mountain	tangled_rope	tangled_rope
article_27_veto_power__oligopoly_reading	moderate	0.7524146497248644	rope	snare	snare
article_27_veto_power__oligopoly_reading	institutional	-0.028731346196566535	rope	rope	rope
article_27_veto_power__oligopoly_reading	analytical	0.9315528632876693	mountain	snare	snare
article_27_veto_power__sovereignty_reading	powerless	0.08914849886099879	mountain	mountain	mountain
article_27_veto_power__sovereignty_reading	moderate	0.08068913235700055	rope	scaffold	scaffold
article_27_veto_power__sovereignty_reading	institutional	-0.003380158376066651	rope	scaffold	scaffold
article_27_veto_power__sovereignty_reading	analytical	0.10959445450443167	mountain	mountain	mountain
article_2_7_chapter_vii_tension__p5_veto_gatekeeper	powerless	0.3224	mountain	naturalized	naturalized
article_2_7_chapter_vii_tension__p5_veto_gatekeeper	moderate	0.6860251218079645	rope	snare	snare
article_2_7_chapter_vii_tension__p5_veto_gatekeeper	institutional	-0.026196227414516545	rope	rope	rope
article_2_7_chapter_vii_tension__p5_veto_gatekeeper	analytical	0.8493570224093454	mountain	snare	snare
article_2_7_chapter_vii_tension__r2p_reading	powerless	0.6303933770055941	mountain	tangled_rope	tangled_rope
article_2_7_chapter_vii_tension__r2p_reading	moderate	0.6417654365300313	rope	tangled_rope	tangled_rope
article_2_7_chapter_vii_tension__r2p_reading	institutional	-0.024506148226483216	rope	rope	rope
article_2_7_chapter_vii_tension__r2p_reading	analytical	0.7945597951571295	mountain	tangled_rope	tangled_rope
article_2_7_chapter_vii_tension__sovereignty_first_reading	powerless	0.7390818902824207	mountain	snare	snare
article_2_7_chapter_vii_tension__sovereignty_first_reading	moderate	0.7524146497248644	rope	snare	snare
article_2_7_chapter_vii_tension__sovereignty_first_reading	institutional	-0.028731346196566535	rope	rope	rope
article_2_7_chapter_vii_tension__sovereignty_first_reading	analytical	0.9315528632876693	mountain	snare	snare
article_51_self_defense__expansive_preventive_reading	powerless	0.4224444395474223	mountain	tangled_rope	tangled_rope
article_51_self_defense__expansive_preventive_reading	moderate	0.7524146497248644	rope	snare	snare
article_51_self_defense__expansive_preventive_reading	institutional	-0.028731346196566535	rope	rope	rope
article_51_self_defense__expansive_preventive_reading	analytical	0.9315528632876693	mountain	snare	snare
article_51_self_defense__narrow_armed_attack_reading	powerless	0.4130163504519409	mountain	tangled_rope	tangled_rope
article_51_self_defense__narrow_armed_attack_reading	moderate	0.42046701014036536	rope	tangled_rope	tangled_rope
article_51_self_defense__narrow_armed_attack_reading	institutional	0.22764322256008665	rope	rope	rope
article_51_self_defense__narrow_armed_attack_reading	analytical	0.5205736588960505	mountain	tangled_rope	tangled_rope
article_51_self_defense__unable_unwilling_doctrine_reading	powerless	0.2704	mountain	naturalized	naturalized
article_51_self_defense__unable_unwilling_doctrine_reading	moderate	0.5753759086131316	rope	tangled_rope	tangled_rope
article_51_self_defense__unable_unwilling_doctrine_reading	institutional	-0.021971029444433233	rope	rope	rope
article_51_self_defense__unable_unwilling_doctrine_reading	analytical	0.7123639542788058	mountain	snare	snare
article_9_war_renunciation__collective_self_defense_reading	powerless	0.2808	mountain	naturalized	naturalized
article_9_war_renunciation__collective_self_defense_reading	moderate	0.5975057512520981	rope	tangled_rope	tangled_rope
article_9_war_renunciation__collective_self_defense_reading	institutional	-0.022816069038449894	rope	rope	rope
article_9_war_renunciation__collective_self_defense_reading	analytical	0.7397625679049138	mountain	snare	snare
article_9_war_renunciation__inherent_right_reading	powerless	0.5217048637287675	mountain	tangled_rope	tangled_rope
article_9_war_renunciation__inherent_right_reading	moderate	0.5311162233351983	rope	tangled_rope	tangled_rope
article_9_war_renunciation__inherent_right_reading	institutional	-0.020280950256399904	rope	rope	rope
article_9_war_renunciation__inherent_right_reading	analytical	0.6575667270265899	mountain	tangled_rope	tangled_rope
article_9_war_renunciation__strict_pacifist_reading	powerless	0.3016	mountain	naturalized	naturalized
article_9_war_renunciation__strict_pacifist_reading	moderate	0.6417654365300313	rope	tangled_rope	tangled_rope
article_9_war_renunciation__strict_pacifist_reading	institutional	0.7785061482264832	rope	snare	snare
article_9_war_renunciation__strict_pacifist_reading	analytical	0.7945597951571295	mountain	snare	snare
audit_trail_discovery_surface	powerless	0.5217048637287675	mountain	tangled_rope	tangled_rope
audit_trail_discovery_surface	moderate	0.5311162233351983	rope	tangled_rope	tangled_rope
audit_trail_discovery_surface	institutional	-0.020280950256399904	rope	rope	rope
audit_trail_discovery_surface	analytical	0.6575667270265899	mountain	tangled_rope	tangled_rope
average_is_over_2026	powerless	0.3016	mountain	naturalized	naturalized
average_is_over_2026	moderate	0.6417654365300313	rope	tangled_rope	tangled_rope
average_is_over_2026	institutional	0.2333828820613657	rope	naturalized	naturalized
average_is_over_2026	analytical	0.7945597951571295	mountain	snare	snare
award_system_voter_diversity	powerless	0.5651802690394981	mountain	tangled_rope	rope
award_system_voter_diversity	moderate	0.5753759086131316	rope	tangled_rope	rope
award_system_voter_diversity	institutional	0.009029624626067892	rope	naturalized	rope
award_system_voter_diversity	analytical	0.7123639542788058	mountain	tangled_rope	rope
axiom_of_choice_consequence	powerless	0.1362600974974211	mountain	mountain	mountain
axiom_of_choice_consequence	moderate	0.11999708872969506	rope	rope	rope
axiom_of_choice_consequence	institutional	-0.014325121871776378	rope	rope	rope
axiom_of_choice_consequence	analytical	0.16560293298312803	mountain	mountain	mountain
balfour_mandate_instruments__dual_obligation_indigenous_rights	powerless	0.5217048637287675	mountain	tangled_rope	tangled_rope
balfour_mandate_instruments__dual_obligation_indigenous_rights	moderate	0.5311162233351983	rope	tangled_rope	tangled_rope
balfour_mandate_instruments__dual_obligation_indigenous_rights	institutional	-0.020280950256399904	rope	rope	rope
balfour_mandate_instruments__dual_obligation_indigenous_rights	analytical	0.6575667270265899	mountain	tangled_rope	tangled_rope
balfour_mandate_instruments__jewish_national_home_primacy	powerless	0.42168500800543074	mountain	tangled_rope	tangled_rope
balfour_mandate_instruments__jewish_national_home_primacy	moderate	0.6860251218079645	rope	snare	snare
balfour_mandate_instruments__jewish_national_home_primacy	institutional	0.1806592242332458	rope	naturalized	naturalized
balfour_mandate_instruments__jewish_national_home_primacy	analytical	0.8493570224093454	mountain	snare	snare
balfour_mandate_instruments__mandatory_interpretive_discretion	powerless	0.3016	mountain	naturalized	naturalized
balfour_mandate_instruments__mandatory_interpretive_discretion	moderate	0.6417654365300313	rope	tangled_rope	tangled_rope
balfour_mandate_instruments__mandatory_interpretive_discretion	institutional	0.02386514999188097	rope	naturalized	naturalized
balfour_mandate_instruments__mandatory_interpretive_discretion	analytical	0.7945597951571295	mountain	snare	snare
basic_law_interpretive_authority__judicial_supremacy_reading	powerless	0.24959999999999996	mountain	naturalized	naturalized
basic_law_interpretive_authority__judicial_supremacy_reading	moderate	0.5311162233351983	rope	tangled_rope	tangled_rope
basic_law_interpretive_authority__judicial_supremacy_reading	institutional	-0.03523415674452111	rope	rope	rope
basic_law_interpretive_authority__judicial_supremacy_reading	analytical	0.6575667270265899	mountain	tangled_rope	tangled_rope
basic_law_interpretive_authority__parliamentary_sovereignty_reading	powerless	0.5651802690394981	mountain	tangled_rope	tangled_rope
basic_law_interpretive_authority__parliamentary_sovereignty_reading	moderate	0.5753759086131316	rope	tangled_rope	tangled_rope
basic_law_interpretive_authority__parliamentary_sovereignty_reading	institutional	-0.021971029444433233	rope	rope	rope
basic_law_interpretive_authority__parliamentary_sovereignty_reading	analytical	0.7123639542788058	mountain	tangled_rope	tangled_rope
basic_law_interpretive_authority__popular_constitutionalism_reading	powerless	0.6303933770055941	mountain	tangled_rope	tangled_rope
basic_law_interpretive_authority__popular_constitutionalism_reading	moderate	0.6417654365300313	rope	tangled_rope	tangled_rope
basic_law_interpretive_authority__popular_constitutionalism_reading	institutional	-0.024506148226483216	rope	rope	rope
basic_law_interpretive_authority__popular_constitutionalism_reading	analytical	0.7945597951571295	mountain	tangled_rope	tangled_rope
basic_law_interpretive_boundary__balanced_contestation_reading	powerless	0.4130163504519409	mountain	tangled_rope	tangled_rope
basic_law_interpretive_boundary__balanced_contestation_reading	moderate	0.42046701014036536	rope	tangled_rope	tangled_rope
basic_law_interpretive_boundary__balanced_contestation_reading	institutional	-0.01605575228631659	rope	rope	rope
basic_law_interpretive_boundary__balanced_contestation_reading	analytical	0.5205736588960505	mountain	tangled_rope	tangled_rope
basic_law_interpretive_boundary__judicial_supremacy_reading	powerless	0.6303933770055941	mountain	tangled_rope	tangled_rope
basic_law_interpretive_boundary__judicial_supremacy_reading	moderate	0.6417654365300313	rope	tangled_rope	tangled_rope
basic_law_interpretive_boundary__judicial_supremacy_reading	institutional	-0.024506148226483216	rope	rope	rope
basic_law_interpretive_boundary__judicial_supremacy_reading	analytical	0.7945597951571295	mountain	snare	snare
basic_law_interpretive_boundary__parliamentary_sovereignty_reading	powerless	0.08914849886099879	mountain	scaffold	rope
basic_law_interpretive_boundary__parliamentary_sovereignty_reading	moderate	0.08068913235700055	rope	scaffold	rope
basic_law_interpretive_boundary__parliamentary_sovereignty_reading	institutional	-0.003380158376066651	rope	scaffold	rope
basic_law_interpretive_boundary__parliamentary_sovereignty_reading	analytical	0.10959445450443167	mountain	scaffold	rope
beehiiv_platform_model	powerless	0.6303933770055941	mountain	tangled_rope	tangled_rope
beehiiv_platform_model	moderate	0.6417654365300313	rope	tangled_rope	tangled_rope
beehiiv_platform_model	institutional	-0.04257460606629633	rope	rope	rope
beehiiv_platform_model	analytical	0.7945597951571295	mountain	snare	snare
beta_designation_doctrine__expansive_shield_reading	powerless	0.35359999999999997	mountain	tangled_rope	tangled_rope
beta_designation_doctrine__expansive_shield_reading	moderate	0.7524146497248644	rope	snare	snare
beta_designation_doctrine__expansive_shield_reading	institutional	-0.039852362853025784	rope	rope	rope
beta_designation_doctrine__expansive_shield_reading	analytical	0.9315528632876693	mountain	snare	snare
beta_designation_doctrine__narrow_warning_reading	powerless	0.4175149659381967	mountain	scaffold	scaffold
beta_designation_doctrine__narrow_warning_reading	moderate	0.42046701014036536	rope	scaffold	scaffold
beta_designation_doctrine__narrow_warning_reading	institutional	-0.01605575228631659	rope	scaffold	scaffold
beta_designation_doctrine__narrow_warning_reading	analytical	0.5205736588960505	mountain	tangled_rope	tangled_rope
beta_designation_doctrine__severity_carve_out_reading	powerless	0.38040979646889295	mountain	tangled_rope	tangled_rope
beta_designation_doctrine__severity_carve_out_reading	moderate	0.3872722461819154	rope	tangled_rope	tangled_rope
beta_designation_doctrine__severity_carve_out_reading	institutional	-0.025691572626213306	rope	rope	rope
beta_designation_doctrine__severity_carve_out_reading	analytical	0.47947573845688846	mountain	tangled_rope	tangled_rope
biblical_authority__conciliar_reading	powerless	0.4130163504519409	mountain	tangled_rope	tangled_rope
biblical_authority__conciliar_reading	moderate	0.2950898658603317	rope	rope	rope
biblical_authority__conciliar_reading	institutional	-0.01605575228631659	rope	rope	rope
biblical_authority__conciliar_reading	analytical	0.5205736588960505	mountain	tangled_rope	tangled_rope
biblical_authority__sola_scriptura_reading	powerless	0.4130163504519409	mountain	tangled_rope	tangled_rope
biblical_authority__sola_scriptura_reading	moderate	0.42046701014036536	rope	tangled_rope	tangled_rope
biblical_authority__sola_scriptura_reading	institutional	0.3230651271009348	rope	rope	rope
biblical_authority__sola_scriptura_reading	analytical	0.5205736588960505	mountain	tangled_rope	tangled_rope
biblical_authority__tradition_scripture_reading	powerless	0.6303933770055941	mountain	tangled_rope	tangled_rope
biblical_authority__tradition_scripture_reading	moderate	0.40654455503986775	rope	tangled_rope	tangled_rope
biblical_authority__tradition_scripture_reading	institutional	-0.04257460606629633	rope	rope	rope
biblical_authority__tradition_scripture_reading	analytical	0.7945597951571295	mountain	snare	snare
biblical_divine_nature__modalist_reading	powerless	0.4130163504519409	mountain	tangled_rope	tangled_rope
biblical_divine_nature__modalist_reading	moderate	0.42046701014036536	rope	tangled_rope	tangled_rope
biblical_divine_nature__modalist_reading	institutional	-0.01605575228631659	rope	rope	rope
biblical_divine_nature__modalist_reading	analytical	0.5205736588960505	mountain	tangled_rope	tangled_rope
biblical_divine_nature__trinitarian_reading	powerless	0.20872047638201635	mountain	naturalized	naturalized
biblical_divine_nature__trinitarian_reading	moderate	0.6417654365300313	rope	tangled_rope	tangled_rope
biblical_divine_nature__trinitarian_reading	institutional	-0.024506148226483216	rope	rope	rope
biblical_divine_nature__trinitarian_reading	analytical	0.7945597951571295	mountain	snare	snare
biblical_divine_nature__unitarian_reading	powerless	0.4130163504519409	mountain	tangled_rope	tangled_rope
biblical_divine_nature__unitarian_reading	moderate	0.42046701014036536	rope	tangled_rope	tangled_rope
biblical_divine_nature__unitarian_reading	institutional	0.3230651271009348	rope	rope	rope
biblical_divine_nature__unitarian_reading	analytical	0.5205736588960505	mountain	tangled_rope	tangled_rope
biblical_source_text__critical_reconstructive_reading	powerless	0.3016	mountain	naturalized	naturalized
biblical_source_text__critical_reconstructive_reading	moderate	0.6417654365300313	rope	tangled_rope	tangled_rope
biblical_source_text__critical_reconstructive_reading	institutional	-0.024506148226483216	rope	rope	rope
biblical_source_text__critical_reconstructive_reading	analytical	0.7945597951571295	mountain	snare	snare
biblical_source_text__dynamic_equivalence_reading	powerless	0.4130163504519409	mountain	tangled_rope	tangled_rope
biblical_source_text__dynamic_equivalence_reading	moderate	0.42046701014036536	rope	tangled_rope	tangled_rope
biblical_source_text__dynamic_equivalence_reading	institutional	-0.01605575228631659	rope	rope	rope
biblical_source_text__dynamic_equivalence_reading	analytical	0.5205736588960505	mountain	tangled_rope	tangled_rope
biblical_source_text__formal_equivalence_reading	powerless	0.6738687823163247	mountain	tangled_rope	tangled_rope
biblical_source_text__formal_equivalence_reading	moderate	0.6860251218079645	rope	tangled_rope	tangled_rope
biblical_source_text__formal_equivalence_reading	institutional	-0.04551078579500643	rope	rope	rope
biblical_source_text__formal_equivalence_reading	analytical	0.8493570224093454	mountain	tangled_rope	tangled_rope
big_data_astrophysics_arbitrage	powerless	0.3016	mountain	naturalized	naturalized
big_data_astrophysics_arbitrage	moderate	0.6417654365300313	rope	tangled_rope	tangled_rope
big_data_astrophysics_arbitrage	institutional	0.038896132321056376	rope	naturalized	naturalized
big_data_astrophysics_arbitrage	analytical	0.7945597951571295	mountain	snare	snare
bilateral_science_innovation_partnership	powerless	0.5651802690394981	mountain	tangled_rope	rope
bilateral_science_innovation_partnership	moderate	0.5753759086131316	rope	tangled_rope	rope
bilateral_science_innovation_partnership	institutional	0.021396341372031214	rope	naturalized	rope
bilateral_science_innovation_partnership	analytical	0.7123639542788058	mountain	tangled_rope	rope
bitcoin_consensus_kernel__maximalist_reading	powerless	0.496034454056748	mountain	tangled_rope	tangled_rope
bitcoin_consensus_kernel__maximalist_reading	moderate	0.6417654365300313	rope	tangled_rope	tangled_rope
bitcoin_consensus_kernel__maximalist_reading	institutional	-0.024506148226483216	rope	rope	rope
bitcoin_consensus_kernel__maximalist_reading	analytical	0.7945597951571295	mountain	snare	snare
bitcoin_consensus_kernel__pragmatic_synthesis	powerless	0.34780324248584504	mountain	scaffold	scaffold
bitcoin_consensus_kernel__pragmatic_synthesis	moderate	0.3540774822234656	rope	scaffold	scaffold
bitcoin_consensus_kernel__pragmatic_synthesis	institutional	-0.013520633504266605	rope	scaffold	scaffold
bitcoin_consensus_kernel__pragmatic_synthesis	analytical	0.4383778180177267	mountain	scaffold	scaffold
bitcoin_consensus_kernel__utility_reading	powerless	0.4130163504519409	mountain	tangled_rope	tangled_rope
bitcoin_consensus_kernel__utility_reading	moderate	0.42046701014036536	rope	tangled_rope	tangled_rope
bitcoin_consensus_kernel__utility_reading	institutional	0.43381138241337536	rope	tangled_rope	tangled_rope
bitcoin_consensus_kernel__utility_reading	analytical	0.5205736588960505	mountain	tangled_rope	tangled_rope
bitcoin_whitepaper__digital_gold_reading	powerless	0.3016	mountain	naturalized	naturalized
bitcoin_whitepaper__digital_gold_reading	moderate	0.6417654365300313	rope	tangled_rope	tangled_rope
bitcoin_whitepaper__digital_gold_reading	institutional	-0.00843053430112561	rope	rope	rope
bitcoin_whitepaper__digital_gold_reading	analytical	0.7945597951571295	mountain	snare	snare
bitcoin_whitepaper__p2p_cash_reading	powerless	0.24959999999999996	mountain	naturalized	naturalized
bitcoin_whitepaper__p2p_cash_reading	moderate	0.5311162233351983	rope	tangled_rope	tangled_rope
bitcoin_whitepaper__p2p_cash_reading	institutional	-0.020280950256399904	rope	rope	rope
bitcoin_whitepaper__p2p_cash_reading	analytical	0.6575667270265899	mountain	tangled_rope	tangled_rope
bitcoin_whitepaper__protocol_ossification_reading	powerless	0.3016	mountain	naturalized	naturalized
bitcoin_whitepaper__protocol_ossification_reading	moderate	0.6417654365300313	rope	tangled_rope	tangled_rope
bitcoin_whitepaper__protocol_ossification_reading	institutional	-0.024506148226483216	rope	rope	rope
bitcoin_whitepaper__protocol_ossification_reading	analytical	0.7945597951571295	mountain	snare	snare
bitcoin_whitepaper_purpose__electronic_cash_reading	powerless	0.6303933770055941	mountain	tangled_rope	tangled_rope
bitcoin_whitepaper_purpose__electronic_cash_reading	moderate	0.6417654365300313	rope	tangled_rope	tangled_rope
bitcoin_whitepaper_purpose__electronic_cash_reading	institutional	0.038896132321056376	rope	naturalized	naturalized
bitcoin_whitepaper_purpose__electronic_cash_reading	analytical	0.7945597951571295	mountain	tangled_rope	tangled_rope
bitcoin_whitepaper_purpose__nakamoto_oracle_opacity	powerless	0.3016	mountain	naturalized	naturalized
bitcoin_whitepaper_purpose__nakamoto_oracle_opacity	moderate	0.6417654365300313	rope	tangled_rope	tangled_rope
bitcoin_whitepaper_purpose__nakamoto_oracle_opacity	institutional	-0.024506148226483216	rope	rope	rope
bitcoin_whitepaper_purpose__nakamoto_oracle_opacity	analytical	0.7945597951571295	mountain	snare	snare
bitcoin_whitepaper_purpose__store_of_value_reading	powerless	0.5651802690394981	mountain	tangled_rope	rope
bitcoin_whitepaper_purpose__store_of_value_reading	moderate	0.5753759086131316	rope	tangled_rope	rope
bitcoin_whitepaper_purpose__store_of_value_reading	institutional	0.009029624626067892	rope	naturalized	rope
bitcoin_whitepaper_purpose__store_of_value_reading	analytical	0.7123639542788058	mountain	tangled_rope	rope
bite_configuration_naturalization	powerless	0.4130163504519409	mountain	tangled_rope	tangled_rope
bite_configuration_naturalization	moderate	0.42046701014036536	rope	tangled_rope	tangled_rope
bite_configuration_naturalization	institutional	0.006598571842126536	rope	rope	rope
bite_configuration_naturalization	analytical	0.5205736588960505	mountain	tangled_rope	tangled_rope
blockchain_scalability_trilemma	powerless	0.5651802690394981	mountain	tangled_rope	tangled_rope
blockchain_scalability_trilemma	moderate	0.5753759086131316	rope	tangled_rope	tangled_rope
blockchain_scalability_trilemma	institutional	-0.038170336473231196	rope	rope	rope
blockchain_scalability_trilemma	analytical	0.7123639542788058	mountain	tangled_rope	tangled_rope
blockchain_settlement_finality	powerless	0.6303933770055941	mountain	tangled_rope	tangled_rope
blockchain_settlement_finality	moderate	0.6417654365300313	rope	tangled_rope	tangled_rope
blockchain_settlement_finality	institutional	0.038896132321056376	rope	naturalized	naturalized
blockchain_settlement_finality	analytical	0.7945597951571295	mountain	snare	snare
boom_bust_path_dependency	powerless	0.4130163504519409	mountain	piton	piton
boom_bust_path_dependency	moderate	0.42046701014036536	rope	piton	piton
boom_bust_path_dependency	institutional	-0.01605575228631659	rope	rope	rope
boom_bust_path_dependency	analytical	0.5205736588960505	mountain	unknown	unknown
border_control_legitimacy__freedom_of_movement_primary	powerless	0.3016	mountain	naturalized	naturalized
border_control_legitimacy__freedom_of_movement_primary	moderate	0.6417654365300313	rope	tangled_rope	tangled_rope
border_control_legitimacy__freedom_of_movement_primary	institutional	0.06387156647306734	rope	naturalized	naturalized
border_control_legitimacy__freedom_of_movement_primary	analytical	0.7945597951571295	mountain	snare	snare
border_control_legitimacy__jurisdictional_sovereignty	powerless	0.6303933770055941	mountain	tangled_rope	tangled_rope
border_control_legitimacy__jurisdictional_sovereignty	moderate	0.6417654365300313	rope	tangled_rope	tangled_rope
border_control_legitimacy__jurisdictional_sovereignty	institutional	-0.024506148226483216	rope	rope	rope
border_control_legitimacy__jurisdictional_sovereignty	analytical	0.7945597951571295	mountain	snare	snare
border_control_legitimacy__sovereignty_primary	powerless	0.35359999999999997	mountain	tangled_rope	tangled_rope
border_control_legitimacy__sovereignty_primary	moderate	0.7524146497248644	rope	snare	snare
border_control_legitimacy__sovereignty_primary	institutional	-0.028731346196566535	rope	rope	rope
border_control_legitimacy__sovereignty_primary	analytical	0.9315528632876693	mountain	snare	snare
border_legitimacy__economic_utility_reading	powerless	0.3016	mountain	naturalized	naturalized
border_legitimacy__economic_utility_reading	moderate	0.4930994045224794	rope	tangled_rope	tangled_rope
border_legitimacy__economic_utility_reading	institutional	-0.024506148226483216	rope	rope	rope
border_legitimacy__economic_utility_reading	analytical	0.7945597951571295	mountain	snare	snare
border_legitimacy__freedom_of_movement_primary_reading	powerless	0.7390818902824207	mountain	snare	snare
border_legitimacy__freedom_of_movement_primary_reading	moderate	0.7524146497248644	rope	snare	snare
border_legitimacy__freedom_of_movement_primary_reading	institutional	-0.028731346196566535	rope	rope	rope
border_legitimacy__freedom_of_movement_primary_reading	analytical	0.9315528632876693	mountain	snare	snare
border_legitimacy__freedom_of_movement_reading	powerless	0.35359999999999997	mountain	tangled_rope	tangled_rope
border_legitimacy__freedom_of_movement_reading	moderate	0.7524146497248644	rope	snare	snare
border_legitimacy__freedom_of_movement_reading	institutional	-0.028731346196566535	rope	rope	rope
border_legitimacy__freedom_of_movement_reading	analytical	0.9315528632876693	mountain	snare	snare
border_legitimacy__humanitarian_obligation_reading	powerless	0.4130163504519409	mountain	tangled_rope	tangled_rope
border_legitimacy__humanitarian_obligation_reading	moderate	0.42046701014036536	rope	tangled_rope	tangled_rope
border_legitimacy__humanitarian_obligation_reading	institutional	-0.01605575228631659	rope	rope	rope
border_legitimacy__humanitarian_obligation_reading	analytical	0.5205736588960505	mountain	tangled_rope	tangled_rope
border_legitimacy__sovereignty_primary_reading	powerless	0.6303933770055941	mountain	tangled_rope	tangled_rope
border_legitimacy__sovereignty_primary_reading	moderate	0.6417654365300313	rope	tangled_rope	tangled_rope
border_legitimacy__sovereignty_primary_reading	institutional	-0.024506148226483216	rope	rope	rope
border_legitimacy__sovereignty_primary_reading	analytical	0.7945597951571295	mountain	snare	snare
border_legitimacy__sovereignty_reading	powerless	0.7390818902824207	mountain	snare	snare
border_legitimacy__sovereignty_reading	moderate	0.7524146497248644	rope	snare	snare
border_legitimacy__sovereignty_reading	institutional	-0.028731346196566535	rope	rope	rope
border_legitimacy__sovereignty_reading	analytical	0.9315528632876693	mountain	snare	snare
border_normative_status__freedom_primary	powerless	0.3016	mountain	naturalized	naturalized
border_normative_status__freedom_primary	moderate	0.6417654365300313	rope	tangled_rope	tangled_rope
border_normative_status__freedom_primary	institutional	-0.024506148226483216	rope	rope	rope
border_normative_status__freedom_primary	analytical	0.7945597951571295	mountain	snare	snare
border_normative_status__qualified_sovereignty	powerless	0.3016	mountain	naturalized	naturalized
border_normative_status__qualified_sovereignty	moderate	0.6417654365300313	rope	tangled_rope	tangled_rope
border_normative_status__qualified_sovereignty	institutional	-0.024506148226483216	rope	rope	rope
border_normative_status__qualified_sovereignty	analytical	0.7945597951571295	mountain	snare	snare
border_normative_status__sovereignty_primary	powerless	0.3016	mountain	naturalized	naturalized
border_normative_status__sovereignty_primary	moderate	0.6417654365300313	rope	tangled_rope	tangled_rope
border_normative_status__sovereignty_primary	institutional	-0.024506148226483216	rope	rope	rope
border_normative_status__sovereignty_primary	analytical	0.7945597951571295	mountain	snare	snare
bretton_woods_treaty_substrate__keynesian_embedded_liberalism	powerless	0.3758305543162333	mountain	tangled_rope	tangled_rope
bretton_woods_treaty_substrate__keynesian_embedded_liberalism	moderate	0.3872722461819154	rope	tangled_rope	tangled_rope
bretton_woods_treaty_substrate__keynesian_embedded_liberalism	institutional	-0.014788192895291596	rope	rope	rope
bretton_woods_treaty_substrate__keynesian_embedded_liberalism	analytical	0.47947573845688846	mountain	tangled_rope	tangled_rope
bretton_woods_treaty_substrate__neoliberal_convertibility	powerless	0.3603202572610366	mountain	tangled_rope	tangled_rope
bretton_woods_treaty_substrate__neoliberal_convertibility	moderate	0.6417654365300313	rope	tangled_rope	tangled_rope
bretton_woods_treaty_substrate__neoliberal_convertibility	institutional	-0.024506148226483216	rope	rope	rope
bretton_woods_treaty_substrate__neoliberal_convertibility	analytical	0.7945597951571295	mountain	snare	snare
bretton_woods_treaty_substrate__sovereignty_defense	powerless	0.6303933770055941	mountain	tangled_rope	tangled_rope
bretton_woods_treaty_substrate__sovereignty_defense	moderate	0.6417654365300313	rope	tangled_rope	tangled_rope
bretton_woods_treaty_substrate__sovereignty_defense	institutional	-0.053908270927801476	rope	rope	rope
bretton_woods_treaty_substrate__sovereignty_defense	analytical	0.7945597951571295	mountain	snare	snare
burali_forte_paradox	powerless	0.1362600974974211	mountain	mountain	mountain
burali_forte_paradox	moderate	0.11999708872969506	rope	rope	rope
burali_forte_paradox	institutional	-0.014325121871776378	rope	rope	rope
burali_forte_paradox	analytical	0.16560293298312803	mountain	mountain	mountain
bureaucratic_discretion_capture	powerless	0.3016	mountain	naturalized	naturalized
bureaucratic_discretion_capture	moderate	0.6417654365300313	rope	tangled_rope	tangled_rope
bureaucratic_discretion_capture	institutional	0.02386514999188097	rope	naturalized	naturalized
bureaucratic_discretion_capture	analytical	0.7945597951571295	mountain	snare	snare
bureaucratic_legibility_collapse	powerless	0.3016	mountain	naturalized	naturalized
bureaucratic_legibility_collapse	moderate	0.6417654365300313	rope	tangled_rope	tangled_rope
bureaucratic_legibility_collapse	institutional	-0.04257460606629633	rope	rope	rope
bureaucratic_legibility_collapse	analytical	0.7945597951571295	mountain	snare	snare
bureaucratic_rent_seeking	powerless	0.2704	mountain	naturalized	naturalized
bureaucratic_rent_seeking	moderate	0.5753759086131316	rope	tangled_rope	tangled_rope
bureaucratic_rent_seeking	institutional	-0.021971029444433233	rope	rope	rope
bureaucratic_rent_seeking	analytical	0.7123639542788058	mountain	snare	snare
busy_beaver_noncomputability	powerless	0.1362600974974211	mountain	mountain	mountain
busy_beaver_noncomputability	moderate	0.11999708872969506	rope	rope	rope
busy_beaver_noncomputability	institutional	-0.014325121871776378	rope	rope	rope
busy_beaver_noncomputability	analytical	0.16560293298312803	mountain	mountain	mountain
caa_section_111d_delegation__facility_constraint_reading	powerless	0.6303933770055941	mountain	tangled_rope	tangled_rope
caa_section_111d_delegation__facility_constraint_reading	moderate	0.6417654365300313	rope	tangled_rope	tangled_rope
caa_section_111d_delegation__facility_constraint_reading	institutional	-0.024506148226483216	rope	rope	rope
caa_section_111d_delegation__facility_constraint_reading	analytical	0.7945597951571295	mountain	snare	snare
caa_section_111d_delegation__state_compliance_pathway_constraint	powerless	0.5651802690394981	mountain	tangled_rope	rope
caa_section_111d_delegation__state_compliance_pathway_constraint	moderate	0.5753759086131316	rope	tangled_rope	rope
caa_section_111d_delegation__state_compliance_pathway_constraint	institutional	0.4038071848615065	rope	tangled_rope	rope
caa_section_111d_delegation__state_compliance_pathway_constraint	analytical	0.7123639542788058	mountain	tangled_rope	rope
caa_section_111d_delegation__systemic_transformation_reading	powerless	0.4377524150630494	mountain	tangled_rope	tangled_rope
caa_section_111d_delegation__systemic_transformation_reading	moderate	0.6417654365300313	rope	tangled_rope	tangled_rope
caa_section_111d_delegation__systemic_transformation_reading	institutional	-0.024506148226483216	rope	rope	rope
caa_section_111d_delegation__systemic_transformation_reading	analytical	0.7945597951571295	mountain	snare	snare
canadian_equalization_regime	powerless	0.5651802690394981	mountain	tangled_rope	tangled_rope
canadian_equalization_regime	moderate	0.5753759086131316	rope	tangled_rope	tangled_rope
canadian_equalization_regime	institutional	-0.021971029444433233	rope	rope	rope
canadian_equalization_regime	analytical	0.7123639542788058	mountain	tangled_rope	tangled_rope
capability_acceleration_outpacing_safety	powerless	0.35359999999999997	mountain	tangled_rope	tangled_rope
capability_acceleration_outpacing_safety	moderate	0.7524146497248644	rope	snare	snare
capability_acceleration_outpacing_safety	institutional	-0.028731346196566535	rope	rope	rope
capability_acceleration_outpacing_safety	analytical	0.9315528632876693	mountain	snare	snare
capability_velocity_mismatch	powerless	0.2779643559681058	mountain	naturalized	naturalized
capability_velocity_mismatch	moderate	0.6417654365300313	rope	tangled_rope	tangled_rope
capability_velocity_mismatch	institutional	-0.00843053430112561	rope	rope	rope
capability_velocity_mismatch	analytical	0.7945597951571295	mountain	snare	snare
catastrophe_avoidance_retention__catastrophe_as_necessary_selector	powerless	0.3016	mountain	naturalized	naturalized
catastrophe_avoidance_retention__catastrophe_as_necessary_selector	moderate	0.6417654365300313	rope	tangled_rope	tangled_rope
catastrophe_avoidance_retention__catastrophe_as_necessary_selector	institutional	-0.024506148226483216	rope	rope	rope
catastrophe_avoidance_retention__catastrophe_as_necessary_selector	analytical	0.7945597951571295	mountain	snare	snare
catastrophe_avoidance_retention__hybrid_near_miss_learning	powerless	0.5651802690394981	mountain	tangled_rope	tangled_rope
catastrophe_avoidance_retention__hybrid_near_miss_learning	moderate	0.5753759086131316	rope	tangled_rope	tangled_rope
catastrophe_avoidance_retention__hybrid_near_miss_learning	institutional	-0.021971029444433233	rope	rope	rope
catastrophe_avoidance_retention__hybrid_near_miss_learning	analytical	0.7123639542788058	mountain	tangled_rope	tangled_rope
catastrophe_avoidance_retention__simulation_as_proxy_catastrophe	powerless	0.4130163504519409	mountain	tangled_rope	tangled_rope
catastrophe_avoidance_retention__simulation_as_proxy_catastrophe	moderate	0.2950898658603317	rope	rope	rope
catastrophe_avoidance_retention__simulation_as_proxy_catastrophe	institutional	-0.01605575228631659	rope	rope	rope
catastrophe_avoidance_retention__simulation_as_proxy_catastrophe	analytical	0.5205736588960505	mountain	tangled_rope	tangled_rope
catastrophe_memory_function__hybrid_transformation_reading	powerless	0.4130163504519409	mountain	tangled_rope	tangled_rope
catastrophe_memory_function__hybrid_transformation_reading	moderate	0.42046701014036536	rope	tangled_rope	tangled_rope
catastrophe_memory_function__hybrid_transformation_reading	institutional	-0.01605575228631659	rope	rope	rope
catastrophe_memory_function__hybrid_transformation_reading	analytical	0.5205736588960505	mountain	tangled_rope	tangled_rope
catastrophe_memory_function__mourning_practice_reading	powerless	0.4130163504519409	mountain	tangled_rope	tangled_rope
catastrophe_memory_function__mourning_practice_reading	moderate	0.2950898658603317	rope	rope	rope
catastrophe_memory_function__mourning_practice_reading	institutional	-0.01605575228631659	rope	rope	rope
catastrophe_memory_function__mourning_practice_reading	analytical	0.5205736588960505	mountain	tangled_rope	tangled_rope
catastrophe_memory_function__survival_competence_reading	powerless	0.34780324248584504	mountain	unknown	unknown
catastrophe_memory_function__survival_competence_reading	moderate	0.3540774822234656	rope	tangled_rope	tangled_rope
catastrophe_memory_function__survival_competence_reading	institutional	-0.013520633504266605	rope	rope	rope
catastrophe_memory_function__survival_competence_reading	analytical	0.4383778180177267	mountain	tangled_rope	tangled_rope
catastrophe_memory_preservation__hybrid_atrophy_reading	powerless	0.3043278371751144	mountain	piton	piton
catastrophe_memory_preservation__hybrid_atrophy_reading	moderate	0.3098177969455324	rope	rope	rope
catastrophe_memory_preservation__hybrid_atrophy_reading	institutional	-0.01183055431623328	rope	rope	rope
catastrophe_memory_preservation__hybrid_atrophy_reading	analytical	0.3835805907655109	mountain	piton	piton
catastrophe_memory_preservation__mourning_practice_reading	powerless	0.2451583718677467	mountain	scaffold	scaffold
catastrophe_memory_preservation__mourning_practice_reading	moderate	0.22189511398175152	rope	scaffold	scaffold
catastrophe_memory_preservation__mourning_practice_reading	institutional	-0.00929543553418329	rope	scaffold	scaffold
catastrophe_memory_preservation__mourning_practice_reading	analytical	0.30138474988718705	mountain	scaffold	scaffold
catastrophe_memory_preservation__survival_competence_reading	powerless	0.6303933770055941	mountain	tangled_rope	tangled_rope
catastrophe_memory_preservation__survival_competence_reading	moderate	0.6417654365300313	rope	tangled_rope	tangled_rope
catastrophe_memory_preservation__survival_competence_reading	institutional	-0.024506148226483216	rope	rope	rope
catastrophe_memory_preservation__survival_competence_reading	analytical	0.7945597951571295	mountain	snare	snare
catastrophe_memory_survival__competence_transmission_reading	powerless	0.5651802690394981	mountain	tangled_rope	tangled_rope
catastrophe_memory_survival__competence_transmission_reading	moderate	0.5753759086131316	rope	tangled_rope	tangled_rope
catastrophe_memory_survival__competence_transmission_reading	institutional	-0.021971029444433233	rope	rope	rope
catastrophe_memory_survival__competence_transmission_reading	analytical	0.7123639542788058	mountain	tangled_rope	tangled_rope
catastrophe_memory_survival__hybrid_encoding_reading	powerless	0.4130163504519409	mountain	tangled_rope	tangled_rope
catastrophe_memory_survival__hybrid_encoding_reading	moderate	0.42046701014036536	rope	tangled_rope	tangled_rope
catastrophe_memory_survival__hybrid_encoding_reading	institutional	-0.01605575228631659	rope	rope	rope
catastrophe_memory_survival__hybrid_encoding_reading	analytical	0.5622195925199971	mountain	tangled_rope	tangled_rope
catastrophe_memory_survival__symbol_survival_reading	powerless	0.6303933770055941	mountain	tangled_rope	tangled_rope
catastrophe_memory_survival__symbol_survival_reading	moderate	0.6417654365300313	rope	tangled_rope	tangled_rope
catastrophe_memory_survival__symbol_survival_reading	institutional	-0.024506148226483216	rope	rope	rope
catastrophe_memory_survival__symbol_survival_reading	analytical	0.7945597951571295	mountain	snare	snare
catastrophe_memory_transmission__hybrid_embedded_reading	powerless	0.3043278371751144	mountain	unknown	unknown
catastrophe_memory_transmission__hybrid_embedded_reading	moderate	0.3098177969455324	rope	rope	rope
catastrophe_memory_transmission__hybrid_embedded_reading	institutional	-0.01183055431623328	rope	rope	rope
catastrophe_memory_transmission__hybrid_embedded_reading	analytical	0.3835805907655109	mountain	unknown	unknown
catastrophe_memory_transmission__hybrid_pedagogical_reading	powerless	0.5651802690394981	mountain	tangled_rope	tangled_rope
catastrophe_memory_transmission__hybrid_pedagogical_reading	moderate	0.5753759086131316	rope	tangled_rope	tangled_rope
catastrophe_memory_transmission__hybrid_pedagogical_reading	institutional	-0.021971029444433233	rope	rope	rope
catastrophe_memory_transmission__hybrid_pedagogical_reading	analytical	0.7123639542788058	mountain	tangled_rope	tangled_rope
catastrophe_memory_transmission__mourning_practice_reading	powerless	0.6303933770055941	mountain	tangled_rope	tangled_rope
catastrophe_memory_transmission__mourning_practice_reading	moderate	0.6417654365300313	rope	tangled_rope	tangled_rope
catastrophe_memory_transmission__mourning_practice_reading	institutional	-0.024506148226483216	rope	rope	rope
catastrophe_memory_transmission__mourning_practice_reading	analytical	0.7945597951571295	mountain	snare	snare
catastrophe_memory_transmission__operational_competence_reading	powerless	0.23623634842734664	mountain	scaffold	scaffold
catastrophe_memory_transmission__operational_competence_reading	moderate	0.22189511398175152	rope	scaffold	scaffold
catastrophe_memory_transmission__operational_competence_reading	institutional	-0.00929543553418329	rope	scaffold	scaffold
catastrophe_memory_transmission__operational_competence_reading	analytical	0.30138474988718705	mountain	scaffold	scaffold
catastrophe_memory_transmission__survival_competence_reading	powerless	0.4130163504519409	mountain	tangled_rope	tangled_rope
catastrophe_memory_transmission__survival_competence_reading	moderate	0.42046701014036536	rope	tangled_rope	tangled_rope
catastrophe_memory_transmission__survival_competence_reading	institutional	-0.01605575228631659	rope	rope	rope
catastrophe_memory_transmission__survival_competence_reading	analytical	0.5205736588960505	mountain	tangled_rope	tangled_rope
catastrophe_memory_transmission__symbol_continuity_reading	powerless	0.2704	mountain	naturalized	naturalized
catastrophe_memory_transmission__symbol_continuity_reading	moderate	0.5753759086131316	rope	tangled_rope	tangled_rope
catastrophe_memory_transmission__symbol_continuity_reading	institutional	-0.021971029444433233	rope	rope	rope
catastrophe_memory_transmission__symbol_continuity_reading	analytical	0.7123639542788058	mountain	snare	snare
causal_inference_gap	powerless	0.3016	mountain	naturalized	naturalized
causal_inference_gap	moderate	0.6417654365300313	rope	tangled_rope	tangled_rope
causal_inference_gap	institutional	-0.024506148226483216	rope	rope	rope
causal_inference_gap	analytical	0.7945597951571295	mountain	snare	snare
cbdr_principle__historical_responsibility_reading	powerless	0.6303933770055941	mountain	tangled_rope	tangled_rope
cbdr_principle__historical_responsibility_reading	moderate	0.6417654365300313	rope	tangled_rope	tangled_rope
cbdr_principle__historical_responsibility_reading	institutional	0.2609005954775204	rope	naturalized	naturalized
cbdr_principle__historical_responsibility_reading	analytical	0.7945597951571295	mountain	snare	snare
cbdr_principle__voluntary_commitment_reading	powerless	0.3016	mountain	naturalized	naturalized
cbdr_principle__voluntary_commitment_reading	moderate	0.6417654365300313	rope	tangled_rope	tangled_rope
cbdr_principle__voluntary_commitment_reading	institutional	-0.024506148226483216	rope	rope	rope
cbdr_principle__voluntary_commitment_reading	analytical	0.7945597951571295	mountain	snare	snare
chaos_trajectory_divergence	powerless	0.1362600974974211	mountain	mountain	mountain
chaos_trajectory_divergence	moderate	0.11999708872969506	rope	rope	rope
chaos_trajectory_divergence	institutional	-0.014325121871776378	rope	rope	rope
chaos_trajectory_divergence	analytical	0.16560293298312803	mountain	mountain	mountain
chemical_regulatory_capture	powerless	0.3016	mountain	naturalized	naturalized
chemical_regulatory_capture	moderate	0.6417654365300313	rope	tangled_rope	tangled_rope
chemical_regulatory_capture	institutional	0.5471905188288118	rope	tangled_rope	tangled_rope
chemical_regulatory_capture	analytical	0.7945597951571295	mountain	snare	snare
china_advanced_chip_design_constraint	powerless	0.3016	mountain	naturalized	naturalized
china_advanced_chip_design_constraint	moderate	0.6417654365300313	rope	tangled_rope	tangled_rope
china_advanced_chip_design_constraint	institutional	-0.024506148226483216	rope	rope	rope
china_advanced_chip_design_constraint	analytical	0.7945597951571295	mountain	snare	snare
chip_constraint_bottleneck	powerless	0.4130163504519409	mountain	tangled_rope	tangled_rope
chip_constraint_bottleneck	moderate	0.42046701014036536	rope	tangled_rope	tangled_rope
chip_constraint_bottleneck	institutional	-0.01605575228631659	rope	rope	rope
chip_constraint_bottleneck	analytical	0.5205736588960505	mountain	tangled_rope	tangled_rope
chip_control_efficacy	powerless	0.2005841224372473	mountain	scaffold	scaffold
chip_control_efficacy	moderate	0.18155054780325125	rope	scaffold	scaffold
chip_control_efficacy	institutional	-0.011914636825816219	rope	scaffold	scaffold
chip_control_efficacy	analytical	0.24658752263497122	mountain	scaffold	scaffold
church_turing_thesis__epistemological_boundary_reading	powerless	0.4130163504519409	mountain	tangled_rope	tangled_rope
church_turing_thesis__epistemological_boundary_reading	moderate	0.42046701014036536	rope	tangled_rope	tangled_rope
church_turing_thesis__epistemological_boundary_reading	institutional	-0.01605575228631659	rope	rope	rope
church_turing_thesis__epistemological_boundary_reading	analytical	0.5205736588960505	mountain	tangled_rope	tangled_rope
church_turing_thesis__mathematical_definition_reading	powerless	0.05571781178812424	mountain	scaffold	rope
church_turing_thesis__mathematical_definition_reading	moderate	0.05043070772312535	rope	scaffold	rope
church_turing_thesis__mathematical_definition_reading	institutional	-0.002112598985041657	rope	scaffold	rope
church_turing_thesis__mathematical_definition_reading	analytical	0.0684965340652698	mountain	scaffold	rope
church_turing_thesis__physical_claim_reading	powerless	0.5217048637287675	mountain	tangled_rope	tangled_rope
church_turing_thesis__physical_claim_reading	moderate	0.5311162233351983	rope	tangled_rope	tangled_rope
church_turing_thesis__physical_claim_reading	institutional	-0.020280950256399904	rope	rope	rope
church_turing_thesis__physical_claim_reading	analytical	0.6575667270265899	mountain	tangled_rope	tangled_rope
class_field_theory_foundation	powerless	0.1362600974974211	mountain	mountain	mountain
class_field_theory_foundation	moderate	0.11999708872969506	rope	rope	rope
class_field_theory_foundation	institutional	-0.014325121871776378	rope	rope	rope
class_field_theory_foundation	analytical	0.16560293298312803	mountain	mountain	mountain
classical_latin_standard__continuity_reading	powerless	0.4130163504519409	mountain	unknown	unknown
classical_latin_standard__continuity_reading	moderate	0.42046701014036536	rope	unknown	unknown
classical_latin_standard__continuity_reading	institutional	-0.01605575228631659	rope	rope	rope
classical_latin_standard__continuity_reading	analytical	0.5205736588960505	mountain	unknown	unknown
classical_latin_standard__hybrid_reading	powerless	0.4130163504519409	mountain	tangled_rope	tangled_rope
classical_latin_standard__hybrid_reading	moderate	0.42046701014036536	rope	tangled_rope	tangled_rope
classical_latin_standard__hybrid_reading	institutional	0.025483672900002457	rope	rope	rope
classical_latin_standard__hybrid_reading	analytical	0.5205736588960505	mountain	tangled_rope	tangled_rope
classical_latin_standard__reconstruction_reading	powerless	0.3224	mountain	naturalized	naturalized
classical_latin_standard__reconstruction_reading	moderate	0.6860251218079645	rope	snare	snare
classical_latin_standard__reconstruction_reading	institutional	-0.026196227414516545	rope	rope	rope
classical_latin_standard__reconstruction_reading	analytical	0.8493570224093454	mountain	snare	snare
clawderberg_recursive_slop	powerless	0.3016	mountain	naturalized	naturalized
clawderberg_recursive_slop	moderate	0.6417654365300313	rope	tangled_rope	tangled_rope
clawderberg_recursive_slop	institutional	0.4504003215762957	rope	tangled_rope	tangled_rope
clawderberg_recursive_slop	analytical	0.7945597951571295	mountain	snare	snare
click_chemistry_paradigm_2026	powerless	0.6303933770055941	mountain	tangled_rope	tangled_rope
click_chemistry_paradigm_2026	moderate	0.6417654365300313	rope	tangled_rope	tangled_rope
click_chemistry_paradigm_2026	institutional	0.620043067570935	rope	tangled_rope	tangled_rope
click_chemistry_paradigm_2026	analytical	0.7945597951571295	mountain	tangled_rope	tangled_rope
climate_harm_prevention__adaptation_priority	powerless	0.3016	mountain	naturalized	naturalized
climate_harm_prevention__adaptation_priority	moderate	0.6417654365300313	rope	tangled_rope	tangled_rope
climate_harm_prevention__adaptation_priority	institutional	-0.024506148226483216	rope	rope	rope
climate_harm_prevention__adaptation_priority	analytical	0.7945597951571295	mountain	snare	snare
climate_harm_prevention__degrowth_reading	powerless	0.7390818902824207	mountain	snare	snare
climate_harm_prevention__degrowth_reading	moderate	0.7524146497248644	rope	snare	snare
climate_harm_prevention__degrowth_reading	institutional	0.44199999999999995	rope	tangled_rope	tangled_rope
climate_harm_prevention__degrowth_reading	analytical	0.9315528632876693	mountain	snare	snare
climate_harm_prevention__mitigation_priority	powerless	0.3016	mountain	naturalized	naturalized
climate_harm_prevention__mitigation_priority	moderate	0.6417654365300313	rope	tangled_rope	tangled_rope
climate_harm_prevention__mitigation_priority	institutional	-0.024506148226483216	rope	rope	rope
climate_harm_prevention__mitigation_priority	analytical	0.7945597951571295	mountain	snare	snare
climate_response_action__adaptation_priority	powerless	0.3016	mountain	naturalized	naturalized
climate_response_action__adaptation_priority	moderate	0.4930994045224794	rope	tangled_rope	tangled_rope
climate_response_action__adaptation_priority	institutional	-0.06359297951150918	rope	rope	rope
climate_response_action__adaptation_priority	analytical	0.7945597951571295	mountain	snare	snare
climate_response_action__degrowth_transformation	powerless	0.7471320443104573	mountain	snare	snare
climate_response_action__degrowth_transformation	moderate	0.7524146497248644	rope	snare	snare
climate_response_action__degrowth_transformation	institutional	0.8938840746978716	rope	snare	snare
climate_response_action__degrowth_transformation	analytical	0.9315528632876693	mountain	snare	snare
climate_response_action__mitigation_priority	powerless	0.2808	mountain	naturalized	naturalized
climate_response_action__mitigation_priority	moderate	0.5975057512520981	rope	tangled_rope	tangled_rope
climate_response_action__mitigation_priority	institutional	-0.022816069038449894	rope	rope	rope
climate_response_action__mitigation_priority	analytical	0.7397625679049138	mountain	snare	snare
climate_response_imperative__adaptation_priority_reading	powerless	0.3016	mountain	naturalized	naturalized
climate_response_imperative__adaptation_priority_reading	moderate	0.6417654365300313	rope	tangled_rope	tangled_rope
climate_response_imperative__adaptation_priority_reading	institutional	0.6901284335269325	rope	snare	snare
climate_response_imperative__adaptation_priority_reading	analytical	0.7945597951571295	mountain	snare	snare
climate_response_imperative__degrowth_reading	powerless	0.6303933770055941	mountain	tangled_rope	tangled_rope
climate_response_imperative__degrowth_reading	moderate	0.6417654365300313	rope	tangled_rope	tangled_rope
climate_response_imperative__degrowth_reading	institutional	-0.024506148226483216	rope	rope	rope
climate_response_imperative__degrowth_reading	analytical	0.7945597951571295	mountain	snare	snare
climate_response_imperative__mitigation_priority_reading	powerless	0.3016	mountain	naturalized	naturalized
climate_response_imperative__mitigation_priority_reading	moderate	0.6417654365300313	rope	tangled_rope	tangled_rope
climate_response_imperative__mitigation_priority_reading	institutional	-0.024506148226483216	rope	rope	rope
climate_response_imperative__mitigation_priority_reading	analytical	0.7945597951571295	mountain	snare	snare
climate_response_legitimacy__adaptation_priority	powerless	0.3016	mountain	naturalized	naturalized
climate_response_legitimacy__adaptation_priority	moderate	0.6417654365300313	rope	tangled_rope	tangled_rope
climate_response_legitimacy__adaptation_priority	institutional	0.038896132321056376	rope	naturalized	naturalized
climate_response_legitimacy__adaptation_priority	analytical	0.7945597951571295	mountain	snare	snare
climate_response_legitimacy__degrowth_transformation	powerless	0.3603202572610366	mountain	tangled_rope	tangled_rope
climate_response_legitimacy__degrowth_transformation	moderate	0.6417654365300313	rope	tangled_rope	tangled_rope
climate_response_legitimacy__degrowth_transformation	institutional	-0.024506148226483216	rope	rope	rope
climate_response_legitimacy__degrowth_transformation	analytical	0.7945597951571295	mountain	snare	snare
climate_response_legitimacy__mitigation_priority	powerless	0.6303933770055941	mountain	tangled_rope	tangled_rope
climate_response_legitimacy__mitigation_priority	moderate	0.6417654365300313	rope	tangled_rope	tangled_rope
climate_response_legitimacy__mitigation_priority	institutional	0.3035996784237043	rope	naturalized	naturalized
climate_response_legitimacy__mitigation_priority	analytical	0.7945597951571295	mountain	snare	snare
climate_response_obligation__adaptation_priority	powerless	0.6303933770055941	mountain	tangled_rope	tangled_rope
climate_response_obligation__adaptation_priority	moderate	0.6417654365300313	rope	tangled_rope	tangled_rope
climate_response_obligation__adaptation_priority	institutional	-0.04257460606629633	rope	rope	rope
climate_response_obligation__adaptation_priority	analytical	0.7945597951571295	mountain	tangled_rope	tangled_rope
climate_response_obligation__degrowth_reading	powerless	0.3016	mountain	naturalized	naturalized
climate_response_obligation__degrowth_reading	moderate	0.6417654365300313	rope	tangled_rope	tangled_rope
climate_response_obligation__degrowth_reading	institutional	-0.053908270927801476	rope	rope	rope
climate_response_obligation__degrowth_reading	analytical	0.828154120232319	mountain	snare	snare
climate_response_obligation__mitigation_priority	powerless	0.3016	mountain	naturalized	naturalized
climate_response_obligation__mitigation_priority	moderate	0.6417654365300313	rope	tangled_rope	tangled_rope
climate_response_obligation__mitigation_priority	institutional	0.6901284335269325	rope	snare	snare
climate_response_obligation__mitigation_priority	analytical	0.7945597951571295	mountain	snare	snare
climate_stabilization_timeline	powerless	0.39447952361798355	mountain	tangled_rope	tangled_rope
climate_stabilization_timeline	moderate	0.6417654365300313	rope	tangled_rope	tangled_rope
climate_stabilization_timeline	institutional	-0.038391607549852255	rope	rope	rope
climate_stabilization_timeline	analytical	0.7945597951571295	mountain	snare	snare
coercion_legitimacy_boundary__bodily_autonomy_primary	powerless	0.35359999999999997	mountain	tangled_rope	tangled_rope
coercion_legitimacy_boundary__bodily_autonomy_primary	moderate	0.7524146497248644	rope	snare	snare
coercion_legitimacy_boundary__bodily_autonomy_primary	institutional	-0.009884074697871406	rope	rope	rope
coercion_legitimacy_boundary__bodily_autonomy_primary	analytical	0.9315528632876693	mountain	snare	snare
coercion_legitimacy_boundary__proportionality_reading	powerless	0.5651802690394981	mountain	tangled_rope	tangled_rope
coercion_legitimacy_boundary__proportionality_reading	moderate	0.5753759086131316	rope	tangled_rope	tangled_rope
coercion_legitimacy_boundary__proportionality_reading	institutional	-0.021971029444433233	rope	rope	rope
coercion_legitimacy_boundary__proportionality_reading	analytical	0.7123639542788058	mountain	tangled_rope	tangled_rope
coercion_legitimacy_boundary__public_health_primary	powerless	0.3016	mountain	naturalized	naturalized
coercion_legitimacy_boundary__public_health_primary	moderate	0.6417654365300313	rope	tangled_rope	tangled_rope
coercion_legitimacy_boundary__public_health_primary	institutional	-0.04257460606629633	rope	rope	rope
coercion_legitimacy_boundary__public_health_primary	analytical	0.7945597951571295	mountain	snare	snare
cold_war_geopolitical_constraint	powerless	0.3016	mountain	naturalized	naturalized
cold_war_geopolitical_constraint	moderate	0.6417654365300313	rope	tangled_rope	tangled_rope
cold_war_geopolitical_constraint	institutional	-0.060534607496856976	rope	rope	rope
cold_war_geopolitical_constraint	analytical	0.7945597951571295	mountain	snare	snare
collateral_sufficiency_floor	powerless	0.5651802690394981	mountain	tangled_rope	tangled_rope
collateral_sufficiency_floor	moderate	0.5753759086131316	rope	tangled_rope	tangled_rope
collateral_sufficiency_floor	institutional	-0.021971029444433233	rope	rope	rope
collateral_sufficiency_floor	analytical	0.7123639542788058	mountain	snare	snare
collective_stupidity_2026	powerless	0.7390818902824207	mountain	snare	snare
collective_stupidity_2026	moderate	0.7524146497248644	rope	snare	snare
collective_stupidity_2026	institutional	-0.05457513908790348	rope	rope	rope
collective_stupidity_2026	analytical	0.9315528632876693	mountain	snare	snare
combatant_status_definition__functional_protection_reading	powerless	0.16715343536437274	mountain	scaffold	rope
combatant_status_definition__functional_protection_reading	moderate	0.15129212316937604	rope	scaffold	rope
combatant_status_definition__functional_protection_reading	institutional	-0.00633779695512497	rope	scaffold	rope
combatant_status_definition__functional_protection_reading	analytical	0.20548960219580936	mountain	scaffold	rope
combatant_status_definition__national_liberation_reading	powerless	0.6303933770055941	mountain	tangled_rope	tangled_rope
combatant_status_definition__national_liberation_reading	moderate	0.6417654365300313	rope	tangled_rope	tangled_rope
combatant_status_definition__national_liberation_reading	institutional	0.20680948117118816	rope	naturalized	naturalized
combatant_status_definition__national_liberation_reading	analytical	0.7945597951571295	mountain	snare	snare
combatant_status_definition__state_centric_reading	powerless	0.6738687823163247	mountain	snare	snare
combatant_status_definition__state_centric_reading	moderate	0.6860251218079645	rope	snare	snare
combatant_status_definition__state_centric_reading	institutional	-0.026196227414516545	rope	rope	rope
combatant_status_definition__state_centric_reading	analytical	0.8493570224093454	mountain	snare	snare
commerce_clause_scope__broad_effects_test	powerless	0.3016	mountain	naturalized	naturalized
commerce_clause_scope__broad_effects_test	moderate	0.6417654365300313	rope	tangled_rope	tangled_rope
commerce_clause_scope__broad_effects_test	institutional	-0.024506148226483216	rope	rope	rope
commerce_clause_scope__broad_effects_test	analytical	0.7945597951571295	mountain	snare	snare
commerce_clause_scope__intermediate_channels	powerless	0.5217048637287675	mountain	tangled_rope	tangled_rope
commerce_clause_scope__intermediate_channels	moderate	0.5311162233351983	rope	tangled_rope	tangled_rope
commerce_clause_scope__intermediate_channels	institutional	-0.020280950256399904	rope	rope	rope
commerce_clause_scope__intermediate_channels	analytical	0.6575667270265899	mountain	tangled_rope	tangled_rope
commerce_clause_scope__narrow_originalist	powerless	0.4130163504519409	mountain	tangled_rope	tangled_rope
commerce_clause_scope__narrow_originalist	moderate	0.42046701014036536	rope	tangled_rope	tangled_rope
commerce_clause_scope__narrow_originalist	institutional	0.0418468883789062	rope	rope	rope
commerce_clause_scope__narrow_originalist	analytical	0.5205736588960505	mountain	tangled_rope	tangled_rope
commerce_clause_text__expansive_federal_reading	powerless	0.3603202572610366	mountain	tangled_rope	tangled_rope
commerce_clause_text__expansive_federal_reading	moderate	0.6417654365300313	rope	tangled_rope	tangled_rope
commerce_clause_text__expansive_federal_reading	institutional	-0.024506148226483216	rope	rope	rope
commerce_clause_text__expansive_federal_reading	analytical	0.7945597951571295	mountain	snare	snare
commerce_clause_text__originalist_narrow_reading	powerless	0.4130163504519409	mountain	tangled_rope	tangled_rope
commerce_clause_text__originalist_narrow_reading	moderate	0.42046701014036536	rope	tangled_rope	tangled_rope
commerce_clause_text__originalist_narrow_reading	institutional	-0.01605575228631659	rope	rope	rope
commerce_clause_text__originalist_narrow_reading	analytical	0.5205736588960505	mountain	tangled_rope	tangled_rope
commerce_clause_text__substantial_effects_limited_reading	powerless	0.45649175576267154	mountain	tangled_rope	tangled_rope
commerce_clause_text__substantial_effects_limited_reading	moderate	0.46472669541829853	rope	tangled_rope	tangled_rope
commerce_clause_text__substantial_effects_limited_reading	institutional	-0.017745831474349917	rope	rope	rope
commerce_clause_text__substantial_effects_limited_reading	analytical	0.5753708861482661	mountain	tangled_rope	tangled_rope
commercial_fishery_quota_systems	powerless	0.571336269178585	mountain	tangled_rope	tangled_rope
commercial_fishery_quota_systems	moderate	0.6411276055052599	rope	tangled_rope	tangled_rope
commercial_fishery_quota_systems	institutional	-0.021971029444433233	rope	rope	rope
commercial_fishery_quota_systems	analytical	0.7123639542788058	mountain	tangled_rope	tangled_rope
commodified_permission_structure	powerless	0.5651802690394981	mountain	tangled_rope	rope
commodified_permission_structure	moderate	0.5753759086131316	rope	tangled_rope	rope
commodified_permission_structure	institutional	0.618735836955181	rope	tangled_rope	rope
commodified_permission_structure	analytical	0.7123639542788058	mountain	tangled_rope	rope
common_article_3_scope__expansive_human_rights_reading	powerless	0.6738687823163247	mountain	snare	snare
common_article_3_scope__expansive_human_rights_reading	moderate	0.6860251218079645	rope	snare	snare
common_article_3_scope__expansive_human_rights_reading	institutional	-0.026196227414516545	rope	rope	rope
common_article_3_scope__expansive_human_rights_reading	analytical	0.8493570224093454	mountain	snare	snare
common_article_3_scope__icrc_customary_reading	powerless	0.4130163504519409	mountain	tangled_rope	tangled_rope
common_article_3_scope__icrc_customary_reading	moderate	0.42046701014036536	rope	tangled_rope	tangled_rope
common_article_3_scope__icrc_customary_reading	institutional	-0.022270438064926172	rope	rope	rope
common_article_3_scope__icrc_customary_reading	analytical	0.5205736588960505	mountain	tangled_rope	tangled_rope
common_article_3_scope__state_centric_reading	powerless	0.3016	mountain	naturalized	naturalized
common_article_3_scope__state_centric_reading	moderate	0.6417654365300313	rope	tangled_rope	tangled_rope
common_article_3_scope__state_centric_reading	institutional	-0.024506148226483216	rope	rope	rope
common_article_3_scope__state_centric_reading	analytical	0.7945597951571295	mountain	snare	snare
common_law_precedent_corpus__evolutionary_framework	powerless	0.4234553695897442	mountain	tangled_rope	tangled_rope
common_law_precedent_corpus__evolutionary_framework	moderate	0.2950898658603317	rope	rope	rope
common_law_precedent_corpus__evolutionary_framework	institutional	-0.01605575228631659	rope	rope	rope
common_law_precedent_corpus__evolutionary_framework	analytical	0.5205736588960505	mountain	tangled_rope	tangled_rope
common_law_precedent_corpus__pluralist_balancing	powerless	0.5651802690394981	mountain	tangled_rope	rope
common_law_precedent_corpus__pluralist_balancing	moderate	0.5753759086131316	rope	tangled_rope	rope
common_law_precedent_corpus__pluralist_balancing	institutional	0.021396341372031214	rope	naturalized	rope
common_law_precedent_corpus__pluralist_balancing	analytical	0.7123639542788058	mountain	tangled_rope	rope
common_law_precedent_corpus__strict_stare_decisis	powerless	0.5583768235555467	mountain	tangled_rope	tangled_rope
common_law_precedent_corpus__strict_stare_decisis	moderate	0.5753759086131316	rope	tangled_rope	tangled_rope
common_law_precedent_corpus__strict_stare_decisis	institutional	-0.007558410063078134	rope	rope	rope
common_law_precedent_corpus__strict_stare_decisis	analytical	0.7123639542788058	mountain	snare	snare
competence_exercise_requirement__catastrophe_as_necessary_anchor	powerless	0.7390818902824207	mountain	snare	snare
competence_exercise_requirement__catastrophe_as_necessary_anchor	moderate	0.7524146497248644	rope	snare	snare
competence_exercise_requirement__catastrophe_as_necessary_anchor	institutional	-0.028731346196566535	rope	rope	rope
competence_exercise_requirement__catastrophe_as_necessary_anchor	analytical	0.9315528632876693	mountain	snare	snare
competence_exercise_requirement__hybrid_dependency	powerless	0.5651802690394981	mountain	tangled_rope	tangled_rope
competence_exercise_requirement__hybrid_dependency	moderate	0.5753759086131316	rope	tangled_rope	tangled_rope
competence_exercise_requirement__hybrid_dependency	institutional	-0.021971029444433233	rope	rope	rope
competence_exercise_requirement__hybrid_dependency	analytical	0.7123639542788058	mountain	tangled_rope	tangled_rope
competence_exercise_requirement__simulation_as_adequate_exercise	powerless	0.4130163504519409	mountain	tangled_rope	tangled_rope
competence_exercise_requirement__simulation_as_adequate_exercise	moderate	0.42046701014036536	rope	tangled_rope	tangled_rope
competence_exercise_requirement__simulation_as_adequate_exercise	institutional	-0.01605575228631659	rope	rope	rope
competence_exercise_requirement__simulation_as_adequate_exercise	analytical	0.5205736588960505	mountain	tangled_rope	tangled_rope
competence_exercise_validity__continuous_refresh_hybrid	powerless	0.5651802690394981	mountain	tangled_rope	tangled_rope
competence_exercise_validity__continuous_refresh_hybrid	moderate	0.5753759086131316	rope	tangled_rope	tangled_rope
competence_exercise_validity__continuous_refresh_hybrid	institutional	-0.021971029444433233	rope	rope	rope
competence_exercise_validity__continuous_refresh_hybrid	analytical	0.7123639542788058	mountain	tangled_rope	tangled_rope
competence_exercise_validity__real_catastrophe_only	powerless	0.3016	mountain	naturalized	naturalized
competence_exercise_validity__real_catastrophe_only	moderate	0.6417654365300313	rope	unknown	unknown
competence_exercise_validity__real_catastrophe_only	institutional	-0.04654938333968237	rope	rope	rope
competence_exercise_validity__real_catastrophe_only	analytical	0.7945597951571295	mountain	snare	snare
competence_exercise_validity__simulation_as_proxy	powerless	0.6303933770055941	mountain	tangled_rope	tangled_rope
competence_exercise_validity__simulation_as_proxy	moderate	0.6417654365300313	rope	tangled_rope	tangled_rope
competence_exercise_validity__simulation_as_proxy	institutional	-0.024506148226483216	rope	rope	rope
competence_exercise_validity__simulation_as_proxy	analytical	0.7945597951571295	mountain	snare	snare
competence_occupation__hybrid_occupation	powerless	0.5217048637287675	mountain	tangled_rope	tangled_rope
competence_occupation__hybrid_occupation	moderate	0.5311162233351983	rope	tangled_rope	tangled_rope
competence_occupation__hybrid_occupation	institutional	-0.03523415674452111	rope	rope	rope
competence_occupation__hybrid_occupation	analytical	0.6575667270265899	mountain	tangled_rope	tangled_rope
competence_occupation__real_incident_necessity	powerless	0.35359999999999997	mountain	unknown	unknown
competence_occupation__real_incident_necessity	moderate	0.7524146497248644	rope	snare	snare
competence_occupation__real_incident_necessity	institutional	0.07488390552014793	rope	naturalized	naturalized
competence_occupation__real_incident_necessity	analytical	0.9315528632876693	mountain	snare	snare
competence_occupation__simulation_sufficiency	powerless	0.6303933770055941	mountain	tangled_rope	tangled_rope
competence_occupation__simulation_sufficiency	moderate	0.6417654365300313	rope	tangled_rope	tangled_rope
competence_occupation__simulation_sufficiency	institutional	-0.00843053430112561	rope	rope	rope
competence_occupation__simulation_sufficiency	analytical	0.7945597951571295	mountain	snare	snare
competence_retention_exercise__catastrophe_as_necessary	powerless	0.3016	mountain	piton	piton
competence_retention_exercise__catastrophe_as_necessary	moderate	0.6417654365300313	rope	tangled_rope	tangled_rope
competence_retention_exercise__catastrophe_as_necessary	institutional	-0.024506148226483216	rope	rope	rope
competence_retention_exercise__catastrophe_as_necessary	analytical	0.7945597951571295	mountain	snare	snare
competence_retention_exercise__near_miss_as_bridge	powerless	0.4130163504519409	mountain	tangled_rope	tangled_rope
competence_retention_exercise__near_miss_as_bridge	moderate	0.42046701014036536	rope	tangled_rope	tangled_rope
competence_retention_exercise__near_miss_as_bridge	institutional	-0.005523453507634021	rope	rope	rope
competence_retention_exercise__near_miss_as_bridge	analytical	0.5205736588960505	mountain	tangled_rope	tangled_rope
competence_retention_exercise__simulation_as_sufficient	powerless	0.4130163504519409	mountain	tangled_rope	tangled_rope
competence_retention_exercise__simulation_as_sufficient	moderate	0.42046701014036536	rope	tangled_rope	tangled_rope
competence_retention_exercise__simulation_as_sufficient	institutional	0.06018861758662465	rope	rope	rope
competence_retention_exercise__simulation_as_sufficient	analytical	0.5205736588960505	mountain	tangled_rope	tangled_rope
compliance_cost_asymmetry	powerless	0.5869179716948635	mountain	tangled_rope	tangled_rope
compliance_cost_asymmetry	moderate	0.5975057512520981	rope	tangled_rope	tangled_rope
compliance_cost_asymmetry	institutional	-0.03963842633758625	rope	rope	rope
compliance_cost_asymmetry	analytical	0.7397625679049138	mountain	snare	snare
complicity_equilibrium	powerless	0.3016	mountain	naturalized	naturalized
complicity_equilibrium	moderate	0.6417654365300313	rope	tangled_rope	tangled_rope
complicity_equilibrium	institutional	-0.024506148226483216	rope	rope	rope
complicity_equilibrium	analytical	0.7945597951571295	mountain	snare	snare
consent_fatigue_externality	powerless	0.6303933770055941	mountain	tangled_rope	tangled_rope
consent_fatigue_externality	moderate	0.6417654365300313	rope	tangled_rope	tangled_rope
consent_fatigue_externality	institutional	0.2333828820613657	rope	naturalized	naturalized
consent_fatigue_externality	analytical	0.7945597951571295	mountain	snare	snare
constitutional_authority_boundary__coordinate_construction_reading	powerless	0.45649175576267154	mountain	tangled_rope	tangled_rope
constitutional_authority_boundary__coordinate_construction_reading	moderate	0.46472669541829853	rope	tangled_rope	tangled_rope
constitutional_authority_boundary__coordinate_construction_reading	institutional	0.12238205512574714	rope	rope	rope
constitutional_authority_boundary__coordinate_construction_reading	analytical	0.5753708861482661	mountain	tangled_rope	tangled_rope
constitutional_authority_boundary__judicial_supremacy_reading	powerless	0.6738687823163247	mountain	tangled_rope	tangled_rope
constitutional_authority_boundary__judicial_supremacy_reading	moderate	0.7377234979081003	rope	tangled_rope	tangled_rope
constitutional_authority_boundary__judicial_supremacy_reading	institutional	-0.009011950459823928	rope	rope	rope
constitutional_authority_boundary__judicial_supremacy_reading	analytical	0.8493570224093454	mountain	tangled_rope	tangled_rope
constitutional_authority_boundary__parliamentary_primacy_reading	powerless	0.1956393238982878	mountain	unknown	unknown
constitutional_authority_boundary__parliamentary_primacy_reading	moderate	0.19916858375069937	rope	rope	rope
constitutional_authority_boundary__parliamentary_primacy_reading	institutional	-0.0026163727141424306	rope	rope	rope
constitutional_authority_boundary__parliamentary_primacy_reading	analytical	0.24658752263497122	mountain	rope	rope
constitutional_interpretive_authority__coordinate_construction_reading	powerless	0.5217048637287675	mountain	tangled_rope	tangled_rope
constitutional_interpretive_authority__coordinate_construction_reading	moderate	0.5311162233351983	rope	tangled_rope	tangled_rope
constitutional_interpretive_authority__coordinate_construction_reading	institutional	-0.020280950256399904	rope	rope	rope
constitutional_interpretive_authority__coordinate_construction_reading	analytical	0.6575667270265899	mountain	tangled_rope	tangled_rope
constitutional_interpretive_authority__judicial_supremacy_reading	powerless	0.6303933770055941	mountain	tangled_rope	tangled_rope
constitutional_interpretive_authority__judicial_supremacy_reading	moderate	0.6417654365300313	rope	tangled_rope	tangled_rope
constitutional_interpretive_authority__judicial_supremacy_reading	institutional	-0.024506148226483216	rope	rope	rope
constitutional_interpretive_authority__judicial_supremacy_reading	analytical	0.7945597951571295	mountain	snare	snare
constitutional_interpretive_authority__parliamentary_supremacy_reading	powerless	0.2704	mountain	naturalized	naturalized
constitutional_interpretive_authority__parliamentary_supremacy_reading	moderate	0.5753759086131316	rope	tangled_rope	tangled_rope
constitutional_interpretive_authority__parliamentary_supremacy_reading	institutional	0.4420891212960161	rope	tangled_rope	tangled_rope
constitutional_interpretive_authority__parliamentary_supremacy_reading	analytical	0.7123639542788058	mountain	snare	snare
constitutional_secularism__principled_intervention_reading	powerless	0.3016	mountain	naturalized	naturalized
constitutional_secularism__principled_intervention_reading	moderate	0.6417654365300313	rope	tangled_rope	tangled_rope
constitutional_secularism__principled_intervention_reading	institutional	0.038896132321056376	rope	naturalized	naturalized
constitutional_secularism__principled_intervention_reading	analytical	0.7945597951571295	mountain	snare	snare
constitutional_secularism__reformist_reading	powerless	0.3016	mountain	naturalized	naturalized
constitutional_secularism__reformist_reading	moderate	0.6417654365300313	rope	tangled_rope	tangled_rope
constitutional_secularism__reformist_reading	institutional	-0.024506148226483216	rope	rope	rope
constitutional_secularism__reformist_reading	analytical	0.7945597951571295	mountain	snare	snare
constitutional_secularism__strict_neutrality_reading	powerless	0.4130163504519409	mountain	tangled_rope	tangled_rope
constitutional_secularism__strict_neutrality_reading	moderate	0.42046701014036536	rope	tangled_rope	tangled_rope
constitutional_secularism__strict_neutrality_reading	institutional	-0.01605575228631659	rope	rope	rope
constitutional_secularism__strict_neutrality_reading	analytical	0.5205736588960505	mountain	tangled_rope	tangled_rope
constitutional_text__judicial_supremacy_reading	powerless	0.5651802690394981	mountain	tangled_rope	tangled_rope
constitutional_text__judicial_supremacy_reading	moderate	0.5753759086131316	rope	tangled_rope	tangled_rope
constitutional_text__judicial_supremacy_reading	institutional	-0.021971029444433233	rope	rope	rope
constitutional_text__judicial_supremacy_reading	analytical	0.7123639542788058	mountain	snare	snare
constitutional_text__legislative_sovereignty_reading	powerless	0.6303933770055941	mountain	tangled_rope	tangled_rope
constitutional_text__legislative_sovereignty_reading	moderate	0.6417654365300313	rope	tangled_rope	tangled_rope
constitutional_text__legislative_sovereignty_reading	institutional	-0.024506148226483216	rope	rope	rope
constitutional_text__legislative_sovereignty_reading	analytical	0.7945597951571295	mountain	snare	snare
constitutional_text__popular_sovereignty_reading	powerless	0.4130163504519409	mountain	tangled_rope	tangled_rope
constitutional_text__popular_sovereignty_reading	moderate	0.42046701014036536	rope	tangled_rope	tangled_rope
constitutional_text__popular_sovereignty_reading	institutional	0.4995234535076341	rope	tangled_rope	tangled_rope
constitutional_text__popular_sovereignty_reading	analytical	0.5205736588960505	mountain	tangled_rope	tangled_rope
constitutional_text_authority__living_constitutionalist_reading	powerless	0.4130163504519409	mountain	tangled_rope	tangled_rope
constitutional_text_authority__living_constitutionalist_reading	moderate	0.42046701014036536	rope	tangled_rope	tangled_rope
constitutional_text_authority__living_constitutionalist_reading	institutional	-0.01605575228631659	rope	rope	rope
constitutional_text_authority__living_constitutionalist_reading	analytical	0.5205736588960505	mountain	tangled_rope	tangled_rope
constitutional_text_authority__originalist_reading	powerless	0.6303933770055941	mountain	tangled_rope	tangled_rope
constitutional_text_authority__originalist_reading	moderate	0.6417654365300313	rope	tangled_rope	tangled_rope
constitutional_text_authority__originalist_reading	institutional	-0.024506148226483216	rope	rope	rope
constitutional_text_authority__originalist_reading	analytical	0.7945597951571295	mountain	tangled_rope	tangled_rope
constitutional_text_authority__positivist_reading	powerless	0.4130163504519409	mountain	tangled_rope	tangled_rope
constitutional_text_authority__positivist_reading	moderate	0.42046701014036536	rope	tangled_rope	tangled_rope
constitutional_text_authority__positivist_reading	institutional	-0.01605575228631659	rope	rope	rope
constitutional_text_authority__positivist_reading	analytical	0.5205736588960505	mountain	tangled_rope	tangled_rope
cop_consensus_paralysis	powerless	0.3603202572610366	mountain	tangled_rope	tangled_rope
cop_consensus_paralysis	moderate	0.6417654365300313	rope	tangled_rope	tangled_rope
cop_consensus_paralysis	institutional	-0.04257460606629633	rope	rope	rope
cop_consensus_paralysis	analytical	0.7945597951571295	mountain	snare	snare
copyright_constitutional_mandate__corporate_enclosure_reading	powerless	0.35359999999999997	mountain	tangled_rope	tangled_rope
copyright_constitutional_mandate__corporate_enclosure_reading	moderate	0.7524146497248644	rope	snare	snare
copyright_constitutional_mandate__corporate_enclosure_reading	institutional	-0.028731346196566535	rope	rope	rope
copyright_constitutional_mandate__corporate_enclosure_reading	analytical	0.8230291500414056	mountain	snare	snare
copyright_constitutional_mandate__judicial_ambiguity_reading	powerless	0.4130163504519409	mountain	tangled_rope	tangled_rope
copyright_constitutional_mandate__judicial_ambiguity_reading	moderate	0.42046701014036536	rope	tangled_rope	tangled_rope
copyright_constitutional_mandate__judicial_ambiguity_reading	institutional	0.2950898658603317	rope	rope	rope
copyright_constitutional_mandate__judicial_ambiguity_reading	analytical	0.5205736588960505	mountain	tangled_rope	tangled_rope
copyright_constitutional_mandate__public_scaffold_reading	powerless	0.2451583718677467	mountain	scaffold	scaffold
copyright_constitutional_mandate__public_scaffold_reading	moderate	0.22189511398175152	rope	scaffold	scaffold
copyright_constitutional_mandate__public_scaffold_reading	institutional	-0.00929543553418329	rope	scaffold	scaffold
copyright_constitutional_mandate__public_scaffold_reading	analytical	0.30138474988718705	mountain	scaffold	scaffold
correct_latin__living_drift_reading	powerless	0.1337227482914982	mountain	scaffold	scaffold
correct_latin__living_drift_reading	moderate	0.12103369853550082	rope	scaffold	scaffold
correct_latin__living_drift_reading	institutional	-0.005070237564099976	rope	scaffold	scaffold
correct_latin__living_drift_reading	analytical	0.16439168175664748	mountain	scaffold	scaffold
correct_latin__prescriptive_ideal_reading	powerless	0.35359999999999997	mountain	tangled_rope	tangled_rope
correct_latin__prescriptive_ideal_reading	moderate	0.7524146497248644	rope	snare	snare
correct_latin__prescriptive_ideal_reading	institutional	0.011807970664858013	rope	naturalized	naturalized
correct_latin__prescriptive_ideal_reading	analytical	0.9315528632876693	mountain	snare	snare
correct_latin__textual_recovery_reading	powerless	0.5217048637287675	mountain	tangled_rope	tangled_rope
correct_latin__textual_recovery_reading	moderate	0.5311162233351983	rope	tangled_rope	tangled_rope
correct_latin__textual_recovery_reading	institutional	-0.020280950256399904	rope	rope	rope
correct_latin__textual_recovery_reading	analytical	0.6575667270265899	mountain	tangled_rope	tangled_rope
correct_latin_kernel__continuity_reading	powerless	0.2451583718677467	mountain	scaffold	scaffold
correct_latin_kernel__continuity_reading	moderate	0.22189511398175152	rope	scaffold	scaffold
correct_latin_kernel__continuity_reading	institutional	-0.00929543553418329	rope	scaffold	scaffold
correct_latin_kernel__continuity_reading	analytical	0.30138474988718705	mountain	scaffold	scaffold
correct_latin_kernel__reconstructionist_reading	powerless	0.6303933770055941	mountain	tangled_rope	tangled_rope
correct_latin_kernel__reconstructionist_reading	moderate	0.6417654365300313	rope	tangled_rope	tangled_rope
correct_latin_kernel__reconstructionist_reading	institutional	-0.024506148226483216	rope	rope	rope
correct_latin_kernel__reconstructionist_reading	analytical	0.7945597951571295	mountain	snare	snare
correct_latin_kernel__reoccupation_reading	powerless	0.6303933770055941	mountain	tangled_rope	tangled_rope
correct_latin_kernel__reoccupation_reading	moderate	0.6417654365300313	rope	tangled_rope	tangled_rope
correct_latin_kernel__reoccupation_reading	institutional	0.06387156647306734	rope	naturalized	naturalized
correct_latin_kernel__reoccupation_reading	analytical	0.7945597951571295	mountain	snare	snare
counterparty_risk_opacity	powerless	0.3016	mountain	naturalized	naturalized
counterparty_risk_opacity	moderate	0.6417654365300313	rope	tangled_rope	tangled_rope
counterparty_risk_opacity	institutional	0.02386514999188097	rope	naturalized	naturalized
counterparty_risk_opacity	analytical	0.7945597951571295	mountain	snare	snare
creed_381_pneumatology__ecumenical_reunion_reading	powerless	0.3120197460134958	mountain	scaffold	scaffold
creed_381_pneumatology__ecumenical_reunion_reading	moderate	0.28241196324950196	rope	scaffold	scaffold
creed_381_pneumatology__ecumenical_reunion_reading	institutional	-0.01183055431623328	rope	scaffold	scaffold
creed_381_pneumatology__ecumenical_reunion_reading	analytical	0.3835805907655109	mountain	scaffold	scaffold
creed_381_pneumatology__filioque_reading	powerless	0.6303933770055941	mountain	tangled_rope	tangled_rope
creed_381_pneumatology__filioque_reading	moderate	0.4930994045224794	rope	tangled_rope	tangled_rope
creed_381_pneumatology__filioque_reading	institutional	-0.04257460606629633	rope	rope	rope
creed_381_pneumatology__filioque_reading	analytical	0.7945597951571295	mountain	snare	snare
creed_381_pneumatology__monoprocession_reading	powerless	0.6303933770055941	mountain	tangled_rope	tangled_rope
creed_381_pneumatology__monoprocession_reading	moderate	0.6417654365300313	rope	tangled_rope	tangled_rope
creed_381_pneumatology__monoprocession_reading	institutional	0.3035996784237043	rope	naturalized	naturalized
creed_381_pneumatology__monoprocession_reading	analytical	0.7945597951571295	mountain	snare	snare
crustal_hydrogen_availability	powerless	0.20439014624613164	mountain	mountain	mountain
crustal_hydrogen_availability	moderate	0.17999563309454258	rope	rope	rope
crustal_hydrogen_availability	institutional	-0.021487682807664568	rope	rope	rope
crustal_hydrogen_availability	analytical	0.2484043994746921	mountain	mountain	mountain
cryptocurrency_settlement_competition	powerless	0.3016	mountain	naturalized	naturalized
cryptocurrency_settlement_competition	moderate	0.6417654365300313	rope	tangled_rope	tangled_rope
cryptocurrency_settlement_competition	institutional	-0.024506148226483216	rope	rope	rope
cryptocurrency_settlement_competition	analytical	0.7945597951571295	mountain	snare	snare
cryptographic_key_selection	powerless	0.09084006499828075	mountain	mountain	mountain
cryptographic_key_selection	moderate	0.07999805915313005	rope	rope	rope
cryptographic_key_selection	institutional	-0.009550081247850919	rope	rope	rope
cryptographic_key_selection	analytical	0.11040195532208537	mountain	mountain	mountain
cultural_homogenization_social_media	powerless	0.3016	mountain	naturalized	naturalized
cultural_homogenization_social_media	moderate	0.6417654365300313	rope	tangled_rope	tangled_rope
cultural_homogenization_social_media	institutional	-0.024506148226483216	rope	rope	rope
cultural_homogenization_social_media	analytical	0.7945597951571295	mountain	snare	snare
cultural_legitimacy_gatekeeping	powerless	0.5794652425964921	mountain	tangled_rope	tangled_rope
cultural_legitimacy_gatekeeping	moderate	0.5753759086131316	rope	tangled_rope	tangled_rope
cultural_legitimacy_gatekeeping	institutional	-0.021971029444433233	rope	rope	rope
cultural_legitimacy_gatekeeping	analytical	0.7123639542788058	mountain	tangled_rope	tangled_rope
cultural_property_legal_corpus__indigenous_stewardship_reading	powerless	0.7390818902824207	mountain	snare	snare
cultural_property_legal_corpus__indigenous_stewardship_reading	moderate	0.7524146497248644	rope	snare	snare
cultural_property_legal_corpus__indigenous_stewardship_reading	institutional	-0.04991505538807157	rope	rope	rope
cultural_property_legal_corpus__indigenous_stewardship_reading	analytical	0.9315528632876693	mountain	snare	snare
cultural_property_legal_corpus__sovereign_repatriation_reading	powerless	0.5217048637287675	mountain	tangled_rope	tangled_rope
cultural_property_legal_corpus__sovereign_repatriation_reading	moderate	0.5311162233351983	rope	tangled_rope	tangled_rope
cultural_property_legal_corpus__sovereign_repatriation_reading	institutional	-0.006976993904379816	rope	rope	rope
cultural_property_legal_corpus__sovereign_repatriation_reading	analytical	0.6575667270265899	mountain	tangled_rope	tangled_rope
cultural_property_legal_corpus__universal_heritage_reading	powerless	0.5651802690394981	mountain	tangled_rope	tangled_rope
cultural_property_legal_corpus__universal_heritage_reading	moderate	0.5753759086131316	rope	tangled_rope	tangled_rope
cultural_property_legal_corpus__universal_heritage_reading	institutional	-0.021971029444433233	rope	rope	rope
cultural_property_legal_corpus__universal_heritage_reading	analytical	0.7123639542788058	mountain	tangled_rope	tangled_rope
cuny_light_2026	powerless	0.08914849886099879	mountain	scaffold	scaffold
cuny_light_2026	moderate	0.08068913235700055	rope	scaffold	scaffold
cuny_light_2026	institutional	-0.003380158376066651	rope	scaffold	scaffold
cuny_light_2026	analytical	0.10959445450443167	mountain	scaffold	scaffold
currency_depreciation_spiral	powerless	0.3016	mountain	naturalized	naturalized
currency_depreciation_spiral	moderate	0.6417654365300313	rope	tangled_rope	tangled_rope
currency_depreciation_spiral	institutional	-0.024506148226483216	rope	rope	rope
currency_depreciation_spiral	analytical	0.7945597951571295	mountain	snare	snare
dark_matter_structure_formation_timeline	powerless	0.1362600974974211	mountain	mountain	mountain
dark_matter_structure_formation_timeline	moderate	0.11999708872969506	rope	rope	rope
dark_matter_structure_formation_timeline	institutional	-0.014325121871776378	rope	rope	rope
dark_matter_structure_formation_timeline	analytical	0.16560293298312803	mountain	mountain	mountain
decalogue_image_prohibition__iconoclast_reading	powerless	0.35359999999999997	mountain	tangled_rope	tangled_rope
decalogue_image_prohibition__iconoclast_reading	moderate	0.7524146497248644	rope	snare	snare
decalogue_image_prohibition__iconoclast_reading	institutional	-0.028731346196566535	rope	rope	rope
decalogue_image_prohibition__iconoclast_reading	analytical	0.9315528632876693	mountain	snare	snare
decalogue_image_prohibition__iconodule_reading	powerless	0.3120197460134958	mountain	scaffold	scaffold
decalogue_image_prohibition__iconodule_reading	moderate	0.28241196324950196	rope	scaffold	scaffold
decalogue_image_prohibition__iconodule_reading	institutional	0.03083454933182562	rope	scaffold	scaffold
decalogue_image_prohibition__iconodule_reading	analytical	0.3835805907655109	mountain	scaffold	scaffold
decalogue_image_prohibition__moderate_iconoclast_reading	powerless	0.5651802690394981	mountain	tangled_rope	tangled_rope
decalogue_image_prohibition__moderate_iconoclast_reading	moderate	0.5753759086131316	rope	tangled_rope	tangled_rope
decalogue_image_prohibition__moderate_iconoclast_reading	institutional	-0.021971029444433233	rope	rope	rope
decalogue_image_prohibition__moderate_iconoclast_reading	analytical	0.7123639542788058	mountain	tangled_rope	tangled_rope
decentralization_censorship_resistance	powerless	0.6303933770055941	mountain	tangled_rope	tangled_rope
decentralization_censorship_resistance	moderate	0.6417654365300313	rope	tangled_rope	tangled_rope
decentralization_censorship_resistance	institutional	-0.024506148226483216	rope	rope	rope
decentralization_censorship_resistance	analytical	0.7945597951571295	mountain	snare	snare
defense_contractor_vendor_capture	powerless	0.3016	mountain	naturalized	naturalized
defense_contractor_vendor_capture	moderate	0.6417654365300313	rope	tangled_rope	tangled_rope
defense_contractor_vendor_capture	institutional	0.02386514999188097	rope	naturalized	naturalized
defense_contractor_vendor_capture	analytical	0.7945597951571295	mountain	snare	snare
deferential_realism_ontology__hybrid_pragmatic_reading	powerless	0.5217048637287675	mountain	tangled_rope	tangled_rope
deferential_realism_ontology__hybrid_pragmatic_reading	moderate	0.5311162233351983	rope	tangled_rope	tangled_rope
deferential_realism_ontology__hybrid_pragmatic_reading	institutional	-0.020280950256399904	rope	rope	rope
deferential_realism_ontology__hybrid_pragmatic_reading	analytical	0.543416791112751	mountain	tangled_rope	tangled_rope
deferential_realism_ontology__immutable_diagnostic_reading	powerless	0.35359999999999997	mountain	tangled_rope	tangled_rope
deferential_realism_ontology__immutable_diagnostic_reading	moderate	0.7524146497248644	rope	snare	snare
deferential_realism_ontology__immutable_diagnostic_reading	institutional	-0.028731346196566535	rope	rope	rope
deferential_realism_ontology__immutable_diagnostic_reading	analytical	0.9315528632876693	mountain	snare	snare
deferential_realism_ontology__rhetorical_scaffold_reading	powerless	0.6303933770055941	mountain	unknown	unknown
deferential_realism_ontology__rhetorical_scaffold_reading	moderate	0.6417654365300313	rope	unknown	unknown
deferential_realism_ontology__rhetorical_scaffold_reading	institutional	-0.024506148226483216	rope	scaffold	scaffold
deferential_realism_ontology__rhetorical_scaffold_reading	analytical	0.7945597951571295	mountain	unknown	unknown
deforestation_commons	powerless	0.35359999999999997	mountain	tangled_rope	tangled_rope
deforestation_commons	moderate	0.7524146497248644	rope	snare	snare
deforestation_commons	institutional	0.30588345676674816	rope	naturalized	naturalized
deforestation_commons	analytical	0.9315528632876693	mountain	snare	snare
derivative_work_statutory_boundary__coordination_reading	powerless	0.2005841224372473	mountain	scaffold	scaffold
derivative_work_statutory_boundary__coordination_reading	moderate	0.18155054780325125	rope	scaffold	scaffold
derivative_work_statutory_boundary__coordination_reading	institutional	-0.007605356346149964	rope	scaffold	scaffold
derivative_work_statutory_boundary__coordination_reading	analytical	0.24658752263497122	mountain	scaffold	scaffold
derivative_work_statutory_boundary__enclosure_reading	powerless	0.7390818902824207	mountain	snare	snare
derivative_work_statutory_boundary__enclosure_reading	moderate	0.7524146497248644	rope	snare	snare
derivative_work_statutory_boundary__enclosure_reading	institutional	-0.028731346196566535	rope	rope	rope
derivative_work_statutory_boundary__enclosure_reading	analytical	0.9315528632876693	mountain	snare	snare
derivative_work_statutory_boundary__hybrid_carveout_reading	powerless	0.5273873253956168	mountain	tangled_rope	tangled_rope
derivative_work_statutory_boundary__hybrid_carveout_reading	moderate	0.5311162233351983	rope	tangled_rope	tangled_rope
derivative_work_statutory_boundary__hybrid_carveout_reading	institutional	-0.020280950256399904	rope	rope	rope
derivative_work_statutory_boundary__hybrid_carveout_reading	analytical	0.6575667270265899	mountain	tangled_rope	tangled_rope
developing_nation_debt_sustainability	powerless	0.3016	mountain	naturalized	naturalized
developing_nation_debt_sustainability	moderate	0.6417654365300313	rope	tangled_rope	tangled_rope
developing_nation_debt_sustainability	institutional	-0.024506148226483216	rope	rope	rope
developing_nation_debt_sustainability	analytical	0.7945597951571295	mountain	snare	snare
dharmasastra_corpus__abolitionist_rejection	powerless	0.35359999999999997	mountain	tangled_rope	tangled_rope
dharmasastra_corpus__abolitionist_rejection	moderate	0.7524146497248644	rope	snare	snare
dharmasastra_corpus__abolitionist_rejection	institutional	0.1981423749654954	rope	naturalized	naturalized
dharmasastra_corpus__abolitionist_rejection	analytical	0.9315528632876693	mountain	snare	snare
dharmasastra_corpus__orthodox_literalist	powerless	0.35359999999999997	mountain	tangled_rope	tangled_rope
dharmasastra_corpus__orthodox_literalist	moderate	0.7524146497248644	rope	snare	snare
dharmasastra_corpus__orthodox_literalist	institutional	-0.028731346196566535	rope	rope	rope
dharmasastra_corpus__orthodox_literalist	analytical	0.9315528632876693	mountain	snare	snare
dharmasastra_corpus__reformist_contextual	powerless	0.5651802690394981	mountain	tangled_rope	tangled_rope
dharmasastra_corpus__reformist_contextual	moderate	0.5753759086131316	rope	tangled_rope	tangled_rope
dharmasastra_corpus__reformist_contextual	institutional	-0.021971029444433233	rope	rope	rope
dharmasastra_corpus__reformist_contextual	analytical	0.7123639542788058	mountain	tangled_rope	tangled_rope
digital_identity_standardization	powerless	0.3016	mountain	naturalized	naturalized
digital_identity_standardization	moderate	0.6417654365300313	rope	tangled_rope	tangled_rope
digital_identity_standardization	institutional	-0.04257460606629633	rope	rope	rope
digital_identity_standardization	analytical	0.7945597951571295	mountain	snare	snare
digital_money_emergence_boundary__conceptualization_reading	powerless	0.4130163504519409	mountain	tangled_rope	tangled_rope
digital_money_emergence_boundary__conceptualization_reading	moderate	0.42046701014036536	rope	tangled_rope	tangled_rope
digital_money_emergence_boundary__conceptualization_reading	institutional	-0.01605575228631659	rope	rope	rope
digital_money_emergence_boundary__conceptualization_reading	analytical	0.5205736588960505	mountain	tangled_rope	tangled_rope
digital_money_emergence_boundary__consumer_holdings_reading	powerless	0.45649175576267154	mountain	tangled_rope	tangled_rope
digital_money_emergence_boundary__consumer_holdings_reading	moderate	0.46472669541829853	rope	tangled_rope	tangled_rope
digital_money_emergence_boundary__consumer_holdings_reading	institutional	-0.03903702377530452	rope	rope	rope
digital_money_emergence_boundary__consumer_holdings_reading	analytical	0.5753708861482661	mountain	tangled_rope	tangled_rope
digital_money_emergence_boundary__infrastructure_reading	powerless	0.5651802690394981	mountain	tangled_rope	tangled_rope
digital_money_emergence_boundary__infrastructure_reading	moderate	0.5753759086131316	rope	tangled_rope	tangled_rope
digital_money_emergence_boundary__infrastructure_reading	institutional	-0.030475336299372657	rope	rope	rope
digital_money_emergence_boundary__infrastructure_reading	analytical	0.7123639542788058	mountain	tangled_rope	tangled_rope
digital_money_origin__consumer_access_reading	powerless	0.4130163504519409	mountain	tangled_rope	tangled_rope
digital_money_origin__consumer_access_reading	moderate	0.42046701014036536	rope	tangled_rope	tangled_rope
digital_money_origin__consumer_access_reading	institutional	0.3585041330257732	rope	tangled_rope	tangled_rope
digital_money_origin__consumer_access_reading	analytical	0.5205736588960505	mountain	tangled_rope	tangled_rope
digital_money_origin__infrastructure_reading	powerless	0.4130163504519409	mountain	tangled_rope	tangled_rope
digital_money_origin__infrastructure_reading	moderate	0.42046701014036536	rope	tangled_rope	tangled_rope
digital_money_origin__infrastructure_reading	institutional	0.006598571842126536	rope	rope	rope
digital_money_origin__infrastructure_reading	analytical	0.5205736588960505	mountain	tangled_rope	tangled_rope
digital_money_origin__peer_to_peer_reading	powerless	0.3016	mountain	naturalized	naturalized
digital_money_origin__peer_to_peer_reading	moderate	0.6417654365300313	rope	tangled_rope	tangled_rope
digital_money_origin__peer_to_peer_reading	institutional	-0.024506148226483216	rope	rope	rope
digital_money_origin__peer_to_peer_reading	analytical	0.7945597951571295	mountain	snare	snare
dignified_death__autonomy_primary	powerless	0.5651802690394981	mountain	tangled_rope	tangled_rope
dignified_death__autonomy_primary	moderate	0.5753759086131316	rope	tangled_rope	tangled_rope
dignified_death__autonomy_primary	institutional	-0.021971029444433233	rope	rope	rope
dignified_death__autonomy_primary	analytical	0.7123639542788058	mountain	snare	snare
dignified_death__relational_autonomy	powerless	0.4234553695897442	mountain	scaffold	scaffold
dignified_death__relational_autonomy	moderate	0.3832733786957526	rope	scaffold	scaffold
dignified_death__relational_autonomy	institutional	-0.01605575228631659	rope	scaffold	scaffold
dignified_death__relational_autonomy	analytical	0.5205736588960505	mountain	unknown	unknown
dignified_death__sanctity_primary	powerless	0.3016	mountain	naturalized	naturalized
dignified_death__sanctity_primary	moderate	0.6417654365300313	rope	tangled_rope	tangled_rope
dignified_death__sanctity_primary	institutional	-0.04257460606629633	rope	rope	rope
dignified_death__sanctity_primary	analytical	0.7945597951571295	mountain	snare	snare
disability_identity_politics	powerless	0.5651802690394981	mountain	tangled_rope	tangled_rope
disability_identity_politics	moderate	0.5753759086131316	rope	tangled_rope	tangled_rope
disability_identity_politics	institutional	-0.021971029444433233	rope	rope	rope
disability_identity_politics	analytical	0.7123639542788058	mountain	snare	snare
disney_openai_ip_exclusivity	powerless	0.3603202572610366	mountain	tangled_rope	tangled_rope
disney_openai_ip_exclusivity	moderate	0.6417654365300313	rope	tangled_rope	tangled_rope
disney_openai_ip_exclusivity	institutional	-0.024506148226483216	rope	rope	rope
disney_openai_ip_exclusivity	analytical	0.7945597951571295	mountain	snare	snare
distributed_system_coherence	powerless	0.4130163504519409	mountain	tangled_rope	tangled_rope
distributed_system_coherence	moderate	0.42046701014036536	rope	tangled_rope	tangled_rope
distributed_system_coherence	institutional	-0.005523453507634021	rope	rope	rope
distributed_system_coherence	analytical	0.5205736588960505	mountain	tangled_rope	tangled_rope
divine_legitimacy_substrate__amun_polytheistic_reading	powerless	0.5217048637287675	mountain	tangled_rope	tangled_rope
divine_legitimacy_substrate__amun_polytheistic_reading	moderate	0.5311162233351983	rope	tangled_rope	tangled_rope
divine_legitimacy_substrate__amun_polytheistic_reading	institutional	-0.020280950256399904	rope	rope	rope
divine_legitimacy_substrate__amun_polytheistic_reading	analytical	0.6575667270265899	mountain	tangled_rope	tangled_rope
divine_legitimacy_substrate__atenist_monotheistic_reading	powerless	0.35359999999999997	mountain	tangled_rope	tangled_rope
divine_legitimacy_substrate__atenist_monotheistic_reading	moderate	0.7524146497248644	rope	snare	snare
divine_legitimacy_substrate__atenist_monotheistic_reading	institutional	-0.009884074697871406	rope	rope	rope
divine_legitimacy_substrate__atenist_monotheistic_reading	analytical	0.9315528632876693	mountain	snare	snare
divine_legitimacy_substrate__enforcement_collapse_mechanism	powerless	0.3016	mountain	naturalized	naturalized
divine_legitimacy_substrate__enforcement_collapse_mechanism	moderate	0.6417654365300313	rope	tangled_rope	tangled_rope
divine_legitimacy_substrate__enforcement_collapse_mechanism	institutional	-0.024506148226483216	rope	rope	rope
divine_legitimacy_substrate__enforcement_collapse_mechanism	analytical	0.7945597951571295	mountain	snare	snare
divine_legitimacy_substrate__folk_syncretistic_reading	powerless	0.39002468251686967	mountain	scaffold	scaffold
divine_legitimacy_substrate__folk_syncretistic_reading	moderate	0.3530149540618774	rope	scaffold	scaffold
divine_legitimacy_substrate__folk_syncretistic_reading	institutional	-0.014788192895291596	rope	scaffold	scaffold
divine_legitimacy_substrate__folk_syncretistic_reading	analytical	0.47947573845688846	mountain	unknown	unknown
divine_marriage_command__coercion_visibility_reading	powerless	0.6303933770055941	mountain	tangled_rope	tangled_rope
divine_marriage_command__coercion_visibility_reading	moderate	0.6417654365300313	rope	tangled_rope	tangled_rope
divine_marriage_command__coercion_visibility_reading	institutional	0.010071504390614185	rope	naturalized	naturalized
divine_marriage_command__coercion_visibility_reading	analytical	0.7945597951571295	mountain	snare	snare
divine_marriage_command__continuationist_reading	powerless	0.640439506671746	mountain	tangled_rope	tangled_rope
divine_marriage_command__continuationist_reading	moderate	0.6417654365300313	rope	tangled_rope	tangled_rope
divine_marriage_command__continuationist_reading	institutional	-0.00843053430112561	rope	rope	rope
divine_marriage_command__continuationist_reading	analytical	0.7945597951571295	mountain	snare	snare
divine_marriage_command__substitutionist_reading	powerless	0.3016	mountain	naturalized	naturalized
divine_marriage_command__substitutionist_reading	moderate	0.6417654365300313	rope	tangled_rope	tangled_rope
divine_marriage_command__substitutionist_reading	institutional	-0.024506148226483216	rope	rope	rope
divine_marriage_command__substitutionist_reading	analytical	0.7945597951571295	mountain	snare	snare
dldr_information_policy	powerless	0.6303933770055941	mountain	tangled_rope	tangled_rope
dldr_information_policy	moderate	0.6417654365300313	rope	tangled_rope	tangled_rope
dldr_information_policy	institutional	-0.04257460606629633	rope	rope	rope
dldr_information_policy	analytical	0.7945597951571295	mountain	tangled_rope	tangled_rope
dollar_gold_convertibility__policy_flexible_reading	powerless	0.5651802690394981	mountain	tangled_rope	rope
dollar_gold_convertibility__policy_flexible_reading	moderate	0.5753759086131316	rope	tangled_rope	rope
dollar_gold_convertibility__policy_flexible_reading	institutional	0.009029624626067892	rope	naturalized	rope
dollar_gold_convertibility__policy_flexible_reading	analytical	0.7123639542788058	mountain	tangled_rope	rope
dollar_gold_convertibility__strict_convertibility_reading	powerless	0.7390818902824207	mountain	snare	snare
dollar_gold_convertibility__strict_convertibility_reading	moderate	0.7524146497248644	rope	snare	snare
dollar_gold_convertibility__strict_convertibility_reading	institutional	-0.028731346196566535	rope	rope	rope
dollar_gold_convertibility__strict_convertibility_reading	analytical	0.9315528632876693	mountain	snare	snare
dollar_gold_convertibility__triffin_structural_reading	powerless	0.7390818902824207	mountain	snare	snare
dollar_gold_convertibility__triffin_structural_reading	moderate	0.7524146497248644	rope	snare	snare
dollar_gold_convertibility__triffin_structural_reading	institutional	-0.04991505538807157	rope	rope	rope
dollar_gold_convertibility__triffin_structural_reading	analytical	0.9315528632876693	mountain	snare	snare
doomsday_clock_metric__hybrid_legitimacy_reading	powerless	0.5651802690394981	mountain	tangled_rope	tangled_rope
doomsday_clock_metric__hybrid_legitimacy_reading	moderate	0.5753759086131316	rope	tangled_rope	tangled_rope
doomsday_clock_metric__hybrid_legitimacy_reading	institutional	-0.021971029444433233	rope	rope	rope
doomsday_clock_metric__hybrid_legitimacy_reading	analytical	0.7123639542788058	mountain	tangled_rope	tangled_rope
doomsday_clock_metric__objective_index_reading	powerless	0.6303933770055941	mountain	tangled_rope	tangled_rope
doomsday_clock_metric__objective_index_reading	moderate	0.6417654365300313	rope	tangled_rope	tangled_rope
doomsday_clock_metric__objective_index_reading	institutional	0.010071504390614185	rope	naturalized	naturalized
doomsday_clock_metric__objective_index_reading	analytical	0.7945597951571295	mountain	snare	snare
doomsday_clock_metric__performative_tool_reading	powerless	0.6303933770055941	mountain	tangled_rope	tangled_rope
doomsday_clock_metric__performative_tool_reading	moderate	0.6417654365300313	rope	tangled_rope	tangled_rope
doomsday_clock_metric__performative_tool_reading	institutional	-0.04257460606629633	rope	rope	rope
doomsday_clock_metric__performative_tool_reading	analytical	0.7945597951571295	mountain	snare	snare
dsm_taxonomy_kernel__biomedical_reading	powerless	0.35359999999999997	mountain	tangled_rope	tangled_rope
dsm_taxonomy_kernel__biomedical_reading	moderate	0.7524146497248644	rope	snare	snare
dsm_taxonomy_kernel__biomedical_reading	institutional	-0.04991505538807157	rope	rope	rope
dsm_taxonomy_kernel__biomedical_reading	analytical	0.9315528632876693	mountain	snare	snare
dsm_taxonomy_kernel__critical_psychiatry_reading	powerless	0.3016	mountain	naturalized	naturalized
dsm_taxonomy_kernel__critical_psychiatry_reading	moderate	0.6417654365300313	rope	tangled_rope	tangled_rope
dsm_taxonomy_kernel__critical_psychiatry_reading	institutional	-0.04257460606629633	rope	rope	rope
dsm_taxonomy_kernel__critical_psychiatry_reading	analytical	0.7945597951571295	mountain	snare	snare
dsm_taxonomy_kernel__neurodiversity_reading	powerless	0.7390818902824207	mountain	snare	snare
dsm_taxonomy_kernel__neurodiversity_reading	moderate	0.7524146497248644	rope	snare	snare
dsm_taxonomy_kernel__neurodiversity_reading	institutional	-0.06320280039811209	rope	rope	rope
dsm_taxonomy_kernel__neurodiversity_reading	analytical	0.9315528632876693	mountain	snare	snare
dueling_disappearance_mechanism__institutional_displacement_reading	powerless	0.1337227482914982	mountain	scaffold	rope
dueling_disappearance_mechanism__institutional_displacement_reading	moderate	0.12103369853550082	rope	scaffold	rope
dueling_disappearance_mechanism__institutional_displacement_reading	institutional	-0.005070237564099976	rope	scaffold	rope
dueling_disappearance_mechanism__institutional_displacement_reading	analytical	0.16439168175664748	mountain	scaffold	rope
dueling_disappearance_mechanism__overdetermined_composite_reading	powerless	0.5651802690394981	mountain	tangled_rope	tangled_rope
dueling_disappearance_mechanism__overdetermined_composite_reading	moderate	0.5753759086131316	rope	tangled_rope	tangled_rope
dueling_disappearance_mechanism__overdetermined_composite_reading	institutional	-0.038170336473231196	rope	rope	rope
dueling_disappearance_mechanism__overdetermined_composite_reading	analytical	0.7123639542788058	mountain	snare	snare
ecb_mandate_article_127__climate_incorporation	powerless	0.5651802690394981	mountain	tangled_rope	rope
ecb_mandate_article_127__climate_incorporation	moderate	0.5753759086131316	rope	tangled_rope	rope
ecb_mandate_article_127__climate_incorporation	institutional	0.15152063967949647	rope	naturalized	rope
ecb_mandate_article_127__climate_incorporation	analytical	0.7123639542788058	mountain	tangled_rope	rope
ecb_mandate_article_127__expansive_secondary_objectives	powerless	0.5651802690394981	mountain	tangled_rope	tangled_rope
ecb_mandate_article_127__expansive_secondary_objectives	moderate	0.5753759086131316	rope	tangled_rope	tangled_rope
ecb_mandate_article_127__expansive_secondary_objectives	institutional	-0.007558410063078134	rope	rope	rope
ecb_mandate_article_127__expansive_secondary_objectives	analytical	0.7123639542788058	mountain	tangled_rope	tangled_rope
ecb_mandate_article_127__orthodox_price_stability	powerless	0.3016	mountain	naturalized	naturalized
ecb_mandate_article_127__orthodox_price_stability	moderate	0.6417654365300313	rope	tangled_rope	tangled_rope
ecb_mandate_article_127__orthodox_price_stability	institutional	-0.024506148226483216	rope	rope	rope
ecb_mandate_article_127__orthodox_price_stability	analytical	0.7945597951571295	mountain	snare	snare
ecclesiastical_extraction_collapse	powerless	0.3016	mountain	naturalized	naturalized
ecclesiastical_extraction_collapse	moderate	0.6417654365300313	rope	tangled_rope	tangled_rope
ecclesiastical_extraction_collapse	institutional	0.4504003215762957	rope	tangled_rope	tangled_rope
ecclesiastical_extraction_collapse	analytical	0.7945597951571295	mountain	snare	snare
ecumenical_boundary_shift	powerless	0.5651802690394981	mountain	tangled_rope	rope
ecumenical_boundary_shift	moderate	0.5753759086131316	rope	tangled_rope	rope
ecumenical_boundary_shift	institutional	0.009029624626067892	rope	naturalized	rope
ecumenical_boundary_shift	analytical	0.7123639542788058	mountain	tangled_rope	rope
eidas_digital_identity	powerless	0.5651802690394981	mountain	tangled_rope	rope
eidas_digital_identity	moderate	0.5753759086131316	rope	tangled_rope	rope
eidas_digital_identity	institutional	0.009029624626067892	rope	naturalized	rope
eidas_digital_identity	analytical	0.7123639542788058	mountain	tangled_rope	rope
electronic_money_emergence__became_thinkable_reading	powerless	0.4130163504519409	mountain	tangled_rope	tangled_rope
electronic_money_emergence__became_thinkable_reading	moderate	0.42046701014036536	rope	tangled_rope	tangled_rope
electronic_money_emergence__became_thinkable_reading	institutional	0.17093487289906514	rope	rope	rope
electronic_money_emergence__became_thinkable_reading	analytical	0.5205736588960505	mountain	tangled_rope	tangled_rope
electronic_money_emergence__first_held_reading	powerless	0.4130163504519409	mountain	tangled_rope	tangled_rope
electronic_money_emergence__first_held_reading	moderate	0.42046701014036536	rope	tangled_rope	tangled_rope
electronic_money_emergence__first_held_reading	institutional	-0.005523453507634021	rope	rope	rope
electronic_money_emergence__first_held_reading	analytical	0.5205736588960505	mountain	tangled_rope	tangled_rope
electronic_money_emergence__m4_m5_collapse_reading	powerless	0.3016	mountain	piton	piton
electronic_money_emergence__m4_m5_collapse_reading	moderate	0.6417654365300313	rope	tangled_rope	tangled_rope
electronic_money_emergence__m4_m5_collapse_reading	institutional	-0.024506148226483216	rope	rope	rope
electronic_money_emergence__m4_m5_collapse_reading	analytical	0.7945597951571295	mountain	snare	snare
elite_identity_capture_2026	powerless	0.3016	mountain	naturalized	naturalized
elite_identity_capture_2026	moderate	0.6417654365300313	rope	tangled_rope	tangled_rope
elite_identity_capture_2026	institutional	-0.024506148226483216	rope	rope	rope
elite_identity_capture_2026	analytical	0.7945597951571295	mountain	snare	snare
emergency_response_reach	powerless	0.3016	mountain	scaffold	scaffold
emergency_response_reach	moderate	0.6417654365300313	rope	unknown	unknown
emergency_response_reach	institutional	-0.024506148226483216	rope	scaffold	scaffold
emergency_response_reach	analytical	0.7945597951571295	mountain	snare	snare
emerging_market_debt_trap	powerless	0.3016	mountain	naturalized	naturalized
emerging_market_debt_trap	moderate	0.6417654365300313	rope	tangled_rope	tangled_rope
emerging_market_debt_trap	institutional	-0.04257460606629633	rope	rope	rope
emerging_market_debt_trap	analytical	0.7945597951571295	mountain	snare	snare
emotional_labor_extraction	powerless	0.6738687823163247	mountain	snare	snare
emotional_labor_extraction	moderate	0.7077975186744545	rope	snare	snare
emotional_labor_extraction	institutional	-0.026196227414516545	rope	rope	rope
emotional_labor_extraction	analytical	0.8493570224093454	mountain	snare	snare
end_of_life_authority__autonomy_reading	powerless	0.6372596848530371	mountain	tangled_rope	tangled_rope
end_of_life_authority__autonomy_reading	moderate	0.6417654365300313	rope	tangled_rope	tangled_rope
end_of_life_authority__autonomy_reading	institutional	-0.024506148226483216	rope	rope	rope
end_of_life_authority__autonomy_reading	analytical	0.7945597951571295	mountain	snare	snare
end_of_life_authority__sanctity_reading	powerless	0.6303933770055941	mountain	tangled_rope	tangled_rope
end_of_life_authority__sanctity_reading	moderate	0.6417654365300313	rope	tangled_rope	tangled_rope
end_of_life_authority__sanctity_reading	institutional	0.4504003215762957	rope	tangled_rope	tangled_rope
end_of_life_authority__sanctity_reading	analytical	0.7945597951571295	mountain	snare	snare
end_of_life_decision_authority__autonomy_reading	powerless	0.6303933770055941	mountain	tangled_rope	tangled_rope
end_of_life_decision_authority__autonomy_reading	moderate	0.6417654365300313	rope	tangled_rope	tangled_rope
end_of_life_decision_authority__autonomy_reading	institutional	0.010071504390614185	rope	naturalized	naturalized
end_of_life_decision_authority__autonomy_reading	analytical	0.7945597951571295	mountain	snare	snare
end_of_life_decision_authority__sanctity_reading	powerless	0.6303933770055941	mountain	tangled_rope	tangled_rope
end_of_life_decision_authority__sanctity_reading	moderate	0.6417654365300313	rope	tangled_rope	tangled_rope
end_of_life_decision_authority__sanctity_reading	institutional	-0.024506148226483216	rope	rope	rope
end_of_life_decision_authority__sanctity_reading	analytical	0.7945597951571295	mountain	snare	snare
end_of_life_decision_authority__vulnerability_protection_reading	powerless	0.6303933770055941	mountain	tangled_rope	tangled_rope
end_of_life_decision_authority__vulnerability_protection_reading	moderate	0.6417654365300313	rope	tangled_rope	tangled_rope
end_of_life_decision_authority__vulnerability_protection_reading	institutional	-0.024506148226483216	rope	rope	rope
end_of_life_decision_authority__vulnerability_protection_reading	analytical	0.7945597951571295	mountain	tangled_rope	tangled_rope
enforcement_asymmetry_axis	powerless	0.6303933770055941	mountain	tangled_rope	tangled_rope
enforcement_asymmetry_axis	moderate	0.6417654365300313	rope	tangled_rope	tangled_rope
enforcement_asymmetry_axis	institutional	-0.04257460606629633	rope	rope	rope
enforcement_asymmetry_axis	analytical	0.7945597951571295	mountain	snare	snare
environmental_instability_as_constraint	powerless	0.2005841224372473	mountain	mountain	mountain
environmental_instability_as_constraint	moderate	0.18155054780325125	rope	scaffold	scaffold
environmental_instability_as_constraint	institutional	-0.007605356346149964	rope	scaffold	scaffold
environmental_instability_as_constraint	analytical	0.24658752263497122	mountain	mountain	mountain
equal_protection_clause__anti_subordination_reading	powerless	0.5651802690394981	mountain	tangled_rope	rope
equal_protection_clause__anti_subordination_reading	moderate	0.5753759086131316	rope	tangled_rope	rope
equal_protection_clause__anti_subordination_reading	institutional	0.33799999999999997	rope	naturalized	rope
equal_protection_clause__anti_subordination_reading	analytical	0.7123639542788058	mountain	tangled_rope	rope
equal_protection_clause__colorblind_reading	powerless	0.4130163504519409	mountain	tangled_rope	tangled_rope
equal_protection_clause__colorblind_reading	moderate	0.42046701014036536	rope	tangled_rope	tangled_rope
equal_protection_clause__colorblind_reading	institutional	-0.01605575228631659	rope	rope	rope
equal_protection_clause__colorblind_reading	analytical	0.5205736588960505	mountain	tangled_rope	tangled_rope
equal_protection_clause__diversity_reading	powerless	0.23911472920901844	mountain	unknown	unknown
equal_protection_clause__diversity_reading	moderate	0.24342826902863257	rope	rope	rope
equal_protection_clause__diversity_reading	institutional	-0.00929543553418329	rope	rope	rope
equal_protection_clause__diversity_reading	analytical	0.30138474988718705	mountain	rope	rope
equal_protection_clause__formal_equality_reading	powerless	0.4130163504519409	mountain	tangled_rope	tangled_rope
equal_protection_clause__formal_equality_reading	moderate	0.42046701014036536	rope	tangled_rope	tangled_rope
equal_protection_clause__formal_equality_reading	institutional	-0.01605575228631659	rope	rope	rope
equal_protection_clause__formal_equality_reading	analytical	0.5205736588960505	mountain	tangled_rope	tangled_rope
equal_protection_clause__remedial_reading	powerless	0.6303933770055941	mountain	tangled_rope	tangled_rope
equal_protection_clause__remedial_reading	moderate	0.6417654365300313	rope	tangled_rope	tangled_rope
equal_protection_clause__remedial_reading	institutional	-0.024506148226483216	rope	rope	rope
equal_protection_clause__remedial_reading	analytical	0.7945597951571295	mountain	snare	snare
equal_protection_clause__substantive_equality_reading	powerless	0.6303933770055941	mountain	tangled_rope	tangled_rope
equal_protection_clause__substantive_equality_reading	moderate	0.6417654365300313	rope	tangled_rope	tangled_rope
equal_protection_clause__substantive_equality_reading	institutional	0.3035996784237043	rope	naturalized	naturalized
equal_protection_clause__substantive_equality_reading	analytical	0.7945597951571295	mountain	snare	snare
equal_protection_commitment__colorblind_reading	powerless	0.45649175576267154	mountain	tangled_rope	tangled_rope
equal_protection_commitment__colorblind_reading	moderate	0.46472669541829853	rope	tangled_rope	tangled_rope
equal_protection_commitment__colorblind_reading	institutional	-0.017745831474349917	rope	rope	rope
equal_protection_commitment__colorblind_reading	analytical	0.5753708861482661	mountain	tangled_rope	tangled_rope
equal_protection_commitment__diversity_reading	powerless	0.3043278371751144	mountain	unknown	unknown
equal_protection_commitment__diversity_reading	moderate	0.3098177969455324	rope	rope	rope
equal_protection_commitment__diversity_reading	institutional	-0.01183055431623328	rope	rope	rope
equal_protection_commitment__diversity_reading	analytical	0.3835805907655109	mountain	unknown	unknown
equal_protection_commitment__remedial_reading	powerless	0.5651802690394981	mountain	tangled_rope	tangled_rope
equal_protection_commitment__remedial_reading	moderate	0.5753759086131316	rope	tangled_rope	tangled_rope
equal_protection_commitment__remedial_reading	institutional	-0.021971029444433233	rope	rope	rope
equal_protection_commitment__remedial_reading	analytical	0.7123639542788058	mountain	tangled_rope	tangled_rope
equality_clause_scope__expansive_universalist	powerless	0.4175149659381967	mountain	tangled_rope	tangled_rope
equality_clause_scope__expansive_universalist	moderate	0.42046701014036536	rope	tangled_rope	tangled_rope
equality_clause_scope__expansive_universalist	institutional	-0.01605575228631659	rope	rope	rope
equality_clause_scope__expansive_universalist	analytical	0.5205736588960505	mountain	tangled_rope	tangled_rope
equality_clause_scope__progressive_textualist	powerless	0.4130163504519409	mountain	tangled_rope	tangled_rope
equality_clause_scope__progressive_textualist	moderate	0.42046701014036536	rope	tangled_rope	tangled_rope
equality_clause_scope__progressive_textualist	institutional	-0.01605575228631659	rope	rope	rope
equality_clause_scope__progressive_textualist	analytical	0.5205736588960505	mountain	tangled_rope	tangled_rope
equality_clause_scope__restrictive_originalist	powerless	0.6303933770055941	mountain	tangled_rope	tangled_rope
equality_clause_scope__restrictive_originalist	moderate	0.6417654365300313	rope	tangled_rope	tangled_rope
equality_clause_scope__restrictive_originalist	institutional	-0.024506148226483216	rope	rope	rope
equality_clause_scope__restrictive_originalist	analytical	0.7945597951571295	mountain	snare	snare
ergo_nipopows	powerless	0.5651802690394981	mountain	tangled_rope	tangled_rope
ergo_nipopows	moderate	0.5753759086131316	rope	tangled_rope	tangled_rope
ergo_nipopows	institutional	-0.021971029444433233	rope	rope	rope
ergo_nipopows	analytical	0.7123639542788058	mountain	tangled_rope	tangled_rope
ergo_utxo_state_bloat_accumulation	powerless	0.3016	mountain	naturalized	naturalized
ergo_utxo_state_bloat_accumulation	moderate	0.6417654365300313	rope	tangled_rope	tangled_rope
ergo_utxo_state_bloat_accumulation	institutional	-0.024506148226483216	rope	rope	rope
ergo_utxo_state_bloat_accumulation	analytical	0.7945597951571295	mountain	snare	snare
ergodic_decomposition	powerless	0.09084006499828075	mountain	mountain	mountain
ergodic_decomposition	moderate	0.07999805915313005	rope	rope	rope
ergodic_decomposition	institutional	-0.009550081247850919	rope	rope	rope
ergodic_decomposition	analytical	0.11040195532208537	mountain	mountain	mountain
eternal_marriage_covenant__immutable_commandment_reading	powerless	0.35359999999999997	mountain	tangled_rope	tangled_rope
eternal_marriage_covenant__immutable_commandment_reading	moderate	0.7524146497248644	rope	snare	snare
eternal_marriage_covenant__immutable_commandment_reading	institutional	-0.028731346196566535	rope	rope	rope
eternal_marriage_covenant__immutable_commandment_reading	analytical	0.9315528632876693	mountain	snare	snare
eternal_marriage_covenant__prophetic_override_reading	powerless	0.3016	mountain	naturalized	naturalized
eternal_marriage_covenant__prophetic_override_reading	moderate	0.6417654365300313	rope	tangled_rope	tangled_rope
eternal_marriage_covenant__prophetic_override_reading	institutional	-0.024506148226483216	rope	rope	rope
eternal_marriage_covenant__prophetic_override_reading	analytical	0.7945597951571295	mountain	snare	snare
eternal_marriage_covenant__temporal_accommodation_reading	powerless	0.40804460182905333	mountain	tangled_rope	tangled_rope
eternal_marriage_covenant__temporal_accommodation_reading	moderate	0.42046701014036536	rope	tangled_rope	tangled_rope
eternal_marriage_covenant__temporal_accommodation_reading	institutional	-0.01605575228631659	rope	rope	rope
eternal_marriage_covenant__temporal_accommodation_reading	analytical	0.5205736588960505	mountain	tangled_rope	tangled_rope
eu_council_unanimity__diplomatic_capital_reading	powerless	0.3043278371751144	mountain	unknown	unknown
eu_council_unanimity__diplomatic_capital_reading	moderate	0.3098177969455324	rope	rope	rope
eu_council_unanimity__diplomatic_capital_reading	institutional	0.018777443189475496	rope	rope	rope
eu_council_unanimity__diplomatic_capital_reading	analytical	0.3835805907655109	mountain	unknown	unknown
eu_council_unanimity__sovereignty_guarantor_reading	powerless	0.3608686254395627	mountain	unknown	unknown
eu_council_unanimity__sovereignty_guarantor_reading	moderate	0.3540774822234656	rope	unknown	unknown
eu_council_unanimity__sovereignty_guarantor_reading	institutional	-0.013520633504266605	rope	rope	rope
eu_council_unanimity__sovereignty_guarantor_reading	analytical	0.4383778180177267	mountain	unknown	unknown
eu_council_unanimity__veto_trap_reading	powerless	0.6303933770055941	mountain	tangled_rope	tangled_rope
eu_council_unanimity__veto_trap_reading	moderate	0.6417654365300313	rope	tangled_rope	tangled_rope
eu_council_unanimity__veto_trap_reading	institutional	-0.024506148226483216	rope	rope	rope
eu_council_unanimity__veto_trap_reading	analytical	0.7945597951571295	mountain	snare	snare
exclusion_as_preparation	powerless	0.5651802690394981	mountain	tangled_rope	tangled_rope
exclusion_as_preparation	moderate	0.5753759086131316	rope	tangled_rope	tangled_rope
exclusion_as_preparation	institutional	-0.021971029444433233	rope	rope	rope
exclusion_as_preparation	analytical	0.7123639542788058	mountain	tangled_rope	tangled_rope
expert_disempowerment	powerless	0.5651802690394981	mountain	tangled_rope	tangled_rope
expert_disempowerment	moderate	0.5753759086131316	rope	tangled_rope	tangled_rope
expert_disempowerment	institutional	-0.021971029444433233	rope	rope	rope
expert_disempowerment	analytical	0.7123639542788058	mountain	tangled_rope	tangled_rope
expertise_specialization_trap	powerless	0.2808	mountain	naturalized	naturalized
expertise_specialization_trap	moderate	0.5975057512520981	rope	tangled_rope	tangled_rope
expertise_specialization_trap	institutional	-0.007849118142427293	rope	rope	rope
expertise_specialization_trap	analytical	0.7397625679049138	mountain	snare	snare
export_proliferation_pathway	powerless	0.24959999999999996	mountain	naturalized	rope
export_proliferation_pathway	moderate	0.5311162233351983	rope	tangled_rope	rope
export_proliferation_pathway	institutional	0.13986520585799672	rope	naturalized	rope
export_proliferation_pathway	analytical	0.6575667270265899	mountain	tangled_rope	rope
fair_use_four_factor_test__creator_centric_reading	powerless	0.3016	mountain	naturalized	naturalized
fair_use_four_factor_test__creator_centric_reading	moderate	0.6417654365300313	rope	tangled_rope	tangled_rope
fair_use_four_factor_test__creator_centric_reading	institutional	0.09186683736905867	rope	naturalized	naturalized
fair_use_four_factor_test__creator_centric_reading	analytical	0.7945597951571295	mountain	snare	snare
fair_use_four_factor_test__transformative_use_reading	powerless	0.5651802690394981	mountain	tangled_rope	rope
fair_use_four_factor_test__transformative_use_reading	moderate	0.5753759086131316	rope	tangled_rope	rope
fair_use_four_factor_test__transformative_use_reading	institutional	0.4905846030879002	rope	tangled_rope	rope
fair_use_four_factor_test__transformative_use_reading	analytical	0.7123639542788058	mountain	tangled_rope	rope
fair_use_four_factor_test__user_centric_reading	powerless	0.38040979646889295	mountain	tangled_rope	tangled_rope
fair_use_four_factor_test__user_centric_reading	moderate	0.3872722461819154	rope	tangled_rope	tangled_rope
fair_use_four_factor_test__user_centric_reading	institutional	-0.014788192895291596	rope	rope	rope
fair_use_four_factor_test__user_centric_reading	analytical	0.47947573845688846	mountain	tangled_rope	tangled_rope
fair_use_statutory_exception__market_licensing_reading	powerless	0.40559999999999996	mountain	tangled_rope	tangled_rope
fair_use_statutory_exception__market_licensing_reading	moderate	0.8630638629196973	rope	snare	snare
fair_use_statutory_exception__market_licensing_reading	institutional	-0.03295654416664985	rope	rope	rope
fair_use_statutory_exception__market_licensing_reading	analytical	1.0685459314182089	mountain	snare	snare
fair_use_statutory_exception__narrow_defense_reading	powerless	0.3016	mountain	naturalized	naturalized
fair_use_statutory_exception__narrow_defense_reading	moderate	0.5849962095882539	rope	tangled_rope	tangled_rope
fair_use_statutory_exception__narrow_defense_reading	institutional	-0.00843053430112561	rope	rope	rope
fair_use_statutory_exception__narrow_defense_reading	analytical	0.7945597951571295	mountain	snare	snare
fair_use_statutory_exception__transformative_right_reading	powerless	0.4130163504519409	mountain	tangled_rope	tangled_rope
fair_use_statutory_exception__transformative_right_reading	moderate	0.42046701014036536	rope	tangled_rope	tangled_rope
fair_use_statutory_exception__transformative_right_reading	institutional	-0.01605575228631659	rope	rope	rope
fair_use_statutory_exception__transformative_right_reading	analytical	0.5205736588960505	mountain	tangled_rope	tangled_rope
family_law_authority__communal_autonomy_reading	powerless	0.48909830974571955	mountain	tangled_rope	tangled_rope
family_law_authority__communal_autonomy_reading	moderate	0.4979214593767484	rope	tangled_rope	tangled_rope
family_law_authority__communal_autonomy_reading	institutional	-0.019013390865374912	rope	rope	rope
family_law_authority__communal_autonomy_reading	analytical	0.6164688065874281	mountain	tangled_rope	tangled_rope
family_law_authority__constitutional_supremacy_reading	powerless	0.34780324248584504	mountain	unknown	unknown
family_law_authority__constitutional_supremacy_reading	moderate	0.3540774822234656	rope	tangled_rope	tangled_rope
family_law_authority__constitutional_supremacy_reading	institutional	-0.013520633504266605	rope	rope	rope
family_law_authority__constitutional_supremacy_reading	analytical	0.4383778180177267	mountain	tangled_rope	tangled_rope
family_law_authority__hybrid_accommodation_reading	powerless	0.38040979646889295	mountain	tangled_rope	tangled_rope
family_law_authority__hybrid_accommodation_reading	moderate	0.3872722461819154	rope	tangled_rope	tangled_rope
family_law_authority__hybrid_accommodation_reading	institutional	0.06772775381808446	rope	rope	rope
family_law_authority__hybrid_accommodation_reading	analytical	0.47947573845688846	mountain	tangled_rope	tangled_rope
fb_creator_monetization_indonesia	powerless	0.6303933770055941	mountain	tangled_rope	tangled_rope
fb_creator_monetization_indonesia	moderate	0.6417654365300313	rope	tangled_rope	tangled_rope
fb_creator_monetization_indonesia	institutional	0.06387156647306734	rope	naturalized	naturalized
fb_creator_monetization_indonesia	analytical	0.7945597951571295	mountain	snare	snare
federation_membership__integration_reading	powerless	0.5651802690394981	mountain	tangled_rope	rope
federation_membership__integration_reading	moderate	0.5753759086131316	rope	tangled_rope	rope
federation_membership__integration_reading	institutional	0.23391087870398386	rope	naturalized	rope
federation_membership__integration_reading	analytical	0.7123639542788058	mountain	tangled_rope	rope
federation_membership__sovereignty_reading	powerless	0.6303933770055941	mountain	tangled_rope	tangled_rope
federation_membership__sovereignty_reading	moderate	0.6417654365300313	rope	tangled_rope	tangled_rope
federation_membership__sovereignty_reading	institutional	-0.024506148226483216	rope	rope	rope
federation_membership__sovereignty_reading	analytical	0.7945597951571295	mountain	snare	snare
federation_membership_kernel__integration_reading	powerless	0.3016	mountain	naturalized	naturalized
federation_membership_kernel__integration_reading	moderate	0.6417654365300313	rope	tangled_rope	tangled_rope
federation_membership_kernel__integration_reading	institutional	0.010071504390614185	rope	naturalized	naturalized
federation_membership_kernel__integration_reading	analytical	0.7945597951571295	mountain	snare	snare
federation_membership_kernel__member_sovereignty_reading	powerless	0.3016	mountain	naturalized	naturalized
federation_membership_kernel__member_sovereignty_reading	moderate	0.6417654365300313	rope	tangled_rope	tangled_rope
federation_membership_kernel__member_sovereignty_reading	institutional	0.16900379041174604	rope	naturalized	naturalized
federation_membership_kernel__member_sovereignty_reading	analytical	0.7945597951571295	mountain	snare	snare
federation_membership_kernel__welfare_coordination_reading	powerless	0.5651802690394981	mountain	tangled_rope	tangled_rope
federation_membership_kernel__welfare_coordination_reading	moderate	0.5753759086131316	rope	tangled_rope	tangled_rope
federation_membership_kernel__welfare_coordination_reading	institutional	-0.021971029444433233	rope	rope	rope
federation_membership_kernel__welfare_coordination_reading	analytical	0.7123639542788058	mountain	tangled_rope	tangled_rope
federation_membership_obligations__integration_primary	powerless	0.24959999999999996	mountain	naturalized	naturalized
federation_membership_obligations__integration_primary	moderate	0.5311162233351983	rope	tangled_rope	tangled_rope
federation_membership_obligations__integration_primary	institutional	-0.020280950256399904	rope	rope	rope
federation_membership_obligations__integration_primary	analytical	0.6575667270265899	mountain	tangled_rope	tangled_rope
federation_membership_obligations__member_sovereignty_primary	powerless	0.5651802690394981	mountain	tangled_rope	rope
federation_membership_obligations__member_sovereignty_primary	moderate	0.5753759086131316	rope	tangled_rope	rope
federation_membership_obligations__member_sovereignty_primary	institutional	0.4038071848615065	rope	tangled_rope	rope
federation_membership_obligations__member_sovereignty_primary	analytical	0.7123639542788058	mountain	tangled_rope	rope
federation_membership_obligations__selective_solidarity	powerless	0.3016	mountain	naturalized	naturalized
federation_membership_obligations__selective_solidarity	moderate	0.6417654365300313	rope	tangled_rope	tangled_rope
federation_membership_obligations__selective_solidarity	institutional	-0.024506148226483216	rope	rope	rope
federation_membership_obligations__selective_solidarity	analytical	0.7945597951571295	mountain	snare	snare
federation_membership_treaty__integration_primary	powerless	0.2704	mountain	naturalized	naturalized
federation_membership_treaty__integration_primary	moderate	0.5753759086131316	rope	tangled_rope	tangled_rope
federation_membership_treaty__integration_primary	institutional	0.4038071848615065	rope	tangled_rope	tangled_rope
federation_membership_treaty__integration_primary	analytical	0.7123639542788058	mountain	snare	snare
federation_membership_treaty__sovereignty_primary	powerless	0.6303933770055941	mountain	tangled_rope	tangled_rope
federation_membership_treaty__sovereignty_primary	moderate	0.6417654365300313	rope	tangled_rope	tangled_rope
federation_membership_treaty__sovereignty_primary	institutional	0.09186683736905867	rope	naturalized	naturalized
federation_membership_treaty__sovereignty_primary	analytical	0.7945597951571295	mountain	snare	snare
federation_membership_treaty__subsidiarity_balance	powerless	0.4130163504519409	mountain	tangled_rope	tangled_rope
federation_membership_treaty__subsidiarity_balance	moderate	0.42046701014036536	rope	tangled_rope	tangled_rope
federation_membership_treaty__subsidiarity_balance	institutional	0.11072662130424742	rope	rope	rope
federation_membership_treaty__subsidiarity_balance	analytical	0.5205736588960505	mountain	tangled_rope	tangled_rope
feud_obligation_kernel__christianized_pacification_reading	powerless	0.6303933770055941	mountain	tangled_rope	tangled_rope
feud_obligation_kernel__christianized_pacification_reading	moderate	0.6417654365300313	rope	tangled_rope	tangled_rope
feud_obligation_kernel__christianized_pacification_reading	institutional	-0.024506148226483216	rope	rope	rope
feud_obligation_kernel__christianized_pacification_reading	analytical	0.7945597951571295	mountain	snare	snare
feud_obligation_kernel__extraction_cycle_reading	powerless	0.3016	mountain	naturalized	naturalized
feud_obligation_kernel__extraction_cycle_reading	moderate	0.6417654365300313	rope	tangled_rope	tangled_rope
feud_obligation_kernel__extraction_cycle_reading	institutional	-0.024506148226483216	rope	rope	rope
feud_obligation_kernel__extraction_cycle_reading	analytical	0.7945597951571295	mountain	snare	snare
feud_obligation_kernel__stateless_coordination_reading	powerless	0.38040979646889295	mountain	tangled_rope	tangled_rope
feud_obligation_kernel__stateless_coordination_reading	moderate	0.3872722461819154	rope	tangled_rope	tangled_rope
feud_obligation_kernel__stateless_coordination_reading	institutional	-0.014788192895291596	rope	rope	rope
feud_obligation_kernel__stateless_coordination_reading	analytical	0.47947573845688846	mountain	tangled_rope	tangled_rope
feudal_oath_reciprocity__ecclesiastical_mediation_reading	powerless	0.45649175576267154	mountain	tangled_rope	tangled_rope
feudal_oath_reciprocity__ecclesiastical_mediation_reading	moderate	0.46472669541829853	rope	tangled_rope	tangled_rope
feudal_oath_reciprocity__ecclesiastical_mediation_reading	institutional	-0.017745831474349917	rope	rope	rope
feudal_oath_reciprocity__ecclesiastical_mediation_reading	analytical	0.5753708861482661	mountain	tangled_rope	tangled_rope
feudal_oath_reciprocity__lord_extraction_reading	powerless	0.7390818902824207	mountain	snare	snare
feudal_oath_reciprocity__lord_extraction_reading	moderate	0.7524146497248644	rope	snare	snare
feudal_oath_reciprocity__lord_extraction_reading	institutional	-0.028731346196566535	rope	rope	rope
feudal_oath_reciprocity__lord_extraction_reading	analytical	0.9315528632876693	mountain	snare	snare
feudal_oath_reciprocity__vassal_coordination_reading	powerless	0.2005841224372473	mountain	scaffold	scaffold
feudal_oath_reciprocity__vassal_coordination_reading	moderate	0.18155054780325125	rope	scaffold	scaffold
feudal_oath_reciprocity__vassal_coordination_reading	institutional	-0.007605356346149964	rope	scaffold	scaffold
feudal_oath_reciprocity__vassal_coordination_reading	analytical	0.24658752263497122	mountain	scaffold	scaffold
fifth_republic_constitution__cohabitation_equilibrium_reading	powerless	0.5217048637287675	mountain	tangled_rope	rope
fifth_republic_constitution__cohabitation_equilibrium_reading	moderate	0.5311162233351983	rope	tangled_rope	rope
fifth_republic_constitution__cohabitation_equilibrium_reading	institutional	0.13986520585799672	rope	naturalized	rope
fifth_republic_constitution__cohabitation_equilibrium_reading	analytical	0.6575667270265899	mountain	tangled_rope	rope
fifth_republic_constitution__hyper_presidential_reading	powerless	0.35359999999999997	mountain	tangled_rope	tangled_rope
fifth_republic_constitution__hyper_presidential_reading	moderate	0.8383976379684168	rope	snare	snare
fifth_republic_constitution__hyper_presidential_reading	institutional	-0.039852362853025784	rope	rope	rope
fifth_republic_constitution__hyper_presidential_reading	analytical	0.9315528632876693	mountain	snare	snare
fifth_republic_constitution__parliamentary_constraint_reading	powerless	0.3120197460134958	mountain	scaffold	scaffold
fifth_republic_constitution__parliamentary_constraint_reading	moderate	0.28241196324950196	rope	scaffold	scaffold
fifth_republic_constitution__parliamentary_constraint_reading	institutional	-0.01183055431623328	rope	scaffold	scaffold
fifth_republic_constitution__parliamentary_constraint_reading	analytical	0.3835805907655109	mountain	scaffold	scaffold
filter_bubble_closure	powerless	0.3016	mountain	naturalized	naturalized
filter_bubble_closure	moderate	0.6417654365300313	rope	tangled_rope	tangled_rope
filter_bubble_closure	institutional	-0.024506148226483216	rope	rope	rope
filter_bubble_closure	analytical	0.7945597951571295	mountain	snare	snare
financialization_drag	powerless	0.3016	mountain	naturalized	naturalized
financialization_drag	moderate	0.6417654365300313	rope	tangled_rope	tangled_rope
financialization_drag	institutional	-0.024506148226483216	rope	rope	rope
financialization_drag	analytical	0.7945597951571295	mountain	snare	snare
finite_group_classification	powerless	0.022710016249570187	mountain	mountain	mountain
finite_group_classification	moderate	0.01999951478828251	rope	rope	rope
finite_group_classification	institutional	-0.0023875203119627297	rope	rope	rope
finite_group_classification	analytical	0.027600488830521342	mountain	mountain	mountain
first_amendment_speech_protection__absolutist_reading	powerless	0.2704	mountain	naturalized	naturalized
first_amendment_speech_protection__absolutist_reading	moderate	0.5753759086131316	rope	tangled_rope	tangled_rope
first_amendment_speech_protection__absolutist_reading	institutional	-0.021971029444433233	rope	rope	rope
first_amendment_speech_protection__absolutist_reading	analytical	0.7123639542788058	mountain	snare	snare
first_amendment_speech_protection__categorical_balancing_reading	powerless	0.3016	mountain	naturalized	naturalized
first_amendment_speech_protection__categorical_balancing_reading	moderate	0.6417654365300313	rope	tangled_rope	tangled_rope
first_amendment_speech_protection__categorical_balancing_reading	institutional	-0.04257460606629633	rope	rope	rope
first_amendment_speech_protection__categorical_balancing_reading	analytical	0.7945597951571295	mountain	snare	snare
first_amendment_speech_protection__harm_limited_reading	powerless	0.6303933770055941	mountain	tangled_rope	tangled_rope
first_amendment_speech_protection__harm_limited_reading	moderate	0.6417654365300313	rope	tangled_rope	tangled_rope
first_amendment_speech_protection__harm_limited_reading	institutional	0.3035996784237043	rope	naturalized	naturalized
first_amendment_speech_protection__harm_limited_reading	analytical	0.7945597951571295	mountain	tangled_rope	tangled_rope
fisa_702_statutory_text__constitutional_floor_reading	powerless	0.7390818902824207	mountain	snare	snare
fisa_702_statutory_text__constitutional_floor_reading	moderate	0.7524146497248644	rope	snare	snare
fisa_702_statutory_text__constitutional_floor_reading	institutional	-0.05457513908790348	rope	rope	rope
fisa_702_statutory_text__constitutional_floor_reading	analytical	0.9315528632876693	mountain	snare	snare
fisa_702_statutory_text__foreign_target_strict_reading	powerless	0.2005841224372473	mountain	scaffold	scaffold
fisa_702_statutory_text__foreign_target_strict_reading	moderate	0.18155054780325125	rope	scaffold	scaffold
fisa_702_statutory_text__foreign_target_strict_reading	institutional	-0.007605356346149964	rope	scaffold	scaffold
fisa_702_statutory_text__foreign_target_strict_reading	analytical	0.24658752263497122	mountain	scaffold	scaffold
fisa_702_statutory_text__incidental_collection_reading	powerless	0.5217048637287675	mountain	tangled_rope	tangled_rope
fisa_702_statutory_text__incidental_collection_reading	moderate	0.5311162233351983	rope	tangled_rope	tangled_rope
fisa_702_statutory_text__incidental_collection_reading	institutional	-0.04461374145749088	rope	rope	rope
fisa_702_statutory_text__incidental_collection_reading	analytical	0.6575667270265899	mountain	tangled_rope	tangled_rope
fiscal_federalism_absence	powerless	0.6372596848530371	mountain	tangled_rope	tangled_rope
fiscal_federalism_absence	moderate	0.6417654365300313	rope	tangled_rope	tangled_rope
fiscal_federalism_absence	institutional	-0.00843053430112561	rope	rope	rope
fiscal_federalism_absence	analytical	0.7945597951571295	mountain	snare	snare
foreign_pressure_catalyst	powerless	0.5651802690394981	mountain	tangled_rope	rope
foreign_pressure_catalyst	moderate	0.5753759086131316	rope	tangled_rope	rope
foreign_pressure_catalyst	institutional	0.5753759086131316	rope	tangled_rope	rope
foreign_pressure_catalyst	analytical	0.7855243903535626	mountain	tangled_rope	rope
fork_mechanical_substitution	powerless	0.4130163504519409	mountain	tangled_rope	tangled_rope
fork_mechanical_substitution	moderate	0.42046701014036536	rope	tangled_rope	tangled_rope
fork_mechanical_substitution	institutional	-0.01605575228631659	rope	rope	rope
fork_mechanical_substitution	analytical	0.5205736588960505	mountain	tangled_rope	tangled_rope
fourteenth_amendment_equal_protection__anti_caste_reading	powerless	0.6463266167422412	mountain	tangled_rope	tangled_rope
fourteenth_amendment_equal_protection__anti_caste_reading	moderate	0.6417654365300313	rope	tangled_rope	tangled_rope
fourteenth_amendment_equal_protection__anti_caste_reading	institutional	-0.033991721256992576	rope	rope	rope
fourteenth_amendment_equal_protection__anti_caste_reading	analytical	0.7945597951571295	mountain	snare	snare
fourteenth_amendment_equal_protection__formal_equality_reading	powerless	0.4130163504519409	mountain	tangled_rope	tangled_rope
fourteenth_amendment_equal_protection__formal_equality_reading	moderate	0.42046701014036536	rope	tangled_rope	tangled_rope
fourteenth_amendment_equal_protection__formal_equality_reading	institutional	0.2950898658603317	rope	rope	rope
fourteenth_amendment_equal_protection__formal_equality_reading	analytical	0.5205736588960505	mountain	tangled_rope	tangled_rope
fourteenth_amendment_equal_protection__judicial_interpretive_drift	powerless	0.6228049185811866	mountain	tangled_rope	tangled_rope
fourteenth_amendment_equal_protection__judicial_interpretive_drift	moderate	0.6417654365300313	rope	tangled_rope	tangled_rope
fourteenth_amendment_equal_protection__judicial_interpretive_drift	institutional	-0.00843053430112561	rope	rope	rope
fourteenth_amendment_equal_protection__judicial_interpretive_drift	analytical	0.7945597951571295	mountain	snare	snare
franchisee_corporate_squeeze	powerless	0.6303933770055941	mountain	tangled_rope	tangled_rope
franchisee_corporate_squeeze	moderate	0.6417654365300313	rope	tangled_rope	tangled_rope
franchisee_corporate_squeeze	institutional	-0.04257460606629633	rope	rope	rope
franchisee_corporate_squeeze	analytical	0.7945597951571295	mountain	snare	snare
french_presidential_authority	powerless	0.5651802690394981	mountain	tangled_rope	tangled_rope
french_presidential_authority	moderate	0.5753759086131316	rope	tangled_rope	tangled_rope
french_presidential_authority	institutional	-0.021971029444433233	rope	rope	rope
french_presidential_authority	analytical	0.7123639542788058	mountain	tangled_rope	tangled_rope
gaza_evacuation_route_accessibility	powerless	0.35359999999999997	mountain	tangled_rope	tangled_rope
gaza_evacuation_route_accessibility	moderate	0.7524146497248644	rope	snare	snare
gaza_evacuation_route_accessibility	institutional	-0.04991505538807157	rope	rope	rope
gaza_evacuation_route_accessibility	analytical	0.9315528632876693	mountain	snare	snare
gdpr_article_3_scope__effects_jurisdiction_reading	powerless	0.6738687823163247	mountain	snare	snare
gdpr_article_3_scope__effects_jurisdiction_reading	moderate	0.6860251218079645	rope	snare	snare
gdpr_article_3_scope__effects_jurisdiction_reading	institutional	-0.026196227414516545	rope	rope	rope
gdpr_article_3_scope__effects_jurisdiction_reading	analytical	0.8493570224093454	mountain	snare	snare
gdpr_article_3_scope__market_access_reading	powerless	0.4130163504519409	mountain	tangled_rope	tangled_rope
gdpr_article_3_scope__market_access_reading	moderate	0.42046701014036536	rope	tangled_rope	tangled_rope
gdpr_article_3_scope__market_access_reading	institutional	-0.027893707422745877	rope	rope	rope
gdpr_article_3_scope__market_access_reading	analytical	0.5205736588960505	mountain	tangled_rope	tangled_rope
gdpr_article_3_scope__territorial_sovereignty_reading	powerless	0.6303933770055941	mountain	tangled_rope	tangled_rope
gdpr_article_3_scope__territorial_sovereignty_reading	moderate	0.6417654365300313	rope	tangled_rope	tangled_rope
gdpr_article_3_scope__territorial_sovereignty_reading	institutional	-0.024506148226483216	rope	rope	rope
gdpr_article_3_scope__territorial_sovereignty_reading	analytical	0.7945597951571295	mountain	snare	snare
gdpr_enforcement_structure	powerless	0.5651802690394981	mountain	tangled_rope	tangled_rope
gdpr_enforcement_structure	moderate	0.5936366285656716	rope	tangled_rope	tangled_rope
gdpr_enforcement_structure	institutional	0.08236337143432847	rope	naturalized	naturalized
gdpr_enforcement_structure	analytical	0.7123639542788058	mountain	snare	snare
gelassenheit_separation__artifact_reading	powerless	0.7390818902824207	mountain	snare	snare
gelassenheit_separation__artifact_reading	moderate	0.7524146497248644	rope	snare	snare
gelassenheit_separation__artifact_reading	institutional	-0.028731346196566535	rope	rope	rope
gelassenheit_separation__artifact_reading	analytical	0.9315528632876693	mountain	snare	snare
gelassenheit_separation__consequence_reading	powerless	0.3043278371751144	mountain	unknown	unknown
gelassenheit_separation__consequence_reading	moderate	0.3098177969455324	rope	rope	rope
gelassenheit_separation__consequence_reading	institutional	-0.01183055431623328	rope	rope	rope
gelassenheit_separation__consequence_reading	analytical	0.3835805907655109	mountain	unknown	unknown
gelassenheit_separation__principle_reading	powerless	0.34780324248584504	mountain	unknown	unknown
gelassenheit_separation__principle_reading	moderate	0.3540774822234656	rope	tangled_rope	tangled_rope
gelassenheit_separation__principle_reading	institutional	-0.01875405310730625	rope	rope	rope
gelassenheit_separation__principle_reading	analytical	0.4383778180177267	mountain	tangled_rope	tangled_rope
gendered_category_membership__biological_sex_reading	powerless	0.35359999999999997	mountain	tangled_rope	tangled_rope
gendered_category_membership__biological_sex_reading	moderate	0.7524146497248644	rope	snare	snare
gendered_category_membership__biological_sex_reading	institutional	0.011807970664858013	rope	naturalized	naturalized
gendered_category_membership__biological_sex_reading	analytical	0.9315528632876693	mountain	snare	snare
gendered_category_membership__gender_identity_reading	powerless	0.5217048637287675	mountain	tangled_rope	tangled_rope
gendered_category_membership__gender_identity_reading	moderate	0.5311162233351983	rope	tangled_rope	tangled_rope
gendered_category_membership__gender_identity_reading	institutional	-0.020280950256399904	rope	rope	rope
gendered_category_membership__gender_identity_reading	analytical	0.6575667270265899	mountain	tangled_rope	tangled_rope
gendered_category_membership__social_role_reading	powerless	0.4130163504519409	mountain	tangled_rope	tangled_rope
gendered_category_membership__social_role_reading	moderate	0.2950898658603317	rope	rope	rope
gendered_category_membership__social_role_reading	institutional	-0.01605575228631659	rope	rope	rope
gendered_category_membership__social_role_reading	analytical	0.5205736588960505	mountain	tangled_rope	tangled_rope
genesis_creation_cosmology__institutional_enforcement	powerless	0.6303933770055941	mountain	tangled_rope	tangled_rope
genesis_creation_cosmology__institutional_enforcement	moderate	0.6417654365300313	rope	tangled_rope	tangled_rope
genesis_creation_cosmology__institutional_enforcement	institutional	-0.04257460606629633	rope	rope	rope
genesis_creation_cosmology__institutional_enforcement	analytical	0.7945597951571295	mountain	snare	snare
genesis_creation_cosmology__literary_framework	powerless	0.3457616242662882	mountain	unknown	unknown
genesis_creation_cosmology__literary_framework	moderate	0.24849672914554247	rope	rope	rope
genesis_creation_cosmology__literary_framework	institutional	-0.013520633504266605	rope	rope	rope
genesis_creation_cosmology__literary_framework	analytical	0.4383778180177267	mountain	tangled_rope	tangled_rope
genesis_creation_cosmology__theistic_evolution	powerless	0.4130163504519409	mountain	tangled_rope	tangled_rope
genesis_creation_cosmology__theistic_evolution	moderate	0.42046701014036536	rope	tangled_rope	tangled_rope
genesis_creation_cosmology__theistic_evolution	institutional	-0.01605575228631659	rope	rope	rope
genesis_creation_cosmology__theistic_evolution	analytical	0.5205736588960505	mountain	tangled_rope	tangled_rope
genesis_creation_cosmology__young_earth_literal	powerless	0.35359999999999997	mountain	tangled_rope	tangled_rope
genesis_creation_cosmology__young_earth_literal	moderate	0.7524146497248644	rope	snare	snare
genesis_creation_cosmology__young_earth_literal	institutional	-0.04991505538807157	rope	rope	rope
genesis_creation_cosmology__young_earth_literal	analytical	0.9315528632876693	mountain	snare	snare
genesis_creation_narrative__allegorical_ancient_near_east	powerless	0.30764260648077657	mountain	scaffold	scaffold
genesis_creation_narrative__allegorical_ancient_near_east	moderate	0.28241196324950196	rope	scaffold	scaffold
genesis_creation_narrative__allegorical_ancient_near_east	institutional	-0.01183055431623328	rope	scaffold	scaffold
genesis_creation_narrative__allegorical_ancient_near_east	analytical	0.3835805907655109	mountain	scaffold	scaffold
genesis_creation_narrative__literal_young_earth	powerless	0.3016	mountain	naturalized	naturalized
genesis_creation_narrative__literal_young_earth	moderate	0.6417654365300313	rope	tangled_rope	tangled_rope
genesis_creation_narrative__literal_young_earth	institutional	0.010071504390614185	rope	naturalized	naturalized
genesis_creation_narrative__literal_young_earth	analytical	0.7945597951571295	mountain	snare	snare
genesis_creation_narrative__theistic_evolutionary	powerless	0.4130163504519409	mountain	tangled_rope	tangled_rope
genesis_creation_narrative__theistic_evolutionary	moderate	0.3230651271009348	rope	rope	rope
genesis_creation_narrative__theistic_evolutionary	institutional	-0.01605575228631659	rope	rope	rope
genesis_creation_narrative__theistic_evolutionary	analytical	0.5205736588960505	mountain	tangled_rope	tangled_rope
geneva_conventions_1949__conditional_reciprocity_reading	powerless	0.24959999999999996	mountain	naturalized	rope
geneva_conventions_1949__conditional_reciprocity_reading	moderate	0.5311162233351983	rope	tangled_rope	rope
geneva_conventions_1949__conditional_reciprocity_reading	institutional	0.17115267407270746	rope	naturalized	rope
geneva_conventions_1949__conditional_reciprocity_reading	analytical	0.6575667270265899	mountain	tangled_rope	rope
geneva_conventions_1949__humanitarian_ceiling_reading	powerless	0.4224444395474223	mountain	tangled_rope	tangled_rope
geneva_conventions_1949__humanitarian_ceiling_reading	moderate	0.7524146497248644	rope	snare	snare
geneva_conventions_1949__humanitarian_ceiling_reading	institutional	-0.028731346196566535	rope	rope	rope
geneva_conventions_1949__humanitarian_ceiling_reading	analytical	0.9315528632876693	mountain	snare	snare
geneva_conventions_1949__security_maximization_reading	powerless	0.35359999999999997	mountain	tangled_rope	tangled_rope
geneva_conventions_1949__security_maximization_reading	moderate	0.7524146497248644	rope	snare	snare
geneva_conventions_1949__security_maximization_reading	institutional	-0.028731346196566535	rope	rope	rope
geneva_conventions_1949__security_maximization_reading	analytical	0.9315528632876693	mountain	snare	snare
geneva_conventions_protective_scope__hybrid_proportionality_reading	powerless	0.3016	mountain	naturalized	naturalized
geneva_conventions_protective_scope__hybrid_proportionality_reading	moderate	0.6417654365300313	rope	tangled_rope	tangled_rope
geneva_conventions_protective_scope__hybrid_proportionality_reading	institutional	-0.00843053430112561	rope	rope	rope
geneva_conventions_protective_scope__hybrid_proportionality_reading	analytical	0.7945597951571295	mountain	snare	snare
geneva_conventions_protective_scope__state_centric_reading	powerless	0.2704	mountain	naturalized	naturalized
geneva_conventions_protective_scope__state_centric_reading	moderate	0.5753759086131316	rope	tangled_rope	tangled_rope
geneva_conventions_protective_scope__state_centric_reading	institutional	-0.021971029444433233	rope	rope	rope
geneva_conventions_protective_scope__state_centric_reading	analytical	0.7123639542788058	mountain	snare	snare
geneva_conventions_protective_scope__universal_rights_reading	powerless	0.6738687823163247	mountain	tangled_rope	tangled_rope
geneva_conventions_protective_scope__universal_rights_reading	moderate	0.6860251218079645	rope	tangled_rope	tangled_rope
geneva_conventions_protective_scope__universal_rights_reading	institutional	0.37141788944014137	rope	tangled_rope	tangled_rope
geneva_conventions_protective_scope__universal_rights_reading	analytical	0.8493570224093454	mountain	tangled_rope	tangled_rope
geopolitical_alliance_fragmentation	powerless	0.5651802690394981	mountain	tangled_rope	tangled_rope
geopolitical_alliance_fragmentation	moderate	0.5753759086131316	rope	tangled_rope	tangled_rope
geopolitical_alliance_fragmentation	institutional	-0.021971029444433233	rope	rope	rope
geopolitical_alliance_fragmentation	analytical	0.7123639542788058	mountain	tangled_rope	tangled_rope
geopolitical_mineral_dependency	powerless	0.6303933770055941	mountain	tangled_rope	tangled_rope
geopolitical_mineral_dependency	moderate	0.6417654365300313	rope	tangled_rope	tangled_rope
geopolitical_mineral_dependency	institutional	-0.024506148226483216	rope	rope	rope
geopolitical_mineral_dependency	analytical	0.7945597951571295	mountain	snare	snare
gig_economy_emergence_as_exit_mechanism	powerless	0.6303933770055941	mountain	tangled_rope	tangled_rope
gig_economy_emergence_as_exit_mechanism	moderate	0.6417654365300313	rope	tangled_rope	tangled_rope
gig_economy_emergence_as_exit_mechanism	institutional	-0.024506148226483216	rope	rope	rope
gig_economy_emergence_as_exit_mechanism	analytical	0.7945597951571295	mountain	tangled_rope	tangled_rope
gita_kurukshetra_discourse__gandhian_allegorical_reading	powerless	0.2704	mountain	naturalized	naturalized
gita_kurukshetra_discourse__gandhian_allegorical_reading	moderate	0.5753759086131316	rope	tangled_rope	tangled_rope
gita_kurukshetra_discourse__gandhian_allegorical_reading	institutional	-0.021971029444433233	rope	rope	rope
gita_kurukshetra_discourse__gandhian_allegorical_reading	analytical	0.7123639542788058	mountain	snare	snare
gita_kurukshetra_discourse__orthodox_literal_reading	powerless	0.35359999999999997	mountain	tangled_rope	tangled_rope
gita_kurukshetra_discourse__orthodox_literal_reading	moderate	0.7524146497248644	rope	snare	snare
gita_kurukshetra_discourse__orthodox_literal_reading	institutional	-0.04991505538807157	rope	rope	rope
gita_kurukshetra_discourse__orthodox_literal_reading	analytical	0.9315528632876693	mountain	snare	snare
gita_kurukshetra_discourse__universalist_devotional_reading	powerless	0.5651802690394981	mountain	tangled_rope	tangled_rope
gita_kurukshetra_discourse__universalist_devotional_reading	moderate	0.5753759086131316	rope	tangled_rope	tangled_rope
gita_kurukshetra_discourse__universalist_devotional_reading	institutional	-0.021971029444433233	rope	rope	rope
gita_kurukshetra_discourse__universalist_devotional_reading	analytical	0.7123639542788058	mountain	tangled_rope	tangled_rope
global_oil_supply_stability	powerless	0.3016	mountain	naturalized	naturalized
global_oil_supply_stability	moderate	0.6417654365300313	rope	tangled_rope	tangled_rope
global_oil_supply_stability	institutional	-0.00843053430112561	rope	rope	rope
global_oil_supply_stability	analytical	0.7945597951571295	mountain	snare	snare
global_south_coalitional_power	powerless	0.286	mountain	naturalized	naturalized
global_south_coalitional_power	moderate	0.6085706725715815	rope	tangled_rope	tangled_rope
global_south_coalitional_power	institutional	0.16026221504562127	rope	naturalized	naturalized
global_south_coalitional_power	analytical	0.7534618747179678	mountain	snare	snare
gold_fiat_transition_mechanism__automatic_constraint_reading	powerless	0.6303933770055941	mountain	tangled_rope	tangled_rope
gold_fiat_transition_mechanism__automatic_constraint_reading	moderate	0.6417654365300313	rope	tangled_rope	tangled_rope
gold_fiat_transition_mechanism__automatic_constraint_reading	institutional	-0.04257460606629633	rope	rope	rope
gold_fiat_transition_mechanism__automatic_constraint_reading	analytical	0.7945597951571295	mountain	tangled_rope	tangled_rope
gold_fiat_transition_mechanism__composite_overdetermination_reading	powerless	0.4130163504519409	mountain	tangled_rope	tangled_rope
gold_fiat_transition_mechanism__composite_overdetermination_reading	moderate	0.42046701014036536	rope	tangled_rope	tangled_rope
gold_fiat_transition_mechanism__composite_overdetermination_reading	institutional	-0.01605575228631659	rope	rope	rope
gold_fiat_transition_mechanism__composite_overdetermination_reading	analytical	0.5205736588960505	mountain	tangled_rope	tangled_rope
gold_fiat_transition_mechanism__creditor_discipline_reading	powerless	0.7390818902824207	mountain	snare	snare
gold_fiat_transition_mechanism__creditor_discipline_reading	moderate	0.7524146497248644	rope	snare	snare
gold_fiat_transition_mechanism__creditor_discipline_reading	institutional	-0.028731346196566535	rope	rope	rope
gold_fiat_transition_mechanism__creditor_discipline_reading	analytical	0.9315528632876693	mountain	snare	snare
gold_fomo_cycle	powerless	0.6303933770055941	mountain	tangled_rope	tangled_rope
gold_fomo_cycle	moderate	0.6417654365300313	rope	tangled_rope	tangled_rope
gold_fomo_cycle	institutional	-0.024506148226483216	rope	rope	rope
gold_fomo_cycle	analytical	0.7945597951571295	mountain	snare	snare
goodharts_law_metric_targeting	powerless	0.6303933770055941	mountain	tangled_rope	tangled_rope
goodharts_law_metric_targeting	moderate	0.6417654365300313	rope	tangled_rope	tangled_rope
goodharts_law_metric_targeting	institutional	-0.024506148226483216	rope	rope	rope
goodharts_law_metric_targeting	analytical	0.7945597951571295	mountain	tangled_rope	tangled_rope
google_universal_commerce_protocol	powerless	0.5651802690394981	mountain	tangled_rope	tangled_rope
google_universal_commerce_protocol	moderate	0.5753759086131316	rope	tangled_rope	tangled_rope
google_universal_commerce_protocol	institutional	-0.038170336473231196	rope	rope	rope
google_universal_commerce_protocol	analytical	0.7123639542788058	mountain	tangled_rope	tangled_rope
gpl_copyleft_scope__enforcement_vacuum_reading	powerless	0.38040979646889295	mountain	tangled_rope	tangled_rope
gpl_copyleft_scope__enforcement_vacuum_reading	moderate	0.3872722461819154	rope	tangled_rope	tangled_rope
gpl_copyleft_scope__enforcement_vacuum_reading	institutional	-0.014788192895291596	rope	rope	rope
gpl_copyleft_scope__enforcement_vacuum_reading	analytical	0.47947573845688846	mountain	tangled_rope	tangled_rope
gpl_copyleft_scope__narrow_scope_reading	powerless	0.4175149659381967	mountain	tangled_rope	tangled_rope
gpl_copyleft_scope__narrow_scope_reading	moderate	0.42046701014036536	rope	tangled_rope	tangled_rope
gpl_copyleft_scope__narrow_scope_reading	institutional	-0.01605575228631659	rope	rope	rope
gpl_copyleft_scope__narrow_scope_reading	analytical	0.5205736588960505	mountain	tangled_rope	tangled_rope
gpl_copyleft_scope__strong_copyleft_reading	powerless	0.7390818902824207	mountain	snare	snare
gpl_copyleft_scope__strong_copyleft_reading	moderate	0.7524146497248644	rope	snare	snare
gpl_copyleft_scope__strong_copyleft_reading	institutional	-0.04991505538807157	rope	rope	rope
gpl_copyleft_scope__strong_copyleft_reading	analytical	0.9315528632876693	mountain	snare	snare
gpl_derivative_work_trigger__broad_copyleft_reading	powerless	0.2704	mountain	naturalized	naturalized
gpl_derivative_work_trigger__broad_copyleft_reading	moderate	0.5753759086131316	rope	tangled_rope	tangled_rope
gpl_derivative_work_trigger__broad_copyleft_reading	institutional	0.6411276055052599	rope	tangled_rope	tangled_rope
gpl_derivative_work_trigger__broad_copyleft_reading	analytical	0.7123639542788058	mountain	snare	snare
gpl_derivative_work_trigger__interface_boundary_reading	powerless	0.4130163504519409	mountain	scaffold	scaffold
gpl_derivative_work_trigger__interface_boundary_reading	moderate	0.42046701014036536	rope	scaffold	scaffold
gpl_derivative_work_trigger__interface_boundary_reading	institutional	-0.01605575228631659	rope	scaffold	scaffold
gpl_derivative_work_trigger__interface_boundary_reading	analytical	0.5205736588960505	mountain	tangled_rope	tangled_rope
gpl_derivative_work_trigger__narrow_linking_permissive_reading	powerless	0.5651802690394981	mountain	tangled_rope	tangled_rope
gpl_derivative_work_trigger__narrow_linking_permissive_reading	moderate	0.5753759086131316	rope	tangled_rope	tangled_rope
gpl_derivative_work_trigger__narrow_linking_permissive_reading	institutional	0.46676017470360315	rope	tangled_rope	tangled_rope
gpl_derivative_work_trigger__narrow_linking_permissive_reading	analytical	0.7123639542788058	mountain	snare	snare
gpl_reciprocity_obligation__copyleft_as_commons_reading	powerless	0.5217048637287675	mountain	tangled_rope	tangled_rope
gpl_reciprocity_obligation__copyleft_as_commons_reading	moderate	0.5311162233351983	rope	tangled_rope	tangled_rope
gpl_reciprocity_obligation__copyleft_as_commons_reading	institutional	-0.020280950256399904	rope	rope	rope
gpl_reciprocity_obligation__copyleft_as_commons_reading	analytical	0.6575667270265899	mountain	tangled_rope	tangled_rope
gpl_reciprocity_obligation__copyleft_as_freedom_reading	powerless	0.34780324248584504	mountain	unknown	unknown
gpl_reciprocity_obligation__copyleft_as_freedom_reading	moderate	0.3540774822234656	rope	tangled_rope	tangled_rope
gpl_reciprocity_obligation__copyleft_as_freedom_reading	institutional	-0.013520633504266605	rope	rope	rope
gpl_reciprocity_obligation__copyleft_as_freedom_reading	analytical	0.4383778180177267	mountain	tangled_rope	tangled_rope
gpl_reciprocity_obligation__copyleft_as_restriction_reading	powerless	0.6738687823163247	mountain	snare	snare
gpl_reciprocity_obligation__copyleft_as_restriction_reading	moderate	0.6860251218079645	rope	snare	snare
gpl_reciprocity_obligation__copyleft_as_restriction_reading	institutional	-0.026196227414516545	rope	rope	rope
gpl_reciprocity_obligation__copyleft_as_restriction_reading	analytical	0.8493570224093454	mountain	snare	snare
gpu_semiconductor_supply	powerless	0.3016	mountain	naturalized	naturalized
gpu_semiconductor_supply	moderate	0.6417654365300313	rope	tangled_rope	tangled_rope
gpu_semiconductor_supply	institutional	0.038896132321056376	rope	naturalized	naturalized
gpu_semiconductor_supply	analytical	0.7945597951571295	mountain	snare	snare
hagia_sophia_substrate__islamic_sovereignty_reading	powerless	0.5651802690394981	mountain	tangled_rope	tangled_rope
hagia_sophia_substrate__islamic_sovereignty_reading	moderate	0.5753759086131316	rope	tangled_rope	tangled_rope
hagia_sophia_substrate__islamic_sovereignty_reading	institutional	-0.021971029444433233	rope	rope	rope
hagia_sophia_substrate__islamic_sovereignty_reading	analytical	0.7123639542788058	mountain	tangled_rope	tangled_rope
hagia_sophia_substrate__orthodox_restitution_reading	powerless	0.3043278371751144	mountain	unknown	unknown
hagia_sophia_substrate__orthodox_restitution_reading	moderate	0.3098177969455324	rope	rope	rope
hagia_sophia_substrate__orthodox_restitution_reading	institutional	0.3331654506681744	rope	rope	rope
hagia_sophia_substrate__orthodox_restitution_reading	analytical	0.21839999999999998	mountain	rope	rope
hagia_sophia_substrate__universal_heritage_reading	powerless	0.5651802690394981	mountain	tangled_rope	tangled_rope
hagia_sophia_substrate__universal_heritage_reading	moderate	0.5753759086131316	rope	tangled_rope	tangled_rope
hagia_sophia_substrate__universal_heritage_reading	institutional	-0.021971029444433233	rope	rope	rope
hagia_sophia_substrate__universal_heritage_reading	analytical	0.7123639542788058	mountain	tangled_rope	tangled_rope
hebrew_continuity__bridge_pidginized	powerless	0.5651802690394981	mountain	tangled_rope	tangled_rope
hebrew_continuity__bridge_pidginized	moderate	0.5753759086131316	rope	tangled_rope	tangled_rope
hebrew_continuity__bridge_pidginized	institutional	-0.021971029444433233	rope	rope	rope
hebrew_continuity__bridge_pidginized	analytical	0.7123639542788058	mountain	tangled_rope	tangled_rope
hebrew_continuity__liturgical_preservation	powerless	0.4130163504519409	mountain	tangled_rope	tangled_rope
hebrew_continuity__liturgical_preservation	moderate	0.42046701014036536	rope	tangled_rope	tangled_rope
hebrew_continuity__liturgical_preservation	institutional	-0.01605575228631659	rope	rope	rope
hebrew_continuity__liturgical_preservation	analytical	0.5205736588960505	mountain	tangled_rope	tangled_rope
hebrew_continuity__native_generative	powerless	0.3016	mountain	naturalized	naturalized
hebrew_continuity__native_generative	moderate	0.6417654365300313	rope	tangled_rope	tangled_rope
hebrew_continuity__native_generative	institutional	-0.024506148226483216	rope	rope	rope
hebrew_continuity__native_generative	analytical	0.7945597951571295	mountain	snare	snare
hebrew_linguistic_life__liturgical_preservation_reading	powerless	0.4130163504519409	mountain	tangled_rope	tangled_rope
hebrew_linguistic_life__liturgical_preservation_reading	moderate	0.42046701014036536	rope	tangled_rope	tangled_rope
hebrew_linguistic_life__liturgical_preservation_reading	institutional	-0.01605575228631659	rope	rope	rope
hebrew_linguistic_life__liturgical_preservation_reading	analytical	0.5205736588960505	mountain	tangled_rope	tangled_rope
hebrew_linguistic_life__marketplace_pidgin_reading	powerless	0.4130163504519409	mountain	tangled_rope	tangled_rope
hebrew_linguistic_life__marketplace_pidgin_reading	moderate	0.42046701014036536	rope	tangled_rope	tangled_rope
hebrew_linguistic_life__marketplace_pidgin_reading	institutional	0.42046701014036536	rope	tangled_rope	tangled_rope
hebrew_linguistic_life__marketplace_pidgin_reading	analytical	0.5205736588960505	mountain	tangled_rope	tangled_rope
hebrew_linguistic_life__native_generational_reading	powerless	0.3016	mountain	naturalized	naturalized
hebrew_linguistic_life__native_generational_reading	moderate	0.6417654365300313	rope	tangled_rope	tangled_rope
hebrew_linguistic_life__native_generational_reading	institutional	-0.024506148226483216	rope	rope	rope
hebrew_linguistic_life__native_generational_reading	analytical	0.7945597951571295	mountain	snare	snare
hebrew_living_language__hybrid_continuity_reading	powerless	0.5217048637287675	mountain	tangled_rope	rope
hebrew_living_language__hybrid_continuity_reading	moderate	0.5311162233351983	rope	tangled_rope	rope
hebrew_living_language__hybrid_continuity_reading	institutional	0.00833503811637036	rope	naturalized	rope
hebrew_living_language__hybrid_continuity_reading	analytical	0.6575667270265899	mountain	tangled_rope	rope
hebrew_living_language__liturgical_preservation_reading	powerless	0.2005841224372473	mountain	scaffold	scaffold
hebrew_living_language__liturgical_preservation_reading	moderate	0.18155054780325125	rope	scaffold	scaffold
hebrew_living_language__liturgical_preservation_reading	institutional	-0.007605356346149964	rope	scaffold	scaffold
hebrew_living_language__liturgical_preservation_reading	analytical	0.24658752263497122	mountain	scaffold	scaffold
hebrew_living_language__native_vernacular_reading	powerless	0.24959999999999996	mountain	naturalized	naturalized
hebrew_living_language__native_vernacular_reading	moderate	0.5311162233351983	rope	tangled_rope	tangled_rope
hebrew_living_language__native_vernacular_reading	institutional	-0.020280950256399904	rope	rope	rope
hebrew_living_language__native_vernacular_reading	analytical	0.6575667270265899	mountain	tangled_rope	tangled_rope
herem_command_dt7__allegorical_displacement_reading	powerless	0.08914849886099879	mountain	scaffold	rope
herem_command_dt7__allegorical_displacement_reading	moderate	0.08068913235700055	rope	scaffold	rope
herem_command_dt7__allegorical_displacement_reading	institutional	-0.003380158376066651	rope	scaffold	rope
herem_command_dt7__allegorical_displacement_reading	analytical	0.10959445450443167	mountain	scaffold	rope
herem_command_dt7__contextual_supersession_reading	powerless	0.4130163504519409	mountain	tangled_rope	tangled_rope
herem_command_dt7__contextual_supersession_reading	moderate	0.42046701014036536	rope	tangled_rope	tangled_rope
herem_command_dt7__contextual_supersession_reading	institutional	-0.027893707422745877	rope	rope	rope
herem_command_dt7__contextual_supersession_reading	analytical	0.5205736588960505	mountain	tangled_rope	tangled_rope
herem_command_dt7__durable_separation_reading	powerless	0.35359999999999997	mountain	tangled_rope	tangled_rope
herem_command_dt7__durable_separation_reading	moderate	0.7524146497248644	rope	snare	snare
herem_command_dt7__durable_separation_reading	institutional	0.1981423749654954	rope	naturalized	naturalized
herem_command_dt7__durable_separation_reading	analytical	0.9315528632876693	mountain	snare	snare
hiring_discrimination_automation	powerless	0.35359999999999997	mountain	tangled_rope	tangled_rope
hiring_discrimination_automation	moderate	0.7524146497248644	rope	snare	snare
hiring_discrimination_automation	institutional	0.7762940527397244	rope	snare	snare
hiring_discrimination_automation	analytical	0.9315528632876693	mountain	snare	snare
historical_treaty_substrate__extinguishment_reading	powerless	0.7390818902824207	mountain	snare	snare
historical_treaty_substrate__extinguishment_reading	moderate	0.7524146497248644	rope	snare	snare
historical_treaty_substrate__extinguishment_reading	institutional	-0.028731346196566535	rope	rope	rope
historical_treaty_substrate__extinguishment_reading	analytical	0.9315528632876693	mountain	snare	snare
historical_treaty_substrate__nation_to_nation_reading	powerless	0.4130163504519409	mountain	tangled_rope	tangled_rope
historical_treaty_substrate__nation_to_nation_reading	moderate	0.42046701014036536	rope	tangled_rope	tangled_rope
historical_treaty_substrate__nation_to_nation_reading	institutional	0.11072662130424742	rope	rope	rope
historical_treaty_substrate__nation_to_nation_reading	analytical	0.5205736588960505	mountain	tangled_rope	tangled_rope
historical_treaty_substrate__stewardship_reading	powerless	0.4130163504519409	mountain	tangled_rope	tangled_rope
historical_treaty_substrate__stewardship_reading	moderate	0.42046701014036536	rope	tangled_rope	tangled_rope
historical_treaty_substrate__stewardship_reading	institutional	0.2950898658603317	rope	rope	rope
historical_treaty_substrate__stewardship_reading	analytical	0.5205736588960505	mountain	tangled_rope	tangled_rope
hoa_covenant_scope__behavioral_control_reading	powerless	0.24959999999999996	mountain	naturalized	naturalized
hoa_covenant_scope__behavioral_control_reading	moderate	0.5311162233351983	rope	tangled_rope	tangled_rope
hoa_covenant_scope__behavioral_control_reading	institutional	-0.020280950256399904	rope	rope	rope
hoa_covenant_scope__behavioral_control_reading	analytical	0.6575667270265899	mountain	tangled_rope	tangled_rope
hoa_covenant_scope__coordination_reading	powerless	0.1337227482914982	mountain	scaffold	rope
hoa_covenant_scope__coordination_reading	moderate	0.12103369853550082	rope	scaffold	rope
hoa_covenant_scope__coordination_reading	institutional	-0.005070237564099976	rope	scaffold	rope
hoa_covenant_scope__coordination_reading	analytical	0.16439168175664748	mountain	scaffold	rope
hoa_covenant_scope__extraction_reading	powerless	0.6738687823163247	mountain	snare	snare
hoa_covenant_scope__extraction_reading	moderate	0.6860251218079645	rope	snare	snare
hoa_covenant_scope__extraction_reading	institutional	-0.026196227414516545	rope	rope	rope
hoa_covenant_scope__extraction_reading	analytical	0.8493570224093454	mountain	snare	snare
homoousios_christology__arian_reading	powerless	0.6303933770055941	mountain	tangled_rope	tangled_rope
homoousios_christology__arian_reading	moderate	0.6417654365300313	rope	tangled_rope	tangled_rope
homoousios_christology__arian_reading	institutional	-0.024506148226483216	rope	rope	rope
homoousios_christology__arian_reading	analytical	0.7945597951571295	mountain	snare	snare
homoousios_christology__pro_nicene_reading	powerless	0.6303933770055941	mountain	tangled_rope	tangled_rope
homoousios_christology__pro_nicene_reading	moderate	0.6417654365300313	rope	tangled_rope	tangled_rope
homoousios_christology__pro_nicene_reading	institutional	-0.024506148226483216	rope	rope	rope
homoousios_christology__pro_nicene_reading	analytical	0.7945597951571295	mountain	snare	snare
homoousios_christology__semi_arian_reading	powerless	0.4130163504519409	mountain	tangled_rope	tangled_rope
homoousios_christology__semi_arian_reading	moderate	0.42046701014036536	rope	tangled_rope	tangled_rope
homoousios_christology__semi_arian_reading	institutional	-0.01605575228631659	rope	rope	rope
homoousios_christology__semi_arian_reading	analytical	0.5205736588960505	mountain	tangled_rope	tangled_rope
homoousios_nicene__honorific_similarity_reading	powerless	0.2704	mountain	naturalized	naturalized
homoousios_nicene__honorific_similarity_reading	moderate	0.5753759086131316	rope	tangled_rope	tangled_rope
homoousios_nicene__honorific_similarity_reading	institutional	-0.021971029444433233	rope	rope	rope
homoousios_nicene__honorific_similarity_reading	analytical	0.7123639542788058	mountain	snare	snare
homoousios_nicene__metaphysical_equality_reading	powerless	0.3016	mountain	naturalized	naturalized
homoousios_nicene__metaphysical_equality_reading	moderate	0.6417654365300313	rope	tangled_rope	tangled_rope
homoousios_nicene__metaphysical_equality_reading	institutional	0.010071504390614185	rope	naturalized	naturalized
homoousios_nicene__metaphysical_equality_reading	analytical	0.7945597951571295	mountain	snare	snare
homoousios_nicene__subordinationist_reading	powerless	0.4130163504519409	mountain	tangled_rope	tangled_rope
homoousios_nicene__subordinationist_reading	moderate	0.42046701014036536	rope	tangled_rope	tangled_rope
homoousios_nicene__subordinationist_reading	institutional	-0.01605575228631659	rope	rope	rope
homoousios_nicene__subordinationist_reading	analytical	0.5425837339453126	mountain	tangled_rope	tangled_rope
hong_kong_press_freedom_suppression	powerless	0.35359999999999997	mountain	tangled_rope	tangled_rope
hong_kong_press_freedom_suppression	moderate	0.7524146497248644	rope	snare	snare
hong_kong_press_freedom_suppression	institutional	-0.009884074697871406	rope	rope	rope
hong_kong_press_freedom_suppression	analytical	0.9315528632876693	mountain	snare	snare
honor_satisfaction_mechanism__composite_reading	powerless	0.3016	mountain	naturalized	naturalized
honor_satisfaction_mechanism__composite_reading	moderate	0.6417654365300313	rope	tangled_rope	tangled_rope
honor_satisfaction_mechanism__composite_reading	institutional	-0.024506148226483216	rope	rope	rope
honor_satisfaction_mechanism__composite_reading	analytical	0.7945597951571295	mountain	snare	snare
honor_satisfaction_mechanism__contraction_reading	powerless	0.09084006499828075	mountain	mountain	mountain
honor_satisfaction_mechanism__contraction_reading	moderate	0.07999805915313005	rope	rope	rope
honor_satisfaction_mechanism__contraction_reading	institutional	-0.009550081247850919	rope	rope	rope
honor_satisfaction_mechanism__contraction_reading	analytical	0.11040195532208537	mountain	mountain	mountain
honor_satisfaction_mechanism__decline_reading	powerless	0.4130163504519409	mountain	tangled_rope	tangled_rope
honor_satisfaction_mechanism__decline_reading	moderate	0.42046701014036536	rope	tangled_rope	tangled_rope
honor_satisfaction_mechanism__decline_reading	institutional	-0.005523453507634021	rope	rope	rope
honor_satisfaction_mechanism__decline_reading	analytical	0.5205736588960505	mountain	tangled_rope	tangled_rope
honor_satisfaction_substrate__composite_overdetermined_reading	powerless	0.5977868230225462	mountain	tangled_rope	tangled_rope
honor_satisfaction_substrate__composite_overdetermined_reading	moderate	0.6085706725715815	rope	tangled_rope	tangled_rope
honor_satisfaction_substrate__composite_overdetermined_reading	institutional	-0.023238588835458228	rope	rope	rope
honor_satisfaction_substrate__composite_overdetermined_reading	analytical	0.7534618747179678	mountain	snare	snare
honor_satisfaction_substrate__practice_decline_reading	powerless	0.40804460182905333	mountain	tangled_rope	tangled_rope
honor_satisfaction_substrate__practice_decline_reading	moderate	0.42046701014036536	rope	tangled_rope	tangled_rope
honor_satisfaction_substrate__practice_decline_reading	institutional	0.015635787925715117	rope	rope	rope
honor_satisfaction_substrate__practice_decline_reading	analytical	0.5205736588960505	mountain	tangled_rope	tangled_rope
honor_settlement_legitimacy__composite_reading	powerless	0.4130163504519409	mountain	tangled_rope	tangled_rope
honor_settlement_legitimacy__composite_reading	moderate	0.42046701014036536	rope	tangled_rope	tangled_rope
honor_settlement_legitimacy__composite_reading	institutional	0.19891013413966832	rope	rope	rope
honor_settlement_legitimacy__composite_reading	analytical	0.5205736588960505	mountain	tangled_rope	tangled_rope
honor_settlement_legitimacy__contraction_reading	powerless	0.16715343536437274	mountain	scaffold	scaffold
honor_settlement_legitimacy__contraction_reading	moderate	0.15129212316937604	rope	scaffold	scaffold
honor_settlement_legitimacy__contraction_reading	institutional	-0.00633779695512497	rope	scaffold	scaffold
honor_settlement_legitimacy__contraction_reading	analytical	0.20548960219580936	mountain	scaffold	scaffold
honor_settlement_legitimacy__drop_reading	powerless	0.4105919288162172	mountain	tangled_rope	tangled_rope
honor_settlement_legitimacy__drop_reading	moderate	0.42046701014036536	rope	tangled_rope	tangled_rope
honor_settlement_legitimacy__drop_reading	institutional	-0.01605575228631659	rope	rope	rope
honor_settlement_legitimacy__drop_reading	analytical	0.5205736588960505	mountain	tangled_rope	tangled_rope
honor_violence_legitimacy__composite_reading	powerless	0.7390818902824207	mountain	snare	snare
honor_violence_legitimacy__composite_reading	moderate	0.7524146497248644	rope	snare	snare
honor_violence_legitimacy__composite_reading	institutional	0.011807970664858013	rope	naturalized	naturalized
honor_violence_legitimacy__composite_reading	analytical	0.9315528632876693	mountain	snare	snare
honor_violence_legitimacy__contraction_reading	powerless	0.4130163504519409	mountain	tangled_rope	tangled_rope
honor_violence_legitimacy__contraction_reading	moderate	0.42046701014036536	rope	tangled_rope	tangled_rope
honor_violence_legitimacy__contraction_reading	institutional	-0.01605575228631659	rope	rope	rope
honor_violence_legitimacy__contraction_reading	analytical	0.5205736588960505	mountain	tangled_rope	tangled_rope
honor_violence_legitimacy__drop_reading	powerless	0.4130163504519409	mountain	tangled_rope	tangled_rope
honor_violence_legitimacy__drop_reading	moderate	0.42046701014036536	rope	tangled_rope	tangled_rope
honor_violence_legitimacy__drop_reading	institutional	-0.01605575228631659	rope	rope	rope
honor_violence_legitimacy__drop_reading	analytical	0.5205736588960505	mountain	tangled_rope	tangled_rope
household_debt_accumulation_cycle	powerless	0.6303933770055941	mountain	tangled_rope	tangled_rope
household_debt_accumulation_cycle	moderate	0.6417654365300313	rope	tangled_rope	tangled_rope
household_debt_accumulation_cycle	institutional	-0.024506148226483216	rope	rope	rope
household_debt_accumulation_cycle	analytical	0.7945597951571295	mountain	snare	snare
humane_treatment_standard__absolute_prohibition	powerless	0.08914849886099879	mountain	mountain	mountain
humane_treatment_standard__absolute_prohibition	moderate	0.08068913235700055	rope	scaffold	scaffold
humane_treatment_standard__absolute_prohibition	institutional	-0.003380158376066651	rope	scaffold	scaffold
humane_treatment_standard__absolute_prohibition	analytical	0.10959445450443167	mountain	mountain	mountain
humane_treatment_standard__contextual_necessity	powerless	0.6303933770055941	mountain	tangled_rope	tangled_rope
humane_treatment_standard__contextual_necessity	moderate	0.6417654365300313	rope	tangled_rope	tangled_rope
humane_treatment_standard__contextual_necessity	institutional	-0.024506148226483216	rope	rope	rope
humane_treatment_standard__contextual_necessity	analytical	0.7945597951571295	mountain	snare	snare
humane_treatment_standard__proportionality_balancing	powerless	0.5651802690394981	mountain	tangled_rope	rope
humane_treatment_standard__proportionality_balancing	moderate	0.5753759086131316	rope	tangled_rope	rope
humane_treatment_standard__proportionality_balancing	institutional	0.009029624626067892	rope	naturalized	rope
humane_treatment_standard__proportionality_balancing	analytical	0.7123639542788058	mountain	tangled_rope	rope
ietf_openness_commitment__capture_substrate_reading	powerless	0.5651802690394981	mountain	tangled_rope	tangled_rope
ietf_openness_commitment__capture_substrate_reading	moderate	0.5753759086131316	rope	tangled_rope	tangled_rope
ietf_openness_commitment__capture_substrate_reading	institutional	-0.021971029444433233	rope	rope	rope
ietf_openness_commitment__capture_substrate_reading	analytical	0.7123639542788058	mountain	tangled_rope	tangled_rope
ietf_openness_commitment__commons_stewardship_reading	powerless	0.09084006499828075	mountain	unknown	unknown
ietf_openness_commitment__commons_stewardship_reading	moderate	0.07999805915313005	rope	rope	rope
ietf_openness_commitment__commons_stewardship_reading	institutional	-0.009550081247850919	rope	rope	rope
ietf_openness_commitment__commons_stewardship_reading	analytical	0.11040195532208537	mountain	rope	rope
ietf_openness_commitment__legitimacy_erosion_reading	powerless	0.6303933770055941	mountain	tangled_rope	tangled_rope
ietf_openness_commitment__legitimacy_erosion_reading	moderate	0.6417654365300313	rope	tangled_rope	tangled_rope
ietf_openness_commitment__legitimacy_erosion_reading	institutional	0.09186683736905867	rope	naturalized	naturalized
ietf_openness_commitment__legitimacy_erosion_reading	analytical	0.7945597951571295	mountain	tangled_rope	tangled_rope
ihl_distinction_proportionality__categorical_prohibition_reading	powerless	0.35359999999999997	mountain	tangled_rope	tangled_rope
ihl_distinction_proportionality__categorical_prohibition_reading	moderate	0.7524146497248644	rope	snare	snare
ihl_distinction_proportionality__categorical_prohibition_reading	institutional	0.6858576250345048	rope	snare	snare
ihl_distinction_proportionality__categorical_prohibition_reading	analytical	0.9315528632876693	mountain	snare	snare
ihl_distinction_proportionality__human_agency_reading	powerless	0.35359999999999997	mountain	tangled_rope	tangled_rope
ihl_distinction_proportionality__human_agency_reading	moderate	0.7524146497248644	rope	snare	snare
ihl_distinction_proportionality__human_agency_reading	institutional	-0.009884074697871406	rope	rope	rope
ihl_distinction_proportionality__human_agency_reading	analytical	0.9315528632876693	mountain	snare	snare
ihl_distinction_proportionality__outcomes_based_reading	powerless	0.5651802690394981	mountain	tangled_rope	tangled_rope
ihl_distinction_proportionality__outcomes_based_reading	moderate	0.5753759086131316	rope	tangled_rope	tangled_rope
ihl_distinction_proportionality__outcomes_based_reading	institutional	-0.021971029444433233	rope	rope	rope
ihl_distinction_proportionality__outcomes_based_reading	analytical	0.7123639542788058	mountain	tangled_rope	tangled_rope
imperial_mandate__bakufu_delegation_reading	powerless	0.5217048637287675	mountain	tangled_rope	tangled_rope
imperial_mandate__bakufu_delegation_reading	moderate	0.5311162233351983	rope	tangled_rope	tangled_rope
imperial_mandate__bakufu_delegation_reading	institutional	0.3727450937183137	rope	tangled_rope	tangled_rope
imperial_mandate__bakufu_delegation_reading	analytical	0.6575667270265899	mountain	tangled_rope	tangled_rope
imperial_mandate__loyalist_restoration_reading	powerless	0.3016	mountain	naturalized	naturalized
imperial_mandate__loyalist_restoration_reading	moderate	0.6417654365300313	rope	tangled_rope	tangled_rope
imperial_mandate__loyalist_restoration_reading	institutional	-0.024506148226483216	rope	rope	rope
imperial_mandate__loyalist_restoration_reading	analytical	0.7945597951571295	mountain	snare	snare
imperial_religious_property_seizure	powerless	0.40559999999999996	mountain	tangled_rope	tangled_rope
imperial_religious_property_seizure	moderate	0.8630638629196973	rope	snare	snare
imperial_religious_property_seizure	institutional	-0.03295654416664985	rope	rope	rope
imperial_religious_property_seizure	analytical	1.0685459314182089	mountain	snare	snare
income_support_commitment__care_economy_reading	powerless	0.4130163504519409	mountain	tangled_rope	tangled_rope
income_support_commitment__care_economy_reading	moderate	0.42046701014036536	rope	tangled_rope	tangled_rope
income_support_commitment__care_economy_reading	institutional	-0.01605575228631659	rope	rope	rope
income_support_commitment__care_economy_reading	analytical	0.5205736588960505	mountain	tangled_rope	tangled_rope
income_support_commitment__dependency_trap_reading	powerless	0.6303933770055941	mountain	tangled_rope	tangled_rope
income_support_commitment__dependency_trap_reading	moderate	0.6417654365300313	rope	tangled_rope	tangled_rope
income_support_commitment__dependency_trap_reading	institutional	-0.024506148226483216	rope	rope	rope
income_support_commitment__dependency_trap_reading	analytical	0.7945597951571295	mountain	snare	snare
income_support_commitment__freedom_floor_reading	powerless	0.4130163504519409	mountain	tangled_rope	tangled_rope
income_support_commitment__freedom_floor_reading	moderate	0.42046701014036536	rope	tangled_rope	tangled_rope
income_support_commitment__freedom_floor_reading	institutional	0.19891013413966832	rope	rope	rope
income_support_commitment__freedom_floor_reading	analytical	0.5205736588960505	mountain	tangled_rope	tangled_rope
income_support_conditionality__dependency_trap_reading	powerless	0.6303933770055941	mountain	tangled_rope	tangled_rope
income_support_conditionality__dependency_trap_reading	moderate	0.6417654365300313	rope	tangled_rope	tangled_rope
income_support_conditionality__dependency_trap_reading	institutional	-0.024506148226483216	rope	rope	rope
income_support_conditionality__dependency_trap_reading	analytical	0.7945597951571295	mountain	snare	snare
income_support_conditionality__freedom_floor_reading	powerless	0.2005841224372473	mountain	scaffold	rope
income_support_conditionality__freedom_floor_reading	moderate	0.18155054780325125	rope	scaffold	rope
income_support_conditionality__freedom_floor_reading	institutional	-0.007605356346149964	rope	scaffold	rope
income_support_conditionality__freedom_floor_reading	analytical	0.24658752263497122	mountain	scaffold	rope
income_support_conditionality__wage_subsidy_reading	powerless	0.5651802690394981	mountain	tangled_rope	tangled_rope
income_support_conditionality__wage_subsidy_reading	moderate	0.5753759086131316	rope	tangled_rope	tangled_rope
income_support_conditionality__wage_subsidy_reading	institutional	-0.021971029444433233	rope	rope	rope
income_support_conditionality__wage_subsidy_reading	analytical	0.7123639542788058	mountain	tangled_rope	tangled_rope
incumbent_competitive_moat	powerless	0.6303933770055941	mountain	tangled_rope	tangled_rope
incumbent_competitive_moat	moderate	0.620043067570935	rope	tangled_rope	tangled_rope
incumbent_competitive_moat	institutional	-0.024506148226483216	rope	rope	rope
incumbent_competitive_moat	analytical	0.7945597951571295	mountain	snare	snare
information_asymmetry_edtech	powerless	0.3016	mountain	naturalized	naturalized
information_asymmetry_edtech	moderate	0.6417654365300313	rope	tangled_rope	tangled_rope
information_asymmetry_edtech	institutional	-0.024506148226483216	rope	rope	rope
information_asymmetry_edtech	analytical	0.7945597951571295	mountain	snare	snare
information_asymmetry_exploitation	powerless	0.6303933770055941	mountain	tangled_rope	tangled_rope
information_asymmetry_exploitation	moderate	0.6417654365300313	rope	tangled_rope	tangled_rope
information_asymmetry_exploitation	institutional	-0.024506148226483216	rope	rope	rope
information_asymmetry_exploitation	analytical	0.7945597951571295	mountain	snare	snare
innovators_dilemma	powerless	0.5651802690394981	mountain	tangled_rope	tangled_rope
innovators_dilemma	moderate	0.5753759086131316	rope	tangled_rope	tangled_rope
innovators_dilemma	institutional	-0.007558410063078134	rope	rope	rope
innovators_dilemma	analytical	0.7123639542788058	mountain	tangled_rope	tangled_rope
institutional_legitimacy_without_consent	powerless	0.3016	mountain	naturalized	naturalized
institutional_legitimacy_without_consent	moderate	0.6417654365300313	rope	tangled_rope	tangled_rope
institutional_legitimacy_without_consent	institutional	-0.00843053430112561	rope	rope	rope
institutional_legitimacy_without_consent	analytical	0.7945597951571295	mountain	snare	snare
insulin_pricing_cliff	powerless	0.35359999999999997	mountain	tangled_rope	tangled_rope
insulin_pricing_cliff	moderate	0.7524146497248644	rope	snare	snare
insulin_pricing_cliff	institutional	-0.028731346196566535	rope	rope	rope
insulin_pricing_cliff	analytical	0.9315528632876693	mountain	snare	snare
international_law_instrumentalization	powerless	0.35359999999999997	mountain	tangled_rope	tangled_rope
international_law_instrumentalization	moderate	0.7524146497248644	rope	snare	snare
international_law_instrumentalization	institutional	0.011807970664858013	rope	piton	piton
international_law_instrumentalization	analytical	0.9315528632876693	mountain	snare	snare
interpretive_authority_concentration	powerless	0.6303933770055941	mountain	tangled_rope	tangled_rope
interpretive_authority_concentration	moderate	0.5471905188288118	rope	tangled_rope	tangled_rope
interpretive_authority_concentration	institutional	0.010071504390614185	rope	naturalized	naturalized
interpretive_authority_concentration	analytical	0.7945597951571295	mountain	snare	snare
ip_category_emergence__first_holding_reading	powerless	0.5651802690394981	mountain	tangled_rope	tangled_rope
ip_category_emergence__first_holding_reading	moderate	0.5753759086131316	rope	tangled_rope	tangled_rope
ip_category_emergence__first_holding_reading	institutional	-0.021971029444433233	rope	rope	rope
ip_category_emergence__first_holding_reading	analytical	0.7123639542788058	mountain	tangled_rope	tangled_rope
ip_category_emergence__synchronic_diachronic_seam	powerless	0.6303933770055941	mountain	tangled_rope	tangled_rope
ip_category_emergence__synchronic_diachronic_seam	moderate	0.6417654365300313	rope	tangled_rope	tangled_rope
ip_category_emergence__synchronic_diachronic_seam	institutional	0.010071504390614185	rope	naturalized	naturalized
ip_category_emergence__synchronic_diachronic_seam	analytical	0.7945597951571295	mountain	tangled_rope	tangled_rope
ip_category_emergence__thinkability_reading	powerless	0.4130163504519409	mountain	tangled_rope	tangled_rope
ip_category_emergence__thinkability_reading	moderate	0.42046701014036536	rope	tangled_rope	tangled_rope
ip_category_emergence__thinkability_reading	institutional	-0.01605575228631659	rope	rope	rope
ip_category_emergence__thinkability_reading	analytical	0.5205736588960505	mountain	tangled_rope	tangled_rope
irc_469_material_participation_kernel__statutory_ambiguity_substrate	powerless	0.3016	mountain	naturalized	naturalized
irc_469_material_participation_kernel__statutory_ambiguity_substrate	moderate	0.6417654365300313	rope	tangled_rope	tangled_rope
irc_469_material_participation_kernel__statutory_ambiguity_substrate	institutional	-0.024506148226483216	rope	rope	rope
irc_469_material_participation_kernel__statutory_ambiguity_substrate	analytical	0.7945597951571295	mountain	snare	snare
irc_469_material_participation_kernel__strategic_shelter_reading	powerless	0.6303933770055941	mountain	tangled_rope	tangled_rope
irc_469_material_participation_kernel__strategic_shelter_reading	moderate	0.6417654365300313	rope	tangled_rope	tangled_rope
irc_469_material_participation_kernel__strategic_shelter_reading	institutional	-0.024506148226483216	rope	rope	rope
irc_469_material_participation_kernel__strategic_shelter_reading	analytical	0.7945597951571295	mountain	tangled_rope	tangled_rope
irc_469_material_participation_kernel__strict_gatekeeper_reading	powerless	0.3016	mountain	naturalized	naturalized
irc_469_material_participation_kernel__strict_gatekeeper_reading	moderate	0.6417654365300313	rope	tangled_rope	tangled_rope
irc_469_material_participation_kernel__strict_gatekeeper_reading	institutional	-0.024506148226483216	rope	rope	rope
irc_469_material_participation_kernel__strict_gatekeeper_reading	analytical	0.7945597951571295	mountain	snare	snare
irish_language_suppression	powerless	0.8477704035592473	mountain	snare	snare
irish_language_suppression	moderate	0.8630638629196973	rope	snare	snare
irish_language_suppression	institutional	0.7867190404807554	rope	snare	snare
irish_language_suppression	analytical	1.0685459314182089	mountain	snare	snare
irony_absorption_mechanism	powerless	0.6303933770055941	mountain	tangled_rope	tangled_rope
irony_absorption_mechanism	moderate	0.6417654365300313	rope	tangled_rope	tangled_rope
irony_absorption_mechanism	institutional	-0.024506148226483216	rope	rope	rope
irony_absorption_mechanism	analytical	0.7945597951571295	mountain	tangled_rope	tangled_rope
jati_practice_norm__colonial_census_reading	powerless	0.2704	mountain	naturalized	naturalized
jati_practice_norm__colonial_census_reading	moderate	0.5753759086131316	rope	tangled_rope	tangled_rope
jati_practice_norm__colonial_census_reading	institutional	0.08236337143432847	rope	naturalized	naturalized
jati_practice_norm__colonial_census_reading	analytical	0.7123639542788058	mountain	snare	snare
jati_practice_norm__localized_practice_reading	powerless	0.2451583718677467	mountain	scaffold	scaffold
jati_practice_norm__localized_practice_reading	moderate	0.22189511398175152	rope	scaffold	scaffold
jati_practice_norm__localized_practice_reading	institutional	-0.00929543553418329	rope	scaffold	scaffold
jati_practice_norm__localized_practice_reading	analytical	0.30138474988718705	mountain	scaffold	scaffold
jati_practice_norm__orthodox_textual_reading	powerless	0.7390818902824207	mountain	snare	snare
jati_practice_norm__orthodox_textual_reading	moderate	0.7524146497248644	rope	snare	snare
jati_practice_norm__orthodox_textual_reading	institutional	-0.06320280039811209	rope	rope	rope
jati_practice_norm__orthodox_textual_reading	analytical	0.9315528632876693	mountain	snare	snare
jcpoa_treaty_bindingness__binding_multilateral_reading	powerless	0.5217048637287675	mountain	tangled_rope	tangled_rope
jcpoa_treaty_bindingness__binding_multilateral_reading	moderate	0.5311162233351983	rope	tangled_rope	tangled_rope
jcpoa_treaty_bindingness__binding_multilateral_reading	institutional	0.11086090959646763	rope	naturalized	naturalized
jcpoa_treaty_bindingness__binding_multilateral_reading	analytical	0.6575667270265899	mountain	tangled_rope	tangled_rope
jcpoa_treaty_bindingness__graduated_compliance_reading	powerless	0.5864115163392895	mountain	tangled_rope	rope
jcpoa_treaty_bindingness__graduated_compliance_reading	moderate	0.5753759086131316	rope	tangled_rope	rope
jcpoa_treaty_bindingness__graduated_compliance_reading	institutional	0.08236337143432847	rope	naturalized	rope
jcpoa_treaty_bindingness__graduated_compliance_reading	analytical	0.7123639542788058	mountain	tangled_rope	rope
jcpoa_treaty_bindingness__transactional_provisional_reading	powerless	0.3016	mountain	naturalized	naturalized
jcpoa_treaty_bindingness__transactional_provisional_reading	moderate	0.6417654365300313	rope	tangled_rope	tangled_rope
jcpoa_treaty_bindingness__transactional_provisional_reading	institutional	0.6901284335269325	rope	snare	snare
jcpoa_treaty_bindingness__transactional_provisional_reading	analytical	0.7945597951571295	mountain	snare	snare
jevons_paradox	powerless	0.4130163504519409	mountain	tangled_rope	tangled_rope
jevons_paradox	moderate	0.42046701014036536	rope	tangled_rope	tangled_rope
jevons_paradox	institutional	-0.027893707422745877	rope	rope	rope
jevons_paradox	analytical	0.5205736588960505	mountain	tangled_rope	tangled_rope
jihad_quranic_corpus__defensive_spiritual_reading	powerless	0.4130163504519409	mountain	tangled_rope	tangled_rope
jihad_quranic_corpus__defensive_spiritual_reading	moderate	0.42046701014036536	rope	tangled_rope	tangled_rope
jihad_quranic_corpus__defensive_spiritual_reading	institutional	-0.01605575228631659	rope	rope	rope
jihad_quranic_corpus__defensive_spiritual_reading	analytical	0.5205736588960505	mountain	tangled_rope	tangled_rope
jihad_quranic_corpus__expansionist_legalist_reading	powerless	0.35359999999999997	mountain	tangled_rope	tangled_rope
jihad_quranic_corpus__expansionist_legalist_reading	moderate	0.7524146497248644	rope	snare	snare
jihad_quranic_corpus__expansionist_legalist_reading	institutional	0.011807970664858013	rope	naturalized	naturalized
jihad_quranic_corpus__expansionist_legalist_reading	analytical	0.9315528632876693	mountain	snare	snare
jihad_quranic_corpus__revolutionary_vanguard_reading	powerless	0.35359999999999997	mountain	tangled_rope	tangled_rope
jihad_quranic_corpus__revolutionary_vanguard_reading	moderate	0.7524146497248644	rope	snare	snare
jihad_quranic_corpus__revolutionary_vanguard_reading	institutional	-0.028731346196566535	rope	rope	rope
jihad_quranic_corpus__revolutionary_vanguard_reading	analytical	0.9315528632876693	mountain	snare	snare
john_1_1_logos__non_incarnational_monotheist	powerless	0.3016	mountain	naturalized	naturalized
john_1_1_logos__non_incarnational_monotheist	moderate	0.6417654365300313	rope	tangled_rope	tangled_rope
john_1_1_logos__non_incarnational_monotheist	institutional	0.16900379041174604	rope	naturalized	naturalized
john_1_1_logos__non_incarnational_monotheist	analytical	0.7945597951571295	mountain	snare	snare
john_1_1_logos__orthodox_christological	powerless	0.35359999999999997	mountain	tangled_rope	tangled_rope
john_1_1_logos__orthodox_christological	moderate	0.7524146497248644	rope	snare	snare
john_1_1_logos__orthodox_christological	institutional	-0.04991505538807157	rope	rope	rope
john_1_1_logos__orthodox_christological	analytical	0.9315528632876693	mountain	snare	snare
john_1_1_logos__subordinationist	powerless	0.6303933770055941	mountain	tangled_rope	tangled_rope
john_1_1_logos__subordinationist	moderate	0.6417654365300313	rope	tangled_rope	tangled_rope
john_1_1_logos__subordinationist	institutional	-0.04257460606629633	rope	rope	rope
john_1_1_logos__subordinationist	analytical	0.7945597951571295	mountain	snare	snare
july_charter_sovereign_legitimacy__guided_nationalism_reading	powerless	0.3016	mountain	naturalized	naturalized
july_charter_sovereign_legitimacy__guided_nationalism_reading	moderate	0.6417654365300313	rope	tangled_rope	tangled_rope
july_charter_sovereign_legitimacy__guided_nationalism_reading	institutional	0.038896132321056376	rope	naturalized	naturalized
july_charter_sovereign_legitimacy__guided_nationalism_reading	analytical	0.7945597951571295	mountain	snare	snare
july_charter_sovereign_legitimacy__military_custodian_reading	powerless	0.3016	mountain	naturalized	naturalized
july_charter_sovereign_legitimacy__military_custodian_reading	moderate	0.6417654365300313	rope	tangled_rope	tangled_rope
july_charter_sovereign_legitimacy__military_custodian_reading	institutional	-0.024506148226483216	rope	rope	rope
july_charter_sovereign_legitimacy__military_custodian_reading	analytical	0.7945597951571295	mountain	snare	snare
july_charter_sovereign_legitimacy__secular_democratic_reading	powerless	0.5651802690394981	mountain	tangled_rope	tangled_rope
july_charter_sovereign_legitimacy__secular_democratic_reading	moderate	0.5753759086131316	rope	tangled_rope	tangled_rope
july_charter_sovereign_legitimacy__secular_democratic_reading	institutional	-0.021971029444433233	rope	rope	rope
july_charter_sovereign_legitimacy__secular_democratic_reading	analytical	0.7123639542788058	mountain	tangled_rope	tangled_rope
jurisprudential_method_kernel__hanafi_reading	powerless	0.38040979646889295	mountain	unknown	unknown
jurisprudential_method_kernel__hanafi_reading	moderate	0.3872722461819154	rope	unknown	unknown
jurisprudential_method_kernel__hanafi_reading	institutional	0.01440138361579024	rope	rope	rope
jurisprudential_method_kernel__hanafi_reading	analytical	0.47947573845688846	mountain	unknown	unknown
jurisprudential_method_kernel__hanbali_reading	powerless	0.3016	mountain	naturalized	naturalized
jurisprudential_method_kernel__hanbali_reading	moderate	0.6417654365300313	rope	tangled_rope	tangled_rope
jurisprudential_method_kernel__hanbali_reading	institutional	-0.024506148226483216	rope	rope	rope
jurisprudential_method_kernel__hanbali_reading	analytical	0.7945597951571295	mountain	snare	snare
jurisprudential_method_kernel__maliki_reading	powerless	0.4130163504519409	mountain	tangled_rope	tangled_rope
jurisprudential_method_kernel__maliki_reading	moderate	0.42046701014036536	rope	tangled_rope	tangled_rope
jurisprudential_method_kernel__maliki_reading	institutional	-0.01605575228631659	rope	rope	rope
jurisprudential_method_kernel__maliki_reading	analytical	0.5205736588960505	mountain	tangled_rope	tangled_rope
jurisprudential_method_kernel__shafii_reading	powerless	0.4130163504519409	mountain	tangled_rope	tangled_rope
jurisprudential_method_kernel__shafii_reading	moderate	0.42046701014036536	rope	tangled_rope	tangled_rope
jurisprudential_method_kernel__shafii_reading	institutional	-0.01605575228631659	rope	rope	rope
jurisprudential_method_kernel__shafii_reading	analytical	0.5205736588960505	mountain	tangled_rope	tangled_rope
kami_buddha_ontology__domain_partition_reading	powerless	0.4130163504519409	mountain	tangled_rope	tangled_rope
kami_buddha_ontology__domain_partition_reading	moderate	0.42046701014036536	rope	tangled_rope	tangled_rope
kami_buddha_ontology__domain_partition_reading	institutional	0.08776488676387022	rope	rope	rope
kami_buddha_ontology__domain_partition_reading	analytical	0.5205736588960505	mountain	tangled_rope	tangled_rope
kami_buddha_ontology__pragmatic_accommodation_reading	powerless	0.6303933770055941	mountain	tangled_rope	tangled_rope
kami_buddha_ontology__pragmatic_accommodation_reading	moderate	0.6417654365300313	rope	tangled_rope	tangled_rope
kami_buddha_ontology__pragmatic_accommodation_reading	institutional	0.010071504390614185	rope	piton	piton
kami_buddha_ontology__pragmatic_accommodation_reading	analytical	0.7945597951571295	mountain	snare	snare
kami_buddha_ontology__unified_manifestation_reading	powerless	0.5651802690394981	mountain	tangled_rope	tangled_rope
kami_buddha_ontology__unified_manifestation_reading	moderate	0.5753759086131316	rope	tangled_rope	tangled_rope
kami_buddha_ontology__unified_manifestation_reading	institutional	-0.021971029444433233	rope	rope	rope
kami_buddha_ontology__unified_manifestation_reading	analytical	0.7123639542788058	mountain	tangled_rope	tangled_rope
kjv_text_1611__exclusive_inspiration_reading	powerless	0.3224	mountain	naturalized	naturalized
kjv_text_1611__exclusive_inspiration_reading	moderate	0.6860251218079645	rope	snare	snare
kjv_text_1611__exclusive_inspiration_reading	institutional	-0.026196227414516545	rope	rope	rope
kjv_text_1611__exclusive_inspiration_reading	analytical	0.8493570224093454	mountain	snare	snare
kjv_text_1611__functional_equivalence_reading	powerless	0.4130163504519409	mountain	tangled_rope	tangled_rope
kjv_text_1611__functional_equivalence_reading	moderate	0.42046701014036536	rope	tangled_rope	tangled_rope
kjv_text_1611__functional_equivalence_reading	institutional	0.11072662130424742	rope	rope	rope
kjv_text_1611__functional_equivalence_reading	analytical	0.5205736588960505	mountain	tangled_rope	tangled_rope
kjv_text_1611__revisable_translation_reading	powerless	0.4130163504519409	mountain	unknown	unknown
kjv_text_1611__revisable_translation_reading	moderate	0.3230651271009348	rope	rope	rope
kjv_text_1611__revisable_translation_reading	institutional	0.06018861758662465	rope	rope	rope
kjv_text_1611__revisable_translation_reading	analytical	0.5205736588960505	mountain	unknown	unknown
knowledge_commons_collapse	powerless	0.3016	mountain	naturalized	naturalized
knowledge_commons_collapse	moderate	0.6417654365300313	rope	tangled_rope	tangled_rope
knowledge_commons_collapse	institutional	0.6621331626309412	rope	snare	snare
knowledge_commons_collapse	analytical	0.7945597951571295	mountain	snare	snare
kodashim_commandment_status__messianic_deferral	powerless	0.4130163504519409	mountain	tangled_rope	tangled_rope
kodashim_commandment_status__messianic_deferral	moderate	0.42046701014036536	rope	tangled_rope	tangled_rope
kodashim_commandment_status__messianic_deferral	institutional	-0.01605575228631659	rope	rope	rope
kodashim_commandment_status__messianic_deferral	analytical	0.5205736588960505	mountain	tangled_rope	tangled_rope
kodashim_commandment_status__performance_only	powerless	0.6303933770055941	mountain	tangled_rope	tangled_rope
kodashim_commandment_status__performance_only	moderate	0.6417654365300313	rope	tangled_rope	tangled_rope
kodashim_commandment_status__performance_only	institutional	-0.033991721256992576	rope	rope	rope
kodashim_commandment_status__performance_only	analytical	0.7945597951571295	mountain	snare	snare
kodashim_commandment_status__study_as_performance	powerless	0.05571781178812424	mountain	scaffold	rope
kodashim_commandment_status__study_as_performance	moderate	0.05043070772312535	rope	scaffold	rope
kodashim_commandment_status__study_as_performance	institutional	-0.002112598985041657	rope	scaffold	rope
kodashim_commandment_status__study_as_performance	analytical	0.0684965340652698	mountain	scaffold	rope
kodashim_corpus__performance_only	powerless	0.7390818902824207	mountain	snare	snare
kodashim_corpus__performance_only	moderate	0.7524146497248644	rope	snare	snare
kodashim_corpus__performance_only	institutional	-0.028731346196566535	rope	rope	rope
kodashim_corpus__performance_only	analytical	0.9315528632876693	mountain	snare	snare
kodashim_corpus__study_as_exercise	powerless	0.05571781178812424	mountain	scaffold	rope
kodashim_corpus__study_as_exercise	moderate	0.05043070772312535	rope	scaffold	rope
kodashim_corpus__study_as_exercise	institutional	-0.002112598985041657	rope	scaffold	rope
kodashim_corpus__study_as_exercise	analytical	0.0684965340652698	mountain	scaffold	rope
kodashim_corpus__substitution_archive	powerless	0.4538121318495032	mountain	tangled_rope	tangled_rope
kodashim_corpus__substitution_archive	moderate	0.46472669541829853	rope	tangled_rope	tangled_rope
kodashim_corpus__substitution_archive	institutional	-0.017745831474349917	rope	rope	rope
kodashim_corpus__substitution_archive	analytical	0.5753708861482661	mountain	tangled_rope	tangled_rope
kodashim_obligation__memorial_archival	powerless	0.08914849886099879	mountain	unknown	unknown
kodashim_obligation__memorial_archival	moderate	0.08068913235700055	rope	rope	rope
kodashim_obligation__memorial_archival	institutional	-0.003380158376066651	rope	rope	rope
kodashim_obligation__memorial_archival	analytical	0.10959445450443167	mountain	rope	rope
kodashim_obligation__performance_prerequisite	powerless	0.4130163504519409	mountain	tangled_rope	tangled_rope
kodashim_obligation__performance_prerequisite	moderate	0.42046701014036536	rope	tangled_rope	tangled_rope
kodashim_obligation__performance_prerequisite	institutional	-0.01605575228631659	rope	rope	rope
kodashim_obligation__performance_prerequisite	analytical	0.5205736588960505	mountain	tangled_rope	tangled_rope
kodashim_obligation__study_as_occupation	powerless	0.4130163504519409	mountain	tangled_rope	tangled_rope
kodashim_obligation__study_as_occupation	moderate	0.42046701014036536	rope	tangled_rope	tangled_rope
kodashim_obligation__study_as_occupation	institutional	-0.01605575228631659	rope	rope	rope
kodashim_obligation__study_as_occupation	analytical	0.5205736588960505	mountain	tangled_rope	tangled_rope
lagrange_multipliers	powerless	0.09084006499828075	mountain	mountain	mountain
lagrange_multipliers	moderate	0.07999805915313005	rope	rope	rope
lagrange_multipliers	institutional	-0.009550081247850919	rope	rope	rope
lagrange_multipliers	analytical	0.11040195532208537	mountain	mountain	mountain
large_language_model_training_data_acquisition	powerless	0.3224	mountain	naturalized	naturalized
large_language_model_training_data_acquisition	moderate	0.6860251218079645	rope	snare	snare
large_language_model_training_data_acquisition	institutional	-0.026196227414516545	rope	rope	rope
large_language_model_training_data_acquisition	analytical	0.8493570224093454	mountain	snare	snare
latin_correctness__continuity_reading	powerless	0.1337227482914982	mountain	scaffold	scaffold
latin_correctness__continuity_reading	moderate	0.12103369853550082	rope	scaffold	scaffold
latin_correctness__continuity_reading	institutional	-0.005070237564099976	rope	scaffold	scaffold
latin_correctness__continuity_reading	analytical	0.16439168175664748	mountain	scaffold	scaffold
latin_correctness__hybrid_reading	powerless	0.45649175576267154	mountain	tangled_rope	tangled_rope
latin_correctness__hybrid_reading	moderate	0.46472669541829853	rope	tangled_rope	tangled_rope
latin_correctness__hybrid_reading	institutional	-0.017745831474349917	rope	rope	rope
latin_correctness__hybrid_reading	analytical	0.5753708861482661	mountain	tangled_rope	tangled_rope
latin_correctness__rupture_reading	powerless	0.3016	mountain	naturalized	naturalized
latin_correctness__rupture_reading	moderate	0.6417654365300313	rope	tangled_rope	tangled_rope
latin_correctness__rupture_reading	institutional	-0.024506148226483216	rope	rope	rope
latin_correctness__rupture_reading	analytical	0.7945597951571295	mountain	snare	snare
lausanne_minority_protections__expansive_reading	powerless	0.35659399544399517	mountain	scaffold	scaffold
lausanne_minority_protections__expansive_reading	moderate	0.3227565294280022	rope	scaffold	scaffold
lausanne_minority_protections__expansive_reading	institutional	0.013166979305865363	rope	scaffold	scaffold
lausanne_minority_protections__expansive_reading	analytical	0.4383778180177267	mountain	scaffold	scaffold
lausanne_minority_protections__guarantor_reading	powerless	0.3120197460134958	mountain	scaffold	scaffold
lausanne_minority_protections__guarantor_reading	moderate	0.28241196324950196	rope	scaffold	scaffold
lausanne_minority_protections__guarantor_reading	institutional	0.28241196324950196	rope	scaffold	scaffold
lausanne_minority_protections__guarantor_reading	analytical	0.3835805907655109	mountain	scaffold	scaffold
lausanne_minority_protections__restrictive_reading	powerless	0.3224	mountain	naturalized	naturalized
lausanne_minority_protections__restrictive_reading	moderate	0.6860251218079645	rope	snare	snare
lausanne_minority_protections__restrictive_reading	institutional	-0.026196227414516545	rope	rope	rope
lausanne_minority_protections__restrictive_reading	analytical	0.8493570224093454	mountain	snare	snare
legacy_admission_gatekeeping	powerless	0.3016	mountain	naturalized	naturalized
legacy_admission_gatekeeping	moderate	0.6417654365300313	rope	tangled_rope	tangled_rope
legacy_admission_gatekeeping	institutional	0.2609005954775204	rope	naturalized	naturalized
legacy_admission_gatekeeping	analytical	0.7945597951571295	mountain	snare	snare
legal_personhood_boundary__developmental_potentiality_reading	powerless	0.7577622403184897	mountain	snare	snare
legal_personhood_boundary__developmental_potentiality_reading	moderate	0.7524146497248644	rope	snare	snare
legal_personhood_boundary__developmental_potentiality_reading	institutional	-0.039852362853025784	rope	rope	rope
legal_personhood_boundary__developmental_potentiality_reading	analytical	0.9315528632876693	mountain	snare	snare
legal_personhood_boundary__functional_capacity_reading	powerless	0.3016	mountain	naturalized	naturalized
legal_personhood_boundary__functional_capacity_reading	moderate	0.6417654365300313	rope	tangled_rope	tangled_rope
legal_personhood_boundary__functional_capacity_reading	institutional	0.37699999999999995	rope	tangled_rope	tangled_rope
legal_personhood_boundary__functional_capacity_reading	analytical	0.7945597951571295	mountain	snare	snare
legal_personhood_boundary__restrictive_anthropocentric_reading	powerless	0.3016	mountain	naturalized	naturalized
legal_personhood_boundary__restrictive_anthropocentric_reading	moderate	0.6417654365300313	rope	tangled_rope	tangled_rope
legal_personhood_boundary__restrictive_anthropocentric_reading	institutional	-0.00843053430112561	rope	rope	rope
legal_personhood_boundary__restrictive_anthropocentric_reading	analytical	0.7945597951571295	mountain	snare	snare
legislative_minority_veto_mechanism	powerless	0.6303933770055941	mountain	tangled_rope	tangled_rope
legislative_minority_veto_mechanism	moderate	0.6417654365300313	rope	tangled_rope	tangled_rope
legislative_minority_veto_mechanism	institutional	-0.024506148226483216	rope	rope	rope
legislative_minority_veto_mechanism	analytical	0.7945597951571295	mountain	snare	snare
legitimacy_of_imposed_practice__endogenous_climb_reading	powerless	0.38040979646889295	mountain	tangled_rope	tangled_rope
legitimacy_of_imposed_practice__endogenous_climb_reading	moderate	0.3872722461819154	rope	tangled_rope	tangled_rope
legitimacy_of_imposed_practice__endogenous_climb_reading	institutional	-0.014788192895291596	rope	rope	rope
legitimacy_of_imposed_practice__endogenous_climb_reading	analytical	0.47947573845688846	mountain	tangled_rope	tangled_rope
legitimacy_of_imposed_practice__exogenous_override_reading	powerless	0.6303933770055941	mountain	tangled_rope	tangled_rope
legitimacy_of_imposed_practice__exogenous_override_reading	moderate	0.6417654365300313	rope	tangled_rope	tangled_rope
legitimacy_of_imposed_practice__exogenous_override_reading	institutional	-0.024506148226483216	rope	rope	rope
legitimacy_of_imposed_practice__exogenous_override_reading	analytical	0.7945597951571295	mountain	snare	snare
legitimacy_of_imposed_practice__hybrid_scaffolding_reading	powerless	0.5651802690394981	mountain	tangled_rope	tangled_rope
legitimacy_of_imposed_practice__hybrid_scaffolding_reading	moderate	0.5753759086131316	rope	tangled_rope	tangled_rope
legitimacy_of_imposed_practice__hybrid_scaffolding_reading	institutional	-0.021971029444433233	rope	rope	rope
legitimacy_of_imposed_practice__hybrid_scaffolding_reading	analytical	0.7123639542788058	mountain	tangled_rope	tangled_rope
legitimacy_of_practice_standardization__dual_practice_equilibrium_reading	powerless	0.4130163504519409	mountain	tangled_rope	tangled_rope
legitimacy_of_practice_standardization__dual_practice_equilibrium_reading	moderate	0.42046701014036536	rope	tangled_rope	tangled_rope
legitimacy_of_practice_standardization__dual_practice_equilibrium_reading	institutional	-0.01605575228631659	rope	rope	rope
legitimacy_of_practice_standardization__dual_practice_equilibrium_reading	analytical	0.5205736588960505	mountain	tangled_rope	tangled_rope
legitimacy_of_practice_standardization__endogenous_displacement_reading	powerless	0.2005841224372473	mountain	scaffold	scaffold
legitimacy_of_practice_standardization__endogenous_displacement_reading	moderate	0.18155054780325125	rope	scaffold	scaffold
legitimacy_of_practice_standardization__endogenous_displacement_reading	institutional	-0.007605356346149964	rope	scaffold	scaffold
legitimacy_of_practice_standardization__endogenous_displacement_reading	analytical	0.24658752263497122	mountain	scaffold	scaffold
legitimacy_of_practice_standardization__exogenous_override_reading	powerless	0.6303933770055941	mountain	tangled_rope	tangled_rope
legitimacy_of_practice_standardization__exogenous_override_reading	moderate	0.6417654365300313	rope	tangled_rope	tangled_rope
legitimacy_of_practice_standardization__exogenous_override_reading	institutional	-0.024506148226483216	rope	rope	rope
legitimacy_of_practice_standardization__exogenous_override_reading	analytical	0.7945597951571295	mountain	snare	snare
legitimate_health_intervention__bodily_autonomy_primary	powerless	0.3016	mountain	naturalized	naturalized
legitimate_health_intervention__bodily_autonomy_primary	moderate	0.6417654365300313	rope	tangled_rope	tangled_rope
legitimate_health_intervention__bodily_autonomy_primary	institutional	-0.024506148226483216	rope	rope	rope
legitimate_health_intervention__bodily_autonomy_primary	analytical	0.7945597951571295	mountain	snare	snare
legitimate_health_intervention__proportionality_reading	powerless	0.4130163504519409	mountain	tangled_rope	tangled_rope
legitimate_health_intervention__proportionality_reading	moderate	0.42046701014036536	rope	tangled_rope	tangled_rope
legitimate_health_intervention__proportionality_reading	institutional	-0.01605575228631659	rope	rope	rope
legitimate_health_intervention__proportionality_reading	analytical	0.5205736588960505	mountain	tangled_rope	tangled_rope
legitimate_health_intervention__public_health_primary	powerless	0.3016	mountain	naturalized	naturalized
legitimate_health_intervention__public_health_primary	moderate	0.6417654365300313	rope	tangled_rope	tangled_rope
legitimate_health_intervention__public_health_primary	institutional	-0.053908270927801476	rope	rope	rope
legitimate_health_intervention__public_health_primary	analytical	0.7945597951571295	mountain	snare	snare
legitimate_knowledge_boundary__credentialed_expertise_reading	powerless	0.2704	mountain	naturalized	naturalized
legitimate_knowledge_boundary__credentialed_expertise_reading	moderate	0.5753759086131316	rope	tangled_rope	tangled_rope
legitimate_knowledge_boundary__credentialed_expertise_reading	institutional	-0.007558410063078134	rope	rope	rope
legitimate_knowledge_boundary__credentialed_expertise_reading	analytical	0.7123639542788058	mountain	snare	snare
legitimate_knowledge_boundary__experiential_pluralism_reading	powerless	0.3016	mountain	naturalized	naturalized
legitimate_knowledge_boundary__experiential_pluralism_reading	moderate	0.6417654365300313	rope	tangled_rope	tangled_rope
legitimate_knowledge_boundary__experiential_pluralism_reading	institutional	-0.024506148226483216	rope	rope	rope
legitimate_knowledge_boundary__experiential_pluralism_reading	analytical	0.7945597951571295	mountain	snare	snare
legitimate_knowledge_boundary__hybrid_coproduction_reading	powerless	0.5217048637287675	mountain	tangled_rope	tangled_rope
legitimate_knowledge_boundary__hybrid_coproduction_reading	moderate	0.5311162233351983	rope	tangled_rope	tangled_rope
legitimate_knowledge_boundary__hybrid_coproduction_reading	institutional	-0.020280950256399904	rope	rope	rope
legitimate_knowledge_boundary__hybrid_coproduction_reading	analytical	0.6575667270265899	mountain	tangled_rope	tangled_rope
liability_attribution__deployer_liability	powerless	0.3016	mountain	naturalized	naturalized
liability_attribution__deployer_liability	moderate	0.6417654365300313	rope	tangled_rope	tangled_rope
liability_attribution__deployer_liability	institutional	-0.024506148226483216	rope	rope	rope
liability_attribution__deployer_liability	analytical	0.7945597951571295	mountain	snare	snare
liability_attribution__developer_liability	powerless	0.6303933770055941	mountain	tangled_rope	tangled_rope
liability_attribution__developer_liability	moderate	0.6417654365300313	rope	tangled_rope	tangled_rope
liability_attribution__developer_liability	institutional	0.038896132321056376	rope	naturalized	naturalized
liability_attribution__developer_liability	analytical	0.7945597951571295	mountain	snare	snare
liability_attribution__shared_liability	powerless	0.2704	mountain	naturalized	naturalized
liability_attribution__shared_liability	moderate	0.5753759086131316	rope	tangled_rope	tangled_rope
liability_attribution__shared_liability	institutional	-0.021971029444433233	rope	rope	rope
liability_attribution__shared_liability	analytical	0.7123639542788058	mountain	snare	snare
licensing_statute_mandate__graduated_access_filter	powerless	0.6303933770055941	mountain	tangled_rope	tangled_rope
licensing_statute_mandate__graduated_access_filter	moderate	0.6417654365300313	rope	tangled_rope	tangled_rope
licensing_statute_mandate__graduated_access_filter	institutional	-0.024506148226483216	rope	rope	rope
licensing_statute_mandate__graduated_access_filter	analytical	0.7945597951571295	mountain	snare	snare
licensing_statute_mandate__public_safety_coordination	powerless	0.35659399544399517	mountain	scaffold	scaffold
licensing_statute_mandate__public_safety_coordination	moderate	0.3227565294280022	rope	scaffold	scaffold
licensing_statute_mandate__public_safety_coordination	institutional	-0.013520633504266605	rope	scaffold	scaffold
licensing_statute_mandate__public_safety_coordination	analytical	0.4383778180177267	mountain	scaffold	scaffold
licensing_statute_mandate__rent_seeking_suppression	powerless	0.3016	mountain	naturalized	naturalized
licensing_statute_mandate__rent_seeking_suppression	moderate	0.6417654365300313	rope	tangled_rope	tangled_rope
licensing_statute_mandate__rent_seeking_suppression	institutional	0.40654455503986775	rope	tangled_rope	tangled_rope
licensing_statute_mandate__rent_seeking_suppression	analytical	0.7945597951571295	mountain	snare	snare
liturgical_vernacularization	powerless	0.5651802690394981	mountain	tangled_rope	tangled_rope
liturgical_vernacularization	moderate	0.5753759086131316	rope	tangled_rope	tangled_rope
liturgical_vernacularization	institutional	-0.021971029444433233	rope	rope	rope
liturgical_vernacularization	analytical	0.7123639542788058	mountain	tangled_rope	tangled_rope
living_language_status__literary_continuity_reading	powerless	0.3043278371751144	mountain	unknown	unknown
living_language_status__literary_continuity_reading	moderate	0.3098177969455324	rope	rope	rope
living_language_status__literary_continuity_reading	institutional	0.03083454933182562	rope	rope	rope
living_language_status__literary_continuity_reading	analytical	0.3835805907655109	mountain	unknown	unknown
living_language_status__liturgical_preservation_reading	powerless	0.34780324248584504	mountain	unknown	unknown
living_language_status__liturgical_preservation_reading	moderate	0.3540774822234656	rope	tangled_rope	tangled_rope
living_language_status__liturgical_preservation_reading	institutional	-0.013520633504266605	rope	rope	rope
living_language_status__liturgical_preservation_reading	analytical	0.4383778180177267	mountain	tangled_rope	tangled_rope
living_language_status__native_generation_reading	powerless	0.5651802690394981	mountain	tangled_rope	tangled_rope
living_language_status__native_generation_reading	moderate	0.5753759086131316	rope	tangled_rope	tangled_rope
living_language_status__native_generation_reading	institutional	-0.038170336473231196	rope	rope	rope
living_language_status__native_generation_reading	analytical	0.7123639542788058	mountain	snare	snare
lycurgan_laws__adaptive_fiction_reading	powerless	0.4130163504519409	mountain	tangled_rope	tangled_rope
lycurgan_laws__adaptive_fiction_reading	moderate	0.42046701014036536	rope	tangled_rope	tangled_rope
lycurgan_laws__adaptive_fiction_reading	institutional	-0.01605575228631659	rope	rope	rope
lycurgan_laws__adaptive_fiction_reading	analytical	0.5205736588960505	mountain	tangled_rope	tangled_rope
lycurgan_laws__demographic_trap_reading	powerless	0.6303933770055941	mountain	tangled_rope	tangled_rope
lycurgan_laws__demographic_trap_reading	moderate	0.6417654365300313	rope	tangled_rope	tangled_rope
lycurgan_laws__demographic_trap_reading	institutional	-0.024506148226483216	rope	rope	rope
lycurgan_laws__demographic_trap_reading	analytical	0.7945597951571295	mountain	snare	snare
lycurgan_laws__sacral_fidelity_reading	powerless	0.2779643559681058	mountain	naturalized	naturalized
lycurgan_laws__sacral_fidelity_reading	moderate	0.6417654365300313	rope	tangled_rope	tangled_rope
lycurgan_laws__sacral_fidelity_reading	institutional	-0.024506148226483216	rope	rope	rope
lycurgan_laws__sacral_fidelity_reading	analytical	0.7945597951571295	mountain	snare	snare
maat_order_principle__distributed_maintenance_reading	powerless	0.2005841224372473	mountain	scaffold	scaffold
maat_order_principle__distributed_maintenance_reading	moderate	0.18155054780325125	rope	scaffold	scaffold
maat_order_principle__distributed_maintenance_reading	institutional	-0.007605356346149964	rope	scaffold	scaffold
maat_order_principle__distributed_maintenance_reading	analytical	0.24658752263497122	mountain	scaffold	scaffold
maat_order_principle__divine_mandate_reading	powerless	0.7390818902824207	mountain	snare	snare
maat_order_principle__divine_mandate_reading	moderate	0.7524146497248644	rope	snare	snare
maat_order_principle__divine_mandate_reading	institutional	0.641533711730331	rope	tangled_rope	tangled_rope
maat_order_principle__divine_mandate_reading	analytical	0.9315528632876693	mountain	snare	snare
maat_order_principle__reciprocity_reading	powerless	0.4130163504519409	mountain	tangled_rope	tangled_rope
maat_order_principle__reciprocity_reading	moderate	0.42046701014036536	rope	tangled_rope	tangled_rope
maat_order_principle__reciprocity_reading	institutional	-0.01605575228631659	rope	rope	rope
maat_order_principle__reciprocity_reading	analytical	0.5205736588960505	mountain	tangled_rope	tangled_rope
magna_carta_1215__baronial_privilege_reading	powerless	0.3016	mountain	naturalized	naturalized
magna_carta_1215__baronial_privilege_reading	moderate	0.6417654365300313	rope	tangled_rope	tangled_rope
magna_carta_1215__baronial_privilege_reading	institutional	-0.024506148226483216	rope	rope	rope
magna_carta_1215__baronial_privilege_reading	analytical	0.7945597951571295	mountain	snare	snare
magna_carta_1215__living_document_reading	powerless	0.5651802690394981	mountain	tangled_rope	tangled_rope
magna_carta_1215__living_document_reading	moderate	0.5753759086131316	rope	tangled_rope	tangled_rope
magna_carta_1215__living_document_reading	institutional	-0.021971029444433233	rope	rope	rope
magna_carta_1215__living_document_reading	analytical	0.7123639542788058	mountain	tangled_rope	tangled_rope
magna_carta_1215__universal_rights_reading	powerless	0.4130163504519409	mountain	tangled_rope	tangled_rope
magna_carta_1215__universal_rights_reading	moderate	0.42046701014036536	rope	tangled_rope	tangled_rope
magna_carta_1215__universal_rights_reading	institutional	-0.01605575228631659	rope	rope	rope
magna_carta_1215__universal_rights_reading	analytical	0.5205736588960505	mountain	tangled_rope	tangled_rope
magna_carta_clause_39__feudal_prerogative_reading	powerless	0.2005841224372473	mountain	scaffold	scaffold
magna_carta_clause_39__feudal_prerogative_reading	moderate	0.18155054780325125	rope	scaffold	scaffold
magna_carta_clause_39__feudal_prerogative_reading	institutional	0.11699999999999998	rope	scaffold	scaffold
magna_carta_clause_39__feudal_prerogative_reading	analytical	0.24658752263497122	mountain	scaffold	scaffold
magna_carta_clause_39__liberal_due_process_reading	powerless	0.5217048637287675	mountain	tangled_rope	tangled_rope
magna_carta_clause_39__liberal_due_process_reading	moderate	0.5311162233351983	rope	tangled_rope	tangled_rope
magna_carta_clause_39__liberal_due_process_reading	institutional	-0.020280950256399904	rope	rope	rope
magna_carta_clause_39__liberal_due_process_reading	analytical	0.6575667270265899	mountain	tangled_rope	tangled_rope
magna_carta_clause_39__originalist_limitation_reading	powerless	0.3006644434529867	mountain	unknown	unknown
magna_carta_clause_39__originalist_limitation_reading	moderate	0.3098177969455324	rope	rope	rope
magna_carta_clause_39__originalist_limitation_reading	institutional	0.1259520116098375	rope	rope	rope
magna_carta_clause_39__originalist_limitation_reading	analytical	0.3835805907655109	mountain	unknown	unknown
magna_carta_constraint_authority__feudal_obsolescence_reading	powerless	0.3016	mountain	naturalized	naturalized
magna_carta_constraint_authority__feudal_obsolescence_reading	moderate	0.6417654365300313	rope	tangled_rope	tangled_rope
magna_carta_constraint_authority__feudal_obsolescence_reading	institutional	-0.024506148226483216	rope	rope	rope
magna_carta_constraint_authority__feudal_obsolescence_reading	analytical	0.7945597951571295	mountain	snare	snare
magna_carta_constraint_authority__living_constitutionalism_reading	powerless	0.3120197460134958	mountain	scaffold	scaffold
magna_carta_constraint_authority__living_constitutionalism_reading	moderate	0.28241196324950196	rope	scaffold	scaffold
magna_carta_constraint_authority__living_constitutionalism_reading	institutional	-0.01183055431623328	rope	scaffold	scaffold
magna_carta_constraint_authority__living_constitutionalism_reading	analytical	0.3835805907655109	mountain	scaffold	scaffold
magna_carta_constraint_authority__parliamentary_sovereignty_reading	powerless	0.45649175576267154	mountain	tangled_rope	tangled_rope
magna_carta_constraint_authority__parliamentary_sovereignty_reading	moderate	0.46472669541829853	rope	tangled_rope	tangled_rope
magna_carta_constraint_authority__parliamentary_sovereignty_reading	institutional	-0.017745831474349917	rope	rope	rope
magna_carta_constraint_authority__parliamentary_sovereignty_reading	analytical	0.5753708861482661	mountain	tangled_rope	tangled_rope
mandate_legitimacy_scope__bodily_autonomy_primary	powerless	0.6909008661727407	mountain	snare	snare
mandate_legitimacy_scope__bodily_autonomy_primary	moderate	0.6860251218079645	rope	snare	snare
mandate_legitimacy_scope__bodily_autonomy_primary	institutional	-0.057626082715925724	rope	rope	rope
mandate_legitimacy_scope__bodily_autonomy_primary	analytical	0.8493570224093454	mountain	snare	snare
mandate_legitimacy_scope__proportionality_reading	powerless	0.13692213925816596	mountain	naturalized	naturalized
mandate_legitimacy_scope__proportionality_reading	moderate	0.5311162233351983	rope	tangled_rope	tangled_rope
mandate_legitimacy_scope__proportionality_reading	institutional	-0.020280950256399904	rope	rope	rope
mandate_legitimacy_scope__proportionality_reading	analytical	0.6575667270265899	mountain	tangled_rope	tangled_rope
mandate_legitimacy_scope__public_health_primary	powerless	0.3016	mountain	naturalized	naturalized
mandate_legitimacy_scope__public_health_primary	moderate	0.6417654365300313	rope	tangled_rope	tangled_rope
mandate_legitimacy_scope__public_health_primary	institutional	-0.024506148226483216	rope	rope	rope
mandate_legitimacy_scope__public_health_primary	analytical	0.7945597951571295	mountain	snare	snare
manifesto_revolutionary_method__council_communist_reading	powerless	0.2005841224372473	mountain	scaffold	scaffold
manifesto_revolutionary_method__council_communist_reading	moderate	0.18155054780325125	rope	scaffold	scaffold
manifesto_revolutionary_method__council_communist_reading	institutional	-0.007605356346149964	rope	scaffold	scaffold
manifesto_revolutionary_method__council_communist_reading	analytical	0.24658752263497122	mountain	scaffold	scaffold
manifesto_revolutionary_method__democratic_gradualism_reading	powerless	0.43475405310730625	mountain	tangled_rope	tangled_rope
manifesto_revolutionary_method__democratic_gradualism_reading	moderate	0.3400685548430893	rope	rope	rope
manifesto_revolutionary_method__democratic_gradualism_reading	institutional	-0.016900791880333256	rope	rope	rope
manifesto_revolutionary_method__democratic_gradualism_reading	analytical	0.5479722725221584	mountain	tangled_rope	tangled_rope
manifesto_revolutionary_method__vanguard_rupture_reading	powerless	0.3224	mountain	naturalized	naturalized
manifesto_revolutionary_method__vanguard_rupture_reading	moderate	0.6860251218079645	rope	snare	snare
manifesto_revolutionary_method__vanguard_rupture_reading	institutional	-0.009011950459823928	rope	rope	rope
manifesto_revolutionary_method__vanguard_rupture_reading	analytical	0.8493570224093454	mountain	snare	snare
market_as_natural_default__beneficiary_maintained_reading	powerless	0.35359999999999997	mountain	tangled_rope	tangled_rope
market_as_natural_default__beneficiary_maintained_reading	moderate	0.7524146497248644	rope	snare	snare
market_as_natural_default__beneficiary_maintained_reading	institutional	-0.04991505538807157	rope	rope	rope
market_as_natural_default__beneficiary_maintained_reading	analytical	0.9315528632876693	mountain	snare	snare
market_as_natural_default__dual_operation_reading	powerless	0.3016	mountain	naturalized	naturalized
market_as_natural_default__dual_operation_reading	moderate	0.6417654365300313	rope	tangled_rope	tangled_rope
market_as_natural_default__dual_operation_reading	institutional	0.06387156647306734	rope	naturalized	naturalized
market_as_natural_default__dual_operation_reading	analytical	0.7945597951571295	mountain	snare	snare
market_as_natural_default__engineered_closure_reading	powerless	0.496034454056748	mountain	tangled_rope	tangled_rope
market_as_natural_default__engineered_closure_reading	moderate	0.6417654365300313	rope	tangled_rope	tangled_rope
market_as_natural_default__engineered_closure_reading	institutional	-0.04257460606629633	rope	rope	rope
market_as_natural_default__engineered_closure_reading	analytical	0.7945597951571295	mountain	snare	snare
market_as_natural_default__lapsed_alternative_reading	powerless	0.3016	mountain	naturalized	naturalized
market_as_natural_default__lapsed_alternative_reading	moderate	0.6417654365300313	rope	tangled_rope	tangled_rope
market_as_natural_default__lapsed_alternative_reading	institutional	-0.024506148226483216	rope	rope	rope
market_as_natural_default__lapsed_alternative_reading	analytical	0.7945597951571295	mountain	snare	snare
market_as_natural_default__lapsed_closure_reading	powerless	0.4130163504519409	mountain	piton	piton
market_as_natural_default__lapsed_closure_reading	moderate	0.42046701014036536	rope	piton	piton
market_as_natural_default__lapsed_closure_reading	institutional	-0.01605575228631659	rope	rope	rope
market_as_natural_default__lapsed_closure_reading	analytical	0.5205736588960505	mountain	unknown	unknown
market_dominance_lock_in	powerless	0.5651802690394981	mountain	tangled_rope	tangled_rope
market_dominance_lock_in	moderate	0.5753759086131316	rope	tangled_rope	tangled_rope
market_dominance_lock_in	institutional	-0.021971029444433233	rope	rope	rope
market_dominance_lock_in	analytical	0.7123639542788058	mountain	tangled_rope	tangled_rope
market_naturalization__beneficiary_maintained_reading	powerless	0.35359999999999997	mountain	tangled_rope	tangled_rope
market_naturalization__beneficiary_maintained_reading	moderate	0.7524146497248644	rope	snare	snare
market_naturalization__beneficiary_maintained_reading	institutional	0.07488390552014793	rope	naturalized	naturalized
market_naturalization__beneficiary_maintained_reading	analytical	0.9315528632876693	mountain	snare	snare
market_naturalization__hybrid_reading	powerless	0.48909830974571955	mountain	tangled_rope	tangled_rope
market_naturalization__hybrid_reading	moderate	0.4979214593767484	rope	tangled_rope	tangled_rope
market_naturalization__hybrid_reading	institutional	-0.019013390865374912	rope	rope	rope
market_naturalization__hybrid_reading	analytical	0.6164688065874281	mountain	tangled_rope	tangled_rope
market_naturalization__lapsed_alternative_reading	powerless	0.20439014624613164	mountain	unknown	unknown
market_naturalization__lapsed_alternative_reading	moderate	0.17999563309454258	rope	rope	rope
market_naturalization__lapsed_alternative_reading	institutional	-0.021487682807664568	rope	rope	rope
market_naturalization__lapsed_alternative_reading	analytical	0.2484043994746921	mountain	rope	rope
marriage_authority__communal_autonomy_reading	powerless	0.5217048637287675	mountain	tangled_rope	rope
marriage_authority__communal_autonomy_reading	moderate	0.5311162233351983	rope	tangled_rope	rope
marriage_authority__communal_autonomy_reading	institutional	0.09288377666480156	rope	naturalized	rope
marriage_authority__communal_autonomy_reading	analytical	0.6575667270265899	mountain	tangled_rope	rope
marriage_authority__federalist_millet_reading	powerless	0.3025414212330022	mountain	scaffold	scaffold
marriage_authority__federalist_millet_reading	moderate	0.28241196324950196	rope	scaffold	scaffold
marriage_authority__federalist_millet_reading	institutional	-0.01183055431623328	rope	scaffold	scaffold
marriage_authority__federalist_millet_reading	analytical	0.3835805907655109	mountain	scaffold	scaffold
marriage_authority__gender_rights_reading	powerless	0.7390818902824207	mountain	snare	snare
marriage_authority__gender_rights_reading	moderate	0.7524146497248644	rope	snare	snare
marriage_authority__gender_rights_reading	institutional	-0.028731346196566535	rope	rope	rope
marriage_authority__gender_rights_reading	analytical	0.9315528632876693	mountain	snare	snare
marriage_authority__judicial_harmonization_reading	powerless	0.4130163504519409	mountain	tangled_rope	tangled_rope
marriage_authority__judicial_harmonization_reading	moderate	0.42046701014036536	rope	tangled_rope	tangled_rope
marriage_authority__judicial_harmonization_reading	institutional	-0.01605575228631659	rope	rope	rope
marriage_authority__judicial_harmonization_reading	analytical	0.5205736588960505	mountain	tangled_rope	tangled_rope
marriage_authority__secularist_reading	powerless	0.6434595815383685	mountain	tangled_rope	tangled_rope
marriage_authority__secularist_reading	moderate	0.6417654365300313	rope	tangled_rope	tangled_rope
marriage_authority__secularist_reading	institutional	0.09186683736905867	rope	naturalized	naturalized
marriage_authority__secularist_reading	analytical	0.7945597951571295	mountain	snare	snare
marriage_commitment_legitimacy__endogenous_reinterpretation_reading	powerless	0.3120197460134958	mountain	scaffold	scaffold
marriage_commitment_legitimacy__endogenous_reinterpretation_reading	moderate	0.28241196324950196	rope	scaffold	scaffold
marriage_commitment_legitimacy__endogenous_reinterpretation_reading	institutional	-0.01183055431623328	rope	scaffold	scaffold
marriage_commitment_legitimacy__endogenous_reinterpretation_reading	analytical	0.3835805907655109	mountain	scaffold	scaffold
marriage_commitment_legitimacy__exogenous_override_reading	powerless	0.7390818902824207	mountain	snare	snare
marriage_commitment_legitimacy__exogenous_override_reading	moderate	0.7524146497248644	rope	snare	snare
marriage_commitment_legitimacy__exogenous_override_reading	institutional	-0.028731346196566535	rope	rope	rope
marriage_commitment_legitimacy__exogenous_override_reading	analytical	0.9315528632876693	mountain	snare	snare
marriage_commitment_legitimacy__hybrid_pragmatic_reading	powerless	0.5217048637287675	mountain	tangled_rope	tangled_rope
marriage_commitment_legitimacy__hybrid_pragmatic_reading	moderate	0.40808226581170715	rope	tangled_rope	tangled_rope
marriage_commitment_legitimacy__hybrid_pragmatic_reading	institutional	-0.020280950256399904	rope	rope	rope
marriage_commitment_legitimacy__hybrid_pragmatic_reading	analytical	0.6575667270265899	mountain	tangled_rope	tangled_rope
marriage_commitment_reversal__endogenous_reinterpretation_reading	powerless	0.24959999999999996	mountain	naturalized	rope
marriage_commitment_reversal__endogenous_reinterpretation_reading	moderate	0.5311162233351983	rope	tangled_rope	rope
marriage_commitment_reversal__endogenous_reinterpretation_reading	institutional	0.00833503811637036	rope	naturalized	rope
marriage_commitment_reversal__endogenous_reinterpretation_reading	analytical	0.6575667270265899	mountain	tangled_rope	rope
marriage_commitment_reversal__exogenous_override_reading	powerless	0.7390818902824207	mountain	snare	snare
marriage_commitment_reversal__exogenous_override_reading	moderate	0.7524146497248644	rope	snare	snare
marriage_commitment_reversal__exogenous_override_reading	institutional	0.8091160944798521	rope	snare	snare
marriage_commitment_reversal__exogenous_override_reading	analytical	0.9315528632876693	mountain	snare	snare
marriage_commitment_reversal__practice_doctrine_gap	powerless	0.3224	mountain	piton	piton
marriage_commitment_reversal__practice_doctrine_gap	moderate	0.7377234979081003	rope	snare	snare
marriage_commitment_reversal__practice_doctrine_gap	institutional	-0.009011950459823928	rope	rope	rope
marriage_commitment_reversal__practice_doctrine_gap	analytical	0.8493570224093454	mountain	snare	snare
marriage_sacrament__civic_pastoral_reading	powerless	0.32646581264936575	mountain	naturalized	rope
marriage_sacrament__civic_pastoral_reading	moderate	0.5311162233351983	rope	tangled_rope	rope
marriage_sacrament__civic_pastoral_reading	institutional	0.00833503811637036	rope	naturalized	rope
marriage_sacrament__civic_pastoral_reading	analytical	0.6575667270265899	mountain	tangled_rope	rope
marriage_sacrament__hierarchical_indissolubility_reading	powerless	0.6303933770055941	mountain	tangled_rope	tangled_rope
marriage_sacrament__hierarchical_indissolubility_reading	moderate	0.6417654365300313	rope	tangled_rope	tangled_rope
marriage_sacrament__hierarchical_indissolubility_reading	institutional	0.010071504390614185	rope	naturalized	naturalized
marriage_sacrament__hierarchical_indissolubility_reading	analytical	0.7945597951571295	mountain	snare	snare
maximum_entropy_principle	powerless	0.056775040623925466	mountain	mountain	mountain
maximum_entropy_principle	moderate	0.04999878697070628	rope	rope	rope
maximum_entropy_principle	institutional	-0.005968800779906825	rope	rope	rope
maximum_entropy_principle	analytical	0.06900122207630337	mountain	mountain	mountain
maxwell_demon_impossibility	powerless	0.09084006499828075	mountain	mountain	rope
maxwell_demon_impossibility	moderate	0.07999805915313005	rope	scaffold	rope
maxwell_demon_impossibility	institutional	-0.009550081247850919	rope	scaffold	rope
maxwell_demon_impossibility	analytical	0.11040195532208537	mountain	mountain	rope
mco_unit_system_discontinuity	powerless	0.3043278371751144	mountain	piton	piton
mco_unit_system_discontinuity	moderate	0.3098177969455324	rope	rope	rope
mco_unit_system_discontinuity	institutional	0.03083454933182562	rope	rope	rope
mco_unit_system_discontinuity	analytical	0.3835805907655109	mountain	piton	piton
measurement_timing_authority_erosion	powerless	0.5864115163392895	mountain	tangled_rope	rope
measurement_timing_authority_erosion	moderate	0.5753759086131316	rope	tangled_rope	rope
measurement_timing_authority_erosion	institutional	0.009029624626067892	rope	naturalized	rope
measurement_timing_authority_erosion	analytical	0.7123639542788058	mountain	tangled_rope	rope
mercosur_tariff_harmonization	powerless	0.5651802690394981	mountain	tangled_rope	tangled_rope
mercosur_tariff_harmonization	moderate	0.5753759086131316	rope	tangled_rope	tangled_rope
mercosur_tariff_harmonization	institutional	-0.021971029444433233	rope	rope	rope
mercosur_tariff_harmonization	analytical	0.7123639542788058	mountain	tangled_rope	tangled_rope
meritocracy_theater	powerless	0.3224	mountain	piton	piton
meritocracy_theater	moderate	0.6860251218079645	rope	snare	snare
meritocracy_theater	institutional	0.5565217467619884	rope	tangled_rope	tangled_rope
meritocracy_theater	analytical	0.8493570224093454	mountain	snare	snare
metamorphosis_samsa	powerless	0.7390818902824207	mountain	snare	snare
metamorphosis_samsa	moderate	0.7524146497248644	rope	snare	snare
metamorphosis_samsa	institutional	0.011807970664858013	rope	naturalized	naturalized
metamorphosis_samsa	analytical	0.9315528632876693	mountain	snare	snare
microscopy_color_bottleneck	powerless	0.20439014624613164	mountain	mountain	mountain
microscopy_color_bottleneck	moderate	0.17999563309454258	rope	rope	rope
microscopy_color_bottleneck	institutional	-0.021487682807664568	rope	rope	rope
microscopy_color_bottleneck	analytical	0.2484043994746921	mountain	mountain	mountain
middlebox_interception	powerless	0.5651802690394981	mountain	tangled_rope	tangled_rope
middlebox_interception	moderate	0.5753759086131316	rope	tangled_rope	tangled_rope
middlebox_interception	institutional	-0.021971029444433233	rope	rope	rope
middlebox_interception	analytical	0.7123639542788058	mountain	snare	snare
monetary_anchor_principle__overdetermined_composite_reading	powerless	0.6738687823163247	mountain	tangled_rope	tangled_rope
monetary_anchor_principle__overdetermined_composite_reading	moderate	0.6860251218079645	rope	tangled_rope	tangled_rope
monetary_anchor_principle__overdetermined_composite_reading	institutional	-0.009011950459823928	rope	rope	rope
monetary_anchor_principle__overdetermined_composite_reading	analytical	0.8493570224093454	mountain	tangled_rope	tangled_rope
monetary_anchor_principle__punctuated_swap_reading	powerless	0.5217048637287675	mountain	tangled_rope	tangled_rope
monetary_anchor_principle__punctuated_swap_reading	moderate	0.5311162233351983	rope	tangled_rope	tangled_rope
monetary_anchor_principle__punctuated_swap_reading	institutional	-0.020280950256399904	rope	rope	rope
monetary_anchor_principle__punctuated_swap_reading	analytical	0.6575667270265899	mountain	tangled_rope	tangled_rope
monetary_anchor_principle__triffin_inevitability_reading	powerless	0.13042621593219186	mountain	mountain	mountain
monetary_anchor_principle__triffin_inevitability_reading	moderate	0.13277905583379956	rope	rope	rope
monetary_anchor_principle__triffin_inevitability_reading	institutional	-0.009630906897865318	rope	rope	rope
monetary_anchor_principle__triffin_inevitability_reading	analytical	0.16439168175664748	mountain	mountain	mountain
monopoly_rulebook__extraction_demo_reading	powerless	0.6303933770055941	mountain	tangled_rope	tangled_rope
monopoly_rulebook__extraction_demo_reading	moderate	0.6417654365300313	rope	tangled_rope	tangled_rope
monopoly_rulebook__extraction_demo_reading	institutional	-0.024506148226483216	rope	rope	rope
monopoly_rulebook__extraction_demo_reading	analytical	0.7945597951571295	mountain	snare	snare
monopoly_rulebook__social_scaffold_reading	powerless	0.4234553695897442	mountain	scaffold	scaffold
monopoly_rulebook__social_scaffold_reading	moderate	0.3832733786957526	rope	scaffold	scaffold
monopoly_rulebook__social_scaffold_reading	institutional	-0.01605575228631659	rope	scaffold	scaffold
monopoly_rulebook__social_scaffold_reading	analytical	0.5205736588960505	mountain	unknown	unknown
monopoly_rulebook__tournament_orthodoxy_reading	powerless	0.08914849886099879	mountain	scaffold	scaffold
monopoly_rulebook__tournament_orthodoxy_reading	moderate	0.08068913235700055	rope	scaffold	scaffold
monopoly_rulebook__tournament_orthodoxy_reading	institutional	-0.003380158376066651	rope	scaffold	scaffold
monopoly_rulebook__tournament_orthodoxy_reading	analytical	0.10959445450443167	mountain	scaffold	scaffold
montevideo_statehood_criteria__constitutive_reading	powerless	0.6303933770055941	mountain	tangled_rope	tangled_rope
montevideo_statehood_criteria__constitutive_reading	moderate	0.6417654365300313	rope	tangled_rope	tangled_rope
montevideo_statehood_criteria__constitutive_reading	institutional	-0.024506148226483216	rope	rope	rope
montevideo_statehood_criteria__constitutive_reading	analytical	0.7945597951571295	mountain	snare	snare
montevideo_statehood_criteria__declaratory_reading	powerless	0.4130163504519409	mountain	tangled_rope	tangled_rope
montevideo_statehood_criteria__declaratory_reading	moderate	0.42046701014036536	rope	tangled_rope	tangled_rope
montevideo_statehood_criteria__declaratory_reading	institutional	-0.01605575228631659	rope	rope	rope
montevideo_statehood_criteria__declaratory_reading	analytical	0.5205736588960505	mountain	tangled_rope	tangled_rope
montevideo_statehood_criteria__hybrid_reading	powerless	0.5651802690394981	mountain	tangled_rope	tangled_rope
montevideo_statehood_criteria__hybrid_reading	moderate	0.5753759086131316	rope	tangled_rope	tangled_rope
montevideo_statehood_criteria__hybrid_reading	institutional	-0.021971029444433233	rope	rope	rope
montevideo_statehood_criteria__hybrid_reading	analytical	0.7123639542788058	mountain	tangled_rope	tangled_rope
monty_hall_conditional_probability	powerless	0.09084006499828075	mountain	mountain	mountain
monty_hall_conditional_probability	moderate	0.07999805915313005	rope	rope	rope
monty_hall_conditional_probability	institutional	-0.009550081247850919	rope	rope	rope
monty_hall_conditional_probability	analytical	0.11040195532208537	mountain	mountain	mountain
multilateral_arms_control_authority_erosion	powerless	0.39447952361798355	mountain	tangled_rope	tangled_rope
multilateral_arms_control_authority_erosion	moderate	0.6417654365300313	rope	tangled_rope	tangled_rope
multilateral_arms_control_authority_erosion	institutional	0.010071504390614185	rope	naturalized	naturalized
multilateral_arms_control_authority_erosion	analytical	0.7945597951571295	mountain	snare	snare
n26usc469_real_estate_exemption	powerless	0.3016	mountain	naturalized	naturalized
n26usc469_real_estate_exemption	moderate	0.620043067570935	rope	tangled_rope	tangled_rope
n26usc469_real_estate_exemption	institutional	-0.024506148226483216	rope	rope	rope
n26usc469_real_estate_exemption	analytical	0.7945597951571295	mountain	snare	snare
nafta_jurisdictional_boundary__capital_supremacy_reading	powerless	0.3224	mountain	naturalized	naturalized
nafta_jurisdictional_boundary__capital_supremacy_reading	moderate	0.6860251218079645	rope	snare	snare
nafta_jurisdictional_boundary__capital_supremacy_reading	institutional	-0.026196227414516545	rope	rope	rope
nafta_jurisdictional_boundary__capital_supremacy_reading	analytical	0.8493570224093454	mountain	snare	snare
nafta_jurisdictional_boundary__embedded_liberalism_reading	powerless	0.4130163504519409	mountain	tangled_rope	tangled_rope
nafta_jurisdictional_boundary__embedded_liberalism_reading	moderate	0.42046701014036536	rope	tangled_rope	tangled_rope
nafta_jurisdictional_boundary__embedded_liberalism_reading	institutional	-0.01605575228631659	rope	rope	rope
nafta_jurisdictional_boundary__embedded_liberalism_reading	analytical	0.5205736588960505	mountain	tangled_rope	tangled_rope
nafta_jurisdictional_boundary__sovereignty_primacy_reading	powerless	0.38040979646889295	mountain	tangled_rope	tangled_rope
nafta_jurisdictional_boundary__sovereignty_primacy_reading	moderate	0.3872722461819154	rope	tangled_rope	tangled_rope
nafta_jurisdictional_boundary__sovereignty_primacy_reading	institutional	-0.014788192895291596	rope	rope	rope
nafta_jurisdictional_boundary__sovereignty_primacy_reading	analytical	0.47947573845688846	mountain	tangled_rope	tangled_rope
naskh_principle__classical_abrogation	powerless	0.5217048637287675	mountain	tangled_rope	tangled_rope
naskh_principle__classical_abrogation	moderate	0.5311162233351983	rope	tangled_rope	tangled_rope
naskh_principle__classical_abrogation	institutional	0.00833503811637036	rope	naturalized	naturalized
naskh_principle__classical_abrogation	analytical	0.6575667270265899	mountain	tangled_rope	tangled_rope
naskh_principle__contextual_harmonization	powerless	0.5583768235555467	mountain	tangled_rope	rope
naskh_principle__contextual_harmonization	moderate	0.5753759086131316	rope	tangled_rope	rope
naskh_principle__contextual_harmonization	institutional	0.0348723944947402	rope	naturalized	rope
naskh_principle__contextual_harmonization	analytical	0.7123639542788058	mountain	tangled_rope	rope
naskh_principle__progressive_restriction	powerless	0.5651802690394981	mountain	tangled_rope	tangled_rope
naskh_principle__progressive_restriction	moderate	0.4905846030879002	rope	tangled_rope	tangled_rope
naskh_principle__progressive_restriction	institutional	-0.021971029444433233	rope	rope	rope
naskh_principle__progressive_restriction	analytical	0.7123639542788058	mountain	tangled_rope	tangled_rope
neural_interface_standardization	powerless	0.3016	mountain	naturalized	naturalized
neural_interface_standardization	moderate	0.6417654365300313	rope	tangled_rope	tangled_rope
neural_interface_standardization	institutional	0.16900379041174604	rope	naturalized	naturalized
neural_interface_standardization	analytical	0.7945597951571295	mountain	snare	snare
neurodivergent_workplace_exclusion	powerless	0.3016	mountain	naturalized	naturalized
neurodivergent_workplace_exclusion	moderate	0.6417654365300313	rope	tangled_rope	tangled_rope
neurodivergent_workplace_exclusion	institutional	0.2333828820613657	rope	naturalized	naturalized
neurodivergent_workplace_exclusion	analytical	0.7945597951571295	mountain	snare	snare
newtons_method_convergence	powerless	0.1362600974974211	mountain	mountain	mountain
newtons_method_convergence	moderate	0.11999708872969506	rope	rope	rope
newtons_method_convergence	institutional	-0.014325121871776378	rope	rope	rope
newtons_method_convergence	analytical	0.16560293298312803	mountain	mountain	mountain
nicene_christological_kernel__homoiousios_reading	powerless	0.4903167437354934	mountain	tangled_rope	tangled_rope
nicene_christological_kernel__homoiousios_reading	moderate	0.48685653805726514	rope	tangled_rope	tangled_rope
nicene_christological_kernel__homoiousios_reading	institutional	-0.01859087106836658	rope	rope	rope
nicene_christological_kernel__homoiousios_reading	analytical	0.6027694997743741	mountain	tangled_rope	tangled_rope
nicene_christological_kernel__homoousios_reading	powerless	0.35359999999999997	mountain	tangled_rope	tangled_rope
nicene_christological_kernel__homoousios_reading	moderate	0.7524146497248644	rope	snare	snare
nicene_christological_kernel__homoousios_reading	institutional	-0.028731346196566535	rope	rope	rope
nicene_christological_kernel__homoousios_reading	analytical	0.9315528632876693	mountain	snare	snare
nicene_creed_authority__boundary_maintenance_reading	powerless	0.4130163504519409	mountain	tangled_rope	tangled_rope
nicene_creed_authority__boundary_maintenance_reading	moderate	0.42046701014036536	rope	tangled_rope	tangled_rope
nicene_creed_authority__boundary_maintenance_reading	institutional	0.11072662130424742	rope	rope	rope
nicene_creed_authority__boundary_maintenance_reading	analytical	0.5205736588960505	mountain	tangled_rope	tangled_rope
nicene_creed_authority__confessional_reading	powerless	0.1337227482914982	mountain	scaffold	scaffold
nicene_creed_authority__confessional_reading	moderate	0.12103369853550082	rope	scaffold	scaffold
nicene_creed_authority__confessional_reading	institutional	-0.005070237564099976	rope	scaffold	scaffold
nicene_creed_authority__confessional_reading	analytical	0.16439168175664748	mountain	scaffold	scaffold
nicene_creed_authority__imperial_uniformity_reading	powerless	0.35359999999999997	mountain	tangled_rope	tangled_rope
nicene_creed_authority__imperial_uniformity_reading	moderate	0.7524146497248644	rope	snare	snare
nicene_creed_authority__imperial_uniformity_reading	institutional	-0.04991505538807157	rope	rope	rope
nicene_creed_authority__imperial_uniformity_reading	analytical	0.9315528632876693	mountain	snare	snare
nicene_creed_authority__liturgical_habituation_reading	powerless	0.08914849886099879	mountain	scaffold	rope
nicene_creed_authority__liturgical_habituation_reading	moderate	0.08068913235700055	rope	scaffold	rope
nicene_creed_authority__liturgical_habituation_reading	institutional	-0.003380158376066651	rope	scaffold	rope
nicene_creed_authority__liturgical_habituation_reading	analytical	0.10959445450443167	mountain	scaffold	rope
nicene_creed_authority__strict_orthodox_reading	powerless	0.3224	mountain	naturalized	naturalized
nicene_creed_authority__strict_orthodox_reading	moderate	0.6860251218079645	rope	snare	snare
nicene_creed_authority__strict_orthodox_reading	institutional	-0.026196227414516545	rope	rope	rope
nicene_creed_authority__strict_orthodox_reading	analytical	0.8493570224093454	mountain	snare	snare
nicene_creed_authority__symbolic_confessional_reading	powerless	0.2005841224372473	mountain	scaffold	scaffold
nicene_creed_authority__symbolic_confessional_reading	moderate	0.18155054780325125	rope	scaffold	scaffold
nicene_creed_authority__symbolic_confessional_reading	institutional	-0.007605356346149964	rope	scaffold	scaffold
nicene_creed_authority__symbolic_confessional_reading	analytical	0.24658752263497122	mountain	scaffold	scaffold
northeast_asian_wmd_proliferation	powerless	0.3016	mountain	naturalized	naturalized
northeast_asian_wmd_proliferation	moderate	0.6417654365300313	rope	tangled_rope	tangled_rope
northeast_asian_wmd_proliferation	institutional	-0.04257460606629633	rope	rope	rope
northeast_asian_wmd_proliferation	analytical	0.7945597951571295	mountain	snare	snare
notability_guidelines__deletionist_reading	powerless	0.35659399544399517	mountain	scaffold	scaffold
notability_guidelines__deletionist_reading	moderate	0.3227565294280022	rope	scaffold	scaffold
notability_guidelines__deletionist_reading	institutional	-0.013520633504266605	rope	scaffold	scaffold
notability_guidelines__deletionist_reading	analytical	0.4383778180177267	mountain	scaffold	scaffold
notability_guidelines__deliberative_reading	powerless	0.35659399544399517	mountain	scaffold	scaffold
notability_guidelines__deliberative_reading	moderate	0.3227565294280022	rope	scaffold	scaffold
notability_guidelines__deliberative_reading	institutional	-0.013520633504266605	rope	scaffold	scaffold
notability_guidelines__deliberative_reading	analytical	0.4383778180177267	mountain	scaffold	scaffold
notability_guidelines__inclusionist_reading	powerless	0.35359999999999997	mountain	tangled_rope	tangled_rope
notability_guidelines__inclusionist_reading	moderate	0.7524146497248644	rope	snare	snare
notability_guidelines__inclusionist_reading	institutional	-0.04991505538807157	rope	rope	rope
notability_guidelines__inclusionist_reading	analytical	0.9315528632876693	mountain	snare	snare
npat_regime_delegitimization	powerless	0.6303933770055941	mountain	tangled_rope	tangled_rope
npat_regime_delegitimization	moderate	0.6417654365300313	rope	tangled_rope	tangled_rope
npat_regime_delegitimization	institutional	-0.024506148226483216	rope	rope	rope
npat_regime_delegitimization	analytical	0.7945597951571295	mountain	snare	snare
npt_article_iv_vi_pairing__abolitionist	powerless	0.35359999999999997	mountain	unknown	unknown
npt_article_iv_vi_pairing__abolitionist	moderate	0.7524146497248644	rope	snare	snare
npt_article_iv_vi_pairing__abolitionist	institutional	0.7762940527397244	rope	snare	snare
npt_article_iv_vi_pairing__abolitionist	analytical	0.9315528632876693	mountain	snare	snare
npt_article_iv_vi_pairing__grand_bargain	powerless	0.6303933770055941	mountain	tangled_rope	tangled_rope
npt_article_iv_vi_pairing__grand_bargain	moderate	0.6417654365300313	rope	tangled_rope	tangled_rope
npt_article_iv_vi_pairing__grand_bargain	institutional	0.20680948117118816	rope	naturalized	naturalized
npt_article_iv_vi_pairing__grand_bargain	analytical	0.7945597951571295	mountain	snare	snare
npt_article_iv_vi_pairing__nonproliferation_primary	powerless	0.3016	mountain	naturalized	naturalized
npt_article_iv_vi_pairing__nonproliferation_primary	moderate	0.6417654365300313	rope	tangled_rope	tangled_rope
npt_article_iv_vi_pairing__nonproliferation_primary	institutional	-0.04257460606629633	rope	rope	rope
npt_article_iv_vi_pairing__nonproliferation_primary	analytical	0.7945597951571295	mountain	snare	snare
npt_treaty_1970__oligopoly_enforcement_reading	powerless	0.3016	mountain	naturalized	naturalized
npt_treaty_1970__oligopoly_enforcement_reading	moderate	0.6417654365300313	rope	tangled_rope	tangled_rope
npt_treaty_1970__oligopoly_enforcement_reading	institutional	0.010071504390614185	rope	naturalized	naturalized
npt_treaty_1970__oligopoly_enforcement_reading	analytical	0.7945597951571295	mountain	snare	snare
npt_treaty_1970__reciprocal_disarmament_reading	powerless	0.6303933770055941	mountain	tangled_rope	tangled_rope
npt_treaty_1970__reciprocal_disarmament_reading	moderate	0.6417654365300313	rope	tangled_rope	tangled_rope
npt_treaty_1970__reciprocal_disarmament_reading	institutional	-0.024506148226483216	rope	rope	rope
npt_treaty_1970__reciprocal_disarmament_reading	analytical	0.7945597951571295	mountain	snare	snare
npt_treaty_1970__withdrawal_sovereignty_reading	powerless	0.3016	mountain	naturalized	naturalized
npt_treaty_1970__withdrawal_sovereignty_reading	moderate	0.6417654365300313	rope	tangled_rope	tangled_rope
npt_treaty_1970__withdrawal_sovereignty_reading	institutional	0.4504003215762957	rope	tangled_rope	tangled_rope
npt_treaty_1970__withdrawal_sovereignty_reading	analytical	0.7945597951571295	mountain	snare	snare
npt_treaty_text__nnws_reading	powerless	0.4130163504519409	mountain	tangled_rope	tangled_rope
npt_treaty_text__nnws_reading	moderate	0.42046701014036536	rope	tangled_rope	tangled_rope
npt_treaty_text__nnws_reading	institutional	0.15290602617813617	rope	rope	rope
npt_treaty_text__nnws_reading	analytical	0.5205736588960505	mountain	tangled_rope	tangled_rope
npt_treaty_text__nws_reading	powerless	0.5869179716948635	mountain	tangled_rope	tangled_rope
npt_treaty_text__nws_reading	moderate	0.5975057512520981	rope	tangled_rope	tangled_rope
npt_treaty_text__nws_reading	institutional	0.0362136404368456	rope	naturalized	naturalized
npt_treaty_text__nws_reading	analytical	0.7397625679049138	mountain	snare	snare
npt_treaty_text__withdrawal_threshold_reading	powerless	0.5651802690394981	mountain	tangled_rope	tangled_rope
npt_treaty_text__withdrawal_threshold_reading	moderate	0.6411276055052599	rope	tangled_rope	tangled_rope
npt_treaty_text__withdrawal_threshold_reading	institutional	-0.021971029444433233	rope	rope	rope
npt_treaty_text__withdrawal_threshold_reading	analytical	0.7123639542788058	mountain	tangled_rope	tangled_rope
nsl_legal_text__democratic_enclosure_reading	powerless	0.40559999999999996	mountain	tangled_rope	tangled_rope
nsl_legal_text__democratic_enclosure_reading	moderate	0.8630638629196973	rope	snare	snare
nsl_legal_text__democratic_enclosure_reading	institutional	-0.03295654416664985	rope	rope	rope
nsl_legal_text__democratic_enclosure_reading	analytical	1.0685459314182089	mountain	snare	snare
nsl_legal_text__jurisdictional_capture_reading	powerless	0.3016	mountain	naturalized	naturalized
nsl_legal_text__jurisdictional_capture_reading	moderate	0.6417654365300313	rope	tangled_rope	tangled_rope
nsl_legal_text__jurisdictional_capture_reading	institutional	-0.024506148226483216	rope	rope	rope
nsl_legal_text__jurisdictional_capture_reading	analytical	0.7945597951571295	mountain	snare	snare
nsl_legal_text__sovereignty_restoration_reading	powerless	0.5651802690394981	mountain	tangled_rope	tangled_rope
nsl_legal_text__sovereignty_restoration_reading	moderate	0.5753759086131316	rope	tangled_rope	tangled_rope
nsl_legal_text__sovereignty_restoration_reading	institutional	-0.048331553245615125	rope	rope	rope
nsl_legal_text__sovereignty_restoration_reading	analytical	0.7123639542788058	mountain	snare	snare
nuclear_impossibility_kernel__credibility_paradox_reading	powerless	0.35359999999999997	mountain	tangled_rope	tangled_rope
nuclear_impossibility_kernel__credibility_paradox_reading	moderate	0.7524146497248644	rope	snare	snare
nuclear_impossibility_kernel__credibility_paradox_reading	institutional	0.07488390552014793	rope	naturalized	naturalized
nuclear_impossibility_kernel__credibility_paradox_reading	analytical	0.9315528632876693	mountain	snare	snare
nuclear_impossibility_kernel__rational_dropout_reading	powerless	0.4130163504519409	mountain	tangled_rope	tangled_rope
nuclear_impossibility_kernel__rational_dropout_reading	moderate	0.42046701014036536	rope	tangled_rope	tangled_rope
nuclear_impossibility_kernel__rational_dropout_reading	institutional	0.0418468883789062	rope	rope	rope
nuclear_impossibility_kernel__rational_dropout_reading	analytical	0.5205736588960505	mountain	tangled_rope	tangled_rope
nuclear_impossibility_kernel__structural_contraction_reading	powerless	0.08914849886099879	mountain	mountain	mountain
nuclear_impossibility_kernel__structural_contraction_reading	moderate	0.08068913235700055	rope	scaffold	scaffold
nuclear_impossibility_kernel__structural_contraction_reading	institutional	-0.003380158376066651	rope	scaffold	scaffold
nuclear_impossibility_kernel__structural_contraction_reading	analytical	0.10959445450443167	mountain	mountain	mountain
ocean_acidification	powerless	0.35359999999999997	mountain	scaffold	scaffold
ocean_acidification	moderate	0.7524146497248644	rope	snare	snare
ocean_acidification	institutional	-0.04991505538807157	rope	scaffold	scaffold
ocean_acidification	analytical	0.9315528632876693	mountain	snare	snare
ocean_governance_fragmentation	powerless	0.3016	mountain	naturalized	naturalized
ocean_governance_fragmentation	moderate	0.5471905188288118	rope	tangled_rope	tangled_rope
ocean_governance_fragmentation	institutional	0.010071504390614185	rope	naturalized	naturalized
ocean_governance_fragmentation	analytical	0.7945597951571295	mountain	snare	snare
one_country_two_systems_framework__autonomy_primacy_reading	powerless	0.6303933770055941	mountain	tangled_rope	tangled_rope
one_country_two_systems_framework__autonomy_primacy_reading	moderate	0.6417654365300313	rope	tangled_rope	tangled_rope
one_country_two_systems_framework__autonomy_primacy_reading	institutional	0.783366179978309	rope	snare	snare
one_country_two_systems_framework__autonomy_primacy_reading	analytical	0.7945597951571295	mountain	snare	snare
one_country_two_systems_framework__balanced_coexistence_reading	powerless	0.5217048637287675	mountain	tangled_rope	rope
one_country_two_systems_framework__balanced_coexistence_reading	moderate	0.5311162233351983	rope	tangled_rope	rope
one_country_two_systems_framework__balanced_coexistence_reading	institutional	0.3727450937183137	rope	tangled_rope	rope
one_country_two_systems_framework__balanced_coexistence_reading	analytical	0.6575667270265899	mountain	tangled_rope	rope
one_country_two_systems_framework__sovereignty_primacy_reading	powerless	0.35359999999999997	mountain	tangled_rope	tangled_rope
one_country_two_systems_framework__sovereignty_primacy_reading	moderate	0.7524146497248644	rope	snare	snare
one_country_two_systems_framework__sovereignty_primacy_reading	institutional	-0.028731346196566535	rope	rope	rope
one_country_two_systems_framework__sovereignty_primacy_reading	analytical	0.9315528632876693	mountain	snare	snare
ontological_friction_resolution	powerless	0.6303933770055941	mountain	tangled_rope	tangled_rope
ontological_friction_resolution	moderate	0.6417654365300313	rope	tangled_rope	tangled_rope
ontological_friction_resolution	institutional	0.06387156647306734	rope	naturalized	naturalized
ontological_friction_resolution	analytical	0.7945597951571295	mountain	snare	snare
openai_default_data_training	powerless	0.3016	mountain	naturalized	naturalized
openai_default_data_training	moderate	0.6417654365300313	rope	tangled_rope	tangled_rope
openai_default_data_training	institutional	-0.024506148226483216	rope	rope	rope
openai_default_data_training	analytical	0.7945597951571295	mountain	snare	snare
openai_health_review	powerless	0.7390818902824207	mountain	snare	snare
openai_health_review	moderate	0.7524146497248644	rope	snare	snare
openai_health_review	institutional	-0.028731346196566535	rope	rope	rope
openai_health_review	analytical	0.9315528632876693	mountain	snare	snare
openclaw_regulation	powerless	0.3016	mountain	naturalized	naturalized
openclaw_regulation	moderate	0.6417654365300313	rope	tangled_rope	tangled_rope
openclaw_regulation	institutional	0.16900379041174604	rope	naturalized	naturalized
openclaw_regulation	analytical	0.7945597951571295	mountain	snare	snare
optimization_under_uncertainty	powerless	0.3016	mountain	naturalized	naturalized
optimization_under_uncertainty	moderate	0.6417654365300313	rope	tangled_rope	tangled_rope
optimization_under_uncertainty	institutional	0.010071504390614185	rope	naturalized	naturalized
optimization_under_uncertainty	analytical	0.7945597951571295	mountain	snare	snare
organ_scarcity_moral_rationing	powerless	0.3016	mountain	naturalized	naturalized
organ_scarcity_moral_rationing	moderate	0.6417654365300313	rope	tangled_rope	tangled_rope
organ_scarcity_moral_rationing	institutional	-0.024506148226483216	rope	rope	rope
organ_scarcity_moral_rationing	analytical	0.7945597951571295	mountain	snare	snare
ost_article_ii_non_appropriation__commons_conservation	powerless	0.6303933770055941	mountain	tangled_rope	tangled_rope
ost_article_ii_non_appropriation__commons_conservation	moderate	0.6417654365300313	rope	tangled_rope	tangled_rope
ost_article_ii_non_appropriation__commons_conservation	institutional	-0.024506148226483216	rope	rope	rope
ost_article_ii_non_appropriation__commons_conservation	analytical	0.7945597951571295	mountain	snare	snare
ost_article_ii_non_appropriation__extraction_permissive	powerless	0.6303933770055941	mountain	tangled_rope	tangled_rope
ost_article_ii_non_appropriation__extraction_permissive	moderate	0.6417654365300313	rope	tangled_rope	tangled_rope
ost_article_ii_non_appropriation__extraction_permissive	institutional	-0.024506148226483216	rope	rope	rope
ost_article_ii_non_appropriation__extraction_permissive	analytical	0.7945597951571295	mountain	tangled_rope	tangled_rope
ost_article_ii_non_appropriation__international_regime	powerless	0.38455325810097063	mountain	scaffold	scaffold
ost_article_ii_non_appropriation__international_regime	moderate	0.3530149540618774	rope	scaffold	scaffold
ost_article_ii_non_appropriation__international_regime	institutional	-0.005087391388610282	rope	scaffold	scaffold
ost_article_ii_non_appropriation__international_regime	analytical	0.47947573845688846	mountain	unknown	unknown
overbite_developmental_drift	powerless	0.145240438242601	mountain	scaffold	rope
overbite_developmental_drift	moderate	0.18155054780325125	rope	scaffold	rope
overbite_developmental_drift	institutional	-0.013212808779195414	rope	scaffold	rope
overbite_developmental_drift	analytical	0.24658752263497122	mountain	scaffold	rope
paleoclimate_proxy_substitution	powerless	0.5651802690394981	mountain	tangled_rope	rope
paleoclimate_proxy_substitution	moderate	0.5753759086131316	rope	tangled_rope	rope
paleoclimate_proxy_substitution	institutional	0.15152063967949647	rope	naturalized	rope
paleoclimate_proxy_substitution	analytical	0.7123639542788058	mountain	tangled_rope	rope
papal_temporal_authority_mountain	powerless	0.2005841224372473	mountain	mountain	mountain
papal_temporal_authority_mountain	moderate	0.18155054780325125	rope	scaffold	scaffold
papal_temporal_authority_mountain	institutional	-0.007605356346149964	rope	scaffold	scaffold
papal_temporal_authority_mountain	analytical	0.24658752263497122	mountain	mountain	mountain
paris_article_4_ndc__equity_reading	powerless	0.5217048637287675	mountain	tangled_rope	tangled_rope
paris_article_4_ndc__equity_reading	moderate	0.5311162233351983	rope	tangled_rope	tangled_rope
paris_article_4_ndc__equity_reading	institutional	-0.020280950256399904	rope	rope	rope
paris_article_4_ndc__equity_reading	analytical	0.6575667270265899	mountain	tangled_rope	tangled_rope
paris_article_4_ndc__sovereigntist_reading	powerless	0.3120197460134958	mountain	scaffold	scaffold
paris_article_4_ndc__sovereigntist_reading	moderate	0.28241196324950196	rope	scaffold	scaffold
paris_article_4_ndc__sovereigntist_reading	institutional	-0.01183055431623328	rope	scaffold	scaffold
paris_article_4_ndc__sovereigntist_reading	analytical	0.3835805907655109	mountain	scaffold	scaffold
paris_article_4_ndc__supranational_reading	powerless	0.3016	mountain	naturalized	naturalized
paris_article_4_ndc__supranational_reading	moderate	0.5471905188288118	rope	tangled_rope	tangled_rope
paris_article_4_ndc__supranational_reading	institutional	-0.024506148226483216	rope	rope	rope
paris_article_4_ndc__supranational_reading	analytical	0.7945597951571295	mountain	snare	snare
pathologization_of_poverty_and_marginalization	powerless	0.35359999999999997	mountain	tangled_rope	tangled_rope
pathologization_of_poverty_and_marginalization	moderate	0.5781165432332518	rope	tangled_rope	tangled_rope
pathologization_of_poverty_and_marginalization	institutional	-0.028731346196566535	rope	rope	rope
pathologization_of_poverty_and_marginalization	analytical	0.9315528632876693	mountain	snare	snare
performative_vs_epistemic_conflict	powerless	0.5651802690394981	mountain	tangled_rope	tangled_rope
performative_vs_epistemic_conflict	moderate	0.5753759086131316	rope	tangled_rope	tangled_rope
performative_vs_epistemic_conflict	institutional	-0.021971029444433233	rope	rope	rope
performative_vs_epistemic_conflict	analytical	0.7123639542788058	mountain	tangled_rope	tangled_rope
permissive_license_text__commons_coordination_reading	powerless	0.1337227482914982	mountain	scaffold	scaffold
permissive_license_text__commons_coordination_reading	moderate	0.12103369853550082	rope	scaffold	scaffold
permissive_license_text__commons_coordination_reading	institutional	-0.005070237564099976	rope	scaffold	scaffold
permissive_license_text__commons_coordination_reading	analytical	0.16439168175664748	mountain	scaffold	scaffold
permissive_license_text__copyleft_counterfactual_reading	powerless	0.6738687823163247	mountain	snare	snare
permissive_license_text__copyleft_counterfactual_reading	moderate	0.6860251218079645	rope	snare	snare
permissive_license_text__copyleft_counterfactual_reading	institutional	-0.026196227414516545	rope	rope	rope
permissive_license_text__copyleft_counterfactual_reading	analytical	0.8493570224093454	mountain	snare	snare
permissive_license_text__corporate_moat_reading	powerless	0.6303933770055941	mountain	tangled_rope	tangled_rope
permissive_license_text__corporate_moat_reading	moderate	0.6417654365300313	rope	tangled_rope	tangled_rope
permissive_license_text__corporate_moat_reading	institutional	-0.024506148226483216	rope	rope	rope
permissive_license_text__corporate_moat_reading	analytical	0.7945597951571295	mountain	snare	snare
perovskite_solar_cell_certification_gap	powerless	0.5651802690394981	mountain	tangled_rope	tangled_rope
perovskite_solar_cell_certification_gap	moderate	0.5753759086131316	rope	tangled_rope	tangled_rope
perovskite_solar_cell_certification_gap	institutional	-0.021971029444433233	rope	rope	rope
perovskite_solar_cell_certification_gap	analytical	0.7123639542788058	mountain	tangled_rope	tangled_rope
personal_data_market_concentration	powerless	0.35359999999999997	mountain	tangled_rope	tangled_rope
personal_data_market_concentration	moderate	0.7524146497248644	rope	snare	snare
personal_data_market_concentration	institutional	0.1981423749654954	rope	naturalized	naturalized
personal_data_market_concentration	analytical	0.9315528632876693	mountain	snare	snare
personhood_boundary__birth_reading	powerless	0.3043278371751144	mountain	unknown	unknown
personhood_boundary__birth_reading	moderate	0.3098177969455324	rope	rope	rope
personhood_boundary__birth_reading	institutional	-0.01183055431623328	rope	rope	rope
personhood_boundary__birth_reading	analytical	0.3835805907655109	mountain	unknown	unknown
personhood_boundary__birth_threshold_reading	powerless	0.35359999999999997	mountain	tangled_rope	tangled_rope
personhood_boundary__birth_threshold_reading	moderate	0.7524146497248644	rope	snare	snare
personhood_boundary__birth_threshold_reading	institutional	-0.028731346196566535	rope	rope	rope
personhood_boundary__birth_threshold_reading	analytical	0.9315528632876693	mountain	snare	snare
personhood_boundary__conception_reading	powerless	0.7390818902824207	mountain	snare	snare
personhood_boundary__conception_reading	moderate	0.7524146497248644	rope	snare	snare
personhood_boundary__conception_reading	institutional	-0.028731346196566535	rope	rope	rope
personhood_boundary__conception_reading	analytical	0.9315528632876693	mountain	snare	snare
personhood_boundary__developmental_capacity_reading	powerless	0.3016	mountain	naturalized	naturalized
personhood_boundary__developmental_capacity_reading	moderate	0.5849962095882539	rope	tangled_rope	tangled_rope
personhood_boundary__developmental_capacity_reading	institutional	-0.024506148226483216	rope	rope	rope
personhood_boundary__developmental_capacity_reading	analytical	0.7945597951571295	mountain	snare	snare
personhood_boundary__spartan_eugenic_reading	powerless	0.8477704035592473	mountain	snare	snare
personhood_boundary__spartan_eugenic_reading	moderate	0.8630638629196973	rope	snare	snare
personhood_boundary__spartan_eugenic_reading	institutional	-0.03295654416664985	rope	rope	rope
personhood_boundary__spartan_eugenic_reading	analytical	1.0685459314182089	mountain	snare	snare
personhood_boundary__viability_reading	powerless	0.552102746821546	mountain	tangled_rope	tangled_rope
personhood_boundary__viability_reading	moderate	0.6417654365300313	rope	tangled_rope	tangled_rope
personhood_boundary__viability_reading	institutional	-0.024506148226483216	rope	rope	rope
personhood_boundary__viability_reading	analytical	0.7945597951571295	mountain	snare	snare
pharmaceutical_safety_obfuscation	powerless	0.3016	mountain	naturalized	naturalized
pharmaceutical_safety_obfuscation	moderate	0.6417654365300313	rope	tangled_rope	tangled_rope
pharmaceutical_safety_obfuscation	institutional	0.11223456346996855	rope	naturalized	naturalized
pharmaceutical_safety_obfuscation	analytical	0.7945597951571295	mountain	snare	snare
planar_graph_embeddability	powerless	0.09084006499828075	mountain	mountain	mountain
planar_graph_embeddability	moderate	0.07999805915313005	rope	rope	rope
planar_graph_embeddability	institutional	-0.009550081247850919	rope	rope	rope
planar_graph_embeddability	analytical	0.11040195532208537	mountain	mountain	mountain
platform_content_moderation_snare	powerless	0.35359999999999997	mountain	tangled_rope	tangled_rope
platform_content_moderation_snare	moderate	0.7524146497248644	rope	snare	snare
platform_content_moderation_snare	institutional	0.07488390552014793	rope	naturalized	naturalized
platform_content_moderation_snare	analytical	0.9315528632876693	mountain	snare	snare
platform_copyright_liability_shift	powerless	0.16544758493695055	mountain	naturalized	naturalized
platform_copyright_liability_shift	moderate	0.6417654365300313	rope	tangled_rope	tangled_rope
platform_copyright_liability_shift	institutional	-0.04257460606629633	rope	rope	rope
platform_copyright_liability_shift	analytical	0.7945597951571295	mountain	snare	snare
platform_lock_in_extraction	powerless	0.3016	mountain	naturalized	naturalized
platform_lock_in_extraction	moderate	0.6417654365300313	rope	tangled_rope	tangled_rope
platform_lock_in_extraction	institutional	-0.04257460606629633	rope	rope	rope
platform_lock_in_extraction	analytical	0.7945597951571295	mountain	snare	snare
plural_marriage_mandate__endogenous_reinterpretation_reading	powerless	0.4175149659381967	mountain	scaffold	scaffold
plural_marriage_mandate__endogenous_reinterpretation_reading	moderate	0.3832733786957526	rope	scaffold	scaffold
plural_marriage_mandate__endogenous_reinterpretation_reading	institutional	-0.01605575228631659	rope	scaffold	scaffold
plural_marriage_mandate__endogenous_reinterpretation_reading	analytical	0.5205736588960505	mountain	unknown	unknown
plural_marriage_mandate__exogenous_override_reading	powerless	0.7390818902824207	mountain	snare	snare
plural_marriage_mandate__exogenous_override_reading	moderate	0.7524146497248644	rope	snare	snare
plural_marriage_mandate__exogenous_override_reading	institutional	-0.028731346196566535	rope	rope	rope
plural_marriage_mandate__exogenous_override_reading	analytical	0.9315528632876693	mountain	snare	snare
plural_marriage_mandate__institutional_pragmatism_reading	powerless	0.6303933770055941	mountain	tangled_rope	tangled_rope
plural_marriage_mandate__institutional_pragmatism_reading	moderate	0.6417654365300313	rope	tangled_rope	tangled_rope
plural_marriage_mandate__institutional_pragmatism_reading	institutional	0.09186683736905867	rope	piton	piton
plural_marriage_mandate__institutional_pragmatism_reading	analytical	0.7945597951571295	mountain	snare	snare
political_autonomy_mainland_territories	powerless	0.6303933770055941	mountain	tangled_rope	tangled_rope
political_autonomy_mainland_territories	moderate	0.6417654365300313	rope	tangled_rope	tangled_rope
political_autonomy_mainland_territories	institutional	-0.024506148226483216	rope	rope	rope
political_autonomy_mainland_territories	analytical	0.7945597951571295	mountain	snare	snare
poverty_trap_asset_seizure	powerless	0.8477704035592473	mountain	snare	snare
poverty_trap_asset_seizure	moderate	0.8630638629196973	rope	snare	snare
poverty_trap_asset_seizure	institutional	-0.0572555047098468	rope	rope	rope
poverty_trap_asset_seizure	analytical	1.0685459314182089	mountain	snare	snare
power_indexed_classification_variance	powerless	0.5217048637287675	mountain	tangled_rope	tangled_rope
power_indexed_classification_variance	moderate	0.5311162233351983	rope	tangled_rope	tangled_rope
power_indexed_classification_variance	institutional	-0.020280950256399904	rope	rope	rope
power_indexed_classification_variance	analytical	0.6575667270265899	mountain	tangled_rope	tangled_rope
preah_vihear_territorial_claim	powerless	0.10716554594325206	mountain	naturalized	naturalized
preah_vihear_territorial_claim	moderate	0.6417654365300313	rope	tangled_rope	tangled_rope
preah_vihear_territorial_claim	institutional	-0.024506148226483216	rope	rope	rope
preah_vihear_territorial_claim	analytical	0.7945597951571295	mountain	snare	snare
predictive_surveillance_extractiveness	powerless	0.40559999999999996	mountain	tangled_rope	tangled_rope
predictive_surveillance_extractiveness	moderate	0.8630638629196973	rope	snare	snare
predictive_surveillance_extractiveness	institutional	-0.03295654416664985	rope	rope	rope
predictive_surveillance_extractiveness	analytical	1.0685459314182089	mountain	snare	snare
preparedness_commitment__competence_reading	powerless	0.2005841224372473	mountain	scaffold	scaffold
preparedness_commitment__competence_reading	moderate	0.18155054780325125	rope	scaffold	scaffold
preparedness_commitment__competence_reading	institutional	-0.007605356346149964	rope	scaffold	scaffold
preparedness_commitment__competence_reading	analytical	0.24658752263497122	mountain	scaffold	scaffold
preparedness_commitment__husk_reading	powerless	0.6303933770055941	mountain	unknown	unknown
preparedness_commitment__husk_reading	moderate	0.6417654365300313	rope	unknown	unknown
preparedness_commitment__husk_reading	institutional	-0.024506148226483216	rope	rope	rope
preparedness_commitment__husk_reading	analytical	0.7945597951571295	mountain	snare	snare
preparedness_commitment__hybrid_reading	powerless	0.4130163504519409	mountain	tangled_rope	tangled_rope
preparedness_commitment__hybrid_reading	moderate	0.42046701014036536	rope	tangled_rope	tangled_rope
preparedness_commitment__hybrid_reading	institutional	-0.005523453507634021	rope	rope	rope
preparedness_commitment__hybrid_reading	analytical	0.5205736588960505	mountain	tangled_rope	tangled_rope
preparedness_retention__competence_reading	powerless	0.15933486700055952	mountain	scaffold	scaffold
preparedness_retention__competence_reading	moderate	0.18155054780325125	rope	scaffold	scaffold
preparedness_retention__competence_reading	institutional	-0.007605356346149964	rope	scaffold	scaffold
preparedness_retention__competence_reading	analytical	0.24658752263497122	mountain	scaffold	scaffold
preparedness_retention__husk_reading	powerless	0.16544758493695055	mountain	piton	piton
preparedness_retention__husk_reading	moderate	0.6417654365300313	rope	tangled_rope	tangled_rope
preparedness_retention__husk_reading	institutional	-0.024506148226483216	rope	rope	rope
preparedness_retention__husk_reading	analytical	0.7945597951571295	mountain	snare	snare
preparedness_retention__hybrid_reading	powerless	0.4130163504519409	mountain	tangled_rope	tangled_rope
preparedness_retention__hybrid_reading	moderate	0.42046701014036536	rope	tangled_rope	tangled_rope
preparedness_retention__hybrid_reading	institutional	-0.005523453507634021	rope	rope	rope
preparedness_retention__hybrid_reading	analytical	0.5205736588960505	mountain	tangled_rope	tangled_rope
preparedness_transmission__competence_reading	powerless	0.2451583718677467	mountain	scaffold	scaffold
preparedness_transmission__competence_reading	moderate	0.22189511398175152	rope	scaffold	scaffold
preparedness_transmission__competence_reading	institutional	-0.00929543553418329	rope	scaffold	scaffold
preparedness_transmission__competence_reading	analytical	0.30138474988718705	mountain	scaffold	scaffold
preparedness_transmission__husk_reading	powerless	0.5651802690394981	mountain	tangled_rope	tangled_rope
preparedness_transmission__husk_reading	moderate	0.5753759086131316	rope	tangled_rope	tangled_rope
preparedness_transmission__husk_reading	institutional	-0.021971029444433233	rope	rope	rope
preparedness_transmission__husk_reading	analytical	0.7123639542788058	mountain	snare	snare
preparedness_transmission__hybrid_reading	powerless	0.4130163504519409	mountain	tangled_rope	tangled_rope
preparedness_transmission__hybrid_reading	moderate	0.42046701014036536	rope	tangled_rope	tangled_rope
preparedness_transmission__hybrid_reading	institutional	-0.01605575228631659	rope	rope	rope
preparedness_transmission__hybrid_reading	analytical	0.5205736588960505	mountain	tangled_rope	tangled_rope
press_reformation_causality__beneficiary_deployment	powerless	0.4130163504519409	mountain	tangled_rope	tangled_rope
press_reformation_causality__beneficiary_deployment	moderate	0.42046701014036536	rope	tangled_rope	tangled_rope
press_reformation_causality__beneficiary_deployment	institutional	0.46851632709999763	rope	tangled_rope	tangled_rope
press_reformation_causality__beneficiary_deployment	analytical	0.5205736588960505	mountain	tangled_rope	tangled_rope
press_reformation_causality__precondition_convergence	powerless	0.39002468251686967	mountain	scaffold	scaffold
press_reformation_causality__precondition_convergence	moderate	0.3530149540618774	rope	scaffold	scaffold
press_reformation_causality__precondition_convergence	institutional	-0.014788192895291596	rope	scaffold	scaffold
press_reformation_causality__precondition_convergence	analytical	0.47947573845688846	mountain	unknown	unknown
press_reformation_causality__technological_inevitability	powerless	0.08914849886099879	mountain	mountain	mountain
press_reformation_causality__technological_inevitability	moderate	0.08068913235700055	rope	scaffold	scaffold
press_reformation_causality__technological_inevitability	institutional	-0.003380158376066651	rope	scaffold	scaffold
press_reformation_causality__technological_inevitability	analytical	0.10959445450443167	mountain	mountain	mountain
press_reformation_causation__mutual_shaping	powerless	0.38040979646889295	mountain	tangled_rope	tangled_rope
press_reformation_causation__mutual_shaping	moderate	0.3872722461819154	rope	tangled_rope	tangled_rope
press_reformation_causation__mutual_shaping	institutional	-0.014788192895291596	rope	rope	rope
press_reformation_causation__mutual_shaping	analytical	0.47947573845688846	mountain	tangled_rope	tangled_rope
press_reformation_causation__strategic_deployment	powerless	0.5651802690394981	mountain	tangled_rope	rope
press_reformation_causation__strategic_deployment	moderate	0.5753759086131316	rope	tangled_rope	rope
press_reformation_causation__strategic_deployment	institutional	0.6979710294444333	rope	tangled_rope	rope
press_reformation_causation__strategic_deployment	analytical	0.7123639542788058	mountain	tangled_rope	rope
press_reformation_causation__technological_determinism	powerless	0.09084006499828075	mountain	mountain	mountain
press_reformation_causation__technological_determinism	moderate	0.07999805915313005	rope	rope	rope
press_reformation_causation__technological_determinism	institutional	-0.009550081247850919	rope	rope	rope
press_reformation_causation__technological_determinism	analytical	0.11040195532208537	mountain	mountain	mountain
preventive_medicine_implementation_gap	powerless	0.3536712970368129	mountain	tangled_rope	tangled_rope
preventive_medicine_implementation_gap	moderate	0.5753759086131316	rope	tangled_rope	tangled_rope
preventive_medicine_implementation_gap	institutional	0.009029624626067892	rope	naturalized	naturalized
preventive_medicine_implementation_gap	analytical	0.7123639542788058	mountain	snare	snare
primary_election_capture	powerless	0.3603202572610366	mountain	tangled_rope	tangled_rope
primary_election_capture	moderate	0.6417654365300313	rope	tangled_rope	tangled_rope
primary_election_capture	institutional	-0.04257460606629633	rope	rope	rope
primary_election_capture	analytical	0.7945597951571295	mountain	snare	snare
privilege_architecture_coordination	powerless	0.4234553695897442	mountain	scaffold	scaffold
privilege_architecture_coordination	moderate	0.3832733786957526	rope	scaffold	scaffold
privilege_architecture_coordination	institutional	-0.01605575228631659	rope	scaffold	scaffold
privilege_architecture_coordination	analytical	0.5205736588960505	mountain	unknown	unknown
processed_food_sodium_targeting	powerless	0.3016	mountain	naturalized	naturalized
processed_food_sodium_targeting	moderate	0.6621331626309412	rope	snare	snare
processed_food_sodium_targeting	institutional	-0.024506148226483216	rope	rope	rope
processed_food_sodium_targeting	analytical	0.7945597951571295	mountain	snare	snare
professional_licensing_barriers	powerless	0.5651802690394981	mountain	tangled_rope	tangled_rope
professional_licensing_barriers	moderate	0.5753759086131316	rope	tangled_rope	tangled_rope
professional_licensing_barriers	institutional	-0.021971029444433233	rope	rope	rope
professional_licensing_barriers	analytical	0.7123639542788058	mountain	snare	snare
professional_table_tennis_labor_markets	powerless	0.3016	mountain	naturalized	naturalized
professional_table_tennis_labor_markets	moderate	0.6417654365300313	rope	tangled_rope	tangled_rope
professional_table_tennis_labor_markets	institutional	-0.024506148226483216	rope	rope	rope
professional_table_tennis_labor_markets	analytical	0.7945597951571295	mountain	snare	snare
provincial_tax_collection	powerless	0.5651802690394981	mountain	tangled_rope	tangled_rope
provincial_tax_collection	moderate	0.5753759086131316	rope	tangled_rope	tangled_rope
provincial_tax_collection	institutional	0.057264163044819	rope	naturalized	naturalized
provincial_tax_collection	analytical	0.7123639542788058	mountain	snare	snare
public_health_mandate_authority__bodily_autonomy_primary	powerless	0.7390818902824207	mountain	snare	snare
public_health_mandate_authority__bodily_autonomy_primary	moderate	0.7524146497248644	rope	snare	snare
public_health_mandate_authority__bodily_autonomy_primary	institutional	-0.05457513908790348	rope	rope	rope
public_health_mandate_authority__bodily_autonomy_primary	analytical	0.9315528632876693	mountain	snare	snare
public_health_mandate_authority__proportionality_reading	powerless	0.5651802690394981	mountain	tangled_rope	tangled_rope
public_health_mandate_authority__proportionality_reading	moderate	0.46676017470360315	rope	tangled_rope	tangled_rope
public_health_mandate_authority__proportionality_reading	institutional	-0.038170336473231196	rope	rope	rope
public_health_mandate_authority__proportionality_reading	analytical	0.7123639542788058	mountain	tangled_rope	tangled_rope
public_health_mandate_authority__public_health_primary	powerless	0.3016	mountain	naturalized	naturalized
public_health_mandate_authority__public_health_primary	moderate	0.6417654365300313	rope	tangled_rope	tangled_rope
public_health_mandate_authority__public_health_primary	institutional	0.010071504390614185	rope	naturalized	naturalized
public_health_mandate_authority__public_health_primary	analytical	0.7945597951571295	mountain	snare	snare
qualified_immunity_doctrine__accountability_void_reading	powerless	0.5032058765197236	mountain	tangled_rope	tangled_rope
qualified_immunity_doctrine__accountability_void_reading	moderate	0.8962586268781473	rope	snare	snare
qualified_immunity_doctrine__accountability_void_reading	institutional	-0.04747119692786895	rope	rope	rope
qualified_immunity_doctrine__accountability_void_reading	analytical	1.1096438518573708	mountain	snare	snare
qualified_immunity_doctrine__constitutional_fidelity_reading	powerless	0.7390818902824207	mountain	snare	snare
qualified_immunity_doctrine__constitutional_fidelity_reading	moderate	0.7524146497248644	rope	snare	snare
qualified_immunity_doctrine__constitutional_fidelity_reading	institutional	-0.04991505538807157	rope	rope	rope
qualified_immunity_doctrine__constitutional_fidelity_reading	analytical	0.9315528632876693	mountain	snare	snare
qualified_immunity_doctrine__protective_scaffold_reading	powerless	0.5217048637287675	mountain	tangled_rope	tangled_rope
qualified_immunity_doctrine__protective_scaffold_reading	moderate	0.5311162233351983	rope	tangled_rope	tangled_rope
qualified_immunity_doctrine__protective_scaffold_reading	institutional	-0.020280950256399904	rope	rope	rope
qualified_immunity_doctrine__protective_scaffold_reading	analytical	0.6575667270265899	mountain	tangled_rope	tangled_rope
quantum_critical_point_superconductivity	powerless	0.3354705843464824	mountain	naturalized	naturalized
quantum_critical_point_superconductivity	moderate	0.5975057512520981	rope	tangled_rope	tangled_rope
quantum_critical_point_superconductivity	institutional	-0.022816069038449894	rope	rope	rope
quantum_critical_point_superconductivity	analytical	0.7397625679049138	mountain	snare	snare
quantum_formalism__copenhagen_reading	powerless	0.6303933770055941	mountain	tangled_rope	tangled_rope
quantum_formalism__copenhagen_reading	moderate	0.6417654365300313	rope	tangled_rope	tangled_rope
quantum_formalism__copenhagen_reading	institutional	-0.024506148226483216	rope	rope	rope
quantum_formalism__copenhagen_reading	analytical	0.7945597951571295	mountain	tangled_rope	tangled_rope
quantum_formalism__many_worlds_reading	powerless	0.4130163504519409	mountain	tangled_rope	tangled_rope
quantum_formalism__many_worlds_reading	moderate	0.42046701014036536	rope	tangled_rope	tangled_rope
quantum_formalism__many_worlds_reading	institutional	-0.01605575228631659	rope	rope	rope
quantum_formalism__many_worlds_reading	analytical	0.5205736588960505	mountain	tangled_rope	tangled_rope
quantum_formalism__pilot_wave_reading	powerless	0.4130163504519409	mountain	tangled_rope	tangled_rope
quantum_formalism__pilot_wave_reading	moderate	0.42046701014036536	rope	tangled_rope	tangled_rope
quantum_formalism__pilot_wave_reading	institutional	0.13549586697422675	rope	rope	rope
quantum_formalism__pilot_wave_reading	analytical	0.5205736588960505	mountain	tangled_rope	tangled_rope
quran_9_5_scope__abrogating_universal	powerless	0.03648188962526668	mountain	naturalized	naturalized
quran_9_5_scope__abrogating_universal	moderate	0.7524146497248644	rope	snare	snare
quran_9_5_scope__abrogating_universal	institutional	0.011807970664858013	rope	naturalized	naturalized
quran_9_5_scope__abrogating_universal	analytical	0.9315528632876693	mountain	snare	snare
quran_9_5_scope__contextual_defensive	powerless	0.3120197460134958	mountain	scaffold	scaffold
quran_9_5_scope__contextual_defensive	moderate	0.28241196324950196	rope	scaffold	scaffold
quran_9_5_scope__contextual_defensive	institutional	0.004862105567882712	rope	scaffold	scaffold
quran_9_5_scope__contextual_defensive	analytical	0.3835805907655109	mountain	scaffold	scaffold
quran_9_5_scope__progressive_synthesis	powerless	0.38040979646889295	mountain	tangled_rope	tangled_rope
quran_9_5_scope__progressive_synthesis	moderate	0.3872722461819154	rope	tangled_rope	tangled_rope
quran_9_5_scope__progressive_synthesis	institutional	-0.014788192895291596	rope	rope	rope
quran_9_5_scope__progressive_synthesis	analytical	0.47947573845688846	mountain	tangled_rope	tangled_rope
quran_hadith_substrate__reformist_ijtihad	powerless	0.45649175576267154	mountain	tangled_rope	tangled_rope
quran_hadith_substrate__reformist_ijtihad	moderate	0.46472669541829853	rope	tangled_rope	tangled_rope
quran_hadith_substrate__reformist_ijtihad	institutional	-0.017745831474349917	rope	rope	rope
quran_hadith_substrate__reformist_ijtihad	analytical	0.5753708861482661	mountain	tangled_rope	tangled_rope
quran_hadith_substrate__state_hybrid	powerless	0.4130163504519409	mountain	tangled_rope	tangled_rope
quran_hadith_substrate__state_hybrid	moderate	0.42046701014036536	rope	tangled_rope	tangled_rope
quran_hadith_substrate__state_hybrid	institutional	-0.027893707422745877	rope	rope	rope
quran_hadith_substrate__state_hybrid	analytical	0.5205736588960505	mountain	tangled_rope	tangled_rope
quran_hadith_substrate__traditionalist_taqlid	powerless	0.3224	mountain	naturalized	naturalized
quran_hadith_substrate__traditionalist_taqlid	moderate	0.6860251218079645	rope	snare	snare
quran_hadith_substrate__traditionalist_taqlid	institutional	0.010766090900311717	rope	naturalized	naturalized
quran_hadith_substrate__traditionalist_taqlid	analytical	0.8493570224093454	mountain	snare	snare
quran_ontological_status__created_reading	powerless	0.5217048637287675	mountain	tangled_rope	tangled_rope
quran_ontological_status__created_reading	moderate	0.5311162233351983	rope	tangled_rope	tangled_rope
quran_ontological_status__created_reading	institutional	-0.020280950256399904	rope	rope	rope
quran_ontological_status__created_reading	analytical	0.6575667270265899	mountain	tangled_rope	tangled_rope
quran_ontological_status__state_enforced_creation_reading	powerless	0.35359999999999997	mountain	tangled_rope	tangled_rope
quran_ontological_status__state_enforced_creation_reading	moderate	0.7524146497248644	rope	snare	snare
quran_ontological_status__state_enforced_creation_reading	institutional	-0.028731346196566535	rope	rope	rope
quran_ontological_status__state_enforced_creation_reading	analytical	0.9315528632876693	mountain	snare	snare
quran_ontological_status__uncreated_reading	powerless	0.3016	mountain	naturalized	naturalized
quran_ontological_status__uncreated_reading	moderate	0.6417654365300313	rope	tangled_rope	tangled_rope
quran_ontological_status__uncreated_reading	institutional	-0.053908270927801476	rope	rope	rope
quran_ontological_status__uncreated_reading	analytical	0.7701185238360375	mountain	snare	snare
quranic_gender_verses__contextual_egalitarian	powerless	0.5651802690394981	mountain	tangled_rope	tangled_rope
quranic_gender_verses__contextual_egalitarian	moderate	0.5753759086131316	rope	tangled_rope	tangled_rope
quranic_gender_verses__contextual_egalitarian	institutional	-0.007558410063078134	rope	rope	rope
quranic_gender_verses__contextual_egalitarian	analytical	0.7123639542788058	mountain	snare	snare
quranic_gender_verses__literal_hierarchical	powerless	0.35359999999999997	mountain	tangled_rope	tangled_rope
quranic_gender_verses__literal_hierarchical	moderate	0.918429314457328	rope	snare	snare
quranic_gender_verses__literal_hierarchical	institutional	-0.028731346196566535	rope	rope	rope
quranic_gender_verses__literal_hierarchical	analytical	0.9315528632876693	mountain	snare	snare
quranic_gender_verses__progressive_abrogation	powerless	0.40559999999999996	mountain	tangled_rope	tangled_rope
quranic_gender_verses__progressive_abrogation	moderate	0.8630638629196973	rope	snare	snare
quranic_gender_verses__progressive_abrogation	institutional	0.08589624456722851	rope	naturalized	naturalized
quranic_gender_verses__progressive_abrogation	analytical	1.0685459314182089	mountain	snare	snare
qwerty_persistence__incumbent_preservation_reading	powerless	0.2704	mountain	naturalized	naturalized
qwerty_persistence__incumbent_preservation_reading	moderate	0.5753759086131316	rope	tangled_rope	tangled_rope
qwerty_persistence__incumbent_preservation_reading	institutional	-0.038170336473231196	rope	rope	rope
qwerty_persistence__incumbent_preservation_reading	analytical	0.7123639542788058	mountain	snare	snare
qwerty_persistence__lapsed_alternatives_reading	powerless	0.20439014624613164	mountain	unknown	unknown
qwerty_persistence__lapsed_alternatives_reading	moderate	0.17999563309454258	rope	rope	rope
qwerty_persistence__lapsed_alternatives_reading	institutional	-0.021487682807664568	rope	rope	rope
qwerty_persistence__lapsed_alternatives_reading	analytical	0.2484043994746921	mountain	rope	rope
qwerty_persistence_inevitability__path_dependency_reading	powerless	0.09084006499828075	mountain	mountain	mountain
qwerty_persistence_inevitability__path_dependency_reading	moderate	0.07999805915313005	rope	rope	rope
qwerty_persistence_inevitability__path_dependency_reading	institutional	-0.009550081247850919	rope	rope	rope
qwerty_persistence_inevitability__path_dependency_reading	analytical	0.11040195532208537	mountain	mountain	mountain
qwerty_persistence_inevitability__strategic_lock_in_reading	powerless	0.5651802690394981	mountain	tangled_rope	rope
qwerty_persistence_inevitability__strategic_lock_in_reading	moderate	0.5753759086131316	rope	tangled_rope	rope
qwerty_persistence_inevitability__strategic_lock_in_reading	institutional	0.021396341372031214	rope	naturalized	rope
qwerty_persistence_inevitability__strategic_lock_in_reading	analytical	0.7123639542788058	mountain	tangled_rope	rope
qwerty_persistence_mechanism__beneficiary_extraction_reading	powerless	0.6303933770055941	mountain	tangled_rope	tangled_rope
qwerty_persistence_mechanism__beneficiary_extraction_reading	moderate	0.6417654365300313	rope	tangled_rope	tangled_rope
qwerty_persistence_mechanism__beneficiary_extraction_reading	institutional	-0.024506148226483216	rope	rope	rope
qwerty_persistence_mechanism__beneficiary_extraction_reading	analytical	0.7945597951571295	mountain	snare	snare
qwerty_persistence_mechanism__lock_in_reading	powerless	0.38040979646889295	mountain	tangled_rope	tangled_rope
qwerty_persistence_mechanism__lock_in_reading	moderate	0.3872722461819154	rope	tangled_rope	tangled_rope
qwerty_persistence_mechanism__lock_in_reading	institutional	-0.014788192895291596	rope	rope	rope
qwerty_persistence_mechanism__lock_in_reading	analytical	0.47947573845688846	mountain	tangled_rope	tangled_rope
qwerty_persistence_mechanism__naturalization_reading	powerless	0.1703251218717764	mountain	unknown	unknown
qwerty_persistence_mechanism__naturalization_reading	moderate	0.14999636091211882	rope	rope	rope
qwerty_persistence_mechanism__naturalization_reading	institutional	-0.017906402339720472	rope	rope	rope
qwerty_persistence_mechanism__naturalization_reading	analytical	0.20700366622891006	mountain	rope	rope
qwerty_vs_dvorak	powerless	0.5977868230225462	mountain	tangled_rope	tangled_rope
qwerty_vs_dvorak	moderate	0.6085706725715815	rope	tangled_rope	tangled_rope
qwerty_vs_dvorak	institutional	-0.023238588835458228	rope	rope	rope
qwerty_vs_dvorak	analytical	0.7534618747179678	mountain	snare	snare
rating_agency_procyclicality	powerless	0.35359999999999997	mountain	tangled_rope	tangled_rope
rating_agency_procyclicality	moderate	0.7524146497248644	rope	snare	snare
rating_agency_procyclicality	institutional	-0.028731346196566535	rope	rope	rope
rating_agency_procyclicality	analytical	0.9315528632876693	mountain	snare	snare
rbio_practice_norm_complex__hegemonic_extraction_reading	powerless	0.35359999999999997	mountain	tangled_rope	tangled_rope
rbio_practice_norm_complex__hegemonic_extraction_reading	moderate	0.7524146497248644	rope	snare	snare
rbio_practice_norm_complex__hegemonic_extraction_reading	institutional	0.2424662882696689	rope	naturalized	naturalized
rbio_practice_norm_complex__hegemonic_extraction_reading	analytical	0.9315528632876693	mountain	snare	snare
rbio_practice_norm_complex__liberal_institutional_reading	powerless	0.5651802690394981	mountain	tangled_rope	rope
rbio_practice_norm_complex__liberal_institutional_reading	moderate	0.5753759086131316	rope	tangled_rope	rope
rbio_practice_norm_complex__liberal_institutional_reading	institutional	0.15152063967949647	rope	naturalized	rope
rbio_practice_norm_complex__liberal_institutional_reading	analytical	0.7123639542788058	mountain	tangled_rope	rope
rbio_practice_norm_complex__sovereignty_maximalist_reading	powerless	0.7390818902824207	mountain	snare	snare
rbio_practice_norm_complex__sovereignty_maximalist_reading	moderate	0.7524146497248644	rope	snare	snare
rbio_practice_norm_complex__sovereignty_maximalist_reading	institutional	-0.009884074697871406	rope	rope	rope
rbio_practice_norm_complex__sovereignty_maximalist_reading	analytical	0.9315528632876693	mountain	snare	snare
reader_informed_consent	powerless	0.6303933770055941	mountain	tangled_rope	tangled_rope
reader_informed_consent	moderate	0.6417654365300313	rope	tangled_rope	tangled_rope
reader_informed_consent	institutional	0.16900379041174604	rope	naturalized	naturalized
reader_informed_consent	analytical	0.7945597951571295	mountain	snare	snare
reformation_composite__political_realignment_reading	powerless	0.3016	mountain	naturalized	naturalized
reformation_composite__political_realignment_reading	moderate	0.6417654365300313	rope	tangled_rope	tangled_rope
reformation_composite__political_realignment_reading	institutional	-0.024506148226483216	rope	rope	rope
reformation_composite__political_realignment_reading	analytical	0.7945597951571295	mountain	snare	snare
reformation_composite__technological_mediation_reading	powerless	0.08914849886099879	mountain	mountain	mountain
reformation_composite__technological_mediation_reading	moderate	0.08068913235700055	rope	scaffold	scaffold
reformation_composite__technological_mediation_reading	institutional	0.09519012876233554	rope	scaffold	scaffold
reformation_composite__technological_mediation_reading	analytical	0.10959445450443167	mountain	mountain	mountain
reformation_composite__theological_fragmentation_reading	powerless	0.5741871439125998	mountain	tangled_rope	tangled_rope
reformation_composite__theological_fragmentation_reading	moderate	0.5753759086131316	rope	tangled_rope	tangled_rope
reformation_composite__theological_fragmentation_reading	institutional	-0.038170336473231196	rope	rope	rope
reformation_composite__theological_fragmentation_reading	analytical	0.7123639542788058	mountain	tangled_rope	tangled_rope
reformation_event_boundary__composite_overdetermination_reading	powerless	0.11189216468639739	mountain	naturalized	naturalized
reformation_event_boundary__composite_overdetermination_reading	moderate	0.5311162233351983	rope	tangled_rope	tangled_rope
reformation_event_boundary__composite_overdetermination_reading	institutional	-0.020280950256399904	rope	rope	rope
reformation_event_boundary__composite_overdetermination_reading	analytical	0.6575667270265899	mountain	tangled_rope	tangled_rope
reformation_event_boundary__political_swap_reading	powerless	0.3016	mountain	naturalized	naturalized
reformation_event_boundary__political_swap_reading	moderate	0.6417654365300313	rope	tangled_rope	tangled_rope
reformation_event_boundary__political_swap_reading	institutional	-0.024506148226483216	rope	rope	rope
reformation_event_boundary__political_swap_reading	analytical	0.7945597951571295	mountain	snare	snare
reformation_event_boundary__theological_climb_reading	powerless	0.4130163504519409	mountain	tangled_rope	tangled_rope
reformation_event_boundary__theological_climb_reading	moderate	0.42046701014036536	rope	tangled_rope	tangled_rope
reformation_event_boundary__theological_climb_reading	institutional	-0.01605575228631659	rope	rope	rope
reformation_event_boundary__theological_climb_reading	analytical	0.5205736588960505	mountain	tangled_rope	tangled_rope
refugee_convention_text__expansive_humanitarian_reading	powerless	0.6303933770055941	mountain	tangled_rope	tangled_rope
refugee_convention_text__expansive_humanitarian_reading	moderate	0.6417654365300313	rope	tangled_rope	tangled_rope
refugee_convention_text__expansive_humanitarian_reading	institutional	0.06387156647306734	rope	naturalized	naturalized
refugee_convention_text__expansive_humanitarian_reading	analytical	0.7945597951571295	mountain	snare	snare
refugee_convention_text__procedural_integrity_reading	powerless	0.5651802690394981	mountain	tangled_rope	tangled_rope
refugee_convention_text__procedural_integrity_reading	moderate	0.5753759086131316	rope	tangled_rope	tangled_rope
refugee_convention_text__procedural_integrity_reading	institutional	0.15152063967949647	rope	naturalized	naturalized
refugee_convention_text__procedural_integrity_reading	analytical	0.7123639542788058	mountain	snare	snare
refugee_convention_text__restrictive_sovereignty_reading	powerless	0.3016	mountain	naturalized	naturalized
refugee_convention_text__restrictive_sovereignty_reading	moderate	0.6417654365300313	rope	tangled_rope	tangled_rope
refugee_convention_text__restrictive_sovereignty_reading	institutional	0.620043067570935	rope	tangled_rope	tangled_rope
refugee_convention_text__restrictive_sovereignty_reading	analytical	0.7945597951571295	mountain	snare	snare
regional_military_balance_stability	powerless	0.20872047638201635	mountain	naturalized	naturalized
regional_military_balance_stability	moderate	0.6417654365300313	rope	tangled_rope	tangled_rope
regional_military_balance_stability	institutional	-0.04257460606629633	rope	rope	rope
regional_military_balance_stability	analytical	0.7945597951571295	mountain	snare	snare
regional_patron_state_competition	powerless	0.6303933770055941	mountain	tangled_rope	tangled_rope
regional_patron_state_competition	moderate	0.6417654365300313	rope	tangled_rope	tangled_rope
regional_patron_state_competition	institutional	-0.00843053430112561	rope	rope	rope
regional_patron_state_competition	analytical	0.7945597951571295	mountain	snare	snare
remonstrance_authority__crown_reading	powerless	0.35359999999999997	mountain	tangled_rope	tangled_rope
remonstrance_authority__crown_reading	moderate	0.7524146497248644	rope	snare	snare
remonstrance_authority__crown_reading	institutional	0.8938840746978716	rope	snare	snare
remonstrance_authority__crown_reading	analytical	0.9315528632876693	mountain	snare	snare
remonstrance_authority__magistrate_reading	powerless	0.6303933770055941	mountain	tangled_rope	tangled_rope
remonstrance_authority__magistrate_reading	moderate	0.6417654365300313	rope	tangled_rope	tangled_rope
remonstrance_authority__magistrate_reading	institutional	-0.024506148226483216	rope	rope	rope
remonstrance_authority__magistrate_reading	analytical	0.7945597951571295	mountain	snare	snare
researcher_credibility_signal	powerless	0.5651802690394981	mountain	tangled_rope	tangled_rope
researcher_credibility_signal	moderate	0.5753759086131316	rope	tangled_rope	tangled_rope
researcher_credibility_signal	institutional	-0.021971029444433233	rope	rope	rope
researcher_credibility_signal	analytical	0.7123639542788058	mountain	tangled_rope	tangled_rope
resource_lock_in_mechanism	powerless	0.3016	mountain	naturalized	naturalized
resource_lock_in_mechanism	moderate	0.6417654365300313	rope	tangled_rope	tangled_rope
resource_lock_in_mechanism	institutional	-0.024506148226483216	rope	rope	rope
resource_lock_in_mechanism	analytical	0.7945597951571295	mountain	snare	snare
reward_model_misalignment	powerless	0.3016	mountain	naturalized	naturalized
reward_model_misalignment	moderate	0.6417654365300313	rope	tangled_rope	tangled_rope
reward_model_misalignment	institutional	-0.024506148226483216	rope	rope	rope
reward_model_misalignment	analytical	0.7945597951571295	mountain	snare	snare
rfc9293_tcp_specification__middlebox_realism_reading	powerless	0.3016	mountain	naturalized	naturalized
rfc9293_tcp_specification__middlebox_realism_reading	moderate	0.6417654365300313	rope	tangled_rope	tangled_rope
rfc9293_tcp_specification__middlebox_realism_reading	institutional	-0.024506148226483216	rope	rope	rope
rfc9293_tcp_specification__middlebox_realism_reading	analytical	0.7945597951571295	mountain	snare	snare
rfc9293_tcp_specification__optimization_latitude_reading	powerless	0.2005841224372473	mountain	scaffold	scaffold
rfc9293_tcp_specification__optimization_latitude_reading	moderate	0.18155054780325125	rope	scaffold	scaffold
rfc9293_tcp_specification__optimization_latitude_reading	institutional	-0.007605356346149964	rope	scaffold	scaffold
rfc9293_tcp_specification__optimization_latitude_reading	analytical	0.24658752263497122	mountain	scaffold	scaffold
rfc9293_tcp_specification__strict_invariance_reading	powerless	0.08914849886099879	mountain	scaffold	scaffold
rfc9293_tcp_specification__strict_invariance_reading	moderate	0.08068913235700055	rope	scaffold	scaffold
rfc9293_tcp_specification__strict_invariance_reading	institutional	-0.003380158376066651	rope	scaffold	scaffold
rfc9293_tcp_specification__strict_invariance_reading	analytical	0.10959445450443167	mountain	scaffold	scaffold
rogers_commission_findings__actuarial_risk_acceptance	powerless	0.6303933770055941	mountain	tangled_rope	tangled_rope
rogers_commission_findings__actuarial_risk_acceptance	moderate	0.6417654365300313	rope	tangled_rope	tangled_rope
rogers_commission_findings__actuarial_risk_acceptance	institutional	-0.024506148226483216	rope	rope	rope
rogers_commission_findings__actuarial_risk_acceptance	analytical	0.7945597951571295	mountain	snare	snare
rogers_commission_findings__engineering_absolute_threshold	powerless	0.6303933770055941	mountain	tangled_rope	tangled_rope
rogers_commission_findings__engineering_absolute_threshold	moderate	0.6417654365300313	rope	tangled_rope	tangled_rope
rogers_commission_findings__engineering_absolute_threshold	institutional	-0.024506148226483216	rope	rope	rope
rogers_commission_findings__engineering_absolute_threshold	analytical	0.7945597951571295	mountain	snare	snare
rogers_commission_findings__management_compliance_narrative	powerless	0.5217048637287675	mountain	tangled_rope	tangled_rope
rogers_commission_findings__management_compliance_narrative	moderate	0.5311162233351983	rope	tangled_rope	tangled_rope
rogers_commission_findings__management_compliance_narrative	institutional	-0.006976993904379816	rope	rope	rope
rogers_commission_findings__management_compliance_narrative	analytical	0.6575667270265899	mountain	tangled_rope	tangled_rope
roman_tax_collection_system	powerless	0.6303933770055941	mountain	tangled_rope	tangled_rope
roman_tax_collection_system	moderate	0.6417654365300313	rope	tangled_rope	tangled_rope
roman_tax_collection_system	institutional	-0.024506148226483216	rope	rope	rope
roman_tax_collection_system	analytical	0.7945597951571295	mountain	snare	snare
rome_statute_jurisdiction__hybrid_complementarity_reading	powerless	0.5651802690394981	mountain	tangled_rope	tangled_rope
rome_statute_jurisdiction__hybrid_complementarity_reading	moderate	0.5753759086131316	rope	tangled_rope	tangled_rope
rome_statute_jurisdiction__hybrid_complementarity_reading	institutional	-0.021971029444433233	rope	rope	rope
rome_statute_jurisdiction__hybrid_complementarity_reading	analytical	0.7123639542788058	mountain	tangled_rope	tangled_rope
rome_statute_jurisdiction__sovereigntist_reading	powerless	0.4130163504519409	mountain	tangled_rope	tangled_rope
rome_statute_jurisdiction__sovereigntist_reading	moderate	0.42046701014036536	rope	tangled_rope	tangled_rope
rome_statute_jurisdiction__sovereigntist_reading	institutional	-0.01605575228631659	rope	rope	rope
rome_statute_jurisdiction__sovereigntist_reading	analytical	0.5205736588960505	mountain	tangled_rope	tangled_rope
rome_statute_jurisdiction__universalist_reading	powerless	0.6303933770055941	mountain	tangled_rope	tangled_rope
rome_statute_jurisdiction__universalist_reading	moderate	0.6417654365300313	rope	tangled_rope	tangled_rope
rome_statute_jurisdiction__universalist_reading	institutional	0.038896132321056376	rope	naturalized	naturalized
rome_statute_jurisdiction__universalist_reading	analytical	0.7945597951571295	mountain	snare	snare
sacrifice_commandment__archive_maintenance	powerless	0.45649175576267154	mountain	tangled_rope	tangled_rope
sacrifice_commandment__archive_maintenance	moderate	0.46472669541829853	rope	tangled_rope	tangled_rope
sacrifice_commandment__archive_maintenance	institutional	-0.017745831474349917	rope	rope	rope
sacrifice_commandment__archive_maintenance	analytical	0.5753708861482661	mountain	tangled_rope	tangled_rope
sacrifice_commandment__performance_only	powerless	0.7390818902824207	mountain	snare	snare
sacrifice_commandment__performance_only	moderate	0.7524146497248644	rope	snare	snare
sacrifice_commandment__performance_only	institutional	-0.04991505538807157	rope	rope	rope
sacrifice_commandment__performance_only	analytical	0.9315528632876693	mountain	snare	snare
sacrifice_commandment__study_as_performance	powerless	0.05571781178812424	mountain	scaffold	rope
sacrifice_commandment__study_as_performance	moderate	0.05043070772312535	rope	scaffold	rope
sacrifice_commandment__study_as_performance	institutional	-0.002112598985041657	rope	scaffold	rope
sacrifice_commandment__study_as_performance	analytical	0.0684965340652698	mountain	scaffold	rope
salic_prohibition__cognatic_reversion_reading	powerless	0.4130163504519409	mountain	tangled_rope	tangled_rope
salic_prohibition__cognatic_reversion_reading	moderate	0.42046701014036536	rope	tangled_rope	tangled_rope
salic_prohibition__cognatic_reversion_reading	institutional	-0.01605575228631659	rope	rope	rope
salic_prohibition__cognatic_reversion_reading	analytical	0.5205736588960505	mountain	tangled_rope	tangled_rope
salic_prohibition__immutable_mandate_reading	powerless	0.7390818902824207	mountain	snare	snare
salic_prohibition__immutable_mandate_reading	moderate	0.7524146497248644	rope	snare	snare
salic_prohibition__immutable_mandate_reading	institutional	-0.028731346196566535	rope	rope	rope
salic_prohibition__immutable_mandate_reading	analytical	0.9315528632876693	mountain	snare	snare
salic_prohibition__sovereign_override_reading	powerless	0.5651802690394981	mountain	tangled_rope	tangled_rope
salic_prohibition__sovereign_override_reading	moderate	0.5753759086131316	rope	tangled_rope	tangled_rope
salic_prohibition__sovereign_override_reading	institutional	-0.007558410063078134	rope	rope	rope
salic_prohibition__sovereign_override_reading	analytical	0.7123639542788058	mountain	snare	snare
scam_doubt_manufacturing	powerless	0.35359999999999997	mountain	tangled_rope	tangled_rope
scam_doubt_manufacturing	moderate	0.7524146497248644	rope	snare	snare
scam_doubt_manufacturing	institutional	-0.04991505538807157	rope	rope	rope
scam_doubt_manufacturing	analytical	0.9315528632876693	mountain	snare	snare
school_choice_system	powerless	0.5651802690394981	mountain	tangled_rope	rope
school_choice_system	moderate	0.23391087870398386	rope	naturalized	rope
school_choice_system	institutional	0.6411276055052599	rope	tangled_rope	rope
school_choice_system	analytical	0.7123639542788058	mountain	tangled_rope	rope
scientific_paradigm_lifecycle	powerless	0.6490471801177355	mountain	tangled_rope	tangled_rope
scientific_paradigm_lifecycle	moderate	0.6417654365300313	rope	tangled_rope	tangled_rope
scientific_paradigm_lifecycle	institutional	-0.04257460606629633	rope	rope	rope
scientific_paradigm_lifecycle	analytical	0.7945597951571295	mountain	snare	snare
script_as_identity__kemalist_rupture_reading	powerless	0.3016	mountain	naturalized	naturalized
script_as_identity__kemalist_rupture_reading	moderate	0.6417654365300313	rope	tangled_rope	tangled_rope
script_as_identity__kemalist_rupture_reading	institutional	0.010071504390614185	rope	naturalized	naturalized
script_as_identity__kemalist_rupture_reading	analytical	0.7945597951571295	mountain	snare	snare
script_as_identity__ottoman_continuity_reading	powerless	0.6303933770055941	mountain	tangled_rope	tangled_rope
script_as_identity__ottoman_continuity_reading	moderate	0.6417654365300313	rope	tangled_rope	tangled_rope
script_as_identity__ottoman_continuity_reading	institutional	-0.024506148226483216	rope	rope	rope
script_as_identity__ottoman_continuity_reading	analytical	0.7945597951571295	mountain	snare	snare
script_as_identity__phonetic_instrumentalism_reading	powerless	0.38040979646889295	mountain	tangled_rope	tangled_rope
script_as_identity__phonetic_instrumentalism_reading	moderate	0.3872722461819154	rope	tangled_rope	tangled_rope
script_as_identity__phonetic_instrumentalism_reading	institutional	-0.014788192895291596	rope	rope	rope
script_as_identity__phonetic_instrumentalism_reading	analytical	0.4722246409547858	mountain	tangled_rope	tangled_rope
scriptural_authority_contest	powerless	0.3487021265419618	mountain	naturalized	naturalized
scriptural_authority_contest	moderate	0.6417654365300313	rope	tangled_rope	tangled_rope
scriptural_authority_contest	institutional	-0.04257460606629633	rope	rope	rope
scriptural_authority_contest	analytical	0.7945597951571295	mountain	snare	snare
second_amendment_arms_right__civic_republican_reading	powerless	0.4130163504519409	mountain	tangled_rope	tangled_rope
second_amendment_arms_right__civic_republican_reading	moderate	0.42046701014036536	rope	tangled_rope	tangled_rope
second_amendment_arms_right__civic_republican_reading	institutional	0.3832733786957526	rope	tangled_rope	tangled_rope
second_amendment_arms_right__civic_republican_reading	analytical	0.5205736588960505	mountain	tangled_rope	tangled_rope
second_amendment_arms_right__collective_right_reading	powerless	0.5651802690394981	mountain	tangled_rope	tangled_rope
second_amendment_arms_right__collective_right_reading	moderate	0.5753759086131316	rope	tangled_rope	tangled_rope
second_amendment_arms_right__collective_right_reading	institutional	-0.021971029444433233	rope	rope	rope
second_amendment_arms_right__collective_right_reading	analytical	0.7123639542788058	mountain	snare	snare
second_amendment_arms_right__individual_right_reading	powerless	0.6303933770055941	mountain	tangled_rope	tangled_rope
second_amendment_arms_right__individual_right_reading	moderate	0.6417654365300313	rope	tangled_rope	tangled_rope
second_amendment_arms_right__individual_right_reading	institutional	0.6901284335269325	rope	snare	snare
second_amendment_arms_right__individual_right_reading	analytical	0.7945597951571295	mountain	snare	snare
second_amendment_boundary__individual_right_reading	powerless	0.3016	mountain	naturalized	naturalized
second_amendment_boundary__individual_right_reading	moderate	0.6417654365300313	rope	tangled_rope	tangled_rope
second_amendment_boundary__individual_right_reading	institutional	-0.04257460606629633	rope	rope	rope
second_amendment_boundary__individual_right_reading	analytical	0.7945597951571295	mountain	snare	snare
second_amendment_boundary__insurrectionist_reading	powerless	0.6303933770055941	mountain	tangled_rope	tangled_rope
second_amendment_boundary__insurrectionist_reading	moderate	0.6417654365300313	rope	tangled_rope	tangled_rope
second_amendment_boundary__insurrectionist_reading	institutional	0.7439284956093857	rope	snare	snare
second_amendment_boundary__insurrectionist_reading	analytical	0.7945597951571295	mountain	snare	snare
second_amendment_boundary__militia_conditioned_reading	powerless	0.5651802690394981	mountain	tangled_rope	tangled_rope
second_amendment_boundary__militia_conditioned_reading	moderate	0.5753759086131316	rope	tangled_rope	tangled_rope
second_amendment_boundary__militia_conditioned_reading	institutional	-0.021971029444433233	rope	rope	rope
second_amendment_boundary__militia_conditioned_reading	analytical	0.7123639542788058	mountain	snare	snare
second_amendment_scope__civic_right_reading	powerless	0.4130163504519409	mountain	tangled_rope	tangled_rope
second_amendment_scope__civic_right_reading	moderate	0.42046701014036536	rope	tangled_rope	tangled_rope
second_amendment_scope__civic_right_reading	institutional	-0.01605575228631659	rope	rope	rope
second_amendment_scope__civic_right_reading	analytical	0.5205736588960505	mountain	tangled_rope	tangled_rope
second_amendment_scope__collective_right_reading	powerless	0.3043278371751144	mountain	unknown	unknown
second_amendment_scope__collective_right_reading	moderate	0.3098177969455324	rope	rope	rope
second_amendment_scope__collective_right_reading	institutional	-0.01183055431623328	rope	rope	rope
second_amendment_scope__collective_right_reading	analytical	0.3835805907655109	mountain	unknown	unknown
second_amendment_scope__individual_right_reading	powerless	0.6303933770055941	mountain	tangled_rope	tangled_rope
second_amendment_scope__individual_right_reading	moderate	0.6417654365300313	rope	tangled_rope	tangled_rope
second_amendment_scope__individual_right_reading	institutional	0.2609005954775204	rope	naturalized	naturalized
second_amendment_scope__individual_right_reading	analytical	0.7945597951571295	mountain	tangled_rope	tangled_rope
second_amendment_text__collective_rights_reading	powerless	0.5651802690394981	mountain	tangled_rope	tangled_rope
second_amendment_text__collective_rights_reading	moderate	0.5753759086131316	rope	tangled_rope	tangled_rope
second_amendment_text__collective_rights_reading	institutional	-0.021971029444433233	rope	rope	rope
second_amendment_text__collective_rights_reading	analytical	0.7123639542788058	mountain	snare	snare
second_amendment_text__collective_security_reading	powerless	0.6303933770055941	mountain	tangled_rope	tangled_rope
second_amendment_text__collective_security_reading	moderate	0.6417654365300313	rope	tangled_rope	tangled_rope
second_amendment_text__collective_security_reading	institutional	-0.024506148226483216	rope	rope	rope
second_amendment_text__collective_security_reading	analytical	0.7945597951571295	mountain	snare	snare
second_amendment_text__collectivist_reading	powerless	0.3120197460134958	mountain	scaffold	scaffold
second_amendment_text__collectivist_reading	moderate	0.28241196324950196	rope	scaffold	scaffold
second_amendment_text__collectivist_reading	institutional	-0.01183055431623328	rope	scaffold	scaffold
second_amendment_text__collectivist_reading	analytical	0.3835805907655109	mountain	scaffold	scaffold
second_amendment_text__hybrid_civic_reading	powerless	0.5217048637287675	mountain	tangled_rope	tangled_rope
second_amendment_text__hybrid_civic_reading	moderate	0.5311162233351983	rope	tangled_rope	tangled_rope
second_amendment_text__hybrid_civic_reading	institutional	-0.020280950256399904	rope	rope	rope
second_amendment_text__hybrid_civic_reading	analytical	0.6575667270265899	mountain	tangled_rope	tangled_rope
second_amendment_text__hybrid_scope_limitation_reading	powerless	0.4130163504519409	mountain	tangled_rope	tangled_rope
second_amendment_text__hybrid_scope_limitation_reading	moderate	0.43381138241337536	rope	tangled_rope	tangled_rope
second_amendment_text__hybrid_scope_limitation_reading	institutional	-0.01605575228631659	rope	rope	rope
second_amendment_text__hybrid_scope_limitation_reading	analytical	0.5205736588960505	mountain	tangled_rope	tangled_rope
second_amendment_text__individual_rights_reading	powerless	0.3016	mountain	naturalized	naturalized
second_amendment_text__individual_rights_reading	moderate	0.6417654365300313	rope	tangled_rope	tangled_rope
second_amendment_text__individual_rights_reading	institutional	0.16900379041174604	rope	naturalized	naturalized
second_amendment_text__individual_rights_reading	analytical	0.7945597951571295	mountain	snare	snare
second_amendment_text__individualist_reading	powerless	0.3016	mountain	naturalized	naturalized
second_amendment_text__individualist_reading	moderate	0.6417654365300313	rope	tangled_rope	tangled_rope
second_amendment_text__individualist_reading	institutional	0.7785061482264832	rope	snare	snare
second_amendment_text__individualist_reading	analytical	0.7945597951571295	mountain	snare	snare
second_amendment_text__originalist_civic_virtue_reading	powerless	0.4130163504519409	mountain	tangled_rope	tangled_rope
second_amendment_text__originalist_civic_virtue_reading	moderate	0.42046701014036536	rope	tangled_rope	tangled_rope
second_amendment_text__originalist_civic_virtue_reading	institutional	-0.01605575228631659	rope	rope	rope
second_amendment_text__originalist_civic_virtue_reading	analytical	0.5205736588960505	mountain	tangled_rope	tangled_rope
secularization_pressure	powerless	0.6303933770055941	mountain	tangled_rope	tangled_rope
secularization_pressure	moderate	0.6417654365300313	rope	tangled_rope	tangled_rope
secularization_pressure	institutional	0.010071504390614185	rope	naturalized	naturalized
secularization_pressure	analytical	0.7945597951571295	mountain	snare	snare
selection_pressure_architecture	powerless	0.6738687823163247	mountain	tangled_rope	tangled_rope
selection_pressure_architecture	moderate	0.6860251218079645	rope	tangled_rope	tangled_rope
selection_pressure_architecture	institutional	-0.009011950459823928	rope	rope	rope
selection_pressure_architecture	analytical	0.8493570224093454	mountain	tangled_rope	tangled_rope
selective_retention_necessity	powerless	0.5651802690394981	mountain	tangled_rope	tangled_rope
selective_retention_necessity	moderate	0.5753759086131316	rope	tangled_rope	tangled_rope
selective_retention_necessity	institutional	-0.021971029444433233	rope	rope	rope
selective_retention_necessity	analytical	0.7123639542788058	mountain	tangled_rope	tangled_rope
separation_of_powers_text__formalist_reading	powerless	0.35359999999999997	mountain	tangled_rope	tangled_rope
separation_of_powers_text__formalist_reading	moderate	0.7524146497248644	rope	snare	snare
separation_of_powers_text__formalist_reading	institutional	-0.009884074697871406	rope	rope	rope
separation_of_powers_text__formalist_reading	analytical	0.9315528632876693	mountain	snare	snare
separation_of_powers_text__functionalist_reading	powerless	0.4130163504519409	mountain	unknown	unknown
separation_of_powers_text__functionalist_reading	moderate	0.42046701014036536	rope	unknown	unknown
separation_of_powers_text__functionalist_reading	institutional	0.0418468883789062	rope	rope	rope
separation_of_powers_text__functionalist_reading	analytical	0.5045604121684384	mountain	unknown	unknown
separation_of_powers_text__unitary_executive_reading	powerless	0.3016	mountain	naturalized	naturalized
separation_of_powers_text__unitary_executive_reading	moderate	0.6417654365300313	rope	tangled_rope	tangled_rope
separation_of_powers_text__unitary_executive_reading	institutional	-0.024506148226483216	rope	rope	rope
separation_of_powers_text__unitary_executive_reading	analytical	0.7945597951571295	mountain	snare	snare
settlement_fait_accompli	powerless	0.7390818902824207	mountain	snare	snare
settlement_fait_accompli	moderate	0.7524146497248644	rope	snare	snare
settlement_fait_accompli	institutional	0.5781165432332518	rope	tangled_rope	tangled_rope
settlement_fait_accompli	analytical	0.9315528632876693	mountain	snare	snare
sex_gender_category__biology_reading	powerless	0.3016	mountain	naturalized	naturalized
sex_gender_category__biology_reading	moderate	0.6417654365300313	rope	tangled_rope	tangled_rope
sex_gender_category__biology_reading	institutional	-0.024506148226483216	rope	rope	rope
sex_gender_category__biology_reading	analytical	0.7945597951571295	mountain	snare	snare
sex_gender_category__hybrid_reading	powerless	0.3016	mountain	naturalized	naturalized
sex_gender_category__hybrid_reading	moderate	0.6417654365300313	rope	tangled_rope	tangled_rope
sex_gender_category__hybrid_reading	institutional	-0.04257460606629633	rope	rope	rope
sex_gender_category__hybrid_reading	analytical	0.7945597951571295	mountain	snare	snare
sex_gender_category__identity_reading	powerless	0.5651802690394981	mountain	tangled_rope	tangled_rope
sex_gender_category__identity_reading	moderate	0.5559006812704934	rope	tangled_rope	tangled_rope
sex_gender_category__identity_reading	institutional	-0.021971029444433233	rope	rope	rope
sex_gender_category__identity_reading	analytical	0.7123639542788058	mountain	snare	snare
shinbutsu_coexistence_commitment__domain_partition_reading	powerless	0.2451583718677467	mountain	scaffold	scaffold
shinbutsu_coexistence_commitment__domain_partition_reading	moderate	0.22189511398175152	rope	scaffold	scaffold
shinbutsu_coexistence_commitment__domain_partition_reading	institutional	-0.003197788872840749	rope	scaffold	scaffold
shinbutsu_coexistence_commitment__domain_partition_reading	analytical	0.30138474988718705	mountain	scaffold	scaffold
shinbutsu_coexistence_commitment__incoherent_bundle_reading	powerless	0.6303933770055941	mountain	tangled_rope	tangled_rope
shinbutsu_coexistence_commitment__incoherent_bundle_reading	moderate	0.6417654365300313	rope	tangled_rope	tangled_rope
shinbutsu_coexistence_commitment__incoherent_bundle_reading	institutional	-0.024506148226483216	rope	rope	rope
shinbutsu_coexistence_commitment__incoherent_bundle_reading	analytical	0.7945597951571295	mountain	snare	snare
shinbutsu_coexistence_commitment__syncretic_fusion_reading	powerless	0.2704	mountain	naturalized	naturalized
shinbutsu_coexistence_commitment__syncretic_fusion_reading	moderate	0.5753759086131316	rope	tangled_rope	tangled_rope
shinbutsu_coexistence_commitment__syncretic_fusion_reading	institutional	0.5936366285656716	rope	tangled_rope	tangled_rope
shinbutsu_coexistence_commitment__syncretic_fusion_reading	analytical	0.7123639542788058	mountain	snare	snare
simultaneous_veneration__domain_partition_reading	powerless	0.05571781178812424	mountain	scaffold	rope
simultaneous_veneration__domain_partition_reading	moderate	0.05043070772312535	rope	scaffold	rope
simultaneous_veneration__domain_partition_reading	institutional	-0.002112598985041657	rope	scaffold	rope
simultaneous_veneration__domain_partition_reading	analytical	0.0684965340652698	mountain	scaffold	rope
simultaneous_veneration__ontological_fusion_reading	powerless	0.6303933770055941	mountain	tangled_rope	tangled_rope
simultaneous_veneration__ontological_fusion_reading	moderate	0.6417654365300313	rope	tangled_rope	tangled_rope
simultaneous_veneration__ontological_fusion_reading	institutional	-0.024506148226483216	rope	rope	rope
simultaneous_veneration__ontological_fusion_reading	analytical	0.7945597951571295	mountain	snare	snare
simultaneous_veneration__pragmatic_incoherence_reading	powerless	0.6738687823163247	mountain	snare	snare
simultaneous_veneration__pragmatic_incoherence_reading	moderate	0.6860251218079645	rope	snare	snare
simultaneous_veneration__pragmatic_incoherence_reading	institutional	-0.026196227414516545	rope	rope	rope
simultaneous_veneration__pragmatic_incoherence_reading	analytical	0.8493570224093454	mountain	snare	snare
slot_trading_secondary_market	powerless	0.5651802690394981	mountain	tangled_rope	tangled_rope
slot_trading_secondary_market	moderate	0.5753759086131316	rope	tangled_rope	tangled_rope
slot_trading_secondary_market	institutional	-0.021971029444433233	rope	rope	rope
slot_trading_secondary_market	analytical	0.7123639542788058	mountain	tangled_rope	tangled_rope
smallholder_tenure_insecurity	powerless	0.3016	mountain	naturalized	naturalized
smallholder_tenure_insecurity	moderate	0.6417654365300313	rope	tangled_rope	tangled_rope
smallholder_tenure_insecurity	institutional	-0.04257460606629633	rope	rope	rope
smallholder_tenure_insecurity	analytical	0.7945597951571295	mountain	snare	snare
social_conformity_infrastructure	powerless	0.4130163504519409	mountain	tangled_rope	tangled_rope
social_conformity_infrastructure	moderate	0.42046701014036536	rope	tangled_rope	tangled_rope
social_conformity_infrastructure	institutional	-0.01605575228631659	rope	rope	rope
social_conformity_infrastructure	analytical	0.5205736588960505	mountain	tangled_rope	tangled_rope
software_keyboard_driver_standardization	powerless	0.5651802690394981	mountain	tangled_rope	tangled_rope
software_keyboard_driver_standardization	moderate	0.5559006812704934	rope	tangled_rope	tangled_rope
software_keyboard_driver_standardization	institutional	0.009029624626067892	rope	naturalized	naturalized
software_keyboard_driver_standardization	analytical	0.7123639542788058	mountain	snare	snare
solid_state_phased_array_steering	powerless	0.1362600974974211	mountain	mountain	mountain
solid_state_phased_array_steering	moderate	0.11999708872969506	rope	rope	rope
solid_state_phased_array_steering	institutional	-0.014325121871776378	rope	rope	rope
solid_state_phased_array_steering	analytical	0.16560293298312803	mountain	mountain	mountain
solidarity_mirror_trap	powerless	0.5869179716948635	mountain	tangled_rope	tangled_rope
solidarity_mirror_trap	moderate	0.5975057512520981	rope	tangled_rope	tangled_rope
solidarity_mirror_trap	institutional	-0.022816069038449894	rope	rope	rope
solidarity_mirror_trap	analytical	0.6927377720447688	mountain	snare	snare
soteriological_kernel_contest	powerless	0.3016	mountain	piton	piton
soteriological_kernel_contest	moderate	0.6417654365300313	rope	tangled_rope	tangled_rope
soteriological_kernel_contest	institutional	0.5849962095882539	rope	tangled_rope	tangled_rope
soteriological_kernel_contest	analytical	0.7945597951571295	mountain	snare	snare
sound_money_scarcity_anchor	powerless	0.6303933770055941	mountain	tangled_rope	tangled_rope
sound_money_scarcity_anchor	moderate	0.6417654365300313	rope	tangled_rope	tangled_rope
sound_money_scarcity_anchor	institutional	0.3035996784237043	rope	naturalized	naturalized
sound_money_scarcity_anchor	analytical	0.7945597951571295	mountain	tangled_rope	tangled_rope
south_china_sea_freedom_of_navigation	powerless	0.3016	mountain	naturalized	naturalized
south_china_sea_freedom_of_navigation	moderate	0.6417654365300313	rope	tangled_rope	tangled_rope
south_china_sea_freedom_of_navigation	institutional	-0.024506148226483216	rope	rope	rope
south_china_sea_freedom_of_navigation	analytical	0.7945597951571295	mountain	snare	snare
sovereign_legitimacy__constitutional_hybrid_reading	powerless	0.34780324248584504	mountain	unknown	unknown
sovereign_legitimacy__constitutional_hybrid_reading	moderate	0.3540774822234656	rope	unknown	unknown
sovereign_legitimacy__constitutional_hybrid_reading	institutional	-0.013520633504266605	rope	rope	rope
sovereign_legitimacy__constitutional_hybrid_reading	analytical	0.4383778180177267	mountain	unknown	unknown
sovereign_legitimacy__monarchical_reading	powerless	0.6303933770055941	mountain	tangled_rope	tangled_rope
sovereign_legitimacy__monarchical_reading	moderate	0.6417654365300313	rope	tangled_rope	tangled_rope
sovereign_legitimacy__monarchical_reading	institutional	-0.053908270927801476	rope	rope	rope
sovereign_legitimacy__monarchical_reading	analytical	0.7945597951571295	mountain	snare	snare
sovereign_legitimacy__republican_reading	powerless	0.4130163504519409	mountain	tangled_rope	tangled_rope
sovereign_legitimacy__republican_reading	moderate	0.42046701014036536	rope	tangled_rope	tangled_rope
sovereign_legitimacy__republican_reading	institutional	-0.01605575228631659	rope	rope	rope
sovereign_legitimacy__republican_reading	analytical	0.5205736588960505	mountain	tangled_rope	tangled_rope
sovereignty_cost_premium	powerless	0.2005841224372473	mountain	scaffold	scaffold
sovereignty_cost_premium	moderate	0.18155054780325125	rope	scaffold	scaffold
sovereignty_cost_premium	institutional	-0.007605356346149964	rope	scaffold	scaffold
sovereignty_cost_premium	analytical	0.24658752263497122	mountain	scaffold	scaffold
spanish_political_opposition_suppression	powerless	0.35359999999999997	mountain	unknown	unknown
spanish_political_opposition_suppression	moderate	0.7524146497248644	rope	snare	snare
spanish_political_opposition_suppression	institutional	0.0279798310249639	rope	naturalized	naturalized
spanish_political_opposition_suppression	analytical	0.9315528632876693	mountain	snare	snare
speculative_price_volatility	powerless	0.3016	mountain	naturalized	naturalized
speculative_price_volatility	moderate	0.6417654365300313	rope	tangled_rope	tangled_rope
speculative_price_volatility	institutional	-0.024506148226483216	rope	rope	rope
speculative_price_volatility	analytical	0.7945597951571295	mountain	snare	snare
speech_harm_boundary__absolutist_reading	powerless	0.3016	mountain	naturalized	naturalized
speech_harm_boundary__absolutist_reading	moderate	0.6417654365300313	rope	tangled_rope	tangled_rope
speech_harm_boundary__absolutist_reading	institutional	-0.024506148226483216	rope	rope	rope
speech_harm_boundary__absolutist_reading	analytical	0.7945597951571295	mountain	snare	snare
speech_harm_boundary__dignity_reading	powerless	0.7390818902824207	mountain	snare	snare
speech_harm_boundary__dignity_reading	moderate	0.7524146497248644	rope	snare	snare
speech_harm_boundary__dignity_reading	institutional	-0.028731346196566535	rope	rope	rope
speech_harm_boundary__dignity_reading	analytical	0.9315528632876693	mountain	snare	snare
speech_harm_boundary__harm_balancing_reading	powerless	0.5583768235555467	mountain	tangled_rope	tangled_rope
speech_harm_boundary__harm_balancing_reading	moderate	0.5753759086131316	rope	tangled_rope	tangled_rope
speech_harm_boundary__harm_balancing_reading	institutional	-0.021971029444433233	rope	rope	rope
speech_harm_boundary__harm_balancing_reading	analytical	0.7123639542788058	mountain	tangled_rope	tangled_rope
speech_protection_boundary__balancing_reading	powerless	0.6303933770055941	mountain	tangled_rope	tangled_rope
speech_protection_boundary__balancing_reading	moderate	0.6417654365300313	rope	tangled_rope	tangled_rope
speech_protection_boundary__balancing_reading	institutional	-0.024506148226483216	rope	rope	rope
speech_protection_boundary__balancing_reading	analytical	0.7945597951571295	mountain	snare	snare
speech_protection_boundary__dignitary_harm_reading	powerless	0.5651802690394981	mountain	tangled_rope	tangled_rope
speech_protection_boundary__dignitary_harm_reading	moderate	0.5753759086131316	rope	tangled_rope	tangled_rope
speech_protection_boundary__dignitary_harm_reading	institutional	-0.021971029444433233	rope	rope	rope
speech_protection_boundary__dignitary_harm_reading	analytical	0.7123639542788058	mountain	tangled_rope	tangled_rope
speech_protection_boundary__near_absolutist_reading	powerless	0.4175149659381967	mountain	tangled_rope	tangled_rope
speech_protection_boundary__near_absolutist_reading	moderate	0.3230651271009348	rope	rope	rope
speech_protection_boundary__near_absolutist_reading	institutional	-0.01605575228631659	rope	rope	rope
speech_protection_boundary__near_absolutist_reading	analytical	0.5205736588960505	mountain	tangled_rope	tangled_rope
speech_protection_kernel__absolutist_reading	powerless	0.6738687823163247	mountain	tangled_rope	tangled_rope
speech_protection_kernel__absolutist_reading	moderate	0.6860251218079645	rope	tangled_rope	tangled_rope
speech_protection_kernel__absolutist_reading	institutional	-0.026196227414516545	rope	rope	rope
speech_protection_kernel__absolutist_reading	analytical	0.8493570224093454	mountain	tangled_rope	tangled_rope
speech_protection_kernel__democratic_participation_reading	powerless	0.4130163504519409	mountain	tangled_rope	tangled_rope
speech_protection_kernel__democratic_participation_reading	moderate	0.42046701014036536	rope	tangled_rope	tangled_rope
speech_protection_kernel__democratic_participation_reading	institutional	-0.01605575228631659	rope	rope	rope
speech_protection_kernel__democratic_participation_reading	analytical	0.5205736588960505	mountain	tangled_rope	tangled_rope
speech_protection_kernel__dignity_reading	powerless	0.5335763002991457	mountain	tangled_rope	tangled_rope
speech_protection_kernel__dignity_reading	moderate	0.5753759086131316	rope	tangled_rope	tangled_rope
speech_protection_kernel__dignity_reading	institutional	-0.021971029444433233	rope	rope	rope
speech_protection_kernel__dignity_reading	analytical	0.7123639542788058	mountain	tangled_rope	tangled_rope
speech_protection_kernel__harm_threshold_reading	powerless	0.6303933770055941	mountain	tangled_rope	tangled_rope
speech_protection_kernel__harm_threshold_reading	moderate	0.6417654365300313	rope	tangled_rope	tangled_rope
speech_protection_kernel__harm_threshold_reading	institutional	0.5471905188288118	rope	tangled_rope	tangled_rope
speech_protection_kernel__harm_threshold_reading	analytical	0.7945597951571295	mountain	snare	snare
speech_protection_kernel__marketplace_reading	powerless	0.4130163504519409	mountain	tangled_rope	tangled_rope
speech_protection_kernel__marketplace_reading	moderate	0.42046701014036536	rope	tangled_rope	tangled_rope
speech_protection_kernel__marketplace_reading	institutional	-0.01605575228631659	rope	rope	rope
speech_protection_kernel__marketplace_reading	analytical	0.5205736588960505	mountain	tangled_rope	tangled_rope
state_commitment_installation_mechanism__endogenous_climb_reading	powerless	0.4130163504519409	mountain	tangled_rope	tangled_rope
state_commitment_installation_mechanism__endogenous_climb_reading	moderate	0.42046701014036536	rope	tangled_rope	tangled_rope
state_commitment_installation_mechanism__endogenous_climb_reading	institutional	-0.01605575228631659	rope	rope	rope
state_commitment_installation_mechanism__endogenous_climb_reading	analytical	0.5205736588960505	mountain	tangled_rope	tangled_rope
state_commitment_installation_mechanism__exogenous_imposition_reading	powerless	0.3224	mountain	naturalized	naturalized
state_commitment_installation_mechanism__exogenous_imposition_reading	moderate	0.6860251218079645	rope	snare	snare
state_commitment_installation_mechanism__exogenous_imposition_reading	institutional	-0.04551078579500643	rope	rope	rope
state_commitment_installation_mechanism__exogenous_imposition_reading	analytical	0.8493570224093454	mountain	snare	snare
state_commitment_installation_mechanism__hybrid_cascade_reading	powerless	0.5651802690394981	mountain	tangled_rope	tangled_rope
state_commitment_installation_mechanism__hybrid_cascade_reading	moderate	0.5753759086131316	rope	tangled_rope	tangled_rope
state_commitment_installation_mechanism__hybrid_cascade_reading	institutional	-0.021971029444433233	rope	rope	rope
state_commitment_installation_mechanism__hybrid_cascade_reading	analytical	0.7123639542788058	mountain	tangled_rope	tangled_rope
state_execution_authority__abolition_reading	powerless	0.4784	mountain	unknown	unknown
state_execution_authority__abolition_reading	moderate	1.0179727613924634	rope	snare	snare
state_execution_authority__abolition_reading	institutional	-0.07383695288363411	rope	rope	rope
state_execution_authority__abolition_reading	analytical	1.2603362268009641	mountain	snare	snare
state_execution_authority__deterrence_reading	powerless	0.5651802690394981	mountain	tangled_rope	tangled_rope
state_execution_authority__deterrence_reading	moderate	0.5753759086131316	rope	tangled_rope	tangled_rope
state_execution_authority__deterrence_reading	institutional	-0.021971029444433233	rope	rope	rope
state_execution_authority__deterrence_reading	analytical	0.7123639542788058	mountain	snare	snare
state_execution_authority__retributive_reading	powerless	0.35359999999999997	mountain	tangled_rope	tangled_rope
state_execution_authority__retributive_reading	moderate	0.07488390552014793	rope	naturalized	naturalized
state_execution_authority__retributive_reading	institutional	-0.028731346196566535	rope	rope	rope
state_execution_authority__retributive_reading	analytical	0.9315528632876693	mountain	snare	snare
state_killing_authority__abolition_reading	powerless	0.09084006499828075	mountain	mountain	mountain
state_killing_authority__abolition_reading	moderate	0.07999805915313005	rope	rope	rope
state_killing_authority__abolition_reading	institutional	-0.009550081247850919	rope	rope	rope
state_killing_authority__abolition_reading	analytical	0.11040195532208537	mountain	mountain	mountain
state_killing_authority__deterrence_reading	powerless	0.6738687823163247	mountain	snare	snare
state_killing_authority__deterrence_reading	moderate	0.6860251218079645	rope	snare	snare
state_killing_authority__deterrence_reading	institutional	-0.026196227414516545	rope	rope	rope
state_killing_authority__deterrence_reading	analytical	0.8493570224093454	mountain	snare	snare
state_killing_authority__retributive_reading	powerless	0.6463266167422412	mountain	tangled_rope	tangled_rope
state_killing_authority__retributive_reading	moderate	0.6417654365300313	rope	tangled_rope	tangled_rope
state_killing_authority__retributive_reading	institutional	-0.024506148226483216	rope	rope	rope
state_killing_authority__retributive_reading	analytical	0.7945597951571295	mountain	snare	snare
state_killing_legitimacy__abolition_reading	powerless	0.8912458088699777	mountain	snare	snare
state_killing_legitimacy__abolition_reading	moderate	0.9073235481976304	rope	snare	snare
state_killing_legitimacy__abolition_reading	institutional	-0.03464662335468317	rope	rope	rope
state_killing_legitimacy__abolition_reading	analytical	1.1233431586704243	mountain	snare	snare
state_killing_legitimacy__deterrence_reading	powerless	0.5217048637287675	mountain	tangled_rope	tangled_rope
state_killing_legitimacy__deterrence_reading	moderate	0.5311162233351983	rope	tangled_rope	tangled_rope
state_killing_legitimacy__deterrence_reading	institutional	-0.020280950256399904	rope	rope	rope
state_killing_legitimacy__deterrence_reading	analytical	0.6575667270265899	mountain	tangled_rope	tangled_rope
state_killing_legitimacy__retributive_reading	powerless	0.7390818902824207	mountain	snare	snare
state_killing_legitimacy__retributive_reading	moderate	0.7524146497248644	rope	snare	snare
state_killing_legitimacy__retributive_reading	institutional	-0.028731346196566535	rope	rope	rope
state_killing_legitimacy__retributive_reading	analytical	0.9315528632876693	mountain	snare	snare
state_recognition_vs_indigenous_presence	powerless	0.7390818902824207	mountain	snare	snare
state_recognition_vs_indigenous_presence	moderate	0.7524146497248644	rope	snare	snare
state_recognition_vs_indigenous_presence	institutional	0.011807970664858013	rope	naturalized	naturalized
state_recognition_vs_indigenous_presence	analytical	0.9315528632876693	mountain	snare	snare
state_surveillance_capacity_extraction	powerless	0.35359999999999997	mountain	tangled_rope	tangled_rope
state_surveillance_capacity_extraction	moderate	0.7524146497248644	rope	snare	snare
state_surveillance_capacity_extraction	institutional	-0.028731346196566535	rope	rope	rope
state_surveillance_capacity_extraction	analytical	0.9315528632876693	mountain	snare	snare
status_market_fragmentation	powerless	0.5651802690394981	mountain	tangled_rope	tangled_rope
status_market_fragmentation	moderate	0.5753759086131316	rope	tangled_rope	tangled_rope
status_market_fragmentation	institutional	-0.007558410063078134	rope	rope	rope
status_market_fragmentation	analytical	0.7123639542788058	mountain	tangled_rope	tangled_rope
statute_of_anne_ip_foundation__conceptual_emergence_reading	powerless	0.38040979646889295	mountain	tangled_rope	tangled_rope
statute_of_anne_ip_foundation__conceptual_emergence_reading	moderate	0.3872722461819154	rope	tangled_rope	tangled_rope
statute_of_anne_ip_foundation__conceptual_emergence_reading	institutional	-0.014788192895291596	rope	rope	rope
statute_of_anne_ip_foundation__conceptual_emergence_reading	analytical	0.47947573845688846	mountain	tangled_rope	tangled_rope
statute_of_anne_ip_foundation__entangled_event_reading	powerless	0.3016	mountain	naturalized	naturalized
statute_of_anne_ip_foundation__entangled_event_reading	moderate	0.6417654365300313	rope	tangled_rope	tangled_rope
statute_of_anne_ip_foundation__entangled_event_reading	institutional	0.010071504390614185	rope	naturalized	naturalized
statute_of_anne_ip_foundation__entangled_event_reading	analytical	0.7945597951571295	mountain	snare	snare
statute_of_anne_ip_foundation__institutional_reallocation_reading	powerless	0.5651802690394981	mountain	tangled_rope	rope
statute_of_anne_ip_foundation__institutional_reallocation_reading	moderate	0.5753759086131316	rope	tangled_rope	rope
statute_of_anne_ip_foundation__institutional_reallocation_reading	institutional	0.618735836955181	rope	tangled_rope	rope
statute_of_anne_ip_foundation__institutional_reallocation_reading	analytical	0.7123639542788058	mountain	tangled_rope	rope
statutory_debt_ceiling__constitutional_nullity_reading	powerless	0.0	mountain	mountain	mountain
statutory_debt_ceiling__constitutional_nullity_reading	moderate	0.0	rope	rope	rope
statutory_debt_ceiling__constitutional_nullity_reading	institutional	-0.0	rope	rope	rope
statutory_debt_ceiling__constitutional_nullity_reading	analytical	0.0	mountain	mountain	mountain
statutory_debt_ceiling__coordination_scaffold_reading	powerless	0.2451583718677467	mountain	scaffold	scaffold
statutory_debt_ceiling__coordination_scaffold_reading	moderate	0.22189511398175152	rope	scaffold	scaffold
statutory_debt_ceiling__coordination_scaffold_reading	institutional	-0.00929543553418329	rope	scaffold	scaffold
statutory_debt_ceiling__coordination_scaffold_reading	analytical	0.30138474988718705	mountain	scaffold	scaffold
statutory_debt_ceiling__extraction_snare_reading	powerless	-0.007907259758297125	mountain	naturalized	naturalized
statutory_debt_ceiling__extraction_snare_reading	moderate	0.7524146497248644	rope	snare	snare
statutory_debt_ceiling__extraction_snare_reading	institutional	-0.028731346196566535	rope	rope	rope
statutory_debt_ceiling__extraction_snare_reading	analytical	0.9315528632876693	mountain	snare	snare
stone_land_use_rule__behavioral_competence	powerless	0.2005841224372473	mountain	scaffold	rope
stone_land_use_rule__behavioral_competence	moderate	0.18155054780325125	rope	scaffold	rope
stone_land_use_rule__behavioral_competence	institutional	-0.007605356346149964	rope	scaffold	rope
stone_land_use_rule__behavioral_competence	analytical	0.24658752263497122	mountain	scaffold	rope
stone_land_use_rule__commemorative_husk	powerless	0.7390818902824207	mountain	unknown	unknown
stone_land_use_rule__commemorative_husk	moderate	0.7524146497248644	rope	unknown	unknown
stone_land_use_rule__commemorative_husk	institutional	-0.028731346196566535	rope	rope	rope
stone_land_use_rule__commemorative_husk	analytical	0.9315528632876693	mountain	unknown	unknown
structural_adjustment_conditionalities__creditor_coordination_reading	powerless	0.3120197460134958	mountain	scaffold	scaffold
structural_adjustment_conditionalities__creditor_coordination_reading	moderate	0.28241196324950196	rope	scaffold	scaffold
structural_adjustment_conditionalities__creditor_coordination_reading	institutional	-0.01183055431623328	rope	scaffold	scaffold
structural_adjustment_conditionalities__creditor_coordination_reading	analytical	0.3835805907655109	mountain	scaffold	scaffold
structural_adjustment_conditionalities__debtor_extraction_reading	powerless	0.40559999999999996	mountain	tangled_rope	tangled_rope
structural_adjustment_conditionalities__debtor_extraction_reading	moderate	0.8630638629196973	rope	snare	snare
structural_adjustment_conditionalities__debtor_extraction_reading	institutional	-0.0572555047098468	rope	rope	rope
structural_adjustment_conditionalities__debtor_extraction_reading	analytical	1.0685459314182089	mountain	snare	snare
structural_adjustment_conditionalities__hybrid_selectivity_reading	powerless	0.6738687823163247	mountain	snare	snare
structural_adjustment_conditionalities__hybrid_selectivity_reading	moderate	0.6860251218079645	rope	snare	snare
structural_adjustment_conditionalities__hybrid_selectivity_reading	institutional	0.010766090900311717	rope	naturalized	naturalized
structural_adjustment_conditionalities__hybrid_selectivity_reading	analytical	0.8493570224093454	mountain	snare	snare
structural_position_constraint_divergence	powerless	0.5651802690394981	mountain	tangled_rope	tangled_rope
structural_position_constraint_divergence	moderate	0.5753759086131316	rope	tangled_rope	tangled_rope
structural_position_constraint_divergence	institutional	-0.021971029444433233	rope	rope	rope
structural_position_constraint_divergence	analytical	0.7123639542788058	mountain	tangled_rope	tangled_rope
subscriber_attention_commons	powerless	0.3016	mountain	naturalized	naturalized
subscriber_attention_commons	moderate	0.6417654365300313	rope	tangled_rope	tangled_rope
subscriber_attention_commons	institutional	-0.024506148226483216	rope	rope	rope
subscriber_attention_commons	analytical	0.7945597951571295	mountain	snare	snare
subscription_retention_imperative	powerless	0.3016	mountain	naturalized	naturalized
subscription_retention_imperative	moderate	0.6417654365300313	rope	tangled_rope	tangled_rope
subscription_retention_imperative	institutional	-0.024506148226483216	rope	rope	rope
subscription_retention_imperative	analytical	0.7945597951571295	mountain	snare	snare
substance_control_authority__harm_reduction_reading	powerless	0.3996187628061073	mountain	tangled_rope	tangled_rope
substance_control_authority__harm_reduction_reading	moderate	0.11072662130424742	rope	rope	rope
substance_control_authority__harm_reduction_reading	institutional	-0.01605575228631659	rope	rope	rope
substance_control_authority__harm_reduction_reading	analytical	0.5205736588960505	mountain	tangled_rope	tangled_rope
substance_control_authority__legalization_reading	powerless	0.4130163504519409	mountain	tangled_rope	tangled_rope
substance_control_authority__legalization_reading	moderate	0.42046701014036536	rope	tangled_rope	tangled_rope
substance_control_authority__legalization_reading	institutional	0.11072662130424742	rope	rope	rope
substance_control_authority__legalization_reading	analytical	0.5205736588960505	mountain	tangled_rope	tangled_rope
substance_control_authority__prohibition_reading	powerless	0.35359999999999997	mountain	tangled_rope	tangled_rope
substance_control_authority__prohibition_reading	moderate	0.7524146497248644	rope	snare	snare
substance_control_authority__prohibition_reading	institutional	-0.028731346196566535	rope	rope	rope
substance_control_authority__prohibition_reading	analytical	0.9315528632876693	mountain	snare	snare
substance_control_kernel__harm_reduction_reading	powerless	0.4130163504519409	mountain	tangled_rope	tangled_rope
substance_control_kernel__harm_reduction_reading	moderate	0.42046701014036536	rope	tangled_rope	tangled_rope
substance_control_kernel__harm_reduction_reading	institutional	0.006598571842126536	rope	rope	rope
substance_control_kernel__harm_reduction_reading	analytical	0.5205736588960505	mountain	tangled_rope	tangled_rope
substance_control_kernel__legalization_reading	powerless	0.38040979646889295	mountain	unknown	unknown
substance_control_kernel__legalization_reading	moderate	0.038543186664782014	rope	rope	rope
substance_control_kernel__legalization_reading	institutional	0.10198504593812262	rope	rope	rope
substance_control_kernel__legalization_reading	analytical	0.47947573845688846	mountain	unknown	unknown
substance_control_kernel__prohibition_reading	powerless	0.35359999999999997	mountain	tangled_rope	tangled_rope
substance_control_kernel__prohibition_reading	moderate	0.7524146497248644	rope	snare	snare
substance_control_kernel__prohibition_reading	institutional	-0.039852362853025784	rope	rope	rope
substance_control_kernel__prohibition_reading	analytical	0.9315528632876693	mountain	snare	snare
substance_control_legitimacy__harm_reduction_reading	powerless	0.5186424363994323	mountain	tangled_rope	tangled_rope
substance_control_legitimacy__harm_reduction_reading	moderate	0.5311162233351983	rope	tangled_rope	tangled_rope
substance_control_legitimacy__harm_reduction_reading	institutional	-0.020280950256399904	rope	rope	rope
substance_control_legitimacy__harm_reduction_reading	analytical	0.6575667270265899	mountain	tangled_rope	tangled_rope
substance_control_legitimacy__legalization_reading	powerless	0.5651802690394981	mountain	tangled_rope	tangled_rope
substance_control_legitimacy__legalization_reading	moderate	0.5753759086131316	rope	tangled_rope	tangled_rope
substance_control_legitimacy__legalization_reading	institutional	-0.021971029444433233	rope	rope	rope
substance_control_legitimacy__legalization_reading	analytical	0.7123639542788058	mountain	tangled_rope	tangled_rope
substance_control_legitimacy__prohibition_reading	powerless	0.35359999999999997	mountain	tangled_rope	tangled_rope
substance_control_legitimacy__prohibition_reading	moderate	0.7524146497248644	rope	snare	snare
substance_control_legitimacy__prohibition_reading	institutional	-0.028731346196566535	rope	rope	rope
substance_control_legitimacy__prohibition_reading	analytical	0.9315528632876693	mountain	snare	snare
sunk_cost_escalation	powerless	0.6303933770055941	mountain	tangled_rope	tangled_rope
sunk_cost_escalation	moderate	0.6417654365300313	rope	tangled_rope	tangled_rope
sunk_cost_escalation	institutional	-0.024506148226483216	rope	rope	rope
sunk_cost_escalation	analytical	0.7945597951571295	mountain	snare	snare
supermajority_threshold__adaptive_gradient_reading	powerless	0.5651802690394981	mountain	tangled_rope	tangled_rope
supermajority_threshold__adaptive_gradient_reading	moderate	0.5753759086131316	rope	tangled_rope	tangled_rope
supermajority_threshold__adaptive_gradient_reading	institutional	-0.021971029444433233	rope	rope	rope
supermajority_threshold__adaptive_gradient_reading	analytical	0.7123639542788058	mountain	tangled_rope	tangled_rope
supermajority_threshold__consensus_safeguard_reading	powerless	0.3120197460134958	mountain	scaffold	scaffold
supermajority_threshold__consensus_safeguard_reading	moderate	0.28241196324950196	rope	scaffold	scaffold
supermajority_threshold__consensus_safeguard_reading	institutional	-0.01183055431623328	rope	scaffold	scaffold
supermajority_threshold__consensus_safeguard_reading	analytical	0.3835805907655109	mountain	scaffold	scaffold
supermajority_threshold__minoritarian_veto_reading	powerless	0.35359999999999997	mountain	tangled_rope	tangled_rope
supermajority_threshold__minoritarian_veto_reading	moderate	0.7524146497248644	rope	snare	snare
supermajority_threshold__minoritarian_veto_reading	institutional	-0.04991505538807157	rope	rope	rope
supermajority_threshold__minoritarian_veto_reading	analytical	0.9315528632876693	mountain	snare	snare
switching_cost_asymmetry	powerless	0.5651802690394981	mountain	tangled_rope	tangled_rope
switching_cost_asymmetry	moderate	0.4038071848615065	rope	tangled_rope	tangled_rope
switching_cost_asymmetry	institutional	-0.021971029444433233	rope	rope	rope
switching_cost_asymmetry	analytical	0.7123639542788058	mountain	tangled_rope	tangled_rope
takings_clause_boundary__categorical_takings_reading	powerless	0.3016	mountain	naturalized	naturalized
takings_clause_boundary__categorical_takings_reading	moderate	0.6417654365300313	rope	tangled_rope	tangled_rope
takings_clause_boundary__categorical_takings_reading	institutional	-0.024506148226483216	rope	rope	rope
takings_clause_boundary__categorical_takings_reading	analytical	0.7945597951571295	mountain	snare	snare
takings_clause_boundary__physical_appropriation_reading	powerless	0.4130163504519409	mountain	tangled_rope	tangled_rope
takings_clause_boundary__physical_appropriation_reading	moderate	0.42046701014036536	rope	tangled_rope	tangled_rope
takings_clause_boundary__physical_appropriation_reading	institutional	-0.01605575228631659	rope	rope	rope
takings_clause_boundary__physical_appropriation_reading	analytical	0.5205736588960505	mountain	tangled_rope	tangled_rope
takings_clause_boundary__regulatory_takings_reading	powerless	0.5651802690394981	mountain	tangled_rope	tangled_rope
takings_clause_boundary__regulatory_takings_reading	moderate	0.5753759086131316	rope	tangled_rope	tangled_rope
takings_clause_boundary__regulatory_takings_reading	institutional	-0.021971029444433233	rope	rope	rope
takings_clause_boundary__regulatory_takings_reading	analytical	0.7123639542788058	mountain	tangled_rope	tangled_rope
tcp_ip_interpretation__neutrality_reading	powerless	0.5651802690394981	mountain	tangled_rope	rope
tcp_ip_interpretation__neutrality_reading	moderate	0.5753759086131316	rope	tangled_rope	rope
tcp_ip_interpretation__neutrality_reading	institutional	0.5936366285656716	rope	tangled_rope	rope
tcp_ip_interpretation__neutrality_reading	analytical	0.7123639542788058	mountain	tangled_rope	rope
tcp_ip_interpretation__prioritization_reading	powerless	0.3016	mountain	naturalized	naturalized
tcp_ip_interpretation__prioritization_reading	moderate	0.6417654365300313	rope	tangled_rope	tangled_rope
tcp_ip_interpretation__prioritization_reading	institutional	-0.024506148226483216	rope	rope	rope
tcp_ip_interpretation__prioritization_reading	analytical	0.7945597951571295	mountain	snare	snare
tcp_ip_interpretation__zero_rating_reading	powerless	0.3016	mountain	naturalized	naturalized
tcp_ip_interpretation__zero_rating_reading	moderate	0.6417654365300313	rope	tangled_rope	tangled_rope
tcp_ip_interpretation__zero_rating_reading	institutional	0.010071504390614185	rope	naturalized	naturalized
tcp_ip_interpretation__zero_rating_reading	analytical	0.7945597951571295	mountain	snare	snare
technology_reformation_causality__beneficiary_agency_reading	powerless	0.5651802690394981	mountain	tangled_rope	tangled_rope
technology_reformation_causality__beneficiary_agency_reading	moderate	0.5753759086131316	rope	tangled_rope	tangled_rope
technology_reformation_causality__beneficiary_agency_reading	institutional	0.009029624626067892	rope	naturalized	naturalized
technology_reformation_causality__beneficiary_agency_reading	analytical	0.7123639542788058	mountain	snare	snare
technology_reformation_causality__co_constitution_reading	powerless	0.4130163504519409	mountain	tangled_rope	tangled_rope
technology_reformation_causality__co_constitution_reading	moderate	0.42046701014036536	rope	tangled_rope	tangled_rope
technology_reformation_causality__co_constitution_reading	institutional	-0.01605575228631659	rope	rope	rope
technology_reformation_causality__co_constitution_reading	analytical	0.5205736588960505	mountain	tangled_rope	tangled_rope
technology_reformation_causality__technological_determinism_reading	powerless	0.2005841224372473	mountain	mountain	mountain
technology_reformation_causality__technological_determinism_reading	moderate	0.18155054780325125	rope	scaffold	scaffold
technology_reformation_causality__technological_determinism_reading	institutional	-0.007605356346149964	rope	scaffold	scaffold
technology_reformation_causality__technological_determinism_reading	analytical	0.24658752263497122	mountain	mountain	mountain
temple_sacrifice_obligation__messianic_suspension	powerless	0.08914849886099879	mountain	scaffold	rope
temple_sacrifice_obligation__messianic_suspension	moderate	0.08068913235700055	rope	scaffold	rope
temple_sacrifice_obligation__messianic_suspension	institutional	-0.003380158376066651	rope	scaffold	rope
temple_sacrifice_obligation__messianic_suspension	analytical	0.10959445450443167	mountain	scaffold	rope
temple_sacrifice_obligation__study_as_archiving	powerless	0.5217048637287675	mountain	tangled_rope	tangled_rope
temple_sacrifice_obligation__study_as_archiving	moderate	0.5311162233351983	rope	tangled_rope	tangled_rope
temple_sacrifice_obligation__study_as_archiving	institutional	0.019750468958798045	rope	naturalized	naturalized
temple_sacrifice_obligation__study_as_archiving	analytical	0.6575667270265899	mountain	tangled_rope	tangled_rope
temple_sacrifice_obligation__study_as_occupation	powerless	0.1337227482914982	mountain	scaffold	rope
temple_sacrifice_obligation__study_as_occupation	moderate	0.12103369853550082	rope	scaffold	rope
temple_sacrifice_obligation__study_as_occupation	institutional	-0.005070237564099976	rope	scaffold	rope
temple_sacrifice_obligation__study_as_occupation	analytical	0.16439168175664748	mountain	scaffold	rope
tenure_contract__academic_freedom_reading	powerless	0.19043839071213003	mountain	scaffold	scaffold
tenure_contract__academic_freedom_reading	moderate	0.28241196324950196	rope	scaffold	scaffold
tenure_contract__academic_freedom_reading	institutional	-0.01183055431623328	rope	scaffold	scaffold
tenure_contract__academic_freedom_reading	analytical	0.3835805907655109	mountain	scaffold	scaffold
tenure_contract__demographic_reproduction_reading	powerless	0.6303933770055941	mountain	tangled_rope	tangled_rope
tenure_contract__demographic_reproduction_reading	moderate	0.6417654365300313	rope	tangled_rope	tangled_rope
tenure_contract__demographic_reproduction_reading	institutional	-0.024506148226483216	rope	rope	rope
tenure_contract__demographic_reproduction_reading	analytical	0.7945597951571295	mountain	snare	snare
tenure_contract__institutional_extraction_reading	powerless	0.3224	mountain	naturalized	naturalized
tenure_contract__institutional_extraction_reading	moderate	0.6860251218079645	rope	snare	snare
tenure_contract__institutional_extraction_reading	institutional	-0.04551078579500643	rope	rope	rope
tenure_contract__institutional_extraction_reading	analytical	0.8493570224093454	mountain	snare	snare
territorial_legitimacy__indigenous_continuity_reading	powerless	0.7390818902824207	mountain	snare	snare
territorial_legitimacy__indigenous_continuity_reading	moderate	0.7524146497248644	rope	snare	snare
territorial_legitimacy__indigenous_continuity_reading	institutional	-0.028731346196566535	rope	rope	rope
territorial_legitimacy__indigenous_continuity_reading	analytical	0.9315528632876693	mountain	snare	snare
territorial_legitimacy__partition_reading	powerless	0.6303933770055941	mountain	tangled_rope	tangled_rope
territorial_legitimacy__partition_reading	moderate	0.6417654365300313	rope	tangled_rope	tangled_rope
territorial_legitimacy__partition_reading	institutional	-0.024506148226483216	rope	rope	rope
territorial_legitimacy__partition_reading	analytical	0.7945597951571295	mountain	snare	snare
territorial_legitimacy__security_necessity_reading	powerless	0.35359999999999997	mountain	tangled_rope	tangled_rope
territorial_legitimacy__security_necessity_reading	moderate	0.7524146497248644	rope	snare	snare
territorial_legitimacy__security_necessity_reading	institutional	-0.028731346196566535	rope	rope	rope
territorial_legitimacy__security_necessity_reading	analytical	0.9315528632876693	mountain	snare	snare
territorial_legitimacy_dual__palestinian_autochthony_reading	powerless	0.35359999999999997	mountain	unknown	unknown
territorial_legitimacy_dual__palestinian_autochthony_reading	moderate	0.7524146497248644	rope	snare	snare
territorial_legitimacy_dual__palestinian_autochthony_reading	institutional	-0.05457513908790348	rope	rope	rope
territorial_legitimacy_dual__palestinian_autochthony_reading	analytical	0.9315528632876693	mountain	snare	snare
territorial_legitimacy_dual__two_state_coexistence_reading	powerless	0.286	mountain	naturalized	naturalized
territorial_legitimacy_dual__two_state_coexistence_reading	moderate	0.6085706725715815	rope	tangled_rope	tangled_rope
territorial_legitimacy_dual__two_state_coexistence_reading	institutional	-0.023238588835458228	rope	rope	rope
territorial_legitimacy_dual__two_state_coexistence_reading	analytical	0.7534618747179678	mountain	snare	snare
territorial_legitimacy_dual__zionist_refuge_reading	powerless	0.2779643559681058	mountain	naturalized	naturalized
territorial_legitimacy_dual__zionist_refuge_reading	moderate	0.6417654365300313	rope	tangled_rope	tangled_rope
territorial_legitimacy_dual__zionist_refuge_reading	institutional	-0.024506148226483216	rope	rope	rope
territorial_legitimacy_dual__zionist_refuge_reading	analytical	0.7945597951571295	mountain	snare	snare
territorial_sovereignty_legitimacy__covenant_continuity_reading	powerless	0.6303933770055941	mountain	tangled_rope	tangled_rope
territorial_sovereignty_legitimacy__covenant_continuity_reading	moderate	0.6417654365300313	rope	tangled_rope	tangled_rope
territorial_sovereignty_legitimacy__covenant_continuity_reading	institutional	0.010071504390614185	rope	naturalized	naturalized
territorial_sovereignty_legitimacy__covenant_continuity_reading	analytical	0.7945597951571295	mountain	snare	snare
territorial_sovereignty_legitimacy__existential_matrix_reading	powerless	0.7390818902824207	mountain	snare	snare
territorial_sovereignty_legitimacy__existential_matrix_reading	moderate	0.7524146497248644	rope	snare	snare
territorial_sovereignty_legitimacy__existential_matrix_reading	institutional	-0.028731346196566535	rope	rope	rope
territorial_sovereignty_legitimacy__existential_matrix_reading	analytical	0.9315528632876693	mountain	snare	snare
territorial_sovereignty_legitimacy__self_determination_reading	powerless	0.3016	mountain	naturalized	naturalized
territorial_sovereignty_legitimacy__self_determination_reading	moderate	0.6417654365300313	rope	tangled_rope	tangled_rope
territorial_sovereignty_legitimacy__self_determination_reading	institutional	0.7624305343011257	rope	snare	snare
territorial_sovereignty_legitimacy__self_determination_reading	analytical	0.7945597951571295	mountain	snare	snare
thermodynamics_entropy	powerless	0.1362600974974211	mountain	mountain	mountain
thermodynamics_entropy	moderate	0.11999708872969506	rope	rope	rope
thermodynamics_entropy	institutional	-0.014325121871776378	rope	rope	rope
thermodynamics_entropy	analytical	0.16560293298312803	mountain	mountain	mountain
topological_invariant_universality	powerless	0.1362600974974211	mountain	mountain	mountain
topological_invariant_universality	moderate	0.11999708872969506	rope	rope	rope
topological_invariant_universality	institutional	-0.014325121871776378	rope	rope	rope
topological_invariant_universality	analytical	0.16560293298312803	mountain	mountain	mountain
tordesillas_demarcation_kernel__portuguese_exploration_legitimation	powerless	0.5651802690394981	mountain	tangled_rope	tangled_rope
tordesillas_demarcation_kernel__portuguese_exploration_legitimation	moderate	0.5753759086131316	rope	tangled_rope	tangled_rope
tordesillas_demarcation_kernel__portuguese_exploration_legitimation	institutional	-0.021971029444433233	rope	rope	rope
tordesillas_demarcation_kernel__portuguese_exploration_legitimation	analytical	0.7123639542788058	mountain	tangled_rope	tangled_rope
tordesillas_demarcation_kernel__spanish_conquest_legitimation	powerless	0.42639999999999995	mountain	tangled_rope	tangled_rope
tordesillas_demarcation_kernel__spanish_conquest_legitimation	moderate	0.9073235481976304	rope	snare	snare
tordesillas_demarcation_kernel__spanish_conquest_legitimation	institutional	-0.03464662335468317	rope	rope	rope
tordesillas_demarcation_kernel__spanish_conquest_legitimation	analytical	1.1233431586704243	mountain	snare	snare
total_war_possibility_space__deterrence_equilibrium_reading	powerless	0.7390818902824207	mountain	snare	snare
total_war_possibility_space__deterrence_equilibrium_reading	moderate	0.7524146497248644	rope	snare	snare
total_war_possibility_space__deterrence_equilibrium_reading	institutional	-0.028731346196566535	rope	rope	rope
total_war_possibility_space__deterrence_equilibrium_reading	analytical	0.9315528632876693	mountain	snare	snare
total_war_possibility_space__nuclear_taboo_reading	powerless	0.4130163504519409	mountain	tangled_rope	tangled_rope
total_war_possibility_space__nuclear_taboo_reading	moderate	0.42046701014036536	rope	tangled_rope	tangled_rope
total_war_possibility_space__nuclear_taboo_reading	institutional	-0.01605575228631659	rope	rope	rope
total_war_possibility_space__nuclear_taboo_reading	analytical	0.5205736588960505	mountain	tangled_rope	tangled_rope
total_war_reachability_boundary__contingent_reachability_reading	powerless	0.3043278371751144	mountain	piton	piton
total_war_reachability_boundary__contingent_reachability_reading	moderate	0.3098177969455324	rope	rope	rope
total_war_reachability_boundary__contingent_reachability_reading	institutional	-0.01183055431623328	rope	rope	rope
total_war_reachability_boundary__contingent_reachability_reading	analytical	0.3835805907655109	mountain	piton	piton
total_war_reachability_boundary__contraction_reading	powerless	0.022710016249570187	mountain	mountain	mountain
total_war_reachability_boundary__contraction_reading	moderate	0.01999951478828251	rope	rope	rope
total_war_reachability_boundary__contraction_reading	institutional	-0.0023875203119627297	rope	rope	rope
total_war_reachability_boundary__contraction_reading	analytical	0.027600488830521342	mountain	mountain	mountain
total_war_reachability_boundary__dropping_reading	powerless	0.6303933770055941	mountain	tangled_rope	tangled_rope
total_war_reachability_boundary__dropping_reading	moderate	0.6417654365300313	rope	tangled_rope	tangled_rope
total_war_reachability_boundary__dropping_reading	institutional	-0.024506148226483216	rope	rope	rope
total_war_reachability_boundary__dropping_reading	analytical	0.7945597951571295	mountain	snare	snare
total_war_winnability_post1945__normative_reading_drop	powerless	0.34780324248584504	mountain	unknown	unknown
total_war_winnability_post1945__normative_reading_drop	moderate	0.3540774822234656	rope	tangled_rope	tangled_rope
total_war_winnability_post1945__normative_reading_drop	institutional	-0.013520633504266605	rope	rope	rope
total_war_winnability_post1945__normative_reading_drop	analytical	0.4383778180177267	mountain	tangled_rope	tangled_rope
total_war_winnability_post1945__strategic_culture_drift	powerless	0.4130163504519409	mountain	piton	piton
total_war_winnability_post1945__strategic_culture_drift	moderate	0.42046701014036536	rope	piton	piton
total_war_winnability_post1945__strategic_culture_drift	institutional	-0.01605575228631659	rope	rope	rope
total_war_winnability_post1945__strategic_culture_drift	analytical	0.48748213588335576	mountain	unknown	unknown
total_war_winnability_post1945__structural_contraction_reading	powerless	0.1337227482914982	mountain	mountain	mountain
total_war_winnability_post1945__structural_contraction_reading	moderate	0.12103369853550082	rope	scaffold	scaffold
total_war_winnability_post1945__structural_contraction_reading	institutional	-0.005070237564099976	rope	scaffold	scaffold
total_war_winnability_post1945__structural_contraction_reading	analytical	0.16439168175664748	mountain	mountain	mountain
toy_industry_consolidation	powerless	0.3016	mountain	naturalized	naturalized
toy_industry_consolidation	moderate	0.6417654365300313	rope	tangled_rope	tangled_rope
toy_industry_consolidation	institutional	0.2609005954775204	rope	naturalized	naturalized
toy_industry_consolidation	analytical	0.7945597951571295	mountain	snare	snare
transition_causality__contingent_choice_reading	powerless	0.4130163504519409	mountain	tangled_rope	tangled_rope
transition_causality__contingent_choice_reading	moderate	0.42046701014036536	rope	tangled_rope	tangled_rope
transition_causality__contingent_choice_reading	institutional	-0.027893707422745877	rope	rope	rope
transition_causality__contingent_choice_reading	analytical	0.5205736588960505	mountain	tangled_rope	tangled_rope
transition_causality__hybrid_trigger_reading	powerless	0.6303933770055941	mountain	tangled_rope	tangled_rope
transition_causality__hybrid_trigger_reading	moderate	0.4930994045224794	rope	tangled_rope	tangled_rope
transition_causality__hybrid_trigger_reading	institutional	-0.024506148226483216	rope	rope	rope
transition_causality__hybrid_trigger_reading	analytical	0.7945597951571295	mountain	snare	snare
transition_causality__overdetermined_collapse_reading	powerless	0.3224	mountain	naturalized	naturalized
transition_causality__overdetermined_collapse_reading	moderate	0.6860251218079645	rope	snare	snare
transition_causality__overdetermined_collapse_reading	institutional	-0.04975968563897081	rope	rope	rope
transition_causality__overdetermined_collapse_reading	analytical	0.8493570224093454	mountain	snare	snare
treaty_authority_cession__crown_cession_reading	powerless	0.7390818902824207	mountain	snare	snare
treaty_authority_cession__crown_cession_reading	moderate	0.7524146497248644	rope	snare	snare
treaty_authority_cession__crown_cession_reading	institutional	-0.04991505538807157	rope	rope	rope
treaty_authority_cession__crown_cession_reading	analytical	0.9315528632876693	mountain	snare	snare
treaty_authority_cession__rangatiratanga_retention_reading	powerless	0.5651802690394981	mountain	tangled_rope	tangled_rope
treaty_authority_cession__rangatiratanga_retention_reading	moderate	0.5753759086131316	rope	tangled_rope	tangled_rope
treaty_authority_cession__rangatiratanga_retention_reading	institutional	0.5936366285656716	rope	tangled_rope	tangled_rope
treaty_authority_cession__rangatiratanga_retention_reading	analytical	0.7123639542788058	mountain	snare	snare
treaty_authority_cession__retrospective_snare_exposure	powerless	0.46249323458660146	mountain	tangled_rope	tangled_rope
treaty_authority_cession__retrospective_snare_exposure	moderate	0.7524146497248644	rope	snare	snare
treaty_authority_cession__retrospective_snare_exposure	institutional	-0.06320280039811209	rope	rope	rope
treaty_authority_cession__retrospective_snare_exposure	analytical	0.9315528632876693	mountain	snare	snare
trips_agreement_interpretive_kernel__dispute_settlement_interpretive_authority	powerless	0.3016	mountain	naturalized	naturalized
trips_agreement_interpretive_kernel__dispute_settlement_interpretive_authority	moderate	0.6417654365300313	rope	tangled_rope	tangled_rope
trips_agreement_interpretive_kernel__dispute_settlement_interpretive_authority	institutional	-0.00843053430112561	rope	rope	rope
trips_agreement_interpretive_kernel__dispute_settlement_interpretive_authority	analytical	0.7945597951571295	mountain	snare	snare
trips_agreement_interpretive_kernel__public_health_flexibility_reading	powerless	0.4130163504519409	mountain	tangled_rope	tangled_rope
trips_agreement_interpretive_kernel__public_health_flexibility_reading	moderate	0.42046701014036536	rope	tangled_rope	tangled_rope
trips_agreement_interpretive_kernel__public_health_flexibility_reading	institutional	0.2950898658603317	rope	rope	rope
trips_agreement_interpretive_kernel__public_health_flexibility_reading	analytical	0.5205736588960505	mountain	tangled_rope	tangled_rope
trips_agreement_interpretive_kernel__strong_exclusivity_reading	powerless	0.39447952361798355	mountain	tangled_rope	tangled_rope
trips_agreement_interpretive_kernel__strong_exclusivity_reading	moderate	0.6417654365300313	rope	tangled_rope	tangled_rope
trips_agreement_interpretive_kernel__strong_exclusivity_reading	institutional	-0.024506148226483216	rope	rope	rope
trips_agreement_interpretive_kernel__strong_exclusivity_reading	analytical	0.7945597951571295	mountain	snare	snare
tsunami_stone_commitment__behavioral_competence_reading	powerless	0.08914849886099879	mountain	scaffold	scaffold
tsunami_stone_commitment__behavioral_competence_reading	moderate	0.08068913235700055	rope	scaffold	scaffold
tsunami_stone_commitment__behavioral_competence_reading	institutional	-0.003380158376066651	rope	scaffold	scaffold
tsunami_stone_commitment__behavioral_competence_reading	analytical	0.10959445450443167	mountain	scaffold	scaffold
tsunami_stone_commitment__catastrophe_validation_axis	powerless	0.1362600974974211	mountain	mountain	mountain
tsunami_stone_commitment__catastrophe_validation_axis	moderate	0.11999708872969506	rope	rope	rope
tsunami_stone_commitment__catastrophe_validation_axis	institutional	-0.014325121871776378	rope	rope	rope
tsunami_stone_commitment__catastrophe_validation_axis	analytical	0.16560293298312803	mountain	mountain	mountain
tsunami_stone_commitment__commemorative_husk_reading	powerless	0.6463266167422412	mountain	tangled_rope	tangled_rope
tsunami_stone_commitment__commemorative_husk_reading	moderate	0.6417654365300313	rope	tangled_rope	tangled_rope
tsunami_stone_commitment__commemorative_husk_reading	institutional	-0.024506148226483216	rope	rope	rope
tsunami_stone_commitment__commemorative_husk_reading	analytical	0.7945597951571295	mountain	snare	snare
turkish_graphemic_substrate__gradual_transition_reading	powerless	0.5651802690394981	mountain	tangled_rope	tangled_rope
turkish_graphemic_substrate__gradual_transition_reading	moderate	0.4038071848615065	rope	tangled_rope	tangled_rope
turkish_graphemic_substrate__gradual_transition_reading	institutional	-0.021971029444433233	rope	rope	rope
turkish_graphemic_substrate__gradual_transition_reading	analytical	0.7123639542788058	mountain	tangled_rope	tangled_rope
turkish_graphemic_substrate__ottoman_continuity_reading	powerless	0.3016	mountain	naturalized	naturalized
turkish_graphemic_substrate__ottoman_continuity_reading	moderate	0.6417654365300313	rope	tangled_rope	tangled_rope
turkish_graphemic_substrate__ottoman_continuity_reading	institutional	-0.04257460606629633	rope	rope	rope
turkish_graphemic_substrate__ottoman_continuity_reading	analytical	0.7945597951571295	mountain	snare	snare
turkish_graphemic_substrate__secular_nationalist_reading	powerless	0.3016	mountain	naturalized	naturalized
turkish_graphemic_substrate__secular_nationalist_reading	moderate	0.6417654365300313	rope	tangled_rope	tangled_rope
turkish_graphemic_substrate__secular_nationalist_reading	institutional	-0.024506148226483216	rope	rope	rope
turkish_graphemic_substrate__secular_nationalist_reading	analytical	0.7945597951571295	mountain	snare	snare
udhr_article_3__negative_liberty_reading	powerless	0.6303933770055941	mountain	tangled_rope	tangled_rope
udhr_article_3__negative_liberty_reading	moderate	0.6417654365300313	rope	tangled_rope	tangled_rope
udhr_article_3__negative_liberty_reading	institutional	-0.053908270927801476	rope	rope	rope
udhr_article_3__negative_liberty_reading	analytical	0.7945597951571295	mountain	snare	snare
udhr_article_3__positive_entitlement_reading	powerless	0.3016	mountain	naturalized	naturalized
udhr_article_3__positive_entitlement_reading	moderate	0.6417654365300313	rope	tangled_rope	tangled_rope
udhr_article_3__positive_entitlement_reading	institutional	0.34745544496013225	rope	naturalized	naturalized
udhr_article_3__positive_entitlement_reading	analytical	0.7945597951571295	mountain	snare	snare
udhr_article_3__procedural_hybrid_reading	powerless	0.4130163504519409	mountain	tangled_rope	tangled_rope
udhr_article_3__procedural_hybrid_reading	moderate	0.42046701014036536	rope	tangled_rope	tangled_rope
udhr_article_3__procedural_hybrid_reading	institutional	0.006598571842126536	rope	rope	rope
udhr_article_3__procedural_hybrid_reading	analytical	0.5205736588960505	mountain	tangled_rope	tangled_rope
udhr_authority__aspirational_sovereignty_reading	powerless	0.3120197460134958	mountain	scaffold	scaffold
udhr_authority__aspirational_sovereignty_reading	moderate	0.28241196324950196	rope	scaffold	scaffold
udhr_authority__aspirational_sovereignty_reading	institutional	0.25133240176347865	rope	scaffold	scaffold
udhr_authority__aspirational_sovereignty_reading	analytical	0.3835805907655109	mountain	scaffold	scaffold
udhr_authority__binding_universalism_reading	powerless	0.6303933770055941	mountain	tangled_rope	tangled_rope
udhr_authority__binding_universalism_reading	moderate	0.6417654365300313	rope	tangled_rope	tangled_rope
udhr_authority__binding_universalism_reading	institutional	0.7151038676789437	rope	snare	snare
udhr_authority__binding_universalism_reading	analytical	0.7945597951571295	mountain	snare	snare
udhr_authority__customary_emergence_reading	powerless	0.5651802690394981	mountain	tangled_rope	tangled_rope
udhr_authority__customary_emergence_reading	moderate	0.5753759086131316	rope	tangled_rope	tangled_rope
udhr_authority__customary_emergence_reading	institutional	-0.021971029444433233	rope	rope	rope
udhr_authority__customary_emergence_reading	analytical	0.7123639542788058	mountain	tangled_rope	tangled_rope
unclos_2026	powerless	0.20872047638201635	mountain	naturalized	naturalized
unclos_2026	moderate	0.6417654365300313	rope	tangled_rope	tangled_rope
unclos_2026	institutional	-0.04257460606629633	rope	rope	rope
unclos_2026	analytical	0.7945597951571295	mountain	snare	snare
unclos_maritime_sovereignty__expansive_construction_reading	powerless	0.3016	mountain	naturalized	naturalized
unclos_maritime_sovereignty__expansive_construction_reading	moderate	0.6417654365300313	rope	tangled_rope	tangled_rope
unclos_maritime_sovereignty__expansive_construction_reading	institutional	-0.024506148226483216	rope	rope	rope
unclos_maritime_sovereignty__expansive_construction_reading	analytical	0.7945597951571295	mountain	snare	snare
unclos_maritime_sovereignty__hybrid_effective_control_reading	powerless	0.2704	mountain	naturalized	naturalized
unclos_maritime_sovereignty__hybrid_effective_control_reading	moderate	0.5753759086131316	rope	tangled_rope	tangled_rope
unclos_maritime_sovereignty__hybrid_effective_control_reading	institutional	-0.021971029444433233	rope	rope	rope
unclos_maritime_sovereignty__hybrid_effective_control_reading	analytical	0.7123639542788058	mountain	snare	snare
unclos_maritime_sovereignty__strict_geographic_reading	powerless	0.6303933770055941	mountain	tangled_rope	tangled_rope
unclos_maritime_sovereignty__strict_geographic_reading	moderate	0.6417654365300313	rope	tangled_rope	tangled_rope
unclos_maritime_sovereignty__strict_geographic_reading	institutional	0.06387156647306734	rope	naturalized	naturalized
unclos_maritime_sovereignty__strict_geographic_reading	analytical	0.7945597951571295	mountain	snare	snare
unclos_sovereignty_boundary__historical_rights_reading	powerless	0.3016	mountain	naturalized	naturalized
unclos_sovereignty_boundary__historical_rights_reading	moderate	0.6417654365300313	rope	tangled_rope	tangled_rope
unclos_sovereignty_boundary__historical_rights_reading	institutional	-0.024506148226483216	rope	rope	rope
unclos_sovereignty_boundary__historical_rights_reading	analytical	0.7945597951571295	mountain	snare	snare
unclos_sovereignty_boundary__non_ratifier_enforcement_reading	powerless	0.5651802690394981	mountain	tangled_rope	tangled_rope
unclos_sovereignty_boundary__non_ratifier_enforcement_reading	moderate	0.5753759086131316	rope	tangled_rope	tangled_rope
unclos_sovereignty_boundary__non_ratifier_enforcement_reading	institutional	0.009029624626067892	rope	naturalized	naturalized
unclos_sovereignty_boundary__non_ratifier_enforcement_reading	analytical	0.7123639542788058	mountain	snare	snare
unclos_sovereignty_boundary__strict_eez_reading	powerless	0.4377524150630494	mountain	tangled_rope	tangled_rope
unclos_sovereignty_boundary__strict_eez_reading	moderate	0.6417654365300313	rope	tangled_rope	tangled_rope
unclos_sovereignty_boundary__strict_eez_reading	institutional	-0.024506148226483216	rope	rope	rope
unclos_sovereignty_boundary__strict_eez_reading	analytical	0.7945597951571295	mountain	snare	snare
unconditional_income_support__dependency_trap_reading	powerless	0.33799999999999997	mountain	naturalized	naturalized
unconditional_income_support__dependency_trap_reading	moderate	0.7192198857664144	rope	snare	snare
unconditional_income_support__dependency_trap_reading	institutional	-0.02746378680554154	rope	rope	rope
unconditional_income_support__dependency_trap_reading	analytical	0.8904549428485073	mountain	snare	snare
unconditional_income_support__freedom_floor_reading	powerless	0.2005841224372473	mountain	scaffold	rope
unconditional_income_support__freedom_floor_reading	moderate	0.18155054780325125	rope	scaffold	rope
unconditional_income_support__freedom_floor_reading	institutional	-0.007605356346149964	rope	scaffold	rope
unconditional_income_support__freedom_floor_reading	analytical	0.24658752263497122	mountain	scaffold	rope
unconditional_income_support__universality_paradox_reading	powerless	0.4130163504519409	mountain	tangled_rope	tangled_rope
unconditional_income_support__universality_paradox_reading	moderate	0.42046701014036536	rope	tangled_rope	tangled_rope
unconditional_income_support__universality_paradox_reading	institutional	0.0418468883789062	rope	rope	rope
unconditional_income_support__universality_paradox_reading	analytical	0.5205736588960505	mountain	tangled_rope	tangled_rope
unconditional_university_offers_uk	powerless	0.3016	mountain	naturalized	naturalized
unconditional_university_offers_uk	moderate	0.6417654365300313	rope	tangled_rope	tangled_rope
unconditional_university_offers_uk	institutional	-0.024506148226483216	rope	rope	rope
unconditional_university_offers_uk	analytical	0.7945597951571295	mountain	snare	snare
unfalsifiable_credential_preload	powerless	0.6303933770055941	mountain	tangled_rope	tangled_rope
unfalsifiable_credential_preload	moderate	0.6417654365300313	rope	tangled_rope	tangled_rope
unfalsifiable_credential_preload	institutional	0.010071504390614185	rope	naturalized	naturalized
unfalsifiable_credential_preload	analytical	0.7945597951571295	mountain	snare	snare
unsc_242_withdrawal_clause__interpretive_authority_structure	powerless	0.7390818902824207	mountain	snare	snare
unsc_242_withdrawal_clause__interpretive_authority_structure	moderate	0.7524146497248644	rope	snare	snare
unsc_242_withdrawal_clause__interpretive_authority_structure	institutional	-0.028731346196566535	rope	rope	rope
unsc_242_withdrawal_clause__interpretive_authority_structure	analytical	0.9315528632876693	mountain	snare	snare
unsc_242_withdrawal_clause__maximal_withdrawal_reading	powerless	0.6738687823163247	mountain	snare	snare
unsc_242_withdrawal_clause__maximal_withdrawal_reading	moderate	0.6860251218079645	rope	snare	snare
unsc_242_withdrawal_clause__maximal_withdrawal_reading	institutional	-0.009011950459823928	rope	rope	rope
unsc_242_withdrawal_clause__maximal_withdrawal_reading	analytical	0.8493570224093454	mountain	snare	snare
unsc_242_withdrawal_clause__partial_withdrawal_reading	powerless	0.5651802690394981	mountain	tangled_rope	rope
unsc_242_withdrawal_clause__partial_withdrawal_reading	moderate	0.5753759086131316	rope	tangled_rope	rope
unsc_242_withdrawal_clause__partial_withdrawal_reading	institutional	0.009029624626067892	rope	naturalized	rope
unsc_242_withdrawal_clause__partial_withdrawal_reading	analytical	0.7123639542788058	mountain	tangled_rope	rope
us_constitution_1787__living_reading	powerless	0.5651802690394981	mountain	tangled_rope	tangled_rope
us_constitution_1787__living_reading	moderate	0.618735836955181	rope	tangled_rope	tangled_rope
us_constitution_1787__living_reading	institutional	-0.021971029444433233	rope	rope	rope
us_constitution_1787__living_reading	analytical	0.7123639542788058	mountain	tangled_rope	tangled_rope
us_constitution_1787__originalist_reading	powerless	0.24959999999999996	mountain	naturalized	rope
us_constitution_1787__originalist_reading	moderate	0.5311162233351983	rope	tangled_rope	rope
us_constitution_1787__originalist_reading	institutional	0.05285922742598677	rope	naturalized	rope
us_constitution_1787__originalist_reading	analytical	0.6575667270265899	mountain	tangled_rope	rope
us_constitution_1787__positivist_reading	powerless	0.45649175576267154	mountain	tangled_rope	tangled_rope
us_constitution_1787__positivist_reading	moderate	0.46472669541829853	rope	tangled_rope	tangled_rope
us_constitution_1787__positivist_reading	institutional	0.02816616478421324	rope	rope	rope
us_constitution_1787__positivist_reading	analytical	0.5753708861482661	mountain	tangled_rope	tangled_rope
us_constitution_interpretive__living_constitution_reading	powerless	0.6303933770055941	mountain	tangled_rope	tangled_rope
us_constitution_interpretive__living_constitution_reading	moderate	0.6417654365300313	rope	tangled_rope	tangled_rope
us_constitution_interpretive__living_constitution_reading	institutional	-0.024506148226483216	rope	rope	rope
us_constitution_interpretive__living_constitution_reading	analytical	0.7945597951571295	mountain	tangled_rope	tangled_rope
us_constitution_interpretive__originalist_reading	powerless	0.4130163504519409	mountain	tangled_rope	tangled_rope
us_constitution_interpretive__originalist_reading	moderate	0.42046701014036536	rope	tangled_rope	tangled_rope
us_constitution_interpretive__originalist_reading	institutional	-0.01605575228631659	rope	rope	rope
us_constitution_interpretive__originalist_reading	analytical	0.5205736588960505	mountain	tangled_rope	tangled_rope
us_constitution_interpretive__popular_constitutionalism_reading	powerless	0.5651802690394981	mountain	tangled_rope	tangled_rope
us_constitution_interpretive__popular_constitutionalism_reading	moderate	0.6979710294444333	rope	tangled_rope	tangled_rope
us_constitution_interpretive__popular_constitutionalism_reading	institutional	-0.021971029444433233	rope	rope	rope
us_constitution_interpretive__popular_constitutionalism_reading	analytical	0.7123639542788058	mountain	tangled_rope	tangled_rope
us_constitution_meaning__living_constitutionalist_reading	powerless	0.5651802690394981	mountain	unknown	unknown
us_constitution_meaning__living_constitutionalist_reading	moderate	0.5753759086131316	rope	unknown	unknown
us_constitution_meaning__living_constitutionalist_reading	institutional	0.15152063967949647	rope	naturalized	naturalized
us_constitution_meaning__living_constitutionalist_reading	analytical	0.7123639542788058	mountain	unknown	unknown
us_constitution_meaning__originalist_reading	powerless	0.3016	mountain	naturalized	naturalized
us_constitution_meaning__originalist_reading	moderate	0.6417654365300313	rope	tangled_rope	tangled_rope
us_constitution_meaning__originalist_reading	institutional	0.13395693242906506	rope	naturalized	naturalized
us_constitution_meaning__originalist_reading	analytical	0.7945597951571295	mountain	snare	snare
us_constitution_meaning__positivist_reading	powerless	0.6303933770055941	mountain	tangled_rope	tangled_rope
us_constitution_meaning__positivist_reading	moderate	0.6417654365300313	rope	tangled_rope	tangled_rope
us_constitution_meaning__positivist_reading	institutional	-0.024506148226483216	rope	rope	rope
us_constitution_meaning__positivist_reading	analytical	0.7945597951571295	mountain	snare	snare
us_constitution_text__living_constitutionalist_reading	powerless	0.4130163504519409	mountain	unknown	unknown
us_constitution_text__living_constitutionalist_reading	moderate	0.42046701014036536	rope	unknown	unknown
us_constitution_text__living_constitutionalist_reading	institutional	-0.01605575228631659	rope	rope	rope
us_constitution_text__living_constitutionalist_reading	analytical	0.5205736588960505	mountain	unknown	unknown
us_constitution_text__originalist_reading	powerless	0.6303933770055941	mountain	tangled_rope	tangled_rope
us_constitution_text__originalist_reading	moderate	0.6417654365300313	rope	tangled_rope	tangled_rope
us_constitution_text__originalist_reading	institutional	-0.024506148226483216	rope	rope	rope
us_constitution_text__originalist_reading	analytical	0.7945597951571295	mountain	snare	snare
us_constitution_text__positivist_reading	powerless	0.5768947972412959	mountain	tangled_rope	tangled_rope
us_constitution_text__positivist_reading	moderate	0.5753759086131316	rope	tangled_rope	tangled_rope
us_constitution_text__positivist_reading	institutional	-0.038170336473231196	rope	rope	rope
us_constitution_text__positivist_reading	analytical	0.7123639542788058	mountain	snare	snare
us_greenland_envoy	powerless	0.6303933770055941	mountain	tangled_rope	tangled_rope
us_greenland_envoy	moderate	0.6417654365300313	rope	tangled_rope	tangled_rope
us_greenland_envoy	institutional	-0.024506148226483216	rope	rope	rope
us_greenland_envoy	analytical	0.7945597951571295	mountain	tangled_rope	tangled_rope
us_international_accountability_exemption	powerless	0.3016	mountain	naturalized	naturalized
us_international_accountability_exemption	moderate	0.6417654365300313	rope	tangled_rope	tangled_rope
us_international_accountability_exemption	institutional	-0.053908270927801476	rope	rope	rope
us_international_accountability_exemption	analytical	0.7945597951571295	mountain	snare	snare
us_military_spending_justification	powerless	0.3016	mountain	naturalized	naturalized
us_military_spending_justification	moderate	0.6417654365300313	rope	tangled_rope	tangled_rope
us_military_spending_justification	institutional	-0.024506148226483216	rope	rope	rope
us_military_spending_justification	analytical	0.7945597951571295	mountain	snare	snare
us_sdf_alliance_abandonment_2026	powerless	0.7390818902824207	mountain	snare	snare
us_sdf_alliance_abandonment_2026	moderate	0.7524146497248644	rope	snare	snare
us_sdf_alliance_abandonment_2026	institutional	-0.06718983293116429	rope	rope	rope
us_sdf_alliance_abandonment_2026	analytical	0.9315528632876693	mountain	snare	snare
us_venezuela_oil_pressure	powerless	0.3016	mountain	naturalized	naturalized
us_venezuela_oil_pressure	moderate	0.6417654365300313	rope	tangled_rope	tangled_rope
us_venezuela_oil_pressure	institutional	-0.04257460606629633	rope	rope	rope
us_venezuela_oil_pressure	analytical	0.7945597951571295	mountain	snare	snare
usul_al_fiqh_method__hanafi_reading	powerless	0.4130163504519409	mountain	tangled_rope	tangled_rope
usul_al_fiqh_method__hanafi_reading	moderate	0.42046701014036536	rope	tangled_rope	tangled_rope
usul_al_fiqh_method__hanafi_reading	institutional	0.08776488676387022	rope	rope	rope
usul_al_fiqh_method__hanafi_reading	analytical	0.5205736588960505	mountain	tangled_rope	tangled_rope
usul_al_fiqh_method__hanbali_reading	powerless	0.2704	mountain	naturalized	naturalized
usul_al_fiqh_method__hanbali_reading	moderate	0.5559006812704934	rope	tangled_rope	tangled_rope
usul_al_fiqh_method__hanbali_reading	institutional	-0.021971029444433233	rope	rope	rope
usul_al_fiqh_method__hanbali_reading	analytical	0.7123639542788058	mountain	snare	snare
usul_al_fiqh_method__maliki_reading	powerless	0.45649175576267154	mountain	tangled_rope	tangled_rope
usul_al_fiqh_method__maliki_reading	moderate	0.46472669541829853	rope	tangled_rope	tangled_rope
usul_al_fiqh_method__maliki_reading	institutional	0.12238205512574714	rope	rope	rope
usul_al_fiqh_method__maliki_reading	analytical	0.5753708861482661	mountain	tangled_rope	tangled_rope
usul_al_fiqh_method__shafii_reading	powerless	0.38040979646889295	mountain	tangled_rope	tangled_rope
usul_al_fiqh_method__shafii_reading	moderate	0.3872722461819154	rope	tangled_rope	tangled_rope
usul_al_fiqh_method__shafii_reading	institutional	-0.014788192895291596	rope	rope	rope
usul_al_fiqh_method__shafii_reading	analytical	0.47947573845688846	mountain	tangled_rope	tangled_rope
vaccine_mandate_balance__bodily_autonomy_primary	powerless	0.7390818902824207	mountain	snare	snare
vaccine_mandate_balance__bodily_autonomy_primary	moderate	0.8938840746978716	rope	snare	snare
vaccine_mandate_balance__bodily_autonomy_primary	institutional	-0.05457513908790348	rope	rope	rope
vaccine_mandate_balance__bodily_autonomy_primary	analytical	0.9315528632876693	mountain	snare	snare
vaccine_mandate_balance__proportionality_reading	powerless	0.5651802690394981	mountain	tangled_rope	tangled_rope
vaccine_mandate_balance__proportionality_reading	moderate	0.3115117782401186	rope	naturalized	naturalized
vaccine_mandate_balance__proportionality_reading	institutional	-0.021971029444433233	rope	rope	rope
vaccine_mandate_balance__proportionality_reading	analytical	0.7123639542788058	mountain	tangled_rope	tangled_rope
vaccine_mandate_balance__public_health_primary	powerless	0.6228049185811866	mountain	tangled_rope	tangled_rope
vaccine_mandate_balance__public_health_primary	moderate	0.6417654365300313	rope	tangled_rope	tangled_rope
vaccine_mandate_balance__public_health_primary	institutional	-0.053908270927801476	rope	rope	rope
vaccine_mandate_balance__public_health_primary	analytical	0.7945597951571295	mountain	snare	snare
vaccine_mandate_legitimacy__bodily_autonomy_primacy_reading	powerless	0.8477704035592473	mountain	snare	snare
vaccine_mandate_legitimacy__bodily_autonomy_primacy_reading	moderate	0.8630638629196973	rope	snare	snare
vaccine_mandate_legitimacy__bodily_autonomy_primacy_reading	institutional	-0.03295654416664985	rope	rope	rope
vaccine_mandate_legitimacy__bodily_autonomy_primacy_reading	analytical	1.0685459314182089	mountain	snare	snare
vaccine_mandate_legitimacy__public_health_primacy_reading	powerless	0.6303933770055941	mountain	tangled_rope	tangled_rope
vaccine_mandate_legitimacy__public_health_primacy_reading	moderate	0.6417654365300313	rope	tangled_rope	tangled_rope
vaccine_mandate_legitimacy__public_health_primacy_reading	institutional	-0.00843053430112561	rope	rope	rope
vaccine_mandate_legitimacy__public_health_primacy_reading	analytical	0.7945597951571295	mountain	snare	snare
vaccine_mandate_legitimacy__risk_stratification_reading	powerless	0.4130163504519409	mountain	tangled_rope	tangled_rope
vaccine_mandate_legitimacy__risk_stratification_reading	moderate	0.42046701014036536	rope	tangled_rope	tangled_rope
vaccine_mandate_legitimacy__risk_stratification_reading	institutional	-0.01605575228631659	rope	rope	rope
vaccine_mandate_legitimacy__risk_stratification_reading	analytical	0.5205736588960505	mountain	tangled_rope	tangled_rope
vaccine_mandates_school_entry	powerless	0.5651802690394981	mountain	tangled_rope	tangled_rope
vaccine_mandates_school_entry	moderate	0.5753759086131316	rope	tangled_rope	tangled_rope
vaccine_mandates_school_entry	institutional	-0.021971029444433233	rope	rope	rope
vaccine_mandates_school_entry	analytical	0.7123639542788058	mountain	snare	snare
value_alignment_drift	powerless	0.3016	mountain	naturalized	naturalized
value_alignment_drift	moderate	0.6417654365300313	rope	tangled_rope	tangled_rope
value_alignment_drift	institutional	-0.024506148226483216	rope	rope	rope
value_alignment_drift	analytical	0.7945597951571295	mountain	snare	snare
vatican_ii_authority__composite_overdetermination_reading	powerless	0.6303933770055941	mountain	tangled_rope	tangled_rope
vatican_ii_authority__composite_overdetermination_reading	moderate	0.6417654365300313	rope	tangled_rope	tangled_rope
vatican_ii_authority__composite_overdetermination_reading	institutional	-0.024506148226483216	rope	rope	rope
vatican_ii_authority__composite_overdetermination_reading	analytical	0.744051681085122	mountain	snare	snare
vatican_ii_authority__continuity_reading	powerless	0.4130163504519409	mountain	tangled_rope	tangled_rope
vatican_ii_authority__continuity_reading	moderate	0.42046701014036536	rope	tangled_rope	tangled_rope
vatican_ii_authority__continuity_reading	institutional	0.015635787925715117	rope	rope	rope
vatican_ii_authority__continuity_reading	analytical	0.5205736588960505	mountain	tangled_rope	tangled_rope
vatican_ii_authority__rupture_reading	powerless	0.35359999999999997	mountain	tangled_rope	tangled_rope
vatican_ii_authority__rupture_reading	moderate	0.7524146497248644	rope	snare	snare
vatican_ii_authority__rupture_reading	institutional	-0.028731346196566535	rope	rope	rope
vatican_ii_authority__rupture_reading	analytical	0.9315528632876693	mountain	snare	snare
vatican_ii_doctrinal_authority__composite_overdetermination_reading	powerless	0.4130163504519409	mountain	tangled_rope	tangled_rope
vatican_ii_doctrinal_authority__composite_overdetermination_reading	moderate	0.43381138241337536	rope	tangled_rope	tangled_rope
vatican_ii_doctrinal_authority__composite_overdetermination_reading	institutional	-0.01605575228631659	rope	rope	rope
vatican_ii_doctrinal_authority__composite_overdetermination_reading	analytical	0.5205736588960505	mountain	tangled_rope	tangled_rope
vatican_ii_doctrinal_authority__continuity_reading	powerless	0.38040979646889295	mountain	tangled_rope	tangled_rope
vatican_ii_doctrinal_authority__continuity_reading	moderate	0.3872722461819154	rope	tangled_rope	tangled_rope
vatican_ii_doctrinal_authority__continuity_reading	institutional	-0.014788192895291596	rope	rope	rope
vatican_ii_doctrinal_authority__continuity_reading	analytical	0.47947573845688846	mountain	tangled_rope	tangled_rope
vatican_ii_doctrinal_authority__rupture_progressive_reading	powerless	0.3016	mountain	naturalized	naturalized
vatican_ii_doctrinal_authority__rupture_progressive_reading	moderate	0.6417654365300313	rope	tangled_rope	tangled_rope
vatican_ii_doctrinal_authority__rupture_progressive_reading	institutional	0.038896132321056376	rope	naturalized	naturalized
vatican_ii_doctrinal_authority__rupture_progressive_reading	analytical	0.7945597951571295	mountain	snare	snare
vatican_ii_doctrinal_authority__rupture_traditionalist_reading	powerless	0.3016	mountain	naturalized	naturalized
vatican_ii_doctrinal_authority__rupture_traditionalist_reading	moderate	0.6417654365300313	rope	tangled_rope	tangled_rope
vatican_ii_doctrinal_authority__rupture_traditionalist_reading	institutional	0.4930994045224794	rope	tangled_rope	tangled_rope
vatican_ii_doctrinal_authority__rupture_traditionalist_reading	analytical	0.7945597951571295	mountain	snare	snare
vatican_ii_magisterial_authority__composite_overdetermination_reading	powerless	0.6303933770055941	mountain	tangled_rope	tangled_rope
vatican_ii_magisterial_authority__composite_overdetermination_reading	moderate	0.6417654365300313	rope	tangled_rope	tangled_rope
vatican_ii_magisterial_authority__composite_overdetermination_reading	institutional	-0.024506148226483216	rope	rope	rope
vatican_ii_magisterial_authority__composite_overdetermination_reading	analytical	0.7945597951571295	mountain	snare	snare
vatican_ii_magisterial_authority__continuity_reading	powerless	0.3016	mountain	naturalized	naturalized
vatican_ii_magisterial_authority__continuity_reading	moderate	0.6417654365300313	rope	tangled_rope	tangled_rope
vatican_ii_magisterial_authority__continuity_reading	institutional	-0.024506148226483216	rope	rope	rope
vatican_ii_magisterial_authority__continuity_reading	analytical	0.7945597951571295	mountain	snare	snare
vatican_ii_magisterial_authority__rupture_reading	powerless	0.5651802690394981	mountain	tangled_rope	tangled_rope
vatican_ii_magisterial_authority__rupture_reading	moderate	0.5753759086131316	rope	tangled_rope	tangled_rope
vatican_ii_magisterial_authority__rupture_reading	institutional	0.4038071848615065	rope	tangled_rope	tangled_rope
vatican_ii_magisterial_authority__rupture_reading	analytical	0.7123639542788058	mountain	snare	snare
vedic_corpus_social_prescription__colonial_orientalist_reading	powerless	0.3016	mountain	naturalized	naturalized
vedic_corpus_social_prescription__colonial_orientalist_reading	moderate	0.6417654365300313	rope	tangled_rope	tangled_rope
vedic_corpus_social_prescription__colonial_orientalist_reading	institutional	-0.024506148226483216	rope	rope	rope
vedic_corpus_social_prescription__colonial_orientalist_reading	analytical	0.7945597951571295	mountain	snare	snare
vedic_corpus_social_prescription__orthodox_varna_reading	powerless	0.35359999999999997	mountain	tangled_rope	tangled_rope
vedic_corpus_social_prescription__orthodox_varna_reading	moderate	0.7524146497248644	rope	snare	snare
vedic_corpus_social_prescription__orthodox_varna_reading	institutional	-0.028731346196566535	rope	rope	rope
vedic_corpus_social_prescription__orthodox_varna_reading	analytical	0.9315528632876693	mountain	snare	snare
vedic_corpus_social_prescription__reformist_spiritual_reading	powerless	0.1337227482914982	mountain	scaffold	scaffold
vedic_corpus_social_prescription__reformist_spiritual_reading	moderate	0.12103369853550082	rope	scaffold	scaffold
vedic_corpus_social_prescription__reformist_spiritual_reading	institutional	0.03496630146449918	rope	scaffold	scaffold
vedic_corpus_social_prescription__reformist_spiritual_reading	analytical	0.16439168175664748	mountain	scaffold	scaffold
vedic_dharmic_corpus__bhakti_devotional_reading	powerless	0.4130163504519409	mountain	tangled_rope	tangled_rope
vedic_dharmic_corpus__bhakti_devotional_reading	moderate	0.42046701014036536	rope	tangled_rope	tangled_rope
vedic_dharmic_corpus__bhakti_devotional_reading	institutional	-0.01605575228631659	rope	rope	rope
vedic_dharmic_corpus__bhakti_devotional_reading	analytical	0.5205736588960505	mountain	tangled_rope	tangled_rope
vedic_dharmic_corpus__hereditary_monopoly_reading	powerless	0.35359999999999997	mountain	tangled_rope	tangled_rope
vedic_dharmic_corpus__hereditary_monopoly_reading	moderate	0.7524146497248644	rope	snare	snare
vedic_dharmic_corpus__hereditary_monopoly_reading	institutional	-0.028731346196566535	rope	rope	rope
vedic_dharmic_corpus__hereditary_monopoly_reading	analytical	0.9315528632876693	mountain	snare	snare
vedic_dharmic_corpus__reformist_egalitarian_reading	powerless	0.48909830974571955	mountain	tangled_rope	tangled_rope
vedic_dharmic_corpus__reformist_egalitarian_reading	moderate	0.4979214593767484	rope	tangled_rope	tangled_rope
vedic_dharmic_corpus__reformist_egalitarian_reading	institutional	0.5771859017659028	rope	tangled_rope	tangled_rope
vedic_dharmic_corpus__reformist_egalitarian_reading	analytical	0.6164688065874281	mountain	tangled_rope	tangled_rope
venal_office_structural_base	powerless	0.6303933770055941	mountain	tangled_rope	tangled_rope
venal_office_structural_base	moderate	0.6417654365300313	rope	tangled_rope	tangled_rope
venal_office_structural_base	institutional	-0.024506148226483216	rope	rope	rope
venal_office_structural_base	analytical	0.7945597951571295	mountain	snare	snare
vendor_certification_capture	powerless	0.3016	mountain	naturalized	naturalized
vendor_certification_capture	moderate	0.6417654365300313	rope	tangled_rope	tangled_rope
vendor_certification_capture	institutional	0.20680948117118816	rope	naturalized	naturalized
vendor_certification_capture	analytical	0.7945597951571295	mountain	snare	snare
versailles_reparations_clauses__limited_responsibility_reading	powerless	0.38040979646889295	mountain	tangled_rope	tangled_rope
versailles_reparations_clauses__limited_responsibility_reading	moderate	0.3872722461819154	rope	tangled_rope	tangled_rope
versailles_reparations_clauses__limited_responsibility_reading	institutional	0.006077631959853388	rope	rope	rope
versailles_reparations_clauses__limited_responsibility_reading	analytical	0.47947573845688846	mountain	tangled_rope	tangled_rope
versailles_reparations_clauses__punitive_liability_reading	powerless	0.35359999999999997	mountain	tangled_rope	tangled_rope
versailles_reparations_clauses__punitive_liability_reading	moderate	0.7524146497248644	rope	snare	snare
versailles_reparations_clauses__punitive_liability_reading	institutional	-0.04991505538807157	rope	rope	rope
versailles_reparations_clauses__punitive_liability_reading	analytical	0.9315528632876693	mountain	snare	snare
versailles_reparations_clauses__repudiation_reading	powerless	0.9238523628530256	mountain	snare	snare
versailles_reparations_clauses__repudiation_reading	moderate	0.9405183121560804	rope	snare	snare
versailles_reparations_clauses__repudiation_reading	institutional	-0.035914182745708165	rope	rope	rope
versailles_reparations_clauses__repudiation_reading	analytical	1.1644410791095863	mountain	snare	snare
visa_mastercard_interchange_extraction	powerless	0.6516276859974857	mountain	tangled_rope	tangled_rope
visa_mastercard_interchange_extraction	moderate	0.6417654365300313	rope	tangled_rope	tangled_rope
visa_mastercard_interchange_extraction	institutional	-0.04257460606629633	rope	rope	rope
visa_mastercard_interchange_extraction	analytical	0.7945597951571295	mountain	snare	snare
voluntary_presence_constraint	powerless	0.6303933770055941	mountain	tangled_rope	tangled_rope
voluntary_presence_constraint	moderate	0.6417654365300313	rope	tangled_rope	tangled_rope
voluntary_presence_constraint	institutional	-0.024506148226483216	rope	rope	rope
voluntary_presence_constraint	analytical	0.7945597951571295	mountain	snare	snare
waitangi_sovereignty_allocation__crown_sovereignty_reading	powerless	0.7825572955931512	mountain	snare	snare
waitangi_sovereignty_allocation__crown_sovereignty_reading	moderate	0.7966743350027975	rope	snare	snare
waitangi_sovereignty_allocation__crown_sovereignty_reading	institutional	-0.030421425384599857	rope	rope	rope
waitangi_sovereignty_allocation__crown_sovereignty_reading	analytical	0.9863500905398849	mountain	snare	snare
waitangi_sovereignty_allocation__partnership_reading	powerless	0.4130163504519409	mountain	tangled_rope	tangled_rope
waitangi_sovereignty_allocation__partnership_reading	moderate	0.42046701014036536	rope	tangled_rope	tangled_rope
waitangi_sovereignty_allocation__partnership_reading	institutional	-0.022270438064926172	rope	rope	rope
waitangi_sovereignty_allocation__partnership_reading	analytical	0.5205736588960505	mountain	tangled_rope	tangled_rope
waitangi_sovereignty_allocation__rangatiratanga_reading	powerless	0.6303933770055941	mountain	tangled_rope	tangled_rope
waitangi_sovereignty_allocation__rangatiratanga_reading	moderate	0.6417654365300313	rope	tangled_rope	tangled_rope
waitangi_sovereignty_allocation__rangatiratanga_reading	institutional	0.4930994045224794	rope	tangled_rope	tangled_rope
waitangi_sovereignty_allocation__rangatiratanga_reading	analytical	0.7945597951571295	mountain	snare	snare
war_powers_allocation__congressional_primacy_reading	powerless	0.6303933770055941	mountain	tangled_rope	tangled_rope
war_powers_allocation__congressional_primacy_reading	moderate	0.6417654365300313	rope	tangled_rope	tangled_rope
war_powers_allocation__congressional_primacy_reading	institutional	-0.024506148226483216	rope	rope	rope
war_powers_allocation__congressional_primacy_reading	analytical	0.7945597951571295	mountain	snare	snare
war_powers_allocation__functional_accommodation_reading	powerless	0.5651802690394981	mountain	tangled_rope	tangled_rope
war_powers_allocation__functional_accommodation_reading	moderate	0.5753759086131316	rope	tangled_rope	tangled_rope
war_powers_allocation__functional_accommodation_reading	institutional	-0.021971029444433233	rope	rope	rope
war_powers_allocation__functional_accommodation_reading	analytical	0.7123639542788058	mountain	tangled_rope	tangled_rope
war_powers_allocation__inherent_executive_reading	powerless	0.6303933770055941	mountain	tangled_rope	tangled_rope
war_powers_allocation__inherent_executive_reading	moderate	0.6417654365300313	rope	tangled_rope	tangled_rope
war_powers_allocation__inherent_executive_reading	institutional	-0.024506148226483216	rope	rope	rope
war_powers_allocation__inherent_executive_reading	analytical	0.7945597951571295	mountain	snare	snare
war_winnability_post_1945__countervailing_thinkable	powerless	0.529706530104753	mountain	tangled_rope	tangled_rope
war_winnability_post_1945__countervailing_thinkable	moderate	0.6417654365300313	rope	tangled_rope	tangled_rope
war_winnability_post_1945__countervailing_thinkable	institutional	-0.04257460606629633	rope	rope	rope
war_winnability_post_1945__countervailing_thinkable	analytical	0.7945597951571295	mountain	snare	snare
war_winnability_post_1945__deterrence_unthinkable	powerless	0.7390818902824207	mountain	snare	snare
war_winnability_post_1945__deterrence_unthinkable	moderate	0.7524146497248644	rope	snare	snare
war_winnability_post_1945__deterrence_unthinkable	institutional	-0.028731346196566535	rope	rope	rope
war_winnability_post_1945__deterrence_unthinkable	analytical	0.9315528632876693	mountain	snare	snare
war_winnability_post_1945__rhetorical_contraction	powerless	0.6303933770055941	mountain	tangled_rope	tangled_rope
war_winnability_post_1945__rhetorical_contraction	moderate	0.6417654365300313	rope	tangled_rope	tangled_rope
war_winnability_post_1945__rhetorical_contraction	institutional	0.038896132321056376	rope	piton	piton
war_winnability_post_1945__rhetorical_contraction	analytical	0.7945597951571295	mountain	snare	snare
weak_law_large_numbers	powerless	0.09084006499828075	mountain	mountain	mountain
weak_law_large_numbers	moderate	0.07999805915313005	rope	rope	rope
weak_law_large_numbers	institutional	-0.009550081247850919	rope	rope	rope
weak_law_large_numbers	analytical	0.11040195532208537	mountain	mountain	mountain
web_app_friction_tax	powerless	0.3016	mountain	naturalized	naturalized
web_app_friction_tax	moderate	0.6417654365300313	rope	tangled_rope	tangled_rope
web_app_friction_tax	institutional	-0.00843053430112561	rope	rope	rope
web_app_friction_tax	analytical	0.7945597951571295	mountain	snare	snare
well_ordering_theorem	powerless	0.056775040623925466	mountain	mountain	mountain
well_ordering_theorem	moderate	0.04999878697070628	rope	rope	rope
well_ordering_theorem	institutional	-0.005968800779906825	rope	rope	rope
well_ordering_theorem	analytical	0.06900122207630337	mountain	mountain	mountain
westphalia_sovereignty__absolute_non_intervention	powerless	0.6303933770055941	mountain	tangled_rope	tangled_rope
westphalia_sovereignty__absolute_non_intervention	moderate	0.6417654365300313	rope	tangled_rope	tangled_rope
westphalia_sovereignty__absolute_non_intervention	institutional	-0.00843053430112561	rope	rope	rope
westphalia_sovereignty__absolute_non_intervention	analytical	0.7945597951571295	mountain	snare	snare
westphalia_sovereignty__conditional_responsibility	powerless	0.3016	mountain	naturalized	naturalized
westphalia_sovereignty__conditional_responsibility	moderate	0.6417654365300313	rope	tangled_rope	tangled_rope
westphalia_sovereignty__conditional_responsibility	institutional	-0.024506148226483216	rope	rope	rope
westphalia_sovereignty__conditional_responsibility	analytical	0.7945597951571295	mountain	snare	snare
westphalia_sovereignty__graded_sovereignty	powerless	0.6303933770055941	mountain	tangled_rope	tangled_rope
westphalia_sovereignty__graded_sovereignty	moderate	0.6417654365300313	rope	tangled_rope	tangled_rope
westphalia_sovereignty__graded_sovereignty	institutional	0.6621331626309412	rope	snare	snare
westphalia_sovereignty__graded_sovereignty	analytical	0.7945597951571295	mountain	snare	snare
westphalian_sovereignty__absolute_sovereignty	powerless	0.5651802690394981	mountain	tangled_rope	tangled_rope
westphalian_sovereignty__absolute_sovereignty	moderate	0.5753759086131316	rope	tangled_rope	tangled_rope
westphalian_sovereignty__absolute_sovereignty	institutional	-0.021971029444433233	rope	rope	rope
westphalian_sovereignty__absolute_sovereignty	analytical	0.7123639542788058	mountain	snare	snare
westphalian_sovereignty__conditional_sovereignty	powerless	0.4130163504519409	mountain	tangled_rope	tangled_rope
westphalian_sovereignty__conditional_sovereignty	moderate	0.42046701014036536	rope	tangled_rope	tangled_rope
westphalian_sovereignty__conditional_sovereignty	institutional	0.2950898658603317	rope	rope	rope
westphalian_sovereignty__conditional_sovereignty	analytical	0.5205736588960505	mountain	tangled_rope	tangled_rope
westphalian_sovereignty__governance_quality_reading	powerless	0.6303933770055941	mountain	tangled_rope	tangled_rope
westphalian_sovereignty__governance_quality_reading	moderate	0.6417654365300313	rope	tangled_rope	tangled_rope
westphalian_sovereignty__governance_quality_reading	institutional	-0.024506148226483216	rope	rope	rope
westphalian_sovereignty__governance_quality_reading	analytical	0.7945597951571295	mountain	tangled_rope	tangled_rope
westphalian_sovereignty__graduated_sovereignty	powerless	0.4164936943509074	mountain	tangled_rope	tangled_rope
westphalian_sovereignty__graduated_sovereignty	moderate	0.6417654365300313	rope	tangled_rope	tangled_rope
westphalian_sovereignty__graduated_sovereignty	institutional	-0.00843053430112561	rope	rope	rope
westphalian_sovereignty__graduated_sovereignty	analytical	0.7945597951571295	mountain	snare	snare
westphalian_sovereignty__r2p_reading	powerless	0.3016	mountain	naturalized	naturalized
westphalian_sovereignty__r2p_reading	moderate	0.6417654365300313	rope	tangled_rope	tangled_rope
westphalian_sovereignty__r2p_reading	institutional	-0.024506148226483216	rope	rope	rope
westphalian_sovereignty__r2p_reading	analytical	0.7945597951571295	mountain	snare	snare
woman_category__gender_identity_reading	powerless	0.5651802690394981	mountain	tangled_rope	tangled_rope
woman_category__gender_identity_reading	moderate	0.5753759086131316	rope	tangled_rope	tangled_rope
woman_category__gender_identity_reading	institutional	-0.021971029444433233	rope	rope	rope
woman_category__gender_identity_reading	analytical	0.7123639542788058	mountain	tangled_rope	tangled_rope
woman_category__intersex_accommodation_reading	powerless	0.4130163504519409	mountain	tangled_rope	tangled_rope
woman_category__intersex_accommodation_reading	moderate	0.42046701014036536	rope	tangled_rope	tangled_rope
woman_category__intersex_accommodation_reading	institutional	0.3230651271009348	rope	rope	rope
woman_category__intersex_accommodation_reading	analytical	0.5205736588960505	mountain	tangled_rope	tangled_rope
woman_category__sex_biology_reading	powerless	0.3016	mountain	naturalized	naturalized
woman_category__sex_biology_reading	moderate	0.6417654365300313	rope	tangled_rope	tangled_rope
woman_category__sex_biology_reading	institutional	-0.024506148226483216	rope	rope	rope
woman_category__sex_biology_reading	analytical	0.7945597951571295	mountain	snare	snare
woman_female_category__gender_identity_reading	powerless	0.3016	mountain	naturalized	naturalized
woman_female_category__gender_identity_reading	moderate	0.6417654365300313	rope	tangled_rope	tangled_rope
woman_female_category__gender_identity_reading	institutional	-0.024506148226483216	rope	rope	rope
woman_female_category__gender_identity_reading	analytical	0.7945597951571295	mountain	snare	snare
woman_female_category__hybrid_contextual_reading	powerless	0.5651802690394981	mountain	tangled_rope	tangled_rope
woman_female_category__hybrid_contextual_reading	moderate	0.5753759086131316	rope	tangled_rope	tangled_rope
woman_female_category__hybrid_contextual_reading	institutional	-0.007558410063078134	rope	rope	rope
woman_female_category__hybrid_contextual_reading	analytical	0.7123639542788058	mountain	tangled_rope	tangled_rope
woman_female_category__sex_biology_reading	powerless	0.3016	mountain	naturalized	naturalized
woman_female_category__sex_biology_reading	moderate	0.6417654365300313	rope	tangled_rope	tangled_rope
woman_female_category__sex_biology_reading	institutional	-0.024506148226483216	rope	rope	rope
woman_female_category__sex_biology_reading	analytical	0.7945597951571295	mountain	snare	snare
workplace_surveillance_extraction	powerless	0.6303933770055941	mountain	tangled_rope	tangled_rope
workplace_surveillance_extraction	moderate	0.6417654365300313	rope	tangled_rope	tangled_rope
workplace_surveillance_extraction	institutional	-0.024506148226483216	rope	rope	rope
workplace_surveillance_extraction	analytical	0.7945597951571295	mountain	snare	snare
wto_dsb_authority__advisory_coordination_reading	powerless	0.38455325810097063	mountain	tangled_rope	tangled_rope
wto_dsb_authority__advisory_coordination_reading	moderate	0.3872722461819154	rope	tangled_rope	tangled_rope
wto_dsb_authority__advisory_coordination_reading	institutional	-0.014788192895291596	rope	rope	rope
wto_dsb_authority__advisory_coordination_reading	analytical	0.47947573845688846	mountain	tangled_rope	tangled_rope
wto_dsb_authority__binding_referee_reading	powerless	0.3016	mountain	naturalized	naturalized
wto_dsb_authority__binding_referee_reading	moderate	0.6417654365300313	rope	tangled_rope	tangled_rope
wto_dsb_authority__binding_referee_reading	institutional	0.010071504390614185	rope	naturalized	naturalized
wto_dsb_authority__binding_referee_reading	analytical	0.7945597951571295	mountain	snare	snare
wto_dsb_authority__judicial_activism_reading	powerless	0.3016	mountain	naturalized	naturalized
wto_dsb_authority__judicial_activism_reading	moderate	0.6417654365300313	rope	tangled_rope	tangled_rope
wto_dsb_authority__judicial_activism_reading	institutional	-0.033991721256992576	rope	rope	rope
wto_dsb_authority__judicial_activism_reading	analytical	0.7945597951571295	mountain	snare	snare
wto_treaty_framework__developmental_reading	powerless	0.4130163504519409	mountain	tangled_rope	tangled_rope
wto_treaty_framework__developmental_reading	moderate	0.42046701014036536	rope	tangled_rope	tangled_rope
wto_treaty_framework__developmental_reading	institutional	0.11072662130424742	rope	rope	rope
wto_treaty_framework__developmental_reading	analytical	0.5205736588960505	mountain	tangled_rope	tangled_rope
wto_treaty_framework__market_access_reading	powerless	0.4377524150630494	mountain	tangled_rope	tangled_rope
wto_treaty_framework__market_access_reading	moderate	0.6417654365300313	rope	tangled_rope	tangled_rope
wto_treaty_framework__market_access_reading	institutional	-0.00843053430112561	rope	rope	rope
wto_treaty_framework__market_access_reading	analytical	0.7945597951571295	mountain	snare	snare
zero_as_number_entry__contingent_thinkability_reading	powerless	0.6738687823163247	mountain	tangled_rope	tangled_rope
zero_as_number_entry__contingent_thinkability_reading	moderate	0.6860251218079645	rope	tangled_rope	tangled_rope
zero_as_number_entry__contingent_thinkability_reading	institutional	-0.026196227414516545	rope	rope	rope
zero_as_number_entry__contingent_thinkability_reading	analytical	0.8493570224093454	mountain	tangled_rope	tangled_rope
zero_as_number_entry__hybrid_scaffolding_reading	powerless	0.4130163504519409	mountain	scaffold	scaffold
zero_as_number_entry__hybrid_scaffolding_reading	moderate	0.42046701014036536	rope	scaffold	scaffold
zero_as_number_entry__hybrid_scaffolding_reading	institutional	-0.01605575228631659	rope	scaffold	scaffold
zero_as_number_entry__hybrid_scaffolding_reading	analytical	0.5205736588960505	mountain	unknown	unknown
zero_as_number_entry__universal_discovery_reading	powerless	0.09084006499828075	mountain	mountain	mountain
zero_as_number_entry__universal_discovery_reading	moderate	0.07999805915313005	rope	rope	rope
zero_as_number_entry__universal_discovery_reading	institutional	-0.009550081247850919	rope	rope	rope
zero_as_number_entry__universal_discovery_reading	analytical	0.11040195532208537	mountain	mountain	mountain
zero_mathematical_status__number_reading	powerless	0.1337227482914982	mountain	scaffold	scaffold
zero_mathematical_status__number_reading	moderate	0.12103369853550082	rope	scaffold	scaffold
zero_mathematical_status__number_reading	institutional	-0.005070237564099976	rope	scaffold	scaffold
zero_mathematical_status__number_reading	analytical	0.16439168175664748	mountain	scaffold	scaffold
zero_mathematical_status__parmenidean_rejection	powerless	0.3016	mountain	naturalized	naturalized
zero_mathematical_status__parmenidean_rejection	moderate	0.6417654365300313	rope	tangled_rope	tangled_rope
zero_mathematical_status__parmenidean_rejection	institutional	-0.024506148226483216	rope	rope	rope
zero_mathematical_status__parmenidean_rejection	analytical	0.7945597951571295	mountain	snare	snare
zero_mathematical_status__placeholder_reading	powerless	0.4130163504519409	mountain	tangled_rope	tangled_rope
zero_mathematical_status__placeholder_reading	moderate	0.42046701014036536	rope	tangled_rope	tangled_rope
zero_mathematical_status__placeholder_reading	institutional	-0.01605575228631659	rope	rope	rope
zero_mathematical_status__placeholder_reading	analytical	0.5205736588960505	mountain	tangled_rope	tangled_rope
zone_failure_recovery_coupling	powerless	0.5651802690394981	mountain	tangled_rope	tangled_rope
zone_failure_recovery_coupling	moderate	0.5753759086131316	rope	tangled_rope	tangled_rope
zone_failure_recovery_coupling	institutional	-0.021971029444433233	rope	rope	rope
zone_failure_recovery_coupling	analytical	0.7123639542788058	mountain	snare	snare
