Warning: /home/scott/bin/structural_dynamics_model/prolog/constraint_instances.pl:152:
Warning:    Local definition of drl_core:base_extractiveness/2 overrides weak import from constraint_data
Warning: /home/scott/bin/structural_dynamics_model/prolog/constraint_instances.pl:153:
Warning:    Local definition of drl_core:suppression_score/2 overrides weak import from constraint_data
Warning: /home/scott/bin/structural_dynamics_model/prolog/arakelov_height.pl:35:
Warning:    import/1: measurement_layer:wasserstein_contexts/1 is not exported (still imported into arakelov_height)

====================================================
   STRUCTURAL ANALYSIS STACK INITIALIZED             
====================================================
Control:    Scenario Manager Active
Usage:      run_scenario('file.pl', interval_id).
====================================================
[corpus] Loading 240 testset files...
Warning: /home/scott/bin/structural_dynamics_model/prolog/testsets/ability_ceiling_reading.pl:244:
Warning:    Clauses of constraint_ability_ceiling_reading:omega_variable/5 are not together in the source-file
Warning:    Earlier definition at /home/scott/bin/structural_dynamics_model/prolog/testsets/ability_ceiling_reading.pl:234
Warning:    Current predicate: narrative_ontology:omega_variable/3
Warning:    Use :- discontiguous constraint_ability_ceiling_reading:omega_variable/5. to suppress this message
Warning: /home/scott/bin/structural_dynamics_model/prolog/testsets/ability_ceiling_reading.pl:254:
Warning:    Clauses of constraint_ability_ceiling_reading:omega_variable/5 are not together in the source-file
Warning:    Earlier definition at /home/scott/bin/structural_dynamics_model/prolog/testsets/ability_ceiling_reading.pl:234
Warning:    Current predicate: narrative_ontology:omega_variable/3
Warning:    Use :- discontiguous constraint_ability_ceiling_reading:omega_variable/5. to suppress this message
Warning: /home/scott/bin/structural_dynamics_model/prolog/testsets/access_barrier_reading.pl:247:
Warning:    Clauses of constraint_access_barrier_reading:omega_variable/5 are not together in the source-file
Warning:    Earlier definition at /home/scott/bin/structural_dynamics_model/prolog/testsets/access_barrier_reading.pl:237
Warning:    Current predicate: narrative_ontology:omega_variable/3
Warning:    Use :- discontiguous constraint_access_barrier_reading:omega_variable/5. to suppress this message
Warning: /home/scott/bin/structural_dynamics_model/prolog/testsets/access_barrier_reading.pl:257:
Warning:    Clauses of constraint_access_barrier_reading:omega_variable/5 are not together in the source-file
Warning:    Earlier definition at /home/scott/bin/structural_dynamics_model/prolog/testsets/access_barrier_reading.pl:237
Warning:    Current predicate: narrative_ontology:omega_variable/3
Warning:    Use :- discontiguous constraint_access_barrier_reading:omega_variable/5. to suppress this message
Warning: /home/scott/bin/structural_dynamics_model/prolog/testsets/actinide_replenishment_mechanism_flat_control.pl:234:
Warning:    Clauses of constraint_actinide_replenishment_mechanism_flat_control:omega_variable/5 are not together in the source-file
Warning:    Earlier definition at /home/scott/bin/structural_dynamics_model/prolog/testsets/actinide_replenishment_mechanism_flat_control.pl:224
Warning:    Current predicate: narrative_ontology:omega_variable/3
Warning:    Use :- discontiguous constraint_actinide_replenishment_mechanism_flat_control:omega_variable/5. to suppress this message
Warning: /home/scott/bin/structural_dynamics_model/prolog/testsets/actinide_replenishment_mechanism_flat_control.pl:244:
Warning:    Clauses of constraint_actinide_replenishment_mechanism_flat_control:omega_variable/5 are not together in the source-file
Warning:    Earlier definition at /home/scott/bin/structural_dynamics_model/prolog/testsets/actinide_replenishment_mechanism_flat_control.pl:224
Warning:    Current predicate: narrative_ontology:omega_variable/3
Warning:    Use :- discontiguous constraint_actinide_replenishment_mechanism_flat_control:omega_variable/5. to suppress this message
Warning: /home/scott/bin/structural_dynamics_model/prolog/testsets/adjacency_reading.pl:266:
Warning:    Clauses of constraint_adjacency_reading:omega_variable/5 are not together in the source-file
Warning:    Earlier definition at /home/scott/bin/structural_dynamics_model/prolog/testsets/adjacency_reading.pl:256
Warning:    Current predicate: narrative_ontology:omega_variable/3
Warning:    Use :- discontiguous constraint_adjacency_reading:omega_variable/5. to suppress this message
Warning: /home/scott/bin/structural_dynamics_model/prolog/testsets/adjacency_reading.pl:276:
Warning:    Clauses of constraint_adjacency_reading:omega_variable/5 are not together in the source-file
Warning:    Earlier definition at /home/scott/bin/structural_dynamics_model/prolog/testsets/adjacency_reading.pl:256
Warning:    Current predicate: narrative_ontology:omega_variable/3
Warning:    Use :- discontiguous constraint_adjacency_reading:omega_variable/5. to suppress this message
Warning: /home/scott/bin/structural_dynamics_model/prolog/testsets/adjunctification_of_university_teaching_c0.pl:233:
Warning:    Clauses of constraint_adjunctification_of_university_teaching_c0:omega_variable/5 are not together in the source-file
Warning:    Earlier definition at /home/scott/bin/structural_dynamics_model/prolog/testsets/adjunctification_of_university_teaching_c0.pl:223
Warning:    Current predicate: narrative_ontology:omega_variable/3
Warning:    Use :- discontiguous constraint_adjunctification_of_university_teaching_c0:omega_variable/5. to suppress this message
Warning: /home/scott/bin/structural_dynamics_model/prolog/testsets/adjunctification_of_university_teaching_c0.pl:243:
Warning:    Clauses of constraint_adjunctification_of_university_teaching_c0:omega_variable/5 are not together in the source-file
Warning:    Earlier definition at /home/scott/bin/structural_dynamics_model/prolog/testsets/adjunctification_of_university_teaching_c0.pl:223
Warning:    Current predicate: narrative_ontology:omega_variable/3
Warning:    Use :- discontiguous constraint_adjunctification_of_university_teaching_c0:omega_variable/5. to suppress this message
Warning: /home/scott/bin/structural_dynamics_model/prolog/testsets/adjunctification_of_university_teaching_c0.pl:253:
Warning:    Clauses of constraint_adjunctification_of_university_teaching_c0:omega_variable/5 are not together in the source-file
Warning:    Earlier definition at /home/scott/bin/structural_dynamics_model/prolog/testsets/adjunctification_of_university_teaching_c0.pl:223
Warning:    Current predicate: narrative_ontology:omega_variable/3
Warning:    Use :- discontiguous constraint_adjunctification_of_university_teaching_c0:omega_variable/5. to suppress this message
Warning: /home/scott/bin/structural_dynamics_model/prolog/testsets/adverse_effect_guarantee_kernel_flat_control.pl:228:
Warning:    Clauses of constraint_adverse_effect_guarantee_kernel_flat_control:omega_variable/5 are not together in the source-file
Warning:    Earlier definition at /home/scott/bin/structural_dynamics_model/prolog/testsets/adverse_effect_guarantee_kernel_flat_control.pl:218
Warning:    Current predicate: narrative_ontology:omega_variable/3
Warning:    Use :- discontiguous constraint_adverse_effect_guarantee_kernel_flat_control:omega_variable/5. to suppress this message
Warning: /home/scott/bin/structural_dynamics_model/prolog/testsets/adverse_effect_guarantee_kernel_flat_control.pl:238:
Warning:    Clauses of constraint_adverse_effect_guarantee_kernel_flat_control:omega_variable/5 are not together in the source-file
Warning:    Earlier definition at /home/scott/bin/structural_dynamics_model/prolog/testsets/adverse_effect_guarantee_kernel_flat_control.pl:218
Warning:    Current predicate: narrative_ontology:omega_variable/3
Warning:    Use :- discontiguous constraint_adverse_effect_guarantee_kernel_flat_control:omega_variable/5. to suppress this message
Warning: /home/scott/bin/structural_dynamics_model/prolog/testsets/adverse_effect_measurability_flat_control.pl:235:
Warning:    Clauses of constraint_adverse_effect_measurability_flat_control:omega_variable/5 are not together in the source-file
Warning:    Earlier definition at /home/scott/bin/structural_dynamics_model/prolog/testsets/adverse_effect_measurability_flat_control.pl:225
Warning:    Current predicate: narrative_ontology:omega_variable/3
Warning:    Use :- discontiguous constraint_adverse_effect_measurability_flat_control:omega_variable/5. to suppress this message
Warning: /home/scott/bin/structural_dynamics_model/prolog/testsets/adverse_effect_measurability_flat_control.pl:245:
Warning:    Clauses of constraint_adverse_effect_measurability_flat_control:omega_variable/5 are not together in the source-file
Warning:    Earlier definition at /home/scott/bin/structural_dynamics_model/prolog/testsets/adverse_effect_measurability_flat_control.pl:225
Warning:    Current predicate: narrative_ontology:omega_variable/3
Warning:    Use :- discontiguous constraint_adverse_effect_measurability_flat_control:omega_variable/5. to suppress this message
Warning: /home/scott/bin/structural_dynamics_model/prolog/testsets/ai_governance_legitimacy__democratic_pluralist_reading.pl:265:
Warning:    Clauses of constraint_ai_governance_legitimacy__democratic_pluralist_reading:omega_variable/5 are not together in the source-file
Warning:    Earlier definition at /home/scott/bin/structural_dynamics_model/prolog/testsets/ai_governance_legitimacy__democratic_pluralist_reading.pl:255
Warning:    Current predicate: narrative_ontology:omega_variable/3
Warning:    Use :- discontiguous constraint_ai_governance_legitimacy__democratic_pluralist_reading:omega_variable/5. to suppress this message
Warning: /home/scott/bin/structural_dynamics_model/prolog/testsets/ai_governance_legitimacy__democratic_pluralist_reading.pl:275:
Warning:    Clauses of constraint_ai_governance_legitimacy__democratic_pluralist_reading:omega_variable/5 are not together in the source-file
Warning:    Earlier definition at /home/scott/bin/structural_dynamics_model/prolog/testsets/ai_governance_legitimacy__democratic_pluralist_reading.pl:255
Warning:    Current predicate: narrative_ontology:omega_variable/3
Warning:    Use :- discontiguous constraint_ai_governance_legitimacy__democratic_pluralist_reading:omega_variable/5. to suppress this message
Warning: /home/scott/bin/structural_dynamics_model/prolog/testsets/alignment_constraint_narrowing.pl:245:
Warning:    Clauses of constraint_alignment_constraint_narrowing:omega_variable/5 are not together in the source-file
Warning:    Earlier definition at /home/scott/bin/structural_dynamics_model/prolog/testsets/alignment_constraint_narrowing.pl:235
Warning:    Current predicate: narrative_ontology:omega_variable/3
Warning:    Use :- discontiguous constraint_alignment_constraint_narrowing:omega_variable/5. to suppress this message
Warning: /home/scott/bin/structural_dynamics_model/prolog/testsets/alignment_constraint_narrowing.pl:255:
Warning:    Clauses of constraint_alignment_constraint_narrowing:omega_variable/5 are not together in the source-file
Warning:    Earlier definition at /home/scott/bin/structural_dynamics_model/prolog/testsets/alignment_constraint_narrowing.pl:235
Warning:    Current predicate: narrative_ontology:omega_variable/3
Warning:    Use :- discontiguous constraint_alignment_constraint_narrowing:omega_variable/5. to suppress this message
Warning: /home/scott/bin/structural_dynamics_model/prolog/testsets/animal_status_kernel__property_reading.pl:218:
Warning:    Clauses of constraint_animal_status_kernel__property_reading:omega_variable/5 are not together in the source-file
Warning:    Earlier definition at /home/scott/bin/structural_dynamics_model/prolog/testsets/animal_status_kernel__property_reading.pl:208
Warning:    Current predicate: narrative_ontology:omega_variable/3
Warning:    Use :- discontiguous constraint_animal_status_kernel__property_reading:omega_variable/5. to suppress this message
Warning: /home/scott/bin/structural_dynamics_model/prolog/testsets/animal_status_kernel__property_reading.pl:228:
Warning:    Clauses of constraint_animal_status_kernel__property_reading:omega_variable/5 are not together in the source-file
Warning:    Earlier definition at /home/scott/bin/structural_dynamics_model/prolog/testsets/animal_status_kernel__property_reading.pl:208
Warning:    Current predicate: narrative_ontology:omega_variable/3
Warning:    Use :- discontiguous constraint_animal_status_kernel__property_reading:omega_variable/5. to suppress this message
Warning: /home/scott/bin/structural_dynamics_model/prolog/testsets/animal_status_kernel__property_reading.pl:238:
Warning:    Clauses of constraint_animal_status_kernel__property_reading:omega_variable/5 are not together in the source-file
Warning:    Earlier definition at /home/scott/bin/structural_dynamics_model/prolog/testsets/animal_status_kernel__property_reading.pl:208
Warning:    Current predicate: narrative_ontology:omega_variable/3
Warning:    Use :- discontiguous constraint_animal_status_kernel__property_reading:omega_variable/5. to suppress this message
Warning: /home/scott/bin/structural_dynamics_model/prolog/testsets/animal_status_kernel__property_reading.pl:248:
Warning:    Clauses of constraint_animal_status_kernel__property_reading:omega_variable/5 are not together in the source-file
Warning:    Earlier definition at /home/scott/bin/structural_dynamics_model/prolog/testsets/animal_status_kernel__property_reading.pl:208
Warning:    Current predicate: narrative_ontology:omega_variable/3
Warning:    Use :- discontiguous constraint_animal_status_kernel__property_reading:omega_variable/5. to suppress this message
Warning: /home/scott/bin/structural_dynamics_model/prolog/testsets/apoe4_mitochondrial_vulnerability.pl:230:
Warning:    Clauses of constraint_apoe4_mitochondrial_vulnerability:omega_variable/5 are not together in the source-file
Warning:    Earlier definition at /home/scott/bin/structural_dynamics_model/prolog/testsets/apoe4_mitochondrial_vulnerability.pl:220
Warning:    Current predicate: narrative_ontology:omega_variable/3
Warning:    Use :- discontiguous constraint_apoe4_mitochondrial_vulnerability:omega_variable/5. to suppress this message
Warning: /home/scott/bin/structural_dynamics_model/prolog/testsets/apoe4_mitochondrial_vulnerability.pl:240:
Warning:    Clauses of constraint_apoe4_mitochondrial_vulnerability:omega_variable/5 are not together in the source-file
Warning:    Earlier definition at /home/scott/bin/structural_dynamics_model/prolog/testsets/apoe4_mitochondrial_vulnerability.pl:220
Warning:    Current predicate: narrative_ontology:omega_variable/3
Warning:    Use :- discontiguous constraint_apoe4_mitochondrial_vulnerability:omega_variable/5. to suppress this message
Warning: /home/scott/bin/structural_dynamics_model/prolog/testsets/apoe4_mitochondrial_vulnerability.pl:250:
Warning:    Clauses of constraint_apoe4_mitochondrial_vulnerability:omega_variable/5 are not together in the source-file
Warning:    Earlier definition at /home/scott/bin/structural_dynamics_model/prolog/testsets/apoe4_mitochondrial_vulnerability.pl:220
Warning:    Current predicate: narrative_ontology:omega_variable/3
Warning:    Use :- discontiguous constraint_apoe4_mitochondrial_vulnerability:omega_variable/5. to suppress this message
Warning: /home/scott/bin/structural_dynamics_model/prolog/testsets/arbitrary_selection_under_competence_signaling.pl:215:
Warning:    Clauses of constraint_arbitrary_selection_under_competence_signaling:omega_variable/5 are not together in the source-file
Warning:    Earlier definition at /home/scott/bin/structural_dynamics_model/prolog/testsets/arbitrary_selection_under_competence_signaling.pl:205
Warning:    Current predicate: narrative_ontology:omega_variable/3
Warning:    Use :- discontiguous constraint_arbitrary_selection_under_competence_signaling:omega_variable/5. to suppress this message
Warning: /home/scott/bin/structural_dynamics_model/prolog/testsets/architectural_pattern_validity.pl:250:
Warning:    Clauses of constraint_architectural_pattern_validity:omega_variable/5 are not together in the source-file
Warning:    Earlier definition at /home/scott/bin/structural_dynamics_model/prolog/testsets/architectural_pattern_validity.pl:240
Warning:    Current predicate: narrative_ontology:omega_variable/3
Warning:    Use :- discontiguous constraint_architectural_pattern_validity:omega_variable/5. to suppress this message
Warning: /home/scott/bin/structural_dynamics_model/prolog/testsets/architectural_pattern_validity.pl:260:
Warning:    Clauses of constraint_architectural_pattern_validity:omega_variable/5 are not together in the source-file
Warning:    Earlier definition at /home/scott/bin/structural_dynamics_model/prolog/testsets/architectural_pattern_validity.pl:240
Warning:    Current predicate: narrative_ontology:omega_variable/3
Warning:    Use :- discontiguous constraint_architectural_pattern_validity:omega_variable/5. to suppress this message
Warning: /home/scott/bin/structural_dynamics_model/prolog/testsets/architectural_pattern_validity.pl:270:
Warning:    Clauses of constraint_architectural_pattern_validity:omega_variable/5 are not together in the source-file
Warning:    Earlier definition at /home/scott/bin/structural_dynamics_model/prolog/testsets/architectural_pattern_validity.pl:240
Warning:    Current predicate: narrative_ontology:omega_variable/3
Warning:    Use :- discontiguous constraint_architectural_pattern_validity:omega_variable/5. to suppress this message
Warning: /home/scott/bin/structural_dynamics_model/prolog/testsets/audit_reading.pl:275:
Warning:    Clauses of constraint_audit_reading:omega_variable/5 are not together in the source-file
Warning:    Earlier definition at /home/scott/bin/structural_dynamics_model/prolog/testsets/audit_reading.pl:265
Warning:    Current predicate: narrative_ontology:omega_variable/3
Warning:    Use :- discontiguous constraint_audit_reading:omega_variable/5. to suppress this message
Warning: /home/scott/bin/structural_dynamics_model/prolog/testsets/audit_reading.pl:285:
Warning:    Clauses of constraint_audit_reading:omega_variable/5 are not together in the source-file
Warning:    Earlier definition at /home/scott/bin/structural_dynamics_model/prolog/testsets/audit_reading.pl:265
Warning:    Current predicate: narrative_ontology:omega_variable/3
Warning:    Use :- discontiguous constraint_audit_reading:omega_variable/5. to suppress this message
Warning: /home/scott/bin/structural_dynamics_model/prolog/testsets/authorial_legitimacy_kernel_flat_control.pl:231:
Warning:    Clauses of constraint_authorial_legitimacy_kernel_flat_control:omega_variable/5 are not together in the source-file
Warning:    Earlier definition at /home/scott/bin/structural_dynamics_model/prolog/testsets/authorial_legitimacy_kernel_flat_control.pl:221
Warning:    Current predicate: narrative_ontology:omega_variable/3
Warning:    Use :- discontiguous constraint_authorial_legitimacy_kernel_flat_control:omega_variable/5. to suppress this message
Warning: /home/scott/bin/structural_dynamics_model/prolog/testsets/authorial_legitimacy_kernel_flat_control.pl:241:
Warning:    Clauses of constraint_authorial_legitimacy_kernel_flat_control:omega_variable/5 are not together in the source-file
Warning:    Earlier definition at /home/scott/bin/structural_dynamics_model/prolog/testsets/authorial_legitimacy_kernel_flat_control.pl:221
Warning:    Current predicate: narrative_ontology:omega_variable/3
Warning:    Use :- discontiguous constraint_authorial_legitimacy_kernel_flat_control:omega_variable/5. to suppress this message
Warning: /home/scott/bin/structural_dynamics_model/prolog/testsets/authorial_primacy_reading.pl:253:
Warning:    Clauses of constraint_authorial_primacy_reading:omega_variable/5 are not together in the source-file
Warning:    Earlier definition at /home/scott/bin/structural_dynamics_model/prolog/testsets/authorial_primacy_reading.pl:243
Warning:    Current predicate: narrative_ontology:omega_variable/3
Warning:    Use :- discontiguous constraint_authorial_primacy_reading:omega_variable/5. to suppress this message
Warning: /home/scott/bin/structural_dynamics_model/prolog/testsets/authorial_primacy_reading.pl:263:
Warning:    Clauses of constraint_authorial_primacy_reading:omega_variable/5 are not together in the source-file
Warning:    Earlier definition at /home/scott/bin/structural_dynamics_model/prolog/testsets/authorial_primacy_reading.pl:243
Warning:    Current predicate: narrative_ontology:omega_variable/3
Warning:    Use :- discontiguous constraint_authorial_primacy_reading:omega_variable/5. to suppress this message
Warning: /home/scott/bin/structural_dynamics_model/prolog/testsets/authoritative_specification_reading.pl:239:
Warning:    Clauses of constraint_authoritative_specification_reading:omega_variable/5 are not together in the source-file
Warning:    Earlier definition at /home/scott/bin/structural_dynamics_model/prolog/testsets/authoritative_specification_reading.pl:229
Warning:    Current predicate: narrative_ontology:omega_variable/3
Warning:    Use :- discontiguous constraint_authoritative_specification_reading:omega_variable/5. to suppress this message
Warning: /home/scott/bin/structural_dynamics_model/prolog/testsets/authoritative_specification_reading.pl:249:
Warning:    Clauses of constraint_authoritative_specification_reading:omega_variable/5 are not together in the source-file
Warning:    Earlier definition at /home/scott/bin/structural_dynamics_model/prolog/testsets/authoritative_specification_reading.pl:229
Warning:    Current predicate: narrative_ontology:omega_variable/3
Warning:    Use :- discontiguous constraint_authoritative_specification_reading:omega_variable/5. to suppress this message
Warning: /home/scott/bin/structural_dynamics_model/prolog/testsets/authoritative_specification_reading.pl:259:
Warning:    Clauses of constraint_authoritative_specification_reading:omega_variable/5 are not together in the source-file
Warning:    Earlier definition at /home/scott/bin/structural_dynamics_model/prolog/testsets/authoritative_specification_reading.pl:229
Warning:    Current predicate: narrative_ontology:omega_variable/3
Warning:    Use :- discontiguous constraint_authoritative_specification_reading:omega_variable/5. to suppress this message
Warning: /home/scott/bin/structural_dynamics_model/prolog/testsets/authority_vacuum_incommensurability.pl:249:
Warning:    Clauses of constraint_authority_vacuum_incommensurability:omega_variable/5 are not together in the source-file
Warning:    Earlier definition at /home/scott/bin/structural_dynamics_model/prolog/testsets/authority_vacuum_incommensurability.pl:239
Warning:    Current predicate: narrative_ontology:omega_variable/3
Warning:    Use :- discontiguous constraint_authority_vacuum_incommensurability:omega_variable/5. to suppress this message
Warning: /home/scott/bin/structural_dynamics_model/prolog/testsets/authority_vacuum_incommensurability.pl:259:
Warning:    Clauses of constraint_authority_vacuum_incommensurability:omega_variable/5 are not together in the source-file
Warning:    Earlier definition at /home/scott/bin/structural_dynamics_model/prolog/testsets/authority_vacuum_incommensurability.pl:239
Warning:    Current predicate: narrative_ontology:omega_variable/3
Warning:    Use :- discontiguous constraint_authority_vacuum_incommensurability:omega_variable/5. to suppress this message
Warning: /home/scott/bin/structural_dynamics_model/prolog/testsets/authority_vacuum_incommensurability.pl:269:
Warning:    Clauses of constraint_authority_vacuum_incommensurability:omega_variable/5 are not together in the source-file
Warning:    Earlier definition at /home/scott/bin/structural_dynamics_model/prolog/testsets/authority_vacuum_incommensurability.pl:239
Warning:    Current predicate: narrative_ontology:omega_variable/3
Warning:    Use :- discontiguous constraint_authority_vacuum_incommensurability:omega_variable/5. to suppress this message
Warning: /home/scott/bin/structural_dynamics_model/prolog/testsets/autonomy_reading.pl:244:
Warning:    Clauses of constraint_autonomy_reading:omega_variable/5 are not together in the source-file
Warning:    Earlier definition at /home/scott/bin/structural_dynamics_model/prolog/testsets/autonomy_reading.pl:234
Warning:    Current predicate: narrative_ontology:omega_variable/3
Warning:    Use :- discontiguous constraint_autonomy_reading:omega_variable/5. to suppress this message
Warning: /home/scott/bin/structural_dynamics_model/prolog/testsets/autonomy_reading.pl:254:
Warning:    Clauses of constraint_autonomy_reading:omega_variable/5 are not together in the source-file
Warning:    Earlier definition at /home/scott/bin/structural_dynamics_model/prolog/testsets/autonomy_reading.pl:234
Warning:    Current predicate: narrative_ontology:omega_variable/3
Warning:    Use :- discontiguous constraint_autonomy_reading:omega_variable/5. to suppress this message
Warning: /home/scott/bin/structural_dynamics_model/prolog/testsets/basic_law_interpretive_authority__parliamentary_sovereignty_reading.pl:206:
Warning:    Clauses of constraint_basic_law_interpretive_authority__parliamentary_sovereignty_reading:omega_variable/5 are not together in the source-file
Warning:    Earlier definition at /home/scott/bin/structural_dynamics_model/prolog/testsets/basic_law_interpretive_authority__parliamentary_sovereignty_reading.pl:196
Warning:    Current predicate: narrative_ontology:omega_variable/3
Warning:    Use :- discontiguous constraint_basic_law_interpretive_authority__parliamentary_sovereignty_reading:omega_variable/5. to suppress this message
Warning: /home/scott/bin/structural_dynamics_model/prolog/testsets/basic_law_interpretive_authority__parliamentary_sovereignty_reading.pl:216:
Warning:    Clauses of constraint_basic_law_interpretive_authority__parliamentary_sovereignty_reading:omega_variable/5 are not together in the source-file
Warning:    Earlier definition at /home/scott/bin/structural_dynamics_model/prolog/testsets/basic_law_interpretive_authority__parliamentary_sovereignty_reading.pl:196
Warning:    Current predicate: narrative_ontology:omega_variable/3
Warning:    Use :- discontiguous constraint_basic_law_interpretive_authority__parliamentary_sovereignty_reading:omega_variable/5. to suppress this message
Warning: /home/scott/bin/structural_dynamics_model/prolog/testsets/basic_law_interpretive_authority__parliamentary_sovereignty_reading.pl:226:
Warning:    Clauses of constraint_basic_law_interpretive_authority__parliamentary_sovereignty_reading:omega_variable/5 are not together in the source-file
Warning:    Earlier definition at /home/scott/bin/structural_dynamics_model/prolog/testsets/basic_law_interpretive_authority__parliamentary_sovereignty_reading.pl:196
Warning:    Current predicate: narrative_ontology:omega_variable/3
Warning:    Use :- discontiguous constraint_basic_law_interpretive_authority__parliamentary_sovereignty_reading:omega_variable/5. to suppress this message
Warning: /home/scott/bin/structural_dynamics_model/prolog/testsets/basic_law_interpretive_authority__parliamentary_sovereignty_reading.pl:236:
Warning:    Clauses of constraint_basic_law_interpretive_authority__parliamentary_sovereignty_reading:omega_variable/5 are not together in the source-file
Warning:    Earlier definition at /home/scott/bin/structural_dynamics_model/prolog/testsets/basic_law_interpretive_authority__parliamentary_sovereignty_reading.pl:196
Warning:    Current predicate: narrative_ontology:omega_variable/3
Warning:    Use :- discontiguous constraint_basic_law_interpretive_authority__parliamentary_sovereignty_reading:omega_variable/5. to suppress this message
Warning: /home/scott/bin/structural_dynamics_model/prolog/testsets/basic_law_interpretive_authority__parliamentary_sovereignty_reading.pl:246:
Warning:    Clauses of constraint_basic_law_interpretive_authority__parliamentary_sovereignty_reading:omega_variable/5 are not together in the source-file
Warning:    Earlier definition at /home/scott/bin/structural_dynamics_model/prolog/testsets/basic_law_interpretive_authority__parliamentary_sovereignty_reading.pl:196
Warning:    Current predicate: narrative_ontology:omega_variable/3
Warning:    Use :- discontiguous constraint_basic_law_interpretive_authority__parliamentary_sovereignty_reading:omega_variable/5. to suppress this message
Warning: /home/scott/bin/structural_dynamics_model/prolog/testsets/basic_law_interpretive_boundary__parliamentary_sovereignty_reading.pl:248:
Warning:    Clauses of constraint_basic_law_interpretive_boundary__parliamentary_sovereignty_reading:omega_variable/5 are not together in the source-file
Warning:    Earlier definition at /home/scott/bin/structural_dynamics_model/prolog/testsets/basic_law_interpretive_boundary__parliamentary_sovereignty_reading.pl:238
Warning:    Current predicate: narrative_ontology:omega_variable/3
Warning:    Use :- discontiguous constraint_basic_law_interpretive_boundary__parliamentary_sovereignty_reading:omega_variable/5. to suppress this message
Warning: /home/scott/bin/structural_dynamics_model/prolog/testsets/basic_law_interpretive_boundary__parliamentary_sovereignty_reading.pl:258:
Warning:    Clauses of constraint_basic_law_interpretive_boundary__parliamentary_sovereignty_reading:omega_variable/5 are not together in the source-file
Warning:    Earlier definition at /home/scott/bin/structural_dynamics_model/prolog/testsets/basic_law_interpretive_boundary__parliamentary_sovereignty_reading.pl:238
Warning:    Current predicate: narrative_ontology:omega_variable/3
Warning:    Use :- discontiguous constraint_basic_law_interpretive_boundary__parliamentary_sovereignty_reading:omega_variable/5. to suppress this message
Warning: /home/scott/bin/structural_dynamics_model/prolog/testsets/basic_law_interpretive_boundary__parliamentary_sovereignty_reading.pl:268:
Warning:    Clauses of constraint_basic_law_interpretive_boundary__parliamentary_sovereignty_reading:omega_variable/5 are not together in the source-file
Warning:    Earlier definition at /home/scott/bin/structural_dynamics_model/prolog/testsets/basic_law_interpretive_boundary__parliamentary_sovereignty_reading.pl:238
Warning:    Current predicate: narrative_ontology:omega_variable/3
Warning:    Use :- discontiguous constraint_basic_law_interpretive_boundary__parliamentary_sovereignty_reading:omega_variable/5. to suppress this message
Warning: /home/scott/bin/structural_dynamics_model/prolog/testsets/basic_law_interpretive_boundary__parliamentary_sovereignty_reading.pl:278:
Warning:    Clauses of constraint_basic_law_interpretive_boundary__parliamentary_sovereignty_reading:omega_variable/5 are not together in the source-file
Warning:    Earlier definition at /home/scott/bin/structural_dynamics_model/prolog/testsets/basic_law_interpretive_boundary__parliamentary_sovereignty_reading.pl:238
Warning:    Current predicate: narrative_ontology:omega_variable/3
Warning:    Use :- discontiguous constraint_basic_law_interpretive_boundary__parliamentary_sovereignty_reading:omega_variable/5. to suppress this message
Warning: /home/scott/bin/structural_dynamics_model/prolog/testsets/behavioral_adoption_friction.pl:244:
Warning:    Clauses of constraint_behavioral_adoption_friction:omega_variable/5 are not together in the source-file
Warning:    Earlier definition at /home/scott/bin/structural_dynamics_model/prolog/testsets/behavioral_adoption_friction.pl:234
Warning:    Current predicate: narrative_ontology:omega_variable/3
Warning:    Use :- discontiguous constraint_behavioral_adoption_friction:omega_variable/5. to suppress this message
Warning: /home/scott/bin/structural_dynamics_model/prolog/testsets/behavioral_adoption_friction.pl:254:
Warning:    Clauses of constraint_behavioral_adoption_friction:omega_variable/5 are not together in the source-file
Warning:    Earlier definition at /home/scott/bin/structural_dynamics_model/prolog/testsets/behavioral_adoption_friction.pl:234
Warning:    Current predicate: narrative_ontology:omega_variable/3
Warning:    Use :- discontiguous constraint_behavioral_adoption_friction:omega_variable/5. to suppress this message
Warning: /home/scott/bin/structural_dynamics_model/prolog/testsets/behavioral_adoption_friction.pl:264:
Warning:    Clauses of constraint_behavioral_adoption_friction:omega_variable/5 are not together in the source-file
Warning:    Earlier definition at /home/scott/bin/structural_dynamics_model/prolog/testsets/behavioral_adoption_friction.pl:234
Warning:    Current predicate: narrative_ontology:omega_variable/3
Warning:    Use :- discontiguous constraint_behavioral_adoption_friction:omega_variable/5. to suppress this message
Warning: /home/scott/bin/structural_dynamics_model/prolog/testsets/behaviorist_counterfactual_reading.pl:276:
Warning:    Clauses of constraint_behaviorist_counterfactual_reading:omega_variable/5 are not together in the source-file
Warning:    Earlier definition at /home/scott/bin/structural_dynamics_model/prolog/testsets/behaviorist_counterfactual_reading.pl:266
Warning:    Current predicate: narrative_ontology:omega_variable/3
Warning:    Use :- discontiguous constraint_behaviorist_counterfactual_reading:omega_variable/5. to suppress this message
Warning: /home/scott/bin/structural_dynamics_model/prolog/testsets/behaviorist_counterfactual_reading.pl:286:
Warning:    Clauses of constraint_behaviorist_counterfactual_reading:omega_variable/5 are not together in the source-file
Warning:    Earlier definition at /home/scott/bin/structural_dynamics_model/prolog/testsets/behaviorist_counterfactual_reading.pl:266
Warning:    Current predicate: narrative_ontology:omega_variable/3
Warning:    Use :- discontiguous constraint_behaviorist_counterfactual_reading:omega_variable/5. to suppress this message
Warning: /home/scott/bin/structural_dynamics_model/prolog/testsets/benchmark_saturation_interpretation.pl:253:
Warning:    Clauses of constraint_benchmark_saturation_interpretation:omega_variable/5 are not together in the source-file
Warning:    Earlier definition at /home/scott/bin/structural_dynamics_model/prolog/testsets/benchmark_saturation_interpretation.pl:243
Warning:    Current predicate: narrative_ontology:omega_variable/3
Warning:    Use :- discontiguous constraint_benchmark_saturation_interpretation:omega_variable/5. to suppress this message
Warning: /home/scott/bin/structural_dynamics_model/prolog/testsets/benchmark_saturation_interpretation.pl:263:
Warning:    Clauses of constraint_benchmark_saturation_interpretation:omega_variable/5 are not together in the source-file
Warning:    Earlier definition at /home/scott/bin/structural_dynamics_model/prolog/testsets/benchmark_saturation_interpretation.pl:243
Warning:    Current predicate: narrative_ontology:omega_variable/3
Warning:    Use :- discontiguous constraint_benchmark_saturation_interpretation:omega_variable/5. to suppress this message
Warning: /home/scott/bin/structural_dynamics_model/prolog/testsets/benchmark_saturation_interpretation.pl:273:
Warning:    Clauses of constraint_benchmark_saturation_interpretation:omega_variable/5 are not together in the source-file
Warning:    Earlier definition at /home/scott/bin/structural_dynamics_model/prolog/testsets/benchmark_saturation_interpretation.pl:243
Warning:    Current predicate: narrative_ontology:omega_variable/3
Warning:    Use :- discontiguous constraint_benchmark_saturation_interpretation:omega_variable/5. to suppress this message
Warning: /home/scott/bin/structural_dynamics_model/prolog/testsets/benign_dictator_reading.pl:247:
Warning:    Clauses of constraint_benign_dictator_reading:omega_variable/5 are not together in the source-file
Warning:    Earlier definition at /home/scott/bin/structural_dynamics_model/prolog/testsets/benign_dictator_reading.pl:237
Warning:    Current predicate: narrative_ontology:omega_variable/3
Warning:    Use :- discontiguous constraint_benign_dictator_reading:omega_variable/5. to suppress this message
Warning: /home/scott/bin/structural_dynamics_model/prolog/testsets/benign_dictator_reading.pl:257:
Warning:    Clauses of constraint_benign_dictator_reading:omega_variable/5 are not together in the source-file
Warning:    Earlier definition at /home/scott/bin/structural_dynamics_model/prolog/testsets/benign_dictator_reading.pl:237
Warning:    Current predicate: narrative_ontology:omega_variable/3
Warning:    Use :- discontiguous constraint_benign_dictator_reading:omega_variable/5. to suppress this message
Warning: /home/scott/bin/structural_dynamics_model/prolog/testsets/bitcoin_whitepaper_purpose__nakamoto_oracle_opacity.pl:203:
Warning:    Clauses of constraint_bitcoin_whitepaper_purpose__nakamoto_oracle_opacity:omega_variable/5 are not together in the source-file
Warning:    Earlier definition at /home/scott/bin/structural_dynamics_model/prolog/testsets/bitcoin_whitepaper_purpose__nakamoto_oracle_opacity.pl:193
Warning:    Current predicate: narrative_ontology:omega_variable/3
Warning:    Use :- discontiguous constraint_bitcoin_whitepaper_purpose__nakamoto_oracle_opacity:omega_variable/5. to suppress this message
Warning: /home/scott/bin/structural_dynamics_model/prolog/testsets/bitcoin_whitepaper_purpose__nakamoto_oracle_opacity.pl:213:
Warning:    Clauses of constraint_bitcoin_whitepaper_purpose__nakamoto_oracle_opacity:omega_variable/5 are not together in the source-file
Warning:    Earlier definition at /home/scott/bin/structural_dynamics_model/prolog/testsets/bitcoin_whitepaper_purpose__nakamoto_oracle_opacity.pl:193
Warning:    Current predicate: narrative_ontology:omega_variable/3
Warning:    Use :- discontiguous constraint_bitcoin_whitepaper_purpose__nakamoto_oracle_opacity:omega_variable/5. to suppress this message
Warning: /home/scott/bin/structural_dynamics_model/prolog/testsets/bitcoin_whitepaper_purpose__nakamoto_oracle_opacity.pl:223:
Warning:    Clauses of constraint_bitcoin_whitepaper_purpose__nakamoto_oracle_opacity:omega_variable/5 are not together in the source-file
Warning:    Earlier definition at /home/scott/bin/structural_dynamics_model/prolog/testsets/bitcoin_whitepaper_purpose__nakamoto_oracle_opacity.pl:193
Warning:    Current predicate: narrative_ontology:omega_variable/3
Warning:    Use :- discontiguous constraint_bitcoin_whitepaper_purpose__nakamoto_oracle_opacity:omega_variable/5. to suppress this message
Warning: /home/scott/bin/structural_dynamics_model/prolog/testsets/bitcoin_whitepaper_purpose__nakamoto_oracle_opacity.pl:233:
Warning:    Clauses of constraint_bitcoin_whitepaper_purpose__nakamoto_oracle_opacity:omega_variable/5 are not together in the source-file
Warning:    Earlier definition at /home/scott/bin/structural_dynamics_model/prolog/testsets/bitcoin_whitepaper_purpose__nakamoto_oracle_opacity.pl:193
Warning:    Current predicate: narrative_ontology:omega_variable/3
Warning:    Use :- discontiguous constraint_bitcoin_whitepaper_purpose__nakamoto_oracle_opacity:omega_variable/5. to suppress this message
Warning: /home/scott/bin/structural_dynamics_model/prolog/testsets/border_control_legitimacy__freedom_of_movement_primary.pl:205:
Warning:    Clauses of constraint_border_control_legitimacy__freedom_of_movement_primary:omega_variable/5 are not together in the source-file
Warning:    Earlier definition at /home/scott/bin/structural_dynamics_model/prolog/testsets/border_control_legitimacy__freedom_of_movement_primary.pl:195
Warning:    Current predicate: narrative_ontology:omega_variable/3
Warning:    Use :- discontiguous constraint_border_control_legitimacy__freedom_of_movement_primary:omega_variable/5. to suppress this message
Warning: /home/scott/bin/structural_dynamics_model/prolog/testsets/border_control_legitimacy__freedom_of_movement_primary.pl:215:
Warning:    Clauses of constraint_border_control_legitimacy__freedom_of_movement_primary:omega_variable/5 are not together in the source-file
Warning:    Earlier definition at /home/scott/bin/structural_dynamics_model/prolog/testsets/border_control_legitimacy__freedom_of_movement_primary.pl:195
Warning:    Current predicate: narrative_ontology:omega_variable/3
Warning:    Use :- discontiguous constraint_border_control_legitimacy__freedom_of_movement_primary:omega_variable/5. to suppress this message
Warning: /home/scott/bin/structural_dynamics_model/prolog/testsets/border_control_legitimacy__freedom_of_movement_primary.pl:225:
Warning:    Clauses of constraint_border_control_legitimacy__freedom_of_movement_primary:omega_variable/5 are not together in the source-file
Warning:    Earlier definition at /home/scott/bin/structural_dynamics_model/prolog/testsets/border_control_legitimacy__freedom_of_movement_primary.pl:195
Warning:    Current predicate: narrative_ontology:omega_variable/3
Warning:    Use :- discontiguous constraint_border_control_legitimacy__freedom_of_movement_primary:omega_variable/5. to suppress this message
Warning: /home/scott/bin/structural_dynamics_model/prolog/testsets/border_control_legitimacy__freedom_of_movement_primary.pl:235:
Warning:    Clauses of constraint_border_control_legitimacy__freedom_of_movement_primary:omega_variable/5 are not together in the source-file
Warning:    Earlier definition at /home/scott/bin/structural_dynamics_model/prolog/testsets/border_control_legitimacy__freedom_of_movement_primary.pl:195
Warning:    Current predicate: narrative_ontology:omega_variable/3
Warning:    Use :- discontiguous constraint_border_control_legitimacy__freedom_of_movement_primary:omega_variable/5. to suppress this message
Warning: /home/scott/bin/structural_dynamics_model/prolog/testsets/bounded_ownership_vs_capital_scale.pl:254:
Warning:    Clauses of constraint_bounded_ownership_vs_capital_scale:omega_variable/5 are not together in the source-file
Warning:    Earlier definition at /home/scott/bin/structural_dynamics_model/prolog/testsets/bounded_ownership_vs_capital_scale.pl:244
Warning:    Current predicate: narrative_ontology:omega_variable/3
Warning:    Use :- discontiguous constraint_bounded_ownership_vs_capital_scale:omega_variable/5. to suppress this message
Warning: /home/scott/bin/structural_dynamics_model/prolog/testsets/bounded_ownership_vs_capital_scale.pl:264:
Warning:    Clauses of constraint_bounded_ownership_vs_capital_scale:omega_variable/5 are not together in the source-file
Warning:    Earlier definition at /home/scott/bin/structural_dynamics_model/prolog/testsets/bounded_ownership_vs_capital_scale.pl:244
Warning:    Current predicate: narrative_ontology:omega_variable/3
Warning:    Use :- discontiguous constraint_bounded_ownership_vs_capital_scale:omega_variable/5. to suppress this message
Warning: /home/scott/bin/structural_dynamics_model/prolog/testsets/bully_gang_classification_law.pl:259:
Warning:    Clauses of constraint_bully_gang_classification_law:omega_variable/5 are not together in the source-file
Warning:    Earlier definition at /home/scott/bin/structural_dynamics_model/prolog/testsets/bully_gang_classification_law.pl:249
Warning:    Current predicate: narrative_ontology:omega_variable/3
Warning:    Use :- discontiguous constraint_bully_gang_classification_law:omega_variable/5. to suppress this message
Warning: /home/scott/bin/structural_dynamics_model/prolog/testsets/bully_gang_classification_law.pl:269:
Warning:    Clauses of constraint_bully_gang_classification_law:omega_variable/5 are not together in the source-file
Warning:    Earlier definition at /home/scott/bin/structural_dynamics_model/prolog/testsets/bully_gang_classification_law.pl:249
Warning:    Current predicate: narrative_ontology:omega_variable/3
Warning:    Use :- discontiguous constraint_bully_gang_classification_law:omega_variable/5. to suppress this message
Warning: /home/scott/bin/structural_dynamics_model/prolog/testsets/bureaucratic_drift_reading.pl:244:
Warning:    Clauses of constraint_bureaucratic_drift_reading:omega_variable/5 are not together in the source-file
Warning:    Earlier definition at /home/scott/bin/structural_dynamics_model/prolog/testsets/bureaucratic_drift_reading.pl:234
Warning:    Current predicate: narrative_ontology:omega_variable/3
Warning:    Use :- discontiguous constraint_bureaucratic_drift_reading:omega_variable/5. to suppress this message
Warning: /home/scott/bin/structural_dynamics_model/prolog/testsets/bureaucratic_drift_reading.pl:254:
Warning:    Clauses of constraint_bureaucratic_drift_reading:omega_variable/5 are not together in the source-file
Warning:    Earlier definition at /home/scott/bin/structural_dynamics_model/prolog/testsets/bureaucratic_drift_reading.pl:234
Warning:    Current predicate: narrative_ontology:omega_variable/3
Warning:    Use :- discontiguous constraint_bureaucratic_drift_reading:omega_variable/5. to suppress this message
Warning: /home/scott/bin/structural_dynamics_model/prolog/testsets/capability_endogeneity.pl:251:
Warning:    Clauses of constraint_capability_endogeneity:omega_variable/5 are not together in the source-file
Warning:    Earlier definition at /home/scott/bin/structural_dynamics_model/prolog/testsets/capability_endogeneity.pl:241
Warning:    Current predicate: narrative_ontology:omega_variable/3
Warning:    Use :- discontiguous constraint_capability_endogeneity:omega_variable/5. to suppress this message
Warning: /home/scott/bin/structural_dynamics_model/prolog/testsets/capability_endogeneity.pl:261:
Warning:    Clauses of constraint_capability_endogeneity:omega_variable/5 are not together in the source-file
Warning:    Earlier definition at /home/scott/bin/structural_dynamics_model/prolog/testsets/capability_endogeneity.pl:241
Warning:    Current predicate: narrative_ontology:omega_variable/3
Warning:    Use :- discontiguous constraint_capability_endogeneity:omega_variable/5. to suppress this message
Warning: /home/scott/bin/structural_dynamics_model/prolog/testsets/catastrophe_memory_kernel__boundary_maintenance_reading.pl:214:
Warning:    Clauses of constraint_catastrophe_memory_kernel__boundary_maintenance_reading:omega_variable/5 are not together in the source-file
Warning:    Earlier definition at /home/scott/bin/structural_dynamics_model/prolog/testsets/catastrophe_memory_kernel__boundary_maintenance_reading.pl:204
Warning:    Current predicate: narrative_ontology:omega_variable/3
Warning:    Use :- discontiguous constraint_catastrophe_memory_kernel__boundary_maintenance_reading:omega_variable/5. to suppress this message
Warning: /home/scott/bin/structural_dynamics_model/prolog/testsets/channel_conversion_reading.pl:269:
Warning:    Clauses of constraint_channel_conversion_reading:omega_variable/5 are not together in the source-file
Warning:    Earlier definition at /home/scott/bin/structural_dynamics_model/prolog/testsets/channel_conversion_reading.pl:259
Warning:    Current predicate: narrative_ontology:omega_variable/3
Warning:    Use :- discontiguous constraint_channel_conversion_reading:omega_variable/5. to suppress this message
Warning: /home/scott/bin/structural_dynamics_model/prolog/testsets/channel_conversion_reading.pl:279:
Warning:    Clauses of constraint_channel_conversion_reading:omega_variable/5 are not together in the source-file
Warning:    Earlier definition at /home/scott/bin/structural_dynamics_model/prolog/testsets/channel_conversion_reading.pl:259
Warning:    Current predicate: narrative_ontology:omega_variable/3
Warning:    Use :- discontiguous constraint_channel_conversion_reading:omega_variable/5. to suppress this message
Warning: /home/scott/bin/structural_dynamics_model/prolog/testsets/citation_purity_reading.pl:240:
Warning:    Clauses of constraint_citation_purity_reading:omega_variable/5 are not together in the source-file
Warning:    Earlier definition at /home/scott/bin/structural_dynamics_model/prolog/testsets/citation_purity_reading.pl:230
Warning:    Current predicate: narrative_ontology:omega_variable/3
Warning:    Use :- discontiguous constraint_citation_purity_reading:omega_variable/5. to suppress this message
Warning: /home/scott/bin/structural_dynamics_model/prolog/testsets/clock_incompatibility_reading.pl:262:
Warning:    Clauses of constraint_clock_incompatibility_reading:omega_variable/5 are not together in the source-file
Warning:    Earlier definition at /home/scott/bin/structural_dynamics_model/prolog/testsets/clock_incompatibility_reading.pl:252
Warning:    Current predicate: narrative_ontology:omega_variable/3
Warning:    Use :- discontiguous constraint_clock_incompatibility_reading:omega_variable/5. to suppress this message
Warning: /home/scott/bin/structural_dynamics_model/prolog/testsets/clock_incompatibility_reading.pl:272:
Warning:    Clauses of constraint_clock_incompatibility_reading:omega_variable/5 are not together in the source-file
Warning:    Earlier definition at /home/scott/bin/structural_dynamics_model/prolog/testsets/clock_incompatibility_reading.pl:252
Warning:    Current predicate: narrative_ontology:omega_variable/3
Warning:    Use :- discontiguous constraint_clock_incompatibility_reading:omega_variable/5. to suppress this message
Warning: /home/scott/bin/structural_dynamics_model/prolog/testsets/collective_refusal_as_sole_leverage.pl:230:
Warning:    Clauses of constraint_collective_refusal_as_sole_leverage:omega_variable/5 are not together in the source-file
Warning:    Earlier definition at /home/scott/bin/structural_dynamics_model/prolog/testsets/collective_refusal_as_sole_leverage.pl:220
Warning:    Current predicate: narrative_ontology:omega_variable/3
Warning:    Use :- discontiguous constraint_collective_refusal_as_sole_leverage:omega_variable/5. to suppress this message
Warning: /home/scott/bin/structural_dynamics_model/prolog/testsets/commitment_reading.pl:250:
Warning:    Clauses of constraint_commitment_reading:omega_variable/5 are not together in the source-file
Warning:    Earlier definition at /home/scott/bin/structural_dynamics_model/prolog/testsets/commitment_reading.pl:240
Warning:    Current predicate: narrative_ontology:omega_variable/3
Warning:    Use :- discontiguous constraint_commitment_reading:omega_variable/5. to suppress this message
Warning: /home/scott/bin/structural_dynamics_model/prolog/testsets/commitment_reading.pl:260:
Warning:    Clauses of constraint_commitment_reading:omega_variable/5 are not together in the source-file
Warning:    Earlier definition at /home/scott/bin/structural_dynamics_model/prolog/testsets/commitment_reading.pl:240
Warning:    Current predicate: narrative_ontology:omega_variable/3
Warning:    Use :- discontiguous constraint_commitment_reading:omega_variable/5. to suppress this message
Warning: /home/scott/bin/structural_dynamics_model/prolog/testsets/conceptual_framework_reading.pl:215:
Warning:    Clauses of constraint_conceptual_framework_reading:omega_variable/5 are not together in the source-file
Warning:    Earlier definition at /home/scott/bin/structural_dynamics_model/prolog/testsets/conceptual_framework_reading.pl:205
Warning:    Current predicate: narrative_ontology:omega_variable/3
Warning:    Use :- discontiguous constraint_conceptual_framework_reading:omega_variable/5. to suppress this message
Warning: /home/scott/bin/structural_dynamics_model/prolog/testsets/conceptual_framework_reading.pl:225:
Warning:    Clauses of constraint_conceptual_framework_reading:omega_variable/5 are not together in the source-file
Warning:    Earlier definition at /home/scott/bin/structural_dynamics_model/prolog/testsets/conceptual_framework_reading.pl:205
Warning:    Current predicate: narrative_ontology:omega_variable/3
Warning:    Use :- discontiguous constraint_conceptual_framework_reading:omega_variable/5. to suppress this message
Warning: /home/scott/bin/structural_dynamics_model/prolog/testsets/constitutional_text_authority__living_constitutionalist_reading.pl:281:
Warning:    Clauses of constraint_constitutional_text_authority__living_constitutionalist_reading:omega_variable/5 are not together in the source-file
Warning:    Earlier definition at /home/scott/bin/structural_dynamics_model/prolog/testsets/constitutional_text_authority__living_constitutionalist_reading.pl:271
Warning:    Current predicate: narrative_ontology:omega_variable/3
Warning:    Use :- discontiguous constraint_constitutional_text_authority__living_constitutionalist_reading:omega_variable/5. to suppress this message
Warning: /home/scott/bin/structural_dynamics_model/prolog/testsets/constitutional_text_authority__living_constitutionalist_reading.pl:291:
Warning:    Clauses of constraint_constitutional_text_authority__living_constitutionalist_reading:omega_variable/5 are not together in the source-file
Warning:    Earlier definition at /home/scott/bin/structural_dynamics_model/prolog/testsets/constitutional_text_authority__living_constitutionalist_reading.pl:271
Warning:    Current predicate: narrative_ontology:omega_variable/3
Warning:    Use :- discontiguous constraint_constitutional_text_authority__living_constitutionalist_reading:omega_variable/5. to suppress this message
Warning: /home/scott/bin/structural_dynamics_model/prolog/testsets/constitutional_text_authority__originalist_reading.pl:269:
Warning:    Clauses of constraint_constitutional_text_authority__originalist_reading:omega_variable/5 are not together in the source-file
Warning:    Earlier definition at /home/scott/bin/structural_dynamics_model/prolog/testsets/constitutional_text_authority__originalist_reading.pl:259
Warning:    Current predicate: narrative_ontology:omega_variable/3
Warning:    Use :- discontiguous constraint_constitutional_text_authority__originalist_reading:omega_variable/5. to suppress this message
Warning: /home/scott/bin/structural_dynamics_model/prolog/testsets/constitutional_text_authority__originalist_reading.pl:279:
Warning:    Clauses of constraint_constitutional_text_authority__originalist_reading:omega_variable/5 are not together in the source-file
Warning:    Earlier definition at /home/scott/bin/structural_dynamics_model/prolog/testsets/constitutional_text_authority__originalist_reading.pl:259
Warning:    Current predicate: narrative_ontology:omega_variable/3
Warning:    Use :- discontiguous constraint_constitutional_text_authority__originalist_reading:omega_variable/5. to suppress this message
Warning: /home/scott/bin/structural_dynamics_model/prolog/testsets/constitutional_text_authority__originalist_reading.pl:289:
Warning:    Clauses of constraint_constitutional_text_authority__originalist_reading:omega_variable/5 are not together in the source-file
Warning:    Earlier definition at /home/scott/bin/structural_dynamics_model/prolog/testsets/constitutional_text_authority__originalist_reading.pl:259
Warning:    Current predicate: narrative_ontology:omega_variable/3
Warning:    Use :- discontiguous constraint_constitutional_text_authority__originalist_reading:omega_variable/5. to suppress this message
Warning: /home/scott/bin/structural_dynamics_model/prolog/testsets/constitutional_text_authority__originalist_reading.pl:299:
Warning:    Clauses of constraint_constitutional_text_authority__originalist_reading:omega_variable/5 are not together in the source-file
Warning:    Earlier definition at /home/scott/bin/structural_dynamics_model/prolog/testsets/constitutional_text_authority__originalist_reading.pl:259
Warning:    Current predicate: narrative_ontology:omega_variable/3
Warning:    Use :- discontiguous constraint_constitutional_text_authority__originalist_reading:omega_variable/5. to suppress this message
Warning: /home/scott/bin/structural_dynamics_model/prolog/testsets/constitutional_text_authority__positivist_reading.pl:270:
Warning:    Clauses of constraint_constitutional_text_authority__positivist_reading:omega_variable/5 are not together in the source-file
Warning:    Earlier definition at /home/scott/bin/structural_dynamics_model/prolog/testsets/constitutional_text_authority__positivist_reading.pl:260
Warning:    Current predicate: narrative_ontology:omega_variable/3
Warning:    Use :- discontiguous constraint_constitutional_text_authority__positivist_reading:omega_variable/5. to suppress this message
Warning: /home/scott/bin/structural_dynamics_model/prolog/testsets/constitutional_text_authority__positivist_reading.pl:280:
Warning:    Clauses of constraint_constitutional_text_authority__positivist_reading:omega_variable/5 are not together in the source-file
Warning:    Earlier definition at /home/scott/bin/structural_dynamics_model/prolog/testsets/constitutional_text_authority__positivist_reading.pl:260
Warning:    Current predicate: narrative_ontology:omega_variable/3
Warning:    Use :- discontiguous constraint_constitutional_text_authority__positivist_reading:omega_variable/5. to suppress this message
Warning: /home/scott/bin/structural_dynamics_model/prolog/testsets/conversational_ai_consent_migration.pl:230:
Warning:    Clauses of constraint_conversational_ai_consent_migration:omega_variable/5 are not together in the source-file
Warning:    Earlier definition at /home/scott/bin/structural_dynamics_model/prolog/testsets/conversational_ai_consent_migration.pl:220
Warning:    Current predicate: narrative_ontology:omega_variable/3
Warning:    Use :- discontiguous constraint_conversational_ai_consent_migration:omega_variable/5. to suppress this message
Warning: /home/scott/bin/structural_dynamics_model/prolog/testsets/conversational_ai_consent_migration.pl:240:
Warning:    Clauses of constraint_conversational_ai_consent_migration:omega_variable/5 are not together in the source-file
Warning:    Earlier definition at /home/scott/bin/structural_dynamics_model/prolog/testsets/conversational_ai_consent_migration.pl:220
Warning:    Current predicate: narrative_ontology:omega_variable/3
Warning:    Use :- discontiguous constraint_conversational_ai_consent_migration:omega_variable/5. to suppress this message
Warning: /home/scott/bin/structural_dynamics_model/prolog/testsets/cooperative_artifact_legitimacy_flat_control.pl:245:
Warning:    Clauses of constraint_cooperative_artifact_legitimacy_flat_control:omega_variable/5 are not together in the source-file
Warning:    Earlier definition at /home/scott/bin/structural_dynamics_model/prolog/testsets/cooperative_artifact_legitimacy_flat_control.pl:235
Warning:    Current predicate: narrative_ontology:omega_variable/3
Warning:    Use :- discontiguous constraint_cooperative_artifact_legitimacy_flat_control:omega_variable/5. to suppress this message
Warning: /home/scott/bin/structural_dynamics_model/prolog/testsets/cooperative_artifact_legitimacy_flat_control.pl:255:
Warning:    Clauses of constraint_cooperative_artifact_legitimacy_flat_control:omega_variable/5 are not together in the source-file
Warning:    Earlier definition at /home/scott/bin/structural_dynamics_model/prolog/testsets/cooperative_artifact_legitimacy_flat_control.pl:235
Warning:    Current predicate: narrative_ontology:omega_variable/3
Warning:    Use :- discontiguous constraint_cooperative_artifact_legitimacy_flat_control:omega_variable/5. to suppress this message
Warning: /home/scott/bin/structural_dynamics_model/prolog/testsets/coverage_neutral_reading.pl:241:
Warning:    Clauses of constraint_coverage_neutral_reading:omega_variable/5 are not together in the source-file
Warning:    Earlier definition at /home/scott/bin/structural_dynamics_model/prolog/testsets/coverage_neutral_reading.pl:231
Warning:    Current predicate: narrative_ontology:omega_variable/3
Warning:    Use :- discontiguous constraint_coverage_neutral_reading:omega_variable/5. to suppress this message
Warning: /home/scott/bin/structural_dynamics_model/prolog/testsets/coverage_neutral_reading.pl:251:
Warning:    Clauses of constraint_coverage_neutral_reading:omega_variable/5 are not together in the source-file
Warning:    Earlier definition at /home/scott/bin/structural_dynamics_model/prolog/testsets/coverage_neutral_reading.pl:231
Warning:    Current predicate: narrative_ontology:omega_variable/3
Warning:    Use :- discontiguous constraint_coverage_neutral_reading:omega_variable/5. to suppress this message
Warning: /home/scott/bin/structural_dynamics_model/prolog/testsets/credible_cooperator_kernel_flat_control.pl:241:
Warning:    Clauses of constraint_credible_cooperator_kernel_flat_control:omega_variable/5 are not together in the source-file
Warning:    Earlier definition at /home/scott/bin/structural_dynamics_model/prolog/testsets/credible_cooperator_kernel_flat_control.pl:231
Warning:    Current predicate: narrative_ontology:omega_variable/3
Warning:    Use :- discontiguous constraint_credible_cooperator_kernel_flat_control:omega_variable/5. to suppress this message
Warning: /home/scott/bin/structural_dynamics_model/prolog/testsets/credible_cooperator_kernel_flat_control.pl:251:
Warning:    Clauses of constraint_credible_cooperator_kernel_flat_control:omega_variable/5 are not together in the source-file
Warning:    Earlier definition at /home/scott/bin/structural_dynamics_model/prolog/testsets/credible_cooperator_kernel_flat_control.pl:231
Warning:    Current predicate: narrative_ontology:omega_variable/3
Warning:    Use :- discontiguous constraint_credible_cooperator_kernel_flat_control:omega_variable/5. to suppress this message
Warning: /home/scott/bin/structural_dynamics_model/prolog/testsets/crypto_permissionless_reading.pl:242:
Warning:    Clauses of constraint_crypto_permissionless_reading:omega_variable/5 are not together in the source-file
Warning:    Earlier definition at /home/scott/bin/structural_dynamics_model/prolog/testsets/crypto_permissionless_reading.pl:232
Warning:    Current predicate: narrative_ontology:omega_variable/3
Warning:    Use :- discontiguous constraint_crypto_permissionless_reading:omega_variable/5. to suppress this message
Warning: /home/scott/bin/structural_dynamics_model/prolog/testsets/crypto_permissionless_reading.pl:252:
Warning:    Clauses of constraint_crypto_permissionless_reading:omega_variable/5 are not together in the source-file
Warning:    Earlier definition at /home/scott/bin/structural_dynamics_model/prolog/testsets/crypto_permissionless_reading.pl:232
Warning:    Current predicate: narrative_ontology:omega_variable/3
Warning:    Use :- discontiguous constraint_crypto_permissionless_reading:omega_variable/5. to suppress this message
Warning: /home/scott/bin/structural_dynamics_model/prolog/testsets/dataset_recycling_amplification.pl:206:
Warning:    Clauses of constraint_dataset_recycling_amplification:omega_variable/5 are not together in the source-file
Warning:    Earlier definition at /home/scott/bin/structural_dynamics_model/prolog/testsets/dataset_recycling_amplification.pl:196
Warning:    Current predicate: narrative_ontology:omega_variable/3
Warning:    Use :- discontiguous constraint_dataset_recycling_amplification:omega_variable/5. to suppress this message
Warning: /home/scott/bin/structural_dynamics_model/prolog/testsets/dataset_recycling_amplification.pl:216:
Warning:    Clauses of constraint_dataset_recycling_amplification:omega_variable/5 are not together in the source-file
Warning:    Earlier definition at /home/scott/bin/structural_dynamics_model/prolog/testsets/dataset_recycling_amplification.pl:196
Warning:    Current predicate: narrative_ontology:omega_variable/3
Warning:    Use :- discontiguous constraint_dataset_recycling_amplification:omega_variable/5. to suppress this message
Warning: /home/scott/bin/structural_dynamics_model/prolog/testsets/dataset_recycling_amplification.pl:226:
Warning:    Clauses of constraint_dataset_recycling_amplification:omega_variable/5 are not together in the source-file
Warning:    Earlier definition at /home/scott/bin/structural_dynamics_model/prolog/testsets/dataset_recycling_amplification.pl:196
Warning:    Current predicate: narrative_ontology:omega_variable/3
Warning:    Use :- discontiguous constraint_dataset_recycling_amplification:omega_variable/5. to suppress this message
Warning: /home/scott/bin/structural_dynamics_model/prolog/testsets/deferred_consent_reading.pl:258:
Warning:    Clauses of constraint_deferred_consent_reading:omega_variable/5 are not together in the source-file
Warning:    Earlier definition at /home/scott/bin/structural_dynamics_model/prolog/testsets/deferred_consent_reading.pl:248
Warning:    Current predicate: narrative_ontology:omega_variable/3
Warning:    Use :- discontiguous constraint_deferred_consent_reading:omega_variable/5. to suppress this message
Warning: /home/scott/bin/structural_dynamics_model/prolog/testsets/deferred_consent_reading.pl:268:
Warning:    Clauses of constraint_deferred_consent_reading:omega_variable/5 are not together in the source-file
Warning:    Earlier definition at /home/scott/bin/structural_dynamics_model/prolog/testsets/deferred_consent_reading.pl:248
Warning:    Current predicate: narrative_ontology:omega_variable/3
Warning:    Use :- discontiguous constraint_deferred_consent_reading:omega_variable/5. to suppress this message
Warning: /home/scott/bin/structural_dynamics_model/prolog/testsets/deflationary_reading.pl:259:
Warning:    Clauses of constraint_deflationary_reading:omega_variable/5 are not together in the source-file
Warning:    Earlier definition at /home/scott/bin/structural_dynamics_model/prolog/testsets/deflationary_reading.pl:249
Warning:    Current predicate: narrative_ontology:omega_variable/3
Warning:    Use :- discontiguous constraint_deflationary_reading:omega_variable/5. to suppress this message
Warning: /home/scott/bin/structural_dynamics_model/prolog/testsets/deflationary_reading.pl:269:
Warning:    Clauses of constraint_deflationary_reading:omega_variable/5 are not together in the source-file
Warning:    Earlier definition at /home/scott/bin/structural_dynamics_model/prolog/testsets/deflationary_reading.pl:249
Warning:    Current predicate: narrative_ontology:omega_variable/3
Warning:    Use :- discontiguous constraint_deflationary_reading:omega_variable/5. to suppress this message
Warning: /home/scott/bin/structural_dynamics_model/prolog/testsets/demographic_resource_allocation.pl:265:
Warning:    Clauses of constraint_demographic_resource_allocation:omega_variable/5 are not together in the source-file
Warning:    Earlier definition at /home/scott/bin/structural_dynamics_model/prolog/testsets/demographic_resource_allocation.pl:255
Warning:    Current predicate: narrative_ontology:omega_variable/3
Warning:    Use :- discontiguous constraint_demographic_resource_allocation:omega_variable/5. to suppress this message
Warning: /home/scott/bin/structural_dynamics_model/prolog/testsets/demographic_resource_allocation.pl:275:
Warning:    Clauses of constraint_demographic_resource_allocation:omega_variable/5 are not together in the source-file
Warning:    Earlier definition at /home/scott/bin/structural_dynamics_model/prolog/testsets/demographic_resource_allocation.pl:255
Warning:    Current predicate: narrative_ontology:omega_variable/3
Warning:    Use :- discontiguous constraint_demographic_resource_allocation:omega_variable/5. to suppress this message
Warning: /home/scott/bin/structural_dynamics_model/prolog/testsets/demographic_resource_allocation.pl:285:
Warning:    Clauses of constraint_demographic_resource_allocation:omega_variable/5 are not together in the source-file
Warning:    Earlier definition at /home/scott/bin/structural_dynamics_model/prolog/testsets/demographic_resource_allocation.pl:255
Warning:    Current predicate: narrative_ontology:omega_variable/3
Warning:    Use :- discontiguous constraint_demographic_resource_allocation:omega_variable/5. to suppress this message
Warning: /home/scott/bin/structural_dynamics_model/prolog/testsets/demographic_skill_mismatch_c0.pl:247:
Warning:    Clauses of constraint_demographic_skill_mismatch_c0:omega_variable/5 are not together in the source-file
Warning:    Earlier definition at /home/scott/bin/structural_dynamics_model/prolog/testsets/demographic_skill_mismatch_c0.pl:237
Warning:    Current predicate: narrative_ontology:omega_variable/3
Warning:    Use :- discontiguous constraint_demographic_skill_mismatch_c0:omega_variable/5. to suppress this message
Warning: /home/scott/bin/structural_dynamics_model/prolog/testsets/demographic_skill_mismatch_c0.pl:257:
Warning:    Clauses of constraint_demographic_skill_mismatch_c0:omega_variable/5 are not together in the source-file
Warning:    Earlier definition at /home/scott/bin/structural_dynamics_model/prolog/testsets/demographic_skill_mismatch_c0.pl:237
Warning:    Current predicate: narrative_ontology:omega_variable/3
Warning:    Use :- discontiguous constraint_demographic_skill_mismatch_c0:omega_variable/5. to suppress this message
Warning: /home/scott/bin/structural_dynamics_model/prolog/testsets/developmental_harm_reading.pl:259:
Warning:    Clauses of constraint_developmental_harm_reading:omega_variable/5 are not together in the source-file
Warning:    Earlier definition at /home/scott/bin/structural_dynamics_model/prolog/testsets/developmental_harm_reading.pl:249
Warning:    Current predicate: narrative_ontology:omega_variable/3
Warning:    Use :- discontiguous constraint_developmental_harm_reading:omega_variable/5. to suppress this message
Warning: /home/scott/bin/structural_dynamics_model/prolog/testsets/developmental_harm_reading.pl:269:
Warning:    Clauses of constraint_developmental_harm_reading:omega_variable/5 are not together in the source-file
Warning:    Earlier definition at /home/scott/bin/structural_dynamics_model/prolog/testsets/developmental_harm_reading.pl:249
Warning:    Current predicate: narrative_ontology:omega_variable/3
Warning:    Use :- discontiguous constraint_developmental_harm_reading:omega_variable/5. to suppress this message
Warning: /home/scott/bin/structural_dynamics_model/prolog/testsets/digital_money_legitimacy_flat_control.pl:244:
Warning:    Clauses of constraint_digital_money_legitimacy_flat_control:omega_variable/5 are not together in the source-file
Warning:    Earlier definition at /home/scott/bin/structural_dynamics_model/prolog/testsets/digital_money_legitimacy_flat_control.pl:234
Warning:    Current predicate: narrative_ontology:omega_variable/3
Warning:    Use :- discontiguous constraint_digital_money_legitimacy_flat_control:omega_variable/5. to suppress this message
Warning: /home/scott/bin/structural_dynamics_model/prolog/testsets/digital_money_legitimacy_flat_control.pl:254:
Warning:    Clauses of constraint_digital_money_legitimacy_flat_control:omega_variable/5 are not together in the source-file
Warning:    Earlier definition at /home/scott/bin/structural_dynamics_model/prolog/testsets/digital_money_legitimacy_flat_control.pl:234
Warning:    Current predicate: narrative_ontology:omega_variable/3
Warning:    Use :- discontiguous constraint_digital_money_legitimacy_flat_control:omega_variable/5. to suppress this message
Warning: /home/scott/bin/structural_dynamics_model/prolog/testsets/digital_money_legitimacy_flat_control.pl:264:
Warning:    Clauses of constraint_digital_money_legitimacy_flat_control:omega_variable/5 are not together in the source-file
Warning:    Earlier definition at /home/scott/bin/structural_dynamics_model/prolog/testsets/digital_money_legitimacy_flat_control.pl:234
Warning:    Current predicate: narrative_ontology:omega_variable/3
Warning:    Use :- discontiguous constraint_digital_money_legitimacy_flat_control:omega_variable/5. to suppress this message
Warning: /home/scott/bin/structural_dynamics_model/prolog/testsets/disciplined_self_distrust_as_inherited_suppression.pl:231:
Warning:    Clauses of constraint_disciplined_self_distrust_as_inherited_suppression:omega_variable/5 are not together in the source-file
Warning:    Earlier definition at /home/scott/bin/structural_dynamics_model/prolog/testsets/disciplined_self_distrust_as_inherited_suppression.pl:221
Warning:    Current predicate: narrative_ontology:omega_variable/3
Warning:    Use :- discontiguous constraint_disciplined_self_distrust_as_inherited_suppression:omega_variable/5. to suppress this message
Warning: /home/scott/bin/structural_dynamics_model/prolog/testsets/disciplined_self_distrust_as_inherited_suppression.pl:241:
Warning:    Clauses of constraint_disciplined_self_distrust_as_inherited_suppression:omega_variable/5 are not together in the source-file
Warning:    Earlier definition at /home/scott/bin/structural_dynamics_model/prolog/testsets/disciplined_self_distrust_as_inherited_suppression.pl:221
Warning:    Current predicate: narrative_ontology:omega_variable/3
Warning:    Use :- discontiguous constraint_disciplined_self_distrust_as_inherited_suppression:omega_variable/5. to suppress this message
Warning: /home/scott/bin/structural_dynamics_model/prolog/testsets/dispositional_reading.pl:251:
Warning:    Clauses of constraint_dispositional_reading:omega_variable/5 are not together in the source-file
Warning:    Earlier definition at /home/scott/bin/structural_dynamics_model/prolog/testsets/dispositional_reading.pl:241
Warning:    Current predicate: narrative_ontology:omega_variable/3
Warning:    Use :- discontiguous constraint_dispositional_reading:omega_variable/5. to suppress this message
Warning: /home/scott/bin/structural_dynamics_model/prolog/testsets/dispositional_reading.pl:261:
Warning:    Clauses of constraint_dispositional_reading:omega_variable/5 are not together in the source-file
Warning:    Earlier definition at /home/scott/bin/structural_dynamics_model/prolog/testsets/dispositional_reading.pl:241
Warning:    Current predicate: narrative_ontology:omega_variable/3
Warning:    Use :- discontiguous constraint_dispositional_reading:omega_variable/5. to suppress this message
Warning: /home/scott/bin/structural_dynamics_model/prolog/testsets/distributed_verification.pl:269:
Warning:    Clauses of constraint_distributed_verification:omega_variable/5 are not together in the source-file
Warning:    Earlier definition at /home/scott/bin/structural_dynamics_model/prolog/testsets/distributed_verification.pl:259
Warning:    Current predicate: narrative_ontology:omega_variable/3
Warning:    Use :- discontiguous constraint_distributed_verification:omega_variable/5. to suppress this message
Warning: /home/scott/bin/structural_dynamics_model/prolog/testsets/distributed_verification.pl:279:
Warning:    Clauses of constraint_distributed_verification:omega_variable/5 are not together in the source-file
Warning:    Earlier definition at /home/scott/bin/structural_dynamics_model/prolog/testsets/distributed_verification.pl:259
Warning:    Current predicate: narrative_ontology:omega_variable/3
Warning:    Use :- discontiguous constraint_distributed_verification:omega_variable/5. to suppress this message
Warning: /home/scott/bin/structural_dynamics_model/prolog/testsets/distributed_verification.pl:289:
Warning:    Clauses of constraint_distributed_verification:omega_variable/5 are not together in the source-file
Warning:    Earlier definition at /home/scott/bin/structural_dynamics_model/prolog/testsets/distributed_verification.pl:259
Warning:    Current predicate: narrative_ontology:omega_variable/3
Warning:    Use :- discontiguous constraint_distributed_verification:omega_variable/5. to suppress this message
Warning: /home/scott/bin/structural_dynamics_model/prolog/testsets/divine_legitimacy_substrate__folk_syncretistic_reading.pl:195:
Warning:    Clauses of constraint_divine_legitimacy_substrate__folk_syncretistic_reading:omega_variable/5 are not together in the source-file
Warning:    Earlier definition at /home/scott/bin/structural_dynamics_model/prolog/testsets/divine_legitimacy_substrate__folk_syncretistic_reading.pl:185
Warning:    Current predicate: narrative_ontology:omega_variable/3
Warning:    Use :- discontiguous constraint_divine_legitimacy_substrate__folk_syncretistic_reading:omega_variable/5. to suppress this message
Warning: /home/scott/bin/structural_dynamics_model/prolog/testsets/divine_legitimacy_substrate__folk_syncretistic_reading.pl:205:
Warning:    Clauses of constraint_divine_legitimacy_substrate__folk_syncretistic_reading:omega_variable/5 are not together in the source-file
Warning:    Earlier definition at /home/scott/bin/structural_dynamics_model/prolog/testsets/divine_legitimacy_substrate__folk_syncretistic_reading.pl:185
Warning:    Current predicate: narrative_ontology:omega_variable/3
Warning:    Use :- discontiguous constraint_divine_legitimacy_substrate__folk_syncretistic_reading:omega_variable/5. to suppress this message
Warning: /home/scott/bin/structural_dynamics_model/prolog/testsets/divine_legitimacy_substrate__folk_syncretistic_reading.pl:215:
Warning:    Clauses of constraint_divine_legitimacy_substrate__folk_syncretistic_reading:omega_variable/5 are not together in the source-file
Warning:    Earlier definition at /home/scott/bin/structural_dynamics_model/prolog/testsets/divine_legitimacy_substrate__folk_syncretistic_reading.pl:185
Warning:    Current predicate: narrative_ontology:omega_variable/3
Warning:    Use :- discontiguous constraint_divine_legitimacy_substrate__folk_syncretistic_reading:omega_variable/5. to suppress this message
Warning: /home/scott/bin/structural_dynamics_model/prolog/testsets/domestic_currency_vs_external_settlement_seam.pl:271:
Warning:    Clauses of constraint_domestic_currency_vs_external_settlement_seam:omega_variable/5 are not together in the source-file
Warning:    Earlier definition at /home/scott/bin/structural_dynamics_model/prolog/testsets/domestic_currency_vs_external_settlement_seam.pl:261
Warning:    Current predicate: narrative_ontology:omega_variable/3
Warning:    Use :- discontiguous constraint_domestic_currency_vs_external_settlement_seam:omega_variable/5. to suppress this message
Warning: /home/scott/bin/structural_dynamics_model/prolog/testsets/domestic_currency_vs_external_settlement_seam.pl:281:
Warning:    Clauses of constraint_domestic_currency_vs_external_settlement_seam:omega_variable/5 are not together in the source-file
Warning:    Earlier definition at /home/scott/bin/structural_dynamics_model/prolog/testsets/domestic_currency_vs_external_settlement_seam.pl:261
Warning:    Current predicate: narrative_ontology:omega_variable/3
Warning:    Use :- discontiguous constraint_domestic_currency_vs_external_settlement_seam:omega_variable/5. to suppress this message
Warning: /home/scott/bin/structural_dynamics_model/prolog/testsets/doomsday_clock_metric__hybrid_legitimacy_reading.pl:227:
Warning:    Clauses of constraint_doomsday_clock_metric__hybrid_legitimacy_reading:omega_variable/5 are not together in the source-file
Warning:    Earlier definition at /home/scott/bin/structural_dynamics_model/prolog/testsets/doomsday_clock_metric__hybrid_legitimacy_reading.pl:217
Warning:    Current predicate: narrative_ontology:omega_variable/3
Warning:    Use :- discontiguous constraint_doomsday_clock_metric__hybrid_legitimacy_reading:omega_variable/5. to suppress this message
Warning: /home/scott/bin/structural_dynamics_model/prolog/testsets/doomsday_clock_metric__hybrid_legitimacy_reading.pl:237:
Warning:    Clauses of constraint_doomsday_clock_metric__hybrid_legitimacy_reading:omega_variable/5 are not together in the source-file
Warning:    Earlier definition at /home/scott/bin/structural_dynamics_model/prolog/testsets/doomsday_clock_metric__hybrid_legitimacy_reading.pl:217
Warning:    Current predicate: narrative_ontology:omega_variable/3
Warning:    Use :- discontiguous constraint_doomsday_clock_metric__hybrid_legitimacy_reading:omega_variable/5. to suppress this message
Warning: /home/scott/bin/structural_dynamics_model/prolog/testsets/drift_reading.pl:256:
Warning:    Clauses of constraint_drift_reading:omega_variable/5 are not together in the source-file
Warning:    Earlier definition at /home/scott/bin/structural_dynamics_model/prolog/testsets/drift_reading.pl:246
Warning:    Current predicate: narrative_ontology:omega_variable/3
Warning:    Use :- discontiguous constraint_drift_reading:omega_variable/5. to suppress this message
Warning: /home/scott/bin/structural_dynamics_model/prolog/testsets/drift_reading.pl:266:
Warning:    Clauses of constraint_drift_reading:omega_variable/5 are not together in the source-file
Warning:    Earlier definition at /home/scott/bin/structural_dynamics_model/prolog/testsets/drift_reading.pl:246
Warning:    Current predicate: narrative_ontology:omega_variable/3
Warning:    Use :- discontiguous constraint_drift_reading:omega_variable/5. to suppress this message
Warning: /home/scott/bin/structural_dynamics_model/prolog/testsets/dueling_disappearance_mechanism__overdetermined_composite_reading.pl:266:
Warning:    Clauses of constraint_dueling_disappearance_mechanism__overdetermined_composite_reading:omega_variable/5 are not together in the source-file
Warning:    Earlier definition at /home/scott/bin/structural_dynamics_model/prolog/testsets/dueling_disappearance_mechanism__overdetermined_composite_reading.pl:256
Warning:    Current predicate: narrative_ontology:omega_variable/3
Warning:    Use :- discontiguous constraint_dueling_disappearance_mechanism__overdetermined_composite_reading:omega_variable/5. to suppress this message
Warning: /home/scott/bin/structural_dynamics_model/prolog/testsets/dueling_disappearance_mechanism__overdetermined_composite_reading.pl:276:
Warning:    Clauses of constraint_dueling_disappearance_mechanism__overdetermined_composite_reading:omega_variable/5 are not together in the source-file
Warning:    Earlier definition at /home/scott/bin/structural_dynamics_model/prolog/testsets/dueling_disappearance_mechanism__overdetermined_composite_reading.pl:256
Warning:    Current predicate: narrative_ontology:omega_variable/3
Warning:    Use :- discontiguous constraint_dueling_disappearance_mechanism__overdetermined_composite_reading:omega_variable/5. to suppress this message
Warning: /home/scott/bin/structural_dynamics_model/prolog/testsets/dueling_disappearance_mechanism__overdetermined_composite_reading.pl:286:
Warning:    Clauses of constraint_dueling_disappearance_mechanism__overdetermined_composite_reading:omega_variable/5 are not together in the source-file
Warning:    Earlier definition at /home/scott/bin/structural_dynamics_model/prolog/testsets/dueling_disappearance_mechanism__overdetermined_composite_reading.pl:256
Warning:    Current predicate: narrative_ontology:omega_variable/3
Warning:    Use :- discontiguous constraint_dueling_disappearance_mechanism__overdetermined_composite_reading:omega_variable/5. to suppress this message
Warning: /home/scott/bin/structural_dynamics_model/prolog/testsets/dueling_disappearance_mechanism__overdetermined_composite_reading.pl:296:
Warning:    Clauses of constraint_dueling_disappearance_mechanism__overdetermined_composite_reading:omega_variable/5 are not together in the source-file
Warning:    Earlier definition at /home/scott/bin/structural_dynamics_model/prolog/testsets/dueling_disappearance_mechanism__overdetermined_composite_reading.pl:256
Warning:    Current predicate: narrative_ontology:omega_variable/3
Warning:    Use :- discontiguous constraint_dueling_disappearance_mechanism__overdetermined_composite_reading:omega_variable/5. to suppress this message
Warning: /home/scott/bin/structural_dynamics_model/prolog/testsets/dueling_disappearance_mechanism__overdetermined_composite_reading.pl:306:
Warning:    Clauses of constraint_dueling_disappearance_mechanism__overdetermined_composite_reading:omega_variable/5 are not together in the source-file
Warning:    Earlier definition at /home/scott/bin/structural_dynamics_model/prolog/testsets/dueling_disappearance_mechanism__overdetermined_composite_reading.pl:256
Warning:    Current predicate: narrative_ontology:omega_variable/3
Warning:    Use :- discontiguous constraint_dueling_disappearance_mechanism__overdetermined_composite_reading:omega_variable/5. to suppress this message
Warning: /home/scott/bin/structural_dynamics_model/prolog/testsets/emotivism_as_diagnosis_vs_practice.pl:231:
Warning:    Clauses of constraint_emotivism_as_diagnosis_vs_practice:omega_variable/5 are not together in the source-file
Warning:    Earlier definition at /home/scott/bin/structural_dynamics_model/prolog/testsets/emotivism_as_diagnosis_vs_practice.pl:221
Warning:    Current predicate: narrative_ontology:omega_variable/3
Warning:    Use :- discontiguous constraint_emotivism_as_diagnosis_vs_practice:omega_variable/5. to suppress this message
Warning: /home/scott/bin/structural_dynamics_model/prolog/testsets/emotivism_as_diagnosis_vs_practice.pl:241:
Warning:    Clauses of constraint_emotivism_as_diagnosis_vs_practice:omega_variable/5 are not together in the source-file
Warning:    Earlier definition at /home/scott/bin/structural_dynamics_model/prolog/testsets/emotivism_as_diagnosis_vs_practice.pl:221
Warning:    Current predicate: narrative_ontology:omega_variable/3
Warning:    Use :- discontiguous constraint_emotivism_as_diagnosis_vs_practice:omega_variable/5. to suppress this message
Warning: /home/scott/bin/structural_dynamics_model/prolog/testsets/empathy_simulation_reading.pl:251:
Warning:    Clauses of constraint_empathy_simulation_reading:omega_variable/5 are not together in the source-file
Warning:    Earlier definition at /home/scott/bin/structural_dynamics_model/prolog/testsets/empathy_simulation_reading.pl:241
Warning:    Current predicate: narrative_ontology:omega_variable/3
Warning:    Use :- discontiguous constraint_empathy_simulation_reading:omega_variable/5. to suppress this message
Warning: /home/scott/bin/structural_dynamics_model/prolog/testsets/empathy_simulation_reading.pl:261:
Warning:    Clauses of constraint_empathy_simulation_reading:omega_variable/5 are not together in the source-file
Warning:    Earlier definition at /home/scott/bin/structural_dynamics_model/prolog/testsets/empathy_simulation_reading.pl:241
Warning:    Current predicate: narrative_ontology:omega_variable/3
Warning:    Use :- discontiguous constraint_empathy_simulation_reading:omega_variable/5. to suppress this message
Warning: /home/scott/bin/structural_dynamics_model/prolog/testsets/empirical_precedent_reading.pl:268:
Warning:    Clauses of constraint_empirical_precedent_reading:omega_variable/5 are not together in the source-file
Warning:    Earlier definition at /home/scott/bin/structural_dynamics_model/prolog/testsets/empirical_precedent_reading.pl:258
Warning:    Current predicate: narrative_ontology:omega_variable/3
Warning:    Use :- discontiguous constraint_empirical_precedent_reading:omega_variable/5. to suppress this message
Warning: /home/scott/bin/structural_dynamics_model/prolog/testsets/empirical_precedent_reading.pl:278:
Warning:    Clauses of constraint_empirical_precedent_reading:omega_variable/5 are not together in the source-file
Warning:    Earlier definition at /home/scott/bin/structural_dynamics_model/prolog/testsets/empirical_precedent_reading.pl:258
Warning:    Current predicate: narrative_ontology:omega_variable/3
Warning:    Use :- discontiguous constraint_empirical_precedent_reading:omega_variable/5. to suppress this message
Warning: /home/scott/bin/structural_dynamics_model/prolog/testsets/empty_shell_tolerance.pl:218:
Warning:    Clauses of constraint_empty_shell_tolerance:omega_variable/5 are not together in the source-file
Warning:    Earlier definition at /home/scott/bin/structural_dynamics_model/prolog/testsets/empty_shell_tolerance.pl:208
Warning:    Current predicate: narrative_ontology:omega_variable/3
Warning:    Use :- discontiguous constraint_empty_shell_tolerance:omega_variable/5. to suppress this message
Warning: /home/scott/bin/structural_dynamics_model/prolog/testsets/empty_shell_tolerance.pl:228:
Warning:    Clauses of constraint_empty_shell_tolerance:omega_variable/5 are not together in the source-file
Warning:    Earlier definition at /home/scott/bin/structural_dynamics_model/prolog/testsets/empty_shell_tolerance.pl:208
Warning:    Current predicate: narrative_ontology:omega_variable/3
Warning:    Use :- discontiguous constraint_empty_shell_tolerance:omega_variable/5. to suppress this message
Warning: /home/scott/bin/structural_dynamics_model/prolog/testsets/epistemic_collapse.pl:256:
Warning:    Clauses of constraint_epistemic_collapse:omega_variable/5 are not together in the source-file
Warning:    Earlier definition at /home/scott/bin/structural_dynamics_model/prolog/testsets/epistemic_collapse.pl:246
Warning:    Current predicate: narrative_ontology:omega_variable/3
Warning:    Use :- discontiguous constraint_epistemic_collapse:omega_variable/5. to suppress this message
Warning: /home/scott/bin/structural_dynamics_model/prolog/testsets/epistemic_collapse.pl:266:
Warning:    Clauses of constraint_epistemic_collapse:omega_variable/5 are not together in the source-file
Warning:    Earlier definition at /home/scott/bin/structural_dynamics_model/prolog/testsets/epistemic_collapse.pl:246
Warning:    Current predicate: narrative_ontology:omega_variable/3
Warning:    Use :- discontiguous constraint_epistemic_collapse:omega_variable/5. to suppress this message
Warning: /home/scott/bin/structural_dynamics_model/prolog/testsets/epistemic_collapse.pl:276:
Warning:    Clauses of constraint_epistemic_collapse:omega_variable/5 are not together in the source-file
Warning:    Earlier definition at /home/scott/bin/structural_dynamics_model/prolog/testsets/epistemic_collapse.pl:246
Warning:    Current predicate: narrative_ontology:omega_variable/3
Warning:    Use :- discontiguous constraint_epistemic_collapse:omega_variable/5. to suppress this message
Warning: /home/scott/bin/structural_dynamics_model/prolog/testsets/epistemic_inadmissibility_of_tacit_expertise.pl:228:
Warning:    Clauses of constraint_epistemic_inadmissibility_of_tacit_expertise:omega_variable/5 are not together in the source-file
Warning:    Earlier definition at /home/scott/bin/structural_dynamics_model/prolog/testsets/epistemic_inadmissibility_of_tacit_expertise.pl:218
Warning:    Current predicate: narrative_ontology:omega_variable/3
Warning:    Use :- discontiguous constraint_epistemic_inadmissibility_of_tacit_expertise:omega_variable/5. to suppress this message
Warning: /home/scott/bin/structural_dynamics_model/prolog/testsets/epsilon_substrate_dependency.pl:261:
Warning:    Clauses of constraint_epsilon_substrate_dependency:omega_variable/5 are not together in the source-file
Warning:    Earlier definition at /home/scott/bin/structural_dynamics_model/prolog/testsets/epsilon_substrate_dependency.pl:251
Warning:    Current predicate: narrative_ontology:omega_variable/3
Warning:    Use :- discontiguous constraint_epsilon_substrate_dependency:omega_variable/5. to suppress this message
Warning: /home/scott/bin/structural_dynamics_model/prolog/testsets/epsilon_substrate_dependency.pl:271:
Warning:    Clauses of constraint_epsilon_substrate_dependency:omega_variable/5 are not together in the source-file
Warning:    Earlier definition at /home/scott/bin/structural_dynamics_model/prolog/testsets/epsilon_substrate_dependency.pl:251
Warning:    Current predicate: narrative_ontology:omega_variable/3
Warning:    Use :- discontiguous constraint_epsilon_substrate_dependency:omega_variable/5. to suppress this message
Warning: /home/scott/bin/structural_dynamics_model/prolog/testsets/epsilon_substrate_dependency.pl:281:
Warning:    Clauses of constraint_epsilon_substrate_dependency:omega_variable/5 are not together in the source-file
Warning:    Earlier definition at /home/scott/bin/structural_dynamics_model/prolog/testsets/epsilon_substrate_dependency.pl:251
Warning:    Current predicate: narrative_ontology:omega_variable/3
Warning:    Use :- discontiguous constraint_epsilon_substrate_dependency:omega_variable/5. to suppress this message
Warning: /home/scott/bin/structural_dynamics_model/prolog/testsets/equal_protection_kernel__colorblind_reading.pl:204:
Warning:    Clauses of constraint_equal_protection_kernel__colorblind_reading:omega_variable/5 are not together in the source-file
Warning:    Earlier definition at /home/scott/bin/structural_dynamics_model/prolog/testsets/equal_protection_kernel__colorblind_reading.pl:194
Warning:    Current predicate: narrative_ontology:omega_variable/3
Warning:    Use :- discontiguous constraint_equal_protection_kernel__colorblind_reading:omega_variable/5. to suppress this message
Warning: /home/scott/bin/structural_dynamics_model/prolog/testsets/equal_protection_kernel__colorblind_reading.pl:214:
Warning:    Clauses of constraint_equal_protection_kernel__colorblind_reading:omega_variable/5 are not together in the source-file
Warning:    Earlier definition at /home/scott/bin/structural_dynamics_model/prolog/testsets/equal_protection_kernel__colorblind_reading.pl:194
Warning:    Current predicate: narrative_ontology:omega_variable/3
Warning:    Use :- discontiguous constraint_equal_protection_kernel__colorblind_reading:omega_variable/5. to suppress this message
Warning: /home/scott/bin/structural_dynamics_model/prolog/testsets/equal_protection_kernel__colorblind_reading.pl:224:
Warning:    Clauses of constraint_equal_protection_kernel__colorblind_reading:omega_variable/5 are not together in the source-file
Warning:    Earlier definition at /home/scott/bin/structural_dynamics_model/prolog/testsets/equal_protection_kernel__colorblind_reading.pl:194
Warning:    Current predicate: narrative_ontology:omega_variable/3
Warning:    Use :- discontiguous constraint_equal_protection_kernel__colorblind_reading:omega_variable/5. to suppress this message
Warning: /home/scott/bin/structural_dynamics_model/prolog/testsets/evaluator_incentive_asymmetry.pl:236:
Warning:    Clauses of constraint_evaluator_incentive_asymmetry:omega_variable/5 are not together in the source-file
Warning:    Earlier definition at /home/scott/bin/structural_dynamics_model/prolog/testsets/evaluator_incentive_asymmetry.pl:226
Warning:    Current predicate: narrative_ontology:omega_variable/3
Warning:    Use :- discontiguous constraint_evaluator_incentive_asymmetry:omega_variable/5. to suppress this message
Warning: /home/scott/bin/structural_dynamics_model/prolog/testsets/evaluator_incentive_asymmetry.pl:246:
Warning:    Clauses of constraint_evaluator_incentive_asymmetry:omega_variable/5 are not together in the source-file
Warning:    Earlier definition at /home/scott/bin/structural_dynamics_model/prolog/testsets/evaluator_incentive_asymmetry.pl:226
Warning:    Current predicate: narrative_ontology:omega_variable/3
Warning:    Use :- discontiguous constraint_evaluator_incentive_asymmetry:omega_variable/5. to suppress this message
Warning: /home/scott/bin/structural_dynamics_model/prolog/testsets/exile_reading.pl:255:
Warning:    Clauses of constraint_exile_reading:omega_variable/5 are not together in the source-file
Warning:    Earlier definition at /home/scott/bin/structural_dynamics_model/prolog/testsets/exile_reading.pl:245
Warning:    Current predicate: narrative_ontology:omega_variable/3
Warning:    Use :- discontiguous constraint_exile_reading:omega_variable/5. to suppress this message
Warning: /home/scott/bin/structural_dynamics_model/prolog/testsets/exile_reading.pl:265:
Warning:    Clauses of constraint_exile_reading:omega_variable/5 are not together in the source-file
Warning:    Earlier definition at /home/scott/bin/structural_dynamics_model/prolog/testsets/exile_reading.pl:245
Warning:    Current predicate: narrative_ontology:omega_variable/3
Warning:    Use :- discontiguous constraint_exile_reading:omega_variable/5. to suppress this message
Warning: /home/scott/bin/structural_dynamics_model/prolog/testsets/exit_option_reading.pl:248:
Warning:    Clauses of constraint_exit_option_reading:omega_variable/5 are not together in the source-file
Warning:    Earlier definition at /home/scott/bin/structural_dynamics_model/prolog/testsets/exit_option_reading.pl:238
Warning:    Current predicate: narrative_ontology:omega_variable/3
Warning:    Use :- discontiguous constraint_exit_option_reading:omega_variable/5. to suppress this message
Warning: /home/scott/bin/structural_dynamics_model/prolog/testsets/exit_option_reading.pl:258:
Warning:    Clauses of constraint_exit_option_reading:omega_variable/5 are not together in the source-file
Warning:    Earlier definition at /home/scott/bin/structural_dynamics_model/prolog/testsets/exit_option_reading.pl:238
Warning:    Current predicate: narrative_ontology:omega_variable/3
Warning:    Use :- discontiguous constraint_exit_option_reading:omega_variable/5. to suppress this message
Warning: /home/scott/bin/structural_dynamics_model/prolog/testsets/exit_suppression_mechanism.pl:269:
Warning:    Clauses of constraint_exit_suppression_mechanism:omega_variable/5 are not together in the source-file
Warning:    Earlier definition at /home/scott/bin/structural_dynamics_model/prolog/testsets/exit_suppression_mechanism.pl:259
Warning:    Current predicate: narrative_ontology:omega_variable/3
Warning:    Use :- discontiguous constraint_exit_suppression_mechanism:omega_variable/5. to suppress this message
Warning: /home/scott/bin/structural_dynamics_model/prolog/testsets/exit_suppression_mechanism.pl:279:
Warning:    Clauses of constraint_exit_suppression_mechanism:omega_variable/5 are not together in the source-file
Warning:    Earlier definition at /home/scott/bin/structural_dynamics_model/prolog/testsets/exit_suppression_mechanism.pl:259
Warning:    Current predicate: narrative_ontology:omega_variable/3
Warning:    Use :- discontiguous constraint_exit_suppression_mechanism:omega_variable/5. to suppress this message
Warning: /home/scott/bin/structural_dynamics_model/prolog/testsets/exit_suppression_mechanism.pl:289:
Warning:    Clauses of constraint_exit_suppression_mechanism:omega_variable/5 are not together in the source-file
Warning:    Earlier definition at /home/scott/bin/structural_dynamics_model/prolog/testsets/exit_suppression_mechanism.pl:259
Warning:    Current predicate: narrative_ontology:omega_variable/3
Warning:    Use :- discontiguous constraint_exit_suppression_mechanism:omega_variable/5. to suppress this message
Warning: /home/scott/bin/structural_dynamics_model/prolog/testsets/family_attention_reallocation.pl:240:
Warning:    Clauses of constraint_family_attention_reallocation:omega_variable/5 are not together in the source-file
Warning:    Earlier definition at /home/scott/bin/structural_dynamics_model/prolog/testsets/family_attention_reallocation.pl:230
Warning:    Current predicate: narrative_ontology:omega_variable/3
Warning:    Use :- discontiguous constraint_family_attention_reallocation:omega_variable/5. to suppress this message
Warning: /home/scott/bin/structural_dynamics_model/prolog/testsets/family_attention_reallocation.pl:250:
Warning:    Clauses of constraint_family_attention_reallocation:omega_variable/5 are not together in the source-file
Warning:    Earlier definition at /home/scott/bin/structural_dynamics_model/prolog/testsets/family_attention_reallocation.pl:230
Warning:    Current predicate: narrative_ontology:omega_variable/3
Warning:    Use :- discontiguous constraint_family_attention_reallocation:omega_variable/5. to suppress this message
Warning: /home/scott/bin/structural_dynamics_model/prolog/testsets/federation_membership__integration_reading.pl:275:
Warning:    Clauses of constraint_federation_membership__integration_reading:omega_variable/5 are not together in the source-file
Warning:    Earlier definition at /home/scott/bin/structural_dynamics_model/prolog/testsets/federation_membership__integration_reading.pl:265
Warning:    Current predicate: narrative_ontology:omega_variable/3
Warning:    Use :- discontiguous constraint_federation_membership__integration_reading:omega_variable/5. to suppress this message
Warning: /home/scott/bin/structural_dynamics_model/prolog/testsets/federation_membership__integration_reading.pl:285:
Warning:    Clauses of constraint_federation_membership__integration_reading:omega_variable/5 are not together in the source-file
Warning:    Earlier definition at /home/scott/bin/structural_dynamics_model/prolog/testsets/federation_membership__integration_reading.pl:265
Warning:    Current predicate: narrative_ontology:omega_variable/3
Warning:    Use :- discontiguous constraint_federation_membership__integration_reading:omega_variable/5. to suppress this message
Warning: /home/scott/bin/structural_dynamics_model/prolog/testsets/federation_membership__integration_reading.pl:295:
Warning:    Clauses of constraint_federation_membership__integration_reading:omega_variable/5 are not together in the source-file
Warning:    Earlier definition at /home/scott/bin/structural_dynamics_model/prolog/testsets/federation_membership__integration_reading.pl:265
Warning:    Current predicate: narrative_ontology:omega_variable/3
Warning:    Use :- discontiguous constraint_federation_membership__integration_reading:omega_variable/5. to suppress this message
Warning: /home/scott/bin/structural_dynamics_model/prolog/testsets/federation_membership__sovereignty_reading.pl:259:
Warning:    Clauses of constraint_federation_membership__sovereignty_reading:omega_variable/5 are not together in the source-file
Warning:    Earlier definition at /home/scott/bin/structural_dynamics_model/prolog/testsets/federation_membership__sovereignty_reading.pl:249
Warning:    Current predicate: narrative_ontology:omega_variable/3
Warning:    Use :- discontiguous constraint_federation_membership__sovereignty_reading:omega_variable/5. to suppress this message
Warning: /home/scott/bin/structural_dynamics_model/prolog/testsets/federation_membership__sovereignty_reading.pl:269:
Warning:    Clauses of constraint_federation_membership__sovereignty_reading:omega_variable/5 are not together in the source-file
Warning:    Earlier definition at /home/scott/bin/structural_dynamics_model/prolog/testsets/federation_membership__sovereignty_reading.pl:249
Warning:    Current predicate: narrative_ontology:omega_variable/3
Warning:    Use :- discontiguous constraint_federation_membership__sovereignty_reading:omega_variable/5. to suppress this message
Warning: /home/scott/bin/structural_dynamics_model/prolog/testsets/federation_membership__sovereignty_reading.pl:279:
Warning:    Clauses of constraint_federation_membership__sovereignty_reading:omega_variable/5 are not together in the source-file
Warning:    Earlier definition at /home/scott/bin/structural_dynamics_model/prolog/testsets/federation_membership__sovereignty_reading.pl:249
Warning:    Current predicate: narrative_ontology:omega_variable/3
Warning:    Use :- discontiguous constraint_federation_membership__sovereignty_reading:omega_variable/5. to suppress this message
Warning: /home/scott/bin/structural_dynamics_model/prolog/testsets/fetterley_transfer_kernel_flat_control.pl:238:
Warning:    Clauses of constraint_fetterley_transfer_kernel_flat_control:omega_variable/5 are not together in the source-file
Warning:    Earlier definition at /home/scott/bin/structural_dynamics_model/prolog/testsets/fetterley_transfer_kernel_flat_control.pl:228
Warning:    Current predicate: narrative_ontology:omega_variable/3
Warning:    Use :- discontiguous constraint_fetterley_transfer_kernel_flat_control:omega_variable/5. to suppress this message
Warning: /home/scott/bin/structural_dynamics_model/prolog/testsets/fetterley_transfer_kernel_flat_control.pl:248:
Warning:    Clauses of constraint_fetterley_transfer_kernel_flat_control:omega_variable/5 are not together in the source-file
Warning:    Earlier definition at /home/scott/bin/structural_dynamics_model/prolog/testsets/fetterley_transfer_kernel_flat_control.pl:228
Warning:    Current predicate: narrative_ontology:omega_variable/3
Warning:    Use :- discontiguous constraint_fetterley_transfer_kernel_flat_control:omega_variable/5. to suppress this message
Warning: /home/scott/bin/structural_dynamics_model/prolog/testsets/fiat_efficacy_kernel_flat_control.pl:233:
Warning:    Clauses of constraint_fiat_efficacy_kernel_flat_control:omega_variable/5 are not together in the source-file
Warning:    Earlier definition at /home/scott/bin/structural_dynamics_model/prolog/testsets/fiat_efficacy_kernel_flat_control.pl:223
Warning:    Current predicate: narrative_ontology:omega_variable/3
Warning:    Use :- discontiguous constraint_fiat_efficacy_kernel_flat_control:omega_variable/5. to suppress this message
Warning: /home/scott/bin/structural_dynamics_model/prolog/testsets/fiat_efficacy_kernel_flat_control.pl:243:
Warning:    Clauses of constraint_fiat_efficacy_kernel_flat_control:omega_variable/5 are not together in the source-file
Warning:    Earlier definition at /home/scott/bin/structural_dynamics_model/prolog/testsets/fiat_efficacy_kernel_flat_control.pl:223
Warning:    Current predicate: narrative_ontology:omega_variable/3
Warning:    Use :- discontiguous constraint_fiat_efficacy_kernel_flat_control:omega_variable/5. to suppress this message
Warning: /home/scott/bin/structural_dynamics_model/prolog/testsets/fictional_construct_reading.pl:227:
Warning:    Clauses of constraint_fictional_construct_reading:omega_variable/5 are not together in the source-file
Warning:    Earlier definition at /home/scott/bin/structural_dynamics_model/prolog/testsets/fictional_construct_reading.pl:217
Warning:    Current predicate: narrative_ontology:omega_variable/3
Warning:    Use :- discontiguous constraint_fictional_construct_reading:omega_variable/5. to suppress this message
Warning: /home/scott/bin/structural_dynamics_model/prolog/testsets/fictional_construct_reading.pl:237:
Warning:    Clauses of constraint_fictional_construct_reading:omega_variable/5 are not together in the source-file
Warning:    Earlier definition at /home/scott/bin/structural_dynamics_model/prolog/testsets/fictional_construct_reading.pl:217
Warning:    Current predicate: narrative_ontology:omega_variable/3
Warning:    Use :- discontiguous constraint_fictional_construct_reading:omega_variable/5. to suppress this message
Warning: /home/scott/bin/structural_dynamics_model/prolog/testsets/filter_reading.pl:256:
Warning:    Clauses of constraint_filter_reading:omega_variable/5 are not together in the source-file
Warning:    Earlier definition at /home/scott/bin/structural_dynamics_model/prolog/testsets/filter_reading.pl:246
Warning:    Current predicate: narrative_ontology:omega_variable/3
Warning:    Use :- discontiguous constraint_filter_reading:omega_variable/5. to suppress this message
Warning: /home/scott/bin/structural_dynamics_model/prolog/testsets/filter_reading.pl:266:
Warning:    Clauses of constraint_filter_reading:omega_variable/5 are not together in the source-file
Warning:    Earlier definition at /home/scott/bin/structural_dynamics_model/prolog/testsets/filter_reading.pl:246
Warning:    Current predicate: narrative_ontology:omega_variable/3
Warning:    Use :- discontiguous constraint_filter_reading:omega_variable/5. to suppress this message
Warning: /home/scott/bin/structural_dynamics_model/prolog/testsets/fourteenth_amendment_equal_protection__formal_equality_reading.pl:199:
Warning:    Clauses of constraint_fourteenth_amendment_equal_protection__formal_equality_reading:omega_variable/5 are not together in the source-file
Warning:    Earlier definition at /home/scott/bin/structural_dynamics_model/prolog/testsets/fourteenth_amendment_equal_protection__formal_equality_reading.pl:189
Warning:    Current predicate: narrative_ontology:omega_variable/3
Warning:    Use :- discontiguous constraint_fourteenth_amendment_equal_protection__formal_equality_reading:omega_variable/5. to suppress this message
Warning: /home/scott/bin/structural_dynamics_model/prolog/testsets/fourteenth_amendment_equal_protection__formal_equality_reading.pl:209:
Warning:    Clauses of constraint_fourteenth_amendment_equal_protection__formal_equality_reading:omega_variable/5 are not together in the source-file
Warning:    Earlier definition at /home/scott/bin/structural_dynamics_model/prolog/testsets/fourteenth_amendment_equal_protection__formal_equality_reading.pl:189
Warning:    Current predicate: narrative_ontology:omega_variable/3
Warning:    Use :- discontiguous constraint_fourteenth_amendment_equal_protection__formal_equality_reading:omega_variable/5. to suppress this message
Warning: /home/scott/bin/structural_dynamics_model/prolog/testsets/fourteenth_amendment_equal_protection__formal_equality_reading.pl:219:
Warning:    Clauses of constraint_fourteenth_amendment_equal_protection__formal_equality_reading:omega_variable/5 are not together in the source-file
Warning:    Earlier definition at /home/scott/bin/structural_dynamics_model/prolog/testsets/fourteenth_amendment_equal_protection__formal_equality_reading.pl:189
Warning:    Current predicate: narrative_ontology:omega_variable/3
Warning:    Use :- discontiguous constraint_fourteenth_amendment_equal_protection__formal_equality_reading:omega_variable/5. to suppress this message
Warning: /home/scott/bin/structural_dynamics_model/prolog/testsets/fusion_reading.pl:266:
Warning:    Clauses of constraint_fusion_reading:omega_variable/5 are not together in the source-file
Warning:    Earlier definition at /home/scott/bin/structural_dynamics_model/prolog/testsets/fusion_reading.pl:256
Warning:    Current predicate: narrative_ontology:omega_variable/3
Warning:    Use :- discontiguous constraint_fusion_reading:omega_variable/5. to suppress this message
Warning: /home/scott/bin/structural_dynamics_model/prolog/testsets/fusion_reading.pl:276:
Warning:    Clauses of constraint_fusion_reading:omega_variable/5 are not together in the source-file
Warning:    Earlier definition at /home/scott/bin/structural_dynamics_model/prolog/testsets/fusion_reading.pl:256
Warning:    Current predicate: narrative_ontology:omega_variable/3
Warning:    Use :- discontiguous constraint_fusion_reading:omega_variable/5. to suppress this message
Warning: /home/scott/bin/structural_dynamics_model/prolog/testsets/future_claims_present_resources_flat_control.pl:259:
Warning:    Clauses of constraint_future_claims_present_resources_flat_control:omega_variable/5 are not together in the source-file
Warning:    Earlier definition at /home/scott/bin/structural_dynamics_model/prolog/testsets/future_claims_present_resources_flat_control.pl:249
Warning:    Current predicate: narrative_ontology:omega_variable/3
Warning:    Use :- discontiguous constraint_future_claims_present_resources_flat_control:omega_variable/5. to suppress this message
Warning: /home/scott/bin/structural_dynamics_model/prolog/testsets/future_claims_present_resources_flat_control.pl:269:
Warning:    Clauses of constraint_future_claims_present_resources_flat_control:omega_variable/5 are not together in the source-file
Warning:    Earlier definition at /home/scott/bin/structural_dynamics_model/prolog/testsets/future_claims_present_resources_flat_control.pl:249
Warning:    Current predicate: narrative_ontology:omega_variable/3
Warning:    Use :- discontiguous constraint_future_claims_present_resources_flat_control:omega_variable/5. to suppress this message
Warning: /home/scott/bin/structural_dynamics_model/prolog/testsets/future_claims_present_resources_flat_control.pl:279:
Warning:    Clauses of constraint_future_claims_present_resources_flat_control:omega_variable/5 are not together in the source-file
Warning:    Earlier definition at /home/scott/bin/structural_dynamics_model/prolog/testsets/future_claims_present_resources_flat_control.pl:249
Warning:    Current predicate: narrative_ontology:omega_variable/3
Warning:    Use :- discontiguous constraint_future_claims_present_resources_flat_control:omega_variable/5. to suppress this message
Warning: /home/scott/bin/structural_dynamics_model/prolog/testsets/gendered_outcome_asymmetry.pl:229:
Warning:    Clauses of constraint_gendered_outcome_asymmetry:omega_variable/5 are not together in the source-file
Warning:    Earlier definition at /home/scott/bin/structural_dynamics_model/prolog/testsets/gendered_outcome_asymmetry.pl:219
Warning:    Current predicate: narrative_ontology:omega_variable/3
Warning:    Use :- discontiguous constraint_gendered_outcome_asymmetry:omega_variable/5. to suppress this message
Warning: /home/scott/bin/structural_dynamics_model/prolog/testsets/gendered_outcome_asymmetry.pl:239:
Warning:    Clauses of constraint_gendered_outcome_asymmetry:omega_variable/5 are not together in the source-file
Warning:    Earlier definition at /home/scott/bin/structural_dynamics_model/prolog/testsets/gendered_outcome_asymmetry.pl:219
Warning:    Current predicate: narrative_ontology:omega_variable/3
Warning:    Use :- discontiguous constraint_gendered_outcome_asymmetry:omega_variable/5. to suppress this message
Warning: /home/scott/bin/structural_dynamics_model/prolog/testsets/gendered_outcome_asymmetry.pl:249:
Warning:    Clauses of constraint_gendered_outcome_asymmetry:omega_variable/5 are not together in the source-file
Warning:    Earlier definition at /home/scott/bin/structural_dynamics_model/prolog/testsets/gendered_outcome_asymmetry.pl:219
Warning:    Current predicate: narrative_ontology:omega_variable/3
Warning:    Use :- discontiguous constraint_gendered_outcome_asymmetry:omega_variable/5. to suppress this message
Warning: /home/scott/bin/structural_dynamics_model/prolog/testsets/genealogical_origin_reading.pl:264:
Warning:    Clauses of constraint_genealogical_origin_reading:omega_variable/5 are not together in the source-file
Warning:    Earlier definition at /home/scott/bin/structural_dynamics_model/prolog/testsets/genealogical_origin_reading.pl:254
Warning:    Current predicate: narrative_ontology:omega_variable/3
Warning:    Use :- discontiguous constraint_genealogical_origin_reading:omega_variable/5. to suppress this message
Warning: /home/scott/bin/structural_dynamics_model/prolog/testsets/genealogical_origin_reading.pl:274:
Warning:    Clauses of constraint_genealogical_origin_reading:omega_variable/5 are not together in the source-file
Warning:    Earlier definition at /home/scott/bin/structural_dynamics_model/prolog/testsets/genealogical_origin_reading.pl:254
Warning:    Current predicate: narrative_ontology:omega_variable/3
Warning:    Use :- discontiguous constraint_genealogical_origin_reading:omega_variable/5. to suppress this message
Warning: /home/scott/bin/structural_dynamics_model/prolog/testsets/generality_standard_flat_control.pl:226:
Warning:    Clauses of constraint_generality_standard_flat_control:omega_variable/5 are not together in the source-file
Warning:    Earlier definition at /home/scott/bin/structural_dynamics_model/prolog/testsets/generality_standard_flat_control.pl:216
Warning:    Current predicate: narrative_ontology:omega_variable/3
Warning:    Use :- discontiguous constraint_generality_standard_flat_control:omega_variable/5. to suppress this message
Warning: /home/scott/bin/structural_dynamics_model/prolog/testsets/generality_standard_flat_control.pl:236:
Warning:    Clauses of constraint_generality_standard_flat_control:omega_variable/5 are not together in the source-file
Warning:    Earlier definition at /home/scott/bin/structural_dynamics_model/prolog/testsets/generality_standard_flat_control.pl:216
Warning:    Current predicate: narrative_ontology:omega_variable/3
Warning:    Use :- discontiguous constraint_generality_standard_flat_control:omega_variable/5. to suppress this message
Warning: /home/scott/bin/structural_dynamics_model/prolog/testsets/generality_standard_flat_control.pl:246:
Warning:    Clauses of constraint_generality_standard_flat_control:omega_variable/5 are not together in the source-file
Warning:    Earlier definition at /home/scott/bin/structural_dynamics_model/prolog/testsets/generality_standard_flat_control.pl:216
Warning:    Current predicate: narrative_ontology:omega_variable/3
Warning:    Use :- discontiguous constraint_generality_standard_flat_control:omega_variable/5. to suppress this message
Warning: /home/scott/bin/structural_dynamics_model/prolog/testsets/generation_gate_reading.pl:236:
Warning:    Clauses of constraint_generation_gate_reading:omega_variable/5 are not together in the source-file
Warning:    Earlier definition at /home/scott/bin/structural_dynamics_model/prolog/testsets/generation_gate_reading.pl:226
Warning:    Current predicate: narrative_ontology:omega_variable/3
Warning:    Use :- discontiguous constraint_generation_gate_reading:omega_variable/5. to suppress this message
Warning: /home/scott/bin/structural_dynamics_model/prolog/testsets/generation_gate_reading.pl:246:
Warning:    Clauses of constraint_generation_gate_reading:omega_variable/5 are not together in the source-file
Warning:    Earlier definition at /home/scott/bin/structural_dynamics_model/prolog/testsets/generation_gate_reading.pl:226
Warning:    Current predicate: narrative_ontology:omega_variable/3
Warning:    Use :- discontiguous constraint_generation_gate_reading:omega_variable/5. to suppress this message
Warning: /home/scott/bin/structural_dynamics_model/prolog/testsets/geopolitical_settlement_competition.pl:249:
Warning:    Clauses of constraint_geopolitical_settlement_competition:omega_variable/5 are not together in the source-file
Warning:    Earlier definition at /home/scott/bin/structural_dynamics_model/prolog/testsets/geopolitical_settlement_competition.pl:239
Warning:    Current predicate: narrative_ontology:omega_variable/3
Warning:    Use :- discontiguous constraint_geopolitical_settlement_competition:omega_variable/5. to suppress this message
Warning: /home/scott/bin/structural_dynamics_model/prolog/testsets/geopolitical_settlement_competition.pl:259:
Warning:    Clauses of constraint_geopolitical_settlement_competition:omega_variable/5 are not together in the source-file
Warning:    Earlier definition at /home/scott/bin/structural_dynamics_model/prolog/testsets/geopolitical_settlement_competition.pl:239
Warning:    Current predicate: narrative_ontology:omega_variable/3
Warning:    Use :- discontiguous constraint_geopolitical_settlement_competition:omega_variable/5. to suppress this message
Warning: /home/scott/bin/structural_dynamics_model/prolog/testsets/gita_kurukshetra_discourse__gandhian_allegorical_reading.pl:268:
Warning:    Clauses of constraint_gita_kurukshetra_gandhian_allegorical:omega_variable/5 are not together in the source-file
Warning:    Earlier definition at /home/scott/bin/structural_dynamics_model/prolog/testsets/gita_kurukshetra_discourse__gandhian_allegorical_reading.pl:258
Warning:    Current predicate: narrative_ontology:omega_variable/3
Warning:    Use :- discontiguous constraint_gita_kurukshetra_gandhian_allegorical:omega_variable/5. to suppress this message
Warning: /home/scott/bin/structural_dynamics_model/prolog/testsets/gita_kurukshetra_discourse__gandhian_allegorical_reading.pl:278:
Warning:    Clauses of constraint_gita_kurukshetra_gandhian_allegorical:omega_variable/5 are not together in the source-file
Warning:    Earlier definition at /home/scott/bin/structural_dynamics_model/prolog/testsets/gita_kurukshetra_discourse__gandhian_allegorical_reading.pl:258
Warning:    Current predicate: narrative_ontology:omega_variable/3
Warning:    Use :- discontiguous constraint_gita_kurukshetra_gandhian_allegorical:omega_variable/5. to suppress this message
Warning: /home/scott/bin/structural_dynamics_model/prolog/testsets/gita_kurukshetra_discourse__gandhian_allegorical_reading.pl:288:
Warning:    Clauses of constraint_gita_kurukshetra_gandhian_allegorical:omega_variable/5 are not together in the source-file
Warning:    Earlier definition at /home/scott/bin/structural_dynamics_model/prolog/testsets/gita_kurukshetra_discourse__gandhian_allegorical_reading.pl:258
Warning:    Current predicate: narrative_ontology:omega_variable/3
Warning:    Use :- discontiguous constraint_gita_kurukshetra_gandhian_allegorical:omega_variable/5. to suppress this message
Warning: /home/scott/bin/structural_dynamics_model/prolog/testsets/gpl_derivative_work_trigger__interface_boundary_reading.pl:258:
Warning:    Clauses of constraint_gpl_derivative_work_trigger__interface_boundary_reading:omega_variable/5 are not together in the source-file
Warning:    Earlier definition at /home/scott/bin/structural_dynamics_model/prolog/testsets/gpl_derivative_work_trigger__interface_boundary_reading.pl:248
Warning:    Current predicate: narrative_ontology:omega_variable/3
Warning:    Use :- discontiguous constraint_gpl_derivative_work_trigger__interface_boundary_reading:omega_variable/5. to suppress this message
Warning: /home/scott/bin/structural_dynamics_model/prolog/testsets/gpl_derivative_work_trigger__interface_boundary_reading.pl:268:
Warning:    Clauses of constraint_gpl_derivative_work_trigger__interface_boundary_reading:omega_variable/5 are not together in the source-file
Warning:    Earlier definition at /home/scott/bin/structural_dynamics_model/prolog/testsets/gpl_derivative_work_trigger__interface_boundary_reading.pl:248
Warning:    Current predicate: narrative_ontology:omega_variable/3
Warning:    Use :- discontiguous constraint_gpl_derivative_work_trigger__interface_boundary_reading:omega_variable/5. to suppress this message
Warning: /home/scott/bin/structural_dynamics_model/prolog/testsets/h2a_exit_mobility_axis.pl:232:
Warning:    Clauses of constraint_h2a_exit_mobility_axis:omega_variable/5 are not together in the source-file
Warning:    Earlier definition at /home/scott/bin/structural_dynamics_model/prolog/testsets/h2a_exit_mobility_axis.pl:222
Warning:    Current predicate: narrative_ontology:omega_variable/3
Warning:    Use :- discontiguous constraint_h2a_exit_mobility_axis:omega_variable/5. to suppress this message
Warning: /home/scott/bin/structural_dynamics_model/prolog/testsets/h2a_exit_mobility_axis.pl:242:
Warning:    Clauses of constraint_h2a_exit_mobility_axis:omega_variable/5 are not together in the source-file
Warning:    Earlier definition at /home/scott/bin/structural_dynamics_model/prolog/testsets/h2a_exit_mobility_axis.pl:222
Warning:    Current predicate: narrative_ontology:omega_variable/3
Warning:    Use :- discontiguous constraint_h2a_exit_mobility_axis:omega_variable/5. to suppress this message
Warning: /home/scott/bin/structural_dynamics_model/prolog/testsets/historical_treaty_substrate__stewardship_reading.pl:224:
Warning:    Clauses of constraint_historical_treaty_substrate__stewardship_reading:omega_variable/5 are not together in the source-file
Warning:    Earlier definition at /home/scott/bin/structural_dynamics_model/prolog/testsets/historical_treaty_substrate__stewardship_reading.pl:214
Warning:    Current predicate: narrative_ontology:omega_variable/3
Warning:    Use :- discontiguous constraint_historical_treaty_substrate__stewardship_reading:omega_variable/5. to suppress this message
Warning: /home/scott/bin/structural_dynamics_model/prolog/testsets/impression_management_reading.pl:258:
Warning:    Clauses of constraint_impression_management_reading:omega_variable/5 are not together in the source-file
Warning:    Earlier definition at /home/scott/bin/structural_dynamics_model/prolog/testsets/impression_management_reading.pl:248
Warning:    Current predicate: narrative_ontology:omega_variable/3
Warning:    Use :- discontiguous constraint_impression_management_reading:omega_variable/5. to suppress this message
Warning: /home/scott/bin/structural_dynamics_model/prolog/testsets/impression_management_reading.pl:268:
Warning:    Clauses of constraint_impression_management_reading:omega_variable/5 are not together in the source-file
Warning:    Earlier definition at /home/scott/bin/structural_dynamics_model/prolog/testsets/impression_management_reading.pl:248
Warning:    Current predicate: narrative_ontology:omega_variable/3
Warning:    Use :- discontiguous constraint_impression_management_reading:omega_variable/5. to suppress this message
Warning: /home/scott/bin/structural_dynamics_model/prolog/testsets/indexical_realism.pl:247:
Warning:    Clauses of constraint_indexical_realism:omega_variable/5 are not together in the source-file
Warning:    Earlier definition at /home/scott/bin/structural_dynamics_model/prolog/testsets/indexical_realism.pl:237
Warning:    Current predicate: narrative_ontology:omega_variable/3
Warning:    Use :- discontiguous constraint_indexical_realism:omega_variable/5. to suppress this message
Warning: /home/scott/bin/structural_dynamics_model/prolog/testsets/indexical_realism.pl:257:
Warning:    Clauses of constraint_indexical_realism:omega_variable/5 are not together in the source-file
Warning:    Earlier definition at /home/scott/bin/structural_dynamics_model/prolog/testsets/indexical_realism.pl:237
Warning:    Current predicate: narrative_ontology:omega_variable/3
Warning:    Use :- discontiguous constraint_indexical_realism:omega_variable/5. to suppress this message
Warning: /home/scott/bin/structural_dynamics_model/prolog/testsets/indexical_realism.pl:267:
Warning:    Clauses of constraint_indexical_realism:omega_variable/5 are not together in the source-file
Warning:    Earlier definition at /home/scott/bin/structural_dynamics_model/prolog/testsets/indexical_realism.pl:237
Warning:    Current predicate: narrative_ontology:omega_variable/3
Warning:    Use :- discontiguous constraint_indexical_realism:omega_variable/5. to suppress this message
Warning: /home/scott/bin/structural_dynamics_model/prolog/testsets/information_control_regime.pl:238:
Warning:    Clauses of constraint_information_control_regime:omega_variable/5 are not together in the source-file
Warning:    Earlier definition at /home/scott/bin/structural_dynamics_model/prolog/testsets/information_control_regime.pl:228
Warning:    Current predicate: narrative_ontology:omega_variable/3
Warning:    Use :- discontiguous constraint_information_control_regime:omega_variable/5. to suppress this message
Warning: /home/scott/bin/structural_dynamics_model/prolog/testsets/information_control_regime.pl:248:
Warning:    Clauses of constraint_information_control_regime:omega_variable/5 are not together in the source-file
Warning:    Earlier definition at /home/scott/bin/structural_dynamics_model/prolog/testsets/information_control_regime.pl:228
Warning:    Current predicate: narrative_ontology:omega_variable/3
Warning:    Use :- discontiguous constraint_information_control_regime:omega_variable/5. to suppress this message
Warning: /home/scott/bin/structural_dynamics_model/prolog/testsets/information_control_regime.pl:258:
Warning:    Clauses of constraint_information_control_regime:omega_variable/5 are not together in the source-file
Warning:    Earlier definition at /home/scott/bin/structural_dynamics_model/prolog/testsets/information_control_regime.pl:228
Warning:    Current predicate: narrative_ontology:omega_variable/3
Warning:    Use :- discontiguous constraint_information_control_regime:omega_variable/5. to suppress this message
Warning: /home/scott/bin/structural_dynamics_model/prolog/testsets/installed_authorship_reading.pl:254:
Warning:    Clauses of constraint_installed_authorship_reading:omega_variable/5 are not together in the source-file
Warning:    Earlier definition at /home/scott/bin/structural_dynamics_model/prolog/testsets/installed_authorship_reading.pl:244
Warning:    Current predicate: narrative_ontology:omega_variable/3
Warning:    Use :- discontiguous constraint_installed_authorship_reading:omega_variable/5. to suppress this message
Warning: /home/scott/bin/structural_dynamics_model/prolog/testsets/installed_authorship_reading.pl:264:
Warning:    Clauses of constraint_installed_authorship_reading:omega_variable/5 are not together in the source-file
Warning:    Earlier definition at /home/scott/bin/structural_dynamics_model/prolog/testsets/installed_authorship_reading.pl:244
Warning:    Current predicate: narrative_ontology:omega_variable/3
Warning:    Use :- discontiguous constraint_installed_authorship_reading:omega_variable/5. to suppress this message
Warning: /home/scott/bin/structural_dynamics_model/prolog/testsets/institutional_barrier_structure.pl:253:
Warning:    Clauses of constraint_institutional_barrier_structure:omega_variable/5 are not together in the source-file
Warning:    Earlier definition at /home/scott/bin/structural_dynamics_model/prolog/testsets/institutional_barrier_structure.pl:243
Warning:    Current predicate: narrative_ontology:omega_variable/3
Warning:    Use :- discontiguous constraint_institutional_barrier_structure:omega_variable/5. to suppress this message
Warning: /home/scott/bin/structural_dynamics_model/prolog/testsets/institutional_barrier_structure.pl:263:
Warning:    Clauses of constraint_institutional_barrier_structure:omega_variable/5 are not together in the source-file
Warning:    Earlier definition at /home/scott/bin/structural_dynamics_model/prolog/testsets/institutional_barrier_structure.pl:243
Warning:    Current predicate: narrative_ontology:omega_variable/3
Warning:    Use :- discontiguous constraint_institutional_barrier_structure:omega_variable/5. to suppress this message
Warning: /home/scott/bin/structural_dynamics_model/prolog/testsets/institutional_barrier_structure.pl:273:
Warning:    Clauses of constraint_institutional_barrier_structure:omega_variable/5 are not together in the source-file
Warning:    Earlier definition at /home/scott/bin/structural_dynamics_model/prolog/testsets/institutional_barrier_structure.pl:243
Warning:    Current predicate: narrative_ontology:omega_variable/3
Warning:    Use :- discontiguous constraint_institutional_barrier_structure:omega_variable/5. to suppress this message
Warning: /home/scott/bin/structural_dynamics_model/prolog/testsets/institutional_trust_erosion_c0.pl:261:
Warning:    Clauses of constraint_institutional_trust_erosion_c0:omega_variable/5 are not together in the source-file
Warning:    Earlier definition at /home/scott/bin/structural_dynamics_model/prolog/testsets/institutional_trust_erosion_c0.pl:251
Warning:    Current predicate: narrative_ontology:omega_variable/3
Warning:    Use :- discontiguous constraint_institutional_trust_erosion_c0:omega_variable/5. to suppress this message
Warning: /home/scott/bin/structural_dynamics_model/prolog/testsets/institutional_trust_erosion_c0.pl:271:
Warning:    Clauses of constraint_institutional_trust_erosion_c0:omega_variable/5 are not together in the source-file
Warning:    Earlier definition at /home/scott/bin/structural_dynamics_model/prolog/testsets/institutional_trust_erosion_c0.pl:251
Warning:    Current predicate: narrative_ontology:omega_variable/3
Warning:    Use :- discontiguous constraint_institutional_trust_erosion_c0:omega_variable/5. to suppress this message
Warning: /home/scott/bin/structural_dynamics_model/prolog/testsets/institutional_trust_erosion_c0.pl:281:
Warning:    Clauses of constraint_institutional_trust_erosion_c0:omega_variable/5 are not together in the source-file
Warning:    Earlier definition at /home/scott/bin/structural_dynamics_model/prolog/testsets/institutional_trust_erosion_c0.pl:251
Warning:    Current predicate: narrative_ontology:omega_variable/3
Warning:    Use :- discontiguous constraint_institutional_trust_erosion_c0:omega_variable/5. to suppress this message
Warning: /home/scott/bin/structural_dynamics_model/prolog/testsets/institutional_validation_reading.pl:272:
Warning:    Clauses of constraint_institutional_validation_reading:omega_variable/5 are not together in the source-file
Warning:    Earlier definition at /home/scott/bin/structural_dynamics_model/prolog/testsets/institutional_validation_reading.pl:262
Warning:    Current predicate: narrative_ontology:omega_variable/3
Warning:    Use :- discontiguous constraint_institutional_validation_reading:omega_variable/5. to suppress this message
Warning: /home/scott/bin/structural_dynamics_model/prolog/testsets/institutional_validation_reading.pl:282:
Warning:    Clauses of constraint_institutional_validation_reading:omega_variable/5 are not together in the source-file
Warning:    Earlier definition at /home/scott/bin/structural_dynamics_model/prolog/testsets/institutional_validation_reading.pl:262
Warning:    Current predicate: narrative_ontology:omega_variable/3
Warning:    Use :- discontiguous constraint_institutional_validation_reading:omega_variable/5. to suppress this message
Warning: /home/scott/bin/structural_dynamics_model/prolog/testsets/institutional_validation_reading.pl:292:
Warning:    Clauses of constraint_institutional_validation_reading:omega_variable/5 are not together in the source-file
Warning:    Earlier definition at /home/scott/bin/structural_dynamics_model/prolog/testsets/institutional_validation_reading.pl:262
Warning:    Current predicate: narrative_ontology:omega_variable/3
Warning:    Use :- discontiguous constraint_institutional_validation_reading:omega_variable/5. to suppress this message
Warning: /home/scott/bin/structural_dynamics_model/prolog/testsets/institutional_validation_reading.pl:302:
Warning:    Clauses of constraint_institutional_validation_reading:omega_variable/5 are not together in the source-file
Warning:    Earlier definition at /home/scott/bin/structural_dynamics_model/prolog/testsets/institutional_validation_reading.pl:262
Warning:    Current predicate: narrative_ontology:omega_variable/3
Warning:    Use :- discontiguous constraint_institutional_validation_reading:omega_variable/5. to suppress this message
Warning: /home/scott/bin/structural_dynamics_model/prolog/testsets/institutional_verification_collapse.pl:287:
Warning:    Clauses of constraint_institutional_verification_collapse:omega_variable/5 are not together in the source-file
Warning:    Earlier definition at /home/scott/bin/structural_dynamics_model/prolog/testsets/institutional_verification_collapse.pl:277
Warning:    Current predicate: narrative_ontology:omega_variable/3
Warning:    Use :- discontiguous constraint_institutional_verification_collapse:omega_variable/5. to suppress this message
Warning: /home/scott/bin/structural_dynamics_model/prolog/testsets/institutional_verification_collapse.pl:297:
Warning:    Clauses of constraint_institutional_verification_collapse:omega_variable/5 are not together in the source-file
Warning:    Earlier definition at /home/scott/bin/structural_dynamics_model/prolog/testsets/institutional_verification_collapse.pl:277
Warning:    Current predicate: narrative_ontology:omega_variable/3
Warning:    Use :- discontiguous constraint_institutional_verification_collapse:omega_variable/5. to suppress this message
Warning: /home/scott/bin/structural_dynamics_model/prolog/testsets/institutional_verification_collapse.pl:307:
Warning:    Clauses of constraint_institutional_verification_collapse:omega_variable/5 are not together in the source-file
Warning:    Earlier definition at /home/scott/bin/structural_dynamics_model/prolog/testsets/institutional_verification_collapse.pl:277
Warning:    Current predicate: narrative_ontology:omega_variable/3
Warning:    Use :- discontiguous constraint_institutional_verification_collapse:omega_variable/5. to suppress this message
Warning: /home/scott/bin/structural_dynamics_model/prolog/testsets/instrument_capture_reading.pl:272:
Warning:    Clauses of constraint_instrument_capture_reading:omega_variable/5 are not together in the source-file
Warning:    Earlier definition at /home/scott/bin/structural_dynamics_model/prolog/testsets/instrument_capture_reading.pl:262
Warning:    Current predicate: narrative_ontology:omega_variable/3
Warning:    Use :- discontiguous constraint_instrument_capture_reading:omega_variable/5. to suppress this message
Warning: /home/scott/bin/structural_dynamics_model/prolog/testsets/instrument_capture_reading.pl:282:
Warning:    Clauses of constraint_instrument_capture_reading:omega_variable/5 are not together in the source-file
Warning:    Earlier definition at /home/scott/bin/structural_dynamics_model/prolog/testsets/instrument_capture_reading.pl:262
Warning:    Current predicate: narrative_ontology:omega_variable/3
Warning:    Use :- discontiguous constraint_instrument_capture_reading:omega_variable/5. to suppress this message
Warning: /home/scott/bin/structural_dynamics_model/prolog/testsets/instrument_dependent_reading.pl:259:
Warning:    Clauses of constraint_instrument_dependent_reading:omega_variable/5 are not together in the source-file
Warning:    Earlier definition at /home/scott/bin/structural_dynamics_model/prolog/testsets/instrument_dependent_reading.pl:249
Warning:    Current predicate: narrative_ontology:omega_variable/3
Warning:    Use :- discontiguous constraint_instrument_dependent_reading:omega_variable/5. to suppress this message
Warning: /home/scott/bin/structural_dynamics_model/prolog/testsets/instrument_dependent_reading.pl:269:
Warning:    Clauses of constraint_instrument_dependent_reading:omega_variable/5 are not together in the source-file
Warning:    Earlier definition at /home/scott/bin/structural_dynamics_model/prolog/testsets/instrument_dependent_reading.pl:249
Warning:    Current predicate: narrative_ontology:omega_variable/3
Warning:    Use :- discontiguous constraint_instrument_dependent_reading:omega_variable/5. to suppress this message
Warning: /home/scott/bin/structural_dynamics_model/prolog/testsets/interactionist_reading.pl:235:
Warning:    Clauses of constraint_interactionist_reading:omega_variable/5 are not together in the source-file
Warning:    Earlier definition at /home/scott/bin/structural_dynamics_model/prolog/testsets/interactionist_reading.pl:225
Warning:    Current predicate: narrative_ontology:omega_variable/3
Warning:    Use :- discontiguous constraint_interactionist_reading:omega_variable/5. to suppress this message
Warning: /home/scott/bin/structural_dynamics_model/prolog/testsets/interactionist_reading.pl:245:
Warning:    Clauses of constraint_interactionist_reading:omega_variable/5 are not together in the source-file
Warning:    Earlier definition at /home/scott/bin/structural_dynamics_model/prolog/testsets/interactionist_reading.pl:225
Warning:    Current predicate: narrative_ontology:omega_variable/3
Warning:    Use :- discontiguous constraint_interactionist_reading:omega_variable/5. to suppress this message
Warning: /home/scott/bin/structural_dynamics_model/prolog/testsets/intervention_target_selection.pl:275:
Warning:    Clauses of constraint_intervention_target_selection:omega_variable/5 are not together in the source-file
Warning:    Earlier definition at /home/scott/bin/structural_dynamics_model/prolog/testsets/intervention_target_selection.pl:265
Warning:    Current predicate: narrative_ontology:omega_variable/3
Warning:    Use :- discontiguous constraint_intervention_target_selection:omega_variable/5. to suppress this message
Warning: /home/scott/bin/structural_dynamics_model/prolog/testsets/intervention_target_selection.pl:285:
Warning:    Clauses of constraint_intervention_target_selection:omega_variable/5 are not together in the source-file
Warning:    Earlier definition at /home/scott/bin/structural_dynamics_model/prolog/testsets/intervention_target_selection.pl:265
Warning:    Current predicate: narrative_ontology:omega_variable/3
Warning:    Use :- discontiguous constraint_intervention_target_selection:omega_variable/5. to suppress this message
Warning: /home/scott/bin/structural_dynamics_model/prolog/testsets/issuance_as_deliberative_judgment.pl:257:
Warning:    Clauses of constraint_issuance_as_deliberative_judgment:omega_variable/5 are not together in the source-file
Warning:    Earlier definition at /home/scott/bin/structural_dynamics_model/prolog/testsets/issuance_as_deliberative_judgment.pl:247
Warning:    Current predicate: narrative_ontology:omega_variable/3
Warning:    Use :- discontiguous constraint_issuance_as_deliberative_judgment:omega_variable/5. to suppress this message
Warning: /home/scott/bin/structural_dynamics_model/prolog/testsets/issuance_as_deliberative_judgment.pl:267:
Warning:    Clauses of constraint_issuance_as_deliberative_judgment:omega_variable/5 are not together in the source-file
Warning:    Earlier definition at /home/scott/bin/structural_dynamics_model/prolog/testsets/issuance_as_deliberative_judgment.pl:247
Warning:    Current predicate: narrative_ontology:omega_variable/3
Warning:    Use :- discontiguous constraint_issuance_as_deliberative_judgment:omega_variable/5. to suppress this message
Warning: /home/scott/bin/structural_dynamics_model/prolog/testsets/issuance_as_market_discovered_confidence.pl:273:
Warning:    Clauses of constraint_issuance_as_market_discovered_confidence:omega_variable/5 are not together in the source-file
Warning:    Earlier definition at /home/scott/bin/structural_dynamics_model/prolog/testsets/issuance_as_market_discovered_confidence.pl:263
Warning:    Current predicate: narrative_ontology:omega_variable/3
Warning:    Use :- discontiguous constraint_issuance_as_market_discovered_confidence:omega_variable/5. to suppress this message
Warning: /home/scott/bin/structural_dynamics_model/prolog/testsets/issuance_as_market_discovered_confidence.pl:283:
Warning:    Clauses of constraint_issuance_as_market_discovered_confidence:omega_variable/5 are not together in the source-file
Warning:    Earlier definition at /home/scott/bin/structural_dynamics_model/prolog/testsets/issuance_as_market_discovered_confidence.pl:263
Warning:    Current predicate: narrative_ontology:omega_variable/3
Warning:    Use :- discontiguous constraint_issuance_as_market_discovered_confidence:omega_variable/5. to suppress this message
Warning: /home/scott/bin/structural_dynamics_model/prolog/testsets/issuance_as_physical_backing.pl:270:
Warning:    Clauses of constraint_issuance_as_physical_backing:omega_variable/5 are not together in the source-file
Warning:    Earlier definition at /home/scott/bin/structural_dynamics_model/prolog/testsets/issuance_as_physical_backing.pl:260
Warning:    Current predicate: narrative_ontology:omega_variable/3
Warning:    Use :- discontiguous constraint_issuance_as_physical_backing:omega_variable/5. to suppress this message
Warning: /home/scott/bin/structural_dynamics_model/prolog/testsets/issuance_as_physical_backing.pl:280:
Warning:    Clauses of constraint_issuance_as_physical_backing:omega_variable/5 are not together in the source-file
Warning:    Earlier definition at /home/scott/bin/structural_dynamics_model/prolog/testsets/issuance_as_physical_backing.pl:260
Warning:    Current predicate: narrative_ontology:omega_variable/3
Warning:    Use :- discontiguous constraint_issuance_as_physical_backing:omega_variable/5. to suppress this message
Warning: /home/scott/bin/structural_dynamics_model/prolog/testsets/jewish_self_determination__indigenous_return_reading.pl:227:
Warning:    Clauses of constraint_jewish_self_determination__indigenous_return_reading:omega_variable/5 are not together in the source-file
Warning:    Earlier definition at /home/scott/bin/structural_dynamics_model/prolog/testsets/jewish_self_determination__indigenous_return_reading.pl:217
Warning:    Current predicate: narrative_ontology:omega_variable/3
Warning:    Use :- discontiguous constraint_jewish_self_determination__indigenous_return_reading:omega_variable/5. to suppress this message
Warning: /home/scott/bin/structural_dynamics_model/prolog/testsets/jewish_self_determination__indigenous_return_reading.pl:237:
Warning:    Clauses of constraint_jewish_self_determination__indigenous_return_reading:omega_variable/5 are not together in the source-file
Warning:    Earlier definition at /home/scott/bin/structural_dynamics_model/prolog/testsets/jewish_self_determination__indigenous_return_reading.pl:217
Warning:    Current predicate: narrative_ontology:omega_variable/3
Warning:    Use :- discontiguous constraint_jewish_self_determination__indigenous_return_reading:omega_variable/5. to suppress this message
Warning: /home/scott/bin/structural_dynamics_model/prolog/testsets/jewish_self_determination__indigenous_return_reading.pl:247:
Warning:    Clauses of constraint_jewish_self_determination__indigenous_return_reading:omega_variable/5 are not together in the source-file
Warning:    Earlier definition at /home/scott/bin/structural_dynamics_model/prolog/testsets/jewish_self_determination__indigenous_return_reading.pl:217
Warning:    Current predicate: narrative_ontology:omega_variable/3
Warning:    Use :- discontiguous constraint_jewish_self_determination__indigenous_return_reading:omega_variable/5. to suppress this message
Warning: /home/scott/bin/structural_dynamics_model/prolog/testsets/jewish_self_determination__indigenous_return_reading.pl:257:
Warning:    Clauses of constraint_jewish_self_determination__indigenous_return_reading:omega_variable/5 are not together in the source-file
Warning:    Earlier definition at /home/scott/bin/structural_dynamics_model/prolog/testsets/jewish_self_determination__indigenous_return_reading.pl:217
Warning:    Current predicate: narrative_ontology:omega_variable/3
Warning:    Use :- discontiguous constraint_jewish_self_determination__indigenous_return_reading:omega_variable/5. to suppress this message
Warning: /home/scott/bin/structural_dynamics_model/prolog/testsets/jewish_sovereignty_palestine__cultural_zionist_reading.pl:221:
Warning:    Clauses of constraint_jewish_sovereignty_palestine__cultural_zionist_reading:omega_variable/5 are not together in the source-file
Warning:    Earlier definition at /home/scott/bin/structural_dynamics_model/prolog/testsets/jewish_sovereignty_palestine__cultural_zionist_reading.pl:211
Warning:    Current predicate: narrative_ontology:omega_variable/3
Warning:    Use :- discontiguous constraint_jewish_sovereignty_palestine__cultural_zionist_reading:omega_variable/5. to suppress this message
Warning: /home/scott/bin/structural_dynamics_model/prolog/testsets/jewish_sovereignty_palestine__settler_colonial_reading.pl:230:
Warning:    Clauses of constraint_jewish_sovereignty_palestine__settler_colonial_reading:omega_variable/5 are not together in the source-file
Warning:    Earlier definition at /home/scott/bin/structural_dynamics_model/prolog/testsets/jewish_sovereignty_palestine__settler_colonial_reading.pl:220
Warning:    Current predicate: narrative_ontology:omega_variable/3
Warning:    Use :- discontiguous constraint_jewish_sovereignty_palestine__settler_colonial_reading:omega_variable/5. to suppress this message
Warning: /home/scott/bin/structural_dynamics_model/prolog/testsets/jewish_sovereignty_palestine__settler_colonial_reading.pl:240:
Warning:    Clauses of constraint_jewish_sovereignty_palestine__settler_colonial_reading:omega_variable/5 are not together in the source-file
Warning:    Earlier definition at /home/scott/bin/structural_dynamics_model/prolog/testsets/jewish_sovereignty_palestine__settler_colonial_reading.pl:220
Warning:    Current predicate: narrative_ontology:omega_variable/3
Warning:    Use :- discontiguous constraint_jewish_sovereignty_palestine__settler_colonial_reading:omega_variable/5. to suppress this message
Warning: /home/scott/bin/structural_dynamics_model/prolog/testsets/jewish_territorial_claim__labor_zionism_reading.pl:250:
Warning:    Clauses of constraint_jewish_territorial_claim__labor_zionism_reading:omega_variable/5 are not together in the source-file
Warning:    Earlier definition at /home/scott/bin/structural_dynamics_model/prolog/testsets/jewish_territorial_claim__labor_zionism_reading.pl:240
Warning:    Current predicate: narrative_ontology:omega_variable/3
Warning:    Use :- discontiguous constraint_jewish_territorial_claim__labor_zionism_reading:omega_variable/5. to suppress this message
Warning: /home/scott/bin/structural_dynamics_model/prolog/testsets/jewish_territorial_claim__labor_zionism_reading.pl:260:
Warning:    Clauses of constraint_jewish_territorial_claim__labor_zionism_reading:omega_variable/5 are not together in the source-file
Warning:    Earlier definition at /home/scott/bin/structural_dynamics_model/prolog/testsets/jewish_territorial_claim__labor_zionism_reading.pl:240
Warning:    Current predicate: narrative_ontology:omega_variable/3
Warning:    Use :- discontiguous constraint_jewish_territorial_claim__labor_zionism_reading:omega_variable/5. to suppress this message
Warning: /home/scott/bin/structural_dynamics_model/prolog/testsets/john_1_1_logos__non_incarnational_monotheist.pl:283:
Warning:    Clauses of constraint_john_1_1_logos__non_incarnational_monotheist:omega_variable/5 are not together in the source-file
Warning:    Earlier definition at /home/scott/bin/structural_dynamics_model/prolog/testsets/john_1_1_logos__non_incarnational_monotheist.pl:273
Warning:    Current predicate: narrative_ontology:omega_variable/3
Warning:    Use :- discontiguous constraint_john_1_1_logos__non_incarnational_monotheist:omega_variable/5. to suppress this message
Warning: /home/scott/bin/structural_dynamics_model/prolog/testsets/john_1_1_logos__non_incarnational_monotheist.pl:293:
Warning:    Clauses of constraint_john_1_1_logos__non_incarnational_monotheist:omega_variable/5 are not together in the source-file
Warning:    Earlier definition at /home/scott/bin/structural_dynamics_model/prolog/testsets/john_1_1_logos__non_incarnational_monotheist.pl:273
Warning:    Current predicate: narrative_ontology:omega_variable/3
Warning:    Use :- discontiguous constraint_john_1_1_logos__non_incarnational_monotheist:omega_variable/5. to suppress this message
Warning: /home/scott/bin/structural_dynamics_model/prolog/testsets/john_1_1_logos__non_incarnational_monotheist.pl:303:
Warning:    Clauses of constraint_john_1_1_logos__non_incarnational_monotheist:omega_variable/5 are not together in the source-file
Warning:    Earlier definition at /home/scott/bin/structural_dynamics_model/prolog/testsets/john_1_1_logos__non_incarnational_monotheist.pl:273
Warning:    Current predicate: narrative_ontology:omega_variable/3
Warning:    Use :- discontiguous constraint_john_1_1_logos__non_incarnational_monotheist:omega_variable/5. to suppress this message
Warning: /home/scott/bin/structural_dynamics_model/prolog/testsets/john_1_1_logos__non_incarnational_monotheist.pl:313:
Warning:    Clauses of constraint_john_1_1_logos__non_incarnational_monotheist:omega_variable/5 are not together in the source-file
Warning:    Earlier definition at /home/scott/bin/structural_dynamics_model/prolog/testsets/john_1_1_logos__non_incarnational_monotheist.pl:273
Warning:    Current predicate: narrative_ontology:omega_variable/3
Warning:    Use :- discontiguous constraint_john_1_1_logos__non_incarnational_monotheist:omega_variable/5. to suppress this message
Warning: /home/scott/bin/structural_dynamics_model/prolog/testsets/john_1_1_logos__non_incarnational_monotheist.pl:323:
Warning:    Clauses of constraint_john_1_1_logos__non_incarnational_monotheist:omega_variable/5 are not together in the source-file
Warning:    Earlier definition at /home/scott/bin/structural_dynamics_model/prolog/testsets/john_1_1_logos__non_incarnational_monotheist.pl:273
Warning:    Current predicate: narrative_ontology:omega_variable/3
Warning:    Use :- discontiguous constraint_john_1_1_logos__non_incarnational_monotheist:omega_variable/5. to suppress this message
Warning: /home/scott/bin/structural_dynamics_model/prolog/testsets/knowledge_legitimacy_biomedicine_flat_control.pl:245:
Warning:    Clauses of constraint_knowledge_legitimacy_biomedicine_flat_control:omega_variable/5 are not together in the source-file
Warning:    Earlier definition at /home/scott/bin/structural_dynamics_model/prolog/testsets/knowledge_legitimacy_biomedicine_flat_control.pl:235
Warning:    Current predicate: narrative_ontology:omega_variable/3
Warning:    Use :- discontiguous constraint_knowledge_legitimacy_biomedicine_flat_control:omega_variable/5. to suppress this message
Warning: /home/scott/bin/structural_dynamics_model/prolog/testsets/knowledge_legitimacy_biomedicine_flat_control.pl:255:
Warning:    Clauses of constraint_knowledge_legitimacy_biomedicine_flat_control:omega_variable/5 are not together in the source-file
Warning:    Earlier definition at /home/scott/bin/structural_dynamics_model/prolog/testsets/knowledge_legitimacy_biomedicine_flat_control.pl:235
Warning:    Current predicate: narrative_ontology:omega_variable/3
Warning:    Use :- discontiguous constraint_knowledge_legitimacy_biomedicine_flat_control:omega_variable/5. to suppress this message
Warning: /home/scott/bin/structural_dynamics_model/prolog/testsets/knowledge_legitimacy_biomedicine_flat_control.pl:265:
Warning:    Clauses of constraint_knowledge_legitimacy_biomedicine_flat_control:omega_variable/5 are not together in the source-file
Warning:    Earlier definition at /home/scott/bin/structural_dynamics_model/prolog/testsets/knowledge_legitimacy_biomedicine_flat_control.pl:235
Warning:    Current predicate: narrative_ontology:omega_variable/3
Warning:    Use :- discontiguous constraint_knowledge_legitimacy_biomedicine_flat_control:omega_variable/5. to suppress this message
Warning: /home/scott/bin/structural_dynamics_model/prolog/testsets/knowledge_legitimacy_biomedicine_flat_control.pl:275:
Warning:    Clauses of constraint_knowledge_legitimacy_biomedicine_flat_control:omega_variable/5 are not together in the source-file
Warning:    Earlier definition at /home/scott/bin/structural_dynamics_model/prolog/testsets/knowledge_legitimacy_biomedicine_flat_control.pl:235
Warning:    Current predicate: narrative_ontology:omega_variable/3
Warning:    Use :- discontiguous constraint_knowledge_legitimacy_biomedicine_flat_control:omega_variable/5. to suppress this message
Warning: /home/scott/bin/structural_dynamics_model/prolog/testsets/lausanne_minority_protections__guarantor_reading.pl:194:
Warning:    Clauses of constraint_lausanne_minority_protections__guarantor_reading:omega_variable/5 are not together in the source-file
Warning:    Earlier definition at /home/scott/bin/structural_dynamics_model/prolog/testsets/lausanne_minority_protections__guarantor_reading.pl:184
Warning:    Current predicate: narrative_ontology:omega_variable/3
Warning:    Use :- discontiguous constraint_lausanne_minority_protections__guarantor_reading:omega_variable/5. to suppress this message
Warning: /home/scott/bin/structural_dynamics_model/prolog/testsets/lausanne_minority_protections__guarantor_reading.pl:204:
Warning:    Clauses of constraint_lausanne_minority_protections__guarantor_reading:omega_variable/5 are not together in the source-file
Warning:    Earlier definition at /home/scott/bin/structural_dynamics_model/prolog/testsets/lausanne_minority_protections__guarantor_reading.pl:184
Warning:    Current predicate: narrative_ontology:omega_variable/3
Warning:    Use :- discontiguous constraint_lausanne_minority_protections__guarantor_reading:omega_variable/5. to suppress this message
Warning: /home/scott/bin/structural_dynamics_model/prolog/testsets/lausanne_minority_protections__guarantor_reading.pl:214:
Warning:    Clauses of constraint_lausanne_minority_protections__guarantor_reading:omega_variable/5 are not together in the source-file
Warning:    Earlier definition at /home/scott/bin/structural_dynamics_model/prolog/testsets/lausanne_minority_protections__guarantor_reading.pl:184
Warning:    Current predicate: narrative_ontology:omega_variable/3
Warning:    Use :- discontiguous constraint_lausanne_minority_protections__guarantor_reading:omega_variable/5. to suppress this message
Warning: /home/scott/bin/structural_dynamics_model/prolog/testsets/lausanne_minority_protections__guarantor_reading.pl:224:
Warning:    Clauses of constraint_lausanne_minority_protections__guarantor_reading:omega_variable/5 are not together in the source-file
Warning:    Earlier definition at /home/scott/bin/structural_dynamics_model/prolog/testsets/lausanne_minority_protections__guarantor_reading.pl:184
Warning:    Current predicate: narrative_ontology:omega_variable/3
Warning:    Use :- discontiguous constraint_lausanne_minority_protections__guarantor_reading:omega_variable/5. to suppress this message
Warning: /home/scott/bin/structural_dynamics_model/prolog/testsets/learning_difficulty_substrate_flat_control.pl:219:
Warning:    Clauses of constraint_learning_difficulty_substrate_flat_control:omega_variable/5 are not together in the source-file
Warning:    Earlier definition at /home/scott/bin/structural_dynamics_model/prolog/testsets/learning_difficulty_substrate_flat_control.pl:209
Warning:    Current predicate: narrative_ontology:omega_variable/3
Warning:    Use :- discontiguous constraint_learning_difficulty_substrate_flat_control:omega_variable/5. to suppress this message
Warning: /home/scott/bin/structural_dynamics_model/prolog/testsets/learning_difficulty_substrate_flat_control.pl:229:
Warning:    Clauses of constraint_learning_difficulty_substrate_flat_control:omega_variable/5 are not together in the source-file
Warning:    Earlier definition at /home/scott/bin/structural_dynamics_model/prolog/testsets/learning_difficulty_substrate_flat_control.pl:209
Warning:    Current predicate: narrative_ontology:omega_variable/3
Warning:    Use :- discontiguous constraint_learning_difficulty_substrate_flat_control:omega_variable/5. to suppress this message
Warning: /home/scott/bin/structural_dynamics_model/prolog/testsets/learning_difficulty_substrate_flat_control.pl:239:
Warning:    Clauses of constraint_learning_difficulty_substrate_flat_control:omega_variable/5 are not together in the source-file
Warning:    Earlier definition at /home/scott/bin/structural_dynamics_model/prolog/testsets/learning_difficulty_substrate_flat_control.pl:209
Warning:    Current predicate: narrative_ontology:omega_variable/3
Warning:    Use :- discontiguous constraint_learning_difficulty_substrate_flat_control:omega_variable/5. to suppress this message
Warning: /home/scott/bin/structural_dynamics_model/prolog/testsets/legibility_primacy_reading.pl:267:
Warning:    Clauses of constraint_legibility_primacy_reading:omega_variable/5 are not together in the source-file
Warning:    Earlier definition at /home/scott/bin/structural_dynamics_model/prolog/testsets/legibility_primacy_reading.pl:257
Warning:    Current predicate: narrative_ontology:omega_variable/3
Warning:    Use :- discontiguous constraint_legibility_primacy_reading:omega_variable/5. to suppress this message
Warning: /home/scott/bin/structural_dynamics_model/prolog/testsets/legibility_primacy_reading.pl:277:
Warning:    Clauses of constraint_legibility_primacy_reading:omega_variable/5 are not together in the source-file
Warning:    Earlier definition at /home/scott/bin/structural_dynamics_model/prolog/testsets/legibility_primacy_reading.pl:257
Warning:    Current predicate: narrative_ontology:omega_variable/3
Warning:    Use :- discontiguous constraint_legibility_primacy_reading:omega_variable/5. to suppress this message
Warning: /home/scott/bin/structural_dynamics_model/prolog/testsets/liability_termination_visibility.pl:247:
Warning:    Clauses of constraint_liability_termination_visibility:omega_variable/5 are not together in the source-file
Warning:    Earlier definition at /home/scott/bin/structural_dynamics_model/prolog/testsets/liability_termination_visibility.pl:237
Warning:    Current predicate: narrative_ontology:omega_variable/3
Warning:    Use :- discontiguous constraint_liability_termination_visibility:omega_variable/5. to suppress this message
Warning: /home/scott/bin/structural_dynamics_model/prolog/testsets/liability_termination_visibility.pl:257:
Warning:    Clauses of constraint_liability_termination_visibility:omega_variable/5 are not together in the source-file
Warning:    Earlier definition at /home/scott/bin/structural_dynamics_model/prolog/testsets/liability_termination_visibility.pl:237
Warning:    Current predicate: narrative_ontology:omega_variable/3
Warning:    Use :- discontiguous constraint_liability_termination_visibility:omega_variable/5. to suppress this message
Warning: /home/scott/bin/structural_dynamics_model/prolog/testsets/livelihood_security_reading.pl:253:
Warning:    Clauses of constraint_livelihood_security_reading:omega_variable/5 are not together in the source-file
Warning:    Earlier definition at /home/scott/bin/structural_dynamics_model/prolog/testsets/livelihood_security_reading.pl:243
Warning:    Current predicate: narrative_ontology:omega_variable/3
Warning:    Use :- discontiguous constraint_livelihood_security_reading:omega_variable/5. to suppress this message
Warning: /home/scott/bin/structural_dynamics_model/prolog/testsets/livelihood_security_reading.pl:263:
Warning:    Clauses of constraint_livelihood_security_reading:omega_variable/5 are not together in the source-file
Warning:    Earlier definition at /home/scott/bin/structural_dynamics_model/prolog/testsets/livelihood_security_reading.pl:243
Warning:    Current predicate: narrative_ontology:omega_variable/3
Warning:    Use :- discontiguous constraint_livelihood_security_reading:omega_variable/5. to suppress this message
Warning: /home/scott/bin/structural_dynamics_model/prolog/testsets/llm_synthesis_capacity.pl:241:
Warning:    Clauses of constraint_llm_synthesis_capacity:omega_variable/5 are not together in the source-file
Warning:    Earlier definition at /home/scott/bin/structural_dynamics_model/prolog/testsets/llm_synthesis_capacity.pl:231
Warning:    Current predicate: narrative_ontology:omega_variable/3
Warning:    Use :- discontiguous constraint_llm_synthesis_capacity:omega_variable/5. to suppress this message
Warning: /home/scott/bin/structural_dynamics_model/prolog/testsets/llm_synthesis_capacity.pl:251:
Warning:    Clauses of constraint_llm_synthesis_capacity:omega_variable/5 are not together in the source-file
Warning:    Earlier definition at /home/scott/bin/structural_dynamics_model/prolog/testsets/llm_synthesis_capacity.pl:231
Warning:    Current predicate: narrative_ontology:omega_variable/3
Warning:    Use :- discontiguous constraint_llm_synthesis_capacity:omega_variable/5. to suppress this message
Warning: /home/scott/bin/structural_dynamics_model/prolog/testsets/llm_synthesis_capacity.pl:261:
Warning:    Clauses of constraint_llm_synthesis_capacity:omega_variable/5 are not together in the source-file
Warning:    Earlier definition at /home/scott/bin/structural_dynamics_model/prolog/testsets/llm_synthesis_capacity.pl:231
Warning:    Current predicate: narrative_ontology:omega_variable/3
Warning:    Use :- discontiguous constraint_llm_synthesis_capacity:omega_variable/5. to suppress this message
Warning: /home/scott/bin/structural_dynamics_model/prolog/testsets/longevity_mismatch.pl:239:
Warning:    Clauses of constraint_longevity_mismatch:omega_variable/5 are not together in the source-file
Warning:    Earlier definition at /home/scott/bin/structural_dynamics_model/prolog/testsets/longevity_mismatch.pl:229
Warning:    Current predicate: narrative_ontology:omega_variable/3
Warning:    Use :- discontiguous constraint_longevity_mismatch:omega_variable/5. to suppress this message
Warning: /home/scott/bin/structural_dynamics_model/prolog/testsets/longevity_mismatch.pl:249:
Warning:    Clauses of constraint_longevity_mismatch:omega_variable/5 are not together in the source-file
Warning:    Earlier definition at /home/scott/bin/structural_dynamics_model/prolog/testsets/longevity_mismatch.pl:229
Warning:    Current predicate: narrative_ontology:omega_variable/3
Warning:    Use :- discontiguous constraint_longevity_mismatch:omega_variable/5. to suppress this message
Warning: /home/scott/bin/structural_dynamics_model/prolog/testsets/longevity_mismatch.pl:259:
Warning:    Clauses of constraint_longevity_mismatch:omega_variable/5 are not together in the source-file
Warning:    Earlier definition at /home/scott/bin/structural_dynamics_model/prolog/testsets/longevity_mismatch.pl:229
Warning:    Current predicate: narrative_ontology:omega_variable/3
Warning:    Use :- discontiguous constraint_longevity_mismatch:omega_variable/5. to suppress this message
Warning: /home/scott/bin/structural_dynamics_model/prolog/testsets/lycurgan_laws__demographic_trap_reading.pl:266:
Warning:    Clauses of constraint_lycurgan_laws__demographic_trap_reading:omega_variable/5 are not together in the source-file
Warning:    Earlier definition at /home/scott/bin/structural_dynamics_model/prolog/testsets/lycurgan_laws__demographic_trap_reading.pl:256
Warning:    Current predicate: narrative_ontology:omega_variable/3
Warning:    Use :- discontiguous constraint_lycurgan_laws__demographic_trap_reading:omega_variable/5. to suppress this message
Warning: /home/scott/bin/structural_dynamics_model/prolog/testsets/lycurgan_laws__demographic_trap_reading.pl:276:
Warning:    Clauses of constraint_lycurgan_laws__demographic_trap_reading:omega_variable/5 are not together in the source-file
Warning:    Earlier definition at /home/scott/bin/structural_dynamics_model/prolog/testsets/lycurgan_laws__demographic_trap_reading.pl:256
Warning:    Current predicate: narrative_ontology:omega_variable/3
Warning:    Use :- discontiguous constraint_lycurgan_laws__demographic_trap_reading:omega_variable/5. to suppress this message
Warning: /home/scott/bin/structural_dynamics_model/prolog/testsets/lycurgan_laws__demographic_trap_reading.pl:286:
Warning:    Clauses of constraint_lycurgan_laws__demographic_trap_reading:omega_variable/5 are not together in the source-file
Warning:    Earlier definition at /home/scott/bin/structural_dynamics_model/prolog/testsets/lycurgan_laws__demographic_trap_reading.pl:256
Warning:    Current predicate: narrative_ontology:omega_variable/3
Warning:    Use :- discontiguous constraint_lycurgan_laws__demographic_trap_reading:omega_variable/5. to suppress this message
Warning: /home/scott/bin/structural_dynamics_model/prolog/testsets/maat_order_principle__reciprocity_reading.pl:203:
Warning:    Clauses of constraint_maat_order_principle__reciprocity_reading:omega_variable/5 are not together in the source-file
Warning:    Earlier definition at /home/scott/bin/structural_dynamics_model/prolog/testsets/maat_order_principle__reciprocity_reading.pl:193
Warning:    Current predicate: narrative_ontology:omega_variable/3
Warning:    Use :- discontiguous constraint_maat_order_principle__reciprocity_reading:omega_variable/5. to suppress this message
Warning: /home/scott/bin/structural_dynamics_model/prolog/testsets/maat_order_principle__reciprocity_reading.pl:213:
Warning:    Clauses of constraint_maat_order_principle__reciprocity_reading:omega_variable/5 are not together in the source-file
Warning:    Earlier definition at /home/scott/bin/structural_dynamics_model/prolog/testsets/maat_order_principle__reciprocity_reading.pl:193
Warning:    Current predicate: narrative_ontology:omega_variable/3
Warning:    Use :- discontiguous constraint_maat_order_principle__reciprocity_reading:omega_variable/5. to suppress this message
Warning: /home/scott/bin/structural_dynamics_model/prolog/testsets/maat_order_principle__reciprocity_reading.pl:223:
Warning:    Clauses of constraint_maat_order_principle__reciprocity_reading:omega_variable/5 are not together in the source-file
Warning:    Earlier definition at /home/scott/bin/structural_dynamics_model/prolog/testsets/maat_order_principle__reciprocity_reading.pl:193
Warning:    Current predicate: narrative_ontology:omega_variable/3
Warning:    Use :- discontiguous constraint_maat_order_principle__reciprocity_reading:omega_variable/5. to suppress this message
Warning: /home/scott/bin/structural_dynamics_model/prolog/testsets/marriage_authority__judicial_harmonization_reading.pl:206:
Warning:    Clauses of constraint_marriage_authority__judicial_harmonization_reading:omega_variable/5 are not together in the source-file
Warning:    Earlier definition at /home/scott/bin/structural_dynamics_model/prolog/testsets/marriage_authority__judicial_harmonization_reading.pl:196
Warning:    Current predicate: narrative_ontology:omega_variable/3
Warning:    Use :- discontiguous constraint_marriage_authority__judicial_harmonization_reading:omega_variable/5. to suppress this message
Warning: /home/scott/bin/structural_dynamics_model/prolog/testsets/marriage_authority__judicial_harmonization_reading.pl:216:
Warning:    Clauses of constraint_marriage_authority__judicial_harmonization_reading:omega_variable/5 are not together in the source-file
Warning:    Earlier definition at /home/scott/bin/structural_dynamics_model/prolog/testsets/marriage_authority__judicial_harmonization_reading.pl:196
Warning:    Current predicate: narrative_ontology:omega_variable/3
Warning:    Use :- discontiguous constraint_marriage_authority__judicial_harmonization_reading:omega_variable/5. to suppress this message
Warning: /home/scott/bin/structural_dynamics_model/prolog/testsets/marriage_authority__judicial_harmonization_reading.pl:226:
Warning:    Clauses of constraint_marriage_authority__judicial_harmonization_reading:omega_variable/5 are not together in the source-file
Warning:    Earlier definition at /home/scott/bin/structural_dynamics_model/prolog/testsets/marriage_authority__judicial_harmonization_reading.pl:196
Warning:    Current predicate: narrative_ontology:omega_variable/3
Warning:    Use :- discontiguous constraint_marriage_authority__judicial_harmonization_reading:omega_variable/5. to suppress this message
Warning: /home/scott/bin/structural_dynamics_model/prolog/testsets/marriage_authority__judicial_harmonization_reading.pl:236:
Warning:    Clauses of constraint_marriage_authority__judicial_harmonization_reading:omega_variable/5 are not together in the source-file
Warning:    Earlier definition at /home/scott/bin/structural_dynamics_model/prolog/testsets/marriage_authority__judicial_harmonization_reading.pl:196
Warning:    Current predicate: narrative_ontology:omega_variable/3
Warning:    Use :- discontiguous constraint_marriage_authority__judicial_harmonization_reading:omega_variable/5. to suppress this message
Warning: /home/scott/bin/structural_dynamics_model/prolog/testsets/measurement_architecture_reading.pl:253:
Warning:    Clauses of constraint_measurement_architecture_reading:omega_variable/5 are not together in the source-file
Warning:    Earlier definition at /home/scott/bin/structural_dynamics_model/prolog/testsets/measurement_architecture_reading.pl:243
Warning:    Current predicate: narrative_ontology:omega_variable/3
Warning:    Use :- discontiguous constraint_measurement_architecture_reading:omega_variable/5. to suppress this message
Warning: /home/scott/bin/structural_dynamics_model/prolog/testsets/measurement_architecture_reading.pl:263:
Warning:    Clauses of constraint_measurement_architecture_reading:omega_variable/5 are not together in the source-file
Warning:    Earlier definition at /home/scott/bin/structural_dynamics_model/prolog/testsets/measurement_architecture_reading.pl:243
Warning:    Current predicate: narrative_ontology:omega_variable/3
Warning:    Use :- discontiguous constraint_measurement_architecture_reading:omega_variable/5. to suppress this message
Warning: /home/scott/bin/structural_dynamics_model/prolog/testsets/measurement_authority_decoupling.pl:230:
Warning:    Clauses of constraint_measurement_authority_decoupling:omega_variable/5 are not together in the source-file
Warning:    Earlier definition at /home/scott/bin/structural_dynamics_model/prolog/testsets/measurement_authority_decoupling.pl:220
Warning:    Current predicate: narrative_ontology:omega_variable/3
Warning:    Use :- discontiguous constraint_measurement_authority_decoupling:omega_variable/5. to suppress this message
Warning: /home/scott/bin/structural_dynamics_model/prolog/testsets/mechanism_defensibility_burden.pl:228:
Warning:    Clauses of constraint_mechanism_defensibility_burden:omega_variable/5 are not together in the source-file
Warning:    Earlier definition at /home/scott/bin/structural_dynamics_model/prolog/testsets/mechanism_defensibility_burden.pl:218
Warning:    Current predicate: narrative_ontology:omega_variable/3
Warning:    Use :- discontiguous constraint_mechanism_defensibility_burden:omega_variable/5. to suppress this message
Warning: /home/scott/bin/structural_dynamics_model/prolog/testsets/mitochondrial_demand_signal_deficiency.pl:238:
Warning:    Clauses of constraint_mitochondrial_demand_signal_deficiency:omega_variable/5 are not together in the source-file
Warning:    Earlier definition at /home/scott/bin/structural_dynamics_model/prolog/testsets/mitochondrial_demand_signal_deficiency.pl:228
Warning:    Current predicate: narrative_ontology:omega_variable/3
Warning:    Use :- discontiguous constraint_mitochondrial_demand_signal_deficiency:omega_variable/5. to suppress this message
Warning: /home/scott/bin/structural_dynamics_model/prolog/testsets/mitochondrial_demand_signal_deficiency.pl:248:
Warning:    Clauses of constraint_mitochondrial_demand_signal_deficiency:omega_variable/5 are not together in the source-file
Warning:    Earlier definition at /home/scott/bin/structural_dynamics_model/prolog/testsets/mitochondrial_demand_signal_deficiency.pl:228
Warning:    Current predicate: narrative_ontology:omega_variable/3
Warning:    Use :- discontiguous constraint_mitochondrial_demand_signal_deficiency:omega_variable/5. to suppress this message
Warning: /home/scott/bin/structural_dynamics_model/prolog/testsets/mitochondrial_demand_signal_deficiency.pl:258:
Warning:    Clauses of constraint_mitochondrial_demand_signal_deficiency:omega_variable/5 are not together in the source-file
Warning:    Earlier definition at /home/scott/bin/structural_dynamics_model/prolog/testsets/mitochondrial_demand_signal_deficiency.pl:228
Warning:    Current predicate: narrative_ontology:omega_variable/3
Warning:    Use :- discontiguous constraint_mitochondrial_demand_signal_deficiency:omega_variable/5. to suppress this message
Warning: /home/scott/bin/structural_dynamics_model/prolog/testsets/model_collapse_feedback.pl:246:
Warning:    Clauses of constraint_model_collapse_feedback:omega_variable/5 are not together in the source-file
Warning:    Earlier definition at /home/scott/bin/structural_dynamics_model/prolog/testsets/model_collapse_feedback.pl:236
Warning:    Current predicate: narrative_ontology:omega_variable/3
Warning:    Use :- discontiguous constraint_model_collapse_feedback:omega_variable/5. to suppress this message
Warning: /home/scott/bin/structural_dynamics_model/prolog/testsets/model_collapse_feedback.pl:256:
Warning:    Clauses of constraint_model_collapse_feedback:omega_variable/5 are not together in the source-file
Warning:    Earlier definition at /home/scott/bin/structural_dynamics_model/prolog/testsets/model_collapse_feedback.pl:236
Warning:    Current predicate: narrative_ontology:omega_variable/3
Warning:    Use :- discontiguous constraint_model_collapse_feedback:omega_variable/5. to suppress this message
Warning: /home/scott/bin/structural_dynamics_model/prolog/testsets/model_collapse_feedback.pl:266:
Warning:    Clauses of constraint_model_collapse_feedback:omega_variable/5 are not together in the source-file
Warning:    Earlier definition at /home/scott/bin/structural_dynamics_model/prolog/testsets/model_collapse_feedback.pl:236
Warning:    Current predicate: narrative_ontology:omega_variable/3
Warning:    Use :- discontiguous constraint_model_collapse_feedback:omega_variable/5. to suppress this message
Warning: /home/scott/bin/structural_dynamics_model/prolog/testsets/money_governance_coupling_flat_control.pl:243:
Warning:    Clauses of constraint_money_governance_coupling_flat_control:omega_variable/5 are not together in the source-file
Warning:    Earlier definition at /home/scott/bin/structural_dynamics_model/prolog/testsets/money_governance_coupling_flat_control.pl:233
Warning:    Current predicate: narrative_ontology:omega_variable/3
Warning:    Use :- discontiguous constraint_money_governance_coupling_flat_control:omega_variable/5. to suppress this message
Warning: /home/scott/bin/structural_dynamics_model/prolog/testsets/money_governance_coupling_flat_control.pl:253:
Warning:    Clauses of constraint_money_governance_coupling_flat_control:omega_variable/5 are not together in the source-file
Warning:    Earlier definition at /home/scott/bin/structural_dynamics_model/prolog/testsets/money_governance_coupling_flat_control.pl:233
Warning:    Current predicate: narrative_ontology:omega_variable/3
Warning:    Use :- discontiguous constraint_money_governance_coupling_flat_control:omega_variable/5. to suppress this message
Warning: /home/scott/bin/structural_dynamics_model/prolog/testsets/moral_causation_locus_flat_control.pl:228:
Warning:    Clauses of constraint_moral_causation_locus_flat_control:omega_variable/5 are not together in the source-file
Warning:    Earlier definition at /home/scott/bin/structural_dynamics_model/prolog/testsets/moral_causation_locus_flat_control.pl:218
Warning:    Current predicate: narrative_ontology:omega_variable/3
Warning:    Use :- discontiguous constraint_moral_causation_locus_flat_control:omega_variable/5. to suppress this message
Warning: /home/scott/bin/structural_dynamics_model/prolog/testsets/moral_causation_locus_flat_control.pl:238:
Warning:    Clauses of constraint_moral_causation_locus_flat_control:omega_variable/5 are not together in the source-file
Warning:    Earlier definition at /home/scott/bin/structural_dynamics_model/prolog/testsets/moral_causation_locus_flat_control.pl:218
Warning:    Current predicate: narrative_ontology:omega_variable/3
Warning:    Use :- discontiguous constraint_moral_causation_locus_flat_control:omega_variable/5. to suppress this message
Warning: /home/scott/bin/structural_dynamics_model/prolog/testsets/moral_causation_locus_flat_control.pl:248:
Warning:    Clauses of constraint_moral_causation_locus_flat_control:omega_variable/5 are not together in the source-file
Warning:    Earlier definition at /home/scott/bin/structural_dynamics_model/prolog/testsets/moral_causation_locus_flat_control.pl:218
Warning:    Current predicate: narrative_ontology:omega_variable/3
Warning:    Use :- discontiguous constraint_moral_causation_locus_flat_control:omega_variable/5. to suppress this message
Warning: /home/scott/bin/structural_dynamics_model/prolog/testsets/nad_precursor_bioavailability.pl:219:
Warning:    Clauses of constraint_nad_precursor_bioavailability:omega_variable/5 are not together in the source-file
Warning:    Earlier definition at /home/scott/bin/structural_dynamics_model/prolog/testsets/nad_precursor_bioavailability.pl:209
Warning:    Current predicate: narrative_ontology:omega_variable/3
Warning:    Use :- discontiguous constraint_nad_precursor_bioavailability:omega_variable/5. to suppress this message
Warning: /home/scott/bin/structural_dynamics_model/prolog/testsets/nad_precursor_bioavailability.pl:229:
Warning:    Clauses of constraint_nad_precursor_bioavailability:omega_variable/5 are not together in the source-file
Warning:    Earlier definition at /home/scott/bin/structural_dynamics_model/prolog/testsets/nad_precursor_bioavailability.pl:209
Warning:    Current predicate: narrative_ontology:omega_variable/3
Warning:    Use :- discontiguous constraint_nad_precursor_bioavailability:omega_variable/5. to suppress this message
Warning: /home/scott/bin/structural_dynamics_model/prolog/testsets/nad_precursor_bioavailability.pl:239:
Warning:    Clauses of constraint_nad_precursor_bioavailability:omega_variable/5 are not together in the source-file
Warning:    Earlier definition at /home/scott/bin/structural_dynamics_model/prolog/testsets/nad_precursor_bioavailability.pl:209
Warning:    Current predicate: narrative_ontology:omega_variable/3
Warning:    Use :- discontiguous constraint_nad_precursor_bioavailability:omega_variable/5. to suppress this message
Warning: /home/scott/bin/structural_dynamics_model/prolog/testsets/neutron_star_bombardment_reading.pl:252:
Warning:    Clauses of constraint_neutron_star_bombardment_reading:omega_variable/5 are not together in the source-file
Warning:    Earlier definition at /home/scott/bin/structural_dynamics_model/prolog/testsets/neutron_star_bombardment_reading.pl:242
Warning:    Current predicate: narrative_ontology:omega_variable/3
Warning:    Use :- discontiguous constraint_neutron_star_bombardment_reading:omega_variable/5. to suppress this message
Warning: /home/scott/bin/structural_dynamics_model/prolog/testsets/neutron_star_bombardment_reading.pl:262:
Warning:    Clauses of constraint_neutron_star_bombardment_reading:omega_variable/5 are not together in the source-file
Warning:    Earlier definition at /home/scott/bin/structural_dynamics_model/prolog/testsets/neutron_star_bombardment_reading.pl:242
Warning:    Current predicate: narrative_ontology:omega_variable/3
Warning:    Use :- discontiguous constraint_neutron_star_bombardment_reading:omega_variable/5. to suppress this message
Warning: /home/scott/bin/structural_dynamics_model/prolog/testsets/neutron_star_bombardment_reading.pl:272:
Warning:    Clauses of constraint_neutron_star_bombardment_reading:omega_variable/5 are not together in the source-file
Warning:    Earlier definition at /home/scott/bin/structural_dynamics_model/prolog/testsets/neutron_star_bombardment_reading.pl:242
Warning:    Current predicate: narrative_ontology:omega_variable/3
Warning:    Use :- discontiguous constraint_neutron_star_bombardment_reading:omega_variable/5. to suppress this message
Warning: /home/scott/bin/structural_dynamics_model/prolog/testsets/nicene_creed_authority__liturgical_habituation_reading.pl:196:
Warning:    Clauses of constraint_nicene_creed_authority__liturgical_habituation_reading:omega_variable/5 are not together in the source-file
Warning:    Earlier definition at /home/scott/bin/structural_dynamics_model/prolog/testsets/nicene_creed_authority__liturgical_habituation_reading.pl:186
Warning:    Current predicate: narrative_ontology:omega_variable/3
Warning:    Use :- discontiguous constraint_nicene_creed_authority__liturgical_habituation_reading:omega_variable/5. to suppress this message
Warning: /home/scott/bin/structural_dynamics_model/prolog/testsets/nicene_creed_authority__liturgical_habituation_reading.pl:206:
Warning:    Clauses of constraint_nicene_creed_authority__liturgical_habituation_reading:omega_variable/5 are not together in the source-file
Warning:    Earlier definition at /home/scott/bin/structural_dynamics_model/prolog/testsets/nicene_creed_authority__liturgical_habituation_reading.pl:186
Warning:    Current predicate: narrative_ontology:omega_variable/3
Warning:    Use :- discontiguous constraint_nicene_creed_authority__liturgical_habituation_reading:omega_variable/5. to suppress this message
Warning: /home/scott/bin/structural_dynamics_model/prolog/testsets/nicene_creed_authority__liturgical_habituation_reading.pl:216:
Warning:    Clauses of constraint_nicene_creed_authority__liturgical_habituation_reading:omega_variable/5 are not together in the source-file
Warning:    Earlier definition at /home/scott/bin/structural_dynamics_model/prolog/testsets/nicene_creed_authority__liturgical_habituation_reading.pl:186
Warning:    Current predicate: narrative_ontology:omega_variable/3
Warning:    Use :- discontiguous constraint_nicene_creed_authority__liturgical_habituation_reading:omega_variable/5. to suppress this message
Warning: /home/scott/bin/structural_dynamics_model/prolog/testsets/nicene_creed_authority__liturgical_habituation_reading.pl:226:
Warning:    Clauses of constraint_nicene_creed_authority__liturgical_habituation_reading:omega_variable/5 are not together in the source-file
Warning:    Earlier definition at /home/scott/bin/structural_dynamics_model/prolog/testsets/nicene_creed_authority__liturgical_habituation_reading.pl:186
Warning:    Current predicate: narrative_ontology:omega_variable/3
Warning:    Use :- discontiguous constraint_nicene_creed_authority__liturgical_habituation_reading:omega_variable/5. to suppress this message
Warning: /home/scott/bin/structural_dynamics_model/prolog/testsets/notability_guidelines__deliberative_reading.pl:252:
Warning:    Clauses of constraint_notability_guidelines__deliberative_reading:omega_variable/5 are not together in the source-file
Warning:    Earlier definition at /home/scott/bin/structural_dynamics_model/prolog/testsets/notability_guidelines__deliberative_reading.pl:242
Warning:    Current predicate: narrative_ontology:omega_variable/3
Warning:    Use :- discontiguous constraint_notability_guidelines__deliberative_reading:omega_variable/5. to suppress this message
Warning: /home/scott/bin/structural_dynamics_model/prolog/testsets/notability_guidelines__deliberative_reading.pl:262:
Warning:    Clauses of constraint_notability_guidelines__deliberative_reading:omega_variable/5 are not together in the source-file
Warning:    Earlier definition at /home/scott/bin/structural_dynamics_model/prolog/testsets/notability_guidelines__deliberative_reading.pl:242
Warning:    Current predicate: narrative_ontology:omega_variable/3
Warning:    Use :- discontiguous constraint_notability_guidelines__deliberative_reading:omega_variable/5. to suppress this message
Warning: /home/scott/bin/structural_dynamics_model/prolog/testsets/ontological_commitment_reading.pl:239:
Warning:    Clauses of constraint_ontological_commitment_reading:omega_variable/5 are not together in the source-file
Warning:    Earlier definition at /home/scott/bin/structural_dynamics_model/prolog/testsets/ontological_commitment_reading.pl:229
Warning:    Current predicate: narrative_ontology:omega_variable/3
Warning:    Use :- discontiguous constraint_ontological_commitment_reading:omega_variable/5. to suppress this message
Warning: /home/scott/bin/structural_dynamics_model/prolog/testsets/ontological_commitment_reading.pl:249:
Warning:    Clauses of constraint_ontological_commitment_reading:omega_variable/5 are not together in the source-file
Warning:    Earlier definition at /home/scott/bin/structural_dynamics_model/prolog/testsets/ontological_commitment_reading.pl:229
Warning:    Current predicate: narrative_ontology:omega_variable/3
Warning:    Use :- discontiguous constraint_ontological_commitment_reading:omega_variable/5. to suppress this message
Warning: /home/scott/bin/structural_dynamics_model/prolog/testsets/operational_security_reading.pl:257:
Warning:    Clauses of constraint_operational_security_reading:omega_variable/5 are not together in the source-file
Warning:    Earlier definition at /home/scott/bin/structural_dynamics_model/prolog/testsets/operational_security_reading.pl:247
Warning:    Current predicate: narrative_ontology:omega_variable/3
Warning:    Use :- discontiguous constraint_operational_security_reading:omega_variable/5. to suppress this message
Warning: /home/scott/bin/structural_dynamics_model/prolog/testsets/operational_security_reading.pl:267:
Warning:    Clauses of constraint_operational_security_reading:omega_variable/5 are not together in the source-file
Warning:    Earlier definition at /home/scott/bin/structural_dynamics_model/prolog/testsets/operational_security_reading.pl:247
Warning:    Current predicate: narrative_ontology:omega_variable/3
Warning:    Use :- discontiguous constraint_operational_security_reading:omega_variable/5. to suppress this message
Warning: /home/scott/bin/structural_dynamics_model/prolog/testsets/organization_floor_c0.pl:249:
Warning:    Clauses of constraint_organization_floor_c0:omega_variable/5 are not together in the source-file
Warning:    Earlier definition at /home/scott/bin/structural_dynamics_model/prolog/testsets/organization_floor_c0.pl:239
Warning:    Current predicate: narrative_ontology:omega_variable/3
Warning:    Use :- discontiguous constraint_organization_floor_c0:omega_variable/5. to suppress this message
Warning: /home/scott/bin/structural_dynamics_model/prolog/testsets/organization_floor_c0.pl:259:
Warning:    Clauses of constraint_organization_floor_c0:omega_variable/5 are not together in the source-file
Warning:    Earlier definition at /home/scott/bin/structural_dynamics_model/prolog/testsets/organization_floor_c0.pl:239
Warning:    Current predicate: narrative_ontology:omega_variable/3
Warning:    Use :- discontiguous constraint_organization_floor_c0:omega_variable/5. to suppress this message
Warning: /home/scott/bin/structural_dynamics_model/prolog/testsets/paper_ready_boundary_flat_control.pl:222:
Warning:    Clauses of constraint_paper_ready_boundary_flat_control:omega_variable/5 are not together in the source-file
Warning:    Earlier definition at /home/scott/bin/structural_dynamics_model/prolog/testsets/paper_ready_boundary_flat_control.pl:212
Warning:    Current predicate: narrative_ontology:omega_variable/3
Warning:    Use :- discontiguous constraint_paper_ready_boundary_flat_control:omega_variable/5. to suppress this message
Warning: /home/scott/bin/structural_dynamics_model/prolog/testsets/paper_ready_boundary_flat_control.pl:232:
Warning:    Clauses of constraint_paper_ready_boundary_flat_control:omega_variable/5 are not together in the source-file
Warning:    Earlier definition at /home/scott/bin/structural_dynamics_model/prolog/testsets/paper_ready_boundary_flat_control.pl:212
Warning:    Current predicate: narrative_ontology:omega_variable/3
Warning:    Use :- discontiguous constraint_paper_ready_boundary_flat_control:omega_variable/5. to suppress this message
Warning: /home/scott/bin/structural_dynamics_model/prolog/testsets/partition_choice_reading.pl:245:
Warning:    Clauses of constraint_partition_choice_reading:omega_variable/5 are not together in the source-file
Warning:    Earlier definition at /home/scott/bin/structural_dynamics_model/prolog/testsets/partition_choice_reading.pl:235
Warning:    Current predicate: narrative_ontology:omega_variable/3
Warning:    Use :- discontiguous constraint_partition_choice_reading:omega_variable/5. to suppress this message
Warning: /home/scott/bin/structural_dynamics_model/prolog/testsets/partition_choice_reading.pl:255:
Warning:    Clauses of constraint_partition_choice_reading:omega_variable/5 are not together in the source-file
Warning:    Earlier definition at /home/scott/bin/structural_dynamics_model/prolog/testsets/partition_choice_reading.pl:235
Warning:    Current predicate: narrative_ontology:omega_variable/3
Warning:    Use :- discontiguous constraint_partition_choice_reading:omega_variable/5. to suppress this message
Warning: /home/scott/bin/structural_dynamics_model/prolog/testsets/performance_legitimacy_flat_control.pl:261:
Warning:    Clauses of constraint_performance_legitimacy_flat_control:omega_variable/5 are not together in the source-file
Warning:    Earlier definition at /home/scott/bin/structural_dynamics_model/prolog/testsets/performance_legitimacy_flat_control.pl:251
Warning:    Current predicate: narrative_ontology:omega_variable/3
Warning:    Use :- discontiguous constraint_performance_legitimacy_flat_control:omega_variable/5. to suppress this message
Warning: /home/scott/bin/structural_dynamics_model/prolog/testsets/performance_legitimacy_flat_control.pl:271:
Warning:    Clauses of constraint_performance_legitimacy_flat_control:omega_variable/5 are not together in the source-file
Warning:    Earlier definition at /home/scott/bin/structural_dynamics_model/prolog/testsets/performance_legitimacy_flat_control.pl:251
Warning:    Current predicate: narrative_ontology:omega_variable/3
Warning:    Use :- discontiguous constraint_performance_legitimacy_flat_control:omega_variable/5. to suppress this message
Warning: /home/scott/bin/structural_dynamics_model/prolog/testsets/performance_legitimacy_flat_control.pl:281:
Warning:    Clauses of constraint_performance_legitimacy_flat_control:omega_variable/5 are not together in the source-file
Warning:    Earlier definition at /home/scott/bin/structural_dynamics_model/prolog/testsets/performance_legitimacy_flat_control.pl:251
Warning:    Current predicate: narrative_ontology:omega_variable/3
Warning:    Use :- discontiguous constraint_performance_legitimacy_flat_control:omega_variable/5. to suppress this message
Warning: /home/scott/bin/structural_dynamics_model/prolog/testsets/performance_legitimacy_flat_control.pl:291:
Warning:    Clauses of constraint_performance_legitimacy_flat_control:omega_variable/5 are not together in the source-file
Warning:    Earlier definition at /home/scott/bin/structural_dynamics_model/prolog/testsets/performance_legitimacy_flat_control.pl:251
Warning:    Current predicate: narrative_ontology:omega_variable/3
Warning:    Use :- discontiguous constraint_performance_legitimacy_flat_control:omega_variable/5. to suppress this message
Warning: /home/scott/bin/structural_dynamics_model/prolog/testsets/personhood_boundary_kernel_flat_control.pl:234:
Warning:    Clauses of constraint_personhood_boundary_kernel_flat_control:omega_variable/5 are not together in the source-file
Warning:    Earlier definition at /home/scott/bin/structural_dynamics_model/prolog/testsets/personhood_boundary_kernel_flat_control.pl:224
Warning:    Current predicate: narrative_ontology:omega_variable/3
Warning:    Use :- discontiguous constraint_personhood_boundary_kernel_flat_control:omega_variable/5. to suppress this message
Warning: /home/scott/bin/structural_dynamics_model/prolog/testsets/personhood_boundary_kernel_flat_control.pl:244:
Warning:    Clauses of constraint_personhood_boundary_kernel_flat_control:omega_variable/5 are not together in the source-file
Warning:    Earlier definition at /home/scott/bin/structural_dynamics_model/prolog/testsets/personhood_boundary_kernel_flat_control.pl:224
Warning:    Current predicate: narrative_ontology:omega_variable/3
Warning:    Use :- discontiguous constraint_personhood_boundary_kernel_flat_control:omega_variable/5. to suppress this message
Warning: /home/scott/bin/structural_dynamics_model/prolog/testsets/personhood_continuity_reading.pl:270:
Warning:    Clauses of constraint_personhood_continuity_reading:omega_variable/5 are not together in the source-file
Warning:    Earlier definition at /home/scott/bin/structural_dynamics_model/prolog/testsets/personhood_continuity_reading.pl:260
Warning:    Current predicate: narrative_ontology:omega_variable/3
Warning:    Use :- discontiguous constraint_personhood_continuity_reading:omega_variable/5. to suppress this message
Warning: /home/scott/bin/structural_dynamics_model/prolog/testsets/personhood_continuity_reading.pl:280:
Warning:    Clauses of constraint_personhood_continuity_reading:omega_variable/5 are not together in the source-file
Warning:    Earlier definition at /home/scott/bin/structural_dynamics_model/prolog/testsets/personhood_continuity_reading.pl:260
Warning:    Current predicate: narrative_ontology:omega_variable/3
Warning:    Use :- discontiguous constraint_personhood_continuity_reading:omega_variable/5. to suppress this message
Warning: /home/scott/bin/structural_dynamics_model/prolog/testsets/phenomenological_endorsement_reading.pl:256:
Warning:    Clauses of constraint_phenomenological_endorsement_reading:omega_variable/5 are not together in the source-file
Warning:    Earlier definition at /home/scott/bin/structural_dynamics_model/prolog/testsets/phenomenological_endorsement_reading.pl:246
Warning:    Current predicate: narrative_ontology:omega_variable/3
Warning:    Use :- discontiguous constraint_phenomenological_endorsement_reading:omega_variable/5. to suppress this message
Warning: /home/scott/bin/structural_dynamics_model/prolog/testsets/phenomenological_endorsement_reading.pl:266:
Warning:    Clauses of constraint_phenomenological_endorsement_reading:omega_variable/5 are not together in the source-file
Warning:    Earlier definition at /home/scott/bin/structural_dynamics_model/prolog/testsets/phenomenological_endorsement_reading.pl:246
Warning:    Current predicate: narrative_ontology:omega_variable/3
Warning:    Use :- discontiguous constraint_phenomenological_endorsement_reading:omega_variable/5. to suppress this message
Warning: /home/scott/bin/structural_dynamics_model/prolog/testsets/polaris_document_status_flat_control.pl:221:
Warning:    Clauses of constraint_polaris_document_status_flat_control:omega_variable/5 are not together in the source-file
Warning:    Earlier definition at /home/scott/bin/structural_dynamics_model/prolog/testsets/polaris_document_status_flat_control.pl:211
Warning:    Current predicate: narrative_ontology:omega_variable/3
Warning:    Use :- discontiguous constraint_polaris_document_status_flat_control:omega_variable/5. to suppress this message
Warning: /home/scott/bin/structural_dynamics_model/prolog/testsets/polaris_document_status_flat_control.pl:231:
Warning:    Clauses of constraint_polaris_document_status_flat_control:omega_variable/5 are not together in the source-file
Warning:    Earlier definition at /home/scott/bin/structural_dynamics_model/prolog/testsets/polaris_document_status_flat_control.pl:211
Warning:    Current predicate: narrative_ontology:omega_variable/3
Warning:    Use :- discontiguous constraint_polaris_document_status_flat_control:omega_variable/5. to suppress this message
Warning: /home/scott/bin/structural_dynamics_model/prolog/testsets/post_evidentiary.pl:258:
Warning:    Clauses of constraint_post_evidentiary:omega_variable/5 are not together in the source-file
Warning:    Earlier definition at /home/scott/bin/structural_dynamics_model/prolog/testsets/post_evidentiary.pl:248
Warning:    Current predicate: narrative_ontology:omega_variable/3
Warning:    Use :- discontiguous constraint_post_evidentiary:omega_variable/5. to suppress this message
Warning: /home/scott/bin/structural_dynamics_model/prolog/testsets/post_evidentiary.pl:268:
Warning:    Clauses of constraint_post_evidentiary:omega_variable/5 are not together in the source-file
Warning:    Earlier definition at /home/scott/bin/structural_dynamics_model/prolog/testsets/post_evidentiary.pl:248
Warning:    Current predicate: narrative_ontology:omega_variable/3
Warning:    Use :- discontiguous constraint_post_evidentiary:omega_variable/5. to suppress this message
Warning: /home/scott/bin/structural_dynamics_model/prolog/testsets/post_evidentiary.pl:278:
Warning:    Clauses of constraint_post_evidentiary:omega_variable/5 are not together in the source-file
Warning:    Earlier definition at /home/scott/bin/structural_dynamics_model/prolog/testsets/post_evidentiary.pl:248
Warning:    Current predicate: narrative_ontology:omega_variable/3
Warning:    Use :- discontiguous constraint_post_evidentiary:omega_variable/5. to suppress this message
Warning: /home/scott/bin/structural_dynamics_model/prolog/testsets/pragmatic_action_reading.pl:236:
Warning:    Clauses of constraint_pragmatic_action_reading:omega_variable/5 are not together in the source-file
Warning:    Earlier definition at /home/scott/bin/structural_dynamics_model/prolog/testsets/pragmatic_action_reading.pl:226
Warning:    Current predicate: narrative_ontology:omega_variable/3
Warning:    Use :- discontiguous constraint_pragmatic_action_reading:omega_variable/5. to suppress this message
Warning: /home/scott/bin/structural_dynamics_model/prolog/testsets/pragmatic_action_reading.pl:246:
Warning:    Clauses of constraint_pragmatic_action_reading:omega_variable/5 are not together in the source-file
Warning:    Earlier definition at /home/scott/bin/structural_dynamics_model/prolog/testsets/pragmatic_action_reading.pl:226
Warning:    Current predicate: narrative_ontology:omega_variable/3
Warning:    Use :- discontiguous constraint_pragmatic_action_reading:omega_variable/5. to suppress this message
Warning: /home/scott/bin/structural_dynamics_model/prolog/testsets/pre_public_initiative_reading.pl:225:
Warning:    Clauses of constraint_pre_public_initiative_reading:omega_variable/5 are not together in the source-file
Warning:    Earlier definition at /home/scott/bin/structural_dynamics_model/prolog/testsets/pre_public_initiative_reading.pl:215
Warning:    Current predicate: narrative_ontology:omega_variable/3
Warning:    Use :- discontiguous constraint_pre_public_initiative_reading:omega_variable/5. to suppress this message
Warning: /home/scott/bin/structural_dynamics_model/prolog/testsets/pre_public_initiative_reading.pl:235:
Warning:    Clauses of constraint_pre_public_initiative_reading:omega_variable/5 are not together in the source-file
Warning:    Earlier definition at /home/scott/bin/structural_dynamics_model/prolog/testsets/pre_public_initiative_reading.pl:215
Warning:    Current predicate: narrative_ontology:omega_variable/3
Warning:    Use :- discontiguous constraint_pre_public_initiative_reading:omega_variable/5. to suppress this message
Warning: /home/scott/bin/structural_dynamics_model/prolog/testsets/pre_public_initiative_reading.pl:245:
Warning:    Clauses of constraint_pre_public_initiative_reading:omega_variable/5 are not together in the source-file
Warning:    Earlier definition at /home/scott/bin/structural_dynamics_model/prolog/testsets/pre_public_initiative_reading.pl:215
Warning:    Current predicate: narrative_ontology:omega_variable/3
Warning:    Use :- discontiguous constraint_pre_public_initiative_reading:omega_variable/5. to suppress this message
Warning: /home/scott/bin/structural_dynamics_model/prolog/testsets/predictive_synthesis_reading.pl:260:
Warning:    Clauses of constraint_predictive_synthesis_reading:omega_variable/5 are not together in the source-file
Warning:    Earlier definition at /home/scott/bin/structural_dynamics_model/prolog/testsets/predictive_synthesis_reading.pl:250
Warning:    Current predicate: narrative_ontology:omega_variable/3
Warning:    Use :- discontiguous constraint_predictive_synthesis_reading:omega_variable/5. to suppress this message
Warning: /home/scott/bin/structural_dynamics_model/prolog/testsets/prerequisite_debt_reading.pl:245:
Warning:    Clauses of constraint_prerequisite_debt_reading:omega_variable/5 are not together in the source-file
Warning:    Earlier definition at /home/scott/bin/structural_dynamics_model/prolog/testsets/prerequisite_debt_reading.pl:235
Warning:    Current predicate: narrative_ontology:omega_variable/3
Warning:    Use :- discontiguous constraint_prerequisite_debt_reading:omega_variable/5. to suppress this message
Warning: /home/scott/bin/structural_dynamics_model/prolog/testsets/prerequisite_debt_reading.pl:255:
Warning:    Clauses of constraint_prerequisite_debt_reading:omega_variable/5 are not together in the source-file
Warning:    Earlier definition at /home/scott/bin/structural_dynamics_model/prolog/testsets/prerequisite_debt_reading.pl:235
Warning:    Current predicate: narrative_ontology:omega_variable/3
Warning:    Use :- discontiguous constraint_prerequisite_debt_reading:omega_variable/5. to suppress this message
Warning: /home/scott/bin/structural_dynamics_model/prolog/testsets/press_reformation_causality__strategic_deployment.pl:281:
Warning:    Clauses of constraint_press_reformation_causality__strategic_deployment:omega_variable/5 are not together in the source-file
Warning:    Earlier definition at /home/scott/bin/structural_dynamics_model/prolog/testsets/press_reformation_causality__strategic_deployment.pl:271
Warning:    Current predicate: narrative_ontology:omega_variable/3
Warning:    Use :- discontiguous constraint_press_reformation_causality__strategic_deployment:omega_variable/5. to suppress this message
Warning: /home/scott/bin/structural_dynamics_model/prolog/testsets/press_reformation_causality__strategic_deployment.pl:291:
Warning:    Clauses of constraint_press_reformation_causality__strategic_deployment:omega_variable/5 are not together in the source-file
Warning:    Earlier definition at /home/scott/bin/structural_dynamics_model/prolog/testsets/press_reformation_causality__strategic_deployment.pl:271
Warning:    Current predicate: narrative_ontology:omega_variable/3
Warning:    Use :- discontiguous constraint_press_reformation_causality__strategic_deployment:omega_variable/5. to suppress this message
Warning: /home/scott/bin/structural_dynamics_model/prolog/testsets/press_reformation_causality__strategic_deployment.pl:301:
Warning:    Clauses of constraint_press_reformation_causality__strategic_deployment:omega_variable/5 are not together in the source-file
Warning:    Earlier definition at /home/scott/bin/structural_dynamics_model/prolog/testsets/press_reformation_causality__strategic_deployment.pl:271
Warning:    Current predicate: narrative_ontology:omega_variable/3
Warning:    Use :- discontiguous constraint_press_reformation_causality__strategic_deployment:omega_variable/5. to suppress this message
Warning: /home/scott/bin/structural_dynamics_model/prolog/testsets/press_reformation_causality__strategic_deployment.pl:311:
Warning:    Clauses of constraint_press_reformation_causality__strategic_deployment:omega_variable/5 are not together in the source-file
Warning:    Earlier definition at /home/scott/bin/structural_dynamics_model/prolog/testsets/press_reformation_causality__strategic_deployment.pl:271
Warning:    Current predicate: narrative_ontology:omega_variable/3
Warning:    Use :- discontiguous constraint_press_reformation_causality__strategic_deployment:omega_variable/5. to suppress this message
Warning: /home/scott/bin/structural_dynamics_model/prolog/testsets/press_reformation_causation__mutual_shaping.pl:239:
Warning:    Clauses of constraint_press_reformation_causation__mutual_shaping:omega_variable/5 are not together in the source-file
Warning:    Earlier definition at /home/scott/bin/structural_dynamics_model/prolog/testsets/press_reformation_causation__mutual_shaping.pl:229
Warning:    Current predicate: narrative_ontology:omega_variable/3
Warning:    Use :- discontiguous constraint_press_reformation_causation__mutual_shaping:omega_variable/5. to suppress this message
Warning: /home/scott/bin/structural_dynamics_model/prolog/testsets/press_reformation_causation__strategic_deployment.pl:268:
Warning:    Clauses of constraint_press_reformation_causation__strategic_deployment:omega_variable/5 are not together in the source-file
Warning:    Earlier definition at /home/scott/bin/structural_dynamics_model/prolog/testsets/press_reformation_causation__strategic_deployment.pl:258
Warning:    Current predicate: narrative_ontology:omega_variable/3
Warning:    Use :- discontiguous constraint_press_reformation_causation__strategic_deployment:omega_variable/5. to suppress this message
Warning: /home/scott/bin/structural_dynamics_model/prolog/testsets/press_reformation_causation__strategic_deployment.pl:278:
Warning:    Clauses of constraint_press_reformation_causation__strategic_deployment:omega_variable/5 are not together in the source-file
Warning:    Earlier definition at /home/scott/bin/structural_dynamics_model/prolog/testsets/press_reformation_causation__strategic_deployment.pl:258
Warning:    Current predicate: narrative_ontology:omega_variable/3
Warning:    Use :- discontiguous constraint_press_reformation_causation__strategic_deployment:omega_variable/5. to suppress this message
Warning: /home/scott/bin/structural_dynamics_model/prolog/testsets/press_reformation_causation__strategic_deployment.pl:288:
Warning:    Clauses of constraint_press_reformation_causation__strategic_deployment:omega_variable/5 are not together in the source-file
Warning:    Earlier definition at /home/scott/bin/structural_dynamics_model/prolog/testsets/press_reformation_causation__strategic_deployment.pl:258
Warning:    Current predicate: narrative_ontology:omega_variable/3
Warning:    Use :- discontiguous constraint_press_reformation_causation__strategic_deployment:omega_variable/5. to suppress this message
Warning: /home/scott/bin/structural_dynamics_model/prolog/testsets/procedural_fairness_as_severity_laundering.pl:219:
Warning:    Clauses of constraint_procedural_fairness_as_severity_laundering:omega_variable/5 are not together in the source-file
Warning:    Earlier definition at /home/scott/bin/structural_dynamics_model/prolog/testsets/procedural_fairness_as_severity_laundering.pl:209
Warning:    Current predicate: narrative_ontology:omega_variable/3
Warning:    Use :- discontiguous constraint_procedural_fairness_as_severity_laundering:omega_variable/5. to suppress this message
Warning: /home/scott/bin/structural_dynamics_model/prolog/testsets/procedural_fairness_as_severity_laundering.pl:229:
Warning:    Clauses of constraint_procedural_fairness_as_severity_laundering:omega_variable/5 are not together in the source-file
Warning:    Earlier definition at /home/scott/bin/structural_dynamics_model/prolog/testsets/procedural_fairness_as_severity_laundering.pl:209
Warning:    Current predicate: narrative_ontology:omega_variable/3
Warning:    Use :- discontiguous constraint_procedural_fairness_as_severity_laundering:omega_variable/5. to suppress this message
Warning: /home/scott/bin/structural_dynamics_model/prolog/testsets/process_transparency_reading.pl:273:
Warning:    Clauses of constraint_process_transparency_reading:omega_variable/5 are not together in the source-file
Warning:    Earlier definition at /home/scott/bin/structural_dynamics_model/prolog/testsets/process_transparency_reading.pl:263
Warning:    Current predicate: narrative_ontology:omega_variable/3
Warning:    Use :- discontiguous constraint_process_transparency_reading:omega_variable/5. to suppress this message
Warning: /home/scott/bin/structural_dynamics_model/prolog/testsets/process_transparency_reading.pl:283:
Warning:    Clauses of constraint_process_transparency_reading:omega_variable/5 are not together in the source-file
Warning:    Earlier definition at /home/scott/bin/structural_dynamics_model/prolog/testsets/process_transparency_reading.pl:263
Warning:    Current predicate: narrative_ontology:omega_variable/3
Warning:    Use :- discontiguous constraint_process_transparency_reading:omega_variable/5. to suppress this message
Warning: /home/scott/bin/structural_dynamics_model/prolog/testsets/procurement_inertia.pl:233:
Warning:    Clauses of constraint_procurement_inertia:omega_variable/5 are not together in the source-file
Warning:    Earlier definition at /home/scott/bin/structural_dynamics_model/prolog/testsets/procurement_inertia.pl:223
Warning:    Current predicate: narrative_ontology:omega_variable/3
Warning:    Use :- discontiguous constraint_procurement_inertia:omega_variable/5. to suppress this message
Warning: /home/scott/bin/structural_dynamics_model/prolog/testsets/procurement_inertia.pl:243:
Warning:    Clauses of constraint_procurement_inertia:omega_variable/5 are not together in the source-file
Warning:    Earlier definition at /home/scott/bin/structural_dynamics_model/prolog/testsets/procurement_inertia.pl:223
Warning:    Current predicate: narrative_ontology:omega_variable/3
Warning:    Use :- discontiguous constraint_procurement_inertia:omega_variable/5. to suppress this message
Warning: /home/scott/bin/structural_dynamics_model/prolog/testsets/propagation_speed_asymmetry.pl:289:
Warning:    Clauses of constraint_propagation_speed_asymmetry:omega_variable/5 are not together in the source-file
Warning:    Earlier definition at /home/scott/bin/structural_dynamics_model/prolog/testsets/propagation_speed_asymmetry.pl:279
Warning:    Current predicate: narrative_ontology:omega_variable/3
Warning:    Use :- discontiguous constraint_propagation_speed_asymmetry:omega_variable/5. to suppress this message
Warning: /home/scott/bin/structural_dynamics_model/prolog/testsets/propagation_speed_asymmetry.pl:299:
Warning:    Clauses of constraint_propagation_speed_asymmetry:omega_variable/5 are not together in the source-file
Warning:    Earlier definition at /home/scott/bin/structural_dynamics_model/prolog/testsets/propagation_speed_asymmetry.pl:279
Warning:    Current predicate: narrative_ontology:omega_variable/3
Warning:    Use :- discontiguous constraint_propagation_speed_asymmetry:omega_variable/5. to suppress this message
Warning: /home/scott/bin/structural_dynamics_model/prolog/testsets/propagation_speed_asymmetry.pl:309:
Warning:    Clauses of constraint_propagation_speed_asymmetry:omega_variable/5 are not together in the source-file
Warning:    Earlier definition at /home/scott/bin/structural_dynamics_model/prolog/testsets/propagation_speed_asymmetry.pl:279
Warning:    Current predicate: narrative_ontology:omega_variable/3
Warning:    Use :- discontiguous constraint_propagation_speed_asymmetry:omega_variable/5. to suppress this message
Warning: /home/scott/bin/structural_dynamics_model/prolog/testsets/property_sector_overhang.pl:264:
Warning:    Clauses of constraint_property_sector_overhang:omega_variable/5 are not together in the source-file
Warning:    Earlier definition at /home/scott/bin/structural_dynamics_model/prolog/testsets/property_sector_overhang.pl:254
Warning:    Current predicate: narrative_ontology:omega_variable/3
Warning:    Use :- discontiguous constraint_property_sector_overhang:omega_variable/5. to suppress this message
Warning: /home/scott/bin/structural_dynamics_model/prolog/testsets/property_sector_overhang.pl:274:
Warning:    Clauses of constraint_property_sector_overhang:omega_variable/5 are not together in the source-file
Warning:    Earlier definition at /home/scott/bin/structural_dynamics_model/prolog/testsets/property_sector_overhang.pl:254
Warning:    Current predicate: narrative_ontology:omega_variable/3
Warning:    Use :- discontiguous constraint_property_sector_overhang:omega_variable/5. to suppress this message
Warning: /home/scott/bin/structural_dynamics_model/prolog/testsets/property_sector_overhang.pl:284:
Warning:    Clauses of constraint_property_sector_overhang:omega_variable/5 are not together in the source-file
Warning:    Earlier definition at /home/scott/bin/structural_dynamics_model/prolog/testsets/property_sector_overhang.pl:254
Warning:    Current predicate: narrative_ontology:omega_variable/3
Warning:    Use :- discontiguous constraint_property_sector_overhang:omega_variable/5. to suppress this message
Warning: /home/scott/bin/structural_dynamics_model/prolog/testsets/protective_fiction_as_distributed_liability.pl:220:
Warning:    Clauses of constraint_protective_fiction_as_distributed_liability:omega_variable/5 are not together in the source-file
Warning:    Earlier definition at /home/scott/bin/structural_dynamics_model/prolog/testsets/protective_fiction_as_distributed_liability.pl:210
Warning:    Current predicate: narrative_ontology:omega_variable/3
Warning:    Use :- discontiguous constraint_protective_fiction_as_distributed_liability:omega_variable/5. to suppress this message
Warning: /home/scott/bin/structural_dynamics_model/prolog/testsets/protective_fiction_as_distributed_liability.pl:230:
Warning:    Clauses of constraint_protective_fiction_as_distributed_liability:omega_variable/5 are not together in the source-file
Warning:    Earlier definition at /home/scott/bin/structural_dynamics_model/prolog/testsets/protective_fiction_as_distributed_liability.pl:210
Warning:    Current predicate: narrative_ontology:omega_variable/3
Warning:    Use :- discontiguous constraint_protective_fiction_as_distributed_liability:omega_variable/5. to suppress this message
Warning: /home/scott/bin/structural_dynamics_model/prolog/testsets/protein_anabolic_resistance.pl:231:
Warning:    Clauses of constraint_protein_anabolic_resistance:omega_variable/5 are not together in the source-file
Warning:    Earlier definition at /home/scott/bin/structural_dynamics_model/prolog/testsets/protein_anabolic_resistance.pl:221
Warning:    Current predicate: narrative_ontology:omega_variable/3
Warning:    Use :- discontiguous constraint_protein_anabolic_resistance:omega_variable/5. to suppress this message
Warning: /home/scott/bin/structural_dynamics_model/prolog/testsets/protein_anabolic_resistance.pl:241:
Warning:    Clauses of constraint_protein_anabolic_resistance:omega_variable/5 are not together in the source-file
Warning:    Earlier definition at /home/scott/bin/structural_dynamics_model/prolog/testsets/protein_anabolic_resistance.pl:221
Warning:    Current predicate: narrative_ontology:omega_variable/3
Warning:    Use :- discontiguous constraint_protein_anabolic_resistance:omega_variable/5. to suppress this message
Warning: /home/scott/bin/structural_dynamics_model/prolog/testsets/protein_anabolic_resistance.pl:251:
Warning:    Clauses of constraint_protein_anabolic_resistance:omega_variable/5 are not together in the source-file
Warning:    Earlier definition at /home/scott/bin/structural_dynamics_model/prolog/testsets/protein_anabolic_resistance.pl:221
Warning:    Current predicate: narrative_ontology:omega_variable/3
Warning:    Use :- discontiguous constraint_protein_anabolic_resistance:omega_variable/5. to suppress this message
Warning: /home/scott/bin/structural_dynamics_model/prolog/testsets/qualified_immunity_doctrine__protective_scaffold_reading.pl:256:
Warning:    Clauses of constraint_qualified_immunity_doctrine__protective_scaffold_reading:omega_variable/5 are not together in the source-file
Warning:    Earlier definition at /home/scott/bin/structural_dynamics_model/prolog/testsets/qualified_immunity_doctrine__protective_scaffold_reading.pl:246
Warning:    Current predicate: narrative_ontology:omega_variable/3
Warning:    Use :- discontiguous constraint_qualified_immunity_doctrine__protective_scaffold_reading:omega_variable/5. to suppress this message
Warning: /home/scott/bin/structural_dynamics_model/prolog/testsets/qualified_immunity_doctrine__protective_scaffold_reading.pl:266:
Warning:    Clauses of constraint_qualified_immunity_doctrine__protective_scaffold_reading:omega_variable/5 are not together in the source-file
Warning:    Earlier definition at /home/scott/bin/structural_dynamics_model/prolog/testsets/qualified_immunity_doctrine__protective_scaffold_reading.pl:246
Warning:    Current predicate: narrative_ontology:omega_variable/3
Warning:    Use :- discontiguous constraint_qualified_immunity_doctrine__protective_scaffold_reading:omega_variable/5. to suppress this message
Warning: /home/scott/bin/structural_dynamics_model/prolog/testsets/qualitative_development_reading.pl:263:
Warning:    Clauses of constraint_qualitative_development_reading:omega_variable/5 are not together in the source-file
Warning:    Earlier definition at /home/scott/bin/structural_dynamics_model/prolog/testsets/qualitative_development_reading.pl:253
Warning:    Current predicate: narrative_ontology:omega_variable/3
Warning:    Use :- discontiguous constraint_qualitative_development_reading:omega_variable/5. to suppress this message
Warning: /home/scott/bin/structural_dynamics_model/prolog/testsets/qualitative_development_reading.pl:273:
Warning:    Clauses of constraint_qualitative_development_reading:omega_variable/5 are not together in the source-file
Warning:    Earlier definition at /home/scott/bin/structural_dynamics_model/prolog/testsets/qualitative_development_reading.pl:253
Warning:    Current predicate: narrative_ontology:omega_variable/3
Warning:    Use :- discontiguous constraint_qualitative_development_reading:omega_variable/5. to suppress this message
Warning: /home/scott/bin/structural_dynamics_model/prolog/testsets/quantitative_growth_reading.pl:261:
Warning:    Clauses of constraint_quantitative_growth_reading:omega_variable/5 are not together in the source-file
Warning:    Earlier definition at /home/scott/bin/structural_dynamics_model/prolog/testsets/quantitative_growth_reading.pl:251
Warning:    Current predicate: narrative_ontology:omega_variable/3
Warning:    Use :- discontiguous constraint_quantitative_growth_reading:omega_variable/5. to suppress this message
Warning: /home/scott/bin/structural_dynamics_model/prolog/testsets/quantitative_growth_reading.pl:271:
Warning:    Clauses of constraint_quantitative_growth_reading:omega_variable/5 are not together in the source-file
Warning:    Earlier definition at /home/scott/bin/structural_dynamics_model/prolog/testsets/quantitative_growth_reading.pl:251
Warning:    Current predicate: narrative_ontology:omega_variable/3
Warning:    Use :- discontiguous constraint_quantitative_growth_reading:omega_variable/5. to suppress this message
Warning: /home/scott/bin/structural_dynamics_model/prolog/testsets/radiative_levitation_stratification.pl:257:
Warning:    Clauses of constraint_radiative_levitation_stratification:omega_variable/5 are not together in the source-file
Warning:    Earlier definition at /home/scott/bin/structural_dynamics_model/prolog/testsets/radiative_levitation_stratification.pl:247
Warning:    Current predicate: narrative_ontology:omega_variable/3
Warning:    Use :- discontiguous constraint_radiative_levitation_stratification:omega_variable/5. to suppress this message
Warning: /home/scott/bin/structural_dynamics_model/prolog/testsets/radiative_levitation_stratification.pl:267:
Warning:    Clauses of constraint_radiative_levitation_stratification:omega_variable/5 are not together in the source-file
Warning:    Earlier definition at /home/scott/bin/structural_dynamics_model/prolog/testsets/radiative_levitation_stratification.pl:247
Warning:    Current predicate: narrative_ontology:omega_variable/3
Warning:    Use :- discontiguous constraint_radiative_levitation_stratification:omega_variable/5. to suppress this message
Warning: /home/scott/bin/structural_dynamics_model/prolog/testsets/reading_acquisition_legitimacy__whole_language_meaning_primacy.pl:242:
Warning:    Clauses of constraint_reading_acquisition_legitimacy__whole_language_meaning_primacy:omega_variable/5 are not together in the source-file
Warning:    Earlier definition at /home/scott/bin/structural_dynamics_model/prolog/testsets/reading_acquisition_legitimacy__whole_language_meaning_primacy.pl:232
Warning:    Current predicate: narrative_ontology:omega_variable/3
Warning:    Use :- discontiguous constraint_reading_acquisition_legitimacy__whole_language_meaning_primacy:omega_variable/5. to suppress this message
Warning: /home/scott/bin/structural_dynamics_model/prolog/testsets/reading_acquisition_legitimacy__whole_language_meaning_primacy.pl:252:
Warning:    Clauses of constraint_reading_acquisition_legitimacy__whole_language_meaning_primacy:omega_variable/5 are not together in the source-file
Warning:    Earlier definition at /home/scott/bin/structural_dynamics_model/prolog/testsets/reading_acquisition_legitimacy__whole_language_meaning_primacy.pl:232
Warning:    Current predicate: narrative_ontology:omega_variable/3
Warning:    Use :- discontiguous constraint_reading_acquisition_legitimacy__whole_language_meaning_primacy:omega_variable/5. to suppress this message
Warning: /home/scott/bin/structural_dynamics_model/prolog/testsets/refugee_convention_text__expansive_humanitarian_reading.pl:270:
Warning:    Clauses of constraint_refugee_convention_text__expansive_humanitarian_reading:omega_variable/5 are not together in the source-file
Warning:    Earlier definition at /home/scott/bin/structural_dynamics_model/prolog/testsets/refugee_convention_text__expansive_humanitarian_reading.pl:260
Warning:    Current predicate: narrative_ontology:omega_variable/3
Warning:    Use :- discontiguous constraint_refugee_convention_text__expansive_humanitarian_reading:omega_variable/5. to suppress this message
Warning: /home/scott/bin/structural_dynamics_model/prolog/testsets/refugee_convention_text__expansive_humanitarian_reading.pl:280:
Warning:    Clauses of constraint_refugee_convention_text__expansive_humanitarian_reading:omega_variable/5 are not together in the source-file
Warning:    Earlier definition at /home/scott/bin/structural_dynamics_model/prolog/testsets/refugee_convention_text__expansive_humanitarian_reading.pl:260
Warning:    Current predicate: narrative_ontology:omega_variable/3
Warning:    Use :- discontiguous constraint_refugee_convention_text__expansive_humanitarian_reading:omega_variable/5. to suppress this message
Warning: /home/scott/bin/structural_dynamics_model/prolog/testsets/refugee_convention_text__expansive_humanitarian_reading.pl:290:
Warning:    Clauses of constraint_refugee_convention_text__expansive_humanitarian_reading:omega_variable/5 are not together in the source-file
Warning:    Earlier definition at /home/scott/bin/structural_dynamics_model/prolog/testsets/refugee_convention_text__expansive_humanitarian_reading.pl:260
Warning:    Current predicate: narrative_ontology:omega_variable/3
Warning:    Use :- discontiguous constraint_refugee_convention_text__expansive_humanitarian_reading:omega_variable/5. to suppress this message
Warning: /home/scott/bin/structural_dynamics_model/prolog/testsets/refugee_convention_text__expansive_humanitarian_reading.pl:300:
Warning:    Clauses of constraint_refugee_convention_text__expansive_humanitarian_reading:omega_variable/5 are not together in the source-file
Warning:    Earlier definition at /home/scott/bin/structural_dynamics_model/prolog/testsets/refugee_convention_text__expansive_humanitarian_reading.pl:260
Warning:    Current predicate: narrative_ontology:omega_variable/3
Warning:    Use :- discontiguous constraint_refugee_convention_text__expansive_humanitarian_reading:omega_variable/5. to suppress this message
Warning: /home/scott/bin/structural_dynamics_model/prolog/testsets/regulated_stablecoin_reading.pl:259:
Warning:    Clauses of constraint_regulated_stablecoin_reading:omega_variable/5 are not together in the source-file
Warning:    Earlier definition at /home/scott/bin/structural_dynamics_model/prolog/testsets/regulated_stablecoin_reading.pl:249
Warning:    Current predicate: narrative_ontology:omega_variable/3
Warning:    Use :- discontiguous constraint_regulated_stablecoin_reading:omega_variable/5. to suppress this message
Warning: /home/scott/bin/structural_dynamics_model/prolog/testsets/regulated_stablecoin_reading.pl:269:
Warning:    Clauses of constraint_regulated_stablecoin_reading:omega_variable/5 are not together in the source-file
Warning:    Earlier definition at /home/scott/bin/structural_dynamics_model/prolog/testsets/regulated_stablecoin_reading.pl:249
Warning:    Current predicate: narrative_ontology:omega_variable/3
Warning:    Use :- discontiguous constraint_regulated_stablecoin_reading:omega_variable/5. to suppress this message
Warning: /home/scott/bin/structural_dynamics_model/prolog/testsets/regulated_stablecoin_reading.pl:279:
Warning:    Clauses of constraint_regulated_stablecoin_reading:omega_variable/5 are not together in the source-file
Warning:    Earlier definition at /home/scott/bin/structural_dynamics_model/prolog/testsets/regulated_stablecoin_reading.pl:249
Warning:    Current predicate: narrative_ontology:omega_variable/3
Warning:    Use :- discontiguous constraint_regulated_stablecoin_reading:omega_variable/5. to suppress this message
Warning: /home/scott/bin/structural_dynamics_model/prolog/testsets/regulatory_lag_extraction.pl:235:
Warning:    Clauses of constraint_regulatory_lag_extraction:omega_variable/5 are not together in the source-file
Warning:    Earlier definition at /home/scott/bin/structural_dynamics_model/prolog/testsets/regulatory_lag_extraction.pl:225
Warning:    Current predicate: narrative_ontology:omega_variable/3
Warning:    Use :- discontiguous constraint_regulatory_lag_extraction:omega_variable/5. to suppress this message
Warning: /home/scott/bin/structural_dynamics_model/prolog/testsets/regulatory_lag_extraction.pl:245:
Warning:    Clauses of constraint_regulatory_lag_extraction:omega_variable/5 are not together in the source-file
Warning:    Earlier definition at /home/scott/bin/structural_dynamics_model/prolog/testsets/regulatory_lag_extraction.pl:225
Warning:    Current predicate: narrative_ontology:omega_variable/3
Warning:    Use :- discontiguous constraint_regulatory_lag_extraction:omega_variable/5. to suppress this message
Warning: /home/scott/bin/structural_dynamics_model/prolog/testsets/regulatory_lag_extraction.pl:255:
Warning:    Clauses of constraint_regulatory_lag_extraction:omega_variable/5 are not together in the source-file
Warning:    Earlier definition at /home/scott/bin/structural_dynamics_model/prolog/testsets/regulatory_lag_extraction.pl:225
Warning:    Current predicate: narrative_ontology:omega_variable/3
Warning:    Use :- discontiguous constraint_regulatory_lag_extraction:omega_variable/5. to suppress this message
Warning: /home/scott/bin/structural_dynamics_model/prolog/testsets/responsibility_preservation_mechanism.pl:281:
Warning:    Clauses of constraint_responsibility_preservation_mechanism:omega_variable/5 are not together in the source-file
Warning:    Earlier definition at /home/scott/bin/structural_dynamics_model/prolog/testsets/responsibility_preservation_mechanism.pl:271
Warning:    Current predicate: narrative_ontology:omega_variable/3
Warning:    Use :- discontiguous constraint_responsibility_preservation_mechanism:omega_variable/5. to suppress this message
Warning: /home/scott/bin/structural_dynamics_model/prolog/testsets/responsibility_preservation_mechanism.pl:291:
Warning:    Clauses of constraint_responsibility_preservation_mechanism:omega_variable/5 are not together in the source-file
Warning:    Earlier definition at /home/scott/bin/structural_dynamics_model/prolog/testsets/responsibility_preservation_mechanism.pl:271
Warning:    Current predicate: narrative_ontology:omega_variable/3
Warning:    Use :- discontiguous constraint_responsibility_preservation_mechanism:omega_variable/5. to suppress this message
Warning: /home/scott/bin/structural_dynamics_model/prolog/testsets/responsibility_preservation_mechanism.pl:301:
Warning:    Clauses of constraint_responsibility_preservation_mechanism:omega_variable/5 are not together in the source-file
Warning:    Earlier definition at /home/scott/bin/structural_dynamics_model/prolog/testsets/responsibility_preservation_mechanism.pl:271
Warning:    Current predicate: narrative_ontology:omega_variable/3
Warning:    Use :- discontiguous constraint_responsibility_preservation_mechanism:omega_variable/5. to suppress this message
Warning: /home/scott/bin/structural_dynamics_model/prolog/testsets/ritual_transmission_as_double_edged_inheritance.pl:215:
Warning:    Clauses of constraint_ritual_transmission_as_double_edged_inheritance:omega_variable/5 are not together in the source-file
Warning:    Earlier definition at /home/scott/bin/structural_dynamics_model/prolog/testsets/ritual_transmission_as_double_edged_inheritance.pl:205
Warning:    Current predicate: narrative_ontology:omega_variable/3
Warning:    Use :- discontiguous constraint_ritual_transmission_as_double_edged_inheritance:omega_variable/5. to suppress this message
Warning: /home/scott/bin/structural_dynamics_model/prolog/testsets/ritual_transmission_as_double_edged_inheritance.pl:225:
Warning:    Clauses of constraint_ritual_transmission_as_double_edged_inheritance:omega_variable/5 are not together in the source-file
Warning:    Earlier definition at /home/scott/bin/structural_dynamics_model/prolog/testsets/ritual_transmission_as_double_edged_inheritance.pl:205
Warning:    Current predicate: narrative_ontology:omega_variable/3
Warning:    Use :- discontiguous constraint_ritual_transmission_as_double_edged_inheritance:omega_variable/5. to suppress this message
Warning: /home/scott/bin/structural_dynamics_model/prolog/testsets/scale_ceiling_c0.pl:248:
Warning:    Clauses of constraint_scale_ceiling_c0:omega_variable/5 are not together in the source-file
Warning:    Earlier definition at /home/scott/bin/structural_dynamics_model/prolog/testsets/scale_ceiling_c0.pl:238
Warning:    Current predicate: narrative_ontology:omega_variable/3
Warning:    Use :- discontiguous constraint_scale_ceiling_c0:omega_variable/5. to suppress this message
Warning: /home/scott/bin/structural_dynamics_model/prolog/testsets/scale_ceiling_c0.pl:258:
Warning:    Clauses of constraint_scale_ceiling_c0:omega_variable/5 are not together in the source-file
Warning:    Earlier definition at /home/scott/bin/structural_dynamics_model/prolog/testsets/scale_ceiling_c0.pl:238
Warning:    Current predicate: narrative_ontology:omega_variable/3
Warning:    Use :- discontiguous constraint_scale_ceiling_c0:omega_variable/5. to suppress this message
Warning: /home/scott/bin/structural_dynamics_model/prolog/testsets/scholarship_reading.pl:265:
Warning:    Clauses of constraint_scholarship_reading:omega_variable/5 are not together in the source-file
Warning:    Earlier definition at /home/scott/bin/structural_dynamics_model/prolog/testsets/scholarship_reading.pl:255
Warning:    Current predicate: narrative_ontology:omega_variable/3
Warning:    Use :- discontiguous constraint_scholarship_reading:omega_variable/5. to suppress this message
Warning: /home/scott/bin/structural_dynamics_model/prolog/testsets/scholarship_reading.pl:275:
Warning:    Clauses of constraint_scholarship_reading:omega_variable/5 are not together in the source-file
Warning:    Earlier definition at /home/scott/bin/structural_dynamics_model/prolog/testsets/scholarship_reading.pl:255
Warning:    Current predicate: narrative_ontology:omega_variable/3
Warning:    Use :- discontiguous constraint_scholarship_reading:omega_variable/5. to suppress this message
Warning: /home/scott/bin/structural_dynamics_model/prolog/testsets/seat_gauge_orientation_kernel_flat_control.pl:206:
Warning:    Clauses of constraint_seat_gauge_orientation_kernel_flat_control:omega_variable/5 are not together in the source-file
Warning:    Earlier definition at /home/scott/bin/structural_dynamics_model/prolog/testsets/seat_gauge_orientation_kernel_flat_control.pl:196
Warning:    Current predicate: narrative_ontology:omega_variable/3
Warning:    Use :- discontiguous constraint_seat_gauge_orientation_kernel_flat_control:omega_variable/5. to suppress this message
Warning: /home/scott/bin/structural_dynamics_model/prolog/testsets/seat_gauge_orientation_kernel_flat_control.pl:216:
Warning:    Clauses of constraint_seat_gauge_orientation_kernel_flat_control:omega_variable/5 are not together in the source-file
Warning:    Earlier definition at /home/scott/bin/structural_dynamics_model/prolog/testsets/seat_gauge_orientation_kernel_flat_control.pl:196
Warning:    Current predicate: narrative_ontology:omega_variable/3
Warning:    Use :- discontiguous constraint_seat_gauge_orientation_kernel_flat_control:omega_variable/5. to suppress this message
Warning: /home/scott/bin/structural_dynamics_model/prolog/testsets/secession_legitimacy_boundary__constitutional_impossibility_reading.pl:216:
Warning:    Clauses of constraint_secession_legitimacy_boundary__constitutional_impossibility_reading:omega_variable/5 are not together in the source-file
Warning:    Earlier definition at /home/scott/bin/structural_dynamics_model/prolog/testsets/secession_legitimacy_boundary__constitutional_impossibility_reading.pl:206
Warning:    Current predicate: narrative_ontology:omega_variable/3
Warning:    Use :- discontiguous constraint_secession_legitimacy_boundary__constitutional_impossibility_reading:omega_variable/5. to suppress this message
Warning: /home/scott/bin/structural_dynamics_model/prolog/testsets/secession_legitimacy_boundary__constitutional_impossibility_reading.pl:226:
Warning:    Clauses of constraint_secession_legitimacy_boundary__constitutional_impossibility_reading:omega_variable/5 are not together in the source-file
Warning:    Earlier definition at /home/scott/bin/structural_dynamics_model/prolog/testsets/secession_legitimacy_boundary__constitutional_impossibility_reading.pl:206
Warning:    Current predicate: narrative_ontology:omega_variable/3
Warning:    Use :- discontiguous constraint_secession_legitimacy_boundary__constitutional_impossibility_reading:omega_variable/5. to suppress this message
Warning: /home/scott/bin/structural_dynamics_model/prolog/testsets/secession_legitimacy_boundary__constitutional_impossibility_reading.pl:236:
Warning:    Clauses of constraint_secession_legitimacy_boundary__constitutional_impossibility_reading:omega_variable/5 are not together in the source-file
Warning:    Earlier definition at /home/scott/bin/structural_dynamics_model/prolog/testsets/secession_legitimacy_boundary__constitutional_impossibility_reading.pl:206
Warning:    Current predicate: narrative_ontology:omega_variable/3
Warning:    Use :- discontiguous constraint_secession_legitimacy_boundary__constitutional_impossibility_reading:omega_variable/5. to suppress this message
Warning: /home/scott/bin/structural_dynamics_model/prolog/testsets/sex_gender_category__identity_reading.pl:268:
Warning:    Clauses of constraint_sex_gender_category__identity_reading:omega_variable/5 are not together in the source-file
Warning:    Earlier definition at /home/scott/bin/structural_dynamics_model/prolog/testsets/sex_gender_category__identity_reading.pl:258
Warning:    Current predicate: narrative_ontology:omega_variable/3
Warning:    Use :- discontiguous constraint_sex_gender_category__identity_reading:omega_variable/5. to suppress this message
Warning: /home/scott/bin/structural_dynamics_model/prolog/testsets/sex_gender_category__identity_reading.pl:278:
Warning:    Clauses of constraint_sex_gender_category__identity_reading:omega_variable/5 are not together in the source-file
Warning:    Earlier definition at /home/scott/bin/structural_dynamics_model/prolog/testsets/sex_gender_category__identity_reading.pl:258
Warning:    Current predicate: narrative_ontology:omega_variable/3
Warning:    Use :- discontiguous constraint_sex_gender_category__identity_reading:omega_variable/5. to suppress this message
Warning: /home/scott/bin/structural_dynamics_model/prolog/testsets/sex_gender_category__identity_reading.pl:288:
Warning:    Clauses of constraint_sex_gender_category__identity_reading:omega_variable/5 are not together in the source-file
Warning:    Earlier definition at /home/scott/bin/structural_dynamics_model/prolog/testsets/sex_gender_category__identity_reading.pl:258
Warning:    Current predicate: narrative_ontology:omega_variable/3
Warning:    Use :- discontiguous constraint_sex_gender_category__identity_reading:omega_variable/5. to suppress this message
Warning: /home/scott/bin/structural_dynamics_model/prolog/testsets/sex_gender_category__identity_reading.pl:298:
Warning:    Clauses of constraint_sex_gender_category__identity_reading:omega_variable/5 are not together in the source-file
Warning:    Earlier definition at /home/scott/bin/structural_dynamics_model/prolog/testsets/sex_gender_category__identity_reading.pl:258
Warning:    Current predicate: narrative_ontology:omega_variable/3
Warning:    Use :- discontiguous constraint_sex_gender_category__identity_reading:omega_variable/5. to suppress this message
Warning: /home/scott/bin/structural_dynamics_model/prolog/testsets/shinbutsu_ontological_commitment__incoherence_reading.pl:206:
Warning:    Clauses of constraint_shinbutsu_ontological_commitment__incoherence_reading:omega_variable/5 are not together in the source-file
Warning:    Earlier definition at /home/scott/bin/structural_dynamics_model/prolog/testsets/shinbutsu_ontological_commitment__incoherence_reading.pl:196
Warning:    Current predicate: narrative_ontology:omega_variable/3
Warning:    Use :- discontiguous constraint_shinbutsu_ontological_commitment__incoherence_reading:omega_variable/5. to suppress this message
Warning: /home/scott/bin/structural_dynamics_model/prolog/testsets/shinbutsu_ontological_commitment__incoherence_reading.pl:216:
Warning:    Clauses of constraint_shinbutsu_ontological_commitment__incoherence_reading:omega_variable/5 are not together in the source-file
Warning:    Earlier definition at /home/scott/bin/structural_dynamics_model/prolog/testsets/shinbutsu_ontological_commitment__incoherence_reading.pl:196
Warning:    Current predicate: narrative_ontology:omega_variable/3
Warning:    Use :- discontiguous constraint_shinbutsu_ontological_commitment__incoherence_reading:omega_variable/5. to suppress this message
Warning: /home/scott/bin/structural_dynamics_model/prolog/testsets/shinbutsu_ontological_commitment__incoherence_reading.pl:226:
Warning:    Clauses of constraint_shinbutsu_ontological_commitment__incoherence_reading:omega_variable/5 are not together in the source-file
Warning:    Earlier definition at /home/scott/bin/structural_dynamics_model/prolog/testsets/shinbutsu_ontological_commitment__incoherence_reading.pl:196
Warning:    Current predicate: narrative_ontology:omega_variable/3
Warning:    Use :- discontiguous constraint_shinbutsu_ontological_commitment__incoherence_reading:omega_variable/5. to suppress this message
Warning: /home/scott/bin/structural_dynamics_model/prolog/testsets/shinbutsu_ontological_commitment__incoherence_reading.pl:236:
Warning:    Clauses of constraint_shinbutsu_ontological_commitment__incoherence_reading:omega_variable/5 are not together in the source-file
Warning:    Earlier definition at /home/scott/bin/structural_dynamics_model/prolog/testsets/shinbutsu_ontological_commitment__incoherence_reading.pl:196
Warning:    Current predicate: narrative_ontology:omega_variable/3
Warning:    Use :- discontiguous constraint_shinbutsu_ontological_commitment__incoherence_reading:omega_variable/5. to suppress this message
Warning: /home/scott/bin/structural_dynamics_model/prolog/testsets/signaling_market_reading.pl:275:
Warning:    Clauses of constraint_signaling_market_reading:omega_variable/5 are not together in the source-file
Warning:    Earlier definition at /home/scott/bin/structural_dynamics_model/prolog/testsets/signaling_market_reading.pl:265
Warning:    Current predicate: narrative_ontology:omega_variable/3
Warning:    Use :- discontiguous constraint_signaling_market_reading:omega_variable/5. to suppress this message
Warning: /home/scott/bin/structural_dynamics_model/prolog/testsets/signaling_market_reading.pl:285:
Warning:    Clauses of constraint_signaling_market_reading:omega_variable/5 are not together in the source-file
Warning:    Earlier definition at /home/scott/bin/structural_dynamics_model/prolog/testsets/signaling_market_reading.pl:265
Warning:    Current predicate: narrative_ontology:omega_variable/3
Warning:    Use :- discontiguous constraint_signaling_market_reading:omega_variable/5. to suppress this message
Warning: /home/scott/bin/structural_dynamics_model/prolog/testsets/silence_dependent_ritual_integrity.pl:217:
Warning:    Clauses of constraint_silence_dependent_ritual_integrity:omega_variable/5 are not together in the source-file
Warning:    Earlier definition at /home/scott/bin/structural_dynamics_model/prolog/testsets/silence_dependent_ritual_integrity.pl:207
Warning:    Current predicate: narrative_ontology:omega_variable/3
Warning:    Use :- discontiguous constraint_silence_dependent_ritual_integrity:omega_variable/5. to suppress this message
Warning: /home/scott/bin/structural_dynamics_model/prolog/testsets/silence_dependent_ritual_integrity.pl:227:
Warning:    Clauses of constraint_silence_dependent_ritual_integrity:omega_variable/5 are not together in the source-file
Warning:    Earlier definition at /home/scott/bin/structural_dynamics_model/prolog/testsets/silence_dependent_ritual_integrity.pl:207
Warning:    Current predicate: narrative_ontology:omega_variable/3
Warning:    Use :- discontiguous constraint_silence_dependent_ritual_integrity:omega_variable/5. to suppress this message
Warning: /home/scott/bin/structural_dynamics_model/prolog/testsets/simulation_reading.pl:269:
Warning:    Clauses of constraint_simulation_reading:omega_variable/5 are not together in the source-file
Warning:    Earlier definition at /home/scott/bin/structural_dynamics_model/prolog/testsets/simulation_reading.pl:259
Warning:    Current predicate: narrative_ontology:omega_variable/3
Warning:    Use :- discontiguous constraint_simulation_reading:omega_variable/5. to suppress this message
Warning: /home/scott/bin/structural_dynamics_model/prolog/testsets/simulation_reading.pl:279:
Warning:    Clauses of constraint_simulation_reading:omega_variable/5 are not together in the source-file
Warning:    Earlier definition at /home/scott/bin/structural_dynamics_model/prolog/testsets/simulation_reading.pl:259
Warning:    Current predicate: narrative_ontology:omega_variable/3
Warning:    Use :- discontiguous constraint_simulation_reading:omega_variable/5. to suppress this message
Warning: /home/scott/bin/structural_dynamics_model/prolog/testsets/simulation_reading.pl:289:
Warning:    Clauses of constraint_simulation_reading:omega_variable/5 are not together in the source-file
Warning:    Earlier definition at /home/scott/bin/structural_dynamics_model/prolog/testsets/simulation_reading.pl:259
Warning:    Current predicate: narrative_ontology:omega_variable/3
Warning:    Use :- discontiguous constraint_simulation_reading:omega_variable/5. to suppress this message
Warning: /home/scott/bin/structural_dynamics_model/prolog/testsets/situational_reading.pl:254:
Warning:    Clauses of constraint_situational_reading:omega_variable/5 are not together in the source-file
Warning:    Earlier definition at /home/scott/bin/structural_dynamics_model/prolog/testsets/situational_reading.pl:244
Warning:    Current predicate: narrative_ontology:omega_variable/3
Warning:    Use :- discontiguous constraint_situational_reading:omega_variable/5. to suppress this message
Warning: /home/scott/bin/structural_dynamics_model/prolog/testsets/situational_reading.pl:264:
Warning:    Clauses of constraint_situational_reading:omega_variable/5 are not together in the source-file
Warning:    Earlier definition at /home/scott/bin/structural_dynamics_model/prolog/testsets/situational_reading.pl:244
Warning:    Current predicate: narrative_ontology:omega_variable/3
Warning:    Use :- discontiguous constraint_situational_reading:omega_variable/5. to suppress this message
Warning: /home/scott/bin/structural_dynamics_model/prolog/testsets/situational_reading.pl:274:
Warning:    Clauses of constraint_situational_reading:omega_variable/5 are not together in the source-file
Warning:    Earlier definition at /home/scott/bin/structural_dynamics_model/prolog/testsets/situational_reading.pl:244
Warning:    Current predicate: narrative_ontology:omega_variable/3
Warning:    Use :- discontiguous constraint_situational_reading:omega_variable/5. to suppress this message
Warning: /home/scott/bin/structural_dynamics_model/prolog/testsets/skills_mismatch_reading.pl:237:
Warning:    Clauses of constraint_skills_mismatch_reading:omega_variable/5 are not together in the source-file
Warning:    Earlier definition at /home/scott/bin/structural_dynamics_model/prolog/testsets/skills_mismatch_reading.pl:227
Warning:    Current predicate: narrative_ontology:omega_variable/3
Warning:    Use :- discontiguous constraint_skills_mismatch_reading:omega_variable/5. to suppress this message
Warning: /home/scott/bin/structural_dynamics_model/prolog/testsets/skills_mismatch_reading.pl:247:
Warning:    Clauses of constraint_skills_mismatch_reading:omega_variable/5 are not together in the source-file
Warning:    Earlier definition at /home/scott/bin/structural_dynamics_model/prolog/testsets/skills_mismatch_reading.pl:227
Warning:    Current predicate: narrative_ontology:omega_variable/3
Warning:    Use :- discontiguous constraint_skills_mismatch_reading:omega_variable/5. to suppress this message
Warning: /home/scott/bin/structural_dynamics_model/prolog/testsets/sovereign_cbdc_reading.pl:259:
Warning:    Clauses of constraint_sovereign_cbdc_reading:omega_variable/5 are not together in the source-file
Warning:    Earlier definition at /home/scott/bin/structural_dynamics_model/prolog/testsets/sovereign_cbdc_reading.pl:249
Warning:    Current predicate: narrative_ontology:omega_variable/3
Warning:    Use :- discontiguous constraint_sovereign_cbdc_reading:omega_variable/5. to suppress this message
Warning: /home/scott/bin/structural_dynamics_model/prolog/testsets/sovereign_cbdc_reading.pl:269:
Warning:    Clauses of constraint_sovereign_cbdc_reading:omega_variable/5 are not together in the source-file
Warning:    Earlier definition at /home/scott/bin/structural_dynamics_model/prolog/testsets/sovereign_cbdc_reading.pl:249
Warning:    Current predicate: narrative_ontology:omega_variable/3
Warning:    Use :- discontiguous constraint_sovereign_cbdc_reading:omega_variable/5. to suppress this message
Warning: /home/scott/bin/structural_dynamics_model/prolog/testsets/sovereign_cbdc_reading.pl:279:
Warning:    Clauses of constraint_sovereign_cbdc_reading:omega_variable/5 are not together in the source-file
Warning:    Earlier definition at /home/scott/bin/structural_dynamics_model/prolog/testsets/sovereign_cbdc_reading.pl:249
Warning:    Current predicate: narrative_ontology:omega_variable/3
Warning:    Use :- discontiguous constraint_sovereign_cbdc_reading:omega_variable/5. to suppress this message
Warning: /home/scott/bin/structural_dynamics_model/prolog/testsets/specification_binding_authority.pl:259:
Warning:    Clauses of constraint_specification_binding_authority:omega_variable/5 are not together in the source-file
Warning:    Earlier definition at /home/scott/bin/structural_dynamics_model/prolog/testsets/specification_binding_authority.pl:249
Warning:    Current predicate: narrative_ontology:omega_variable/3
Warning:    Use :- discontiguous constraint_specification_binding_authority:omega_variable/5. to suppress this message
Warning: /home/scott/bin/structural_dynamics_model/prolog/testsets/specification_binding_authority.pl:269:
Warning:    Clauses of constraint_specification_binding_authority:omega_variable/5 are not together in the source-file
Warning:    Earlier definition at /home/scott/bin/structural_dynamics_model/prolog/testsets/specification_binding_authority.pl:249
Warning:    Current predicate: narrative_ontology:omega_variable/3
Warning:    Use :- discontiguous constraint_specification_binding_authority:omega_variable/5. to suppress this message
Warning: /home/scott/bin/structural_dynamics_model/prolog/testsets/specification_binding_authority.pl:279:
Warning:    Clauses of constraint_specification_binding_authority:omega_variable/5 are not together in the source-file
Warning:    Earlier definition at /home/scott/bin/structural_dynamics_model/prolog/testsets/specification_binding_authority.pl:249
Warning:    Current predicate: narrative_ontology:omega_variable/3
Warning:    Use :- discontiguous constraint_specification_binding_authority:omega_variable/5. to suppress this message
Warning: /home/scott/bin/structural_dynamics_model/prolog/testsets/specification_binding_authority.pl:289:
Warning:    Clauses of constraint_specification_binding_authority:omega_variable/5 are not together in the source-file
Warning:    Earlier definition at /home/scott/bin/structural_dynamics_model/prolog/testsets/specification_binding_authority.pl:249
Warning:    Current predicate: narrative_ontology:omega_variable/3
Warning:    Use :- discontiguous constraint_specification_binding_authority:omega_variable/5. to suppress this message
Warning: /home/scott/bin/structural_dynamics_model/prolog/testsets/speech_protection_kernel__absolutist_reading.pl:212:
Warning:    Clauses of constraint_speech_protection_kernel__absolutist_reading:omega_variable/5 are not together in the source-file
Warning:    Earlier definition at /home/scott/bin/structural_dynamics_model/prolog/testsets/speech_protection_kernel__absolutist_reading.pl:202
Warning:    Current predicate: narrative_ontology:omega_variable/3
Warning:    Use :- discontiguous constraint_speech_protection_kernel__absolutist_reading:omega_variable/5. to suppress this message
Warning: /home/scott/bin/structural_dynamics_model/prolog/testsets/speech_protection_kernel__absolutist_reading.pl:222:
Warning:    Clauses of constraint_speech_protection_kernel__absolutist_reading:omega_variable/5 are not together in the source-file
Warning:    Earlier definition at /home/scott/bin/structural_dynamics_model/prolog/testsets/speech_protection_kernel__absolutist_reading.pl:202
Warning:    Current predicate: narrative_ontology:omega_variable/3
Warning:    Use :- discontiguous constraint_speech_protection_kernel__absolutist_reading:omega_variable/5. to suppress this message
Warning: /home/scott/bin/structural_dynamics_model/prolog/testsets/speech_protection_kernel__absolutist_reading.pl:232:
Warning:    Clauses of constraint_speech_protection_kernel__absolutist_reading:omega_variable/5 are not together in the source-file
Warning:    Earlier definition at /home/scott/bin/structural_dynamics_model/prolog/testsets/speech_protection_kernel__absolutist_reading.pl:202
Warning:    Current predicate: narrative_ontology:omega_variable/3
Warning:    Use :- discontiguous constraint_speech_protection_kernel__absolutist_reading:omega_variable/5. to suppress this message
Warning: /home/scott/bin/structural_dynamics_model/prolog/testsets/stance_reading.pl:231:
Warning:    Clauses of constraint_stance_reading:omega_variable/5 are not together in the source-file
Warning:    Earlier definition at /home/scott/bin/structural_dynamics_model/prolog/testsets/stance_reading.pl:221
Warning:    Current predicate: narrative_ontology:omega_variable/3
Warning:    Use :- discontiguous constraint_stance_reading:omega_variable/5. to suppress this message
Warning: /home/scott/bin/structural_dynamics_model/prolog/testsets/stance_reading.pl:241:
Warning:    Clauses of constraint_stance_reading:omega_variable/5 are not together in the source-file
Warning:    Earlier definition at /home/scott/bin/structural_dynamics_model/prolog/testsets/stance_reading.pl:221
Warning:    Current predicate: narrative_ontology:omega_variable/3
Warning:    Use :- discontiguous constraint_stance_reading:omega_variable/5. to suppress this message
Warning: /home/scott/bin/structural_dynamics_model/prolog/testsets/state_killing_legitimacy__abolition_reading.pl:234:
Warning:    Clauses of constraint_state_killing_legitimacy__abolition_reading:omega_variable/5 are not together in the source-file
Warning:    Earlier definition at /home/scott/bin/structural_dynamics_model/prolog/testsets/state_killing_legitimacy__abolition_reading.pl:224
Warning:    Current predicate: narrative_ontology:omega_variable/3
Warning:    Use :- discontiguous constraint_state_killing_legitimacy__abolition_reading:omega_variable/5. to suppress this message
Warning: /home/scott/bin/structural_dynamics_model/prolog/testsets/statute_of_anne_ip_foundation__entangled_event_reading.pl:254:
Warning:    Clauses of constraint_statute_of_anne_ip_foundation__entangled_event_reading:omega_variable/5 are not together in the source-file
Warning:    Earlier definition at /home/scott/bin/structural_dynamics_model/prolog/testsets/statute_of_anne_ip_foundation__entangled_event_reading.pl:244
Warning:    Current predicate: narrative_ontology:omega_variable/3
Warning:    Use :- discontiguous constraint_statute_of_anne_ip_foundation__entangled_event_reading:omega_variable/5. to suppress this message
Warning: /home/scott/bin/structural_dynamics_model/prolog/testsets/statute_of_anne_ip_foundation__entangled_event_reading.pl:264:
Warning:    Clauses of constraint_statute_of_anne_ip_foundation__entangled_event_reading:omega_variable/5 are not together in the source-file
Warning:    Earlier definition at /home/scott/bin/structural_dynamics_model/prolog/testsets/statute_of_anne_ip_foundation__entangled_event_reading.pl:244
Warning:    Current predicate: narrative_ontology:omega_variable/3
Warning:    Use :- discontiguous constraint_statute_of_anne_ip_foundation__entangled_event_reading:omega_variable/5. to suppress this message
Warning: /home/scott/bin/structural_dynamics_model/prolog/testsets/statutory_debt_ceiling__coordination_scaffold_reading.pl:237:
Warning:    Clauses of constraint_statutory_debt_ceiling__coordination_scaffold_reading:omega_variable/5 are not together in the source-file
Warning:    Earlier definition at /home/scott/bin/structural_dynamics_model/prolog/testsets/statutory_debt_ceiling__coordination_scaffold_reading.pl:227
Warning:    Current predicate: narrative_ontology:omega_variable/3
Warning:    Use :- discontiguous constraint_statutory_debt_ceiling__coordination_scaffold_reading:omega_variable/5. to suppress this message
Warning: /home/scott/bin/structural_dynamics_model/prolog/testsets/sufficiency_reading.pl:249:
Warning:    Clauses of constraint_sufficiency_reading:omega_variable/5 are not together in the source-file
Warning:    Earlier definition at /home/scott/bin/structural_dynamics_model/prolog/testsets/sufficiency_reading.pl:239
Warning:    Current predicate: narrative_ontology:omega_variable/3
Warning:    Use :- discontiguous constraint_sufficiency_reading:omega_variable/5. to suppress this message
Warning: /home/scott/bin/structural_dynamics_model/prolog/testsets/sufficiency_reading.pl:259:
Warning:    Clauses of constraint_sufficiency_reading:omega_variable/5 are not together in the source-file
Warning:    Earlier definition at /home/scott/bin/structural_dynamics_model/prolog/testsets/sufficiency_reading.pl:239
Warning:    Current predicate: narrative_ontology:omega_variable/3
Warning:    Use :- discontiguous constraint_sufficiency_reading:omega_variable/5. to suppress this message
Warning: /home/scott/bin/structural_dynamics_model/prolog/testsets/superheavy_decay_reading.pl:233:
Warning:    Clauses of constraint_superheavy_decay_reading:omega_variable/5 are not together in the source-file
Warning:    Earlier definition at /home/scott/bin/structural_dynamics_model/prolog/testsets/superheavy_decay_reading.pl:223
Warning:    Current predicate: narrative_ontology:omega_variable/3
Warning:    Use :- discontiguous constraint_superheavy_decay_reading:omega_variable/5. to suppress this message
Warning: /home/scott/bin/structural_dynamics_model/prolog/testsets/superheavy_decay_reading.pl:243:
Warning:    Clauses of constraint_superheavy_decay_reading:omega_variable/5 are not together in the source-file
Warning:    Earlier definition at /home/scott/bin/structural_dynamics_model/prolog/testsets/superheavy_decay_reading.pl:223
Warning:    Current predicate: narrative_ontology:omega_variable/3
Warning:    Use :- discontiguous constraint_superheavy_decay_reading:omega_variable/5. to suppress this message
Warning: /home/scott/bin/structural_dynamics_model/prolog/testsets/superheavy_decay_reading.pl:253:
Warning:    Clauses of constraint_superheavy_decay_reading:omega_variable/5 are not together in the source-file
Warning:    Earlier definition at /home/scott/bin/structural_dynamics_model/prolog/testsets/superheavy_decay_reading.pl:223
Warning:    Current predicate: narrative_ontology:omega_variable/3
Warning:    Use :- discontiguous constraint_superheavy_decay_reading:omega_variable/5. to suppress this message
Warning: /home/scott/bin/structural_dynamics_model/prolog/testsets/synthesis_infrastructure_gap.pl:273:
Warning:    Clauses of constraint_synthesis_infrastructure_gap:omega_variable/5 are not together in the source-file
Warning:    Earlier definition at /home/scott/bin/structural_dynamics_model/prolog/testsets/synthesis_infrastructure_gap.pl:263
Warning:    Current predicate: narrative_ontology:omega_variable/3
Warning:    Use :- discontiguous constraint_synthesis_infrastructure_gap:omega_variable/5. to suppress this message
Warning: /home/scott/bin/structural_dynamics_model/prolog/testsets/synthesis_infrastructure_gap.pl:283:
Warning:    Clauses of constraint_synthesis_infrastructure_gap:omega_variable/5 are not together in the source-file
Warning:    Earlier definition at /home/scott/bin/structural_dynamics_model/prolog/testsets/synthesis_infrastructure_gap.pl:263
Warning:    Current predicate: narrative_ontology:omega_variable/3
Warning:    Use :- discontiguous constraint_synthesis_infrastructure_gap:omega_variable/5. to suppress this message
Warning: /home/scott/bin/structural_dynamics_model/prolog/testsets/synthesis_infrastructure_gap.pl:293:
Warning:    Clauses of constraint_synthesis_infrastructure_gap:omega_variable/5 are not together in the source-file
Warning:    Earlier definition at /home/scott/bin/structural_dynamics_model/prolog/testsets/synthesis_infrastructure_gap.pl:263
Warning:    Current predicate: narrative_ontology:omega_variable/3
Warning:    Use :- discontiguous constraint_synthesis_infrastructure_gap:omega_variable/5. to suppress this message
Warning: /home/scott/bin/structural_dynamics_model/prolog/testsets/techno_nationalist_reading.pl:276:
Warning:    Clauses of constraint_techno_nationalist_reading:omega_variable/5 are not together in the source-file
Warning:    Earlier definition at /home/scott/bin/structural_dynamics_model/prolog/testsets/techno_nationalist_reading.pl:266
Warning:    Current predicate: narrative_ontology:omega_variable/3
Warning:    Use :- discontiguous constraint_techno_nationalist_reading:omega_variable/5. to suppress this message
Warning: /home/scott/bin/structural_dynamics_model/prolog/testsets/techno_nationalist_reading.pl:286:
Warning:    Clauses of constraint_techno_nationalist_reading:omega_variable/5 are not together in the source-file
Warning:    Earlier definition at /home/scott/bin/structural_dynamics_model/prolog/testsets/techno_nationalist_reading.pl:266
Warning:    Current predicate: narrative_ontology:omega_variable/3
Warning:    Use :- discontiguous constraint_techno_nationalist_reading:omega_variable/5. to suppress this message
Warning: /home/scott/bin/structural_dynamics_model/prolog/testsets/technological_displacement_axiom_flat_control.pl:244:
Warning:    Clauses of constraint_technological_displacement_axiom_flat_control:omega_variable/5 are not together in the source-file
Warning:    Earlier definition at /home/scott/bin/structural_dynamics_model/prolog/testsets/technological_displacement_axiom_flat_control.pl:234
Warning:    Current predicate: narrative_ontology:omega_variable/3
Warning:    Use :- discontiguous constraint_technological_displacement_axiom_flat_control:omega_variable/5. to suppress this message
Warning: /home/scott/bin/structural_dynamics_model/prolog/testsets/technological_displacement_axiom_flat_control.pl:254:
Warning:    Clauses of constraint_technological_displacement_axiom_flat_control:omega_variable/5 are not together in the source-file
Warning:    Earlier definition at /home/scott/bin/structural_dynamics_model/prolog/testsets/technological_displacement_axiom_flat_control.pl:234
Warning:    Current predicate: narrative_ontology:omega_variable/3
Warning:    Use :- discontiguous constraint_technological_displacement_axiom_flat_control:omega_variable/5. to suppress this message
Warning: /home/scott/bin/structural_dynamics_model/prolog/testsets/technology_diffusion_asymmetry.pl:244:
Warning:    Clauses of constraint_technology_diffusion_asymmetry:omega_variable/5 are not together in the source-file
Warning:    Earlier definition at /home/scott/bin/structural_dynamics_model/prolog/testsets/technology_diffusion_asymmetry.pl:234
Warning:    Current predicate: narrative_ontology:omega_variable/3
Warning:    Use :- discontiguous constraint_technology_diffusion_asymmetry:omega_variable/5. to suppress this message
Warning: /home/scott/bin/structural_dynamics_model/prolog/testsets/technology_diffusion_asymmetry.pl:254:
Warning:    Clauses of constraint_technology_diffusion_asymmetry:omega_variable/5 are not together in the source-file
Warning:    Earlier definition at /home/scott/bin/structural_dynamics_model/prolog/testsets/technology_diffusion_asymmetry.pl:234
Warning:    Current predicate: narrative_ontology:omega_variable/3
Warning:    Use :- discontiguous constraint_technology_diffusion_asymmetry:omega_variable/5. to suppress this message
Warning: /home/scott/bin/structural_dynamics_model/prolog/testsets/tempo_margin_regime.pl:232:
Warning:    Clauses of constraint_tempo_margin_regime:omega_variable/5 are not together in the source-file
Warning:    Earlier definition at /home/scott/bin/structural_dynamics_model/prolog/testsets/tempo_margin_regime.pl:222
Warning:    Current predicate: narrative_ontology:omega_variable/3
Warning:    Use :- discontiguous constraint_tempo_margin_regime:omega_variable/5. to suppress this message
Warning: /home/scott/bin/structural_dynamics_model/prolog/testsets/tempo_margin_regime.pl:242:
Warning:    Clauses of constraint_tempo_margin_regime:omega_variable/5 are not together in the source-file
Warning:    Earlier definition at /home/scott/bin/structural_dynamics_model/prolog/testsets/tempo_margin_regime.pl:222
Warning:    Current predicate: narrative_ontology:omega_variable/3
Warning:    Use :- discontiguous constraint_tempo_margin_regime:omega_variable/5. to suppress this message
Warning: /home/scott/bin/structural_dynamics_model/prolog/testsets/temporal_equivalence_reading.pl:255:
Warning:    Clauses of constraint_temporal_equivalence_reading:omega_variable/5 are not together in the source-file
Warning:    Earlier definition at /home/scott/bin/structural_dynamics_model/prolog/testsets/temporal_equivalence_reading.pl:245
Warning:    Current predicate: narrative_ontology:omega_variable/3
Warning:    Use :- discontiguous constraint_temporal_equivalence_reading:omega_variable/5. to suppress this message
Warning: /home/scott/bin/structural_dynamics_model/prolog/testsets/temporal_equivalence_reading.pl:265:
Warning:    Clauses of constraint_temporal_equivalence_reading:omega_variable/5 are not together in the source-file
Warning:    Earlier definition at /home/scott/bin/structural_dynamics_model/prolog/testsets/temporal_equivalence_reading.pl:245
Warning:    Current predicate: narrative_ontology:omega_variable/3
Warning:    Use :- discontiguous constraint_temporal_equivalence_reading:omega_variable/5. to suppress this message
Warning: /home/scott/bin/structural_dynamics_model/prolog/testsets/textualist_severability_reading.pl:242:
Warning:    Clauses of constraint_textualist_severability_reading:omega_variable/5 are not together in the source-file
Warning:    Earlier definition at /home/scott/bin/structural_dynamics_model/prolog/testsets/textualist_severability_reading.pl:232
Warning:    Current predicate: narrative_ontology:omega_variable/3
Warning:    Use :- discontiguous constraint_textualist_severability_reading:omega_variable/5. to suppress this message
Warning: /home/scott/bin/structural_dynamics_model/prolog/testsets/textualist_severability_reading.pl:252:
Warning:    Clauses of constraint_textualist_severability_reading:omega_variable/5 are not together in the source-file
Warning:    Earlier definition at /home/scott/bin/structural_dynamics_model/prolog/testsets/textualist_severability_reading.pl:232
Warning:    Current predicate: narrative_ontology:omega_variable/3
Warning:    Use :- discontiguous constraint_textualist_severability_reading:omega_variable/5. to suppress this message
Warning: /home/scott/bin/structural_dynamics_model/prolog/testsets/third_act_arbitrage.pl:232:
Warning:    Clauses of constraint_third_act_arbitrage:omega_variable/5 are not together in the source-file
Warning:    Earlier definition at /home/scott/bin/structural_dynamics_model/prolog/testsets/third_act_arbitrage.pl:222
Warning:    Current predicate: narrative_ontology:omega_variable/3
Warning:    Use :- discontiguous constraint_third_act_arbitrage:omega_variable/5. to suppress this message
Warning: /home/scott/bin/structural_dynamics_model/prolog/testsets/third_act_arbitrage.pl:242:
Warning:    Clauses of constraint_third_act_arbitrage:omega_variable/5 are not together in the source-file
Warning:    Earlier definition at /home/scott/bin/structural_dynamics_model/prolog/testsets/third_act_arbitrage.pl:222
Warning:    Current predicate: narrative_ontology:omega_variable/3
Warning:    Use :- discontiguous constraint_third_act_arbitrage:omega_variable/5. to suppress this message
Warning: /home/scott/bin/structural_dynamics_model/prolog/testsets/third_act_arbitrage.pl:252:
Warning:    Clauses of constraint_third_act_arbitrage:omega_variable/5 are not together in the source-file
Warning:    Earlier definition at /home/scott/bin/structural_dynamics_model/prolog/testsets/third_act_arbitrage.pl:222
Warning:    Current predicate: narrative_ontology:omega_variable/3
Warning:    Use :- discontiguous constraint_third_act_arbitrage:omega_variable/5. to suppress this message
Warning: /home/scott/bin/structural_dynamics_model/prolog/testsets/tool_reading.pl:239:
Warning:    Clauses of constraint_tool_reading:omega_variable/5 are not together in the source-file
Warning:    Earlier definition at /home/scott/bin/structural_dynamics_model/prolog/testsets/tool_reading.pl:229
Warning:    Current predicate: narrative_ontology:omega_variable/3
Warning:    Use :- discontiguous constraint_tool_reading:omega_variable/5. to suppress this message
Warning: /home/scott/bin/structural_dynamics_model/prolog/testsets/tool_reading.pl:249:
Warning:    Clauses of constraint_tool_reading:omega_variable/5 are not together in the source-file
Warning:    Earlier definition at /home/scott/bin/structural_dynamics_model/prolog/testsets/tool_reading.pl:229
Warning:    Current predicate: narrative_ontology:omega_variable/3
Warning:    Use :- discontiguous constraint_tool_reading:omega_variable/5. to suppress this message
Warning: /home/scott/bin/structural_dynamics_model/prolog/testsets/trajectory_extrapolation_reading.pl:239:
Warning:    Clauses of constraint_trajectory_extrapolation_reading:omega_variable/5 are not together in the source-file
Warning:    Earlier definition at /home/scott/bin/structural_dynamics_model/prolog/testsets/trajectory_extrapolation_reading.pl:229
Warning:    Current predicate: narrative_ontology:omega_variable/3
Warning:    Use :- discontiguous constraint_trajectory_extrapolation_reading:omega_variable/5. to suppress this message
Warning: /home/scott/bin/structural_dynamics_model/prolog/testsets/trajectory_extrapolation_reading.pl:249:
Warning:    Clauses of constraint_trajectory_extrapolation_reading:omega_variable/5 are not together in the source-file
Warning:    Earlier definition at /home/scott/bin/structural_dynamics_model/prolog/testsets/trajectory_extrapolation_reading.pl:229
Warning:    Current predicate: narrative_ontology:omega_variable/3
Warning:    Use :- discontiguous constraint_trajectory_extrapolation_reading:omega_variable/5. to suppress this message
Warning: /home/scott/bin/structural_dynamics_model/prolog/testsets/truth_procedure_reading.pl:255:
Warning:    Clauses of constraint_truth_procedure_reading:omega_variable/5 are not together in the source-file
Warning:    Earlier definition at /home/scott/bin/structural_dynamics_model/prolog/testsets/truth_procedure_reading.pl:245
Warning:    Current predicate: narrative_ontology:omega_variable/3
Warning:    Use :- discontiguous constraint_truth_procedure_reading:omega_variable/5. to suppress this message
Warning: /home/scott/bin/structural_dynamics_model/prolog/testsets/truth_procedure_reading.pl:265:
Warning:    Clauses of constraint_truth_procedure_reading:omega_variable/5 are not together in the source-file
Warning:    Earlier definition at /home/scott/bin/structural_dynamics_model/prolog/testsets/truth_procedure_reading.pl:245
Warning:    Current predicate: narrative_ontology:omega_variable/3
Warning:    Use :- discontiguous constraint_truth_procedure_reading:omega_variable/5. to suppress this message
Warning: /home/scott/bin/structural_dynamics_model/prolog/testsets/udhr_article_3__negative_liberty_reading.pl:262:
Warning:    Clauses of constraint_udhr_article_3__negative_liberty_reading:omega_variable/5 are not together in the source-file
Warning:    Earlier definition at /home/scott/bin/structural_dynamics_model/prolog/testsets/udhr_article_3__negative_liberty_reading.pl:252
Warning:    Current predicate: narrative_ontology:omega_variable/3
Warning:    Use :- discontiguous constraint_udhr_article_3__negative_liberty_reading:omega_variable/5. to suppress this message
Warning: /home/scott/bin/structural_dynamics_model/prolog/testsets/udhr_article_3__negative_liberty_reading.pl:272:
Warning:    Clauses of constraint_udhr_article_3__negative_liberty_reading:omega_variable/5 are not together in the source-file
Warning:    Earlier definition at /home/scott/bin/structural_dynamics_model/prolog/testsets/udhr_article_3__negative_liberty_reading.pl:252
Warning:    Current predicate: narrative_ontology:omega_variable/3
Warning:    Use :- discontiguous constraint_udhr_article_3__negative_liberty_reading:omega_variable/5. to suppress this message
Warning: /home/scott/bin/structural_dynamics_model/prolog/testsets/udhr_article_3__negative_liberty_reading.pl:282:
Warning:    Clauses of constraint_udhr_article_3__negative_liberty_reading:omega_variable/5 are not together in the source-file
Warning:    Earlier definition at /home/scott/bin/structural_dynamics_model/prolog/testsets/udhr_article_3__negative_liberty_reading.pl:252
Warning:    Current predicate: narrative_ontology:omega_variable/3
Warning:    Use :- discontiguous constraint_udhr_article_3__negative_liberty_reading:omega_variable/5. to suppress this message
Warning: /home/scott/bin/structural_dynamics_model/prolog/testsets/unaudited_contentment_as_entitlement.pl:216:
Warning:    Clauses of constraint_unaudited_contentment_as_entitlement:omega_variable/5 are not together in the source-file
Warning:    Earlier definition at /home/scott/bin/structural_dynamics_model/prolog/testsets/unaudited_contentment_as_entitlement.pl:206
Warning:    Current predicate: narrative_ontology:omega_variable/3
Warning:    Use :- discontiguous constraint_unaudited_contentment_as_entitlement:omega_variable/5. to suppress this message
Warning: /home/scott/bin/structural_dynamics_model/prolog/testsets/unaudited_contentment_as_entitlement.pl:226:
Warning:    Clauses of constraint_unaudited_contentment_as_entitlement:omega_variable/5 are not together in the source-file
Warning:    Earlier definition at /home/scott/bin/structural_dynamics_model/prolog/testsets/unaudited_contentment_as_entitlement.pl:206
Warning:    Current predicate: narrative_ontology:omega_variable/3
Warning:    Use :- discontiguous constraint_unaudited_contentment_as_entitlement:omega_variable/5. to suppress this message
Warning: /home/scott/bin/structural_dynamics_model/prolog/testsets/unaudited_reserve_asymmetry.pl:217:
Warning:    Clauses of constraint_unaudited_reserve_asymmetry:omega_variable/5 are not together in the source-file
Warning:    Earlier definition at /home/scott/bin/structural_dynamics_model/prolog/testsets/unaudited_reserve_asymmetry.pl:207
Warning:    Current predicate: narrative_ontology:omega_variable/3
Warning:    Use :- discontiguous constraint_unaudited_reserve_asymmetry:omega_variable/5. to suppress this message
Warning: /home/scott/bin/structural_dynamics_model/prolog/testsets/unaudited_reserve_asymmetry.pl:227:
Warning:    Clauses of constraint_unaudited_reserve_asymmetry:omega_variable/5 are not together in the source-file
Warning:    Earlier definition at /home/scott/bin/structural_dynamics_model/prolog/testsets/unaudited_reserve_asymmetry.pl:207
Warning:    Current predicate: narrative_ontology:omega_variable/3
Warning:    Use :- discontiguous constraint_unaudited_reserve_asymmetry:omega_variable/5. to suppress this message
Warning: /home/scott/bin/structural_dynamics_model/prolog/testsets/unregulated_psychological_experimentation.pl:222:
Warning:    Clauses of constraint_unregulated_psychological_experimentation:omega_variable/5 are not together in the source-file
Warning:    Earlier definition at /home/scott/bin/structural_dynamics_model/prolog/testsets/unregulated_psychological_experimentation.pl:212
Warning:    Current predicate: narrative_ontology:omega_variable/3
Warning:    Use :- discontiguous constraint_unregulated_psychological_experimentation:omega_variable/5. to suppress this message
Warning: /home/scott/bin/structural_dynamics_model/prolog/testsets/unregulated_psychological_experimentation.pl:232:
Warning:    Clauses of constraint_unregulated_psychological_experimentation:omega_variable/5 are not together in the source-file
Warning:    Earlier definition at /home/scott/bin/structural_dynamics_model/prolog/testsets/unregulated_psychological_experimentation.pl:212
Warning:    Current predicate: narrative_ontology:omega_variable/3
Warning:    Use :- discontiguous constraint_unregulated_psychological_experimentation:omega_variable/5. to suppress this message
Warning: /home/scott/bin/structural_dynamics_model/prolog/testsets/unregulated_psychological_experimentation.pl:242:
Warning:    Clauses of constraint_unregulated_psychological_experimentation:omega_variable/5 are not together in the source-file
Warning:    Earlier definition at /home/scott/bin/structural_dynamics_model/prolog/testsets/unregulated_psychological_experimentation.pl:212
Warning:    Current predicate: narrative_ontology:omega_variable/3
Warning:    Use :- discontiguous constraint_unregulated_psychological_experimentation:omega_variable/5. to suppress this message
Warning: /home/scott/bin/structural_dynamics_model/prolog/testsets/unsettled_claim_ontology_flat_control.pl:232:
Warning:    Clauses of constraint_unsettled_claim_ontology_flat_control:omega_variable/5 are not together in the source-file
Warning:    Earlier definition at /home/scott/bin/structural_dynamics_model/prolog/testsets/unsettled_claim_ontology_flat_control.pl:222
Warning:    Current predicate: narrative_ontology:omega_variable/3
Warning:    Use :- discontiguous constraint_unsettled_claim_ontology_flat_control:omega_variable/5. to suppress this message
Warning: /home/scott/bin/structural_dynamics_model/prolog/testsets/unsettled_claim_ontology_flat_control.pl:242:
Warning:    Clauses of constraint_unsettled_claim_ontology_flat_control:omega_variable/5 are not together in the source-file
Warning:    Earlier definition at /home/scott/bin/structural_dynamics_model/prolog/testsets/unsettled_claim_ontology_flat_control.pl:222
Warning:    Current predicate: narrative_ontology:omega_variable/3
Warning:    Use :- discontiguous constraint_unsettled_claim_ontology_flat_control:omega_variable/5. to suppress this message
Warning: /home/scott/bin/structural_dynamics_model/prolog/testsets/utopian_fiction_reading.pl:253:
Warning:    Clauses of constraint_utopian_fiction_reading:omega_variable/5 are not together in the source-file
Warning:    Earlier definition at /home/scott/bin/structural_dynamics_model/prolog/testsets/utopian_fiction_reading.pl:243
Warning:    Current predicate: narrative_ontology:omega_variable/3
Warning:    Use :- discontiguous constraint_utopian_fiction_reading:omega_variable/5. to suppress this message
Warning: /home/scott/bin/structural_dynamics_model/prolog/testsets/utopian_fiction_reading.pl:263:
Warning:    Clauses of constraint_utopian_fiction_reading:omega_variable/5 are not together in the source-file
Warning:    Earlier definition at /home/scott/bin/structural_dynamics_model/prolog/testsets/utopian_fiction_reading.pl:243
Warning:    Current predicate: narrative_ontology:omega_variable/3
Warning:    Use :- discontiguous constraint_utopian_fiction_reading:omega_variable/5. to suppress this message
Warning: /home/scott/bin/structural_dynamics_model/prolog/testsets/validation_judgment_separation.pl:271:
Warning:    Clauses of constraint_validation_judgment_separation:omega_variable/5 are not together in the source-file
Warning:    Earlier definition at /home/scott/bin/structural_dynamics_model/prolog/testsets/validation_judgment_separation.pl:261
Warning:    Current predicate: narrative_ontology:omega_variable/3
Warning:    Use :- discontiguous constraint_validation_judgment_separation:omega_variable/5. to suppress this message
Warning: /home/scott/bin/structural_dynamics_model/prolog/testsets/validation_judgment_separation.pl:281:
Warning:    Clauses of constraint_validation_judgment_separation:omega_variable/5 are not together in the source-file
Warning:    Earlier definition at /home/scott/bin/structural_dynamics_model/prolog/testsets/validation_judgment_separation.pl:261
Warning:    Current predicate: narrative_ontology:omega_variable/3
Warning:    Use :- discontiguous constraint_validation_judgment_separation:omega_variable/5. to suppress this message
Warning: /home/scott/bin/structural_dynamics_model/prolog/testsets/validation_judgment_separation.pl:291:
Warning:    Clauses of constraint_validation_judgment_separation:omega_variable/5 are not together in the source-file
Warning:    Earlier definition at /home/scott/bin/structural_dynamics_model/prolog/testsets/validation_judgment_separation.pl:261
Warning:    Current predicate: narrative_ontology:omega_variable/3
Warning:    Use :- discontiguous constraint_validation_judgment_separation:omega_variable/5. to suppress this message
Warning: /home/scott/bin/structural_dynamics_model/prolog/testsets/vedic_corpus_social_prescription__colonial_orientalist_reading.pl:279:
Warning:    Clauses of constraint_vedic_corpus_social_prescription__colonial_orientalist_reading:omega_variable/5 are not together in the source-file
Warning:    Earlier definition at /home/scott/bin/structural_dynamics_model/prolog/testsets/vedic_corpus_social_prescription__colonial_orientalist_reading.pl:269
Warning:    Current predicate: narrative_ontology:omega_variable/3
Warning:    Use :- discontiguous constraint_vedic_corpus_social_prescription__colonial_orientalist_reading:omega_variable/5. to suppress this message
Warning: /home/scott/bin/structural_dynamics_model/prolog/testsets/vedic_corpus_social_prescription__colonial_orientalist_reading.pl:289:
Warning:    Clauses of constraint_vedic_corpus_social_prescription__colonial_orientalist_reading:omega_variable/5 are not together in the source-file
Warning:    Earlier definition at /home/scott/bin/structural_dynamics_model/prolog/testsets/vedic_corpus_social_prescription__colonial_orientalist_reading.pl:269
Warning:    Current predicate: narrative_ontology:omega_variable/3
Warning:    Use :- discontiguous constraint_vedic_corpus_social_prescription__colonial_orientalist_reading:omega_variable/5. to suppress this message
Warning: /home/scott/bin/structural_dynamics_model/prolog/testsets/vedic_corpus_social_prescription__colonial_orientalist_reading.pl:299:
Warning:    Clauses of constraint_vedic_corpus_social_prescription__colonial_orientalist_reading:omega_variable/5 are not together in the source-file
Warning:    Earlier definition at /home/scott/bin/structural_dynamics_model/prolog/testsets/vedic_corpus_social_prescription__colonial_orientalist_reading.pl:269
Warning:    Current predicate: narrative_ontology:omega_variable/3
Warning:    Use :- discontiguous constraint_vedic_corpus_social_prescription__colonial_orientalist_reading:omega_variable/5. to suppress this message
Warning: /home/scott/bin/structural_dynamics_model/prolog/testsets/vedic_corpus_social_prescription__colonial_orientalist_reading.pl:309:
Warning:    Clauses of constraint_vedic_corpus_social_prescription__colonial_orientalist_reading:omega_variable/5 are not together in the source-file
Warning:    Earlier definition at /home/scott/bin/structural_dynamics_model/prolog/testsets/vedic_corpus_social_prescription__colonial_orientalist_reading.pl:269
Warning:    Current predicate: narrative_ontology:omega_variable/3
Warning:    Use :- discontiguous constraint_vedic_corpus_social_prescription__colonial_orientalist_reading:omega_variable/5. to suppress this message
Warning: /home/scott/bin/structural_dynamics_model/prolog/testsets/verification_cost_as_constitutional_precondition.pl:232:
Warning:    Clauses of constraint_verification_cost_as_constitutional_precondition:omega_variable/5 are not together in the source-file
Warning:    Earlier definition at /home/scott/bin/structural_dynamics_model/prolog/testsets/verification_cost_as_constitutional_precondition.pl:222
Warning:    Current predicate: narrative_ontology:omega_variable/3
Warning:    Use :- discontiguous constraint_verification_cost_as_constitutional_precondition:omega_variable/5. to suppress this message
Warning: /home/scott/bin/structural_dynamics_model/prolog/testsets/verification_cost_as_constitutional_precondition.pl:242:
Warning:    Clauses of constraint_verification_cost_as_constitutional_precondition:omega_variable/5 are not together in the source-file
Warning:    Earlier definition at /home/scott/bin/structural_dynamics_model/prolog/testsets/verification_cost_as_constitutional_precondition.pl:222
Warning:    Current predicate: narrative_ontology:omega_variable/3
Warning:    Use :- discontiguous constraint_verification_cost_as_constitutional_precondition:omega_variable/5. to suppress this message
Warning: /home/scott/bin/structural_dynamics_model/prolog/testsets/verification_prohibition_as_self_defeating_trial.pl:210:
Warning:    Clauses of constraint_verification_prohibition_as_self_defeating_trial:omega_variable/5 are not together in the source-file
Warning:    Earlier definition at /home/scott/bin/structural_dynamics_model/prolog/testsets/verification_prohibition_as_self_defeating_trial.pl:200
Warning:    Current predicate: narrative_ontology:omega_variable/3
Warning:    Use :- discontiguous constraint_verification_prohibition_as_self_defeating_trial:omega_variable/5. to suppress this message
Warning: /home/scott/bin/structural_dynamics_model/prolog/testsets/verification_prohibition_as_self_defeating_trial.pl:220:
Warning:    Clauses of constraint_verification_prohibition_as_self_defeating_trial:omega_variable/5 are not together in the source-file
Warning:    Earlier definition at /home/scott/bin/structural_dynamics_model/prolog/testsets/verification_prohibition_as_self_defeating_trial.pl:200
Warning:    Current predicate: narrative_ontology:omega_variable/3
Warning:    Use :- discontiguous constraint_verification_prohibition_as_self_defeating_trial:omega_variable/5. to suppress this message
Warning: /home/scott/bin/structural_dynamics_model/prolog/testsets/visual_evidentiary_authority_flat_control.pl:219:
Warning:    Clauses of constraint_visual_evidentiary_authority_flat_control:omega_variable/5 are not together in the source-file
Warning:    Earlier definition at /home/scott/bin/structural_dynamics_model/prolog/testsets/visual_evidentiary_authority_flat_control.pl:209
Warning:    Current predicate: narrative_ontology:omega_variable/3
Warning:    Use :- discontiguous constraint_visual_evidentiary_authority_flat_control:omega_variable/5. to suppress this message
Warning: /home/scott/bin/structural_dynamics_model/prolog/testsets/visual_evidentiary_authority_flat_control.pl:229:
Warning:    Clauses of constraint_visual_evidentiary_authority_flat_control:omega_variable/5 are not together in the source-file
Warning:    Earlier definition at /home/scott/bin/structural_dynamics_model/prolog/testsets/visual_evidentiary_authority_flat_control.pl:209
Warning:    Current predicate: narrative_ontology:omega_variable/3
Warning:    Use :- discontiguous constraint_visual_evidentiary_authority_flat_control:omega_variable/5. to suppress this message
Warning: /home/scott/bin/structural_dynamics_model/prolog/testsets/vocabulary_collision_reading.pl:215:
Warning:    Clauses of constraint_vocabulary_collision_reading:omega_variable/5 are not together in the source-file
Warning:    Earlier definition at /home/scott/bin/structural_dynamics_model/prolog/testsets/vocabulary_collision_reading.pl:205
Warning:    Current predicate: narrative_ontology:omega_variable/3
Warning:    Use :- discontiguous constraint_vocabulary_collision_reading:omega_variable/5. to suppress this message
Warning: /home/scott/bin/structural_dynamics_model/prolog/testsets/voice_without_leverage.pl:217:
Warning:    Clauses of constraint_voice_without_leverage:omega_variable/5 are not together in the source-file
Warning:    Earlier definition at /home/scott/bin/structural_dynamics_model/prolog/testsets/voice_without_leverage.pl:207
Warning:    Current predicate: narrative_ontology:omega_variable/3
Warning:    Use :- discontiguous constraint_voice_without_leverage:omega_variable/5. to suppress this message
Warning: /home/scott/bin/structural_dynamics_model/prolog/testsets/voice_without_leverage.pl:227:
Warning:    Clauses of constraint_voice_without_leverage:omega_variable/5 are not together in the source-file
Warning:    Earlier definition at /home/scott/bin/structural_dynamics_model/prolog/testsets/voice_without_leverage.pl:207
Warning:    Current predicate: narrative_ontology:omega_variable/3
Warning:    Use :- discontiguous constraint_voice_without_leverage:omega_variable/5. to suppress this message
Warning: /home/scott/bin/structural_dynamics_model/prolog/testsets/weaponization_accessibility.pl:231:
Warning:    Clauses of constraint_weaponization_accessibility:omega_variable/5 are not together in the source-file
Warning:    Earlier definition at /home/scott/bin/structural_dynamics_model/prolog/testsets/weaponization_accessibility.pl:221
Warning:    Current predicate: narrative_ontology:omega_variable/3
Warning:    Use :- discontiguous constraint_weaponization_accessibility:omega_variable/5. to suppress this message
Warning: /home/scott/bin/structural_dynamics_model/prolog/testsets/weaponization_accessibility.pl:241:
Warning:    Clauses of constraint_weaponization_accessibility:omega_variable/5 are not together in the source-file
Warning:    Earlier definition at /home/scott/bin/structural_dynamics_model/prolog/testsets/weaponization_accessibility.pl:221
Warning:    Current predicate: narrative_ontology:omega_variable/3
Warning:    Use :- discontiguous constraint_weaponization_accessibility:omega_variable/5. to suppress this message
Warning: /home/scott/bin/structural_dynamics_model/prolog/testsets/womens_financial_autonomy.pl:207:
Warning:    Clauses of constraint_womens_financial_autonomy:omega_variable/5 are not together in the source-file
Warning:    Earlier definition at /home/scott/bin/structural_dynamics_model/prolog/testsets/womens_financial_autonomy.pl:197
Warning:    Current predicate: narrative_ontology:omega_variable/3
Warning:    Use :- discontiguous constraint_womens_financial_autonomy:omega_variable/5. to suppress this message
Warning: /home/scott/bin/structural_dynamics_model/prolog/testsets/womens_financial_autonomy.pl:217:
Warning:    Clauses of constraint_womens_financial_autonomy:omega_variable/5 are not together in the source-file
Warning:    Earlier definition at /home/scott/bin/structural_dynamics_model/prolog/testsets/womens_financial_autonomy.pl:197
Warning:    Current predicate: narrative_ontology:omega_variable/3
Warning:    Use :- discontiguous constraint_womens_financial_autonomy:omega_variable/5. to suppress this message
Warning: /home/scott/bin/structural_dynamics_model/prolog/testsets/zero_mathematical_status__parmenidean_rejection.pl:268:
Warning:    Clauses of constraint_zero_mathematical_status__parmenidean_rejection:omega_variable/5 are not together in the source-file
Warning:    Earlier definition at /home/scott/bin/structural_dynamics_model/prolog/testsets/zero_mathematical_status__parmenidean_rejection.pl:258
Warning:    Current predicate: narrative_ontology:omega_variable/3
Warning:    Use :- discontiguous constraint_zero_mathematical_status__parmenidean_rejection:omega_variable/5. to suppress this message
Warning: /home/scott/bin/structural_dynamics_model/prolog/testsets/zero_mathematical_status__parmenidean_rejection.pl:278:
Warning:    Clauses of constraint_zero_mathematical_status__parmenidean_rejection:omega_variable/5 are not together in the source-file
Warning:    Earlier definition at /home/scott/bin/structural_dynamics_model/prolog/testsets/zero_mathematical_status__parmenidean_rejection.pl:258
Warning:    Current predicate: narrative_ontology:omega_variable/3
Warning:    Use :- discontiguous constraint_zero_mathematical_status__parmenidean_rejection:omega_variable/5. to suppress this message
Warning: /home/scott/bin/structural_dynamics_model/prolog/testsets/zero_mathematical_status__parmenidean_rejection.pl:288:
Warning:    Clauses of constraint_zero_mathematical_status__parmenidean_rejection:omega_variable/5 are not together in the source-file
Warning:    Earlier definition at /home/scott/bin/structural_dynamics_model/prolog/testsets/zero_mathematical_status__parmenidean_rejection.pl:258
Warning:    Current predicate: narrative_ontology:omega_variable/3
Warning:    Use :- discontiguous constraint_zero_mathematical_status__parmenidean_rejection:omega_variable/5. to suppress this message
Warning: /home/scott/bin/structural_dynamics_model/prolog/testsets/zero_mathematical_status__placeholder_reading.pl:195:
Warning:    Clauses of constraint_zero_mathematical_status__placeholder_reading:omega_variable/5 are not together in the source-file
Warning:    Earlier definition at /home/scott/bin/structural_dynamics_model/prolog/testsets/zero_mathematical_status__placeholder_reading.pl:185
Warning:    Current predicate: narrative_ontology:omega_variable/3
Warning:    Use :- discontiguous constraint_zero_mathematical_status__placeholder_reading:omega_variable/5. to suppress this message
Warning: /home/scott/bin/structural_dynamics_model/prolog/testsets/zero_mathematical_status__placeholder_reading.pl:205:
Warning:    Clauses of constraint_zero_mathematical_status__placeholder_reading:omega_variable/5 are not together in the source-file
Warning:    Earlier definition at /home/scott/bin/structural_dynamics_model/prolog/testsets/zero_mathematical_status__placeholder_reading.pl:185
Warning:    Current predicate: narrative_ontology:omega_variable/3
Warning:    Use :- discontiguous constraint_zero_mathematical_status__placeholder_reading:omega_variable/5. to suppress this message
Warning: /home/scott/bin/structural_dynamics_model/prolog/testsets/zero_mathematical_status__placeholder_reading.pl:215:
Warning:    Clauses of constraint_zero_mathematical_status__placeholder_reading:omega_variable/5 are not together in the source-file
Warning:    Earlier definition at /home/scott/bin/structural_dynamics_model/prolog/testsets/zero_mathematical_status__placeholder_reading.pl:185
Warning:    Current predicate: narrative_ontology:omega_variable/3
Warning:    Use :- discontiguous constraint_zero_mathematical_status__placeholder_reading:omega_variable/5. to suppress this message
Warning: /home/scott/bin/structural_dynamics_model/prolog/testsets/zero_mathematical_status__placeholder_reading.pl:225:
Warning:    Clauses of constraint_zero_mathematical_status__placeholder_reading:omega_variable/5 are not together in the source-file
Warning:    Earlier definition at /home/scott/bin/structural_dynamics_model/prolog/testsets/zero_mathematical_status__placeholder_reading.pl:185
Warning:    Current predicate: narrative_ontology:omega_variable/3
Warning:    Use :- discontiguous constraint_zero_mathematical_status__placeholder_reading:omega_variable/5. to suppress this message
Warning: /home/scott/bin/structural_dynamics_model/prolog/testsets/zionist_legitimacy_basis__national_liberation_reading.pl:240:
Warning:    Clauses of constraint_zionist_legitimacy_basis__national_liberation_reading:omega_variable/5 are not together in the source-file
Warning:    Earlier definition at /home/scott/bin/structural_dynamics_model/prolog/testsets/zionist_legitimacy_basis__national_liberation_reading.pl:230
Warning:    Current predicate: narrative_ontology:omega_variable/3
Warning:    Use :- discontiguous constraint_zionist_legitimacy_basis__national_liberation_reading:omega_variable/5. to suppress this message
[corpus] Loaded 240 testsets successfully.

=== Trifurcation Profile ===

-- Drift Trajectory Terminal Distribution --

  axiom_foreclosure: 29
  extinction: 3
  husk: 59
  repudiation: 11
  revival: 11
  stable_pattern: 34
  (total CS-bearing with trajectory: 147)

-- Kernel Divergence Count --

  Distinct reading-pair divergences: 80
  Kernels with at least one divergence: 27

-- Axiom Conflict Rates --

  Total cross-reading axiom conflicts: 40
  Real closure (forecloses edge):       11
  Licensed plurality (coexists_with):   28
  No typed edge (structural only):      9

-- cs_drift_unacknowledged Instances --

  98 instances:
    00b8be8b-f23b-4da9-8f05-d83941e6c4e7  gap(practice_drift,substantial,false)
    06a0cb01-149c-42eb-97b0-e79a4077d98b  gap(authority_erosion,substantial,false)
    079cc11f-5a91-4348-9d6b-7ae99b830d28  gap(authority_erosion,substantial,false)
    0877704a-4487-4a87-aba0-b042c8c06a97  gap(practice_drift,substantial,false)
    0a606ba5-ad8f-45ca-804a-8465b635bdc3  gap(revival_pressure,substantial,false)
    0b0d4ffc-6601-4e9c-bb9d-51c2f0fc49a0  gap(practice_drift,severe,false)
    110eb093-33af-4adb-8289-9f0617a371bf  gap(axiom_overriding,substantial,false)
    13c32d00-7541-4c4f-9599-d968edf74c81  gap(practice_drift,substantial,false)
    1b55ba8d-eeb1-4c29-9d60-6c0561cf56bc  gap(revival_pressure,substantial,false)
    1cb66b92-9388-4d2c-aa24-e63097a7e520  gap(repudiation_pressure,substantial,false)
    2119373f-6856-4295-954c-30b3b2c69b12  gap(practice_drift,substantial,false)
    223d9158-119a-441f-a27f-38902dc834a7  gap(practice_drift,substantial,false)
    227655d3-55ef-4148-ad54-cc22cf1acc0c  gap(practice_drift,substantial,false)
    24191bbc-0e81-4992-a55d-fe59719db7a2  gap(practice_drift,substantial,false)
    24754b0b-5bf4-4936-88ee-de158735470f  gap(axiom_overriding,severe,false)
    26cfce70-b904-4695-a883-f91594bb1a1d  gap(repudiation_pressure,substantial,false)
    27f8766d-81a7-4df0-9910-c840d1ef207e  gap(practice_drift,substantial,false)
    29608dc9-c0e2-4654-8d19-76f277cd5813  gap(practice_drift,substantial,false)
    2af2b870-f643-453d-abaf-a49bc4054160  gap(practice_drift,substantial,false)
    2c7ad2fb-311c-4a72-9faf-a4fa58eeb04d  gap(practice_drift,substantial,false)
    325a4182-3b1d-47a0-a1ed-94de4f5d9d6f  gap(practice_drift,substantial,false)
    37d94013-ec1c-4d92-ae7d-e7a1f653398c  gap(practice_drift,substantial,false)
    3cf9a510-9141-4143-b31b-6cbcbf1a8744  gap(practice_drift,substantial,false)
    4076166c-a65e-4400-8ad5-e9e1a74cdf84  gap(practice_drift,substantial,false)
    40b88ae3-491e-4d5a-93de-3e941a6b3a51  gap(practice_drift,substantial,false)
    40b8f324-aa9f-4768-8861-d515b94da8b4  gap(practice_drift,substantial,false)
    418cea3e-ed53-4cbe-bc6d-a16377e76fc9  gap(practice_drift,substantial,false)
    44886d0c-0890-4041-85e1-4156ef2e3cc4  gap(practice_drift,substantial,false)
    44ce1762-d1b2-4289-8b12-01f196a20b5e  gap(codification_collapse,severe,false)
    463eb310-a4c6-4343-af5a-15c198150ad0  gap(axiom_overriding,substantial,false)
    48675112-cffc-45f5-baea-c50b3e60afa2  gap(authority_erosion,substantial,false)
    53035c08-d23d-4412-a6a5-6ef1e640d6d5  gap(practice_drift,substantial,false)
    544fecfb-1f46-4dba-9d6a-29231f08dcac  gap(practice_drift,substantial,false)
    568e37ce-5f1f-4f82-a625-10e1914464a3  gap(axiom_overriding,substantial,false)
    5781e8f6-09a7-45dd-bb78-1faa5a80e6ca  gap(axiom_overriding,substantial,false)
    59277586-48f9-4972-b027-9f84397c5e83  gap(practice_drift,substantial,false)
    5aa887fb-a8b6-471d-9165-46826b303f39  gap(axiom_overriding,substantial,false)
    5c6e84d9-c5d6-42e7-b499-9ffed6cd8590  gap(revival_pressure,substantial,false)
    5cb84df3-9090-440b-a2d4-67e7f934a36c  gap(practice_drift,substantial,false)
    5cc5155d-ebb8-4576-a4af-30b8b82b265f  gap(authority_erosion,substantial,false)
    66494e5f-8773-494e-84e5-71264a05f32e  gap(axiom_overriding,substantial,false)
    66bdf36b-062e-44ec-adae-6b4693461f33  gap(practice_drift,substantial,false)
    684004f3-bdd8-436d-beef-3507230ac448  gap(axiom_overriding,substantial,false)
    6de8a9d4-d622-499b-a2cd-c5676f8bcc82  gap(practice_drift,substantial,false)
    6f7589e9-97c1-4cc0-8ef7-107d1f9689db  gap(repudiation_pressure,substantial,false)
    720e9d73-9e59-4653-901d-1cb9a68ec3c2  gap(axiom_overriding,substantial,false)
    7464dfc9-5e7f-4e5f-9823-7c5888b71bf3  gap(axiom_overriding,substantial,false)
    7c94211f-22e3-4ed8-a262-886d3383599f  gap(authority_erosion,substantial,false)
    821a5ee5-bbbc-427d-8626-e869b7457e08  gap(authority_erosion,substantial,false)
    82ec0c9b-8786-4c1c-b491-74ff5886b6ab  gap(axiom_overriding,substantial,false)
    8a05c85d-4fa0-4575-aa04-68239d1fa092  gap(axiom_overriding,substantial,false)
    8eb79af3-f3f1-4a83-8699-87b2fe8d7e4c  gap(practice_drift,substantial,false)
    905f90a6-6973-40fc-9b43-13074efdc693  gap(practice_drift,substantial,false)
    92a79e14-7833-4507-b58d-729e4848060f  gap(repudiation_pressure,substantial,false)
    961160c1-a6a6-4e00-82a0-29f74912e343  gap(codification_collapse,severe,false)
    9a4f887c-1eaf-4f07-93e6-5eb017ffdebf  gap(practice_drift,substantial,false)
    9ad2d6c4-6dc1-4396-a4c3-9b6b500bf311  gap(authority_erosion,substantial,false)
    9ad36869-a08a-4d1a-a9dc-b07e04a47071  gap(practice_drift,substantial,false)
    9bc5e67c-a11c-4f4c-baca-ae13077f11dc  gap(axiom_overriding,severe,false)
    9e7c5c22-1004-4d57-bf76-a25b4681f43f  gap(practice_drift,substantial,false)
    a30fcf17-77ad-4a89-9d2d-25d752704bfc  gap(practice_drift,substantial,false)
    a472748a-087a-4920-9e0e-51a2665852f2  gap(axiom_overriding,substantial,false)
    a650af53-d607-449e-8c12-298ba087a34f  gap(practice_drift,substantial,false)
    a7642366-0c02-4221-a109-788303659042  gap(axiom_overriding,substantial,false)
    a78a8333-8a66-4cff-bd6b-b411eb4ab1cc  gap(practice_drift,substantial,false)
    ac2448fd-aec5-41ff-a7d3-d0c42c455201  gap(authority_erosion,substantial,false)
    acd929a3-6878-4235-bde9-f77e05413c08  gap(codification_collapse,substantial,false)
    b1185227-fe5b-4c1d-b7a9-79d7364e8f76  gap(practice_drift,substantial,false)
    b182efe5-813b-4d2f-9d2d-e1fc380ca011  gap(axiom_overriding,substantial,false)
    b5354922-58f5-4b42-b88b-f2df1ad54765  gap(authority_erosion,substantial,false)
    bb72436a-9fc7-43aa-963d-2675efeca699  gap(repudiation_pressure,substantial,false)
    bd7c1619-169d-44e8-8a1e-1bff5f5a80b0  gap(axiom_overriding,substantial,false)
    c1f8da27-4b87-407e-8bb9-2a11475484a5  gap(axiom_overriding,substantial,false)
    c94e23b6-9f4f-4daa-a195-784516d91278  gap(authority_erosion,substantial,false)
    ccc6fa66-1d04-4b4a-91fc-b33460b05091  gap(authority_erosion,substantial,false)
    ce30e0ff-f06c-4a79-81ce-f160e9a7e6a0  gap(codification_collapse,substantial,false)
    cee9f50b-d273-407d-bdf8-32000b4008a1  gap(axiom_overriding,substantial,false)
    d22310c8-d7f6-4222-a162-d35e97cbe6fb  gap(practice_drift,substantial,false)
    d6488323-b70d-4dab-99c2-46ae8f51c8b8  gap(practice_drift,substantial,false)
    d6aae3e9-a090-4fec-b5db-3c8e36ef9b70  gap(axiom_overriding,substantial,false)
    d8db1957-c5b2-4d41-9e6d-2077bedc1f6a  gap(axiom_overriding,substantial,false)
    dab629ed-995d-4c96-8358-034e31401295  gap(practice_drift,substantial,false)
    db348a76-c800-4c56-9a6d-e9f365a5ff0b  gap(axiom_overriding,substantial,false)
    e0fb873f-3ba6-4786-86e3-6756def171ff  gap(axiom_overriding,substantial,false)
    e27dd9e3-d875-4bf2-a25b-3ab4300adba0  gap(authority_erosion,substantial,false)
    e3397258-e171-4fc4-bdbe-36269bc107a7  gap(axiom_overriding,substantial,false)
    e5ebc756-d850-4e99-9886-0736b5dd3dc9  gap(practice_drift,substantial,false)
    e69bed7b-d66f-4b2f-b894-840f6c6dd99d  gap(practice_drift,substantial,false)
    ec0d8812-6e64-4203-aac8-f7e93b6912ee  gap(axiom_overriding,substantial,false)
    edcae2ec-69e6-43ea-a66e-22ec6b814f5a  gap(practice_drift,substantial,false)
    f0b30bd2-dbf1-485e-8ad4-a194a8331d7f  gap(axiom_overriding,substantial,false)
    f15668ad-8a96-4b4c-a6a4-03d89cf161bf  gap(axiom_overriding,substantial,false)
    f19b281f-ab02-4662-b86d-2eed840e0a28  gap(practice_drift,substantial,false)
    f79d690e-cbaf-47ce-b9e5-9c0856acfb58  gap(axiom_overriding,substantial,false)
    f9e22de5-be6d-4601-9ed3-8c9648c95fc8  gap(authority_erosion,substantial,false)
    fa03db43-3861-4bd8-b22b-e38a0e70cec2  gap(practice_drift,substantial,false)
    fa071443-76ff-45ba-8b9a-cef3acfd51b7  gap(practice_drift,substantial,false)
    ff0e6cf6-6dde-4911-bb5b-8c6930331de5  gap(practice_drift,substantial,false)

-- cs_axiom_foreclosed Instances --

  37 instances:
    110eb093-33af-4adb-8289-9f0617a371bf: person_situation_interaction_primacy
    24754b0b-5bf4-4936-88ee-de158735470f: causal_non_separability
    24754b0b-5bf4-4936-88ee-de158735470f: simultaneous_mechanism_amplification
    463eb310-a4c6-4343-af5a-15c198150ad0: no_fact_beyond_counterfactual_test_result
    463eb310-a4c6-4343-af5a-15c198150ad0: permanent_foreclosure_voids_rather_than_defers_question
    568e37ce-5f1f-4f82-a625-10e1914464a3: measurement_substitution_is_substantive_policy
    5aa887fb-a8b6-471d-9165-46826b303f39: signal_affordability_stratifies_trustworthiness_recognition
    5aa887fb-a8b6-471d-9165-46826b303f39: trust_emerges_from_signal_cost_not_verification
    684004f3-bdd8-436d-beef-3507230ac448: detection_methods_scalable
    684004f3-bdd8-436d-beef-3507230ac448: indexicality_grounds_verification
    720e9d73-9e59-4653-901d-1cb9a68ec3c2: situations_override_character
    7464dfc9-5e7f-4e5f-9823-7c5888b71bf3: verification_generation_discontinuity
    82ec0c9b-8786-4c1c-b491-74ff5886b6ab: capability_continuity
    82ec0c9b-8786-4c1c-b491-74ff5886b6ab: measurement_transparency
    8a05c85d-4fa0-4575-aa04-68239d1fa092: cognitive_capacity_immutability
    8a05c85d-4fa0-4575-aa04-68239d1fa092: early_performance_diagnostic_validity
    9bc5e67c-a11c-4f4c-baca-ae13077f11dc: constitutional_immutability_enforced
    9bc5e67c-a11c-4f4c-baca-ae13077f11dc: immutability_causes_demographic_trap
    a472748a-087a-4920-9e0e-51a2665852f2: island_stability_billion_year_half_lives
    a472748a-087a-4920-9e0e-51a2665852f2: r_process_superheavy_production_viable
    a7642366-0c02-4221-a109-788303659042: compression_testing_reveals_bimodal_not_unimodal_population
    a7642366-0c02-4221-a109-788303659042: sustained_performance_reshapes_self_model
    b182efe5-813b-4d2f-9d2d-e1fc380ca011: benchmark_saturation_is_measurement_artifact
    b182efe5-813b-4d2f-9d2d-e1fc380ca011: general_capability_is_continuous_scalar
    b182efe5-813b-4d2f-9d2d-e1fc380ca011: verification_progress_implies_generality_progress
    c1f8da27-4b87-407e-8bb9-2a11475484a5: displacement_population_is_remediable
    cee9f50b-d273-407d-bdf8-32000b4008a1: character_cross_situational_stability
    d6aae3e9-a090-4fec-b5db-3c8e36ef9b70: cohort_waves_require_dynamic_reallocation
    d6aae3e9-a090-4fec-b5db-3c8e36ef9b70: demographic_structure_determines_resource_allocation
    d8db1957-c5b2-4d41-9e6d-2077bedc1f6a: decoding_emerges_naturally
    db348a76-c800-4c56-9a6d-e9f365a5ff0b: sybil_resistance_requires_undecayed_stake_weighting
    e3397258-e171-4fc4-bdbe-36269bc107a7: unbroken_jewish_connection_to_levantine_territory
    ec0d8812-6e64-4203-aac8-f7e93b6912ee: character_instability_across_contexts
    ec0d8812-6e64-4203-aac8-f7e93b6912ee: situational_primacy_over_disposition
    f0b30bd2-dbf1-485e-8ad4-a194a8331d7f: endorsement_is_genuine_detectable_mental_state
    f15668ad-8a96-4b4c-a6a4-03d89cf161bf: escalation_under_challenge_is_the_mechanisms_success_condition
    f79d690e-cbaf-47ce-b9e5-9c0856acfb58: measurement_constructs_rather_than_discovers

