constraint_id,epsilon,E_total,E_edge12,E_edge23,E_edge34,h1_band,d_pattern
26usc469_real_estate_exemption,0.75,0.45578494512689083,0.13159534855966562,0.31857005704387703,0.005619539523347953,3,"(0.9, 0.7, 0.12, 0.72)"
absorbing_markov_chain_trap,0.55,0.24510879647866574,0.0707693207230281,0.17131745473541563,0.0030220210202219072,5,"(0.9, 0.7, 0.12, 0.72)"
abstraction_boundary_overrun,0.81,0.5316300206822323,0.15349344244314653,0.3715819252191946,0.006554653019891395,3,"(0.9, 0.7, 0.12, 0.72)"
abstraction_leakage,0.74,0.4437161970245629,0.12810955769783935,0.31013587944664117,0.0054707598800824535,3,"(0.9, 0.7, 0.12, 0.72)"
academic_fashion_modernism_2026,0.68,0.37467949814123036,0.10817765356675646,0.2618822823230721,0.0046195622514016346,0,"(0.9, 0.7, 0.12, 0.72)"
academic_peer_review_gatekeeping,0.75,0.45578494512689083,0.13159534855966562,0.31857005704387703,0.005619539523347953,3,"(0.9, 0.7, 0.12, 0.72)"
academic_tenure_system,0.75,0.45578494512689083,0.13159534855966562,0.31857005704387703,0.005619539523347953,3,"(0.9, 0.7, 0.12, 0.72)"
access_arbitrage,0.45,0.164084543579486,0.047374252451599506,0.11468721904922799,0.002023072078658474,3,"(0.9, 0.7, 0.12, 0.72)"
acip_hep_b_infant_mandate,0.18,0.02625433523125018,0.007580063511286734,0.018350571496690848,0.00032370022327258375,0,"(0.9, 0.7, 0.12, 0.72)"
ad_fus_coordination,0.75,0.45578494512689083,0.13159534855966562,0.31857005704387703,0.005619539523347953,3,"(0.9, 0.7, 0.12, 0.72)"
ad_synaptic_deficit,0.85,0.5854325660294332,0.1690271194854501,0.40918742741521974,0.007218019128763465,3,"(0.9, 0.7, 0.12, 0.72)"
adaptive_lag_trap,0.83,0.5582055804687291,0.16116573610349202,0.39015751313230573,0.006882331232931488,3,"(0.9, 0.7, 0.12, 0.72)"
adversarial_surface_inflation,0.84,0.5717322596354415,0.16507262225758884,0.3996105365502568,0.007049100827595705,3,"(0.9, 0.7, 0.12, 0.72)"
adversarial_truth_decay,0.89,0.6418296789474931,0.18530974622854388,0.4486065776422516,0.007913355076697999,0,"(0.9, 0.7, 0.12, 0.72)"
adverse_possession,0.65,0.3423441400460459,0.0988432004082694,0.23928006615060907,0.004220873487167435,3,"(0.9, 0.7, 0.12, 0.72)"
advice_as_dangerous_gift,0.35,0.09926048436349684,0.028658401315975898,0.06937825628801429,0.001223826759506642,3,"(0.9, 0.7, 0.12, 0.72)"
agency_atrophy,0.88,0.6274816742331264,0.1811689063178605,0.43857632739010693,0.007736440525159048,3,"(0.9, 0.7, 0.12, 0.72)"
agent_opt_2026,0.7,0.39704192292848406,0.11463360526390359,0.27751302515205717,0.004895292512523282,0,"(0.9, 0.7, 0.12, 0.72)"
agg1_genetic_determinism,0.75,0.45578494512689083,0.13159534855966562,0.31857005704387703,0.005619539523347953,3,"(0.9, 0.7, 0.12, 0.72)"
aging_longevity_tests,0.52,0.21910158164233026,0.0632596482612924,0.1531405535593708,0.002701379821667107,3,"(0.9, 0.7, 0.12, 0.72)"
ai_adoption_stigma,0.52,0.21910158164233026,0.0632596482612924,0.1531405535593708,0.002701379821667107,5,"(0.9, 0.7, 0.12, 0.72)"
ai_auditability_gap,0.52,0.21910158164233026,0.0632596482612924,0.1531405535593708,0.002701379821667107,5,"(0.9, 0.7, 0.12, 0.72)"
ai_banal_capture,0.68,0.37467949814123036,0.10817765356675646,0.2618822823230721,0.0046195622514016346,3,"(0.9, 0.7, 0.12, 0.72)"
ai_cognitive_diversity_arbitrage,0.72,0.42005527087206396,0.12127834242400684,0.29359789868914854,0.005179029758908443,0,"(0.9, 0.7, 0.12, 0.72)"
ai_compute_capital_moat,0.62,0.6458040310734977,0.4242581966826049,0.2177055363852224,0.003840298005670279,5,"(0.9, 0.7, 0.12, 0.72)"
ai_driven_surveillance_sensor_layer,0.75,0.45578494512689083,0.13159534855966562,0.31857005704387703,0.005619539523347953,3,"(0.9, 0.7, 0.12, 0.72)"
ai_edu_decentralization,0.5,0.2025709220377498,0.05848666035519282,0.14158669201950094,0.0024975696630559576,3,"(0.9, 0.7, 0.12, 0.72)"
ai_evaluators_matching,0.75,0.45578494512689083,0.13159534855966562,0.31857005704387703,0.005619539523347953,3,"(0.9, 0.7, 0.12, 0.72)"
ai_nonconsensual_content_facilitation,0.75,0.45578494512689083,0.13159534855966562,0.31857005704387703,0.005619539523347953,3,"(0.9, 0.7, 0.12, 0.72)"
ai_performance_watermark,0.55,0.5082062267529835,0.333866750997346,0.17131745473541563,0.0030220210202219072,6,"(0.9, 0.7, 0.12, 0.72)"
ai_professional_displacement,0.71,0.4084633641348224,0.1179329180120005,0.2854943476956721,0.0050360984271498755,3,"(0.9, 0.7, 0.12, 0.72)"
ai_religion_regulation,0.6,0.29170366754150173,0.08422097439158753,0.2038861688467418,0.0035965243031721244,5,"(0.9, 0.7, 0.12, 0.72)"
ai_scholar_citation_trap,0.55,0.24510879647866574,0.0707693207230281,0.17131745473541563,0.0030220210202219072,3,"(0.9, 0.7, 0.12, 0.72)"
ai_superpowers_2026,0.64,0.33189536938238207,0.09582529365532037,0.23197801114410432,0.004092064582957283,3,"(0.9, 0.7, 0.12, 0.72)"
ai_task_horizon_reliability,0.48,0.18668903078347623,0.05390133074393555,0.13048593770003242,0.0023017623395082854,3,"(0.9, 0.7, 0.12, 0.72)"
ai_training_data_dependency,0.48,0.18668903078347623,0.05390133074393555,0.13048593770003242,0.0023017623395082854,3,"(0.9, 0.7, 0.12, 0.72)"
airbnb_str_regulation,0.6,0.29170366754150173,0.08422097439158753,0.2038861688467418,0.0035965243031721244,5,"(0.9, 0.7, 0.12, 0.72)"
airport_slot_use_it_or_lose_it,0.75,0.45578494512689083,0.13159534855966562,0.31857005704387703,0.005619539523347953,3,"(0.9, 0.7, 0.12, 0.72)"
algeria_france_colonial_legacy,0.75,0.45578494512689083,0.13159534855966562,0.31857005704387703,0.005619539523347953,3,"(0.9, 0.7, 0.12, 0.72)"
algorithmic_bias,0.75,0.45578494512689083,0.13159534855966562,0.31857005704387703,0.005619539523347953,3,"(0.9, 0.7, 0.12, 0.72)"
algorithmic_epistemic_capture,0.85,0.5854325660294332,0.1690271194854501,0.40918742741521974,0.007218019128763465,0,"(0.9, 0.7, 0.12, 0.72)"
alignment_tax_tradeoff,0.84,0.5717322596354415,0.16507262225758884,0.3996105365502568,0.007049100827595705,0,"(0.9, 0.7, 0.12, 0.72)"
alternative_sovereignty_scaffold,0.22,0.03921880314788762,0.011322927920677859,0.02741232456357134,0.00048355066363841914,0,"(0.9, 0.7, 0.12, 0.72)"
altruistic_misery_paradox_2026,0.62,0.31147508122502504,0.08992924683413242,0.2177055363852224,0.003840298005670279,0,"(0.9, 0.7, 0.12, 0.72)"
alzheimers_levetiracetam,0.35,0.09926048436349684,0.028658401315975898,0.06937825628801429,0.001223826759506642,3,"(0.9, 0.7, 0.12, 0.72)"
alzheimers_nlrp3_inflammasome,0.85,0.5854325660294332,0.1690271194854501,0.40918742741521974,0.007218019128763465,3,"(0.9, 0.7, 0.12, 0.72)"
amish_technological_renunciation,0.8,0.5185790186585607,0.14972690900812705,0.3624583786813388,0.006393730969094819,3,"(0.9, 0.7, 0.12, 0.72)"
ancestral_pueblo_hydrology,0.82,0.5448327120091823,0.15730676469477264,0.3808085361536563,0.006717411160752992,3,"(0.9, 0.7, 0.12, 0.72)"
ancient_antibiotic_resistance,0.05,0.00020289709919959838,0.0002014725644006931,2.1192821330943042e-12,1.4245326796230126e-06,0,"(1.0, 0.6459, 0.0, 0.725)"
ancient_grudge_verona,0.8,0.5185790186585607,0.14972690900812705,0.3624583786813388,0.006393730969094819,3,"(0.9, 0.7, 0.12, 0.72)"
anticipatory_capacity_failure,0.83,0.5582055804687291,0.16116573610349202,0.39015751313230573,0.006882331232931488,0,"(0.9, 0.7, 0.12, 0.72)"
antifragility,0.75,0.45578494512689083,0.13159534855966562,0.31857005704387703,0.005619539523347953,3,"(0.9, 0.7, 0.12, 0.72)"
antikythera_knowledge_loss,0.05,0.00020289709919959838,0.0002014725644006931,2.1192821330943042e-12,1.4245326796230126e-06,0,"(1.0, 0.6459, 0.0, 0.725)"
antikythera_planetary_model,0.55,0.24510879647866574,0.0707693207230281,0.17131745473541563,0.0030220210202219072,5,"(0.9, 0.7, 0.12, 0.72)"
apartheid_nuclear_program,0.85,0.5854325660294332,0.1690271194854501,0.40918742741521974,0.007218019128763465,3,"(0.9, 0.7, 0.12, 0.72)"
ape_cognition_framework,0.55,0.24510879647866574,0.0707693207230281,0.17131745473541563,0.0030220210202219072,5,"(0.9, 0.7, 0.12, 0.72)"
appropriations_brinkmanship,0.65,0.3423441400460459,0.0988432004082694,0.23928006615060907,0.004220873487167435,3,"(0.9, 0.7, 0.12, 0.72)"
arctic_geopolitical_flashpoint,0.75,0.45578494512689083,0.13159534855966562,0.31857005704387703,0.005619539523347953,3,"(0.9, 0.7, 0.12, 0.72)"
arctic_maritime_control,0.55,0.24510879647866574,0.0707693207230281,0.17131745473541563,0.0030220210202219072,5,"(0.9, 0.7, 0.12, 0.72)"
arg_ev_tariff,0.55,0.24510879647866574,0.0707693207230281,0.17131745473541563,0.0030220210202219072,5,"(0.9, 0.7, 0.12, 0.72)"
armra_colostrum_regulation,0.48,0.18668903078347623,0.05390133074393555,0.13048593770003242,0.0023017623395082854,3,"(0.9, 0.7, 0.12, 0.72)"
arrows_impossibility_theorem,0.6,0.29170366754150173,0.08422097439158753,0.2038861688467418,0.0035965243031721244,3,"(0.9, 0.7, 0.12, 0.72)"
art_market_decoupling,0.84,0.5717322596354415,0.16507262225758884,0.3996105365502568,0.007049100827595705,0,"(0.9, 0.7, 0.12, 0.72)"
artificial_scarcity_scaffold,0.48,0.18668903078347623,0.05390133074393555,0.13048593770003242,0.0023017623395082854,3,"(0.9, 0.7, 0.12, 0.72)"
artificial_snow_2026,0.48,0.18668903078347623,0.05390133074393555,0.13048593770003242,0.0023017623395082854,3,"(0.9, 0.7, 0.12, 0.72)"
asce_7_22_seismic_design,0.35,0.09926048436349684,0.028658401315975898,0.06937825628801429,0.001223826759506642,3,"(0.9, 0.7, 0.12, 0.72)"
asean_ceasefire_2011,0.15,0.01823107214276376,0.005263826114045045,0.012742469199810754,0.00022477682890795407,0,"(0.9, 0.7, 0.12, 0.72)"
asshole_filter_2015,0.75,0.45578494512689083,0.13159534855966562,0.31857005704387703,0.005619539523347953,3,"(0.9, 0.7, 0.12, 0.72)"
astm_d638_tensile_testing,0.1,0.00810299678227003,0.0023394002586152444,0.005663689739037294,9.9906784617496e-05,3,"(0.9, 0.7, 0.12, 0.72)"
asymmetric_burden_distribution,0.89,0.6418296789474931,0.18530974622854388,0.4486065776422516,0.007913355076697999,0,"(0.9, 0.7, 0.12, 0.72)"
asymmetric_computational_difficulty,0.85,0.5854325660294332,0.1690271194854501,0.40918742741521974,0.007218019128763465,0,"(0.9, 0.7, 0.12, 0.72)"
atrophied_optimization_piton,0.48,0.18668903078347623,0.05390133074393555,0.13048593770003242,0.0023017623395082854,0,"(0.9, 0.7, 0.12, 0.72)"
attention_as_bottleneck_resource,0.87,0.6133070040417028,0.17707485522378355,0.4286704489185349,0.007561699899384294,3,"(0.9, 0.7, 0.12, 0.72)"
attention_market_cannibalization,0.91,0.6710015075684449,0.19373267280020798,0.46899581358636927,0.008273021181867903,3,"(0.9, 0.7, 0.12, 0.72)"
attribution_ambiguity_triplet_sc,0.42,0.14293366933045396,0.04126844391196123,0.09990295021159379,0.0017622752068989262,3,"(0.9, 0.7, 0.12, 0.72)"
attritional_warfare_doctrine_ru_ua_2026,0.75,0.45578494512689083,0.13159534855966562,0.31857005704387703,0.005619539523347953,3,"(0.9, 0.7, 0.12, 0.72)"
au_social_media_ban_u16,0.48,0.18668903078347623,0.05390133074393555,0.13048593770003242,0.0023017623395082854,3,"(0.9, 0.7, 0.12, 0.72)"
australia_social_ban_2026,0.72,0.42005527087206396,0.12127834242400684,0.29359789868914854,0.005179029758908443,3,"(0.9, 0.7, 0.12, 0.72)"
authoritarian_power_paradox,0.8,0.5185790186585607,0.14972690900812705,0.3624583786813388,0.006393730969094819,3,"(0.9, 0.7, 0.12, 0.72)"
automatic_enrollment_defaults,0.05,0.0020255256666316082,0.00058490857634965,0.0014156448728208603,2.4972217461098083e-05,0,"(0.9, 0.7, 0.12, 0.72)"
autonomous_toolchain_sprawl,0.84,0.5717322596354415,0.16507262225758884,0.3996105365502568,0.007049100827595705,3,"(0.9, 0.7, 0.12, 0.72)"
availability_heuristic,0.4,0.12964475051454127,0.03743172725203176,0.0906145946703347,0.0015984285921747821,3,"(0.9, 0.7, 0.12, 0.72)"
average_is_over_2026,0.68,0.37467949814123036,0.10817765356675646,0.2618822823230721,0.0046195622514016346,3,"(0.9, 0.7, 0.12, 0.72)"
awareness_without_leverage,0.73,0.4318000195835967,0.12467055565261978,0.30180564875957394,0.005323815171402981,3,"(0.9, 0.7, 0.12, 0.72)"
axiom_of_choice,0.25,0.050642854023590526,0.014621786009125486,0.035396673004875236,0.0006243950095898017,4,"(0.9, 0.7, 0.12, 0.72)"
axiom_reasoner_2026,0.48,0.18668903078347623,0.05390133074393555,0.13048593770003242,0.0023017623395082854,3,"(0.9, 0.7, 0.12, 0.72)"
banach_fixed_point,0.01,8.117393519210143e-06,8.060514437286099e-06,3.1204970212256284e-12,5.687596142699991e-08,0,"(1.0, 0.6459, 0.0, 0.725)"
banach_fixed_point_theorem,0.1,0.0008115883967983935,0.0008058902576027724,8.477128532377217e-12,5.69813071849205e-06,0,"(1.0, 0.6459, 0.0, 0.725)"
banach_tarski_paradox,0.05,0.00020289709919959838,0.0002014725644006931,2.1192821330943042e-12,1.4245326796230126e-06,0,"(1.0, 0.6459, 0.0, 0.725)"
bangladesh_july_national_charter,0.55,0.24510879647866574,0.0707693207230281,0.17131745473541563,0.0030220210202219072,5,"(0.9, 0.7, 0.12, 0.72)"
base_pair_complementarity,0.2,0.003246202920314183,0.003223399854358882,2.4136328558238428e-12,2.2803063541669886e-05,0,"(1.0, 0.6459, 0.0, 0.725)"
basel_problem_convergence,0.02,0.0003241276808083976,9.357763321331372e-05,0.0002265536102006588,3.996437394425179e-06,0,"(0.9, 0.7, 0.12, 0.72)"
bay_of_pigs_operational_silo,0.9,0.6563283669978075,0.1894973749558339,0.4587388836406341,0.008092108401339695,3,"(0.9, 0.7, 0.12, 0.72)"
bayes_theorem_cognitive_bias,0.48,0.18668903078347623,0.05390133074393555,0.13048593770003242,0.0023017623395082854,3,"(0.9, 0.7, 0.12, 0.72)"
bedouin_sedentary_transition,0.75,0.45578494512689083,0.13159534855966562,0.31857005704387703,0.005619539523347953,3,"(0.9, 0.7, 0.12, 0.72)"
beehiiv_platform_model,0.48,0.18668903078347623,0.05390133074393555,0.13048593770003242,0.0023017623395082854,3,"(0.9, 0.7, 0.12, 0.72)"
belief_argument_conclusion,0.7,0.39704192292848406,0.11463360526390359,0.27751302515205717,0.004895292512523282,3,"(0.9, 0.7, 0.12, 0.72)"
berkshire_compounding_culture,0.1,0.00810299678227003,0.0023394002586152444,0.005663689739037294,9.9906784617496e-05,0,"(0.9, 0.7, 0.12, 0.72)"
bgs_eigenvector_thermalization,0.42,0.14293366933045396,0.04126844391196123,0.09990295021159379,0.0017622752068989262,3,"(0.9, 0.7, 0.12, 0.72)"
bgs_spectral_universality,0.08,0.0005193924672502686,0.0005157439766974207,3.8618125693558934e-13,3.6484901666671846e-06,0,"(1.0, 0.6459, 0.0, 0.725)"
bh_merger_gravitational_infall,0.05,0.00020289709919959838,0.0002014725644006931,2.1192821330943042e-12,1.4245326796230126e-06,0,"(1.0, 0.6459, 0.0, 0.725)"
big_data_astrophysics_arbitrage,0.75,0.45578494512689083,0.13159534855966562,0.31857005704387703,0.005619539523347953,3,"(0.9, 0.7, 0.12, 0.72)"
biological_curiosity,0.15,0.01823107214276376,0.005263826114045045,0.012742469199810754,0.00022477682890795407,4,"(0.9, 0.7, 0.12, 0.72)"
biological_specification,0.15,0.0018259609070490016,0.0018131321980707615,9.056262858452724e-12,1.282869992197887e-05,0,"(1.0, 0.6459, 0.0, 0.725)"
bip_narrative_illusion,0.85,0.5854325660294332,0.1690271194854501,0.40918742741521974,0.007218019128763465,3,"(0.9, 0.7, 0.12, 0.72)"
birthday_paradox_collision,0.05,0.00020289709919959838,0.0002014725644006931,2.1192821330943042e-12,1.4245326796230126e-06,0,"(1.0, 0.6459, 0.0, 0.725)"
blackstone_carried_interest_taxation,0.3,0.07292428234595182,0.02105530445618018,0.050969876799243016,0.0008991010905285984,4,"(0.9, 0.7, 0.12, 0.72)"
blackstone_conflicts_of_interest,0.75,0.45578494512689083,0.13159534855966562,0.31857005704387703,0.005619539523347953,3,"(0.9, 0.7, 0.12, 0.72)"
blackstone_smd_control,0.8,0.5185790186585607,0.14972690900812705,0.3624583786813388,0.006393730969094819,3,"(0.9, 0.7, 0.12, 0.72)"
blackstone_tra,0.85,0.5854325660294332,0.1690271194854501,0.40918742741521974,0.007218019128763465,3,"(0.9, 0.7, 0.12, 0.72)"
bnpl_payment_systems,0.48,0.18668903078347623,0.05390133074393555,0.13048593770003242,0.0023017623395082854,3,"(0.9, 0.7, 0.12, 0.72)"
board_of_peace_2026,0.48,0.18668903078347623,0.05390133074393555,0.13048593770003242,0.0023017623395082854,3,"(0.9, 0.7, 0.12, 0.72)"
boe_base_rate_policy_2024,0.48,0.18668903078347623,0.05390133074393555,0.13048593770003242,0.0023017623395082854,3,"(0.9, 0.7, 0.12, 0.72)"
boiled_pineapple_trend_2026,0.55,0.24510879647866574,0.0707693207230281,0.17131745473541563,0.0030220210202219072,0,"(0.9, 0.7, 0.12, 0.72)"
boltzmann_universality_2026,0.15,0.01823107214276376,0.005263826114045045,0.012742469199810754,0.00022477682890795407,3,"(0.9, 0.7, 0.12, 0.72)"
bonbon_drop_sticker_craze,0.75,0.45578494512689083,0.13159534855966562,0.31857005704387703,0.005619539523347953,3,"(0.9, 0.7, 0.12, 0.72)"
boom_bust_path_dependency,0.22,0.03921880314788762,0.011322927920677859,0.02741232456357134,0.00048355066363841914,3,"(0.9, 0.7, 0.12, 0.72)"
bor_tax_exemption_nl,0.75,0.45578494512689083,0.13159534855966562,0.31857005704387703,0.005619539523347953,3,"(0.9, 0.7, 0.12, 0.72)"
boundary_dissolution_risk,0.87,0.6133070040417028,0.17707485522378355,0.4286704489185349,0.007561699899384294,3,"(0.9, 0.7, 0.12, 0.72)"
boundary_protocol,0.0,0.0,0.0,0.0,0.0,0,"(0.95, 0.65, 0.12, 0.72)"
brain_network_paradigm_2026,0.5,0.2025709220377498,0.05848666035519282,0.14158669201950094,0.0024975696630559576,5,"(0.9, 0.7, 0.12, 0.72)"
brazil_2026_general_elections,0.52,0.21910158164233026,0.0632596482612924,0.1531405535593708,0.002701379821667107,3,"(0.9, 0.7, 0.12, 0.72)"
brazil_hiv_vtn_elimination,0.1,0.005392773376503945,0.0010066125250172597,0.004286254066869193,9.9906784617496e-05,0,"(0.95, 0.65, 0.12, 0.72)"
brazil_mexico_financial_requirement,0.75,0.45578494512689083,0.13159534855966562,0.31857005704387703,0.005619539523347953,3,"(0.9, 0.7, 0.12, 0.72)"
broke_vs_poor_grocery_math,0.8,0.5185790186585607,0.14972690900812705,0.3624583786813388,0.006393730969094819,3,"(0.9, 0.7, 0.12, 0.72)"
brouwer_fixed_point,0.05,0.00020289709919959838,0.0002014725644006931,2.1192821330943042e-12,1.4245326796230126e-06,0,"(1.0, 0.6459, 0.0, 0.725)"
buffons_needle_pi_estimation,0.48,0.18668903078347623,0.05390133074393555,0.13048593770003242,0.0023017623395082854,3,"(0.9, 0.7, 0.12, 0.72)"
burali_forti_paradox,0.2,0.032412180599468245,0.009357794504849094,0.022654758956149178,0.000399627138469984,4,"(0.9, 0.7, 0.12, 0.72)"
burden_of_proof_engineering_safety,0.9,0.6563283669978075,0.1894973749558339,0.4587388836406341,0.008092108401339695,3,"(0.9, 0.7, 0.12, 0.72)"
burden_of_proof_legal_criminal,0.1,0.00810299678227003,0.0023394002586152444,0.005663689739037294,9.9906784617496e-05,3,"(0.9, 0.7, 0.12, 0.72)"
burden_of_proof_scientific,0.48,0.18668903078347623,0.05390133074393555,0.13048593770003242,0.0023017623395082854,3,"(0.9, 0.7, 0.12, 0.72)"
bureaucratic_legibility_collapse,0.86,0.599283236830062,0.17302759294631348,0.41886687835998115,0.007388765523767258,3,"(0.9, 0.7, 0.12, 0.72)"
bureaucratic_self_preservation,0.72,0.42005527087206396,0.12127834242400684,0.29359789868914854,0.005179029758908443,0,"(0.9, 0.7, 0.12, 0.72)"
bushman_money_magic,0.9,0.6563283669978075,0.1894973749558339,0.4587388836406341,0.008092108401339695,3,"(0.9, 0.7, 0.12, 0.72)"
busy_beaver_noncomputability,0.05,0.00020289709919959838,0.0002014725644006931,2.1192821330943042e-12,1.4245326796230126e-06,0,"(1.0, 0.6459, 0.0, 0.725)"
bwb_adeg_rewesale_conditions,0.48,0.18668903078347623,0.05390133074393555,0.13048593770003242,0.0023017623395082854,3,"(0.9, 0.7, 0.12, 0.72)"
c_physical_blue_wavelength,0.02,3.246957407684057e-05,3.2242057749144395e-05,1.2481988084902513e-11,2.2750384570799965e-07,0,"(1.0, 0.6459, 0.0, 0.725)"
canada_germany_ai_pact,0.48,0.3870775478840669,0.2542898478445262,0.13048593770003242,0.0023017623395082854,5,"(0.9, 0.7, 0.12, 0.72)"
canada_goose_realignment_2026,0.25,0.03370442759294127,0.00629182468087932,0.026788207902472123,0.0006243950095898017,0,"(0.95, 0.65, 0.12, 0.72)"
canal_panama_influence,0.6,0.29170366754150173,0.08422097439158753,0.2038861688467418,0.0035965243031721244,5,"(0.9, 0.7, 0.12, 0.72)"
cancer_chronotherapy_timing,0.05,0.0013479699224426798,0.00025167564868749156,0.001071322056294091,2.4972217461098083e-05,0,"(0.95, 0.65, 0.12, 0.72)"
cancer_prevention,0.55,0.24510879647866574,0.0707693207230281,0.17131745473541563,0.0030220210202219072,5,"(0.9, 0.7, 0.12, 0.72)"
cantor_set_topology,0.05,0.0020255256666316082,0.00058490857634965,0.0014156448728208603,2.4972217461098083e-05,0,"(0.9, 0.7, 0.12, 0.72)"
cantors_diagonal_argument,0.1,0.00810299678227003,0.0023394002586152444,0.005663689739037294,9.9906784617496e-05,0,"(0.9, 0.7, 0.12, 0.72)"
cap_theorem,0.05,0.00020289709919959838,0.0002014725644006931,2.1192821330943042e-12,1.4245326796230126e-06,0,"(1.0, 0.6459, 0.0, 0.725)"
capability_eval_overhang,0.83,0.5582055804687291,0.16116573610349202,0.39015751313230573,0.006882331232931488,3,"(0.9, 0.7, 0.12, 0.72)"
capital_misallocation_spiral,0.87,0.6133070040417028,0.17707485522378355,0.4286704489185349,0.007561699899384294,3,"(0.9, 0.7, 0.12, 0.72)"
capital_rotation_ai_narrative,0.48,0.18668903078347623,0.05390133074393555,0.13048593770003242,0.0023017623395082854,3,"(0.9, 0.7, 0.12, 0.72)"
car_ownership_norm_us,0.55,0.24510879647866574,0.0707693207230281,0.17131745473541563,0.0030220210202219072,5,"(0.9, 0.7, 0.12, 0.72)"
carbon_credit_markets_2026,0.55,0.24510879647866574,0.0707693207230281,0.17131745473541563,0.0030220210202219072,5,"(0.9, 0.7, 0.12, 0.72)"
carrier_deployment_deterrence,0.55,0.24510879647866574,0.0707693207230281,0.17131745473541563,0.0030220210202219072,5,"(0.9, 0.7, 0.12, 0.72)"
carrying_capacity,0.7,0.39704192292848406,0.11463360526390359,0.27751302515205717,0.004895292512523282,3,"(0.9, 0.7, 0.12, 0.72)"
cartel_drone_surveillance_el_paso,0.75,0.45578494512689083,0.13159534855966562,0.31857005704387703,0.005619539523347953,3,"(0.9, 0.7, 0.12, 0.72)"
cascading_constraint_failure,0.89,0.6418296789474931,0.18530974622854388,0.4486065776422516,0.007913355076697999,3,"(0.9, 0.7, 0.12, 0.72)"
cascading_uncertainty_2026,0.75,0.45578494512689083,0.13159534855966562,0.31857005704387703,0.005619539523347953,3,"(0.9, 0.7, 0.12, 0.72)"
castration_longevity_choice,0.8,0.5185790186585607,0.14972690900812705,0.3624583786813388,0.006393730969094819,3,"(0.9, 0.7, 0.12, 0.72)"
cb_far_beyond_human,0.65,0.3423441400460459,0.0988432004082694,0.23928006615060907,0.004220873487167435,3,"(0.9, 0.7, 0.12, 0.72)"
cbdc_implementation,0.8,0.5185790186585607,0.14972690900812705,0.3624583786813388,0.006393730969094819,3,"(0.9, 0.7, 0.12, 0.72)"
central_limit_theorem,0.08,0.0005193924672502686,0.0005157439766974207,3.8618125693558934e-13,3.6484901666671846e-06,0,"(1.0, 0.6459, 0.0, 0.725)"
cfius_hiefo_emcore_divestment,0.65,0.3423441400460459,0.0988432004082694,0.23928006615060907,0.004220873487167435,3,"(0.9, 0.7, 0.12, 0.72)"
cg_israelgaza_20231012,0.65,0.3423441400460459,0.0988432004082694,0.23928006615060907,0.004220873487167435,3,"(0.9, 0.7, 0.12, 0.72)"
chaitins_omega_undecidability,0.05,0.00020289709919959838,0.0002014725644006931,2.1192821330943042e-12,1.4245326796230126e-06,0,"(1.0, 0.6459, 0.0, 0.725)"
challenger_o_ring_integrity,0.8,0.5185790186585607,0.14972690900812705,0.3624583786813388,0.006393730969094819,3,"(0.9, 0.7, 0.12, 0.72)"
champions_bass_fishing_exclusion,0.48,0.18668903078347623,0.05390133074393555,0.13048593770003242,0.0023017623395082854,3,"(0.9, 0.7, 0.12, 0.72)"
child_marriage,0.75,0.45578494512689083,0.13159534855966562,0.31857005704387703,0.005619539523347953,3,"(0.9, 0.7, 0.12, 0.72)"
china_africa_zero_tariff_2026,0.32,0.08297133259106843,0.023956103720391315,0.05799224470931137,0.001022984161365738,3,"(0.9, 0.7, 0.12, 0.72)"
china_contraceptive_tax,0.55,0.24510879647866574,0.0707693207230281,0.17131745473541563,0.0030220210202219072,5,"(0.9, 0.7, 0.12, 0.72)"
china_critical_mineral_chokepoint,0.85,0.5854325660294332,0.1690271194854501,0.40918742741521974,0.007218019128763465,3,"(0.9, 0.7, 0.12, 0.72)"
china_ev_export_oversupply,0.55,0.24510879647866574,0.0707693207230281,0.17131745473541563,0.0030220210202219072,5,"(0.9, 0.7, 0.12, 0.72)"
china_export_led_growth,0.48,0.18668903078347623,0.05390133074393555,0.13048593770003242,0.0023017623395082854,3,"(0.9, 0.7, 0.12, 0.72)"
china_taiwan_reunification_mandate,0.8,0.5185790186585607,0.14972690900812705,0.3624583786813388,0.006393730969094819,3,"(0.9, 0.7, 0.12, 0.72)"
china_vactrain_standard,0.55,0.24510879647866574,0.0707693207230281,0.17131745473541563,0.0030220210202219072,5,"(0.9, 0.7, 0.12, 0.72)"
choice_architecture_design,0.48,0.18668903078347623,0.05390133074393555,0.13048593770003242,0.0023017623395082854,3,"(0.9, 0.7, 0.12, 0.72)"
cholesterol_pill_cost,0.7,0.39704192292848406,0.11463360526390359,0.27751302515205717,0.004895292512523282,3,"(0.9, 0.7, 0.12, 0.72)"
chrome_imagen2_integration,0.65,0.3423441400460459,0.0988432004082694,0.23928006615060907,0.004220873487167435,3,"(0.9, 0.7, 0.12, 0.72)"
church_turing_thesis,0.02,3.246957407684057e-05,3.2242057749144395e-05,1.2481988084902513e-11,2.2750384570799965e-07,0,"(1.0, 0.6459, 0.0, 0.725)"
cia_fbi_legal_wall,0.7,0.39704192292848406,0.11463360526390359,0.27751302515205717,0.004895292512523282,3,"(0.9, 0.7, 0.12, 0.72)"
cinderella_midnight_deadline,0.1,0.00810299678227003,0.0023394002586152444,0.005663689739037294,9.9906784617496e-05,0,"(0.9, 0.7, 0.12, 0.72)"
circadian_decoupling_arbitrage,0.62,0.31147508122502504,0.08992924683413242,0.2177055363852224,0.003840298005670279,3,"(0.9, 0.7, 0.12, 0.72)"
citation_collapse_dynamics,0.86,0.599283236830062,0.17302759294631348,0.41886687835998115,0.007388765523767258,0,"(0.9, 0.7, 0.12, 0.72)"
civilizational_lifecycle_solara,0.85,0.5854325660294332,0.1690271194854501,0.40918742741521974,0.007218019128763465,3,"(0.9, 0.7, 0.12, 0.72)"
civilizational_maintenance_debt,0.62,0.31147508122502504,0.08992924683413242,0.2177055363852224,0.003840298005670279,3,"(0.9, 0.7, 0.12, 0.72)"
clawderberg_recursive_slop,0.85,0.5854325660294332,0.1690271194854501,0.40918742741521974,0.007218019128763465,0,"(0.9, 0.7, 0.12, 0.72)"
click_chemistry_paradigm_2026,0.1,0.00810299678227003,0.0023394002586152444,0.005663689739037294,9.9906784617496e-05,4,"(0.9, 0.7, 0.12, 0.72)"
climate_attribution_2026,0.2,0.032412180599468245,0.009357794504849094,0.022654758956149178,0.000399627138469984,4,"(0.9, 0.7, 0.12, 0.72)"
climate_catastrophe_belief,0.52,0.21910158164233026,0.0632596482612924,0.1531405535593708,0.002701379821667107,5,"(0.9, 0.7, 0.12, 0.72)"
climate_event_attribution,0.55,0.24510879647866574,0.0707693207230281,0.17131745473541563,0.0030220210202219072,5,"(0.9, 0.7, 0.12, 0.72)"
climate_policy_extraction,0.62,0.31147508122502504,0.08992924683413242,0.2177055363852224,0.003840298005670279,3,"(0.9, 0.7, 0.12, 0.72)"
climate_target_one_point_five,0.3,0.07292428234595182,0.02105530445618018,0.050969876799243016,0.0008991010905285984,4,"(0.9, 0.7, 0.12, 0.72)"
cloudflare_dual_class_asymmetry,0.8,0.5185790186585607,0.14972690900812705,0.3624583786813388,0.006393730969094819,3,"(0.9, 0.7, 0.12, 0.72)"
clt_convergence_2026,0.01,8.117393519210143e-06,8.060514437286099e-06,3.1204970212256284e-12,5.687596142699991e-08,0,"(1.0, 0.6459, 0.0, 0.725)"
cma,0.82,0.5448327120091823,0.15730676469477264,0.3808085361536563,0.006717411160752992,3,"(0.9, 0.7, 0.12, 0.72)"
cmr_001,0.55,0.24510879647866574,0.0707693207230281,0.17131745473541563,0.0030220210202219072,3,"(0.9, 0.7, 0.12, 0.72)"
cn_tech_decoupling_security_software,0.55,0.24510879647866574,0.0707693207230281,0.17131745473541563,0.0030220210202219072,5,"(0.9, 0.7, 0.12, 0.72)"
coalition_disinfo_framework_2026,0.48,0.18668903078347623,0.05390133074393555,0.13048593770003242,0.0023017623395082854,3,"(0.9, 0.7, 0.12, 0.72)"
cobra_effect,0.6,0.29170366754150173,0.08422097439158753,0.2038861688467418,0.0035965243031721244,3,"(0.9, 0.7, 0.12, 0.72)"
codex_access,0.55,0.24510879647866574,0.0707693207230281,0.17131745473541563,0.0030220210202219072,5,"(0.9, 0.7, 0.12, 0.72)"
coe_ukraine_reparations_register,0.65,0.3423441400460459,0.0988432004082694,0.23928006615060907,0.004220873487167435,3,"(0.9, 0.7, 0.12, 0.72)"
coffee_cardiovascular_2026,0.12,0.011668478306131264,0.003368862192383631,0.008155749347848709,0.00014386676589892618,0,"(0.9, 0.7, 0.12, 0.72)"
cognac_geopolitical_risk,0.5,0.2025709220377498,0.05848666035519282,0.14158669201950094,0.0024975696630559576,5,"(0.9, 0.7, 0.12, 0.72)"
cognitive_bicycle_scaffold,0.2,0.032412180599468245,0.009357794504849094,0.022654758956149178,0.000399627138469984,0,"(0.9, 0.7, 0.12, 0.72)"
cognitive_diversity_arbitrage,0.72,0.42005527087206396,0.12127834242400684,0.29359789868914854,0.005179029758908443,0,"(0.9, 0.7, 0.12, 0.72)"
cognitive_energy_budget,0.81,0.5316300206822323,0.15349344244314653,0.3715819252191946,0.006554653019891395,3,"(0.9, 0.7, 0.12, 0.72)"
cognitive_hacking_2026,0.72,0.42005527087206396,0.12127834242400684,0.29359789868914854,0.005179029758908443,3,"(0.9, 0.7, 0.12, 0.72)"
cognitive_induction_gap,0.7,0.39704192292848406,0.11463360526390359,0.27751302515205717,0.004895292512523282,3,"(0.9, 0.7, 0.12, 0.72)"
cognitive_surrender_to_system_3,0.65,0.3423441400460459,0.0988432004082694,0.23928006615060907,0.004220873487167435,3,"(0.9, 0.7, 0.12, 0.72)"
coinbase_crypto_volatility,0.42,0.14293366933045396,0.04126844391196123,0.09990295021159379,0.0017622752068989262,3,"(0.9, 0.7, 0.12, 0.72)"
coinbase_regulatory_uncertainty,0.7,0.39704192292848406,0.11463360526390359,0.27751302515205717,0.004895292512523282,3,"(0.9, 0.7, 0.12, 0.72)"
cold_dark_matter_paradigm,0.48,0.18668903078347623,0.05390133074393555,0.13048593770003242,0.0023017623395082854,3,"(0.9, 0.7, 0.12, 0.72)"
collatz_conjecture_determinism,0.02,3.246957407684057e-05,3.2242057749144395e-05,1.2481988084902513e-11,2.2750384570799965e-07,0,"(1.0, 0.6459, 0.0, 0.725)"
collective_action_deadlock,0.75,0.45578494512689083,0.13159534855966562,0.31857005704387703,0.005619539523347953,3,"(0.9, 0.7, 0.12, 0.72)"
collective_stupidity_2026,0.88,0.6274816742331264,0.1811689063178605,0.43857632739010693,0.007736440525159048,3,"(0.9, 0.7, 0.12, 0.72)"
college_admissions_market,0.7,0.39704192292848406,0.11463360526390359,0.27751302515205717,0.004895292512523282,3,"(0.9, 0.7, 0.12, 0.72)"
colombia_2026_presidential_election,0.45,0.164084543579486,0.047374252451599506,0.11468721904922799,0.002023072078658474,3,"(0.9, 0.7, 0.12, 0.72)"
colorado_sbe_decentralization_friction,0.7,0.39704192292848406,0.11463360526390359,0.27751302515205717,0.004895292512523282,3,"(0.9, 0.7, 0.12, 0.72)"
colossus_nero_inertia,0.48,0.18668903078347623,0.05390133074393555,0.13048593770003242,0.0023017623395082854,3,"(0.9, 0.7, 0.12, 0.72)"
comitatus_bond,0.4,0.12964475051454127,0.03743172725203176,0.0906145946703347,0.0015984285921747821,3,"(0.9, 0.7, 0.12, 0.72)"
commercial_data_brokerage,0.75,0.45578494512689083,0.13159534855966562,0.31857005704387703,0.005619539523347953,3,"(0.9, 0.7, 0.12, 0.72)"
communal_narcissism_social_trap,0.78,0.4929735636541316,0.142334208587908,0.34456132842942255,0.006078026636801183,0,"(0.9, 0.7, 0.12, 0.72)"
complexity_debt,0.84,0.5717322596354415,0.16507262225758884,0.3996105365502568,0.007049100827595705,3,"(0.9, 0.7, 0.12, 0.72)"
compounding_logic,0.5,0.2025709220377498,0.05848666035519282,0.14158669201950094,0.0024975696630559576,3,"(0.9, 0.7, 0.12, 0.72)"
condiment_tyranny,0.45,0.164084543579486,0.047374252451599506,0.11468721904922799,0.002023072078658474,3,"(0.9, 0.7, 0.12, 0.72)"
confidential_ai_whatsapp,0.48,0.18668903078347623,0.05390133074393555,0.13048593770003242,0.0023017623395082854,3,"(0.9, 0.7, 0.12, 0.72)"
confirmation_bias,0.48,0.18668903078347623,0.05390133074393555,0.13048593770003242,0.0023017623395082854,3,"(0.9, 0.7, 0.12, 0.72)"
consensus_without_truth,0.88,0.6274816742331264,0.1811689063178605,0.43857632739010693,0.007736440525159048,3,"(0.9, 0.7, 0.12, 0.72)"
constitutional_consecration,0.6,0.29170366754150173,0.08422097439158753,0.2038861688467418,0.0035965243031721244,5,"(0.9, 0.7, 0.12, 0.72)"
constitutional_supremacy,0.53,0.2276063658029825,0.06571608359859762,0.15908405844833395,0.002806223756050944,5,"(0.9, 0.7, 0.12, 0.72)"
constraint_borsuk_ulam,0.05,0.0020255256666316082,0.00058490857634965,0.0014156448728208603,2.4972217461098083e-05,0,"(0.9, 0.7, 0.12, 0.72)"
constraint_ftc,0.15,0.01823107214276376,0.005263826114045045,0.012742469199810754,0.00022477682890795407,0,"(0.9, 0.7, 0.12, 0.72)"
constraint_galois_solvability,0.2,0.003246202920314183,0.003223399854358882,2.4136328558238428e-12,2.2803063541669886e-05,0,"(1.0, 0.6459, 0.0, 0.725)"
constraint_interaction_explosion,0.81,0.5316300206822323,0.15349344244314653,0.3715819252191946,0.006554653019891395,3,"(0.9, 0.7, 0.12, 0.72)"
constraint_lagrange_multipliers,0.35,0.09926048436349684,0.028658401315975898,0.06937825628801429,0.001223826759506642,3,"(0.9, 0.7, 0.12, 0.72)"
constraint_lorenz_sensitivity,0.15,0.01823107214276376,0.005263826114045045,0.012742469199810754,0.00022477682890795407,0,"(0.9, 0.7, 0.12, 0.72)"
constraint_nonstandard_arithmetic,0.15,0.01823107214276376,0.005263826114045045,0.012742469199810754,0.00022477682890795407,0,"(0.9, 0.7, 0.12, 0.72)"
constraint_pythagorean,0.05,0.0020255256666316082,0.00058490857634965,0.0014156448728208603,2.4972217461098083e-05,0,"(0.9, 0.7, 0.12, 0.72)"
constraint_riemann_mapping,0.35,0.09926048436349684,0.028658401315975898,0.06937825628801429,0.001223826759506642,3,"(0.9, 0.7, 0.12, 0.72)"
constraint_sylow,0.1,0.00810299678227003,0.0023394002586152444,0.005663689739037294,9.9906784617496e-05,0,"(0.9, 0.7, 0.12, 0.72)"
constraint_tarski_undefinability,0.05,0.00020289709919959838,0.0002014725644006931,2.1192821330943042e-12,1.4245326796230126e-06,0,"(1.0, 0.6459, 0.0, 0.725)"
constraint_twin_prime_conjecture,0.15,0.0018259609070490016,0.0018131321980707615,9.056262858452724e-12,1.282869992197887e-05,0,"(1.0, 0.6459, 0.0, 0.725)"
constraint_yoneda,0.4,0.12964475051454127,0.03743172725203176,0.0906145946703347,0.0015984285921747821,3,"(0.9, 0.7, 0.12, 0.72)"
consumer_debt_slavery,0.72,0.42005527087206396,0.12127834242400684,0.29359789868914854,0.005179029758908443,3,"(0.9, 0.7, 0.12, 0.72)"
container_capacity_mismatch,0.85,0.5854325660294332,0.1690271194854501,0.40918742741521974,0.007218019128763465,3,"(0.9, 0.7, 0.12, 0.72)"
continuum_hypothesis_undecidability,0.02,0.0003241276808083976,9.357763321331372e-05,0.0002265536102006588,3.996437394425179e-06,0,"(0.9, 0.7, 0.12, 0.72)"
conversational_dogmas_interruption,0.55,0.24510879647866574,0.0707693207230281,0.17131745473541563,0.0030220210202219072,5,"(0.9, 0.7, 0.12, 0.72)"
conways_game_of_life_dynamics,0.05,0.00020289709919959838,0.0002014725644006931,2.1192821330943042e-12,1.4245326796230126e-06,0,"(1.0, 0.6459, 0.0, 0.725)"
coordination_attack_vulnerability,0.85,0.5854325660294332,0.1690271194854501,0.40918742741521974,0.007218019128763465,0,"(0.9, 0.7, 0.12, 0.72)"
coordination_fatigue,0.78,0.4929735636541316,0.142334208587908,0.34456132842942255,0.006078026636801183,3,"(0.9, 0.7, 0.12, 0.72)"
coordination_threshold_failure,0.78,0.4929735636541316,0.142334208587908,0.34456132842942255,0.006078026636801183,3,"(0.9, 0.7, 0.12, 0.72)"
copyleft_viral_licensing,0.05,0.0020255256666316082,0.00058490857634965,0.0014156448728208603,2.4972217461098083e-05,0,"(0.9, 0.7, 0.12, 0.72)"
copyright_protection,0.4,0.12964475051454127,0.03743172725203176,0.0906145946703347,0.0015984285921747821,3,"(0.9, 0.7, 0.12, 0.72)"
corporate_social_responsibility_theater,0.55,0.24510879647866574,0.0707693207230281,0.17131745473541563,0.0030220210202219072,0,"(0.9, 0.7, 0.12, 0.72)"
cosmological_evolution_alpha_omega,0.01,8.096779304209578e-05,2.339440830332843e-05,5.6575378397296494e-05,9.980063414708237e-07,0,"(0.9, 0.7, 0.12, 0.72)"
cost_of_observation,0.85,0.5854325660294332,0.1690271194854501,0.40918742741521974,0.007218019128763465,3,"(0.9, 0.7, 0.12, 0.72)"
countable_infinity_cardinality,0.05,0.00020289709919959838,0.0002014725644006931,2.1192821330943042e-12,1.4245326796230126e-06,0,"(1.0, 0.6459, 0.0, 0.725)"
couples_residency_match,0.5,0.2025709220377498,0.05848666035519282,0.14158669201950094,0.0024975696630559576,5,"(0.9, 0.7, 0.12, 0.72)"
cow_field_poop,0.4,0.12964475051454127,0.03743172725203176,0.0906145946703347,0.0015984285921747821,3,"(0.9, 0.7, 0.12, 0.72)"
creative_commons_licensing,0.4,0.12964475051454127,0.03743172725203176,0.0906145946703347,0.0015984285921747821,3,"(0.9, 0.7, 0.12, 0.72)"
credentialism_national_security,0.52,0.21910158164233026,0.0632596482612924,0.1531405535593708,0.002701379821667107,5,"(0.9, 0.7, 0.12, 0.72)"
credibility_inflation,0.82,0.5448327120091823,0.15730676469477264,0.3808085361536563,0.006717411160752992,3,"(0.9, 0.7, 0.12, 0.72)"
crisis_signal_saturation,0.89,0.6418296789474931,0.18530974622854388,0.4486065776422516,0.007913355076697999,0,"(0.9, 0.7, 0.12, 0.72)"
crispr_genomic_rewrite_2026,0.4,0.12964475051454127,0.03743172725203176,0.0906145946703347,0.0015984285921747821,3,"(0.9, 0.7, 0.12, 0.72)"
critical_actor_overcentralization,0.88,0.6274816742331264,0.1811689063178605,0.43857632739010693,0.007736440525159048,3,"(0.9, 0.7, 0.12, 0.72)"
crop_defense_dependency,0.6,0.29170366754150173,0.08422097439158753,0.2038861688467418,0.0035965243031721244,5,"(0.9, 0.7, 0.12, 0.72)"
cross_domain_coupling_spiral,0.88,0.6274816742331264,0.1811689063178605,0.43857632739010693,0.007736440525159048,3,"(0.9, 0.7, 0.12, 0.72)"
cs_ecmo_bridge,0.55,0.24510879647866574,0.0707693207230281,0.17131745473541563,0.0030220210202219072,3,"(0.9, 0.7, 0.12, 0.72)"
cuba_mandatrophic_collapse,0.95,1.5162314561685708,0.9960815367293473,0.5111336071358091,0.00901631230341397,5,"(0.9, 0.7, 0.12, 0.72)"
cuban_missile_crisis_excomm_deliberation,0.2,0.032412180599468245,0.009357794504849094,0.022654758956149178,0.000399627138469984,3,"(0.9, 0.7, 0.12, 0.72)"
cultural_homogenization_social_media,0.55,0.24510879647866574,0.0707693207230281,0.17131745473541563,0.0030220210202219072,5,"(0.9, 0.7, 0.12, 0.72)"
cultural_memory_decay,0.81,0.5316300206822323,0.15349344244314653,0.3715819252191946,0.006554653019891395,3,"(0.9, 0.7, 0.12, 0.72)"
cultural_refragmentation_2026,0.72,0.42005527087206396,0.12127834242400684,0.29359789868914854,0.005179029758908443,3,"(0.9, 0.7, 0.12, 0.72)"
cumbria_mine_rejection,0.65,0.3423441400460459,0.0988432004082694,0.23928006615060907,0.004220873487167435,3,"(0.9, 0.7, 0.12, 0.72)"
cuny_light_2026,0.05,0.0013479699224426798,0.00025167564868749156,0.001071322056294091,2.4972217461098083e-05,0,"(0.95, 0.65, 0.12, 0.72)"
currys_paradox,0.2,0.032412180599468245,0.009357794504849094,0.022654758956149178,0.000399627138469984,4,"(0.9, 0.7, 0.12, 0.72)"
cz_plea_agreement_2026,0.85,0.5854325660294332,0.1690271194854501,0.40918742741521974,0.007218019128763465,3,"(0.9, 0.7, 0.12, 0.72)"
damped_harmonics,0.25,0.050642854023590526,0.014621786009125486,0.035396673004875236,0.0006243950095898017,4,"(0.9, 0.7, 0.12, 0.72)"
dark_patterns_manipulation,0.85,0.5854325660294332,0.1690271194854501,0.40918742741521974,0.007218019128763465,3,"(0.9, 0.7, 0.12, 0.72)"
data_laundering_pipeline,0.86,0.599283236830062,0.17302759294631348,0.41886687835998115,0.007388765523767258,3,"(0.9, 0.7, 0.12, 0.72)"
data_privacy_regulation,0.55,0.24510879647866574,0.0707693207230281,0.17131745473541563,0.0030220210202219072,5,"(0.9, 0.7, 0.12, 0.72)"
data_replication_paradox,0.48,0.18668903078347623,0.05390133074393555,0.13048593770003242,0.0023017623395082854,3,"(0.9, 0.7, 0.12, 0.72)"
dead_sea_effect,0.5,0.2025709220377498,0.05848666035519282,0.14158669201950094,0.0024975696630559576,3,"(0.9, 0.7, 0.12, 0.72)"
debt_service_squeeze,0.68,0.37467949814123036,0.10817765356675646,0.2618822823230721,0.0046195622514016346,3,"(0.9, 0.7, 0.12, 0.72)"
debt_trap_microfinance,0.55,0.057120887825350485,7.138359697357634e-05,0.054027483208154925,0.0030220210202219072,5,"(0.9, 0.55, 0.12, 0.72)"
decentralized_infrastructure_rope,0.08,0.005185886702826236,0.0014972096740741214,0.0036247373506272003,6.393967812491618e-05,0,"(0.9, 0.7, 0.12, 0.72)"
decision_latency_mismatch,0.68,0.37467949814123036,0.10817765356675646,0.2618822823230721,0.0046195622514016346,3,"(0.9, 0.7, 0.12, 0.72)"
deep_earth_hydrogen_availability,0.15,0.01823107214276376,0.005263826114045045,0.012742469199810754,0.00022477682890795407,0,"(0.9, 0.7, 0.12, 0.72)"
deferential_realism_framework,0.2,0.032412180599468245,0.009357794504849094,0.022654758956149178,0.000399627138469984,3,"(0.9, 0.7, 0.12, 0.72)"
deferred_risk_realization,0.82,0.5448327120091823,0.15730676469477264,0.3808085361536563,0.006717411160752992,3,"(0.9, 0.7, 0.12, 0.72)"
delayed_feedback_instability,0.8,0.5185790186585607,0.14972690900812705,0.3624583786813388,0.006393730969094819,3,"(0.9, 0.7, 0.12, 0.72)"
delta_force_selection_2026,0.92,0.6858241860076116,0.19801388883426474,0.47935454711156233,0.00845575006178485,3,"(0.9, 0.7, 0.12, 0.72)"
demand_response_cost_shift,0.48,0.18668903078347623,0.05390133074393555,0.13048593770003242,0.0023017623395082854,3,"(0.9, 0.7, 0.12, 0.72)"
demographic_inertia_trap,0.78,0.4929735636541316,0.142334208587908,0.34456132842942255,0.006078026636801183,3,"(0.9, 0.7, 0.12, 0.72)"
denmark_asylum_outsourcing,0.75,0.45578494512689083,0.13159534855966562,0.31857005704387703,0.005619539523347953,3,"(0.9, 0.7, 0.12, 0.72)"
devotional_transformation,0.45,0.164084543579486,0.047374252451599506,0.11468721904922799,0.002023072078658474,3,"(0.9, 0.7, 0.12, 0.72)"
dexy_gold_protocol,0.2,0.032412180599468245,0.009357794504849094,0.022654758956149178,0.000399627138469984,3,"(0.9, 0.7, 0.12, 0.72)"
digital_credentialing_verification,0.65,0.7098101706020647,0.46630923096428817,0.23928006615060907,0.004220873487167435,5,"(0.9, 0.7, 0.12, 0.72)"
digital_euro_cbdc,0.55,0.24510879647866574,0.0707693207230281,0.17131745473541563,0.0030220210202219072,5,"(0.9, 0.7, 0.12, 0.72)"
digital_identity_tether,0.58,0.27258052125496923,0.07869985721546927,0.19051990852866252,0.0033607555108374648,5,"(0.9, 0.7, 0.12, 0.72)"
dionysiac_frenzy,0.8,1.075214388704749,0.7063622790543153,0.3624583786813388,0.006393730969094819,5,"(0.9, 0.7, 0.12, 0.72)"
discover_core_2026,0.58,0.27258052125496923,0.07869985721546927,0.19051990852866252,0.0033607555108374648,5,"(0.9, 0.7, 0.12, 0.72)"
disney_openai_ip_exclusivity,0.55,0.24510879647866574,0.0707693207230281,0.17131745473541563,0.0030220210202219072,5,"(0.9, 0.7, 0.12, 0.72)"
djia_as_economic_barometer,0.48,0.18668903078347623,0.05390133074393555,0.13048593770003242,0.0023017623395082854,3,"(0.9, 0.7, 0.12, 0.72)"
dk_foreign_convict_expulsion,0.75,0.45578494512689083,0.13159534855966562,0.31857005704387703,0.005619539523347953,3,"(0.9, 0.7, 0.12, 0.72)"
dk_us_alliance_espionage,0.55,0.5082062267529835,0.333866750997346,0.17131745473541563,0.0030220210202219072,6,"(0.9, 0.7, 0.12, 0.72)"
dldr_information_policy,0.2,0.032412180599468245,0.009357794504849094,0.022654758956149178,0.000399627138469984,3,"(0.9, 0.7, 0.12, 0.72)"
dn_paywall,0.52,0.21910158164233026,0.0632596482612924,0.1531405535593708,0.002701379821667107,5,"(0.9, 0.7, 0.12, 0.72)"
doomsday_clock_framework,0.55,0.24510879647866574,0.0707693207230281,0.17131745473541563,0.0030220210202219072,5,"(0.9, 0.7, 0.12, 0.72)"
drc_rwanda_peace_deal_2024,0.55,0.24510879647866574,0.0707693207230281,0.17131745473541563,0.0030220210202219072,5,"(0.9, 0.7, 0.12, 0.72)"
dsa_transparency_requirements,0.55,0.24510879647866574,0.0707693207230281,0.17131745473541563,0.0030220210202219072,5,"(0.9, 0.7, 0.12, 0.72)"
dunbars_number,0.05,0.0013479699224426798,0.00025167564868749156,0.001071322056294091,2.4972217461098083e-05,0,"(0.95, 0.65, 0.12, 0.72)"
dunning_kruger_effect,0.55,0.24510879647866574,0.0707693207230281,0.17131745473541563,0.0030220210202219072,5,"(0.9, 0.7, 0.12, 0.72)"
dutch_minority_govt_2026,0.48,0.18668903078347623,0.05390133074393555,0.13048593770003242,0.0023017623395082854,3,"(0.9, 0.7, 0.12, 0.72)"
dwp_carers_allowance_cliff,0.85,0.5854325660294332,0.1690271194854501,0.40918742741521974,0.007218019128763465,3,"(0.9, 0.7, 0.12, 0.72)"
e2ee_digital_privacy_2026,0.05,0.0020255256666316082,0.00058490857634965,0.0014156448728208603,2.4972217461098083e-05,0,"(0.9, 0.7, 0.12, 0.72)"
ec_meta_manus_block,0.55,0.24510879647866574,0.0707693207230281,0.17131745473541563,0.0030220210202219072,5,"(0.9, 0.7, 0.12, 0.72)"
edelman_2026_developed_stagnation,0.58,0.27258052125496923,0.07869985721546927,0.19051990852866252,0.0033607555108374648,5,"(0.9, 0.7, 0.12, 0.72)"
edelman_2026_developing_volatility,0.52,0.21910158164233026,0.0632596482612924,0.1531405535593708,0.002701379821667107,3,"(0.9, 0.7, 0.12, 0.72)"
edelman_2026_insularity,0.55,0.24510879647866574,0.0707693207230281,0.17131745473541563,0.0030220210202219072,5,"(0.9, 0.7, 0.12, 0.72)"
education_unbundling_implementation,0.4,0.12964475051454127,0.03743172725203176,0.0906145946703347,0.0015984285921747821,3,"(0.9, 0.7, 0.12, 0.72)"
ehrenfest_barrier,0.05,0.00020289709919959838,0.0002014725644006931,2.1192821330943042e-12,1.4245326796230126e-06,0,"(1.0, 0.6459, 0.0, 0.725)"
electrification_scale_2026,0.15,0.01823107214276376,0.005263826114045045,0.012742469199810754,0.00022477682890795407,3,"(0.9, 0.7, 0.12, 0.72)"
elencher_identity_transformation,0.1,0.00810299678227003,0.0023394002586152444,0.005663689739037294,9.9906784617496e-05,0,"(0.9, 0.7, 0.12, 0.72)"
elite_capture_2026,0.78,0.4929735636541316,0.142334208587908,0.34456132842942255,0.006078026636801183,0,"(0.9, 0.7, 0.12, 0.72)"
elite_identity_capture_2026,0.78,0.4929735636541316,0.142334208587908,0.34456132842942255,0.006078026636801183,3,"(0.9, 0.7, 0.12, 0.72)"
elite_overproduction_instability,0.58,0.27258052125496923,0.07869985721546927,0.19051990852866252,0.0033607555108374648,5,"(0.9, 0.7, 0.12, 0.72)"
elliq_ai_companion,0.55,0.24510879647866574,0.0707693207230281,0.17131745473541563,0.0030220210202219072,5,"(0.9, 0.7, 0.12, 0.72)"
em_clinical_guidelines,0.6,0.29170366754150173,0.08422097439158753,0.2038861688467418,0.0035965243031721244,3,"(0.9, 0.7, 0.12, 0.72)"
emergency_bridge_scaffold,0.49,0.19455208252752973,0.05617060114126085,0.13598276541414284,0.002398715972126025,5,"(0.9, 0.7, 0.12, 0.72)"
emergency_mode_lock_in,0.91,0.6710015075684449,0.19373267280020798,0.46899581358636927,0.008273021181867903,3,"(0.9, 0.7, 0.12, 0.72)"
emergency_oversight_bureau,0.28,0.06352488180908918,0.01834153062753832,0.044400134476995964,0.0007832167045549033,0,"(0.9, 0.7, 0.12, 0.72)"
emergency_powers_ratchet,0.84,0.5717322596354415,0.16507262225758884,0.3996105365502568,0.007049100827595705,3,"(0.9, 0.7, 0.12, 0.72)"
emergent_goal_misalignment,0.85,0.5854325660294332,0.1690271194854501,0.40918742741521974,0.007218019128763465,3,"(0.9, 0.7, 0.12, 0.72)"
emotional_cycles_2026,0.55,0.24510879647866574,0.0707693207230281,0.17131745473541563,0.0030220210202219072,3,"(0.9, 0.7, 0.12, 0.72)"
empty_tomb_transformation,0.4,0.12964475051454127,0.03743172725203176,0.0906145946703347,0.0015984285921747821,3,"(0.9, 0.7, 0.12, 0.72)"
endocrine_disruption_society,0.85,0.5854325660294332,0.1690271194854501,0.40918742741521974,0.007218019128763465,3,"(0.9, 0.7, 0.12, 0.72)"
endowment_effect,0.15,0.01823107214276376,0.005263826114045045,0.012742469199810754,0.00022477682890795407,4,"(0.9, 0.7, 0.12, 0.72)"
english_chinese_tense_structure,0.05,0.00020289709919959838,0.0002014725644006931,2.1192821330943042e-12,1.4245326796230126e-06,0,"(1.0, 0.6459, 0.0, 0.725)"
epigenetics_complexity_2026,0.1,0.00810299678227003,0.0023394002586152444,0.005663689739037294,9.9906784617496e-05,0,"(0.9, 0.7, 0.12, 0.72)"
epistemic_free_rider_problem,0.87,0.6133070040417028,0.17707485522378355,0.4286704489185349,0.007561699899384294,3,"(0.9, 0.7, 0.12, 0.72)"
epistemic_overload_collapse,0.89,0.6418296789474931,0.18530974622854388,0.4486065776422516,0.007913355076697999,3,"(0.9, 0.7, 0.12, 0.72)"
epistemic_process_of_verification,0.35,0.09926048436349684,0.028658401315975898,0.06937825628801429,0.001223826759506642,3,"(0.9, 0.7, 0.12, 0.72)"
epstein_document_release_2026,0.6,27.257397471067858,0.08422097439158753,26.783936480777573,0.3892400158987011,4,"(0.9, 0.7, 0.6, 0.72)"
epstein_espionage_2026,0.68,0.37467949814123036,0.10817765356675646,0.2618822823230721,0.0046195622514016346,0,"(0.9, 0.7, 0.12, 0.72)"
epstein_files_2026,0.65,0.3423441400460459,0.0988432004082694,0.23928006615060907,0.004220873487167435,0,"(0.9, 0.7, 0.12, 0.72)"
epstein_honeytrap,0.92,0.6858241860076116,0.19801388883426474,0.47935454711156233,0.00845575006178485,0,"(0.9, 0.7, 0.12, 0.72)"
erasmus_rejoining_scaffold,0.28,0.06352488180908918,0.01834153062753832,0.044400134476995964,0.0007832167045549033,0,"(0.9, 0.7, 0.12, 0.72)"
ergo_autolykos_asic_resistance,0.2,0.032412180599468245,0.009357794504849094,0.022654758956149178,0.000399627138469984,0,"(0.9, 0.7, 0.12, 0.72)"
ergo_lets_protocol,0.15,0.01823107214276376,0.005263826114045045,0.012742469199810754,0.00022477682890795407,0,"(0.9, 0.7, 0.12, 0.72)"
ergo_mixer_protocol,0.48,0.18668903078347623,0.05390133074393555,0.13048593770003242,0.0023017623395082854,3,"(0.9, 0.7, 0.12, 0.72)"
ergo_nipopows,0.1,0.005392773376503945,0.0010066125250172597,0.004286254066869193,9.9906784617496e-05,4,"(0.95, 0.65, 0.12, 0.72)"
ergo_storage_rent,0.55,0.24510879647866574,0.0707693207230281,0.17131745473541563,0.0030220210202219072,3,"(0.9, 0.7, 0.12, 0.72)"
ergo_storage_rent_mechanism,0.15,0.01823107214276376,0.005263826114045045,0.012742469199810754,0.00022477682890795407,0,"(0.9, 0.7, 0.12, 0.72)"
ergodic_theorems,0.35,0.09926048436349684,0.028658401315975898,0.06937825628801429,0.001223826759506642,3,"(0.9, 0.7, 0.12, 0.72)"
ergot_grain_poisoning,0.8,0.5185790186585607,0.14972690900812705,0.3624583786813388,0.006393730969094819,3,"(0.9, 0.7, 0.12, 0.72)"
erised_expectation,0.65,0.3423441400460459,0.0988432004082694,0.23928006615060907,0.004220873487167435,3,"(0.9, 0.7, 0.12, 0.72)"
eu_affordable_housing_initiative,0.48,0.18668903078347623,0.05390133074393555,0.13048593770003242,0.0023017623395082854,3,"(0.9, 0.7, 0.12, 0.72)"
eu_asylum_outsourcing_framework,0.75,0.45578494512689083,0.13159534855966562,0.31857005704387703,0.005619539523347953,3,"(0.9, 0.7, 0.12, 0.72)"
eu_deforestation_regulation,0.48,0.18668903078347623,0.05390133074393555,0.13048593770003242,0.0023017623395082854,3,"(0.9, 0.7, 0.12, 0.72)"
eu_digital_services_act,0.55,0.24510879647866574,0.0707693207230281,0.17131745473541563,0.0030220210202219072,5,"(0.9, 0.7, 0.12, 0.72)"
eu_ev_tariff_wall,0.55,0.24510879647866574,0.0707693207230281,0.17131745473541563,0.0030220210202219072,5,"(0.9, 0.7, 0.12, 0.72)"
eu_irgc_terrorist_designation,0.6,0.29170366754150173,0.08422097439158753,0.2038861688467418,0.0035965243031721244,5,"(0.9, 0.7, 0.12, 0.72)"
eu_mercosur_trade_agreement,0.48,0.3870775478840669,0.2542898478445262,0.13048593770003242,0.0023017623395082854,5,"(0.9, 0.7, 0.12, 0.72)"
eu_renewable_energy_mandate,0.48,0.18668903078347623,0.05390133074393555,0.13048593770003242,0.0023017623395082854,3,"(0.9, 0.7, 0.12, 0.72)"
eu_russian_asset_freeze_2025,0.85,0.5854325660294332,0.1690271194854501,0.40918742741521974,0.007218019128763465,3,"(0.9, 0.7, 0.12, 0.72)"
eu_unanimity_rule_foreign_policy,0.55,0.24510879647866574,0.0707693207230281,0.17131745473541563,0.0030220210202219072,5,"(0.9, 0.7, 0.12, 0.72)"
euler_characteristic_topology,0.02,3.246957407684057e-05,3.2242057749144395e-05,1.2481988084902513e-11,2.2750384570799965e-07,0,"(1.0, 0.6459, 0.0, 0.725)"
eurozone_fragmentation_2026,0.48,0.18668903078347623,0.05390133074393555,0.13048593770003242,0.0023017623395082854,3,"(0.9, 0.7, 0.12, 0.72)"
event_fragmentation,0.15,0.0018259609070490016,0.0018131321980707615,9.056262858452724e-12,1.282869992197887e-05,0,"(1.0, 0.6459, 0.0, 0.725)"
evfta_trade_agreement,0.48,0.18668903078347623,0.05390133074393555,0.13048593770003242,0.0023017623395082854,3,"(0.9, 0.7, 0.12, 0.72)"
evidence_half_life,0.85,0.5854325660294332,0.1690271194854501,0.40918742741521974,0.007218019128763465,3,"(0.9, 0.7, 0.12, 0.72)"
evolutionary_knowledge,0.55,0.24510879647866574,0.0707693207230281,0.17131745473541563,0.0030220210202219072,5,"(0.9, 0.7, 0.12, 0.72)"
evolutionary_mismatch_load,0.83,0.5582055804687291,0.16116573610349202,0.39015751313230573,0.006882331232931488,3,"(0.9, 0.7, 0.12, 0.72)"
exoplanetary_habitability_arbitrage,0.45,0.164084543579486,0.047374252451599506,0.11468721904922799,0.002023072078658474,3,"(0.9, 0.7, 0.12, 0.72)"
expert_disempowerment,0.74,0.4437161970245629,0.12810955769783935,0.31013587944664117,0.0054707598800824535,3,"(0.9, 0.7, 0.12, 0.72)"
exploration_vs_exploitation,0.55,0.24510879647866574,0.0707693207230281,0.17131745473541563,0.0030220210202219072,5,"(0.9, 0.7, 0.12, 0.72)"
extraordinary_narrative_shift,0.4,0.12964475051454127,0.03743172725203176,0.0906145946703347,0.0015984285921747821,3,"(0.9, 0.7, 0.12, 0.72)"
faa_boeing_regulatory_capture,0.4,1.2456966782100858,0.03743172725203176,1.1902326636110518,0.018032287347002383,3,"(0.9, 0.7, 0.3, 0.72)"
factional_instability,0.7,0.39704192292848406,0.11463360526390359,0.27751302515205717,0.004895292512523282,3,"(0.9, 0.7, 0.12, 0.72)"
faint_blue_neural_bifurcation,0.9,0.6563283669978075,0.1894973749558339,0.4587388836406341,0.008092108401339695,3,"(0.9, 0.7, 0.12, 0.72)"
fair_use_doctrine,0.1,0.00810299678227003,0.0023394002586152444,0.005663689739037294,9.9906784617496e-05,0,"(0.9, 0.7, 0.12, 0.72)"
family_estrangement_ratio,0.8,0.5185790186585607,0.14972690900812705,0.3624583786813388,0.006393730969094819,3,"(0.9, 0.7, 0.12, 0.72)"
family_succession_system,0.8,0.5185790186585607,0.14972690900812705,0.3624583786813388,0.006393730969094819,3,"(0.9, 0.7, 0.12, 0.72)"
fast_growing_hierarchy,0.05,0.00020289709919959838,0.0002014725644006931,2.1192821330943042e-12,1.4245326796230126e-06,0,"(1.0, 0.6459, 0.0, 0.725)"
fatf_grey_list_russia,0.65,0.3423441400460459,0.0988432004082694,0.23928006615060907,0.004220873487167435,3,"(0.9, 0.7, 0.12, 0.72)"
fb_creator_monetization_indonesia,0.68,0.37467949814123036,0.10817765356675646,0.2618822823230721,0.0046195622514016346,3,"(0.9, 0.7, 0.12, 0.72)"
fcc_dji_covered_list,0.52,0.21910158164233026,0.0632596482612924,0.1531405535593708,0.002701379821667107,5,"(0.9, 0.7, 0.12, 0.72)"
fda_accelerated_approval_alz,0.48,0.18668903078347623,0.05390133074393555,0.13048593770003242,0.0023017623395082854,3,"(0.9, 0.7, 0.12, 0.72)"
fda_component_efficacy_standard,0.55,0.24510879647866574,0.0707693207230281,0.17131745473541563,0.0030220210202219072,5,"(0.9, 0.7, 0.12, 0.72)"
fda_gonorrhea_efficacy_standard,0.48,0.18668903078347623,0.05390133074393555,0.13048593770003242,0.0023017623395082854,3,"(0.9, 0.7, 0.12, 0.72)"
fed_shutdown_2026,0.58,0.27258052125496923,0.07869985721546927,0.19051990852866252,0.0033607555108374648,5,"(0.9, 0.7, 0.12, 0.72)"
feedback_loop_desynchronization,0.72,0.42005527087206396,0.12127834242400684,0.29359789868914854,0.005179029758908443,3,"(0.9, 0.7, 0.12, 0.72)"
feigenbaum_universality,0.05,0.00020289709919959838,0.0002014725644006931,2.1192821330943042e-12,1.4245326796230126e-06,0,"(1.0, 0.6459, 0.0, 0.725)"
fermat_proof_barrier,0.2,0.003246202920314183,0.003223399854358882,2.4136328558238428e-12,2.2803063541669886e-05,0,"(1.0, 0.6459, 0.0, 0.725)"
fgh_hierarchy_2026,0.01,8.117393519210143e-06,8.060514437286099e-06,3.1204970212256284e-12,5.687596142699991e-08,0,"(1.0, 0.6459, 0.0, 0.725)"
fiat_currency_lifecycle,0.95,0.7312881892752979,0.21113826983607484,0.5111336071358091,0.00901631230341397,3,"(0.9, 0.7, 0.12, 0.72)"
fiber_optic_chip_tech,0.55,0.24510879647866574,0.0707693207230281,0.17131745473541563,0.0030220210202219072,5,"(0.9, 0.7, 0.12, 0.72)"
financial_drag,0.84,0.5717322596354415,0.16507262225758884,0.3996105365502568,0.007049100827595705,3,"(0.9, 0.7, 0.12, 0.72)"
fine_particle_policy,0.55,0.24510879647866574,0.0707693207230281,0.17131745473541563,0.0030220210202219072,5,"(0.9, 0.7, 0.12, 0.72)"
finite_pool_of_worry,0.75,0.45578494512689083,0.13159534855966562,0.31857005704387703,0.005619539523347953,3,"(0.9, 0.7, 0.12, 0.72)"
finite_simple_group_classification,0.05,0.00020289709919959838,0.0002014725644006931,2.1192821330943042e-12,1.4245326796230126e-06,0,"(1.0, 0.6459, 0.0, 0.725)"
finnish_debt_adjustment,0.68,0.37467949814123036,0.10817765356675646,0.2618822823230721,0.0046195622514016346,3,"(0.9, 0.7, 0.12, 0.72)"
finnish_ubi_experiment,0.2,0.032412180599468245,0.009357794504849094,0.022654758956149178,0.000399627138469984,0,"(0.9, 0.7, 0.12, 0.72)"
fiscal_dominance_trap,0.87,0.6133070040417028,0.17707485522378355,0.4286704489185349,0.007561699899384294,0,"(0.9, 0.7, 0.12, 0.72)"
fiscal_equalization_friction,0.32,0.08297133259106843,0.023956103720391315,0.05799224470931137,0.001022984161365738,0,"(0.9, 0.7, 0.12, 0.72)"
fitts_law_industrial_application,0.6,0.29170366754150173,0.08422097439158753,0.2038861688467418,0.0035965243031721244,5,"(0.9, 0.7, 0.12, 0.72)"
floating_wall_2026,0.65,0.3423441400460459,0.0988432004082694,0.23928006615060907,0.004220873487167435,3,"(0.9, 0.7, 0.12, 0.72)"
fmeca_procedures_1980,0.4,0.12964475051454127,0.03743172725203176,0.0906145946703347,0.0015984285921747821,3,"(0.9, 0.7, 0.12, 0.72)"
fmt_oncology_2026,0.18,0.02625433523125018,0.007580063511286734,0.018350571496690848,0.00032370022327258375,0,"(0.9, 0.7, 0.12, 0.72)"
fnl_shadow_probe,0.3,0.07292428234595182,0.02105530445618018,0.050969876799243016,0.0008991010905285984,4,"(0.9, 0.7, 0.12, 0.72)"
fossil_fuel_lock_in,0.15,0.01823107214276376,0.005263826114045045,0.012742469199810754,0.00022477682890795407,0,"(0.9, 0.7, 0.12, 0.72)"
four_color_theorem_topological_bound,0.02,3.246957407684057e-05,3.2242057749144395e-05,1.2481988084902513e-11,2.2750384570799965e-07,0,"(1.0, 0.6459, 0.0, 0.725)"
fptp_electoral_system,0.75,0.45578494512689083,0.13159534855966562,0.31857005704387703,0.005619539523347953,3,"(0.9, 0.7, 0.12, 0.72)"
fragile_middle_layer_collapse,0.86,0.599283236830062,0.17302759294631348,0.41886687835998115,0.007388765523767258,3,"(0.9, 0.7, 0.12, 0.72)"
framing_effect,0.55,0.24510879647866574,0.0707693207230281,0.17131745473541563,0.0030220210202219072,3,"(0.9, 0.7, 0.12, 0.72)"
france_2027_presidential_election,0.48,0.18668903078347623,0.05390133074393555,0.13048593770003242,0.0023017623395082854,3,"(0.9, 0.7, 0.12, 0.72)"
france_cordon_sanitaire_2026,0.42,0.14293366933045396,0.04126844391196123,0.09990295021159379,0.0017622752068989262,0,"(0.9, 0.7, 0.12, 0.72)"
france_local_elections_march_2026,0.35,0.09926048436349684,0.028658401315975898,0.06937825628801429,0.001223826759506642,3,"(0.9, 0.7, 0.12, 0.72)"
franchisee_corporate_squeeze,0.48,0.18668903078347623,0.05390133074393555,0.13048593770003242,0.0023017623395082854,3,"(0.9, 0.7, 0.12, 0.72)"
frankenstein_creation_hubris,0.9,0.6563283669978075,0.1894973749558339,0.4587388836406341,0.008092108401339695,3,"(0.9, 0.7, 0.12, 0.72)"
fraser_river_salmon_regulation,0.55,0.24510879647866574,0.0707693207230281,0.17131745473541563,0.0030220210202219072,5,"(0.9, 0.7, 0.12, 0.72)"
french_ag_land_concentration,0.55,0.24510879647866574,0.0707693207230281,0.17131745473541563,0.0030220210202219072,5,"(0.9, 0.7, 0.12, 0.72)"
frontex_pushback_coordination,0.68,0.37467949814123036,0.10817765356675646,0.2618822823230721,0.0046195622514016346,3,"(0.9, 0.7, 0.12, 0.72)"
fundamental_material_limits_nbre,0.05,0.0010657971284099574,0.00058490857634965,0.0004712957742996916,9.592777760615705e-06,0,"(0.9, 0.7, 0.07, 0.72)"
fundamental_theorem_of_algebra,0.01,8.117393519210143e-06,8.060514437286099e-06,3.1204970212256284e-12,5.687596142699991e-08,0,"(1.0, 0.6459, 0.0, 0.725)"
fungal_shift_grassland_loss,0.08,0.005185886702826236,0.0014972096740741214,0.0036247373506272003,6.393967812491618e-05,0,"(0.9, 0.7, 0.12, 0.72)"
fused_quartz_5d_archival,0.47,0.17899418070377632,0.05167884916321689,0.12510843862148474,0.002206892919074688,3,"(0.9, 0.7, 0.12, 0.72)"
future_dsm_integration,0.55,0.24510879647866574,0.0707693207230281,0.17131745473541563,0.0030220210202219072,5,"(0.9, 0.7, 0.12, 0.72)"
g7_debt_trap,0.55,0.24510879647866574,0.0707693207230281,0.17131745473541563,0.0030220210202219072,5,"(0.9, 0.7, 0.12, 0.72)"
gale_shapley,0.8,0.5185790186585607,0.14972690900812705,0.3624583786813388,0.006393730969094819,3,"(0.9, 0.7, 0.12, 0.72)"
galois_theory_symmetry,0.2,0.032412180599468245,0.009357794504849094,0.022654758956149178,0.000399627138469984,4,"(0.9, 0.7, 0.12, 0.72)"
gamblers_ruin_stochastic_extinction,0.9,0.6563283669978075,0.1894973749558339,0.4587388836406341,0.008092108401339695,3,"(0.9, 0.7, 0.12, 0.72)"
gauss_bonnet_topology,0.1,0.0008115883967983935,0.0008058902576027724,8.477128532377217e-12,5.69813071849205e-06,0,"(1.0, 0.6459, 0.0, 0.725)"
gaza_aid_permit_revocation,0.85,1.2138206537485108,0.7974152072045282,0.40918742741521974,0.007218019128763465,5,"(0.9, 0.7, 0.12, 0.72)"
gaza_border_control_rafah,0.55,0.24510879647866574,0.0707693207230281,0.17131745473541563,0.0030220210202219072,5,"(0.9, 0.7, 0.12, 0.72)"
gbff_funding_mechanism,0.48,0.18668903078347623,0.05390133074393555,0.13048593770003242,0.0023017623395082854,3,"(0.9, 0.7, 0.12, 0.72)"
gemini_scientific_advancement,0.35,0.09926048436349684,0.028658401315975898,0.06937825628801429,0.001223826759506642,3,"(0.9, 0.7, 0.12, 0.72)"
genai_mil_platform,0.48,0.18668903078347623,0.05390133074393555,0.13048593770003242,0.0023017623395082854,3,"(0.9, 0.7, 0.12, 0.72)"
gender_performance_cost,0.58,0.27258052125496923,0.07869985721546927,0.19051990852866252,0.0033607555108374648,5,"(0.9, 0.7, 0.12, 0.72)"
generational_replacement_inertia,0.75,0.45578494512689083,0.13159534855966562,0.31857005704387703,0.005619539523347953,3,"(0.9, 0.7, 0.12, 0.72)"
genetic_algorithms_evolution,0.1,0.00810299678227003,0.0023394002586152444,0.005663689739037294,9.9906784617496e-05,4,"(0.9, 0.7, 0.12, 0.72)"
genetic_predisposition,0.6,0.29170366754150173,0.08422097439158753,0.2038861688467418,0.0035965243031721244,3,"(0.9, 0.7, 0.12, 0.72)"
genetic_predisposition_mania,0.05,0.00020289709919959838,0.0002014725644006931,2.1192821330943042e-12,1.4245326796230126e-06,0,"(1.0, 0.6459, 0.0, 0.725)"
genie_ip_constraint,0.6,0.29170366754150173,0.08422097439158753,0.2038861688467418,0.0035965243031721244,3,"(0.9, 0.7, 0.12, 0.72)"
geocentric_cosmology,0.55,0.24510879647866574,0.0707693207230281,0.17131745473541563,0.0030220210202219072,5,"(0.9, 0.7, 0.12, 0.72)"
geophysics_superionic_core,0.05,0.00020289709919959838,0.0002014725644006931,2.1192821330943042e-12,1.4245326796230126e-06,0,"(1.0, 0.6459, 0.0, 0.725)"
geopolitical_insularity_2026,0.6,0.29170366754150173,0.08422097439158753,0.2038861688467418,0.0035965243031721244,5,"(0.9, 0.7, 0.12, 0.72)"
german_board_gender_quota,0.4,0.12964475051454127,0.03743172725203176,0.0906145946703347,0.0015984285921747821,3,"(0.9, 0.7, 0.12, 0.72)"
germany_tennet_takeover,0.35,0.09926048436349684,0.028658401315975898,0.06937825628801429,0.001223826759506642,3,"(0.9, 0.7, 0.12, 0.72)"
germline_regulation_threshold_2026,0.5,0.2025709220377498,0.05848666035519282,0.14158669201950094,0.0024975696630559576,5,"(0.9, 0.7, 0.12, 0.72)"
ghost_fishing_gear,0.75,0.45578494512689083,0.13159534855966562,0.31857005704387703,0.005619539523347953,3,"(0.9, 0.7, 0.12, 0.72)"
gig_economy_algorithmic_management,0.8,0.5185790186585607,0.14972690900812705,0.3624583786813388,0.006393730969094819,3,"(0.9, 0.7, 0.12, 0.72)"
gilgamesh_mortality_limit,1.0,0.810284676263213,0.23394760878238943,0.5663467680780038,0.009990299402819555,3,"(0.9, 0.7, 0.12, 0.72)"
gita_kurukshetra,0.2,0.032412180599468245,0.009357794504849094,0.022654758956149178,0.000399627138469984,3,"(0.9, 0.7, 0.12, 0.72)"
glen_canyon_water_allocation,0.55,0.24510879647866574,0.0707693207230281,0.17131745473541563,0.0030220210202219072,5,"(0.9, 0.7, 0.12, 0.72)"
global_digital_divide,0.55,0.24510879647866574,0.0707693207230281,0.17131745473541563,0.0030220210202219072,5,"(0.9, 0.7, 0.12, 0.72)"
global_economic_anxiety_2026,0.68,0.37467949814123036,0.10817765356675646,0.2618822823230721,0.0046195622514016346,0,"(0.9, 0.7, 0.12, 0.72)"
global_food_market_fragility,0.55,0.24510879647866574,0.0707693207230281,0.17131745473541563,0.0030220210202219072,5,"(0.9, 0.7, 0.12, 0.72)"
global_hoarding_scaling_laws,0.85,0.5854325660294332,0.1690271194854501,0.40918742741521974,0.007218019128763465,3,"(0.9, 0.7, 0.12, 0.72)"
global_protocol_entrenchment,0.8,0.5185790186585607,0.14972690900812705,0.3624583786813388,0.006393730969094819,3,"(0.9, 0.7, 0.12, 0.72)"
global_stimulus_spree,0.62,0.31147508122502504,0.08992924683413242,0.2177055363852224,0.003840298005670279,3,"(0.9, 0.7, 0.12, 0.72)"
global_trade_externalities_neobiota,0.55,0.24510879647866574,0.0707693207230281,0.17131745473541563,0.0030220210202219072,5,"(0.9, 0.7, 0.12, 0.72)"
global_water_bankruptcy,0.85,0.5854325660294332,0.1690271194854501,0.40918742741521974,0.007218019128763465,3,"(0.9, 0.7, 0.12, 0.72)"
glp1_payload_efficiency_pivot,0.35,0.09926048436349684,0.028658401315975898,0.06937825628801429,0.001223826759506642,3,"(0.9, 0.7, 0.12, 0.72)"
goal_boundary_poisoning,0.86,0.599283236830062,0.17302759294631348,0.41886687835998115,0.007388765523767258,3,"(0.9, 0.7, 0.12, 0.72)"
goedels_incompleteness_theorems,0.2,0.003246202920314183,0.003223399854358882,2.4136328558238428e-12,2.2803063541669886e-05,0,"(1.0, 0.6459, 0.0, 0.725)"
gold_fomo_cycle,0.65,0.3423441400460459,0.0988432004082694,0.23928006615060907,0.004220873487167435,3,"(0.9, 0.7, 0.12, 0.72)"
gold_piton_2026,0.2,0.032412180599468245,0.009357794504849094,0.022654758956149178,0.000399627138469984,0,"(0.9, 0.7, 0.12, 0.72)"
goldbach_conjecture,0.08,0.0005193924672502686,0.0005157439766974207,3.8618125693558934e-13,3.6484901666671846e-06,0,"(1.0, 0.6459, 0.0, 0.725)"
golden_handcuffs,0.4,0.12964475051454127,0.03743172725203176,0.0906145946703347,0.0015984285921747821,0,"(0.9, 0.7, 0.12, 0.72)"
goodharts_law,0.5,0.2025709220377498,0.05848666035519282,0.14158669201950094,0.0024975696630559576,5,"(0.9, 0.7, 0.12, 0.72)"
goodstein_theorem_finite_proof,0.4,0.12964475051454127,0.03743172725203176,0.0906145946703347,0.0015984285921747821,3,"(0.9, 0.7, 0.12, 0.72)"
google_ai_search_overview,0.55,0.24510879647866574,0.0707693207230281,0.17131745473541563,0.0030220210202219072,5,"(0.9, 0.7, 0.12, 0.72)"
google_universal_commerce_protocol,0.52,20.708530978735705,0.29843790781714447,20.11773030890404,0.2923627620145187,5,"(0.9, 0.7, 0.6, 0.72)"
governance_latency_gap,0.82,0.5448327120091823,0.15730676469477264,0.3808085361536563,0.006717411160752992,3,"(0.9, 0.7, 0.12, 0.72)"
governance_overfitting,0.74,0.4437161970245629,0.12810955769783935,0.31013587944664117,0.0054707598800824535,3,"(0.9, 0.7, 0.12, 0.72)"
gpt5_codex_dev_cycle,0.55,0.24510879647866574,0.0707693207230281,0.17131745473541563,0.0030220210202219072,3,"(0.9, 0.7, 0.12, 0.72)"
gpt_store_marketplace,0.48,0.18668903078347623,0.05390133074393555,0.13048593770003242,0.0023017623395082854,3,"(0.9, 0.7, 0.12, 0.72)"
gradient_descent_optimization,0.3,0.07292428234595182,0.02105530445618018,0.050969876799243016,0.0008991010905285984,0,"(0.9, 0.7, 0.12, 0.72)"
graph_coloring_complexity,0.4,0.12964475051454127,0.03743172725203176,0.0906145946703347,0.0015984285921747821,3,"(0.9, 0.7, 0.12, 0.72)"
gravitational_lensing_cosmic_dawn,0.02,3.246957407684057e-05,3.2242057749144395e-05,1.2481988084902513e-11,2.2750384570799965e-07,0,"(1.0, 0.6459, 0.0, 0.725)"
great_awakening_rekindling,0.5,0.2025709220377498,0.05848666035519282,0.14158669201950094,0.0024975696630559576,5,"(0.9, 0.7, 0.12, 0.72)"
great_mongolian_road_economic_dependency,0.59,0.2820572842800953,0.08143702139522507,0.19714268095473583,0.0034775819301344577,5,"(0.9, 0.7, 0.12, 0.72)"
greenland_defence_pact_2026,0.52,0.21910158164233026,0.0632596482612924,0.1531405535593708,0.002701379821667107,5,"(0.9, 0.7, 0.12, 0.72)"
greenland_seizure_trade_war,0.85,0.5854325660294332,0.1690271194854501,0.40918742741521974,0.007218019128763465,3,"(0.9, 0.7, 0.12, 0.72)"
greshams_law,0.6,0.29170366754150173,0.08422097439158753,0.2038861688467418,0.0035965243031721244,5,"(0.9, 0.7, 0.12, 0.72)"
grete_samsa_transition,0.75,0.45578494512689083,0.13159534855966562,0.31857005704387703,0.005619539523347953,3,"(0.9, 0.7, 0.12, 0.72)"
grievance_stack_overflow,0.85,0.5854325660294332,0.1690271194854501,0.40918742741521974,0.007218019128763465,3,"(0.9, 0.7, 0.12, 0.72)"
gs1_gln_identification,0.3,0.07292428234595182,0.02105530445618018,0.050969876799243016,0.0008991010905285984,4,"(0.9, 0.7, 0.12, 0.72)"
gs1_standardized_identification,0.4,0.012984811681256732,0.012893599417435527,9.654531423295371e-12,9.121225416667954e-05,3,"(1.0, 0.6459, 0.0, 0.725)"
gs_market_clearing,0.35,0.09926048436349684,0.028658401315975898,0.06937825628801429,0.001223826759506642,3,"(0.9, 0.7, 0.12, 0.72)"
guano_wealth_extraction,0.55,0.24510879647866574,0.0707693207230281,0.17131745473541563,0.0030220210202219072,5,"(0.9, 0.7, 0.12, 0.72)"
guinea_junta_legitimization_2024,0.65,0.3423441400460459,0.0988432004082694,0.23928006615060907,0.004220873487167435,3,"(0.9, 0.7, 0.12, 0.72)"
guinea_worm_eradication,0.25,0.050642854023590526,0.014621786009125486,0.035396673004875236,0.0006243950095898017,3,"(0.9, 0.7, 0.12, 0.72)"
guthrie_kidnapping_2026,0.85,0.5854325660294332,0.1690271194854501,0.40918742741521974,0.007218019128763465,3,"(0.9, 0.7, 0.12, 0.72)"
hagia_sophia_status,0.48,0.18668903078347623,0.05390133074393555,0.13048593770003242,0.0023017623395082854,3,"(0.9, 0.7, 0.12, 0.72)"
halting_problem_undecidability,0.05,0.00020289709919959838,0.0002014725644006931,2.1192821330943042e-12,1.4245326796230126e-06,0,"(1.0, 0.6459, 0.0, 0.725)"
hamiltonian_path_complexity,0.1,0.00810299678227003,0.0023394002586152444,0.005663689739037294,9.9906784617496e-05,0,"(0.9, 0.7, 0.12, 0.72)"
hammurabi_lex_talionis,0.5,0.2025709220377498,0.05848666035519282,0.14158669201950094,0.0024975696630559576,5,"(0.9, 0.7, 0.12, 0.72)"
hanlons_razor,0.55,0.24510879647866574,0.0707693207230281,0.17131745473541563,0.0030220210202219072,3,"(0.9, 0.7, 0.12, 0.72)"
happiness_of_others,0.75,0.45578494512689083,0.13159534855966562,0.31857005704387703,0.005619539523347953,3,"(0.9, 0.7, 0.12, 0.72)"
harlequin_historical_line_discontinuation,0.75,0.45578494512689083,0.13159534855966562,0.31857005704387703,0.005619539523347953,3,"(0.9, 0.7, 0.12, 0.72)"
harm_principle_liberty,0.5,0.2025709220377498,0.05848666035519282,0.14158669201950094,0.0024975696630559576,5,"(0.9, 0.7, 0.12, 0.72)"
hasbro_licensing_restriction,0.48,0.18668903078347623,0.05390133074393555,0.13048593770003242,0.0023017623395082854,3,"(0.9, 0.7, 0.12, 0.72)"
hawthorne_effect,0.6,0.29170366754150173,0.08422097439158753,0.2038861688467418,0.0035965243031721244,5,"(0.9, 0.7, 0.12, 0.72)"
hd101584_stellar_evolution,0.02,3.246957407684057e-05,3.2242057749144395e-05,1.2481988084902513e-11,2.2750384570799965e-07,0,"(1.0, 0.6459, 0.0, 0.725)"
hedonic_adaptation_baseline,0.48,0.18668903078347623,0.05390133074393555,0.13048593770003242,0.0023017623395082854,3,"(0.9, 0.7, 0.12, 0.72)"
hegemonic_entropy_2026,0.72,0.42005527087206396,0.12127834242400684,0.29359789868914854,0.005179029758908443,3,"(0.9, 0.7, 0.12, 0.72)"
heglig_oil_field_control,0.85,0.5854325660294332,0.1690271194854501,0.40918742741521974,0.007218019128763465,3,"(0.9, 0.7, 0.12, 0.72)"
heine_borel,0.15,0.0018259609070490016,0.0018131321980707615,9.056262858452724e-12,1.282869992197887e-05,0,"(1.0, 0.6459, 0.0, 0.725)"
heisenberg_uncertainty,0.05,0.00020289709919959838,0.0002014725644006931,2.1192821330943042e-12,1.4245326796230126e-06,0,"(1.0, 0.6459, 0.0, 0.725)"
help_to_buy_uk,0.52,0.21910158164233026,0.0632596482612924,0.1531405535593708,0.002701379821667107,5,"(0.9, 0.7, 0.12, 0.72)"
helsinki_bus_theory,0.4,0.12964475051454127,0.03743172725203176,0.0906145946703347,0.0015984285921747821,3,"(0.9, 0.7, 0.12, 0.72)"
hershey_salt_strategy,0.48,0.18668903078347623,0.05390133074393555,0.13048593770003242,0.0023017623395082854,3,"(0.9, 0.7, 0.12, 0.72)"
heuristic_optimization,0.2,0.032412180599468245,0.009357794504849094,0.022654758956149178,0.000399627138469984,4,"(0.9, 0.7, 0.12, 0.72)"
hhs_fetal_tissue_research_ban_2019,0.75,0.45578494512689083,0.13159534855966562,0.31857005704387703,0.005619539523347953,3,"(0.9, 0.7, 0.12, 0.72)"
hicbc_uk,0.65,0.3423441400460459,0.0988432004082694,0.23928006615060907,0.004220873487167435,3,"(0.9, 0.7, 0.12, 0.72)"
hidden_interdependency_risk,0.82,0.5448327120091823,0.15730676469477264,0.3808085361536563,0.006717411160752992,3,"(0.9, 0.7, 0.12, 0.72)"
hilbert_hotel_infinite_capacity,0.01,8.096779304209578e-05,2.339440830332843e-05,5.6575378397296494e-05,9.980063414708237e-07,0,"(0.9, 0.7, 0.12, 0.72)"
hilberts_hotel_infinity,0.15,0.01823107214276376,0.005263826114045045,0.012742469199810754,0.00022477682890795407,4,"(0.9, 0.7, 0.12, 0.72)"
hiv_prep_prevention_2026,0.15,0.012133164987359255,0.002265040916473006,0.009643347241978293,0.00022477682890795407,0,"(0.95, 0.65, 0.12, 0.72)"
hk_nsl_civic_party_disbandment,0.85,0.5854325660294332,0.1690271194854501,0.40918742741521974,0.007218019128763465,3,"(0.9, 0.7, 0.12, 0.72)"
hoa_covenants,0.55,0.24510879647866574,0.0707693207230281,0.17131745473541563,0.0030220210202219072,0,"(0.9, 0.7, 0.12, 0.72)"
hollow_state_syndrome,0.87,0.6133070040417028,0.17707485522378355,0.4286704489185349,0.007561699899384294,3,"(0.9, 0.7, 0.12, 0.72)"
hollywood_four_quadrant_model,0.52,0.21910158164233026,0.0632596482612924,0.1531405535593708,0.002701379821667107,5,"(0.9, 0.7, 0.12, 0.72)"
hominin_evolutionary_bottleneck,0.75,0.45578494512689083,0.13159534855966562,0.31857005704387703,0.005619539523347953,3,"(0.9, 0.7, 0.12, 0.72)"
horizon_liability_contract,0.85,54.704115190721055,0.1690271194854501,53.753904450103164,0.7811836211324431,0,"(0.9, 0.7, 0.6, 0.72)"
hp_liberalism,0.52,0.21910158164233026,0.0632596482612924,0.1531405535593708,0.002701379821667107,3,"(0.9, 0.7, 0.12, 0.72)"
hu_2026_election_rules,0.58,0.27258052125496923,0.07869985721546927,0.19051990852866252,0.0033607555108374648,5,"(0.9, 0.7, 0.12, 0.72)"
huang_expectation_resilience_2026,0.75,0.45578494512689083,0.13159534855966562,0.31857005704387703,0.005619539523347953,0,"(0.9, 0.7, 0.12, 0.72)"
hub_short_form_tv_market_fragmentation,0.55,0.24510879647866574,0.0707693207230281,0.17131745473541563,0.0030220210202219072,5,"(0.9, 0.7, 0.12, 0.72)"
humanities_phd_funding_model,0.55,0.24510879647866574,0.0707693207230281,0.17131745473541563,0.0030220210202219072,5,"(0.9, 0.7, 0.12, 0.72)"
hydra_game,0.7,0.39704192292848406,0.11463360526390359,0.27751302515205717,0.004895292512523282,3,"(0.9, 0.7, 0.12, 0.72)"
hygiene_disposal_protocol,0.92,0.6858241860076116,0.19801388883426474,0.47935454711156233,0.00845575006178485,3,"(0.9, 0.7, 0.12, 0.72)"
hypercompression_of_time_horizons,0.88,0.6274816742331264,0.1811689063178605,0.43857632739010693,0.007736440525159048,3,"(0.9, 0.7, 0.12, 0.72)"
hypernormie_equilibrium,0.86,0.599283236830062,0.17302759294631348,0.41886687835998115,0.007388765523767258,3,"(0.9, 0.7, 0.12, 0.72)"
ia_digital_preservation,0.58,0.27258052125496923,0.07869985721546927,0.19051990852866252,0.0033607555108374648,5,"(0.9, 0.7, 0.12, 0.72)"
ibm_shield_2026,0.62,0.31147508122502504,0.08992924683413242,0.2177055363852224,0.003840298005670279,3,"(0.9, 0.7, 0.12, 0.72)"
ibm_shield_contract_2026,0.62,0.31147508122502504,0.08992924683413242,0.2177055363852224,0.003840298005670279,3,"(0.9, 0.7, 0.12, 0.72)"
ice_memory_archive,0.1,0.00810299678227003,0.0023394002586152444,0.005663689739037294,9.9906784617496e-05,0,"(0.9, 0.7, 0.12, 0.72)"
ice_raids_minnesota_2026,0.85,0.5854325660294332,0.1690271194854501,0.40918742741521974,0.007218019128763465,3,"(0.9, 0.7, 0.12, 0.72)"
ice_safe_departure,0.75,0.45578494512689083,0.13159534855966562,0.31857005704387703,0.005619539523347953,3,"(0.9, 0.7, 0.12, 0.72)"
identity_stack_incompatibility,0.83,0.5582055804687291,0.16116573610349202,0.39015751313230573,0.006882331232931488,3,"(0.9, 0.7, 0.12, 0.72)"
idf_knock_on_roof_policy,0.55,0.24510879647866574,0.0707693207230281,0.17131745473541563,0.0030220210202219072,5,"(0.9, 0.7, 0.12, 0.72)"
incentive_surface_warping,0.86,0.599283236830062,0.17302759294631348,0.41886687835998115,0.007388765523767258,3,"(0.9, 0.7, 0.12, 0.72)"
incumbent_steel_production,0.55,0.24510879647866574,0.0707693207230281,0.17131745473541563,0.0030220210202219072,5,"(0.9, 0.7, 0.12, 0.72)"
independent_criticism_patronage,0.48,0.24681460805993055,0.08350857611016883,0.1610042696102534,0.0023017623395082854,3,"(0.9, 0.75, 0.12, 0.72)"
indexical_relativity_core,0.1,0.0008115883967983935,0.0008058902576027724,8.477128532377217e-12,5.69813071849205e-06,0,"(1.0, 0.6459, 0.0, 0.725)"
india_france_horizon_2047,0.48,0.18668903078347623,0.05390133074393555,0.13048593770003242,0.0023017623395082854,3,"(0.9, 0.7, 0.12, 0.72)"
india_nuclear_liability_act_2010,0.55,0.24510879647866574,0.0707693207230281,0.17131745473541563,0.0030220210202219072,5,"(0.9, 0.7, 0.12, 0.72)"
india_semi_mission,0.65,0.3423441400460459,0.0988432004082694,0.23928006615060907,0.004220873487167435,3,"(0.9, 0.7, 0.12, 0.72)"
indian_ai_licensing_regime,0.48,0.18668903078347623,0.05390133074393555,0.13048593770003242,0.0023017623395082854,3,"(0.9, 0.7, 0.12, 0.72)"
indian_import_tariffs_eu,0.55,0.24510879647866574,0.0707693207230281,0.17131745473541563,0.0030220210202219072,5,"(0.9, 0.7, 0.12, 0.72)"
individual_revolution_autonomy,0.75,0.45578494512689083,0.13159534855966562,0.31857005704387703,0.005619539523347953,3,"(0.9, 0.7, 0.12, 0.72)"
individual_vs_systemic_causation,0.68,0.37467949814123036,0.10817765356675646,0.2618822823230721,0.0046195622514016346,3,"(0.9, 0.7, 0.12, 0.72)"
indo_german_defense_pact,0.48,0.3870775478840669,0.2542898478445262,0.13048593770003242,0.0023017623395082854,5,"(0.9, 0.7, 0.12, 0.72)"
indo_russian_submarine_lease_2025,0.65,0.3423441400460459,0.0988432004082694,0.23928006615060907,0.004220873487167435,3,"(0.9, 0.7, 0.12, 0.72)"
indonesia_penal_code_2023,0.75,0.9450149796005739,0.6208253830333489,0.31857005704387703,0.005619539523347953,5,"(0.9, 0.7, 0.12, 0.72)"
inference_cost_scaling_law,0.83,0.5582055804687291,0.16116573610349202,0.39015751313230573,0.006882331232931488,3,"(0.9, 0.7, 0.12, 0.72)"
information_foraging_theory,0.2,0.032412180599468245,0.009357794504849094,0.022654758956149178,0.000399627138469984,4,"(0.9, 0.7, 0.12, 0.72)"
informational_time_2026,0.78,0.4929735636541316,0.142334208587908,0.34456132842942255,0.006078026636801183,3,"(0.9, 0.7, 0.12, 0.72)"
infrastructure_interoperability_decay,0.86,0.599283236830062,0.17302759294631348,0.41886687835998115,0.007388765523767258,0,"(0.9, 0.7, 0.12, 0.72)"
inner_model_confirmation_bias,0.55,0.24510879647866574,0.0707693207230281,0.17131745473541563,0.0030220210202219072,5,"(0.9, 0.7, 0.12, 0.72)"
inner_model_theory_constraints,0.3,0.07292428234595182,0.02105530445618018,0.050969876799243016,0.0008991010905285984,4,"(0.9, 0.7, 0.12, 0.72)"
innovators_dilemma,0.55,0.24510879647866574,0.0707693207230281,0.17131745473541563,0.0030220210202219072,5,"(0.9, 0.7, 0.12, 0.72)"
institutional_inertia_lock,0.52,0.21910158164233026,0.0632596482612924,0.1531405535593708,0.002701379821667107,3,"(0.9, 0.7, 0.12, 0.72)"
institutional_memory_loss,0.84,0.5717322596354415,0.16507262225758884,0.3996105365502568,0.007049100827595705,0,"(0.9, 0.7, 0.12, 0.72)"
institutional_mutation_domestication,0.7,0.39704192292848406,0.11463360526390359,0.27751302515205717,0.004895292512523282,3,"(0.9, 0.7, 0.12, 0.72)"
institutional_mutation_without_selection,0.84,0.5717322596354415,0.16507262225758884,0.3996105365502568,0.007049100827595705,3,"(0.9, 0.7, 0.12, 0.72)"
institutional_trust_decay,0.68,0.37467949814123036,0.10817765356675646,0.2618822823230721,0.0046195622514016346,0,"(0.9, 0.7, 0.12, 0.72)"
insult_wisdom_training,0.75,0.45578494512689083,0.13159534855966562,0.31857005704387703,0.005619539523347953,3,"(0.9, 0.7, 0.12, 0.72)"
integrated_digital_governance_stack,0.9,0.6563283669978075,0.1894973749558339,0.4587388836406341,0.008092108401339695,3,"(0.9, 0.7, 0.12, 0.72)"
interface_contract_breakdown,0.83,0.5582055804687291,0.16116573610349202,0.39015751313230573,0.006882331232931488,3,"(0.9, 0.7, 0.12, 0.72)"
international_seabed_mining_regime,0.55,2.3551424502023997,0.0707693207230281,2.250280863207826,0.034092266271546136,5,"(0.9, 0.7, 0.3, 0.72)"
internet_evolution_lifecycle,0.64,0.33189536938238207,0.09582529365532037,0.23197801114410432,0.004092064582957283,3,"(0.9, 0.7, 0.12, 0.72)"
interpretive_frame_fragmentation,0.93,0.7008207305976428,0.20234189368492797,0.4898381567508884,0.008640680161826658,3,"(0.9, 0.7, 0.12, 0.72)"
intertemporal_responsibility_gap,0.92,0.6858241860076116,0.19801388883426474,0.47935454711156233,0.00845575006178485,3,"(0.9, 0.7, 0.12, 0.72)"
inverse_spin_valve_signature,0.38,0.09461322288211434,0.038886362685587955,0.05471769584648807,0.0010091643500383049,3,"(0.85, 0.7, 0.1, 0.72)"
invisible_infrastructure_dependency,0.87,0.6133070040417028,0.17707485522378355,0.4286704489185349,0.007561699899384294,3,"(0.9, 0.7, 0.12, 0.72)"
iran_guardian_council_vetting,0.75,0.45578494512689083,0.13159534855966562,0.31857005704387703,0.005619539523347953,3,"(0.9, 0.7, 0.12, 0.72)"
iran_hijab_law,0.75,0.45578494512689083,0.13159534855966562,0.31857005704387703,0.005619539523347953,3,"(0.9, 0.7, 0.12, 0.72)"
iran_mandatrophic_collapse,0.9,0.6563283669978075,0.1894973749558339,0.4587388836406341,0.008092108401339695,3,"(0.9, 0.7, 0.12, 0.72)"
iran_nin_repression,0.85,0.5854325660294332,0.1690271194854501,0.40918742741521974,0.007218019128763465,3,"(0.9, 0.7, 0.12, 0.72)"
iran_nuclear_deal_informal_2023,0.55,0.24510879647866574,0.0707693207230281,0.17131745473541563,0.0030220210202219072,5,"(0.9, 0.7, 0.12, 0.72)"
iran_war_room_2026,0.82,0.5448327120091823,0.15730676469477264,0.3808085361536563,0.006717411160752992,3,"(0.9, 0.7, 0.12, 0.72)"
iron_law_of_oligarchy,0.6,0.29170366754150173,0.08422097439158753,0.2038861688467418,0.0035965243031721244,5,"(0.9, 0.7, 0.12, 0.72)"
irreversible_policy_commitment,0.72,0.42005527087206396,0.12127834242400684,0.29359789868914854,0.005179029758908443,3,"(0.9, 0.7, 0.12, 0.72)"
isa_education_scaffold,0.42,0.14293366933045396,0.04126844391196123,0.09990295021159379,0.0017622752068989262,3,"(0.9, 0.7, 0.12, 0.72)"
israel_egypt_gas_deal,0.48,0.18668903078347623,0.05390133074393555,0.13048593770003242,0.0023017623395082854,3,"(0.9, 0.7, 0.12, 0.72)"
israel_electoral_threshold,0.48,0.18668903078347623,0.05390133074393555,0.13048593770003242,0.0023017623395082854,3,"(0.9, 0.7, 0.12, 0.72)"
israel_gaza_ceasefire_violation,0.6,0.29170366754150173,0.08422097439158753,0.2038861688467418,0.0035965243031721244,5,"(0.9, 0.7, 0.12, 0.72)"
israel_norwegian_law,0.52,0.21910158164233026,0.0632596482612924,0.1531405535593708,0.002701379821667107,5,"(0.9, 0.7, 0.12, 0.72)"
israel_override_clause,0.75,0.45578494512689083,0.13159534855966562,0.31857005704387703,0.005619539523347953,3,"(0.9, 0.7, 0.12, 0.72)"
israel_surplus_vote_agreements,0.47,0.17899418070377632,0.05167884916321689,0.12510843862148474,0.002206892919074688,3,"(0.9, 0.7, 0.12, 0.72)"
israeli_settlement_policy_authority_restriction,0.55,0.24510879647866574,0.0707693207230281,0.17131745473541563,0.0030220210202219072,5,"(0.9, 0.7, 0.12, 0.72)"
iss_ped_ban,0.55,0.24510879647866574,0.0707693207230281,0.17131745473541563,0.0030220210202219072,5,"(0.9, 0.7, 0.12, 0.72)"
iterated_function_system_convergence,0.42,0.14293366933045396,0.04126844391196123,0.09990295021159379,0.0017622752068989262,3,"(0.9, 0.7, 0.12, 0.72)"
ivt_accessibility_barrier,0.55,0.24510879647866574,0.0707693207230281,0.17131745473541563,0.0030220210202219072,3,"(0.9, 0.7, 0.12, 0.72)"
japanese_energy_scaffold_2025,0.55,0.24510879647866574,0.0707693207230281,0.17131745473541563,0.0030220210202219072,5,"(0.9, 0.7, 0.12, 0.72)"
jevons_paradox,0.6,0.29170366754150173,0.08422097439158753,0.2038861688467418,0.0035965243031721244,3,"(0.9, 0.7, 0.12, 0.72)"
job_hunt_volume_system_2026,0.75,0.45578494512689083,0.13159534855966562,0.31857005704387703,0.005619539523347953,3,"(0.9, 0.7, 0.12, 0.72)"
jordan_microfinance,0.6,0.29170366754150173,0.08422097439158753,0.2038861688467418,0.0035965243031721244,5,"(0.9, 0.7, 0.12, 0.72)"
jp_eez_enforcement,0.55,0.24510879647866574,0.0707693207230281,0.17131745473541563,0.0030220210202219072,5,"(0.9, 0.7, 0.12, 0.72)"
jp_nativist_politics,0.68,0.7768487939925062,0.5103469494180323,0.2618822823230721,0.0046195622514016346,5,"(0.9, 0.7, 0.12, 0.72)"
jupiter_composition_knowledge_gap,0.35,0.09926048436349684,0.028658401315975898,0.06937825628801429,0.001223826759506642,3,"(0.9, 0.7, 0.12, 0.72)"
juvenile_underclass_2026,0.75,0.45578494512689083,0.13159534855966562,0.31857005704387703,0.005619539523347953,0,"(0.9, 0.7, 0.12, 0.72)"
kardashev_scale_progress_narrative,0.48,0.18668903078347623,0.05390133074393555,0.13048593770003242,0.0023017623395082854,3,"(0.9, 0.7, 0.12, 0.72)"
keltner_relationship_evaluation,0.35,0.09926048436349684,0.028658401315975898,0.06937825628801429,0.001223826759506642,3,"(0.9, 0.7, 0.12, 0.72)"
khantivadin_radical_patience,1.0,0.810284676263213,0.23394760878238943,0.5663467680780038,0.009990299402819555,3,"(0.9, 0.7, 0.12, 0.72)"
kidney_exchange_market,0.1,0.00810299678227003,0.0023394002586152444,0.005663689739037294,9.9906784617496e-05,0,"(0.9, 0.7, 0.12, 0.72)"
kim_jong_un_succession,0.55,0.24510879647866574,0.0707693207230281,0.17131745473541563,0.0030220210202219072,5,"(0.9, 0.7, 0.12, 0.72)"
kirby_paris_theorem,0.2,0.003246202920314183,0.003223399854358882,2.4136328558238428e-12,2.2803063541669886e-05,0,"(1.0, 0.6459, 0.0, 0.725)"
kjv_linguistic_residue,0.11,0.009804048423223135,0.0028307851850431377,0.006852387708165683,0.00012087553001431683,3,"(0.9, 0.7, 0.12, 0.72)"
kjv_puritan_new_world_exit,0.2,0.032412180599468245,0.009357794504849094,0.022654758956149178,0.000399627138469984,3,"(0.9, 0.7, 0.12, 0.72)"
kjv_textual_authority,0.4,0.12964475051454127,0.03743172725203176,0.0906145946703347,0.0015984285921747821,3,"(0.9, 0.7, 0.12, 0.72)"
kleene_recursion_theorem,0.02,3.246957407684057e-05,3.2242057749144395e-05,1.2481988084902513e-11,2.2750384570799965e-07,0,"(1.0, 0.6459, 0.0, 0.725)"
knowledge_action_gap,0.71,0.4084633641348224,0.1179329180120005,0.2854943476956721,0.0050360984271498755,3,"(0.9, 0.7, 0.12, 0.72)"
kolmogorov_complexity,0.15,0.0018259609070490016,0.0018131321980707615,9.056262858452724e-12,1.282869992197887e-05,0,"(1.0, 0.6459, 0.0, 0.725)"
labor_union_dues,0.48,0.18668903078347623,0.05390133074393555,0.13048593770003242,0.0023017623395082854,3,"(0.9, 0.7, 0.12, 0.72)"
landscape_of_fear_2026,0.4,0.12964475051454127,0.03743172725203176,0.0906145946703347,0.0015984285921747821,3,"(0.9, 0.7, 0.12, 0.72)"
large_cardinal_foundations,0.3,0.07292428234595182,0.02105530445618018,0.050969876799243016,0.0008991010905285984,4,"(0.9, 0.7, 0.12, 0.72)"
large_cardinals_inaccessibility,0.15,0.01823107214276376,0.005263826114045045,0.012742469199810754,0.00022477682890795407,0,"(0.9, 0.7, 0.12, 0.72)"
latent_goal_activation,0.86,0.599283236830062,0.17302759294631348,0.41886687835998115,0.007388765523767258,3,"(0.9, 0.7, 0.12, 0.72)"
latent_regulatory_bomb,0.84,0.5717322596354415,0.16507262225758884,0.3996105365502568,0.007049100827595705,3,"(0.9, 0.7, 0.12, 0.72)"
lavender_ai_targeting,0.75,0.45578494512689083,0.13159534855966562,0.31857005704387703,0.005619539523347953,3,"(0.9, 0.7, 0.12, 0.72)"
law_of_diminishing_returns,0.4,0.12964475051454127,0.03743172725203176,0.0906145946703347,0.0015984285921747821,3,"(0.9, 0.7, 0.12, 0.72)"
layered_brain_processing,0.35,0.09926048436349684,0.028658401315975898,0.06937825628801429,0.001223826759506642,3,"(0.9, 0.7, 0.12, 0.72)"
lcdm_hubble_tension,0.47,0.17899418070377632,0.05167884916321689,0.12510843862148474,0.002206892919074688,3,"(0.9, 0.7, 0.12, 0.72)"
lcdm_small_scale_anomalies,0.42,0.14293366933045396,0.04126844391196123,0.09990295021159379,0.0017622752068989262,3,"(0.9, 0.7, 0.12, 0.72)"
legacy_identity_lock_in,0.12,0.011668478306131264,0.003368862192383631,0.008155749347848709,0.00014386676589892618,0,"(0.9, 0.7, 0.12, 0.72)"
legacy_system_technical_debt,0.03,0.0007290948646452347,0.00021054967472995608,0.0005095565154084196,8.988674506859277e-06,0,"(0.9, 0.7, 0.12, 0.72)"
legal_formalism_overhang,0.83,0.5582055804687291,0.16116573610349202,0.39015751313230573,0.006882331232931488,0,"(0.9, 0.7, 0.12, 0.72)"
legibility_trap,0.88,0.6274816742331264,0.1811689063178605,0.43857632739010693,0.007736440525159048,3,"(0.9, 0.7, 0.12, 0.72)"
legitimacy_without_capacity,0.84,0.5717322596354415,0.16507262225758884,0.3996105365502568,0.007049100827595705,3,"(0.9, 0.7, 0.12, 0.72)"
legitimacy_without_effectiveness,0.75,0.45578494512689083,0.13159534855966562,0.31857005704387703,0.005619539523347953,0,"(0.9, 0.7, 0.12, 0.72)"
lehman_repo_105,0.9,0.6563283669978075,0.1894973749558339,0.4587388836406341,0.008092108401339695,3,"(0.9, 0.7, 0.12, 0.72)"
lethal_targeting_of_journalists,0.55,28.091030021466565,0.0707693207230281,27.61963511002888,0.40062559071465803,3,"(0.9, 0.7, 0.65, 0.72)"
liar_paradox,0.05,0.00020289709919959838,0.0002014725644006931,2.1192821330943042e-12,1.4245326796230126e-06,0,"(1.0, 0.6459, 0.0, 0.725)"
lindy_effect,0.2,0.032412180599468245,0.009357794504849094,0.022654758956149178,0.000399627138469984,3,"(0.9, 0.7, 0.12, 0.72)"
linguistic_relativity_cultural_framing,0.42,0.14293366933045396,0.04126844391196123,0.09990295021159379,0.0017622752068989262,3,"(0.9, 0.7, 0.12, 0.72)"
liquidity_illusion,0.85,0.5854325660294332,0.1690271194854501,0.40918742741521974,0.007218019128763465,3,"(0.9, 0.7, 0.12, 0.72)"
litany_of_the_real,0.08,0.005185886702826236,0.0014972096740741214,0.0036247373506272003,6.393967812491618e-05,0,"(0.9, 0.7, 0.12, 0.72)"
litchfield_sensitive_locations_2026,0.78,0.4929735636541316,0.142334208587908,0.34456132842942255,0.006078026636801183,0,"(0.9, 0.7, 0.12, 0.72)"
lln_convergence,0.25,0.050642854023590526,0.014621786009125486,0.035396673004875236,0.0006243950095898017,4,"(0.9, 0.7, 0.12, 0.72)"
lobs_theorem,0.02,3.246957407684057e-05,3.2242057749144395e-05,1.2481988084902513e-11,2.2750384570799965e-07,0,"(1.0, 0.6459, 0.0, 0.725)"
local_vs_global_optima,0.05,0.00020289709919959838,0.0002014725644006931,2.1192821330943042e-12,1.4245326796230126e-06,0,"(1.0, 0.6459, 0.0, 0.725)"
logistic_map_dynamics,0.35,0.09926048436349684,0.028658401315975898,0.06937825628801429,0.001223826759506642,3,"(0.9, 0.7, 0.12, 0.72)"
lorenz_attractor_dynamics,0.4,0.12964475051454127,0.03743172725203176,0.0906145946703347,0.0015984285921747821,3,"(0.9, 0.7, 0.12, 0.72)"
lowenheim_skolem_theorem,0.05,0.00020289709919959838,0.0002014725644006931,2.1192821330943042e-12,1.4245326796230126e-06,0,"(1.0, 0.6459, 0.0, 0.725)"
lp_pikachu_illustrator,0.68,0.37467949814123036,0.10817765356675646,0.2618822823230721,0.0046195622514016346,3,"(0.9, 0.7, 0.12, 0.72)"
lsd_microdosing_professional_openness,0.4,0.12964475051454127,0.03743172725203176,0.0906145946703347,0.0015984285921747821,3,"(0.9, 0.7, 0.12, 0.72)"
lula_hemisphere_2026,0.75,0.45578494512689083,0.13159534855966562,0.31857005704387703,0.005619539523347953,3,"(0.9, 0.7, 0.12, 0.72)"
lung_transplant_protocol,0.55,0.24510879647866574,0.0707693207230281,0.17131745473541563,0.0030220210202219072,5,"(0.9, 0.7, 0.12, 0.72)"
lyapunov_stability,0.15,0.0018259609070490016,0.0018131321980707615,9.056262858452724e-12,1.282869992197887e-05,0,"(1.0, 0.6459, 0.0, 0.725)"
m82_outflow_suppression,0.02,3.246957407684057e-05,3.2242057749144395e-05,1.2481988084902513e-11,2.2750384570799965e-07,0,"(1.0, 0.6459, 0.0, 0.725)"
magna_carta_liberties,0.4,0.12964475051454127,0.03743172725203176,0.0906145946703347,0.0015984285921747821,3,"(0.9, 0.7, 0.12, 0.72)"
maha_recovery_2026,0.42,0.14293366933045396,0.04126844391196123,0.09990295021159379,0.0017622752068989262,3,"(0.9, 0.7, 0.12, 0.72)"
maintenance_capacity_shortfall,0.85,0.5854325660294332,0.1690271194854501,0.40918742741521974,0.007218019128763465,0,"(0.9, 0.7, 0.12, 0.72)"
maladaptive_selection_process,0.86,0.599283236830062,0.17302759294631348,0.41886687835998115,0.007388765523767258,3,"(0.9, 0.7, 0.12, 0.72)"
mandatrophic_margin_collapse,0.85,0.5854325660294332,0.1690271194854501,0.40918742741521974,0.007218019128763465,3,"(0.9, 0.7, 0.12, 0.72)"
mandatrophy_systemic_collapse,0.9,0.6563283669978075,0.1894973749558339,0.4587388836406341,0.008092108401339695,3,"(0.9, 0.7, 0.12, 0.72)"
manga_distribution_duopoly,0.48,0.18668903078347623,0.05390133074393555,0.13048593770003242,0.0023017623395082854,3,"(0.9, 0.7, 0.12, 0.72)"
manganese_catalysis_2026,0.18,0.02625433523125018,0.007580063511286734,0.018350571496690848,0.00032370022327258375,0,"(0.9, 0.7, 0.12, 0.72)"
marriage_market_asymmetry_2026,0.65,0.3423441400460459,0.0988432004082694,0.23928006615060907,0.004220873487167435,3,"(0.9, 0.7, 0.12, 0.72)"
mars_rovers_navigational_autonomy,0.4,0.12964475051454127,0.03743172725203176,0.0906145946703347,0.0015984285921747821,3,"(0.9, 0.7, 0.12, 0.72)"
martian_signal_latency,0.05,0.00020289709919959838,0.0002014725644006931,2.1192821330943042e-12,1.4245326796230126e-06,0,"(1.0, 0.6459, 0.0, 0.725)"
mass_market_extinction_2026,0.7,0.39704192292848406,0.11463360526390359,0.27751302515205717,0.004895292512523282,3,"(0.9, 0.7, 0.12, 0.72)"
matching_market_congestion_externality,0.35,0.09926048436349684,0.028658401315975898,0.06937825628801429,0.001223826759506642,3,"(0.9, 0.7, 0.12, 0.72)"
matching_markets_general,0.4,0.12964475051454127,0.03743172725203176,0.0906145946703347,0.0015984285921747821,0,"(0.9, 0.7, 0.12, 0.72)"
material_tensile_strength,0.02,3.246957407684057e-05,3.2242057749144395e-05,1.2481988084902513e-11,2.2750384570799965e-07,0,"(1.0, 0.6459, 0.0, 0.725)"
max_flow_min_cut,0.5,0.2025709220377498,0.05848666035519282,0.14158669201950094,0.0024975696630559576,5,"(0.9, 0.7, 0.12, 0.72)"
mco_unit_system_discontinuity,0.3,0.07292428234595182,0.02105530445618018,0.050969876799243016,0.0008991010905285984,0,"(0.9, 0.7, 0.12, 0.72)"
med_diet_consensus_2026,0.48,0.18668903078347623,0.05390133074393555,0.13048593770003242,0.0023017623395082854,3,"(0.9, 0.7, 0.12, 0.72)"
medical_residency_match,0.6,0.29170366754150173,0.08422097439158753,0.2038861688467418,0.0035965243031721244,5,"(0.9, 0.7, 0.12, 0.72)"
medieval_church_hegemony,0.7,0.39704192292848406,0.11463360526390359,0.27751302515205717,0.004895292512523282,3,"(0.9, 0.7, 0.12, 0.72)"
memetic_fitness_vs_truth,0.86,0.599283236830062,0.17302759294631348,0.41886687835998115,0.007388765523767258,0,"(0.9, 0.7, 0.12, 0.72)"
meta_governance_overload,0.82,0.5448327120091823,0.15730676469477264,0.3808085361536563,0.006717411160752992,3,"(0.9, 0.7, 0.12, 0.72)"
meta_model_lock_in,0.86,0.599283236830062,0.17302759294631348,0.41886687835998115,0.007388765523767258,3,"(0.9, 0.7, 0.12, 0.72)"
meta_nda,0.6,0.29170366754150173,0.08422097439158753,0.2038861688467418,0.0035965243031721244,5,"(0.9, 0.7, 0.12, 0.72)"
meta_nuclear_power_agreement,0.42,0.14293366933045396,0.04126844391196123,0.09990295021159379,0.0017622752068989262,3,"(0.9, 0.7, 0.12, 0.72)"
meta_pay_or_okay_model,0.75,0.9450149796005739,0.6208253830333489,0.31857005704387703,0.005619539523347953,5,"(0.9, 0.7, 0.12, 0.72)"
metabolic_constraint_cognition,0.79,0.5057003101220101,0.14600716438971414,0.3534581952736874,0.00623495045860849,3,"(0.9, 0.7, 0.12, 0.72)"
metamorphosis_samsa,0.8,0.5185790186585607,0.14972690900812705,0.3624583786813388,0.006393730969094819,3,"(0.9, 0.7, 0.12, 0.72)"
mexican_airline_merger,0.55,0.24510879647866574,0.0707693207230281,0.17131745473541563,0.0030220210202219072,5,"(0.9, 0.7, 0.12, 0.72)"
micro_robot_electronics_integration,0.5,0.2025709220377498,0.05848666035519282,0.14158669201950094,0.0024975696630559576,5,"(0.9, 0.7, 0.12, 0.72)"
microbiome_symbiosis,0.45,0.164084543579486,0.047374252451599506,0.11468721904922799,0.002023072078658474,3,"(0.9, 0.7, 0.12, 0.72)"
microrobot_manipulation,0.05,0.0020255256666316082,0.00058490857634965,0.0014156448728208603,2.4972217461098083e-05,0,"(0.9, 0.7, 0.12, 0.72)"
microwave_weapon_1,0.6,0.29170366754150173,0.08422097439158753,0.2038861688467418,0.0035965243031721244,5,"(0.9, 0.7, 0.12, 0.72)"
migration_decision_threshold,0.3,0.07292428234595182,0.02105530445618018,0.050969876799243016,0.0008991010905285984,4,"(0.9, 0.7, 0.12, 0.72)"
mil_std_461g_emi_control,0.5,0.2025709220377498,0.05848666035519282,0.14158669201950094,0.0024975696630559576,3,"(0.9, 0.7, 0.12, 0.72)"
mil_std_810f_tailoring,0.51,0.2107522010716193,0.060850001740593844,0.14730376938165365,0.002598429949371815,3,"(0.9, 0.7, 0.12, 0.72)"
milano_cortina_2026,0.12,0.011668478306131264,0.003368862192383631,0.008155749347848709,0.00014386676589892618,3,"(0.9, 0.7, 0.12, 0.72)"
minimax_decision_rule,0.05,0.0020255256666316082,0.00058490857634965,0.0014156448728208603,2.4972217461098083e-05,0,"(0.9, 0.7, 0.12, 0.72)"
minimax_theorem_game_equilibrium,0.48,0.18668903078347623,0.05390133074393555,0.13048593770003242,0.0023017623395082854,3,"(0.9, 0.7, 0.12, 0.72)"
minnesota_sovereignty_2026,0.68,0.37467949814123036,0.10817765356675646,0.2618822823230721,0.0046195622514016346,0,"(0.9, 0.7, 0.12, 0.72)"
misunderstanding_as_mismatch,0.75,0.45578494512689083,0.13159534855966562,0.31857005704387703,0.005619539523347953,3,"(0.9, 0.7, 0.12, 0.72)"
mit_tfus_2026,0.52,0.21910158164233026,0.0632596482612924,0.1531405535593708,0.002701379821667107,3,"(0.9, 0.7, 0.12, 0.72)"
mltt_economic_model,0.48,0.18668903078347623,0.05390133074393555,0.13048593770003242,0.0023017623395082854,3,"(0.9, 0.7, 0.12, 0.72)"
model_autonomy_creep,0.85,0.5854325660294332,0.1690271194854501,0.40918742741521974,0.007218019128763465,3,"(0.9, 0.7, 0.12, 0.72)"
model_collapse_feedback_loop,0.89,0.6418296789474931,0.18530974622854388,0.4486065776422516,0.007913355076697999,3,"(0.9, 0.7, 0.12, 0.72)"
model_of_models_regression,0.83,0.5582055804687291,0.16116573610349202,0.39015751313230573,0.006882331232931488,3,"(0.9, 0.7, 0.12, 0.72)"
moltbook_agent_theater,0.7,0.39704192292848406,0.11463360526390359,0.27751302515205717,0.004895292512523282,0,"(0.9, 0.7, 0.12, 0.72)"
moltbook_breach_2026,0.72,0.42005527087206396,0.12127834242400684,0.29359789868914854,0.005179029758908443,3,"(0.9, 0.7, 0.12, 0.72)"
moltbot_religion,0.6,0.29170366754150173,0.08422097439158753,0.2038861688467418,0.0035965243031721244,5,"(0.9, 0.7, 0.12, 0.72)"
mom_z14_2026,0.05,0.0020255256666316082,0.00058490857634965,0.0014156448728208603,2.4972217461098083e-05,0,"(0.9, 0.7, 0.12, 0.72)"
monetary_regime_transition,0.55,0.24510879647866574,0.0707693207230281,0.17131745473541563,0.0030220210202219072,3,"(0.9, 0.7, 0.12, 0.72)"
monopoly_fp_house_rule,0.48,0.18668903078347623,0.05390133074393555,0.13048593770003242,0.0023017623395082854,3,"(0.9, 0.7, 0.12, 0.72)"
monty_hall_conditional_probability,0.02,3.246957407684057e-05,3.2242057749144395e-05,1.2481988084902513e-11,2.2750384570799965e-07,0,"(1.0, 0.6459, 0.0, 0.725)"
moores_law,0.3,0.07292428234595182,0.02105530445618018,0.050969876799243016,0.0008991010905285984,4,"(0.9, 0.7, 0.12, 0.72)"
moral_outsourcing,0.84,0.5717322596354415,0.16507262225758884,0.3996105365502568,0.007049100827595705,3,"(0.9, 0.7, 0.12, 0.72)"
mrna_melanoma_therapy,0.55,0.24510879647866574,0.0707693207230281,0.17131745473541563,0.0030220210202219072,5,"(0.9, 0.7, 0.12, 0.72)"
msgs_asset_bundling,0.48,0.18668903078347623,0.05390133074393555,0.13048593770003242,0.0023017623395082854,3,"(0.9, 0.7, 0.12, 0.72)"
multi_agent_reward_hacking,0.89,0.6418296789474931,0.18530974622854388,0.4486065776422516,0.007913355076697999,3,"(0.9, 0.7, 0.12, 0.72)"
multi_planetary_latency_lock,0.75,0.45578494512689083,0.13159534855966562,0.31857005704387703,0.005619539523347953,3,"(0.9, 0.7, 0.12, 0.72)"
mutual_defection_equilibrium,0.82,0.5448327120091823,0.15730676469477264,0.3808085361536563,0.006717411160752992,3,"(0.9, 0.7, 0.12, 0.72)"
mvt_theorem_constraint,0.1,0.00810299678227003,0.0023394002586152444,0.005663689739037294,9.9906784617496e-05,4,"(0.9, 0.7, 0.12, 0.72)"
naming_as_control,0.77,0.48041812603180156,0.1387072967331381,0.3357875725485815,0.00592325675008178,3,"(0.9, 0.7, 0.12, 0.72)"
narcissistic_ego_maintenance,0.75,0.45578494512689083,0.13159534855966562,0.31857005704387703,0.005619539523347953,0,"(0.9, 0.7, 0.12, 0.72)"
narrative_capacity_exhaustion,0.88,0.6274816742331264,0.1811689063178605,0.43857632739010693,0.007736440525159048,3,"(0.9, 0.7, 0.12, 0.72)"
narrative_engineering_2026,0.15,0.01823107214276376,0.005263826114045045,0.012742469199810754,0.00022477682890795407,0,"(0.9, 0.7, 0.12, 0.72)"
narrative_overfitting,0.87,0.6133070040417028,0.17707485522378355,0.4286704489185349,0.007561699899384294,3,"(0.9, 0.7, 0.12, 0.72)"
nasa_faster_better_cheaper,0.8,0.5185790186585607,0.14972690900812705,0.3624583786813388,0.006393730969094819,3,"(0.9, 0.7, 0.12, 0.72)"
nash_equilibrium_coordination,0.52,0.21910158164233026,0.0632596482612924,0.1531405535593708,0.002701379821667107,3,"(0.9, 0.7, 0.12, 0.72)"
nato_arctic_defense_cooperation,0.4,0.12964475051454127,0.03743172725203176,0.0906145946703347,0.0015984285921747821,3,"(0.9, 0.7, 0.12, 0.72)"
ncaa_eligibility_rules,0.55,0.24510879647866574,0.0707693207230281,0.17131745473541563,0.0030220210202219072,5,"(0.9, 0.7, 0.12, 0.72)"
nds_2022_pacing_challenge,0.48,0.18668903078347623,0.05390133074393555,0.13048593770003242,0.0023017623395082854,3,"(0.9, 0.7, 0.12, 0.72)"
necessary_day_job,0.65,0.3423441400460459,0.0988432004082694,0.23928006615060907,0.004220873487167435,3,"(0.9, 0.7, 0.12, 0.72)"
negative_emissions_arbitrage,0.82,0.5448327120091823,0.15730676469477264,0.3808085361536563,0.006717411160752992,3,"(0.9, 0.7, 0.12, 0.72)"
nero_imperial_expropriation,0.75,0.45578494512689083,0.13159534855966562,0.31857005704387703,0.005619539523347953,3,"(0.9, 0.7, 0.12, 0.72)"
net_zero_stabilization,0.85,0.5854325660294332,0.1690271194854501,0.40918742741521974,0.007218019128763465,3,"(0.9, 0.7, 0.12, 0.72)"
network_effects,0.55,0.24510879647866574,0.0707693207230281,0.17131745473541563,0.0030220210202219072,5,"(0.9, 0.7, 0.12, 0.72)"
neural_interoperability,0.85,0.5854325660294332,0.1690271194854501,0.40918742741521974,0.007218019128763465,3,"(0.9, 0.7, 0.12, 0.72)"
neural_substrate_2026,0.52,0.21910158164233026,0.0632596482612924,0.1531405535593708,0.002701379821667107,5,"(0.9, 0.7, 0.12, 0.72)"
neurodiversity_spectrum,0.72,0.42005527087206396,0.12127834242400684,0.29359789868914854,0.005179029758908443,3,"(0.9, 0.7, 0.12, 0.72)"
neuroplasticity_plateau,0.75,0.45578494512689083,0.13159534855966562,0.31857005704387703,0.005619539523347953,3,"(0.9, 0.7, 0.12, 0.72)"
new_start_expiration,0.6,0.29170366754150173,0.08422097439158753,0.2038861688467418,0.0035965243031721244,5,"(0.9, 0.7, 0.12, 0.72)"
news_paywall_inequality,0.48,0.18668903078347623,0.05390133074393555,0.13048593770003242,0.0023017623395082854,3,"(0.9, 0.7, 0.12, 0.72)"
newtons_method_convergence,0.08,0.005185886702826236,0.0014972096740741214,0.0036247373506272003,6.393967812491618e-05,0,"(0.9, 0.7, 0.12, 0.72)"
nfl_superbowl_halftime_exclusivity,0.48,0.18668903078347623,0.05390133074393555,0.13048593770003242,0.0023017623395082854,3,"(0.9, 0.7, 0.12, 0.72)"
nfl_superbowl_marketing_regulation,0.55,0.24510879647866574,0.0707693207230281,0.17131745473541563,0.0030220210202219072,5,"(0.9, 0.7, 0.12, 0.72)"
nine_day_buffer,0.52,0.21910158164233026,0.0632596482612924,0.1531405535593708,0.002701379821667107,5,"(0.9, 0.7, 0.12, 0.72)"
no_cloning_theorem,0.05,0.00020289709919959838,0.0002014725644006931,2.1192821330943042e-12,1.4245326796230126e-06,0,"(1.0, 0.6459, 0.0, 0.725)"
noether_isomorphism_access,0.48,0.18668903078347623,0.05390133074393555,0.13048593770003242,0.0023017623395082854,3,"(0.9, 0.7, 0.12, 0.72)"
noether_theorem,0.15,0.01823107214276376,0.005263826114045045,0.012742469199810754,0.00022477682890795407,0,"(0.9, 0.7, 0.12, 0.72)"
noethers_theorem_symmetry,0.05,0.0020255256666316082,0.00058490857634965,0.0014156448728208603,2.4972217461098083e-05,0,"(0.9, 0.7, 0.12, 0.72)"
non_compete_agreements,0.8,0.5185790186585607,0.14972690900812705,0.3624583786813388,0.006393730969094819,3,"(0.9, 0.7, 0.12, 0.72)"
noncentrosymmetric_asoc_coupling,0.08,0.0005193924672502686,0.0005157439766974207,3.8618125693558934e-13,3.6484901666671846e-06,0,"(1.0, 0.6459, 0.0, 0.725)"
nonstandard_arithmetic_models,0.25,0.050642854023590526,0.014621786009125486,0.035396673004875236,0.0006243950095898017,4,"(0.9, 0.7, 0.12, 0.72)"
norm_erosion_threshold,0.85,0.5854325660294332,0.1690271194854501,0.40918742741521974,0.007218019128763465,3,"(0.9, 0.7, 0.12, 0.72)"
north_korea_songun_mandatrophy,0.95,0.7312881892752979,0.21113826983607484,0.5111336071358091,0.00901631230341397,3,"(0.9, 0.7, 0.12, 0.72)"
north_sea_wind_grid,0.45,0.164084543579486,0.047374252451599506,0.11468721904922799,0.002023072078658474,3,"(0.9, 0.7, 0.12, 0.72)"
notary_ink_dependency,0.35,0.09926048436349684,0.028658401315975898,0.06937825628801429,0.001223826759506642,0,"(0.9, 0.7, 0.12, 0.72)"
nsl_hk,0.85,0.5854325660294332,0.1690271194854501,0.40918742741521974,0.007218019128763465,3,"(0.9, 0.7, 0.12, 0.72)"
nsw_transmission_bottleneck,0.58,0.27258052125496923,0.07869985721546927,0.19051990852866252,0.0033607555108374648,3,"(0.9, 0.7, 0.12, 0.72)"
nuclear_order_2026,0.55,0.24510879647866574,0.0707693207230281,0.17131745473541563,0.0030220210202219072,5,"(0.9, 0.7, 0.12, 0.72)"
nuclear_site_safety_norms,0.48,0.18668903078347623,0.05390133074393555,0.13048593770003242,0.0023017623395082854,3,"(0.9, 0.7, 0.12, 0.72)"
nuclear_vacuum_2026,0.58,0.27258052125496923,0.07869985721546927,0.19051990852866252,0.0033607555108374648,5,"(0.9, 0.7, 0.12, 0.72)"
nursery_social_hierarchy,0.62,0.31147508122502504,0.08992924683413242,0.2177055363852224,0.003840298005670279,3,"(0.9, 0.7, 0.12, 0.72)"
nvidia_cuda_ecosystem_lockin,0.65,0.7098101706020647,0.46630923096428817,0.23928006615060907,0.004220873487167435,5,"(0.9, 0.7, 0.12, 0.72)"
ny_private_school_discount,0.48,0.18668903078347623,0.05390133074393555,0.13048593770003242,0.0023017623395082854,3,"(0.9, 0.7, 0.12, 0.72)"
nyc_metrocard_art_licensing,0.48,0.18668903078347623,0.05390133074393555,0.13048593770003242,0.0023017623395082854,3,"(0.9, 0.7, 0.12, 0.72)"
oc_donation_model,0.32,0.08297133259106843,0.023956103720391315,0.05799224470931137,0.001022984161365738,3,"(0.9, 0.7, 0.12, 0.72)"
olympic_legacy_curling_investment,0.35,0.09926048436349684,0.028658401315975898,0.06937825628801429,0.001223826759506642,3,"(0.9, 0.7, 0.12, 0.72)"
olympic_medal_allocation,0.35,0.09926048436349684,0.028658401315975898,0.06937825628801429,0.001223826759506642,3,"(0.9, 0.7, 0.12, 0.72)"
omega1_patching_process,0.48,0.18668903078347623,0.05390133074393555,0.13048593770003242,0.0023017623395082854,3,"(0.9, 0.7, 0.12, 0.72)"
omelet_perfection_complexity,0.25,0.050642854023590526,0.014621786009125486,0.035396673004875236,0.0006243950095898017,3,"(0.9, 0.7, 0.12, 0.72)"
ontological_friction_resolution,0.72,0.42005527087206396,0.12127834242400684,0.29359789868914854,0.005179029758908443,3,"(0.9, 0.7, 0.12, 0.72)"
open_culture_newsletter,0.38,0.11700409494541983,0.03378216585852887,0.08177934634947688,0.001442582737414098,3,"(0.9, 0.7, 0.12, 0.72)"
open_source_commons,0.05,0.0020255256666316082,0.00058490857634965,0.0014156448728208603,2.4972217461098083e-05,0,"(0.9, 0.7, 0.12, 0.72)"
openai_api_access,0.55,0.24510879647866574,0.0707693207230281,0.17131745473541563,0.0030220210202219072,3,"(0.9, 0.7, 0.12, 0.72)"
openai_codex_app_constraint,0.55,0.24510879647866574,0.0707693207230281,0.17131745473541563,0.0030220210202219072,3,"(0.9, 0.7, 0.12, 0.72)"
openai_default_data_training,0.52,0.21910158164233026,0.0632596482612924,0.1531405535593708,0.002701379821667107,5,"(0.9, 0.7, 0.12, 0.72)"
openai_health_review,0.55,0.24510879647866574,0.0707693207230281,0.17131745473541563,0.0030220210202219072,5,"(0.9, 0.7, 0.12, 0.72)"
openai_implicit_translator,0.52,0.21910158164233026,0.0632596482612924,0.1531405535593708,0.002701379821667107,5,"(0.9, 0.7, 0.12, 0.72)"
openai_prism_development,0.55,0.5082062267529835,0.333866750997346,0.17131745473541563,0.0030220210202219072,6,"(0.9, 0.7, 0.12, 0.72)"
openbsd_netiquette_protocol,0.6,0.29170366754150173,0.08422097439158753,0.2038861688467418,0.0035965243031721244,5,"(0.9, 0.7, 0.12, 0.72)"
openclaw_data_lock_in,0.52,0.21910158164233026,0.0632596482612924,0.1531405535593708,0.002701379821667107,5,"(0.9, 0.7, 0.12, 0.72)"
openclaw_regulation,0.55,0.24510879647866574,0.0707693207230281,0.17131745473541563,0.0030220210202219072,5,"(0.9, 0.7, 0.12, 0.72)"
openscholar_peer_review,0.55,0.24510879647866574,0.0707693207230281,0.17131745473541563,0.0030220210202219072,3,"(0.9, 0.7, 0.12, 0.72)"
opioid_political_realignment_2026,0.68,0.37467949814123036,0.10817765356675646,0.2618822823230721,0.0046195622514016346,3,"(0.9, 0.7, 0.12, 0.72)"
optimal_stopping_marriage,0.1,0.00810299678227003,0.0023394002586152444,0.005663689739037294,9.9906784617496e-05,0,"(0.9, 0.7, 0.12, 0.72)"
optimization_fragility,0.82,0.5448327120091823,0.15730676469477264,0.3808085361536563,0.006717411160752992,3,"(0.9, 0.7, 0.12, 0.72)"
oral_glp1_market_access,0.55,0.24510879647866574,0.0707693207230281,0.17131745473541563,0.0030220210202219072,5,"(0.9, 0.7, 0.12, 0.72)"
orbital_data_center_2026,0.82,0.5448327120091823,0.15730676469477264,0.3808085361536563,0.006717411160752992,3,"(0.9, 0.7, 0.12, 0.72)"
oscar_campaign_spending,0.4,0.12964475051454127,0.03743172725203176,0.0906145946703347,0.0015984285921747821,3,"(0.9, 0.7, 0.12, 0.72)"
other_peoples_troubles_2026,0.75,0.45578494512689083,0.13159534855966562,0.31857005704387703,0.005619539523347953,0,"(0.9, 0.7, 0.12, 0.72)"
overfitting_to_frameworks,0.78,0.4929735636541316,0.142334208587908,0.34456132842942255,0.006078026636801183,3,"(0.9, 0.7, 0.12, 0.72)"
overton_window,0.48,0.18668903078347623,0.05390133074393555,0.13048593770003242,0.0023017623395082854,3,"(0.9, 0.7, 0.12, 0.72)"
p_g_golden_pear_surveillance,0.55,0.24510879647866574,0.0707693207230281,0.17131745473541563,0.0030220210202219072,5,"(0.9, 0.7, 0.12, 0.72)"
p_vs_np,0.05,0.0020255256666316082,0.00058490857634965,0.0014156448728208603,2.4972217461098083e-05,0,"(0.9, 0.7, 0.12, 0.72)"
panama_canal_ports,0.65,0.3423441400460459,0.0988432004082694,0.23928006615060907,0.004220873487167435,3,"(0.9, 0.7, 0.12, 0.72)"
pancreatic_cancer_lethality_v1,0.05,0.00020289709919959838,0.0002014725644006931,2.1192821330943042e-12,1.4245326796230126e-06,0,"(1.0, 0.6459, 0.0, 0.725)"
parable_fish_turtle,0.7,0.39704192292848406,0.11463360526390359,0.27751302515205717,0.004895292512523282,3,"(0.9, 0.7, 0.12, 0.72)"
pareto_principle,0.05,0.00020289709919959838,0.0002014725644006931,2.1192821330943042e-12,1.4245326796230126e-06,0,"(1.0, 0.6459, 0.0, 0.725)"
paris_municipal_reform_2026,0.47,0.17899418070377632,0.05167884916321689,0.12510843862148474,0.002206892919074688,3,"(0.9, 0.7, 0.12, 0.72)"
parkinsons_law,0.5,0.2025709220377498,0.05848666035519282,0.14158669201950094,0.0024975696630559576,3,"(0.9, 0.7, 0.12, 0.72)"
participatory_observer_hypothesis,0.38,0.11700409494541983,0.03378216585852887,0.08177934634947688,0.001442582737414098,3,"(0.9, 0.7, 0.12, 0.72)"
path_dependence_lock_in,0.65,0.3423441400460459,0.0988432004082694,0.23928006615060907,0.004220873487167435,3,"(0.9, 0.7, 0.12, 0.72)"
paxsilica_framework,0.48,0.18668903078347623,0.05390133074393555,0.13048593770003242,0.0023017623395082854,3,"(0.9, 0.7, 0.12, 0.72)"
pe_fund_level_leverage,0.68,0.37467949814123036,0.10817765356675646,0.2618822823230721,0.0046195622514016346,3,"(0.9, 0.7, 0.12, 0.72)"
pe_rental_market_lockin,0.65,0.3423441400460459,0.0988432004082694,0.23928006615060907,0.004220873487167435,3,"(0.9, 0.7, 0.12, 0.72)"
peano_curve_mapping,0.25,0.050642854023590526,0.014621786009125486,0.035396673004875236,0.0006243950095898017,4,"(0.9, 0.7, 0.12, 0.72)"
pele_microreactor_deployment,0.6,0.6048105804069862,0.3973278872570722,0.2038861688467418,0.0035965243031721244,5,"(0.9, 0.7, 0.12, 0.72)"
permissive_software_licensing,0.2,0.032412180599468245,0.009357794504849094,0.022654758956149178,0.000399627138469984,0,"(0.9, 0.7, 0.12, 0.72)"
perovskite_self_etching,0.52,0.21910158164233026,0.0632596482612924,0.1531405535593708,0.002701379821667107,5,"(0.9, 0.7, 0.12, 0.72)"
perseverance_ai_drive,0.25,0.03370442759294127,0.00629182468087932,0.026788207902472123,0.0006243950095898017,0,"(0.95, 0.65, 0.12, 0.72)"
perseverance_rover_autonomy,0.1,0.00810299678227003,0.0023394002586152444,0.005663689739037294,9.9906784617496e-05,0,"(0.9, 0.7, 0.12, 0.72)"
peter_principle,0.55,0.24510879647866574,0.0707693207230281,0.17131745473541563,0.0030220210202219072,5,"(0.9, 0.7, 0.12, 0.72)"
pfas_regulatory_framework,0.78,0.4929735636541316,0.142334208587908,0.34456132842942255,0.006078026636801183,3,"(0.9, 0.7, 0.12, 0.72)"
pla_aerial_carrier_doctrine,0.55,0.24510879647866574,0.0707693207230281,0.17131745473541563,0.0030220210202219072,5,"(0.9, 0.7, 0.12, 0.72)"
pla_loyalty_purge,0.75,0.45578494512689083,0.13159534855966562,0.31857005704387703,0.005619539523347953,3,"(0.9, 0.7, 0.12, 0.72)"
planetary_boundaries,0.8,0.5185790186585607,0.14972690900812705,0.3624583786813388,0.006393730969094819,3,"(0.9, 0.7, 0.12, 0.72)"
planetary_diet_constraint_2026,0.1,0.00810299678227003,0.0023394002586152444,0.005663689739037294,9.9906784617496e-05,0,"(0.9, 0.7, 0.12, 0.72)"
planning_fallacy,0.55,0.24510879647866574,0.0707693207230281,0.17131745473541563,0.0030220210202219072,5,"(0.9, 0.7, 0.12, 0.72)"
plastic_asphalt_mandate,0.48,0.18668903078347623,0.05390133074393555,0.13048593770003242,0.0023017623395082854,3,"(0.9, 0.7, 0.12, 0.72)"
platform_app_store_duopoly,0.55,0.24510879647866574,0.0707693207230281,0.17131745473541563,0.0030220210202219072,5,"(0.9, 0.7, 0.12, 0.72)"
platform_cooperativism_governance,0.05,0.0020255256666316082,0.00058490857634965,0.0014156448728208603,2.4972217461098083e-05,0,"(0.9, 0.7, 0.12, 0.72)"
platonic_coparenting_decoupling,0.48,0.18668903078347623,0.05390133074393555,0.13048593770003242,0.0023017623395082854,3,"(0.9, 0.7, 0.12, 0.72)"
plekha7_synaptic_pruning,0.05,0.00020289709919959838,0.0002014725644006931,2.1192821330943042e-12,1.4245326796230126e-06,0,"(1.0, 0.6459, 0.0, 0.725)"
pna,0.65,0.3423441400460459,0.0988432004082694,0.23928006615060907,0.004220873487167435,3,"(0.9, 0.7, 0.12, 0.72)"
po_investigation_protocol_bias,0.55,0.24510879647866574,0.0707693207230281,0.17131745473541563,0.0030220210202219072,5,"(0.9, 0.7, 0.12, 0.72)"
poetic_verse_and_past,0.75,0.45578494512689083,0.13159534855966562,0.31857005704387703,0.005619539523347953,3,"(0.9, 0.7, 0.12, 0.72)"
poincare_conjecture,0.01,8.117393519210143e-06,8.060514437286099e-06,3.1204970212256284e-12,5.687596142699991e-08,0,"(1.0, 0.6459, 0.0, 0.725)"
polar_bear_biobanking,0.48,0.3870775478840669,0.2542898478445262,0.13048593770003242,0.0023017623395082854,5,"(0.9, 0.7, 0.12, 0.72)"
policy_implementation_gap,0.48,0.18668903078347623,0.05390133074393555,0.13048593770003242,0.0023017623395082854,3,"(0.9, 0.7, 0.12, 0.72)"
policy_lag_catastrophe,0.88,0.6274816742331264,0.1811689063178605,0.43857632739010693,0.007736440525159048,3,"(0.9, 0.7, 0.12, 0.72)"
politeness_face_negotiation,0.65,0.3423441400460459,0.0988432004082694,0.23928006615060907,0.004220873487167435,3,"(0.9, 0.7, 0.12, 0.72)"
political_art_factional_alignment,0.62,0.31147508122502504,0.08992924683413242,0.2177055363852224,0.003840298005670279,3,"(0.9, 0.7, 0.12, 0.72)"
political_dissident_containment,0.85,0.5854325660294332,0.1690271194854501,0.40918742741521974,0.007218019128763465,3,"(0.9, 0.7, 0.12, 0.72)"
portugal_ad_stability_2026,0.35,0.09926048436349684,0.028658401315975898,0.06937825628801429,0.001223826759506642,3,"(0.9, 0.7, 0.12, 0.72)"
portugal_polarization_threshold_2026,0.55,0.24510879647866574,0.0707693207230281,0.17131745473541563,0.0030220210202219072,5,"(0.9, 0.7, 0.12, 0.72)"
portuguese_presidential_term_limits,0.02,0.0003241276808083976,9.357763321331372e-05,0.0002265536102006588,3.996437394425179e-06,0,"(0.9, 0.7, 0.12, 0.72)"
postman_survival_protocol,0.15,0.012133164987359255,0.002265040916473006,0.009643347241978293,0.00022477682890795407,3,"(0.95, 0.65, 0.12, 0.72)"
power_set_axiomatic_extraction,0.41,0.13621080786810288,0.03932669117369316,0.09520471867015631,0.0016793980242533803,3,"(0.9, 0.7, 0.12, 0.72)"
power_without_responsibility,0.92,0.6858241860076116,0.19801388883426474,0.47935454711156233,0.00845575006178485,3,"(0.9, 0.7, 0.12, 0.72)"
prestige_signal_inflation,0.81,0.5316300206822323,0.15349344244314653,0.3715819252191946,0.006554653019891395,3,"(0.9, 0.7, 0.12, 0.72)"
price_signal_corruption,0.83,0.5582055804687291,0.16116573610349202,0.39015751313230573,0.006882331232931488,3,"(0.9, 0.7, 0.12, 0.72)"
prime_age_male_unwork,0.62,0.31147508122502504,0.08992924683413242,0.2177055363852224,0.003840298005670279,3,"(0.9, 0.7, 0.12, 0.72)"
prime_number_theorem,0.08,0.0005193924672502686,0.0005157439766974207,3.8618125693558934e-13,3.6484901666671846e-06,0,"(1.0, 0.6459, 0.0, 0.725)"
prisoners_dilemma_equilibrium,0.1,0.0008115883967983935,0.0008058902576027724,8.477128532377217e-12,5.69813071849205e-06,0,"(1.0, 0.6459, 0.0, 0.725)"
private_credit_market_opacity,0.55,22.903851743555474,0.0707693207230281,22.506011770034917,0.3270706527975269,3,"(0.9, 0.7, 0.6, 0.72)"
private_identity_integration,0.4,0.12964475051454127,0.03743172725203176,0.0906145946703347,0.0015984285921747821,3,"(0.9, 0.7, 0.12, 0.72)"
procedural_compliance_theater,0.58,0.27258052125496923,0.07869985721546927,0.19051990852866252,0.0033607555108374648,0,"(0.9, 0.7, 0.12, 0.72)"
procedural_legitimacy_decay,0.76,0.4680156288153026,0.13512792823809852,0.3271173853979075,0.005770315179296396,3,"(0.9, 0.7, 0.12, 0.72)"
project_vault_2026,0.55,0.24510879647866574,0.0707693207230281,0.17131745473541563,0.0030220210202219072,5,"(0.9, 0.7, 0.12, 0.72)"
project_vault_extraction_2026,0.78,0.4929735636541316,0.142334208587908,0.34456132842942255,0.006078026636801183,3,"(0.9, 0.7, 0.12, 0.72)"
proof_of_work_consensus,0.5,0.2025709220377498,0.05848666035519282,0.14158669201950094,0.0024975696630559576,5,"(0.9, 0.7, 0.12, 0.72)"
protocol_capture_eee,0.55,0.24510879647866574,0.0707693207230281,0.17131745473541563,0.0030220210202219072,5,"(0.9, 0.7, 0.12, 0.72)"
protocol_drift_accumulation,0.83,0.5582055804687291,0.16116573610349202,0.39015751313230573,0.006882331232931488,3,"(0.9, 0.7, 0.12, 0.72)"
public_domain_commons,0.0,0.0,0.0,0.0,0.0,0,"(0.95, 0.65, 0.12, 0.72)"
publishing_embargo,0.35,0.09926048436349684,0.028658401315975898,0.06937825628801429,0.001223826759506642,3,"(0.9, 0.7, 0.12, 0.72)"
pythagorean_geometric_constancy,0.02,3.246957407684057e-05,3.2242057749144395e-05,1.2481988084902513e-11,2.2750384570799965e-07,0,"(1.0, 0.6459, 0.0, 0.725)"
qualified_immunity,0.8,0.5185790186585607,0.14972690900812705,0.3624583786813388,0.006393730969094819,3,"(0.9, 0.7, 0.12, 0.72)"
quantum_entanglement_protocol,0.2,0.032412180599468245,0.009357794504849094,0.022654758956149178,0.000399627138469984,3,"(0.9, 0.7, 0.12, 0.72)"
quantum_measurement_gap,0.05,0.00020289709919959838,0.0002014725644006931,2.1192821330943042e-12,1.4245326796230126e-06,0,"(1.0, 0.6459, 0.0, 0.725)"
quantum_nonlocality_2026,0.0,0.0,0.0,0.0,0.0,0,"(1.0, 0.6459, 0.0, 0.725)"
quellcrist_falconer_justice,0.9,0.6563283669978075,0.1894973749558339,0.4587388836406341,0.008092108401339695,3,"(0.9, 0.7, 0.12, 0.72)"
quine_self_replication,0.2,0.032412180599468245,0.009357794504849094,0.022654758956149178,0.000399627138469984,4,"(0.9, 0.7, 0.12, 0.72)"
qwerty_vs_dvorak,0.4,0.12964475051454127,0.03743172725203176,0.0906145946703347,0.0015984285921747821,3,"(0.9, 0.7, 0.12, 0.72)"
raac_school_maintenance,0.55,0.24510879647866574,0.0707693207230281,0.17131745473541563,0.0030220210202219072,5,"(0.9, 0.7, 0.12, 0.72)"
radiologic_diagnostic_threshold,0.7,0.39704192292848406,0.11463360526390359,0.27751302515205717,0.004895292512523282,3,"(0.9, 0.7, 0.12, 0.72)"
rafah_crossing_lifeline,0.15,0.01823107214276376,0.005263826114045045,0.012742469199810754,0.00022477682890795407,0,"(0.9, 0.7, 0.12, 0.72)"
railway_gauge_standard,0.3,0.07292428234595182,0.02105530445618018,0.050969876799243016,0.0008991010905285984,0,"(0.9, 0.7, 0.12, 0.72)"
ramsey_numbers,0.15,0.0018259609070490016,0.0018131321980707615,9.056262858452724e-12,1.282869992197887e-05,0,"(1.0, 0.6459, 0.0, 0.725)"
rare_earth_coop_2026,0.02,0.0003241276808083976,9.357763321331372e-05,0.0002265536102006588,3.996437394425179e-06,0,"(0.9, 0.7, 0.12, 0.72)"
rare_earth_dependency,0.6,0.29170366754150173,0.08422097439158753,0.2038861688467418,0.0035965243031721244,5,"(0.9, 0.7, 0.12, 0.72)"
rare_earth_export_restrictions,0.55,0.24510879647866574,0.0707693207230281,0.17131745473541563,0.0030220210202219072,5,"(0.9, 0.7, 0.12, 0.72)"
rare_earth_hydrogen_extraction,0.48,0.18668903078347623,0.05390133074393555,0.13048593770003242,0.0023017623395082854,3,"(0.9, 0.7, 0.12, 0.72)"
rare_earth_seabed_mining,0.65,0.3423441400460459,0.0988432004082694,0.23928006615060907,0.004220873487167435,3,"(0.9, 0.7, 0.12, 0.72)"
rational_inertia_trap,0.75,0.45578494512689083,0.13159534855966562,0.31857005704387703,0.005619539523347953,3,"(0.9, 0.7, 0.12, 0.72)"
recipe_scaling_ai,0.49,0.19455208252752973,0.05617060114126085,0.13598276541414284,0.002398715972126025,3,"(0.9, 0.7, 0.12, 0.72)"
reciprocity_laws_math,0.05,0.00020289709919959838,0.0002014725644006931,2.1192821330943042e-12,1.4245326796230126e-06,0,"(1.0, 0.6459, 0.0, 0.725)"
regional_military_deterrence_mideast,0.65,0.3423441400460459,0.0988432004082694,0.23928006615060907,0.004220873487167435,3,"(0.9, 0.7, 0.12, 0.72)"
regulatory_capture,0.8,0.5185790186585607,0.14972690900812705,0.3624583786813388,0.006393730969094819,3,"(0.9, 0.7, 0.12, 0.72)"
regulatory_pathway_psychedelic_therapy,0.48,2.996477184736756,0.05390133074393555,2.899260801825395,0.043315052167425976,3,"(0.9, 0.7, 0.35, 0.72)"
relativity_of_simultaneity,0.0,0.0,0.0,0.0,0.0,0,"(1.0, 0.6459, 0.0, 0.725)"
relativity_physical_invariance,0.02,3.246957407684057e-05,3.2242057749144395e-05,1.2481988084902513e-11,2.2750384570799965e-07,0,"(1.0, 0.6459, 0.0, 0.725)"
rent_seeking_equilibrium,0.84,0.5717322596354415,0.16507262225758884,0.3996105365502568,0.007049100827595705,3,"(0.9, 0.7, 0.12, 0.72)"
repair_probe_incomplete,0.55,0.024549720248841774,0.024377293821174623,1.587983403812115e-12,0.00017242642607917118,3,"(1.0, 0.6459, 0.0, 0.725)"
reputational_cascade_failure,0.91,0.6710015075684449,0.19373267280020798,0.46899581358636927,0.008273021181867903,3,"(0.9, 0.7, 0.12, 0.72)"
requirement_invasive_diabetes_testing,0.75,0.45578494512689083,0.13159534855966562,0.31857005704387703,0.005619539523347953,3,"(0.9, 0.7, 0.12, 0.72)"
responsibility_dilution,0.9,0.6563283669978075,0.1894973749558339,0.4587388836406341,0.008092108401339695,3,"(0.9, 0.7, 0.12, 0.72)"
responsibility_without_power,0.91,0.6710015075684449,0.19373267280020798,0.46899581358636927,0.008273021181867903,3,"(0.9, 0.7, 0.12, 0.72)"
rfc9293_state_machine,0.2,0.032412180599468245,0.009357794504849094,0.022654758956149178,0.000399627138469984,3,"(0.9, 0.7, 0.12, 0.72)"
rices_theorem_undecidability,0.05,0.00020289709919959838,0.0002014725644006931,2.1192821330943042e-12,1.4245326796230126e-06,0,"(1.0, 0.6459, 0.0, 0.725)"
riot_incentive_loop_2026,0.82,0.5448327120091823,0.15730676469477264,0.3808085361536563,0.006717411160752992,0,"(0.9, 0.7, 0.12, 0.72)"
risk_socialization_threshold,0.88,0.6274816742331264,0.1811689063178605,0.43857632739010693,0.007736440525159048,3,"(0.9, 0.7, 0.12, 0.72)"
ritual_transition_scaffold,0.35,0.09926048436349684,0.028658401315975898,0.06937825628801429,0.001223826759506642,5,"(0.9, 0.7, 0.12, 0.72)"
ritual_without_belief,0.83,0.5582055804687291,0.16116573610349202,0.39015751313230573,0.006882331232931488,3,"(0.9, 0.7, 0.12, 0.72)"
rn_proteus_adoption,0.2,0.032412180599468245,0.009357794504849094,0.022654758956149178,0.000399627138469984,0,"(0.9, 0.7, 0.12, 0.72)"
robustness_vs_efficiency_tradeoff,0.84,0.5717322596354415,0.16507262225758884,0.3996105365502568,0.007049100827595705,3,"(0.9, 0.7, 0.12, 0.72)"
roc_african_exarchate,0.68,0.37467949814123036,0.10817765356675646,0.2618822823230721,0.0046195622514016346,3,"(0.9, 0.7, 0.12, 0.72)"
rogers_commission_institutional_analysis,0.85,0.5854325660294332,0.1690271194854501,0.40918742741521974,0.007218019128763465,3,"(0.9, 0.7, 0.12, 0.72)"
rogue_wave_control_2026,0.15,0.01823107214276376,0.005263826114045045,0.012742469199810754,0.00022477682890795407,0,"(0.9, 0.7, 0.12, 0.72)"
roman_bath_system,0.48,0.18668903078347623,0.05390133074393555,0.13048593770003242,0.0023017623395082854,3,"(0.9, 0.7, 0.12, 0.72)"
roman_colosseum_games,0.55,0.24510879647866574,0.0707693207230281,0.17131745473541563,0.0030220210202219072,5,"(0.9, 0.7, 0.12, 0.72)"
roman_monumental_construction,0.48,0.18668903078347623,0.05390133074393555,0.13048593770003242,0.0023017623395082854,3,"(0.9, 0.7, 0.12, 0.72)"
roman_road_network,0.55,0.24510879647866574,0.0707693207230281,0.17131745473541563,0.0030220210202219072,5,"(0.9, 0.7, 0.12, 0.72)"
rosen_bridge_protocol,0.5,0.2025709220377498,0.05848666035519282,0.14158669201950094,0.0024975696630559576,3,"(0.9, 0.7, 0.12, 0.72)"
rotation_seven_black_soil,0.95,0.7312881892752979,0.21113826983607484,0.5111336071358091,0.00901631230341397,3,"(0.9, 0.7, 0.12, 0.72)"
rotation_seven_isolation,0.85,0.5854325660294332,0.1690271194854501,0.40918742741521974,0.007218019128763465,3,"(0.9, 0.7, 0.12, 0.72)"
rotation_seven_kubo_ranking,0.75,0.45578494512689083,0.13159534855966562,0.31857005704387703,0.005619539523347953,3,"(0.9, 0.7, 0.12, 0.72)"
royal_navy_middle_east_withdrawal,0.8,0.5185790186585607,0.14972690900812705,0.3624583786813388,0.006393730969094819,3,"(0.9, 0.7, 0.12, 0.72)"
rule_update_failure,0.72,0.42005527087206396,0.12127834242400684,0.29359789868914854,0.005179029758908443,0,"(0.9, 0.7, 0.12, 0.72)"
rules_based_international_order,0.75,0.45578494512689083,0.13159534855966562,0.31857005704387703,0.005619539523347953,3,"(0.9, 0.7, 0.12, 0.72)"
russells_paradox_self_reference,0.7,0.39704192292848406,0.11463360526390359,0.27751302515205717,0.004895292512523282,3,"(0.9, 0.7, 0.12, 0.72)"
russian_war_cannibalization,0.8,0.5185790186585607,0.14972690900812705,0.3624583786813388,0.006393730969094819,3,"(0.9, 0.7, 0.12, 0.72)"
sa_renewable_price_differential,0.42,0.14293366933045396,0.04126844391196123,0.09990295021159379,0.0017622752068989262,3,"(0.9, 0.7, 0.12, 0.72)"
sadhu_integrity_protocol,0.3,0.07292428234595182,0.02105530445618018,0.050969876799243016,0.0008991010905285984,4,"(0.9, 0.7, 0.12, 0.72)"
sapir_whorf_hypothesis,0.55,0.24510879647866574,0.0707693207230281,0.17131745473541563,0.0030220210202219072,5,"(0.9, 0.7, 0.12, 0.72)"
sat_csp_complexity,0.4,0.12964475051454127,0.03743172725203176,0.0906145946703347,0.0015984285921747821,3,"(0.9, 0.7, 0.12, 0.72)"
satellite_d2m_standard,0.45,0.164084543579486,0.047374252451599506,0.11468721904922799,0.002023072078658474,3,"(0.9, 0.7, 0.12, 0.72)"
scam_compound_2026,0.85,0.5854325660294332,0.1690271194854501,0.40918742741521974,0.007218019128763465,3,"(0.9, 0.7, 0.12, 0.72)"
scam_doubt_manufacturing,0.75,0.45578494512689083,0.13159534855966562,0.31857005704387703,0.005619539523347953,3,"(0.9, 0.7, 0.12, 0.72)"
scientific_paradigm_lifecycle,0.48,0.18668903078347623,0.05390133074393555,0.13048593770003242,0.0023017623395082854,3,"(0.9, 0.7, 0.12, 0.72)"
scurvy_maritime_extraction,0.9,0.6563283669978075,0.1894973749558339,0.4587388836406341,0.008092108401339695,3,"(0.9, 0.7, 0.12, 0.72)"
second_order_unintended_consequences,0.85,0.5854325660294332,0.1690271194854501,0.40918742741521974,0.007218019128763465,0,"(0.9, 0.7, 0.12, 0.72)"
seedance_export_restriction,0.55,0.24510879647866574,0.0707693207230281,0.17131745473541563,0.0030220210202219072,5,"(0.9, 0.7, 0.12, 0.72)"
self_surpassing,0.8,0.5185790186585607,0.14972690900812705,0.3624583786813388,0.006393730969094819,3,"(0.9, 0.7, 0.12, 0.72)"
semantic_attack_surface,0.87,0.6133070040417028,0.17707485522378355,0.4286704489185349,0.007561699899384294,3,"(0.9, 0.7, 0.12, 0.72)"
semantic_overload_friction,0.55,0.24510879647866574,0.0707693207230281,0.17131745473541563,0.0030220210202219072,5,"(0.9, 0.7, 0.12, 0.72)"
semiconductor_fabrication_chokepoint,0.55,0.5082062267529835,0.333866750997346,0.17131745473541563,0.0030220210202219072,6,"(0.9, 0.7, 0.12, 0.72)"
semiconductor_mission_2026,0.48,0.18668903078347623,0.05390133074393555,0.13048593770003242,0.0023017623395082854,3,"(0.9, 0.7, 0.12, 0.72)"
shadow_fleet_sanctions_evasion,0.55,0.24510879647866574,0.0707693207230281,0.17131745473541563,0.0030220210202219072,5,"(0.9, 0.7, 0.12, 0.72)"
shadow_pricing_failure,0.82,0.5448327120091823,0.15730676469477264,0.3808085361536563,0.006717411160752992,0,"(0.9, 0.7, 0.12, 0.72)"
shannon_entropy_limit,0.05,0.00020289709919959838,0.0002014725644006931,2.1192821330943042e-12,1.4245326796230126e-06,0,"(1.0, 0.6459, 0.0, 0.725)"
shannon_source_coding,0.15,0.0018259609070490016,0.0018131321980707615,9.056262858452724e-12,1.282869992197887e-05,0,"(1.0, 0.6459, 0.0, 0.725)"
shield_east_fortification,0.48,0.3870775478840669,0.2542898478445262,0.13048593770003242,0.0023017623395082854,5,"(0.9, 0.7, 0.12, 0.72)"
ship_of_theseus,0.35,0.09926048436349684,0.028658401315975898,0.06937825628801429,0.001223826759506642,5,"(0.9, 0.7, 0.12, 0.72)"
shitty_feedback_handling,0.4,0.12964475051454127,0.03743172725203176,0.0906145946703347,0.0015984285921747821,3,"(0.9, 0.7, 0.12, 0.72)"
shobies_existential_commitment,0.65,0.3423441400460459,0.0988432004082694,0.23928006615060907,0.004220873487167435,3,"(0.9, 0.7, 0.12, 0.72)"
shock_propagation_asymmetry,0.9,0.6563283669978075,0.1894973749558339,0.4587388836406341,0.008092108401339695,3,"(0.9, 0.7, 0.12, 0.72)"
sig_usd_protocol,0.4,0.12964475051454127,0.03743172725203176,0.0906145946703347,0.0015984285921747821,3,"(0.9, 0.7, 0.12, 0.72)"
signal_without_control,0.79,0.5057003101220101,0.14600716438971414,0.3534581952736874,0.00623495045860849,3,"(0.9, 0.7, 0.12, 0.72)"
silent_dependency_activation,0.76,0.4680156288153026,0.13512792823809852,0.3271173853979075,0.005770315179296396,3,"(0.9, 0.7, 0.12, 0.72)"
silicon_lexicon_overload,0.8,0.5185790186585607,0.14972690900812705,0.3624583786813388,0.006393730969094819,3,"(0.9, 0.7, 0.12, 0.72)"
silklink_2026,0.25,0.050642854023590526,0.014621786009125486,0.035396673004875236,0.0006243950095898017,0,"(0.9, 0.7, 0.12, 0.72)"
silver_scarcity_2026,0.04,0.00012984811681256714,0.00012893599417435517,9.654531423389733e-14,9.121225416667961e-07,0,"(1.0, 0.6459, 0.0, 0.725)"
sk_ai_act_2026,0.55,0.24510879647866574,0.0707693207230281,0.17131745473541563,0.0030220210202219072,5,"(0.9, 0.7, 0.12, 0.72)"
sk_dantongbeop,0.55,0.24510879647866574,0.0707693207230281,0.17131745473541563,0.0030220210202219072,5,"(0.9, 0.7, 0.12, 0.72)"
sk_newtro_aesthetic,0.48,0.18668903078347623,0.05390133074393555,0.13048593770003242,0.0023017623395082854,3,"(0.9, 0.7, 0.12, 0.72)"
skills_based_hiring,0.25,0.050642854023590526,0.014621786009125486,0.035396673004875236,0.0006243950095898017,3,"(0.9, 0.7, 0.12, 0.72)"
skolems_paradox,0.2,0.032412180599468245,0.009357794504849094,0.022654758956149178,0.000399627138469984,4,"(0.9, 0.7, 0.12, 0.72)"
sleep_debt_externality,0.82,0.5448327120091823,0.15730676469477264,0.3808085361536563,0.006717411160752992,3,"(0.9, 0.7, 0.12, 0.72)"
slow_crisis_invisibility,0.75,0.45578494512689083,0.13159534855966562,0.31857005704387703,0.005619539523347953,3,"(0.9, 0.7, 0.12, 0.72)"
sludge_bureaucratic_friction,0.7,0.39704192292848406,0.11463360526390359,0.27751302515205717,0.004895292512523282,3,"(0.9, 0.7, 0.12, 0.72)"
sm_addictive_design,0.68,57.631504700437624,0.10817765356675646,56.70282738907629,0.8204996577945827,0,"(0.9, 0.7, 0.75, 0.72)"
smartphone_ubiquity,0.75,0.45578494512689083,0.13159534855966562,0.31857005704387703,0.005619539523347953,3,"(0.9, 0.7, 0.12, 0.72)"
social_credit_architecture,0.8,0.5185790186585607,0.14972690900812705,0.3624583786813388,0.006393730969094819,3,"(0.9, 0.7, 0.12, 0.72)"
social_loafing,0.55,0.24510879647866574,0.0707693207230281,0.17131745473541563,0.0030220210202219072,3,"(0.9, 0.7, 0.12, 0.72)"
social_media_participation_threshold,0.6,0.29170366754150173,0.08422097439158753,0.2038861688467418,0.0035965243031721244,3,"(0.9, 0.7, 0.12, 0.72)"
social_narrative_casting,0.3,0.07292428234595182,0.02105530445618018,0.050969876799243016,0.0008991010905285984,3,"(0.9, 0.7, 0.12, 0.72)"
soe_property_bailout,0.55,0.24510879647866574,0.0707693207230281,0.17131745473541563,0.0030220210202219072,5,"(0.9, 0.7, 0.12, 0.72)"
soft_authoritarian_drift,0.84,0.5717322596354415,0.16507262225758884,0.3996105365502568,0.007049100827595705,3,"(0.9, 0.7, 0.12, 0.72)"
solar_system_weirdness,0.2,0.032412180599468245,0.009357794504849094,0.022654758956149178,0.000399627138469984,0,"(0.9, 0.7, 0.12, 0.72)"
somatic_focusing_awareness,0.2,0.032412180599468245,0.009357794504849094,0.022654758956149178,0.000399627138469984,3,"(0.9, 0.7, 0.12, 0.72)"
sorites_paradox,0.4,0.12964475051454127,0.03743172725203176,0.0906145946703347,0.0015984285921747821,3,"(0.9, 0.7, 0.12, 0.72)"
south_china_sea_arbitration_2016_2026,0.55,0.24510879647866574,0.0707693207230281,0.17131745473541563,0.0030220210202219072,5,"(0.9, 0.7, 0.12, 0.72)"
sovereignty_as_arbitrage,0.48,0.18668903078347623,0.05390133074393555,0.13048593770003242,0.0023017623395082854,3,"(0.9, 0.7, 0.12, 0.72)"
spain_digital_offensive_2026,0.72,0.42005527087206396,0.12127834242400684,0.29359789868914854,0.005179029758908443,3,"(0.9, 0.7, 0.12, 0.72)"
spv_variations_us_cold,0.02,0.0003241276808083976,9.357763321331372e-05,0.0002265536102006588,3.996437394425179e-06,0,"(0.9, 0.7, 0.12, 0.72)"
square_cube_law,0.01,8.117393519210143e-06,8.060514437286099e-06,3.1204970212256284e-12,5.687596142699991e-08,0,"(1.0, 0.6459, 0.0, 0.725)"
st_petersburg_paradox,0.65,0.3423441400460459,0.0988432004082694,0.23928006615060907,0.004220873487167435,3,"(0.9, 0.7, 0.12, 0.72)"
stable_marriage_coordination,0.4,0.12964475051454127,0.03743172725203176,0.0906145946703347,0.0015984285921747821,3,"(0.9, 0.7, 0.12, 0.72)"
star_formation_barrier_g0253,0.05,0.00020289709919959838,0.0002014725644006931,2.1192821330943042e-12,1.4245326796230126e-06,0,"(1.0, 0.6459, 0.0, 0.725)"
star_to_black_hole_observational_limit,0.15,0.0018259609070490016,0.0018131321980707615,9.056262858452724e-12,1.282869992197887e-05,0,"(1.0, 0.6459, 0.0, 0.725)"
start_treaty,0.55,0.24510879647866574,0.0707693207230281,0.17131745473541563,0.0030220210202219072,5,"(0.9, 0.7, 0.12, 0.72)"
starwars_evolutionary_mutation,0.75,0.45578494512689083,0.13159534855966562,0.31857005704387703,0.005619539523347953,3,"(0.9, 0.7, 0.12, 0.72)"
statecraft_virtu,0.7,0.39704192292848406,0.11463360526390359,0.27751302515205717,0.004895292512523282,3,"(0.9, 0.7, 0.12, 0.72)"
status_flattening_effect,0.82,0.5448327120091823,0.15730676469477264,0.3808085361536563,0.006717411160752992,3,"(0.9, 0.7, 0.12, 0.72)"
steinmetz_valuation_asymmetry,0.9,0.6563283669978075,0.1894973749558339,0.4587388836406341,0.008092108401339695,3,"(0.9, 0.7, 0.12, 0.72)"
sti_clinical_testing_bottleneck,0.5,0.2025709220377498,0.05848666035519282,0.14158669201950094,0.0024975696630559576,5,"(0.9, 0.7, 0.12, 0.72)"
stoic_logos_governance,0.75,0.45578494512689083,0.13159534855966562,0.31857005704387703,0.005619539523347953,3,"(0.9, 0.7, 0.12, 0.72)"
strait_coercion_2025,0.55,0.24510879647866574,0.0707693207230281,0.17131745473541563,0.0030220210202219072,5,"(0.9, 0.7, 0.12, 0.72)"
strange_attractor_dynamics,0.5,0.2025709220377498,0.05848666035519282,0.14158669201950094,0.0024975696630559576,5,"(0.9, 0.7, 0.12, 0.72)"
strange_attractor_systemic_risk,0.55,0.24510879647866574,0.0707693207230281,0.17131745473541563,0.0030220210202219072,5,"(0.9, 0.7, 0.12, 0.72)"
strategic_deep_sea_rare_earth_mining,0.55,0.24510879647866574,0.0707693207230281,0.17131745473541563,0.0030220210202219072,5,"(0.9, 0.7, 0.12, 0.72)"
streaming_bundling_mandate,0.55,0.24510879647866574,0.0707693207230281,0.17131745473541563,0.0030220210202219072,5,"(0.9, 0.7, 0.12, 0.72)"
structural_extraction_without_actor,0.78,0.4929735636541316,0.142334208587908,0.34456132842942255,0.006078026636801183,0,"(0.9, 0.7, 0.12, 0.72)"
sts86_ascent_checklist,0.05,0.0020255256666316082,0.00058490857634965,0.0014156448728208603,2.4972217461098083e-05,0,"(0.9, 0.7, 0.12, 0.72)"
student_loan_default_cliff,0.55,0.24510879647866574,0.0707693207230281,0.17131745473541563,0.0030220210202219072,5,"(0.9, 0.7, 0.12, 0.72)"
student_loan_interest_accrual,0.55,0.24510879647866574,0.0707693207230281,0.17131745473541563,0.0030220210202219072,5,"(0.9, 0.7, 0.12, 0.72)"
sturgeons_law,0.1,0.0008115883967983935,0.0008058902576027724,8.477128532377217e-12,5.69813071849205e-06,0,"(1.0, 0.6459, 0.0, 0.725)"
suanne_coup_of_peace,0.8,0.5185790186585607,0.14972690900812705,0.3624583786813388,0.006393730969094819,3,"(0.9, 0.7, 0.12, 0.72)"
suanne_face_restoration,0.75,0.45578494512689083,0.13159534855966562,0.31857005704387703,0.005619539523347953,3,"(0.9, 0.7, 0.12, 0.72)"
subscription_economy_model,0.52,0.21910158164233026,0.0632596482612924,0.1531405535593708,0.002701379821667107,5,"(0.9, 0.7, 0.12, 0.72)"
sunk_cost_fallacy,0.5,0.2025709220377498,0.05848666035519282,0.14158669201950094,0.0024975696630559576,5,"(0.9, 0.7, 0.12, 0.72)"
superbowl_advertising_extraction,0.55,0.24510879647866574,0.0707693207230281,0.17131745473541563,0.0030220210202219072,3,"(0.9, 0.7, 0.12, 0.72)"
suslin_hypothesis_proof_limits,0.15,0.01823107214276376,0.005263826114045045,0.012742469199810754,0.00022477682890795407,0,"(0.9, 0.7, 0.12, 0.72)"
suslin_hypothesis_undecidability,0.05,0.00020289709919959838,0.0002014725644006931,2.1192821330943042e-12,1.4245326796230126e-06,0,"(1.0, 0.6459, 0.0, 0.725)"
swift_legacy_piton,0.49,0.19455208252752973,0.05617060114126085,0.13598276541414284,0.002398715972126025,0,"(0.9, 0.7, 0.12, 0.72)"
swift_piton_snap,0.04,0.0012965485884002701,0.0003743492280664064,0.0009062144408026352,1.5984919531229044e-05,0,"(0.9, 0.7, 0.12, 0.72)"
sylow_theorems_group_theory,0.05,0.00020289709919959838,0.0002014725644006931,2.1192821330943042e-12,1.4245326796230126e-06,0,"(1.0, 0.6459, 0.0, 0.725)"
synthetic_data_feedback_loop,0.88,0.6274816742331264,0.1811689063178605,0.43857632739010693,0.007736440525159048,3,"(0.9, 0.7, 0.12, 0.72)"
systemic_blindspot,0.86,0.599283236830062,0.17302759294631348,0.41886687835998115,0.007388765523767258,3,"(0.9, 0.7, 0.12, 0.72)"
tail_risk_compression,0.88,0.6274816742331264,0.1811689063178605,0.43857632739010693,0.007736440525159048,3,"(0.9, 0.7, 0.12, 0.72)"
taiwan_existential_sovereignty,0.7,0.39704192292848406,0.11463360526390359,0.27751302515205717,0.004895292512523282,3,"(0.9, 0.7, 0.12, 0.72)"
taiwan_grand_bargain,0.65,0.3423441400460459,0.0988432004082694,0.23928006615060907,0.004220873487167435,3,"(0.9, 0.7, 0.12, 0.72)"
taiwan_ids_program,0.55,0.24510879647866574,0.0707693207230281,0.17131745473541563,0.0030220210202219072,5,"(0.9, 0.7, 0.12, 0.72)"
taiwan_storm_2026,0.82,0.5448327120091823,0.15730676469477264,0.3808085361536563,0.006717411160752992,3,"(0.9, 0.7, 0.12, 0.72)"
taiwan_strait_hegemony_shift,0.9,0.6563283669978075,0.1894973749558339,0.4587388836406341,0.008092108401339695,3,"(0.9, 0.7, 0.12, 0.72)"
taiwan_university_application_system,0.52,0.21910158164233026,0.0632596482612924,0.1531405535593708,0.002701379821667107,5,"(0.9, 0.7, 0.12, 0.72)"
taliban_slavery_law_2024,0.9,0.6563283669978075,0.1894973749558339,0.4587388836406341,0.008092108401339695,3,"(0.9, 0.7, 0.12, 0.72)"
targeted_dream_incubation,0.1,0.005392773376503945,0.0010066125250172597,0.004286254066869193,9.9906784617496e-05,3,"(0.95, 0.65, 0.12, 0.72)"
taxonomy_drift,0.76,0.4680156288153026,0.13512792823809852,0.3271173853979075,0.005770315179296396,0,"(0.9, 0.7, 0.12, 0.72)"
tcp_rfc9293_interoperability,0.2,0.032412180599468245,0.009357794504849094,0.022654758956149178,0.000399627138469984,3,"(0.9, 0.7, 0.12, 0.72)"
teaching_horses_to_sing,0.75,0.45578494512689083,0.13159534855966562,0.31857005704387703,0.005619539523347953,3,"(0.9, 0.7, 0.12, 0.72)"
tear_gas_repression_2026,0.88,0.6274816742331264,0.1811689063178605,0.43857632739010693,0.007736440525159048,3,"(0.9, 0.7, 0.12, 0.72)"
technocratic_overreach,0.64,0.33189536938238207,0.09582529365532037,0.23197801114410432,0.004092064582957283,3,"(0.9, 0.7, 0.12, 0.72)"
technological_point_of_no_return,0.86,0.599283236830062,0.17302759294631348,0.41886687835998115,0.007388765523767258,3,"(0.9, 0.7, 0.12, 0.72)"
temporal_scale_arbitrage,0.76,0.4680156288153026,0.13512792823809852,0.3271173853979075,0.005770315179296396,3,"(0.9, 0.7, 0.12, 0.72)"
temporal_scarcity,0.15,0.01823107214276376,0.005263826114045045,0.012742469199810754,0.00022477682890795407,0,"(0.9, 0.7, 0.12, 0.72)"
terrain_inaccessibility_wheeled_vehicles,0.05,0.00020289709919959838,0.0002014725644006931,2.1192821330943042e-12,1.4245326796230126e-06,0,"(1.0, 0.6459, 0.0, 0.725)"
texas_insurance_market_instability,0.55,0.24510879647866574,0.0707693207230281,0.17131745473541563,0.0030220210202219072,5,"(0.9, 0.7, 0.12, 0.72)"
thai_article_112_mountain,0.04,0.0012965485884002701,0.0003743492280664064,0.0009062144408026352,1.5984919531229044e-05,0,"(0.9, 0.7, 0.12, 0.72)"
thai_senate_veto_2026,0.72,0.42005527087206396,0.12127834242400684,0.29359789868914854,0.005179029758908443,3,"(0.9, 0.7, 0.12, 0.72)"
the_bacchae_madness_protocol,0.95,0.7312881892752979,0.21113826983607484,0.5111336071358091,0.00901631230341397,3,"(0.9, 0.7, 0.12, 0.72)"
the_calm_protocol_suppression,0.75,0.45578494512689083,0.13159534855966562,0.31857005704387703,0.005619539523347953,3,"(0.9, 0.7, 0.12, 0.72)"
the_churn_systemic_upheaval,0.9,0.6563283669978075,0.1894973749558339,0.4587388836406341,0.008092108401339695,3,"(0.9, 0.7, 0.12, 0.72)"
the_wall_procedural_barrier,0.8,0.5185790186585607,0.14972690900812705,0.3624583786813388,0.006393730969094819,3,"(0.9, 0.7, 0.12, 0.72)"
theatrical_neutrality,0.68,0.37467949814123036,0.10817765356675646,0.2618822823230721,0.0046195622514016346,3,"(0.9, 0.7, 0.12, 0.72)"
theory_of_visitors,0.65,0.3423441400460459,0.0988432004082694,0.23928006615060907,0.004220873487167435,3,"(0.9, 0.7, 0.12, 0.72)"
thermodynamics_entropy,0.05,0.00020289709919959838,0.0002014725644006931,2.1192821330943042e-12,1.4245326796230126e-06,0,"(1.0, 0.6459, 0.0, 0.725)"
three_body_problem_predictability_limit,0.15,0.01823107214276376,0.005263826114045045,0.012742469199810754,0.00022477682890795407,0,"(0.9, 0.7, 0.12, 0.72)"
three_body_unpredictability,0.05,0.00020289709919959838,0.0002014725644006931,2.1192821330943042e-12,1.4245326796230126e-06,0,"(1.0, 0.6459, 0.0, 0.725)"
tiktok_us_divestiture_mandate,0.48,0.18668903078347623,0.05390133074393555,0.13048593770003242,0.0023017623395082854,3,"(0.9, 0.7, 0.12, 0.72)"
toxic_social_infection,0.9,0.6563283669978075,0.1894973749558339,0.4587388836406341,0.008092108401339695,3,"(0.9, 0.7, 0.12, 0.72)"
toxoplasma_hub_2026,0.78,0.4929735636541316,0.142334208587908,0.34456132842942255,0.006078026636801183,3,"(0.9, 0.7, 0.12, 0.72)"
tractarian_logic_limit,0.7,0.39704192292848406,0.11463360526390359,0.27751302515205717,0.004895292512523282,3,"(0.9, 0.7, 0.12, 0.72)"
trade_secret_law,0.48,0.18668903078347623,0.05390133074393555,0.13048593770003242,0.0023017623395082854,3,"(0.9, 0.7, 0.12, 0.72)"
tragedy_of_the_commons,0.7,0.39704192292848406,0.11463360526390359,0.27751302515205717,0.004895292512523282,3,"(0.9, 0.7, 0.12, 0.72)"
trajans_bridge_lifecycle,0.18,0.02625433523125018,0.007580063511286734,0.018350571496690848,0.00032370022327258375,0,"(0.9, 0.7, 0.12, 0.72)"
transformer_self_attention,0.75,0.45578494512689083,0.13159534855966562,0.31857005704387703,0.005619539523347953,3,"(0.9, 0.7, 0.12, 0.72)"
transient_event_detection,0.45,0.164084543579486,0.047374252451599506,0.11468721904922799,0.002023072078658474,3,"(0.9, 0.7, 0.12, 0.72)"
traveling_salesperson_problem,0.6,0.29170366754150173,0.08422097439158753,0.2038861688467418,0.0035965243031721244,5,"(0.9, 0.7, 0.12, 0.72)"
treaty_land_entrenchment,0.08,0.005185886702826236,0.0014972096740741214,0.0036247373506272003,6.393967812491618e-05,0,"(0.9, 0.7, 0.12, 0.72)"
trillion_bond_rush_2026,0.52,0.21910158164233026,0.0632596482612924,0.1531405535593708,0.002701379821667107,3,"(0.9, 0.7, 0.12, 0.72)"
trivial_topology_info_asymmetry,0.48,0.18668903078347623,0.05390133074393555,0.13048593770003242,0.0023017623395082854,3,"(0.9, 0.7, 0.12, 0.72)"
trojan_war_spoils,1.0,1.6800266373178878,1.1036895698370648,0.5663467680780038,0.009990299402819555,5,"(0.9, 0.7, 0.12, 0.72)"
trump_critical_minerals,0.65,0.3423441400460459,0.0988432004082694,0.23928006615060907,0.004220873487167435,3,"(0.9, 0.7, 0.12, 0.72)"
trump_epa_greenhouse_gas_reversal,0.55,2.3551424502023997,0.0707693207230281,2.250280863207826,0.034092266271546136,5,"(0.9, 0.7, 0.3, 0.72)"
trump_indian_tariffs_2026,0.55,0.24510879647866574,0.0707693207230281,0.17131745473541563,0.0030220210202219072,5,"(0.9, 0.7, 0.12, 0.72)"
trump_making_china_great_2026,0.65,0.3423441400460459,0.0988432004082694,0.23928006615060907,0.004220873487167435,3,"(0.9, 0.7, 0.12, 0.72)"
trump_second_term_authoritarianism_2026,0.85,1.2138206537485108,0.7974152072045282,0.40918742741521974,0.007218019128763465,5,"(0.9, 0.7, 0.12, 0.72)"
tsp_computational_complexity,0.47,0.17899418070377632,0.05167884916321689,0.12510843862148474,0.002206892919074688,3,"(0.9, 0.7, 0.12, 0.72)"
tsp_duplicate_elimination,0.15,0.01823107214276376,0.005263826114045045,0.012742469199810754,0.00022477682890795407,3,"(0.9, 0.7, 0.12, 0.72)"
two_domain_ancestry,0.05,0.00020289709919959838,0.0002014725644006931,2.1192821330943042e-12,1.4245326796230126e-06,0,"(1.0, 0.6459, 0.0, 0.725)"
tx_hispanic_pivot,0.7,0.39704192292848406,0.11463360526390359,0.27751302515205717,0.004895292512523282,3,"(0.9, 0.7, 0.12, 0.72)"
ua_mobilization_protector_cert,0.65,0.3423441400460459,0.0988432004082694,0.23928006615060907,0.004220873487167435,3,"(0.9, 0.7, 0.12, 0.72)"
ua_wartime_mobilization,0.85,0.5854325660294332,0.1690271194854501,0.40918742741521974,0.007218019128763465,3,"(0.9, 0.7, 0.12, 0.72)"
udhr_1948,0.1,0.00810299678227003,0.0023394002586152444,0.005663689739037294,9.9906784617496e-05,3,"(0.9, 0.7, 0.12, 0.72)"
uk_artist_resale_right,0.48,0.18668903078347623,0.05390133074393555,0.13048593770003242,0.0023017623395082854,3,"(0.9, 0.7, 0.12, 0.72)"
uk_graduate_visa_salary_threshold,0.75,0.45578494512689083,0.13159534855966562,0.31857005704387703,0.005619539523347953,3,"(0.9, 0.7, 0.12, 0.72)"
uk_help_to_buy_scheme,0.55,0.24510879647866574,0.0707693207230281,0.17131745473541563,0.0030220210202219072,5,"(0.9, 0.7, 0.12, 0.72)"
uk_hicbc_2024,0.65,0.3423441400460459,0.0988432004082694,0.23928006615060907,0.004220873487167435,3,"(0.9, 0.7, 0.12, 0.72)"
uk_hicbc_trap,0.55,0.24510879647866574,0.0707693207230281,0.17131745473541563,0.0030220210202219072,5,"(0.9, 0.7, 0.12, 0.72)"
uk_necc_formation,0.48,0.18668903078347623,0.05390133074393555,0.13048593770003242,0.0023017623395082854,3,"(0.9, 0.7, 0.12, 0.72)"
uk_ssp_eligibility,0.62,0.31147508122502504,0.08992924683413242,0.2177055363852224,0.003840298005670279,3,"(0.9, 0.7, 0.12, 0.72)"
uk_student_visa_dependents,0.55,0.24510879647866574,0.0707693207230281,0.17131745473541563,0.0030220210202219072,5,"(0.9, 0.7, 0.12, 0.72)"
uk_unpaid_care_system,0.85,0.5854325660294332,0.1690271194854501,0.40918742741521974,0.007218019128763465,3,"(0.9, 0.7, 0.12, 0.72)"
ukr_mobilization,0.65,0.3423441400460459,0.0988432004082694,0.23928006615060907,0.004220873487167435,3,"(0.9, 0.7, 0.12, 0.72)"
ukraine_tight_gas_pilot,0.48,0.18668903078347623,0.05390133074393555,0.13048593770003242,0.0023017623395082854,3,"(0.9, 0.7, 0.12, 0.72)"
ulysses_aeolus_1904,0.51,0.2107522010716193,0.060850001740593844,0.14730376938165365,0.002598429949371815,0,"(0.9, 0.7, 0.12, 0.72)"
ulysses_calypso_1904,0.47,0.17899418070377632,0.05167884916321689,0.12510843862148474,0.002206892919074688,0,"(0.9, 0.7, 0.12, 0.72)"
ulysses_circe_1904,0.58,0.27258052125496923,0.07869985721546927,0.19051990852866252,0.0033607555108374648,0,"(0.9, 0.7, 0.12, 0.72)"
ulysses_cyclops_1904,0.54,0.23628001292721862,0.06821930775250952,0.16514752231964197,0.002913182855067106,0,"(0.9, 0.7, 0.12, 0.72)"
ulysses_eumaeus_1904,0.47,0.17899418070377632,0.05167884916321689,0.12510843862148474,0.002206892919074688,0,"(0.9, 0.7, 0.12, 0.72)"
ulysses_hades_1904,0.49,0.19455208252752973,0.05617060114126085,0.13598276541414284,0.002398715972126025,0,"(0.9, 0.7, 0.12, 0.72)"
ulysses_ithaca_1904,0.46,0.17145538451551626,0.049503156399104874,0.11983829060096521,0.0021139375154462124,0,"(0.9, 0.7, 0.12, 0.72)"
ulysses_lestrygonians_1904,0.5,0.2025709220377498,0.05848666035519282,0.14158669201950094,0.0024975696630559576,0,"(0.9, 0.7, 0.12, 0.72)"
ulysses_lotus_1904,0.48,0.18668903078347623,0.05390133074393555,0.13048593770003242,0.0023017623395082854,0,"(0.9, 0.7, 0.12, 0.72)"
ulysses_nausicaa_1904,0.49,0.19455208252752973,0.05617060114126085,0.13598276541414284,0.002398715972126025,0,"(0.9, 0.7, 0.12, 0.72)"
ulysses_oxen_1904,0.55,0.24510879647866574,0.0707693207230281,0.17131745473541563,0.0030220210202219072,0,"(0.9, 0.7, 0.12, 0.72)"
ulysses_penelope_1904,0.5,0.2025709220377498,0.05848666035519282,0.14158669201950094,0.0024975696630559576,0,"(0.9, 0.7, 0.12, 0.72)"
ulysses_proteus_1904,0.52,0.21910158164233026,0.0632596482612924,0.1531405535593708,0.002701379821667107,0,"(0.9, 0.7, 0.12, 0.72)"
ulysses_rocks_1904,0.48,0.18668903078347623,0.05390133074393555,0.13048593770003242,0.0023017623395082854,0,"(0.9, 0.7, 0.12, 0.72)"
ulysses_school_1904,0.49,0.19455208252752973,0.05617060114126085,0.13598276541414284,0.002398715972126025,0,"(0.9, 0.7, 0.12, 0.72)"
ulysses_scylla_1904,0.5,0.2025709220377498,0.05848666035519282,0.14158669201950094,0.0024975696630559576,0,"(0.9, 0.7, 0.12, 0.72)"
ulysses_sirens_1904,0.53,0.2276063658029825,0.06571608359859762,0.15908405844833395,0.002806223756050944,0,"(0.9, 0.7, 0.12, 0.72)"
ulysses_tower_1904,0.48,0.18668903078347623,0.05390133074393555,0.13048593770003242,0.0023017623395082854,0,"(0.9, 0.7, 0.12, 0.72)"
un_high_seas_treaty_2026,0.4,0.12964475051454127,0.03743172725203176,0.0906145946703347,0.0015984285921747821,3,"(0.9, 0.7, 0.12, 0.72)"
unclos_2026,0.3,0.07292428234595182,0.02105530445618018,0.050969876799243016,0.0008991010905285984,4,"(0.9, 0.7, 0.12, 0.72)"
unconditional_university_offers_uk,0.55,0.24510879647866574,0.0707693207230281,0.17131745473541563,0.0030220210202219072,5,"(0.9, 0.7, 0.12, 0.72)"
uneven_risk_distribution,0.05,0.00020289709919959838,0.0002014725644006931,2.1192821330943042e-12,1.4245326796230126e-06,0,"(1.0, 0.6459, 0.0, 0.725)"
union_protection_underperformance,0.6,0.29170366754150173,0.08422097439158753,0.2038861688467418,0.0035965243031721244,3,"(0.9, 0.7, 0.12, 0.72)"
universal_mathematics_communication,0.1,0.005392773376503945,0.0010066125250172597,0.004286254066869193,9.9906784617496e-05,0,"(0.95, 0.65, 0.12, 0.72)"
unrequited_love_protocol,0.68,0.1590210710010436,0.10817765356675646,0.049721478181365394,0.0011219392529216634,3,"(0.9, 0.7, 0.05, 0.72)"
unrwa_eviction_order,0.75,0.45578494512689083,0.13159534855966562,0.31857005704387703,0.005619539523347953,3,"(0.9, 0.7, 0.12, 0.72)"
us_ai_chip_export_controls,0.55,0.24510879647866574,0.0707693207230281,0.17131745473541563,0.0030220210202219072,5,"(0.9, 0.7, 0.12, 0.72)"
us_arms_transfer_policy,0.55,0.24510879647866574,0.0707693207230281,0.17131745473541563,0.0030220210202219072,5,"(0.9, 0.7, 0.12, 0.72)"
us_canada_geopolitical_asymmetry,0.48,0.18668903078347623,0.05390133074393555,0.13048593770003242,0.0023017623395082854,3,"(0.9, 0.7, 0.12, 0.72)"
us_china_chip_tariffs_v2,0.52,0.21910158164233026,0.0632596482612924,0.1531405535593708,0.002701379821667107,5,"(0.9, 0.7, 0.12, 0.72)"
us_debt_ceiling,0.5,0.2025709220377498,0.05848666035519282,0.14158669201950094,0.0024975696630559576,5,"(0.9, 0.7, 0.12, 0.72)"
us_embargo_cuba,0.65,0.7098101706020647,0.46630923096428817,0.23928006615060907,0.004220873487167435,5,"(0.9, 0.7, 0.12, 0.72)"
us_employer_health_insurance,0.55,0.24510879647866574,0.0707693207230281,0.17131745473541563,0.0030220210202219072,5,"(0.9, 0.7, 0.12, 0.72)"
us_foreign_policy_america_first,0.75,0.45578494512689083,0.13159534855966562,0.31857005704387703,0.005619539523347953,3,"(0.9, 0.7, 0.12, 0.72)"
us_greenland_envoy,0.65,0.3423441400460459,0.0988432004082694,0.23928006615060907,0.004220873487167435,3,"(0.9, 0.7, 0.12, 0.72)"
us_iran_drone_conflict,0.6,0.29170366754150173,0.08422097439158753,0.2038861688467418,0.0035965243031721244,5,"(0.9, 0.7, 0.12, 0.72)"
us_isolationism_policy_2026,0.68,0.37467949814123036,0.10817765356675646,0.2618822823230721,0.0046195622514016346,3,"(0.9, 0.7, 0.12, 0.72)"
us_israel_faa_502b_nonenforcement,0.75,0.45578494512689083,0.13159534855966562,0.31857005704387703,0.005619539523347953,3,"(0.9, 0.7, 0.12, 0.72)"
us_labor_mobility,0.48,0.18668903078347623,0.05390133074393555,0.13048593770003242,0.0023017623395082854,3,"(0.9, 0.7, 0.12, 0.72)"
us_legal_standard_reasonable_doubt,0.48,0.18668903078347623,0.05390133074393555,0.13048593770003242,0.0023017623395082854,3,"(0.9, 0.7, 0.12, 0.72)"
us_military_recruitment_advertising,0.55,0.24510879647866574,0.0707693207230281,0.17131745473541563,0.0030220210202219072,5,"(0.9, 0.7, 0.12, 0.72)"
us_sanctions_belarus_2022,0.65,0.3423441400460459,0.0988432004082694,0.23928006615060907,0.004220873487167435,3,"(0.9, 0.7, 0.12, 0.72)"
us_sanctions_icc_israel_case,0.6,0.29170366754150173,0.08422097439158753,0.2038861688467418,0.0035965243031721244,5,"(0.9, 0.7, 0.12, 0.72)"
us_sanctions_moex_2024,0.75,0.45578494512689083,0.13159534855966562,0.31857005704387703,0.005619539523347953,3,"(0.9, 0.7, 0.12, 0.72)"
us_sdf_alliance_abandonment_2026,0.65,0.3423441400460459,0.0988432004082694,0.23928006615060907,0.004220873487167435,3,"(0.9, 0.7, 0.12, 0.72)"
us_suburban_zoning_2025,0.7,0.39704192292848406,0.11463360526390359,0.27751302515205717,0.004895292512523282,3,"(0.9, 0.7, 0.12, 0.72)"
us_taiwan_arms_sales,0.52,0.21910158164233026,0.0632596482612924,0.1531405535593708,0.002701379821667107,5,"(0.9, 0.7, 0.12, 0.72)"
us_tariffs_2025,0.48,0.18668903078347623,0.05390133074393555,0.13048593770003242,0.0023017623395082854,3,"(0.9, 0.7, 0.12, 0.72)"
us_two_party_duopoly,0.75,0.45578494512689083,0.13159534855966562,0.31857005704387703,0.005619539523347953,3,"(0.9, 0.7, 0.12, 0.72)"
us_usmca_china_leverage,0.55,0.5082062267529835,0.333866750997346,0.17131745473541563,0.0030220210202219072,6,"(0.9, 0.7, 0.12, 0.72)"
us_vaccine_recommendation_dismantling_2026,0.75,0.45578494512689083,0.13159534855966562,0.31857005704387703,0.005619539523347953,3,"(0.9, 0.7, 0.12, 0.72)"
us_venezuela_blockade,0.85,0.5854325660294332,0.1690271194854501,0.40918742741521974,0.007218019128763465,3,"(0.9, 0.7, 0.12, 0.72)"
us_venezuela_oil_pressure,0.68,0.37467949814123036,0.10817765356675646,0.2618822823230721,0.0046195622514016346,3,"(0.9, 0.7, 0.12, 0.72)"
us_venezuela_plausible_deniability_2025,0.72,0.42005527087206396,0.12127834242400684,0.29359789868914854,0.005179029758908443,3,"(0.9, 0.7, 0.12, 0.72)"
us_visa_lottery,0.55,0.24510879647866574,0.0707693207230281,0.17131745473541563,0.0030220210202219072,5,"(0.9, 0.7, 0.12, 0.72)"
us_wind_project_ban_2025,0.75,0.45578494512689083,0.13159534855966562,0.31857005704387703,0.005619539523347953,3,"(0.9, 0.7, 0.12, 0.72)"
usc_26_469_passive_loss,0.58,0.27258052125496923,0.07869985721546927,0.19051990852866252,0.0033607555108374648,5,"(0.9, 0.7, 0.12, 0.72)"
utopia_apocalypse_fragility,0.7,0.39704192292848406,0.11463360526390359,0.27751302515205717,0.004895292512523282,3,"(0.9, 0.7, 0.12, 0.72)"
value_alignment_drift,0.61,0.30150444240782537,0.08705171620455665,0.2107353687996256,0.0037173574036433493,3,"(0.9, 0.7, 0.12, 0.72)"
value_extraction_plateau,0.89,0.6418296789474931,0.18530974622854388,0.4486065776422516,0.007913355076697999,3,"(0.9, 0.7, 0.12, 0.72)"
van_der_waerden_theorem,0.05,0.00020289709919959838,0.0002014725644006931,2.1192821330943042e-12,1.4245326796230126e-06,0,"(1.0, 0.6459, 0.0, 0.725)"
venezuela_oil_privatization_v1,0.75,0.45578494512689083,0.13159534855966562,0.31857005704387703,0.005619539523347953,3,"(0.9, 0.7, 0.12, 0.72)"
verification_bottleneck,0.72,0.8709290860982408,0.5721521576501839,0.29359789868914854,0.005179029758908443,5,"(0.9, 0.7, 0.12, 0.72)"
vertebrate_turning_point_2026,0.05,0.0020255256666316082,0.00058490857634965,0.0014156448728208603,2.4972217461098083e-05,0,"(0.9, 0.7, 0.12, 0.72)"
vienna_quantum_superposition_2026,0.6,0.29170366754150173,0.08422097439158753,0.2038861688467418,0.0035965243031721244,5,"(0.9, 0.7, 0.12, 0.72)"
viral_emergence_covid19_exemplar,0.15,0.01823107214276376,0.005263826114045045,0.012742469199810754,0.00022477682890795407,3,"(0.9, 0.7, 0.12, 0.72)"
viral_transmission_rates,0.7,0.39704192292848406,0.11463360526390359,0.27751302515205717,0.004895292512523282,3,"(0.9, 0.7, 0.12, 0.72)"
visa_ipo_regulatory_compliance,0.45,0.164084543579486,0.047374252451599506,0.11468721904922799,0.002023072078658474,3,"(0.9, 0.7, 0.12, 0.72)"
visa_judgment_sharing_agreement,0.4,0.12964475051454127,0.03743172725203176,0.0906145946703347,0.0015984285921747821,3,"(0.9, 0.7, 0.12, 0.72)"
visibility_bias_governance,0.54,0.23628001292721862,0.06821930775250952,0.16514752231964197,0.002913182855067106,5,"(0.9, 0.7, 0.12, 0.72)"
vision_of_the_cross,0.75,0.4528870086848242,0.13159534855966562,0.31857005704387703,0.002721603081281257,3,"(0.9, 0.7, 0.12, 0.6)"
vns_implant_for_trd,0.55,0.24510879647866574,0.0707693207230281,0.17131745473541563,0.0030220210202219072,5,"(0.9, 0.7, 0.12, 0.72)"
weierstrass_proof_limits,0.15,0.0018259609070490016,0.0018131321980707615,9.056262858452724e-12,1.282869992197887e-05,0,"(1.0, 0.6459, 0.0, 0.725)"
whitehead_incompleteness,0.05,0.0020255256666316082,0.00058490857634965,0.0014156448728208603,2.4972217461098083e-05,0,"(0.9, 0.7, 0.12, 0.72)"
whitehead_problem_undecidability,0.05,0.00020289709919959838,0.0002014725644006931,2.1192821330943042e-12,1.4245326796230126e-06,0,"(1.0, 0.6459, 0.0, 0.725)"
wikipedia_crowdsourcing_2026,0.05,0.0020255256666316082,0.00058490857634965,0.0014156448728208603,2.4972217461098083e-05,0,"(0.9, 0.7, 0.12, 0.72)"
wikipedia_noncommercial_model,0.12,0.011668478306131264,0.003368862192383631,0.008155749347848709,0.00014386676589892618,0,"(0.9, 0.7, 0.12, 0.72)"
wikipedia_notability_requirement_2026,0.4,0.12964475051454127,0.03743172725203176,0.0906145946703347,0.0015984285921747821,3,"(0.9, 0.7, 0.12, 0.72)"
winners_curse,0.65,0.3423441400460459,0.0988432004082694,0.23928006615060907,0.004220873487167435,3,"(0.9, 0.7, 0.12, 0.72)"
womens_sizing_chaos,0.22,0.03921880314788762,0.011322927920677859,0.02741232456357134,0.00048355066363841914,0,"(0.9, 0.7, 0.12, 0.72)"
working_dog_training,0.35,0.09926048436349684,0.028658401315975898,0.06937825628801429,0.001223826759506642,3,"(0.9, 0.7, 0.12, 0.72)"
world_factbook_sunset_2026,0.7,0.39704192292848406,0.11463360526390359,0.27751302515205717,0.004895292512523282,0,"(0.9, 0.7, 0.12, 0.72)"
worldscale_vlsfo_benchmark,0.65,0.3423441400460459,0.0988432004082694,0.23928006615060907,0.004220873487167435,3,"(0.9, 0.7, 0.12, 0.72)"
wpl_scotland,0.52,0.21910158164233026,0.0632596482612924,0.1531405535593708,0.002701379821667107,5,"(0.9, 0.7, 0.12, 0.72)"
xi_mao_ideological_centralization,0.75,0.45578494512689083,0.13159534855966562,0.31857005704387703,0.005619539523347953,3,"(0.9, 0.7, 0.12, 0.72)"
yangtze_fishing_ban,0.55,0.24510879647866574,0.0707693207230281,0.17131745473541563,0.0030220210202219072,5,"(0.9, 0.7, 0.12, 0.72)"
yc_equity_squeeze,0.48,0.18668903078347623,0.05390133074393555,0.13048593770003242,0.0023017623395082854,3,"(0.9, 0.7, 0.12, 0.72)"
yt_ai_slop_incentive,0.75,0.45578494512689083,0.13159534855966562,0.31857005704387703,0.005619539523347953,3,"(0.9, 0.7, 0.12, 0.72)"
zipfs_law,0.75,0.45578494512689083,0.13159534855966562,0.31857005704387703,0.005619539523347953,3,"(0.9, 0.7, 0.12, 0.72)"
zombie_reasoning_2026,0.74,0.4437161970245629,0.12810955769783935,0.31013587944664117,0.0054707598800824535,3,"(0.9, 0.7, 0.12, 0.72)"
