constraint_id,context,chi,KL_fwd,KL_rev,d_FR,H_sq,max_tvd,argmax_cl,argmax_idx,type_match
26usc469_real_estate_exemption,powerless,0.815164,0.004376161976686414,0.003574593780430118,0.0888253533990342,0.0019721616478965832,0.01253308512507434,snare,snare,True
26usc469_real_estate_exemption,moderate,0.829869,0.006217766314570535,0.004860993530650194,0.10465909301211139,0.0027377566001586164,0.014367597571199875,snare,snare,True
26usc469_real_estate_exemption,institutional,-0.031689,9.410932899123969,20.048042554713692,3.01018718632263,1.8686890552597482,0.9728664367170788,snare,rope,False
26usc469_real_estate_exemption,analytical,1.027448,0.03951022090186476,0.018748951956382334,0.22907234852162356,0.01310420015356164,0.024500490047870915,snare,snare,True
absorbing_markov_chain_trap,powerless,0.597787,0.0028396851887781834,0.002348252875261584,0.07177294296549529,0.0012877006306761475,0.008938304552127407,snare,snare,True
absorbing_markov_chain_trap,moderate,0.608571,0.004068929063556065,0.0032281835837945053,0.08497710568141853,0.0018050055533826498,0.010313771352539747,snare,snare,True
absorbing_markov_chain_trap,institutional,-0.023239,10.410639467021683,19.701683626867716,3.111509644237687,1.9699181249994766,0.9793367078454215,snare,rope,False
absorbing_markov_chain_trap,analytical,0.753462,0.028516804241144444,0.013784174395961706,0.19552099594011615,0.009549505850549075,0.018479182287357343,snare,snare,True
abstraction_boundary_overrun,powerless,0.880377,0.005244721369333558,0.005175925431714995,0.10207888586199952,0.0026044592709880024,0.05010816790954309,piton,piton,True
abstraction_boundary_overrun,moderate,0.896259,0.00912045365736406,0.008950967730587539,0.13442392597973565,0.004515747613665109,0.06576531783515338,piton,piton,True
abstraction_boundary_overrun,institutional,-0.034224,3.674453500056167,8.0658018776098,1.8384843105967572,0.7871541498236321,0.43280036442971664,piton,piton,True
abstraction_boundary_overrun,analytical,1.109644,0.35837023183610917,0.26171056906648393,0.779813667400295,0.15011104681788148,0.32900529230477116,piton,piton,True
abstraction_leakage,powerless,0.804295,0.004912190760150647,0.004037736761402567,0.09425000001348718,0.0022203546727275,0.013564356318090547,snare,snare,True
abstraction_leakage,moderate,0.818804,0.0071459792489135116,0.005660281896424417,0.11254837213473039,0.0031659483956718885,0.015575969349487158,snare,snare,True
abstraction_leakage,institutional,-0.031266,9.86375664230326,22.06665194504912,3.010987331238654,1.8694874842318776,0.9610437704000386,snare,rope,False
abstraction_leakage,analytical,1.013749,0.11855061547172438,0.11243361533411936,0.47087642404384494,0.055175573270834936,0.15746678112975737,snare,snare,True
academic_fashion_modernism_2026,powerless,0.739082,0.00043614238030623836,0.0004356642975692458,0.029526279269548806,0.00021794633337732277,0.014740507136606573,snare,snare,True
academic_fashion_modernism_2026,moderate,0.752415,0.00042573124181459303,0.00042521566087436354,0.02917079543790786,0.0002127300553400258,0.01456052839461619,snare,snare,True
academic_fashion_modernism_2026,institutional,-0.028731,4.150100808594225,7.718188252046786,1.9237666945055554,0.8560477046832718,0.5161505798682751,snare,piton,False
academic_fashion_modernism_2026,analytical,0.931553,0.02558212311111631,0.02527161727258781,0.22550240993182766,0.012699371914362406,0.11214571428940406,snare,piton,False
academic_peer_review_gatekeeping,powerless,0.815164,0.027770123486192302,0.023984505153766874,0.22703759024931416,0.01287268426316304,0.0815829861909278,snare,snare,True
academic_peer_review_gatekeeping,moderate,0.829869,0.03983875890691123,0.03321273464618363,0.2694401357079313,0.01812206293171274,0.09473770507610789,snare,snare,True
academic_peer_review_gatekeeping,institutional,-0.031689,9.503605019744773,19.993403888132086,2.825051215414885,1.6847784480917767,0.8745841405360851,snare,rope,False
academic_peer_review_gatekeeping,analytical,1.027448,0.2704590310691033,0.1433405979704377,0.6190011569545217,0.09502839207656813,0.1740202847102344,snare,snare,True
academic_tenure_system,powerless,0.815164,0.008274822848890093,0.0068132494066684215,0.12239904541725467,0.003744212735432968,0.023783732331685577,snare,snare,True
academic_tenure_system,moderate,0.829869,0.011772890795789293,0.009288433311781415,0.1443621286045724,0.0052078443362179455,0.027313242373132172,snare,snare,True
academic_tenure_system,institutional,-0.031689,10.082232840383579,20.855396915200203,2.9934656353927216,1.8520083674064085,0.947850099753752,snare,rope,False
academic_tenure_system,analytical,1.027448,0.07550034931050333,0.03639970680049365,0.3181225858410607,0.025247196951768896,0.047035529008657054,snare,snare,True
access_arbitrage,powerless,0.489098,0.0033712774476393286,0.003944948927858422,0.08531712357641237,0.0018194769521942197,0.01407360325702334,tangled_rope,tangled_rope,True
access_arbitrage,moderate,0.497921,0.00522278675791044,0.006326341482811046,0.10706558015746315,0.002865075297472517,0.01821292472477243,tangled_rope,tangled_rope,True
access_arbitrage,institutional,-0.019013,2.0967484015226074,10.417721530015875,2.3734646520403535,1.2506170205068998,0.8487105688678283,tangled_rope,rope,False
access_arbitrage,analytical,0.616469,0.09614791063981079,0.17101652754389665,0.5005981955770645,0.06232323920908565,0.1284234390489352,tangled_rope,tangled_rope,True
acip_hep_b_infant_mandate,powerless,0.195639,0.01931892354704108,0.02022371919332934,0.1988087206382597,0.009873092976281046,0.09391866447968178,rope,rope,True
acip_hep_b_infant_mandate,moderate,0.199169,0.03001746322218768,0.031642537547864724,0.24823864758783462,0.015385838966458409,0.11807901989431258,rope,rope,True
acip_hep_b_infant_mandate,institutional,-0.007605,0.223253538290018,0.15119378004855166,0.6012504209329353,0.08969691980690793,0.22172945534665556,rope,rope,True
acip_hep_b_infant_mandate,analytical,0.246588,0.5115822385328392,0.4899718753276393,0.9990515176725705,0.2443803469580379,0.47574538962972734,rope,piton,False
ad_fus_coordination,powerless,0.815164,0.004360896863134261,0.00356201680608748,0.08866959103549599,0.0019652521579010523,0.012489199363599046,snare,snare,True
ad_fus_coordination,moderate,0.829869,0.006196045808556904,0.004843844528637317,0.10447516943346993,0.002728144800157553,0.014317192245809629,snare,snare,True
ad_fus_coordination,institutional,-0.031689,9.33531731438542,19.852467157182687,3.0054745332992927,1.8639869393725799,0.9729579868240436,snare,rope,False
ad_fus_coordination,analytical,1.027448,0.03937088274120856,0.018681750140719735,0.22866415762795386,0.013057591066540981,0.024413632827576914,snare,snare,True
ad_synaptic_deficit,powerless,0.923852,0.0016579196870938583,0.0013470232343084831,0.05459613706618427,0.0007451382717861074,0.004736611033299254,snare,snare,True
ad_synaptic_deficit,moderate,0.940518,0.0023436072940495106,0.001822119541805683,0.0641601590579592,0.0010290432463091032,0.005414979060161973,snare,snare,True
ad_synaptic_deficit,institutional,-0.035914,10.435688930522172,21.709699723501537,3.0836919485157814,1.9421073825716495,0.9898363268264496,snare,rope,False
ad_synaptic_deficit,analytical,1.164441,0.014027465521783343,0.006771264224809417,0.13720421781503486,0.004704403904174295,0.009097887383115788,snare,snare,True
adaptive_lag_trap,powerless,0.902115,0.008041232671119163,0.007922626379005468,0.12634500598359139,0.003989438126922179,0.06217787542284614,piton,piton,True
adaptive_lag_trap,moderate,0.918388,0.013675886949188407,0.013385375523024282,0.1644950475422572,0.006760842646291768,0.0806355985312498,piton,piton,True
adaptive_lag_trap,institutional,-0.035069,3.7046691114280184,7.433803144106715,1.8195355587606115,0.7721418560274177,0.4453102991711896,piton,piton,True
adaptive_lag_trap,analytical,1.137042,0.45502389803453797,0.3149791104873907,0.8657740744471799,0.1844831165641902,0.3593121125464922,piton,piton,True
adversarial_surface_inflation,powerless,0.912984,0.009703727955741745,0.009546893492939676,0.13874270696563268,0.004810455073066514,0.06827012077869377,piton,piton,True
adversarial_surface_inflation,moderate,0.929453,0.01635845365342295,0.0159761682448889,0.1798080800461494,0.00807729366007238,0.08809580125744731,piton,piton,True
adversarial_surface_inflation,institutional,-0.035492,3.701199919240238,7.208018300819752,1.810975674863746,0.7653962823587896,0.44818275343126207,piton,piton,True
adversarial_surface_inflation,analytical,1.150742,0.5057288775449278,0.33929272302502544,0.9047639432276646,0.20118305338989312,0.3712721684313829,piton,piton,True
adversarial_truth_decay,powerless,0.967328,0.021417816732437964,0.021051049297690458,0.20607366048049747,0.010607199046849283,0.10205428103072334,piton,piton,True
adversarial_truth_decay,moderate,0.984778,0.035095131848437655,0.034153265504321725,0.2631316182156056,0.017284608116397614,0.12964765989452298,piton,piton,True
adversarial_truth_decay,institutional,-0.037604,3.8766778641104342,6.661085695453063,1.8350490403309967,0.7844244116669759,0.4890275137154976,piton,piton,True
adversarial_truth_decay,analytical,1.219238,0.8332447055552494,0.4859153453074859,1.1148682204328626,0.3027694286344801,0.4427525338558226,piton,piton,True
adverse_possession,powerless,0.706475,0.04385734402474851,0.04309149446277248,0.294850418167463,0.021694856188089154,0.14517176755269856,tangled_rope,snare,False
adverse_possession,moderate,0.71922,0.06505464099328928,0.06315012719985288,0.35800678928176854,0.03195674799355259,0.17545274994642884,tangled_rope,snare,False
adverse_possession,institutional,-0.027464,6.8404663757800614,22.221835475972217,2.8730542562572507,1.7322677537659865,0.970186375876329,tangled_rope,rope,False
adverse_possession,analytical,0.890455,0.6168759625543103,0.43194472842645015,1.0104878797697765,0.2498871430865735,0.4320950279279729,tangled_rope,snare,False
advice_as_dangerous_gift,powerless,0.38041,0.0018597980585744762,0.001241191958111556,0.054650120846630144,0.0007466124699977311,0.0031287550972477485,tangled_rope,tangled_rope,True
advice_as_dangerous_gift,moderate,0.387272,0.002631685748159446,0.0016210254590353014,0.06344731705452598,0.0010063061113639946,0.0035309177130826708,tangled_rope,tangled_rope,True
advice_as_dangerous_gift,institutional,-0.014788,2.1698542094632463,5.198059530213205,2.3600406465920676,1.2381879335069788,0.8835094937222011,tangled_rope,rope,False
advice_as_dangerous_gift,analytical,0.479476,0.01850127824935433,0.006118448093423372,0.1307427435628269,0.004271894624812866,0.005096596581957047,tangled_rope,tangled_rope,True
agency_atrophy,powerless,0.956459,0.01839799177299098,0.017979542162378306,0.19071921266984515,0.009086565699158694,0.09369945926944034,piton,piton,True
agency_atrophy,moderate,0.973713,0.03022962777999283,0.029221078537844822,0.24379804040490163,0.014840980161829104,0.11904698826993121,piton,piton,True
agency_atrophy,institutional,-0.037182,3.651549685625031,6.089720595095722,1.764066817979031,0.7288347986337881,0.4583350705774517,piton,piton,True
agency_atrophy,analytical,1.205539,0.7343454159073372,0.43038632137768706,1.0485826026632128,0.26864213344781984,0.4110362609610959,piton,piton,True
agent_opt_2026,powerless,0.76082,5.587521116061107e-05,5.384440910638586e-05,0.010467984230532352,2.7394610923661884e-05,0.0038812278397395428,snare,snare,True
agent_opt_2026,moderate,0.774544,3.064828981771744e-05,2.7500426276502992e-05,0.007606287208675472,1.4463883841762226e-05,0.0023536929058287637,snare,snare,True
agent_opt_2026,institutional,-0.029576,7.396094490207948,19.95350233513568,2.803216785250916,1.663236132682182,0.8743539188653167,snare,rope,False
agent_opt_2026,analytical,0.958951,0.038253138465489694,0.042266597786345214,0.2834564327896539,0.020053286240633423,0.1245381861593273,snare,snare,True
agg1_genetic_determinism,powerless,0.815164,0.004360896863134261,0.00356201680608748,0.08866959103549599,0.0019652521579010523,0.012489199363599046,snare,snare,True
agg1_genetic_determinism,moderate,0.829869,0.006196045808556904,0.004843844528637317,0.10447516943346993,0.002728144800157553,0.014317192245809629,snare,snare,True
agg1_genetic_determinism,institutional,-0.031689,9.33531731438542,19.852467157182687,3.0054745332992927,1.8639869393725799,0.9729579868240436,snare,rope,False
agg1_genetic_determinism,analytical,1.027448,0.03937088274120856,0.018681750140719735,0.22866415762795386,0.013057591066540981,0.024413632827576914,snare,snare,True
aging_longevity_tests,powerless,0.56518,0.002783671306393218,0.0033196499697770196,0.07788845134962041,0.001516461036813219,0.01086925880255153,tangled_rope,tangled_rope,True
aging_longevity_tests,moderate,0.575376,0.004325591113347212,0.005359598472490648,0.09797626523780192,0.0023993572410204883,0.014144852242974184,tangled_rope,tangled_rope,True
aging_longevity_tests,institutional,-0.021971,2.187368458281621,14.939119700980031,2.421469508586659,1.2953362837681406,0.8633134201367992,tangled_rope,rope,False
aging_longevity_tests,analytical,0.712364,0.08290445381920686,0.1570162707272835,0.4711107570816975,0.05523024928399311,0.10778339368578842,tangled_rope,tangled_rope,True
ai_adoption_stigma,powerless,0.56518,0.0330061319519919,0.030482303166552302,0.25181754247979937,0.0158320865556726,0.11358230703704153,snare,snare,True
ai_adoption_stigma,moderate,0.575376,0.04829972631698429,0.04360486361728549,0.3028561204741666,0.02288667374855207,0.13475807239716886,snare,snare,True
ai_adoption_stigma,institutional,-0.021971,6.376598208299551,15.600802833998962,2.6705509809366124,1.5333010505902025,0.8318042392346054,snare,rope,False
ai_adoption_stigma,analytical,0.712364,0.3999558026530399,0.2480715667298707,0.7873418055015967,0.15298560703721925,0.29134061450762927,snare,snare,True
ai_auditability_gap,powerless,0.56518,0.009699879278301946,0.009344052687006,0.13795768688588983,0.004756194530813639,0.06472969111000204,snare,snare,True
ai_auditability_gap,moderate,0.575376,0.013850959919794077,0.013215183512572864,0.16443990895662938,0.006756313502892982,0.0767886201790553,snare,snare,True
ai_auditability_gap,institutional,-0.021971,5.585847103395217,16.045027529286465,2.6126192830344577,1.4771723250466664,0.8415514290526382,snare,rope,False
ai_auditability_gap,analytical,0.712364,0.07634349022409471,0.06313363709778434,0.37047665226672555,0.03421523310100513,0.16281006782513752,snare,snare,True
ai_banal_capture,powerless,0.739082,0.0014964992620484592,0.0012204400144222183,0.0519213674842061,0.0006739192496933291,0.004378092282675716,snare,snare,True
ai_banal_capture,moderate,0.752415,0.002130674548439625,0.0016625456550720828,0.06123459883473017,0.0009373457963652702,0.00501978650718371,snare,snare,True
ai_banal_capture,institutional,-0.028731,8.660670989879621,21.868719342158858,3.072164966089999,1.9305862556435078,0.9900977289756817,snare,rope,False
ai_banal_capture,analytical,0.931553,0.013975715658758697,0.00657269694429439,0.13583637548567495,0.004611107276905545,0.008584437196220132,snare,snare,True
ai_cognitive_diversity_arbitrage,powerless,0.782557,0.029113533441370208,0.025221382285730655,0.23264688157616067,0.013515892104602138,0.08530287221198589,snare,snare,True
ai_cognitive_diversity_arbitrage,moderate,0.796674,0.04262729380223066,0.03561338181441484,0.27886071958747904,0.01940935016125194,0.0998542070312853,snare,snare,True
ai_cognitive_diversity_arbitrage,institutional,-0.030421,7.77676903216766,22.307577503364993,2.924521409294696,1.783354687286372,0.9729660030458106,snare,rope,False
ai_cognitive_diversity_arbitrage,analytical,0.98635,0.4427291069011644,0.25889018385401363,0.8041297434550253,0.1594901358238258,0.2890473764888881,snare,piton,False
ai_compute_capital_moat,powerless,0.3224,1.5130007625478061,1.5075472161116399,1.7073445982071045,0.6855604489225509,0.75212596561109,snare,tangled_rope,False
ai_compute_capital_moat,moderate,0.686025,0.02670091715631085,0.02195684458685133,0.21979314977144215,0.012065107052132013,0.06605250331242751,snare,snare,True
ai_compute_capital_moat,institutional,-0.026196,8.300151518038568,19.1085459712302,2.838432569928442,1.6979995101017396,0.8636587213663934,snare,rope,False
ai_compute_capital_moat,analytical,0.849357,0.1891093268067807,0.09685273027979514,0.5125127126975451,0.06530875608709054,0.12150854306071279,snare,snare,True
ai_driven_surveillance_sensor_layer,powerless,0.815164,0.0018227800127207474,0.0014814549210378741,0.05725122593853797,0.0008193697645192895,0.005208605233905428,snare,snare,True
ai_driven_surveillance_sensor_layer,moderate,0.829869,0.002587687926272953,0.0020114465375400577,0.06741453524193305,0.0011360723191504037,0.0059644445835862325,snare,snare,True
ai_driven_surveillance_sensor_layer,institutional,-0.031689,8.938329268864843,20.86058061952851,3.0539832447487343,1.912418606721038,0.9887307948213903,snare,rope,False
ai_driven_surveillance_sensor_layer,analytical,1.027448,0.016352817213863,0.007686469809180964,0.14695767542610708,0.005396710803116105,0.010109554331339915,snare,snare,True
ai_edu_decentralization,powerless,0.543443,0.000524152845162756,0.0006147977832925061,0.033637152926006705,0.00028285784661047245,0.001988090301502134,tangled_rope,tangled_rope,True
ai_edu_decentralization,moderate,0.553246,0.0008122775003350758,0.000989456295877121,0.0422411183731022,0.00044606143846578157,0.0025912594537675156,tangled_rope,tangled_rope,True
ai_edu_decentralization,institutional,-0.021126,2.2889073664739543,13.792541371086346,2.48506935788372,1.3552040302467745,0.893849654670797,tangled_rope,rope,False
ai_edu_decentralization,analytical,0.684965,0.015747465724964896,0.030896793959830963,0.20635757089543819,0.01063642058627232,0.021152612862566915,tangled_rope,tangled_rope,True
ai_evaluators_matching,powerless,0.815164,0.0015099450921303322,0.0012264580769115842,0.05209897528616863,0.0006785374352413118,0.004313508201155955,snare,snare,True
ai_evaluators_matching,moderate,0.829869,0.00214336037672627,0.0016649123734523874,0.06134305049940027,0.0009406687137574411,0.004938805505976446,snare,snare,True
ai_evaluators_matching,institutional,-0.031689,8.884266009262348,21.10361719146282,3.062458267500751,1.9208862606027612,0.9906480024039215,snare,rope,False
ai_evaluators_matching,analytical,1.027448,0.013536018315309125,0.006355253196708499,0.13365811087551155,0.004464460710506549,0.008365077214304005,snare,snare,True
ai_nonconsensual_content_facilitation,powerless,0.815164,0.00204531992837782,0.0016630404497716695,0.060652338473156,0.0009196060589812387,0.005845644890100088,snare,snare,True
ai_nonconsensual_content_facilitation,moderate,0.829869,0.0029038222232503105,0.0022582966679853852,0.07142324232573068,0.0012751843551073764,0.006694557822779612,snare,snare,True
ai_nonconsensual_content_facilitation,institutional,-0.031689,8.972530500616315,20.70269703344843,3.0481906513790453,1.9066319454580896,0.9873629360712687,snare,rope,False
ai_nonconsensual_content_facilitation,analytical,1.027448,0.018359268861381093,0.00863661964652079,0.15575014784808613,0.0060614628840570525,0.011352937670539536,snare,snare,True
ai_performance_watermark,powerless,0.286,1.1334870719177716,0.8365808108885459,1.2504695411085978,0.37834853290724163,0.45679413327156415,tangled_rope,tangled_rope,True
ai_performance_watermark,moderate,0.608571,0.060648432724691566,0.05878616042744832,0.3455561987117663,0.029778082298410762,0.17038319962635362,tangled_rope,snare,False
ai_performance_watermark,institutional,-0.023239,5.297317568074446,16.616574522581082,2.5074619376096416,1.3764409121255556,0.7931763594544361,tangled_rope,rope,False
ai_performance_watermark,analytical,0.753462,0.5536498346566686,0.39975088581618745,0.965787718365466,0.2286902265898888,0.4194293563214281,tangled_rope,snare,False
ai_professional_displacement,powerless,0.771688,0.0010432067214064546,0.0008481689777490349,0.043315611548580865,0.00046904221642682446,0.003008081144804886,snare,snare,True
ai_professional_displacement,moderate,0.785609,0.001483205379500749,0.0011533066470116268,0.05104315095336407,0.0006513154607557968,0.003446800693346367,snare,snare,True
ai_professional_displacement,institutional,-0.029999,8.636765712270375,21.872021599013557,3.0791234605717115,1.9375409639774308,0.9933179880993795,snare,rope,False
ai_professional_displacement,analytical,0.972651,0.009568871736324753,0.004487417197573712,0.11230231654521802,0.0031521242365879893,0.005869245089231531,snare,snare,True
ai_religion_regulation,powerless,0.652131,0.024367572729535675,0.021217277987389666,0.21312179565849396,0.011344483917984555,0.07635091496049395,snare,snare,True
ai_religion_regulation,moderate,0.663895,0.03518345703502053,0.029619750900762173,0.25385607184568565,0.01608910829035379,0.08905832592082985,snare,snare,True
ai_religion_regulation,institutional,-0.025351,7.811047792008782,18.869229786212216,2.769189083829762,1.6297446433361016,0.8232933530930758,snare,rope,False
ai_religion_regulation,analytical,0.821958,0.25797887106504025,0.13799550749929654,0.6062113735589201,0.0911718196862126,0.16956689485307141,snare,snare,True
ai_scholar_citation_trap,powerless,0.597787,0.0014112281963859865,0.0011653130604139417,0.05058022732645818,0.0006395557602279035,0.004453521874305921,snare,snare,True
ai_scholar_citation_trap,moderate,0.608571,0.0020214880692089785,0.0016010726316645614,0.05987310446768388,0.0008961302308698116,0.0051358352958270626,snare,snare,True
ai_scholar_citation_trap,institutional,-0.023239,9.7474797455078,20.59185905353447,3.1131598569306673,1.9715681610709084,0.9897167265135054,snare,rope,False
ai_scholar_citation_trap,analytical,0.753462,0.014132261773825254,0.006808520902948163,0.13754980826564625,0.004728123333976234,0.009168996150615172,snare,snare,True
ai_superpowers_2026,powerless,0.695606,0.00019454949063766819,0.00015882036270445935,0.018725651675068934,8.766186727291715e-05,0.000577941745441124,snare,snare,True
ai_superpowers_2026,moderate,0.708155,0.00027741691850259706,0.0002167364799962652,0.022102839492111115,0.00012213263535125157,0.0006635469338986955,snare,snare,True
ai_superpowers_2026,institutional,-0.027041,9.347571375891755,22.94588229601924,3.1195786981062943,1.9779864890253172,0.9986495615566725,snare,rope,False
ai_superpowers_2026,analytical,0.876756,0.0018472818071956915,0.0008657760170155224,0.04935085694096125,0.0006088458765853124,0.0011457801897728492,snare,snare,True
ai_task_horizon_reliability,powerless,0.521705,0.019319281474700356,0.021675621427001864,0.2022107998893885,0.01021359690993862,0.07643251681423105,tangled_rope,tangled_rope,True
ai_task_horizon_reliability,moderate,0.531116,0.02956913388122542,0.033893721082341115,0.2514615609770756,0.015787415123606485,0.09695422696370451,tangled_rope,tangled_rope,True
ai_task_horizon_reliability,institutional,-0.020281,2.7480628640593396,11.879746235990595,2.3625986370877747,1.2405537091537264,0.8036829691688989,tangled_rope,rope,False
ai_task_horizon_reliability,analytical,0.657567,0.417219434397108,0.5255485899743342,0.965156482406678,0.2283972041404845,0.43909431486421135,tangled_rope,snare,False
ai_training_data_dependency,powerless,0.521705,0.03071559845808582,0.0325822105480491,0.2515035307467793,0.015792678560329246,0.11821119043892442,tangled_rope,tangled_rope,True
ai_training_data_dependency,moderate,0.531116,0.04636586711102627,0.04953376877965207,0.3095407548314454,0.023906092231843853,0.14672618937803233,tangled_rope,tangled_rope,True
ai_training_data_dependency,institutional,-0.020281,3.5735005703414915,11.972075959819637,2.3938327662643646,1.2695398428081404,0.7967212917129285,tangled_rope,rope,False
ai_training_data_dependency,analytical,0.657567,0.5338434882190034,0.5159384342794681,1.023551430820891,0.256247463424917,0.4891524439414366,tangled_rope,snare,False
airbnb_str_regulation,powerless,0.652131,0.01676694691183005,0.01428621295213662,0.17579527348331617,0.007721021576317276,0.05201016071932141,snare,snare,True
airbnb_str_regulation,moderate,0.663895,0.024114496165808498,0.019796203564892215,0.2087835126533993,0.010887745838974339,0.060344509400564905,snare,snare,True
airbnb_str_regulation,institutional,-0.025351,8.270720623848133,19.69504473467698,2.8713869962955307,1.7306155933221277,0.8751619480352509,snare,rope,False
airbnb_str_regulation,analytical,0.821958,0.1718032468174404,0.08778079062372289,0.4881773324788546,0.05928405630802778,0.11115885138230797,snare,snare,True
airport_slot_use_it_or_lose_it,powerless,0.815164,0.003702008326426455,0.0030198741403759956,0.08166878882486649,0.0016672160814035246,0.01059596519771544,snare,snare,True
airport_slot_use_it_or_lose_it,moderate,0.829869,0.005258733717835583,0.004104928742261505,0.09621074028822102,0.0023136804059501605,0.012143357642238284,snare,snare,True
airport_slot_use_it_or_lose_it,institutional,-0.031689,9.503918999795099,20.622267577805836,3.0308817151183005,1.8893455934589305,0.9771068172237787,snare,rope,False
airport_slot_use_it_or_lose_it,analytical,1.027448,0.0333667535168768,0.01579338812885925,0.21035270899172162,0.011051871863277978,0.020673956975345242,snare,snare,True
algeria_france_colonial_legacy,powerless,0.815164,0.004139268514274773,0.0033794972095066134,0.08637703005449343,0.0018649579191621793,0.01185212961315274,snare,snare,True
algeria_france_colonial_legacy,moderate,0.829869,0.005880718101430774,0.004595010100793028,0.10176834804037814,0.0025886405512375874,0.01358555770630654,snare,snare,True
algeria_france_colonial_legacy,institutional,-0.031689,9.264023324875767,19.787666634383097,3.005911808297057,1.8644232052719072,0.9743479903108121,snare,rope,False
algeria_france_colonial_legacy,analytical,1.027448,0.03734901498404393,0.017707483023974107,0.22266008141902294,0.012381581535094768,0.023153631889377135,snare,snare,True
algorithmic_bias,powerless,0.815164,0.0008362518294110649,0.0006797118448445901,0.03877713242611926,0.0003759047238447243,0.0023684201384256425,snare,snare,True
algorithmic_bias,moderate,0.829869,0.0011916357402323736,0.0009278227776701219,0.04576316642549559,0.0005235440072001805,0.002711052206808326,snare,snare,True
algorithmic_bias,institutional,-0.031689,8.978734367834173,21.998611892563467,3.085943641766486,1.9443581685052507,0.9924922490586879,snare,rope,False
algorithmic_bias,analytical,1.027448,0.009893665032809234,0.00708682320293944,0.12526663787822648,0.0039216503589734695,0.005191269635958926,snare,snare,True
algorithmic_epistemic_capture,powerless,0.923852,0.011802296448234606,0.011826640956929813,0.15371591505391166,0.005904238343597672,0.07673468849156045,snare,piton,False
algorithmic_epistemic_capture,moderate,0.940518,0.019859321572530036,0.01985374140278995,0.19927949299568345,0.00991986790375755,0.0994460442444956,snare,piton,False
algorithmic_epistemic_capture,institutional,-0.035914,4.556751934693759,9.814555584869714,2.06900300797229,0.978090985661525,0.5494972234830809,snare,piton,False
algorithmic_epistemic_capture,analytical,1.164441,0.6317558345450471,0.4559993823951548,1.0313192536771751,0.2600647124384108,0.4510164269240788,snare,piton,False
alignment_tax_tradeoff,powerless,0.912984,0.009705150964132256,0.009827137944540473,0.13974192409937713,0.004879965540187117,0.06833605493566008,snare,snare,True
alignment_tax_tradeoff,moderate,0.929453,0.016476780428381535,0.016724182406320565,0.18218499045414027,0.008292106424079996,0.08946306448457841,snare,snare,True
alignment_tax_tradeoff,institutional,-0.035492,6.158001550701336,18.370950816542976,2.5984876938138584,1.4635453008323034,0.8096789134650173,snare,rope,False
alignment_tax_tradeoff,analytical,1.150742,0.6004643618805595,0.487760382491328,1.0377264347695565,0.26323307294357406,0.47735909962809325,snare,piton,False
alternative_sovereignty_scaffold,powerless,0.239115,0.039960237396504374,0.03639075733057454,0.2760781900407631,0.01902455387486102,0.1221458975595614,tangled_rope,tangled_rope,True
alternative_sovereignty_scaffold,moderate,0.243428,0.059941008254797444,0.05302982582559958,0.3356145785971842,0.028093269551003105,0.14616062801644125,tangled_rope,tangled_rope,True
alternative_sovereignty_scaffold,institutional,-0.009295,1.0249145841273903,0.723186111475959,1.3024281587526891,0.4093030646273879,0.565114689506796,tangled_rope,rope,False
alternative_sovereignty_scaffold,analytical,0.301385,0.6386126193046738,0.3180339087718398,0.9314598461032908,0.21301197322482684,0.31975483237656177,tangled_rope,tangled_rope,True
altruistic_misery_paradox_2026,powerless,0.673869,0.002672364504561927,0.00251694701144781,0.07198384800780817,0.0012952787570967858,0.028350256877282987,snare,snare,True
altruistic_misery_paradox_2026,moderate,0.686025,0.0035890269966524953,0.0033315785207311786,0.08309412275144984,0.0017259100213692946,0.03240000656012887,snare,snare,True
altruistic_misery_paradox_2026,institutional,-0.026196,6.6660493311669775,18.55590226704465,2.6946657196356094,1.5567834079690983,0.8151986186976383,snare,rope,False
altruistic_misery_paradox_2026,analytical,0.849357,0.006759047317917049,0.0033799848838886645,0.09590321276841954,0.0022989160018797882,0.014216265401329586,snare,snare,True
alzheimers_levetiracetam,powerless,0.38041,0.0017064587562563038,0.0011750396451598955,0.05272710768866898,0.000694996715870098,0.0023377356478054834,tangled_rope,tangled_rope,True
alzheimers_levetiracetam,moderate,0.387272,0.002424488204527945,0.0015599959859102387,0.06150582539153945,0.0009456671060195025,0.0025754476203525556,tangled_rope,tangled_rope,True
alzheimers_levetiracetam,institutional,-0.014788,2.064344145987918,5.204765061418472,2.3259154734946135,1.2067477512719684,0.8704311261589028,tangled_rope,rope,False
alzheimers_levetiracetam,analytical,0.479476,0.018400784356374638,0.009298639965603678,0.14390332048759444,0.005174808317415845,0.004390376770200254,tangled_rope,tangled_rope,True
alzheimers_nlrp3_inflammasome,powerless,0.923852,2.54926075025943e-05,2.0647504659194273e-05,0.0067644111974111,1.1439303807208195e-05,7.272929809787332e-05,snare,snare,True
alzheimers_nlrp3_inflammasome,moderate,0.940518,3.601742477094217e-05,2.7903210147144512e-05,0.007946341401550566,1.57860646508906e-05,8.308960729430659e-05,snare,snare,True
alzheimers_nlrp3_inflammasome,institutional,-0.035914,10.09033402935612,22.920283456027143,3.127780243624698,1.9861876998333283,0.9998037683619254,snare,rope,False
alzheimers_nlrp3_inflammasome,analytical,1.164441,0.0002148690564182931,0.00010311567475554074,0.01695183426150027,7.18407411121738e-05,0.0001390946170064522,snare,snare,True
amish_technological_renunciation,powerless,0.869508,0.003809707622774938,0.0031057255577083627,0.08283419353964237,0.0017151307093199245,0.010858282467468228,snare,snare,True
amish_technological_renunciation,moderate,0.885194,0.005400470793554106,0.0042133815241450654,0.09748525490471963,0.0023753733820904895,0.012432631711796982,snare,snare,True
amish_technological_renunciation,institutional,-0.033802,9.615983331939956,19.45298895729418,3.007981717055158,1.8664884249037992,0.9766084070678207,snare,rope,False
amish_technological_renunciation,analytical,1.095945,0.03338589025097507,0.015965967419033972,0.21106663044733548,0.011126947873745302,0.021054381187113336,snare,snare,True
ancestral_pueblo_hydrology,powerless,0.891246,0.00314700961517418,0.0025624867398184384,0.07526263404247749,0.00141594891325899,0.00897025810147778,snare,snare,True
ancestral_pueblo_hydrology,moderate,0.907324,0.004456321666354313,0.0034725751847224148,0.0885262956235562,0.00195890639447099,0.010264930554749196,snare,snare,True
ancestral_pueblo_hydrology,institutional,-0.034647,9.628092530041616,19.361851790880618,3.0163047318629124,1.8747940060478951,0.9806998368726406,snare,rope,False
ancestral_pueblo_hydrology,analytical,1.123343,0.02721251187505153,0.013060097745375575,0.19076284497957435,0.009090720629739622,0.017330971082145874,snare,snare,True
ancient_antibiotic_resistance,powerless,0.056775,8.768895190077952e-06,8.884789450634049e-06,0.004201560901341043,4.413276878705294e-06,0.0004383148015517646,mountain,mountain,True
ancient_antibiotic_resistance,moderate,0.049999,1.8038230141086417e-13,1.8057790547985105e-13,6.00500156867801e-07,9.022460811801667e-14,6.205358948907502e-08,mountain,mountain,True
ancient_antibiotic_resistance,institutional,-0.005969,0.00034648516845982985,0.0003176460982246195,0.02575250186579124,0.00016579554735579716,0.0024974769908280535,mountain,mountain,True
ancient_antibiotic_resistance,analytical,0.069001,7.639731101745503e-05,7.937432593592522e-05,0.012479141022020017,3.8932113851932106e-05,0.0013270931746701686,mountain,mountain,True
ancient_grudge_verona,powerless,0.869508,0.0005375301209975625,0.00047633184729434274,0.03174856857042341,0.00025198760991039764,0.0018362652682915887,snare,snare,True
ancient_grudge_verona,moderate,0.885194,0.0008255316763687848,0.0007302357025230103,0.03928714619735731,0.00038585755627374503,0.002519752173574464,snare,snare,True
ancient_grudge_verona,institutional,-0.033802,8.890609160728328,22.08035989417318,3.0853018730788246,1.943716651106864,0.9884905812857478,snare,rope,False
ancient_grudge_verona,analytical,1.095945,0.030229837535348577,0.04804819300014677,0.2716159716543456,0.018415478595853595,0.04177775563691912,snare,snare,True
anticipatory_capacity_failure,powerless,0.902115,0.008059057063426273,0.007945614602544039,0.1265067156096317,0.0039996534598838295,0.062342332871784256,piton,piton,True
anticipatory_capacity_failure,moderate,0.918388,0.01370916648728182,0.013429742313604151,0.16473155678378454,0.006780286958661029,0.0808727969492199,piton,piton,True
anticipatory_capacity_failure,institutional,-0.035069,3.7276888529644494,7.38043274618343,1.821613918403433,0.7737830951600236,0.44923652522031304,piton,piton,True
anticipatory_capacity_failure,analytical,1.137042,0.4576997181146249,0.31800701838167345,0.8691943541452711,0.1859205550219619,0.3619781235214832,piton,piton,True
antifragility,powerless,0.815164,0.0030229493952394918,0.0024626857033179313,0.07377378532221993,0.001360488578108724,0.008646453938926296,snare,snare,True
antifragility,moderate,0.829869,0.004293341709418713,0.0033463392971116736,0.08689759486371862,0.0018875010351883578,0.009906247411482449,snare,snare,True
antifragility,institutional,-0.031689,9.61173077200641,21.285143771431965,3.0513571761676808,1.9097951335073675,0.9812755572695665,snare,rope,False
antifragility,analytical,1.027448,0.027284253506959084,0.012966461383635022,0.19031238672259573,0.009047870895773667,0.01683822197730942,snare,snare,True
antikythera_knowledge_loss,powerless,0.056775,3.3783159010887304e-06,3.4235898848668047e-06,0.0026080030238537725,1.7004197020334626e-06,0.00016888104436152407,mountain,mountain,True
antikythera_knowledge_loss,moderate,0.049999,6.938275249965675e-14,6.96114106757894e-14,3.734220292014386e-07,3.475373805042205e-14,2.3902485990490163e-08,mountain,mountain,True
antikythera_knowledge_loss,institutional,-0.005969,0.00013332093771977081,0.00012209733962325657,0.01597022608674527,6.376169151642008e-05,0.0009605091906096192,mountain,mountain,True
antikythera_knowledge_loss,analytical,0.069001,2.944366102762567e-05,3.06079106470169e-05,0.0077482024204029686,1.5008641415257953e-05,0.0005116074211929389,mountain,mountain,True
antikythera_planetary_model,powerless,0.597787,0.006982372186420463,0.007000098647850221,0.11824700500114763,0.003494570404967298,0.05902328125786144,piton,snare,False
antikythera_planetary_model,moderate,0.608571,0.00983957128229633,0.009858844394932745,0.14035020966114936,0.004922524740792913,0.07006088009088346,piton,snare,False
antikythera_planetary_model,institutional,-0.023239,3.494714087778325,8.262084700101163,1.866426996187539,0.8094902084313806,0.4528226655763126,piton,piton,True
antikythera_planetary_model,analytical,0.753462,0.03728816284890908,0.03692682522619112,0.27238576301779116,0.018519848120334234,0.13549151815348887,piton,snare,False
apartheid_nuclear_program,powerless,0.923852,0.001357972508795373,0.001102684304644021,0.049403708857359036,0.0006101505860464472,0.0038786676071825843,snare,snare,True
apartheid_nuclear_program,moderate,0.940518,0.001919424850765145,0.001491337938100518,0.05805401911041457,0.000842508125410356,0.0044336103586906095,snare,snare,True
apartheid_nuclear_program,institutional,-0.035914,9.810470124765603,21.057817209581977,3.0735447278521084,1.9319652025563445,0.991657367592334,snare,rope,False
apartheid_nuclear_program,analytical,1.164441,0.01148152632126542,0.005536295004322106,0.12409063688219535,0.003848386733417179,0.007444022950708007,snare,snare,True
ape_cognition_framework,powerless,0.597787,0.01757098779442682,0.015148943666929959,0.18051322266262182,0.008140727266702223,0.05693926169333696,snare,snare,True
ape_cognition_framework,moderate,0.608571,0.02535908147722384,0.021112338324282193,0.21489296625733084,0.011533644245229508,0.06630634742632868,snare,snare,True
ape_cognition_framework,institutional,-0.023239,7.77517949676029,19.19669858635009,2.8626527334640426,1.7219635179146882,0.8794277918681316,snare,rope,False
ape_cognition_framework,analytical,0.753462,0.187062363921057,0.0984676225616916,0.5138759874965406,0.06565474242856231,0.12562493641450145,snare,snare,True
appropriations_brinkmanship,powerless,0.706475,0.001210468823332501,0.0009899771025126294,0.04673085599153589,0.0005459183880434007,0.0036524191583202636,snare,snare,True
appropriations_brinkmanship,moderate,0.71922,0.0017248859545640415,0.0013503232068840798,0.05514290332430912,0.0007601367912161588,0.004189583045130951,snare,snare,True
appropriations_brinkmanship,institutional,-0.027464,8.456899927051822,22.168567101468756,3.0781846258400876,1.9366025940881366,0.9911322413603009,snare,rope,False
appropriations_brinkmanship,analytical,0.890455,0.011434237816341127,0.005380089187119647,0.12290768744669252,0.003775386514814331,0.007070020290484112,snare,snare,True
arctic_geopolitical_flashpoint,powerless,0.815164,0.0015099450921303322,0.0012264580769115842,0.05209897528616863,0.0006785374352413118,0.004313508201155955,snare,snare,True
arctic_geopolitical_flashpoint,moderate,0.829869,0.00214336037672627,0.0016649123734523874,0.06134305049940027,0.0009406687137574411,0.004938805505976446,snare,snare,True
arctic_geopolitical_flashpoint,institutional,-0.031689,8.884266009262348,21.10361719146282,3.062458267500751,1.9208862606027612,0.9906480024039215,snare,rope,False
arctic_geopolitical_flashpoint,analytical,1.027448,0.013536018315309125,0.006355253196708499,0.13365811087551155,0.004464460710506549,0.008365077214304005,snare,snare,True
arctic_maritime_control,powerless,0.597787,0.0356851614322242,0.03303454278948256,0.26199615861362674,0.017135970594368864,0.11957032406074841,snare,snare,True
arctic_maritime_control,moderate,0.608571,0.05220262184909676,0.04724593716215123,0.3150561957462394,0.024763828275224106,0.14187781233722596,snare,snare,True
arctic_maritime_control,institutional,-0.023239,6.399378660219657,17.20284245872875,2.6265978288913376,1.4906774524974873,0.8071763472435554,snare,rope,False
arctic_maritime_control,analytical,0.753462,0.4285839432466854,0.26568728045201373,0.8148559395828161,0.16371395322370733,0.3054354654208995,snare,snare,True
arg_ev_tariff,powerless,0.597787,0.02843156124286774,0.025412418445336142,0.2317675736168452,0.013414030484065729,0.09368919017462074,snare,snare,True
arg_ev_tariff,moderate,0.608571,0.0413093883179008,0.03587162963774966,0.27729299664668433,0.019192078053328804,0.11011225787365331,snare,snare,True
arg_ev_tariff,institutional,-0.023239,7.088178168013891,17.872265502284232,2.7264821562198036,1.5878635261983594,0.8282176242499791,snare,rope,False
arg_ev_tariff,analytical,0.753462,0.3208054756732387,0.18293547271279123,0.6885767566091077,0.11736823520759057,0.22161622270521064,snare,snare,True
armra_colostrum_regulation,powerless,0.521705,0.011825454135758872,0.013628053429961333,0.15923404076953804,0.006335522203041227,0.04748307307135893,tangled_rope,tangled_rope,True
armra_colostrum_regulation,moderate,0.531116,0.018225627826875743,0.02161615463528565,0.19904862281991612,0.009896915362297637,0.06089930583702108,tangled_rope,tangled_rope,True
armra_colostrum_regulation,institutional,-0.020281,2.310438774042444,11.935769868455726,2.3273200923468704,1.2080373591456295,0.81644155656559,tangled_rope,rope,False
armra_colostrum_regulation,analytical,0.657567,0.29217073566911955,0.433904598389201,0.8389590446119869,0.17339790630699267,0.3382743686472527,tangled_rope,tangled_rope,True
arrows_impossibility_theorem,powerless,0.652131,0.0012905132358535633,0.0015590563520357912,0.05318488417781896,0.0007071163045339889,0.0047211809453303714,tangled_rope,tangled_rope,True
arrows_impossibility_theorem,moderate,0.663895,0.0020077780915876845,0.002529178391724195,0.06699216014008645,0.001121882479342113,0.006177239503762042,tangled_rope,tangled_rope,True
arrows_impossibility_theorem,institutional,-0.025351,2.1698990447568316,19.18113867296865,2.4336618383344844,1.3067598050471108,0.8741753714772319,tangled_rope,rope,False
arrows_impossibility_theorem,analytical,0.821958,0.039608703901610885,0.08061576216539386,0.330357704952707,0.027222074733036065,0.051395684129956536,tangled_rope,tangled_rope,True
art_market_decoupling,powerless,0.912984,0.009882044975221133,0.009801073809124553,0.1402953996986606,0.004918682351212643,0.0698190676020718,piton,piton,True
art_market_decoupling,moderate,0.929453,0.01669932468006015,0.01647966725307816,0.18214754145683942,0.008288700166438375,0.0904124865252236,piton,piton,True
art_market_decoupling,institutional,-0.035492,3.964606091433803,6.7968645037766295,1.8464244025961425,0.7934771940271509,0.4914422720642903,piton,piton,True
art_market_decoupling,analytical,1.150742,0.5370207988688729,0.37617212777040726,0.9434013059241694,0.2184064062837021,0.4012375846602395,piton,piton,True
artificial_scarcity_scaffold,powerless,0.521705,0.034544242764829466,0.03321598314413013,0.2602675506686494,0.0169109140166911,0.1266057732853516,snare,snare,True
artificial_scarcity_scaffold,moderate,0.531116,0.05101732680874364,0.04835164769358131,0.3151376700746198,0.024776611394432446,0.1520995545670898,snare,snare,True
artificial_scarcity_scaffold,institutional,-0.020281,5.404044532760501,12.795722670595275,2.5939739313213246,1.4591983121882368,0.831229502980362,snare,rope,False
artificial_scarcity_scaffold,analytical,0.657567,0.46250811982898815,0.3227597961409234,0.8747577113046171,0.1882699944744347,0.36594943697572835,snare,snare,True
artificial_snow_2026,powerless,0.521705,2.33109955605241e-05,2.2148573667021295e-05,0.006697689249125227,1.12147498384833e-05,8.786580810989987e-05,piton,piton,True
artificial_snow_2026,moderate,0.531116,3.4545728620658364e-05,3.285773360404055e-05,0.008144545852313693,1.658338386746765e-05,0.00010628486615397493,piton,piton,True
artificial_snow_2026,institutional,-0.020281,3.090929871583167,13.131472771042876,2.7097426935865467,1.571497958940251,0.9544755942263808,piton,rope,False
artificial_snow_2026,analytical,0.657567,0.00034572733503346976,0.0003085632277533608,0.02517658577825152,0.00015846302527405224,0.00031284421025730175,piton,piton,True
asce_7_22_seismic_design,powerless,0.38041,0.010936306029322818,0.011660470204030769,0.14989955683785117,0.005614840113967795,0.0479422597118534,tangled_rope,tangled_rope,True
asce_7_22_seismic_design,moderate,0.387272,0.016622536866964827,0.01806995749498268,0.1855510740625799,0.008601128241000483,0.06080476182132899,tangled_rope,tangled_rope,True
asce_7_22_seismic_design,institutional,-0.014788,2.397301956598274,5.3606475732978875,2.3145967648345467,1.1963701590889526,0.82774776991096,tangled_rope,rope,False
asce_7_22_seismic_design,analytical,0.479476,0.23861353506074662,0.31444932270748677,0.7334007303726993,0.13296906616993742,0.3035718425755899,tangled_rope,tangled_rope,True
asean_ceasefire_2011,powerless,0.163033,0.005334291147066901,0.005661749177778072,0.10482618235432069,0.0027465032897541868,0.040131581043097,rope,rope,True
asean_ceasefire_2011,moderate,0.165974,0.00830994919848881,0.008936061343357091,0.13125731257942388,0.004305574807725587,0.050778609891183546,rope,rope,True
asean_ceasefire_2011,institutional,-0.006338,0.0782370533114827,0.0552281252476661,0.36108521693182133,0.03250719000573827,0.10157072471804411,rope,rope,True
asean_ceasefire_2011,analytical,0.20549,0.16041648087090563,0.1961176948019662,0.594661058961357,0.08775606645695104,0.26217479955815415,rope,rope,True
asshole_filter_2015,powerless,0.815164,0.006554895612054739,0.0053779615495033,0.10883702036575765,0.002960643511206073,0.018808834600750057,snare,snare,True
asshole_filter_2015,moderate,0.829869,0.00932056092495775,0.0073237799607434595,0.12831121290091962,0.004114530284599081,0.021582976671062598,snare,snare,True
asshole_filter_2015,institutional,-0.031689,10.13313066125965,21.19649131338254,3.0186246451724035,1.8771094525805898,0.9589010261050095,snare,rope,False
asshole_filter_2015,analytical,1.027448,0.059655750068995976,0.028686105176295693,0.28243654861417056,0.01990948074398644,0.03700424049704341,snare,snare,True
astm_d638_tensile_testing,powerless,0.108689,0.0011290971871968736,0.0011542096613505186,0.047781733793864536,0.0005707463730691426,0.019589595794361814,rope,rope,True
astm_d638_tensile_testing,moderate,0.110649,0.0017443966348842607,0.0017921801482259007,0.059464940657753464,0.0008839546695273827,0.024482974106107558,rope,rope,True
astm_d638_tensile_testing,institutional,-0.004225,0.019181374169948247,0.01790705571826519,0.19227369841948977,0.009235177635752536,0.06759229269819628,rope,rope,True
astm_d638_tensile_testing,analytical,0.136993,0.030237116950028783,0.033147289966576954,0.2515547945181094,0.015799108744986745,0.10977074324754243,rope,rope,True
asymmetric_burden_distribution,powerless,0.967328,0.020640970569019063,0.01995659217795466,0.20146645987210965,0.010138606070462318,0.09755060060612308,piton,piton,True
asymmetric_burden_distribution,moderate,0.984778,0.03367053760979519,0.03209240414406922,0.25638629472050395,0.016410990407290653,0.12311477660063552,piton,piton,True
asymmetric_burden_distribution,institutional,-0.037604,3.4491622997411517,6.333289613991589,1.7358430334658983,0.7071724037048857,0.42788882693324115,piton,piton,True
asymmetric_burden_distribution,analytical,1.219238,0.7539292301099668,0.4121490402200555,1.0411243254694833,0.2649205698637662,0.39136746847872206,piton,piton,True
asymmetric_computational_difficulty,powerless,0.923852,0.008424999833380423,0.008883296095884473,0.1315262211759282,0.004323228290537768,0.056253280990933296,snare,snare,True
asymmetric_computational_difficulty,moderate,0.940518,0.01440169965914738,0.015389923196897026,0.1725308607451106,0.007437110683380431,0.0746507242707038,snare,snare,True
asymmetric_computational_difficulty,institutional,-0.035914,6.863734943934097,18.05819769859545,2.6967757188065615,1.5588411899016874,0.7925687709852355,snare,rope,False
asymmetric_computational_difficulty,analytical,1.164441,0.6383686441684279,0.6595523953256134,1.137682792367834,0.3149487405897583,0.5382213103865605,snare,piton,False
atrophied_optimization_piton,powerless,0.521705,0.010050631924555964,0.010304405121475874,0.14266248107376184,0.0050859888067034025,0.0689096421139141,piton,piton,True
atrophied_optimization_piton,moderate,0.531116,0.0145922994137819,0.015010941343950118,0.17204248315289605,0.007395092221056214,0.08338046570651836,piton,piton,True
atrophied_optimization_piton,institutional,-0.020281,2.5415281698188394,5.802883589570733,1.6793590605036837,0.6645971456883089,0.3418378918243818,piton,piton,True
atrophied_optimization_piton,analytical,0.657567,0.09823124499413985,0.1013411510272259,0.44666670504421635,0.049670814593336186,0.2201791959934482,piton,snare,False
attention_as_bottleneck_resource,powerless,0.94559,0.016154358023276735,0.015945183490972556,0.17916001067517046,0.008019212637967434,0.0889308708338572,piton,piton,True
attention_as_bottleneck_resource,moderate,0.962648,0.0267463188986036,0.02619827102919313,0.23008647505245539,0.013220355954598285,0.11376191637003474,piton,piton,True
attention_as_bottleneck_resource,institutional,-0.036759,4.011729779915284,8.007297248148184,1.906957187098608,0.8422999322298079,0.4907907647054135,piton,piton,True
attention_as_bottleneck_resource,analytical,1.19184,0.7090552654823906,0.4465523702258204,1.051797749213764,0.2702538710784081,0.4295130464082648,piton,piton,True
attention_market_cannibalization,powerless,0.989065,0.024762266564475388,0.023352944395630126,0.2192806485176571,0.01200896348963074,0.10160645208795849,piton,piton,True
attention_market_cannibalization,moderate,1.006908,0.039840471848085285,0.0367670897633187,0.2766118354889793,0.01909805460683007,0.12650110708521145,piton,piton,True
attention_market_cannibalization,institutional,-0.038449,2.945848255484357,5.4677412182691105,1.601146678634754,0.6074093871835592,0.36628038411633007,piton,piton,True
attention_market_cannibalization,analytical,1.246637,0.7665092776637754,0.36484222921332476,1.0071808901926367,0.24828888413511355,0.3450536259681938,piton,piton,True
attribution_ambiguity_triplet_sc,powerless,0.456492,0.0017010789960237136,0.001954778236897857,0.060268841233575614,0.0009080145900488203,0.007181849775668693,tangled_rope,tangled_rope,True
attribution_ambiguity_triplet_sc,moderate,0.464727,0.0026272105848207713,0.0031247079200895874,0.07549797056283065,0.0014248166824150051,0.009291726458475195,tangled_rope,tangled_rope,True
attribution_ambiguity_triplet_sc,institutional,-0.017746,2.208693811613141,8.889314373466686,2.4333114494175403,1.3064311489209184,0.8771581526609279,tangled_rope,rope,False
attribution_ambiguity_triplet_sc,analytical,0.575371,0.048352702095773775,0.0871917403870849,0.35549618424523505,0.031511288048782726,0.06742455831667968,tangled_rope,tangled_rope,True
attritional_warfare_doctrine_ru_ua_2026,powerless,0.815164,0.004360896863134261,0.00356201680608748,0.08866959103549599,0.0019652521579010523,0.012489199363599046,snare,snare,True
attritional_warfare_doctrine_ru_ua_2026,moderate,0.829869,0.006196045808556904,0.004843844528637317,0.10447516943346993,0.002728144800157553,0.014317192245809629,snare,snare,True
attritional_warfare_doctrine_ru_ua_2026,institutional,-0.031689,9.33531731438542,19.852467157182687,3.0054745332992927,1.8639869393725799,0.9729579868240436,snare,rope,False
attritional_warfare_doctrine_ru_ua_2026,analytical,1.027448,0.03937088274120856,0.018681750140719735,0.22866415762795386,0.013057591066540981,0.024413632827576914,snare,snare,True
au_social_media_ban_u16,powerless,0.521705,0.032451920539668444,0.030549002399694006,0.2509120677209802,0.015718583681594626,0.1177447286873522,snare,snare,True
au_social_media_ban_u16,moderate,0.531116,0.04771770598783853,0.04409073838283454,0.30281767332266496,0.02288087436090061,0.14056190188600037,snare,snare,True
au_social_media_ban_u16,institutional,-0.020281,5.808582912016025,13.103440221721655,2.6452371626628333,1.5087241111807925,0.8470939660980806,snare,rope,False
au_social_media_ban_u16,analytical,0.657567,0.4154825566234527,0.27364118376054125,0.8160660594103595,0.1641937982769509,0.321192119046552,snare,snare,True
australia_social_ban_2026,powerless,0.782557,0.0007729944229705687,0.00062779311814079,0.03727548755505969,0.0003473554380012495,0.002221731938375386,snare,snare,True
australia_social_ban_2026,moderate,0.796674,0.0010984715514450077,0.0008531013675703045,0.043912664180340275,0.0004820611523627743,0.002544884920216519,snare,snare,True
australia_social_ban_2026,institutional,-0.030421,8.86409685474372,22.24947750397073,3.092575475618753,1.950987729080594,0.9950298318986531,snare,rope,False
australia_social_ban_2026,analytical,0.98635,0.007069178371108697,0.003332624424020499,0.0966209769630471,0.0023334494072524466,0.0043230318986518385,snare,snare,True
authoritarian_power_paradox,powerless,0.869508,0.00037582079773887346,0.00036471205794273666,0.027168786354271033,0.00018453290022189085,0.0026986643920559883,snare,snare,True
authoritarian_power_paradox,moderate,0.885194,0.0006268127634391813,0.0006191808908155303,0.03522394167398566,0.00031017349913135887,0.003703653356951636,snare,snare,True
authoritarian_power_paradox,institutional,-0.033802,8.7092158133196,22.396912285101983,3.084685532028076,1.9431005568436264,0.9854924968607933,snare,rope,False
authoritarian_power_paradox,analytical,1.095945,0.040482023860015266,0.06745577044031584,0.3197453163658351,0.025504873517823396,0.060379777940977736,snare,snare,True
automatic_enrollment_defaults,powerless,0.054344,4.648937677223302e-06,4.650402660722397e-06,0.0030494693142564208,2.3248153242356423e-06,0.0002753194568079313,rope,rope,True
automatic_enrollment_defaults,moderate,0.055325,6.966339398319142e-06,6.9717134842131015e-06,0.00373334655738892,3.484468117545692e-06,0.0003315659447256994,rope,rope,True
automatic_enrollment_defaults,institutional,-0.002113,0.0015151310443303808,0.0017272031011396991,0.05684944999108897,0.0008079105919182423,0.007816484003236014,rope,rope,True
automatic_enrollment_defaults,analytical,0.068497,8.590436498259627e-05,8.768944628077498e-05,0.013174083635313043,4.338896302308405e-05,0.0010315119580509187,rope,rope,True
autonomous_toolchain_sprawl,powerless,0.912984,0.009730133238282743,0.009840466277515947,0.1398894663497357,0.004890271502160079,0.06917435288285234,snare,snare,True
autonomous_toolchain_sprawl,moderate,0.929453,0.016532789750120458,0.016739473331109075,0.18239802512268527,0.008311496755810397,0.09040533309988841,snare,snare,True
autonomous_toolchain_sprawl,institutional,-0.035492,5.302820678205682,14.056462864047546,2.333422152709683,1.2136443057524162,0.6235938247887416,snare,rope,False
autonomous_toolchain_sprawl,analytical,1.150742,0.5930196420231784,0.4694161252777147,1.0243858508919477,0.25665625256471736,0.4666108774291912,snare,piton,False
availability_heuristic,powerless,0.434754,0.01951506394251666,0.02118244280489396,0.20156823546400915,0.010148843501327899,0.08458847677116005,tangled_rope,tangled_rope,True
availability_heuristic,moderate,0.442597,0.02968798189069908,0.032704956729403094,0.24950227118147766,0.015542672784502994,0.106216888191706,tangled_rope,tangled_rope,True
availability_heuristic,institutional,-0.016901,2.8968993682073236,7.729391905392539,2.3746466665253636,1.2517130555164417,0.8162425291325632,tangled_rope,rope,False
availability_heuristic,analytical,0.547972,0.3915217631980374,0.44725611252597586,0.913320473813582,0.20493964203164336,0.4308494008741128,tangled_rope,snare,False
average_is_over_2026,powerless,0.739082,0.004944246750508498,0.004059963213948022,0.09454558048396246,0.0022343005650349666,0.01446411693981331,snare,snare,True
average_is_over_2026,moderate,0.752415,0.007048385906309087,0.00554337898281372,0.1116073916900159,0.0031132444436086,0.016618239770604837,snare,snare,True
average_is_over_2026,institutional,-0.028731,8.840321407299525,20.405614444594367,3.0012061112637873,1.8597287122560147,0.9681376224069561,snare,rope,False
average_is_over_2026,analytical,0.931553,0.0464876851795286,0.02207694824971249,0.24853050548682137,0.015421992362574634,0.028749679324579613,snare,snare,True
awareness_without_leverage,powerless,0.793426,0.010010868418303868,0.008280355898218437,0.13478878946175532,0.004540285551037818,0.028942559063107387,snare,snare,True
awareness_without_leverage,moderate,0.807739,0.014264365985564234,0.011312710563135866,0.1591236521463463,0.00632674570879331,0.033282001979537235,snare,snare,True
awareness_without_leverage,institutional,-0.030844,9.478359101508598,19.560397728486258,2.93502838042681,1.7938027747403686,0.9359362658110927,snare,rope,False
awareness_without_leverage,analytical,1.000049,0.0927992778968582,0.04495490062088428,0.3532053203298945,0.03110752359313679,0.05776619064826072,snare,snare,True
axiom_of_choice,powerless,0.271721,0.002585639033663228,0.0029424500107184497,0.07419111142009716,0.0013759224609366674,0.01579524111348618,mountain,mountain,True
axiom_of_choice,moderate,0.276623,0.004076700632523392,0.004796654755951867,0.09387583062433584,0.0022027634278263693,0.020285816666258172,mountain,mountain,True
axiom_of_choice,institutional,-0.010563,0.05983764207859115,0.029676892430837914,0.2854040461209591,0.02032933357643159,0.03984594388188345,mountain,mountain,True
axiom_of_choice,analytical,0.342483,0.12410795681266859,0.29061943259121775,0.5890541667083965,0.08612093792772241,0.16541363231707873,mountain,mountain,True
axiom_reasoner_2026,powerless,0.521705,0.0002432318527219563,0.00020422490220880666,0.021020469710694458,0.00011046401984129856,0.00043223473576851055,tangled_rope,tangled_rope,True
axiom_reasoner_2026,moderate,0.531116,0.00035500799415988653,0.0002900656509306389,0.02516423372589927,0.0001583075762685265,0.0004917462607550279,tangled_rope,tangled_rope,True
axiom_reasoner_2026,institutional,-0.020281,2.543173469644812,12.26990787628697,2.5604930219327846,1.4270419209853944,0.9206810793236464,tangled_rope,rope,False
axiom_reasoner_2026,analytical,0.657567,0.0035073204017454476,0.0034173262435912093,0.07723733060093295,0.0014912159623152142,0.0019079737079219052,tangled_rope,tangled_rope,True
banach_fixed_point,powerless,0.011355,7.950957331292272e-08,7.966334050212426e-08,0.0003989646633197678,3.979320042423294e-08,2.719126140845584e-05,mountain,mountain,True
banach_fixed_point,moderate,0.01,0.0,0.0,2.9802322387695312e-08,0.0,0.0,mountain,mountain,True
banach_fixed_point,institutional,-0.001194,4.762064656335711e-06,4.6908049315597594e-06,0.0030744862917602366,2.3631160241424565e-06,0.00020688386987246284,mountain,mountain,True
banach_fixed_point,analytical,0.0138,6.411347740649027e-07,6.446557137906288e-07,0.0011339238299451107,3.214458043634071e-07,7.748908824447686e-05,mountain,mountain,True
banach_fixed_point_theorem,powerless,0.11355,5.290286783264208e-05,5.480679724195374e-05,0.010377110430287358,2.6921044825059424e-05,0.0009964894399600022,mountain,mountain,True
banach_fixed_point_theorem,moderate,0.099998,1.0413345231777297e-12,1.0414130120727033e-12,1.4431834236149208e-06,5.206832091733537e-13,1.3490838801644145e-07,mountain,mountain,True
banach_fixed_point_theorem,institutional,-0.011938,0.0014068952544549083,0.0011458943701563844,0.05032604666231657,0.000633144334364695,0.00408054207437436,mountain,mountain,True
banach_fixed_point_theorem,analytical,0.138002,0.0005008868284548713,0.0005561456969575482,0.0324786688220875,0.00026371018665446744,0.0032946141974042886,mountain,mountain,True
banach_tarski_paradox,powerless,0.056775,5.430332981163111e-06,5.502726272040034e-06,0.003306463326985125,2.733174310659558e-06,0.0002714514880134411,mountain,mountain,True
banach_tarski_paradox,moderate,0.049999,1.1187485062745484e-13,1.1165267498114455e-13,4.730972011800879e-07,5.5867290238593475e-14,3.842371298912184e-08,mountain,mountain,True
banach_tarski_paradox,institutional,-0.005969,0.00021440252808467588,0.00019643037209999187,0.02025445186319985,0.0001025598285145119,0.0015449480478560169,mountain,mountain,True
banach_tarski_paradox,analytical,0.069001,4.7321445381907986e-05,4.9182310022742576e-05,0.009822262476495817,2.4119161561327556e-05,0.0008221611345593516,mountain,mountain,True
bangladesh_july_national_charter,powerless,0.597787,0.019898324568253228,0.017272823557863227,0.1924358253019439,0.009250746546452634,0.06468336039614131,snare,snare,True
bangladesh_july_national_charter,moderate,0.608571,0.028753754876857975,0.02412929409696554,0.2292993469580361,0.013130155674955386,0.07545249287674749,snare,snare,True
bangladesh_july_national_charter,institutional,-0.023239,7.626874751024628,18.83382993147488,2.8298974420165868,1.6895650239489812,0.8636709935465046,snare,rope,False
bangladesh_july_national_charter,analytical,0.753462,0.21409126605259216,0.11436716907192923,0.5520912067869999,0.07571851764394141,0.14450936939571535,snare,snare,True
base_pair_complementarity,powerless,0.2271,0.0013871854138914647,0.001537288894822896,0.054024741995372445,0.0007296238200241335,0.00895573442909292,mountain,mountain,True
base_pair_complementarity,moderate,0.199995,3.890855427767063e-11,3.890778092530208e-11,8.821386742668803e-06,1.9454065658116724e-11,1.349714129128543e-06,mountain,mountain,True
base_pair_complementarity,institutional,-0.023875,0.019559764411804084,0.011639863408150078,0.17222110825858192,0.007410446778688421,0.019183421775159193,mountain,mountain,True
base_pair_complementarity,analytical,0.276005,0.015900043779509734,0.02149567602565732,0.19172226696598677,0.009182322044442333,0.03785824973076868,mountain,mountain,True
basel_problem_convergence,powerless,0.021738,1.510888951646707e-07,1.514961114389434e-07,0.0005500768974137013,7.564614768463563e-08,3.69001929744206e-05,mountain,mountain,True
basel_problem_convergence,moderate,0.02213,2.277783356833527e-07,2.285322131287402e-07,0.0006755069271754912,1.1407740096394138e-07,4.533640979808781e-05,mountain,mountain,True
basel_problem_convergence,institutional,-0.000845,1.746504057004328e-05,1.6966304911361903e-05,0.005867342815138813,8.60642175470668e-06,0.000383352324601835,mountain,mountain,True
basel_problem_convergence,analytical,0.027399,2.8892906360959586e-06,2.9233981976577613e-06,0.0024109205868659083,1.4531343429593118e-06,0.0001628934958240449,mountain,mountain,True
bay_of_pigs_operational_silo,powerless,0.978197,0.011234626594999256,0.012490756053877686,0.15386463243107534,0.005915662720435406,0.053255117751594805,snare,snare,True
bay_of_pigs_operational_silo,moderate,0.995843,0.019019035012912376,0.02171952351166083,0.20149834538743322,0.0101418128250385,0.07141063816309007,snare,snare,True
bay_of_pigs_operational_silo,institutional,-0.038027,7.388326079751339,19.513852824740653,2.860650188230294,1.719980557458191,0.8853890662309607,snare,rope,False
bay_of_pigs_operational_silo,analytical,1.232938,0.8938162936522813,1.084009320929167,1.396738024801572,0.4682162388165053,0.6322255490031184,snare,piton,False
bayes_theorem_cognitive_bias,powerless,0.521705,0.00329178974162278,0.0038576804260463575,0.08431877130838766,0.0017771505476853829,0.01305386262827864,tangled_rope,tangled_rope,True
bayes_theorem_cognitive_bias,moderate,0.531116,0.005099394237883978,0.006191998304305184,0.10582529367301177,0.0027990950403735133,0.016934371763092464,tangled_rope,tangled_rope,True
bayes_theorem_cognitive_bias,institutional,-0.020281,2.0639242513226472,11.860087488696813,2.3602306379464837,1.2383636055634877,0.836199243750821,tangled_rope,rope,False
bayes_theorem_cognitive_bias,analytical,0.657567,0.09449296507550473,0.17143687668187327,0.49789895385434585,0.061656418829725286,0.12334553330592234,tangled_rope,tangled_rope,True
bedouin_sedentary_transition,powerless,0.815164,0.006554895612054739,0.0053779615495033,0.10883702036575765,0.002960643511206073,0.018808834600750057,snare,snare,True
bedouin_sedentary_transition,moderate,0.829869,0.00932056092495775,0.0073237799607434595,0.12831121290091962,0.004114530284599081,0.021582976671062598,snare,snare,True
bedouin_sedentary_transition,institutional,-0.031689,10.13313066125965,21.19649131338254,3.0186246451724035,1.8771094525805898,0.9589010261050095,snare,rope,False
bedouin_sedentary_transition,analytical,1.027448,0.059655750068995976,0.028686105176295693,0.28243654861417056,0.01990948074398644,0.03700424049704341,snare,snare,True
beehiiv_platform_model,powerless,0.521705,0.00911193471620298,0.010574795474046073,0.14000183764017757,0.004898128024069229,0.036572898936740955,tangled_rope,tangled_rope,True
beehiiv_platform_model,moderate,0.531116,0.01407137234015664,0.016845918653824427,0.17527274697758374,0.0076752198449834145,0.0470835855008674,tangled_rope,tangled_rope,True
beehiiv_platform_model,institutional,-0.020281,2.1686281701725005,11.699077844663487,2.3119539717321516,1.1939508005151034,0.7948001259326546,tangled_rope,rope,False
beehiiv_platform_model,analytical,0.657567,0.23626883717086433,0.3732678656220756,0.7647447477857808,0.1444358779408157,0.2836916556743534,tangled_rope,tangled_rope,True
belief_argument_conclusion,powerless,0.76082,0.00010885921928080206,0.00010054701790849097,0.014449131786605363,5.219412532612318e-05,0.005515500638995974,snare,snare,True
belief_argument_conclusion,moderate,0.774544,8.680248516162352e-05,7.270275210731437e-05,0.012576950616535,3.954479138610631e-05,0.003368514395960087,snare,snare,True
belief_argument_conclusion,institutional,-0.029576,5.246099872976325,11.039815967079418,2.240218743381934,1.128832003672691,0.6465858257391571,snare,piton,False
belief_argument_conclusion,analytical,0.958951,0.050352519168795296,0.051600958986433326,0.3191398316998916,0.025408575391784444,0.15699129437898202,snare,piton,False
berkshire_compounding_culture,powerless,0.108689,3.544336600932302e-05,3.677134311606809e-05,0.008496842694847288,1.8049056797999507e-05,0.0006487050967831642,rope,rope,True
berkshire_compounding_culture,moderate,0.110649,5.5082114741267295e-05,5.765368516769565e-05,0.010615633297362403,2.8172851433145275e-05,0.0008160706002787732,rope,rope,True
berkshire_compounding_culture,institutional,-0.004225,0.0003501663366125888,0.0003036448421704093,0.02551879986867459,0.00016280007798144669,0.001639572760373742,rope,rope,True
berkshire_compounding_culture,analytical,0.136993,0.00104923731952289,0.0012608447158174883,0.04791121413738563,0.0005738436665501873,0.004125671985668711,rope,rope,True
bgs_eigenvector_thermalization,powerless,0.456492,0.0006787832176980914,0.0007484949749822465,0.037605471195291784,0.00035353245003123297,0.0025581308185098463,tangled_rope,tangled_rope,True
bgs_eigenvector_thermalization,moderate,0.464727,0.0010399406728487464,0.0011847019655262738,0.04687176141323761,0.0005492153661941393,0.003314257525377314,tangled_rope,tangled_rope,True
bgs_eigenvector_thermalization,institutional,-0.017746,2.120876122154956,8.822352966245658,2.413606310326308,1.2879827771734582,0.8730166299668269,tangled_rope,rope,False
bgs_eigenvector_thermalization,analytical,0.575371,0.018345650610784525,0.032917275905123104,0.21750571217362463,0.011815531445457961,0.02500816723152261,tangled_rope,tangled_rope,True
bgs_spectral_universality,powerless,0.09084,3.453599957107771e-05,3.5420101929368384e-05,0.00836347542225821,1.7486904802063732e-05,0.0009008202174651814,mountain,mountain,True
bgs_spectral_universality,moderate,0.079998,1.080924369598571e-12,1.0810429233532317e-12,1.4706170310348995e-06,5.405037635541683e-13,1.5536920983105773e-07,mountain,mountain,True
bgs_spectral_universality,institutional,-0.00955,0.001065750882398891,0.0009138776837506947,0.04439452527337716,0.0004926982379370343,0.004207746519537023,mountain,mountain,True
bgs_spectral_universality,analytical,0.110402,0.00031619998535554035,0.00034062585644245417,0.025615313414629644,0.00016403382802527718,0.0028666986061458566,mountain,mountain,True
bh_merger_gravitational_infall,powerless,0.056775,3.010026733265022e-06,3.0504029007103197e-06,0.002461753010252365,1.5150567795191886e-06,0.00015047113353561237,mountain,mountain,True
bh_merger_gravitational_infall,moderate,0.049999,6.198827449871778e-14,6.174745628838656e-14,3.513641989991549e-07,3.096466504460728e-14,2.1296464147724237e-08,mountain,mountain,True
bh_merger_gravitational_infall,institutional,-0.005969,0.00011877653873516396,0.0001087696493943697,0.01507368227230614,5.6803705420999966e-05,0.000855698308329652,mountain,mountain,True
bh_merger_gravitational_infall,analytical,0.069001,2.62344744784963e-05,2.727285049358132e-05,0.007313836882895639,1.3373037584035424e-05,0.0004558533261855846,mountain,mountain,True
big_data_astrophysics_arbitrage,powerless,0.815164,0.04786336006483033,0.04519896795904845,0.3049638003402337,0.023205715076285587,0.14613065669831,snare,snare,True
big_data_astrophysics_arbitrage,moderate,0.829869,0.06993987625484817,0.06474864692832515,0.36678511365058747,0.03353867157698753,0.1737995326392821,snare,snare,True
big_data_astrophysics_arbitrage,institutional,-0.031689,8.507989441143692,21.88853020277764,2.8620734903750096,1.7213899110489614,0.956756804912572,snare,rope,False
big_data_astrophysics_arbitrage,analytical,1.027448,0.569616234210255,0.38759574358028115,0.9584740875548607,0.22530603624059664,0.37463502813736915,snare,snare,True
biological_curiosity,powerless,0.163033,0.00013431789270932186,0.0001401787739792565,0.016565015254730635,6.8599540435611e-05,0.0021037557292475917,mountain,mountain,True
biological_curiosity,moderate,0.165974,0.00020624196854002988,0.00021739886477279856,0.020576997063444295,0.00010585226829861073,0.002632620924805984,mountain,mountain,True
biological_curiosity,institutional,-0.006338,0.006022619356697343,0.004300396016216057,0.10052597786552361,0.0025258362232806046,0.00994359814521717,mountain,mountain,True
biological_curiosity,analytical,0.20549,0.0033834134799478766,0.004131844618340832,0.08634394538003494,0.0018635297587563406,0.012355204576542489,mountain,mountain,True
biological_specification,powerless,0.170325,0.00046294459315954895,0.000493837912380669,0.03091979645346751,0.00023900369279882412,0.004702605727344489,mountain,mountain,True
biological_specification,moderate,0.149996,1.551470305287785e-11,1.5514420030411572e-11,5.570404049138952e-06,7.757280942870634e-12,8.061232282807751e-07,mountain,mountain,True
biological_specification,institutional,-0.017906,0.008866401160063963,0.006265529834449389,0.12162838375054084,0.003697226248068023,0.014023192760668324,mountain,mountain,True
biological_specification,analytical,0.207004,0.004779219921215924,0.005785836050079186,0.10243456344690126,0.002622636561409377,0.017305832893287798,mountain,mountain,True
bip_narrative_illusion,powerless,0.923852,0.002403748248410814,0.0019558222632041233,0.065764266318634,0.0010811372622483995,0.006871873833265263,snare,snare,True
bip_narrative_illusion,moderate,0.940518,0.003398705782558797,0.002646816438316372,0.07729841374492376,0.0014935752575868744,0.00785850255203091,snare,snare,True
bip_narrative_illusion,institutional,-0.035914,9.771911816427107,19.62031470008425,3.0337600620145064,1.8922196451282833,0.9852082546669176,snare,rope,False
bip_narrative_illusion,analytical,1.164441,0.02037391839167187,0.009861539295469379,0.16548639738807533,0.006842531679897175,0.013225749422921762,snare,snare,True
birthday_paradox_collision,powerless,0.056775,8.141142288925153e-06,8.248916256969056e-06,0.004048398082118552,4.097380358665822e-06,0.00040693937375035905,mountain,mountain,True
birthday_paradox_collision,moderate,0.049999,1.6744931385686738e-13,1.6766207077304002e-13,5.801892976144508e-07,8.376384308654838e-14,5.7609911063849495e-08,mountain,mountain,True
birthday_paradox_collision,institutional,-0.005969,0.00032163112245488977,0.00029482436413063424,0.024810896794411893,0.0001538931763026789,0.00231821712062361,mountain,mountain,True
birthday_paradox_collision,analytical,0.069001,7.093102007489941e-05,7.369980125855495e-05,0.012024602401533286,3.614765683992603e-05,0.0012321743003588237,mountain,mountain,True
blackstone_carried_interest_taxation,powerless,0.326066,0.010415466945388798,0.008946200920403505,0.13800557521752907,0.004759495765580313,0.023254823793288658,tangled_rope,tangled_rope,True
blackstone_carried_interest_taxation,moderate,0.331948,0.015293960680293164,0.01292996901296427,0.16602629738282512,0.006887226397819087,0.029544932560499428,tangled_rope,tangled_rope,True
blackstone_carried_interest_taxation,institutional,-0.012676,2.0295100558314787,3.31649718668827,2.141048862081568,1.0406717362951876,0.8190517956064771,tangled_rope,rope,False
blackstone_carried_interest_taxation,analytical,0.410979,0.16537179436570051,0.1692053708412506,0.5465278109383728,0.07420964368506841,0.162937949589449,tangled_rope,tangled_rope,True
blackstone_conflicts_of_interest,powerless,0.815164,0.003702008326426455,0.0030198741403759956,0.08166878882486649,0.0016672160814035246,0.01059596519771544,snare,snare,True
blackstone_conflicts_of_interest,moderate,0.829869,0.005258733717835583,0.004104928742261505,0.09621074028822102,0.0023136804059501605,0.012143357642238284,snare,snare,True
blackstone_conflicts_of_interest,institutional,-0.031689,9.503918999795099,20.622267577805836,3.0308817151183005,1.8893455934589305,0.9771068172237787,snare,rope,False
blackstone_conflicts_of_interest,analytical,1.027448,0.0333667535168768,0.01579338812885925,0.21035270899172162,0.011051871863277978,0.020673956975345242,snare,snare,True
blackstone_smd_control,powerless,0.869508,0.002282520114544134,0.0018551932295389228,0.06406639114396973,0.00102603787707208,0.006496839923576636,snare,snare,True
blackstone_smd_control,moderate,0.885194,0.003233998868093248,0.0025145264526673975,0.07537012859707222,0.0014199960069752903,0.0074339924602288,snare,snare,True
blackstone_smd_control,institutional,-0.033802,9.889717793630245,21.204107267415054,3.0629810473196626,1.921408633949511,0.986062807442485,snare,rope,False
blackstone_smd_control,analytical,1.095945,0.01992830957653977,0.00947671354425567,0.1627990442402787,0.006622224483078019,0.012544706911642445,snare,snare,True
blackstone_tra,powerless,0.923852,0.0015826578577966416,0.0012856876694706467,0.05334050001662215,0.0007112600739329277,0.004521296238139683,snare,snare,True
blackstone_tra,moderate,0.940518,0.0022371650757360855,0.0017390734665601493,0.06268344598751527,0.000982223192820104,0.005168665482323642,snare,snare,True
blackstone_tra,institutional,-0.035914,10.51782888503636,21.85730781688546,3.08796151300142,1.9463752866475792,0.9903014657581009,snare,rope,False
blackstone_tra,analytical,1.164441,0.01338830413301822,0.006460970627155894,0.13403116713939994,0.004489407869842582,0.008682571900850977,snare,snare,True
bnpl_payment_systems,powerless,0.521705,0.03009085702735852,0.03205237121576255,0.2491864001423746,0.015503394393808989,0.1160269079276352,tangled_rope,tangled_rope,True
bnpl_payment_systems,moderate,0.531116,0.04546791449132861,0.048826096887877084,0.3069165368201922,0.02350326172824352,0.14423785510977316,tangled_rope,tangled_rope,True
bnpl_payment_systems,institutional,-0.020281,3.5366474553646463,11.983517968973365,2.4007618883255772,1.275994653312855,0.7987680008304695,tangled_rope,rope,False
bnpl_payment_systems,analytical,0.657567,0.5303052409188627,0.5213201807506843,1.0245151937275063,0.2567196458322423,0.48996406043744123,tangled_rope,snare,False
board_of_peace_2026,powerless,0.521705,0.010853986072940552,0.010956059688812123,0.14767775248750392,0.0054497029065256235,0.0730472082585098,piton,piton,True
board_of_peace_2026,moderate,0.531116,0.01571973108812033,0.015868289860799495,0.1777226907114178,0.00789114405214646,0.08800261521644809,piton,piton,True
board_of_peace_2026,institutional,-0.020281,3.3315106076897663,9.066516017185208,2.0370934332206048,0.9507924948652235,0.5497718499178266,piton,rope,False
board_of_peace_2026,analytical,0.657567,0.10387570661198134,0.1016033225172257,0.4530274801019115,0.051089469327628645,0.2231783510417057,piton,snare,False
boe_base_rate_policy_2024,powerless,0.521705,0.03009085702735852,0.03205237121576255,0.2491864001423746,0.015503394393808989,0.1160269079276352,tangled_rope,tangled_rope,True
boe_base_rate_policy_2024,moderate,0.531116,0.04546791449132861,0.048826096887877084,0.3069165368201922,0.02350326172824352,0.14423785510977316,tangled_rope,tangled_rope,True
boe_base_rate_policy_2024,institutional,-0.020281,3.5366474553646463,11.983517968973365,2.4007618883255772,1.275994653312855,0.7987680008304695,tangled_rope,rope,False
boe_base_rate_policy_2024,analytical,0.657567,0.5303052409188627,0.5213201807506843,1.0245151937275063,0.2567196458322423,0.48996406043744123,tangled_rope,snare,False
boiled_pineapple_trend_2026,powerless,0.597787,0.004748002173728144,0.004944744908878522,0.09842925398496148,0.002421590677047267,0.039925029401087386,piton,piton,True
boiled_pineapple_trend_2026,moderate,0.608571,0.006755349887700282,0.00708120447687248,0.11759102762808085,0.003455916705764885,0.047982332008905976,piton,piton,True
boiled_pineapple_trend_2026,institutional,-0.023239,2.1744264791274053,12.245430363510234,1.8652834186772183,0.80857149632569,0.5628211215347451,piton,rope,False
boiled_pineapple_trend_2026,analytical,0.753462,0.02825698495894234,0.02980784287584945,0.24030118084462693,0.01441880583022793,0.10026430149591775,piton,piton,True
boltzmann_universality_2026,powerless,0.163033,0.009416449634023704,0.009586793326454124,0.13784660058790657,0.004748541079267777,0.0672421775931088,rope,rope,True
boltzmann_universality_2026,moderate,0.165974,0.014508847680874844,0.01480660938082287,0.17120804970931192,0.007323575139014297,0.08371758028053378,rope,rope,True
boltzmann_universality_2026,institutional,-0.006338,0.16949145731980816,0.13473325066771188,0.5483094742877049,0.07469123534238076,0.23052468872089885,rope,rope,True
boltzmann_universality_2026,analytical,0.20549,0.2320368124034522,0.22428556485537465,0.675145522288498,0.11287731910257133,0.32702513597857397,rope,tangled_rope,False
bonbon_drop_sticker_craze,powerless,0.815164,0.004139268514274773,0.0033794972095066134,0.08637703005449343,0.0018649579191621793,0.01185212961315274,snare,snare,True
bonbon_drop_sticker_craze,moderate,0.829869,0.005880718101430774,0.004595010100793028,0.10176834804037814,0.0025886405512375874,0.01358555770630654,snare,snare,True
bonbon_drop_sticker_craze,institutional,-0.031689,9.264023324875767,19.787666634383097,3.005911808297057,1.8644232052719072,0.9743479903108121,snare,rope,False
bonbon_drop_sticker_craze,analytical,1.027448,0.03734901498404393,0.017707483023974107,0.22266008141902294,0.012381581535094768,0.023153631889377135,snare,snare,True
boom_bust_path_dependency,powerless,0.239115,0.0028764490187183182,0.003543892812228916,0.07980050597120793,0.0015918189861802551,0.009906468121024248,rope,rope,True
boom_bust_path_dependency,moderate,0.243428,0.004672781309061269,0.006044758290412006,0.10288398457813117,0.002645695056285639,0.013343817780591016,rope,rope,True
boom_bust_path_dependency,institutional,-0.009295,0.02042194047474602,0.008534484132021508,0.15839894548429978,0.006269278421026476,0.010402920636843449,rope,rope,True
boom_bust_path_dependency,analytical,0.301385,0.197216058705716,0.4606529919137763,0.7567509888069545,0.1414680553827372,0.20535453289409467,rope,rope,True
bor_tax_exemption_nl,powerless,0.815164,0.00204531992837782,0.0016630404497716695,0.060652338473156,0.0009196060589812387,0.005845644890100088,snare,snare,True
bor_tax_exemption_nl,moderate,0.829869,0.0029038222232503105,0.0022582966679853852,0.07142324232573068,0.0012751843551073764,0.006694557822779612,snare,snare,True
bor_tax_exemption_nl,institutional,-0.031689,8.972530500616315,20.70269703344843,3.0481906513790453,1.9066319454580896,0.9873629360712687,snare,rope,False
bor_tax_exemption_nl,analytical,1.027448,0.018359268861381093,0.00863661964652079,0.15575014784808613,0.0060614628840570525,0.011352937670539536,snare,snare,True
boundary_dissolution_risk,powerless,0.94559,0.015789300698362888,0.015418921421077578,0.1766488348749953,0.007796132470648231,0.08647743208988312,piton,piton,True
boundary_dissolution_risk,moderate,0.962648,0.02606377288681623,0.025183176803466392,0.22635205350818072,0.01279514672703029,0.11013112852566542,piton,piton,True
boundary_dissolution_risk,institutional,-0.036759,3.597709591873534,6.4353238143143034,1.7648148329458426,0.7294123796708544,0.4450380057550192,piton,piton,True
boundary_dissolution_risk,analytical,1.19184,0.6615923899822523,0.39714933072040426,1.002436827239107,0.24600445594080497,0.3935222638617306,piton,piton,True
boundary_protocol,powerless,0.0,0.0,0.0,2.9802322387695312e-08,0.0,0.0,rope,rope,True
boundary_protocol,moderate,0.0,0.0,0.0,2.9802322387695312e-08,0.0,0.0,rope,rope,True
boundary_protocol,institutional,-0.0,0.0,0.0,2.9802322387695312e-08,0.0,0.0,rope,rope,True
boundary_protocol,analytical,0.0,0.0,0.0,2.9802322387695312e-08,0.0,0.0,rope,rope,True
brain_network_paradigm_2026,powerless,0.543443,0.03726997533279029,0.03672170632708377,0.2720050067251089,0.01846818789303532,0.1351222679155702,tangled_rope,snare,False
brain_network_paradigm_2026,moderate,0.553246,0.05530005216281432,0.053958596464639116,0.3305173785717785,0.027248335954036623,0.16349697668701163,tangled_rope,snare,False
brain_network_paradigm_2026,institutional,-0.021126,5.0973068386930125,13.783558761086836,2.5528549891019297,1.4197282208176873,0.8224643911599134,tangled_rope,rope,False
brain_network_paradigm_2026,analytical,0.684965,0.5223112086776426,0.38843883341686664,0.9456579732529646,0.2194329740444004,0.416407744489762,tangled_rope,snare,False
brazil_2026_general_elections,powerless,0.56518,0.0064488466182093356,0.006202785092907802,0.11241126674177222,0.0031582416648896832,0.03368340425947951,piton,piton,True
brazil_2026_general_elections,moderate,0.575376,0.009707111145909535,0.009224815456381628,0.13746605442307946,0.0047223694608575,0.04073895178554543,piton,piton,True
brazil_2026_general_elections,institutional,-0.021971,3.495193408554575,16.1097604474473,2.7548079576142657,1.6156217960347106,0.9614171233863664,piton,rope,False
brazil_2026_general_elections,analytical,0.712364,0.11185744235320329,0.08003542126608665,0.4312101066195448,0.04630574236656879,0.10948493778453398,piton,piton,True
brazil_hiv_vtn_elimination,powerless,0.111436,2.4734265780385328e-05,2.545869024015129e-05,0.007083881853377414,1.254533241247077e-05,0.0009273489645554855,rope,rope,True
brazil_hiv_vtn_elimination,moderate,0.100861,9.796185730236596e-08,9.817894458824408e-08,0.00044287756792060155,4.9035134788630355e-08,5.4245083294879315e-05,rope,rope,True
brazil_hiv_vtn_elimination,institutional,-0.004225,0.003094454198771659,0.0035794991688469415,0.08151513970171599,0.001660949553102754,0.0134036352844772,rope,rope,True
brazil_hiv_vtn_elimination,analytical,0.136993,0.0005400302622430848,0.0005971078647767098,0.03367714933601832,0.00028353089744916093,0.00487981926464609,rope,rope,True
brazil_mexico_financial_requirement,powerless,0.815164,0.00204531992837782,0.0016630404497716695,0.060652338473156,0.0009196060589812387,0.005845644890100088,snare,snare,True
brazil_mexico_financial_requirement,moderate,0.829869,0.0029038222232503105,0.0022582966679853852,0.07142324232573068,0.0012751843551073764,0.006694557822779612,snare,snare,True
brazil_mexico_financial_requirement,institutional,-0.031689,8.972530500616315,20.70269703344843,3.0481906513790453,1.9066319454580896,0.9873629360712687,snare,rope,False
brazil_mexico_financial_requirement,analytical,1.027448,0.018359268861381093,0.00863661964652079,0.15575014784808613,0.0060614628840570525,0.011352937670539536,snare,snare,True
broke_vs_poor_grocery_math,powerless,0.869508,0.021522324168896323,0.01825215826611469,0.19892728600933776,0.009884862987934171,0.06245196437526368,snare,snare,True
broke_vs_poor_grocery_math,moderate,0.885194,0.030714345040556385,0.025075240776999876,0.23528650027156092,0.013823979682657892,0.07214705318975467,snare,snare,True
broke_vs_poor_grocery_math,institutional,-0.033802,9.873714706008974,18.46807247731414,2.815918621915778,1.6757633177073876,0.8555780364939923,snare,rope,False
broke_vs_poor_grocery_math,analytical,1.095945,0.19860454501314484,0.10255054240914159,0.5264824484706816,0.06889670467790797,0.12847809046200043,snare,snare,True
brouwer_fixed_point,powerless,0.056775,4.315039697043086e-06,4.37272925815775e-06,0.002947453416406634,2.1718700175829424e-06,0.0002157037870914591,mountain,mountain,True
brouwer_fixed_point,moderate,0.049999,8.894683541411806e-14,8.867601634243823e-14,4.214684851089411e-07,4.439150791021235e-14,3.053098240890506e-08,mountain,mountain,True
brouwer_fixed_point,institutional,-0.005969,0.0001703234565888212,0.00015601264192465506,0.01805173368361732,8.146571918482396e-05,0.001227204450182139,mountain,mountain,True
brouwer_fixed_point,analytical,0.069001,3.760524907330905e-05,3.9088490656230234e-05,0.008756267640060012,1.91680251282209e-05,0.0006533885408513962,mountain,mountain,True
buffons_needle_pi_estimation,powerless,0.521705,0.0010274419899378802,0.0011736436381862233,0.04676113010107174,0.0005466259202758701,0.0037261199641662997,tangled_rope,tangled_rope,True
buffons_needle_pi_estimation,moderate,0.531116,0.0015840436099883188,0.001872751886762555,0.0585107090482711,0.0008558147264632678,0.004847734830568465,tangled_rope,tangled_rope,True
buffons_needle_pi_estimation,institutional,-0.020281,2.1049559177468673,11.981642699752083,2.407135521477954,1.2819396742705262,0.8682697994597923,tangled_rope,rope,False
buffons_needle_pi_estimation,analytical,0.657567,0.029177194132582768,0.054754546580607466,0.27742773149073147,0.019210703271168143,0.03834689606439513,tangled_rope,tangled_rope,True
burali_forti_paradox,powerless,0.217377,0.0005302579043827715,0.000570139674205048,0.033153576578560585,0.000274783617587653,0.0051137652771100495,mountain,mountain,True
burali_forti_paradox,moderate,0.221298,0.000821640791332324,0.0008988795134226271,0.04144309585942597,0.0004293671847089736,0.0064667860221413465,mountain,mountain,True
burali_forti_paradox,institutional,-0.00845,0.017564938992123972,0.010588777494522538,0.1637924159469877,0.006703241076753914,0.01781241192026195,mountain,mountain,True
burali_forti_paradox,analytical,0.273986,0.0158684568824579,0.023135020406762956,0.1941567827427018,0.009416815078339417,0.03626498678047052,mountain,mountain,True
burden_of_proof_engineering_safety,powerless,0.978197,0.0011038364571092424,0.0008981152048924048,0.0445650660394516,0.0004964907344943795,0.0031930614698070852,snare,snare,True
burden_of_proof_engineering_safety,moderate,0.995843,0.0015567183795969779,0.0012129214711804064,0.05232094230208203,0.0006843312215148056,0.003648230195063456,snare,snare,True
burden_of_proof_engineering_safety,institutional,-0.038027,9.721521738931365,20.188326114026903,3.0669454666336358,1.9253701430551906,0.9930649370400391,snare,rope,False
burden_of_proof_engineering_safety,analytical,1.232938,0.009025565277582866,0.004456337838139379,0.11080387238004312,0.0030685895255876763,0.0061165997765442424,snare,snare,True
burden_of_proof_legal_criminal,powerless,0.108689,0.00024854564351004454,0.0002573654684492672,0.02248985741085979,0.00012644708916231308,0.004659601837716076,rope,rope,True
burden_of_proof_legal_criminal,moderate,0.110649,0.00038576669952183657,0.00040276628306851046,0.02807584170869964,0.0001970599857747809,0.005864723534897975,rope,rope,True
burden_of_proof_legal_criminal,institutional,-0.004225,0.006108964173188597,0.006093430082412027,0.11021695125036227,0.0030361755777504234,0.013514427516244883,rope,rope,True
burden_of_proof_legal_criminal,analytical,0.136993,0.007209769498089599,0.008515816000401088,0.12506773931567022,0.003909210696162846,0.029323536536573935,rope,rope,True
burden_of_proof_scientific,powerless,0.521705,0.03009085702735852,0.03205237121576255,0.2491864001423746,0.015503394393808989,0.1160269079276352,tangled_rope,tangled_rope,True
burden_of_proof_scientific,moderate,0.531116,0.04546791449132861,0.048826096887877084,0.3069165368201922,0.02350326172824352,0.14423785510977316,tangled_rope,tangled_rope,True
burden_of_proof_scientific,institutional,-0.020281,3.5366474553646463,11.983517968973365,2.4007618883255772,1.275994653312855,0.7987680008304695,tangled_rope,rope,False
burden_of_proof_scientific,analytical,0.657567,0.5303052409188627,0.5213201807506843,1.0245151937275063,0.2567196458322423,0.48996406043744123,tangled_rope,snare,False
bureaucratic_legibility_collapse,powerless,0.934721,0.013750425985851009,0.013539094172367858,0.16519142617065602,0.006818174335994007,0.08169980368848428,piton,piton,True
bureaucratic_legibility_collapse,moderate,0.951583,0.022876411393757942,0.022347419086442055,0.21264745038531851,0.01129408879920528,0.10471405170931469,piton,piton,True
bureaucratic_legibility_collapse,institutional,-0.036337,3.818015264998857,6.890544819163772,1.8243667092098876,0.7759589572823732,0.47160573819302387,piton,piton,True
bureaucratic_legibility_collapse,analytical,1.17814,0.6320311947980967,0.40447681749664327,0.9978126691847838,0.24378726385404448,0.4065232504642249,piton,piton,True
bureaucratic_self_preservation,powerless,0.782557,3.7451579078140885e-05,3.4629149737818495e-05,0.008476817676176194,1.796408258650072e-05,0.0033809565789284513,snare,snare,True
bureaucratic_self_preservation,moderate,0.796674,0.00015135903311801202,0.0001465190991598326,0.017245347624757545,7.435004300916898e-05,0.008078646907580256,snare,snare,True
bureaucratic_self_preservation,institutional,-0.030421,4.212352116680162,7.350479029876541,1.9153143221903108,0.8491247116021511,0.5223593997637032,snare,piton,False
bureaucratic_self_preservation,analytical,0.98635,0.08833344168604715,0.08429289034369378,0.4153527387842253,0.042974684455915534,0.203392967250272,snare,piton,False
bushman_money_magic,powerless,0.978197,0.0011038364571092424,0.0008981152048924048,0.0445650660394516,0.0004964907344943795,0.0031930614698070852,snare,snare,True
bushman_money_magic,moderate,0.995843,0.0015567183795969779,0.0012129214711804064,0.05232094230208203,0.0006843312215148056,0.003648230195063456,snare,snare,True
bushman_money_magic,institutional,-0.038027,9.721521738931365,20.188326114026903,3.0669454666336358,1.9253701430551906,0.9930649370400391,snare,rope,False
bushman_money_magic,analytical,1.232938,0.009025565277582866,0.004456337838139379,0.11080387238004312,0.0030685895255876763,0.0061165997765442424,snare,snare,True
busy_beaver_noncomputability,powerless,0.056775,5.430332981163111e-06,5.502726272040034e-06,0.003306463326985125,2.733174310659558e-06,0.0002714514880134411,mountain,mountain,True
busy_beaver_noncomputability,moderate,0.049999,1.1187485062745484e-13,1.1165267498114455e-13,4.730972011800879e-07,5.5867290238593475e-14,3.842371298912184e-08,mountain,mountain,True
busy_beaver_noncomputability,institutional,-0.005969,0.00021440252808467588,0.00019643037209999187,0.02025445186319985,0.0001025598285145119,0.0015449480478560169,mountain,mountain,True
busy_beaver_noncomputability,analytical,0.069001,4.7321445381907986e-05,4.9182310022742576e-05,0.009822262476495817,2.4119161561327556e-05,0.0008221611345593516,mountain,mountain,True
bwb_adeg_rewesale_conditions,powerless,0.521705,0.030052565369248573,0.032018986871017056,0.24904146137793715,0.015485387905651295,0.11587816079117669,tangled_rope,tangled_rope,True
bwb_adeg_rewesale_conditions,moderate,0.531116,0.04541269710307489,0.04878113710990903,0.3067514121564514,0.023478028058829477,0.14406768282519156,tangled_rope,tangled_rope,True
bwb_adeg_rewesale_conditions,institutional,-0.020281,3.6018824769892483,12.099967844977868,2.4265863755820463,1.3001273333319148,0.8097849579996876,tangled_rope,rope,False
bwb_adeg_rewesale_conditions,analytical,0.657567,0.5300908608600488,0.5216739130813914,1.0245766607398257,0.25674977448459896,0.4900022453221548,tangled_rope,snare,False
c_physical_blue_wavelength,powerless,0.02271,3.6997046640148644e-07,3.715387383753982e-07,0.0008611078424804886,1.8537667635302543e-07,5.789619280609226e-05,mountain,mountain,True
c_physical_blue_wavelength,moderate,0.02,0.0,0.0,2.9802322387695312e-08,0.0,0.0,mountain,mountain,True
c_physical_blue_wavelength,institutional,-0.002388,1.9696357724531223e-05,1.9087162260646616e-05,0.006227064879193615,9.694076421013998e-06,0.000407716043649615,mountain,mountain,True
c_physical_blue_wavelength,analytical,0.0276,3.0494215440657117e-06,3.086528225045205e-06,0.0024770509592139567,1.533945167449772e-06,0.0001675357516825477,mountain,mountain,True
canada_germany_ai_pact,powerless,0.2496,0.6804689188978351,1.0925054406911385,1.0218851563332454,0.25543205039387495,0.26288003733693005,tangled_rope,tangled_rope,True
canada_germany_ai_pact,moderate,0.531116,0.04636586711102627,0.04953376877965207,0.3095407548314454,0.023906092231843853,0.14672618937803233,tangled_rope,tangled_rope,True
canada_germany_ai_pact,institutional,-0.020281,3.5735005703414915,11.972075959819637,2.3938327662643646,1.2695398428081404,0.7967212917129285,tangled_rope,rope,False
canada_germany_ai_pact,analytical,0.657567,0.5338434882190034,0.5159384342794681,1.023551430820891,0.256247463424917,0.4891524439414366,tangled_rope,snare,False
canada_goose_realignment_2026,powerless,0.278589,0.0002825560591706838,0.000395293883340859,0.025752593806638288,0.0001657967311783477,0.0006951332912950026,rope,rope,True
canada_goose_realignment_2026,moderate,0.252154,1.0052946989906774e-06,1.0293276634352908e-06,0.0014263242519973283,5.086001965903694e-07,3.0156497194289145e-05,rope,rope,True
canada_goose_realignment_2026,institutional,-0.010563,0.000780542216196814,0.00028633108230524445,0.029379316705818732,0.00021578218225086227,0.0003888491542745065,rope,rope,True
canada_goose_realignment_2026,analytical,0.342483,0.014900043358037332,0.04792016558990356,0.2198221870188248,0.012068291936282616,0.01629821980392332,rope,rope,True
canal_panama_influence,powerless,0.652131,0.024367572729535675,0.021217277987389666,0.21312179565849396,0.011344483917984555,0.07635091496049395,snare,snare,True
canal_panama_influence,moderate,0.663895,0.03518345703502053,0.029619750900762173,0.25385607184568565,0.01608910829035379,0.08905832592082985,snare,snare,True
canal_panama_influence,institutional,-0.025351,7.811047792008782,18.869229786212216,2.769189083829762,1.6297446433361016,0.8232933530930758,snare,rope,False
canal_panama_influence,analytical,0.821958,0.25797887106504025,0.13799550749929654,0.6062113735589201,0.0911718196862126,0.16956689485307141,snare,snare,True
cancer_chronotherapy_timing,powerless,0.055718,7.170389892784319e-06,7.119407194779506e-06,0.0037801662476838523,3.5724131513909606e-06,0.0006233837805962976,rope,rope,True
cancer_chronotherapy_timing,moderate,0.050431,4.8606617503994364e-08,4.8578090559549736e-08,0.000311744610635734,2.429617537455256e-08,5.168474955404359e-05,rope,rope,True
cancer_chronotherapy_timing,institutional,-0.002113,0.0026648707218832647,0.0030270427463828433,0.07532994492137737,0.001418482444374372,0.013832098280134202,rope,rope,True
cancer_chronotherapy_timing,analytical,0.068497,4.584730358099943e-05,4.503697869163883e-05,0.009533009833480661,2.2719526106479325e-05,0.0015562135418626874,rope,rope,True
cancer_prevention,powerless,0.597787,0.03200463678914902,0.029051135515933666,0.2468761714798375,0.015217623753082145,0.10624353685747223,snare,snare,True
cancer_prevention,moderate,0.608571,0.0466386401267342,0.041241545642238156,0.29602249139417613,0.021867363792168935,0.12538285212331213,snare,snare,True
cancer_prevention,institutional,-0.023239,6.783787424111803,17.650913499029386,2.6794166339117957,1.5419265059841774,0.8255272370283135,snare,rope,False
cancer_prevention,analytical,0.753462,0.37088271971096337,0.21923889176156394,0.7479650954007206,0.13824038991989088,0.25962792530213485,snare,snare,True
cantor_set_topology,powerless,0.054344,1.738560864815927e-06,1.7533113376751083e-06,0.001868642678968927,8.729563018241024e-07,0.0001363613124562013,mountain,mountain,True
cantor_set_topology,moderate,0.055325,2.6342219977761725e-06,2.6617308110510828e-06,0.0023012704362092447,1.3239612588491597e-06,0.0001681826218055127,mountain,mountain,True
cantor_set_topology,institutional,-0.002113,0.00015318512941952874,0.0001410172590251763,0.01714126913046493,7.34553272058422e-05,0.0011683021729888285,mountain,mountain,True
cantor_set_topology,analytical,0.068497,3.551449714856209e-05,3.687484471994571e-05,0.008507065403603523,1.8092513166835765e-05,0.0006349639436640242,mountain,mountain,True
cantors_diagonal_argument,powerless,0.108689,2.2278052588959394e-05,2.2784149073558613e-05,0.00671252041529314,1.1264472007454275e-05,0.000656432098093962,mountain,mountain,True
cantors_diagonal_argument,moderate,0.110649,3.396308708099635e-05,3.491564289516071e-05,0.00829872454443307,1.7217182563409995e-05,0.0008147552319299756,mountain,mountain,True
cantors_diagonal_argument,institutional,-0.004225,0.0013667698525961591,0.0011235720040711048,0.04972397499428856,0.0006180865837654919,0.004168454715504533,mountain,mountain,True
cantors_diagonal_argument,analytical,0.136993,0.0005015576326601262,0.0005555149042635993,0.03248068846126599,0.00026374298382869784,0.0033794589681912512,mountain,mountain,True
cap_theorem,powerless,0.056775,4.315039697043086e-06,4.37272925815775e-06,0.002947453416406634,2.1718700175829424e-06,0.0002157037870914591,mountain,mountain,True
cap_theorem,moderate,0.049999,8.894683541411806e-14,8.867601634243823e-14,4.214684851089411e-07,4.439150791021235e-14,3.053098240890506e-08,mountain,mountain,True
cap_theorem,institutional,-0.005969,0.0001703234565888212,0.00015601264192465506,0.01805173368361732,8.146571918482396e-05,0.001227204450182139,mountain,mountain,True
cap_theorem,analytical,0.069001,3.760524907330905e-05,3.9088490656230234e-05,0.008756267640060012,1.91680251282209e-05,0.0006533885408513962,mountain,mountain,True
capability_eval_overhang,powerless,0.902115,0.007302922736316192,0.0070790187775358684,0.11991212885149909,0.0035936529503366073,0.055928440593643436,piton,piton,True
capability_eval_overhang,moderate,0.918388,0.01235788291386114,0.011845118062468407,0.15554418278180443,0.006045450119710467,0.0720253922437003,piton,piton,True
capability_eval_overhang,institutional,-0.035069,3.222296742428342,9.897694424402848,1.8502627104818883,0.7965406316648915,0.4492318574684235,piton,piton,True
capability_eval_overhang,analytical,1.137042,0.38054366739203244,0.24213833531732776,0.7735798679276246,0.14775055537925788,0.29049644999011615,piton,piton,True
capital_misallocation_spiral,powerless,0.94559,0.015711398793965325,0.015317616582033539,0.17613955284712302,0.00775127348485599,0.08597870885235326,piton,piton,True
capital_misallocation_spiral,moderate,0.962648,0.025923201663027445,0.024995011218137714,0.22562170269285062,0.012712797371324094,0.10942236529125504,piton,piton,True
capital_misallocation_spiral,institutional,-0.036759,3.5709142850824804,6.7504143412069535,1.7724973940767053,0.7353547546785378,0.4380062642047846,piton,piton,True
capital_misallocation_spiral,analytical,1.19184,0.6538168144451666,0.3897146886793591,0.9945445870807834,0.24222594473140557,0.38786695518380065,piton,piton,True
capital_rotation_ai_narrative,powerless,0.521705,0.03009085702735852,0.03205237121576255,0.2491864001423746,0.015503394393808989,0.1160269079276352,tangled_rope,tangled_rope,True
capital_rotation_ai_narrative,moderate,0.531116,0.04546791449132861,0.048826096887877084,0.3069165368201922,0.02350326172824352,0.14423785510977316,tangled_rope,tangled_rope,True
capital_rotation_ai_narrative,institutional,-0.020281,3.5366474553646463,11.983517968973365,2.4007618883255772,1.275994653312855,0.7987680008304695,tangled_rope,rope,False
capital_rotation_ai_narrative,analytical,0.657567,0.5303052409188627,0.5213201807506843,1.0245151937275063,0.2567196458322423,0.48996406043744123,tangled_rope,snare,False
car_ownership_norm_us,powerless,0.597787,0.0356851614322242,0.03303454278948256,0.26199615861362674,0.017135970594368864,0.11957032406074841,snare,snare,True
car_ownership_norm_us,moderate,0.608571,0.05220262184909676,0.04724593716215123,0.3150561957462394,0.024763828275224106,0.14187781233722596,snare,snare,True
car_ownership_norm_us,institutional,-0.023239,6.399378660219657,17.20284245872875,2.6265978288913376,1.4906774524974873,0.8071763472435554,snare,rope,False
car_ownership_norm_us,analytical,0.753462,0.4285839432466854,0.26568728045201373,0.8148559395828161,0.16371395322370733,0.3054354654208995,snare,snare,True
carbon_credit_markets_2026,powerless,0.597787,0.03583069090378959,0.03805307480069406,0.2717197994424374,0.018429538603885645,0.12852272237837203,tangled_rope,tangled_rope,True
carbon_credit_markets_2026,moderate,0.608571,0.05399693121215583,0.057709029021173024,0.33407864558255695,0.027837318239343684,0.1593285883303277,tangled_rope,tangled_rope,True
carbon_credit_markets_2026,institutional,-0.023239,3.872668058405033,16.241813323887065,2.403479745386424,1.2785288450332377,0.7889384461346736,tangled_rope,rope,False
carbon_credit_markets_2026,analytical,0.753462,0.5985753083772701,0.5622362191173002,1.0758662598480608,0.2824609982822338,0.5106436850290147,tangled_rope,snare,False
carrier_deployment_deterrence,powerless,0.597787,0.02843156124286774,0.025412418445336142,0.2317675736168452,0.013414030484065729,0.09368919017462074,snare,snare,True
carrier_deployment_deterrence,moderate,0.608571,0.0413093883179008,0.03587162963774966,0.27729299664668433,0.019192078053328804,0.11011225787365331,snare,snare,True
carrier_deployment_deterrence,institutional,-0.023239,7.088178168013891,17.872265502284232,2.7264821562198036,1.5878635261983594,0.8282176242499791,snare,rope,False
carrier_deployment_deterrence,analytical,0.753462,0.3208054756732387,0.18293547271279123,0.6885767566091077,0.11736823520759057,0.22161622270521064,snare,snare,True
carrying_capacity,powerless,0.76082,0.03893835795470035,0.03515100982276598,0.2719247391700027,0.018457306522783677,0.11818106328328382,snare,snare,True
carrying_capacity,moderate,0.774544,0.056420499586285144,0.04952709278673463,0.3249735641486438,0.02634391684707187,0.13889966360986494,snare,snare,True
carrying_capacity,institutional,-0.029576,7.914219562372358,18.330577521773467,2.6658129219095965,1.5286951093967316,0.7912990343107191,snare,rope,False
carrying_capacity,analytical,0.958951,0.416843165730441,0.24149045554728654,0.7882877326779908,0.15334865339131168,0.2757182077323497,snare,snare,True
cartel_drone_surveillance_el_paso,powerless,0.815164,0.004376161976686414,0.003574593780430118,0.0888253533990342,0.0019721616478965832,0.01253308512507434,snare,snare,True
cartel_drone_surveillance_el_paso,moderate,0.829869,0.006217766314570535,0.004860993530650194,0.10465909301211139,0.0027377566001586164,0.014367597571199875,snare,snare,True
cartel_drone_surveillance_el_paso,institutional,-0.031689,9.410932899123969,20.048042554713692,3.01018718632263,1.8686890552597482,0.9728664367170788,snare,rope,False
cartel_drone_surveillance_el_paso,analytical,1.027448,0.03951022090186476,0.018748951956382334,0.22907234852162356,0.01310420015356164,0.024500490047870915,snare,snare,True
cascading_constraint_failure,powerless,0.967328,0.0010267991609590717,0.000834784262113353,0.04297302238492198,0.0004616524018853857,0.002960274562184395,snare,snare,True
cascading_constraint_failure,moderate,0.984778,0.0014486765768344538,0.0011276044899453295,0.05045916224086318,0.0006364979998383423,0.003382319986157123,snare,snare,True
cascading_constraint_failure,institutional,-0.037604,9.45952524379806,19.961941692959623,3.064213783335442,1.9226404326833053,0.9935652302782001,snare,rope,False
cascading_constraint_failure,analytical,1.219238,0.008452167695975692,0.004149117449830162,0.10704135488709195,0.0028637792169840907,0.005669966506884315,snare,snare,True
cascading_uncertainty_2026,powerless,0.815164,0.0006864008756794354,0.0006839723045234149,0.03701379427818498,0.000342495466008611,0.018162881479152737,snare,snare,True
cascading_uncertainty_2026,moderate,0.829869,0.0014472611687537038,0.0014451285836736202,0.05377400013651679,0.0007228672237211736,0.026527318829455915,snare,snare,True
cascading_uncertainty_2026,institutional,-0.031689,4.6926023817109295,9.955374701224079,2.091950837069136,0.9978839514667479,0.5633715784387339,snare,piton,False
cascading_uncertainty_2026,analytical,1.027448,0.16759401279766004,0.15750890378280788,0.5698886266441596,0.08064538421226,0.2775637506364038,snare,piton,False
castration_longevity_choice,powerless,0.869508,0.05026093183293667,0.050294259922051505,0.31710208842699295,0.025085815992095577,0.15788666015853164,tangled_rope,snare,False
castration_longevity_choice,moderate,0.885194,0.07404804471372152,0.07347013062202418,0.3840727978376552,0.0367647856250596,0.19077016474363712,tangled_rope,snare,False
castration_longevity_choice,institutional,-0.033802,6.2551480109776305,18.545130969172977,2.529650202879417,1.397561132442287,0.7952217288903008,tangled_rope,rope,False
castration_longevity_choice,analytical,1.095945,0.6166660792397596,0.4692967488683037,1.0336612310878504,0.26122075478131723,0.4632907156790536,tangled_rope,snare,False
cb_far_beyond_human,powerless,0.706475,0.020615086716800745,0.017613377138600554,0.1950667197936464,0.009505217639203754,0.06221472559328722,snare,snare,True
cb_far_beyond_human,moderate,0.71922,0.029620171049035852,0.024387966012995733,0.23157272487582756,0.013391510605637048,0.07217565807169246,snare,snare,True
cb_far_beyond_human,institutional,-0.027464,8.43055169919147,18.548941725229017,2.8048768822938013,1.664872642399786,0.8516687890808908,snare,rope,False
cb_far_beyond_human,analytical,0.890455,0.20754350653709513,0.10653743657208758,0.5372502358999492,0.07172658078679633,0.13232898682823457,snare,snare,True
cbdc_implementation,powerless,0.869508,0.00606204133710313,0.0049641647297607155,0.1046132966967485,0.0027353617169573984,0.017312819773862564,snare,snare,True
cbdc_implementation,moderate,0.885194,0.008599715197828293,0.006744058688739715,0.1231853169756731,0.0037924564126943167,0.019842563252982504,snare,snare,True
cbdc_implementation,institutional,-0.033802,9.850070022713307,19.08135241495202,2.9728827045156208,1.8314900630504576,0.962456845472311,snare,rope,False
cbdc_implementation,analytical,1.095945,0.05342528910931598,0.025768261270453646,0.26767239294453227,0.017885406419034813,0.03378537687159444,snare,snare,True
central_limit_theorem,powerless,0.09084,2.4686744239440384e-05,2.5323134762061375e-05,0.007071336860955308,1.2500938227503581e-05,0.0006439748506130716,mountain,mountain,True
central_limit_theorem,moderate,0.079998,7.724279698427953e-13,7.726491276868527e-13,1.243153429902467e-06,3.8629329161940766e-13,1.1104089137070616e-07,mountain,mountain,True
central_limit_theorem,institutional,-0.00955,0.0007610519839066335,0.0006520679017617783,0.03750739099292982,0.00035169078709003344,0.003003623694015179,mountain,mountain,True
central_limit_theorem,analytical,0.110402,0.00022610550615442124,0.00024370707887931518,0.021663743504919602,0.00011732829848276087,0.0020504978508227856,mountain,mountain,True
cfius_hiefo_emcore_divestment,powerless,0.706475,0.009299352699347188,0.007729676761724822,0.1300774799434868,0.004228546805766937,0.027713771952632693,snare,snare,True
cfius_hiefo_emcore_divestment,moderate,0.71922,0.013297187904917178,0.010605875668538524,0.15386583603930964,0.005915755225852796,0.03194364916920678,snare,snare,True
cfius_hiefo_emcore_divestment,institutional,-0.027464,9.29770144127866,21.11808970594182,2.992090538208238,1.850637075067175,0.9374050372065564,snare,rope,False
cfius_hiefo_emcore_divestment,analytical,0.890455,0.09006513170562593,0.0437329190085298,0.3482100429173547,0.030236064890404646,0.056371935145510754,snare,snare,True
cg_israelgaza_20231012,powerless,0.706475,0.010449531172934864,0.008708097310793972,0.1379801066877179,0.004757739922079843,0.031178088079809152,snare,snare,True
cg_israelgaza_20231012,moderate,0.71922,0.014948477631159914,0.011958345617682338,0.16326787247177574,0.006660399515466333,0.03595797667631173,snare,snare,True
cg_israelgaza_20231012,institutional,-0.027464,8.738366628290793,19.685914236556606,2.9292264574869407,1.7880326451656838,0.929214561465024,snare,rope,False
cg_israelgaza_20231012,analytical,0.890455,0.10156103815228555,0.04956715983243002,0.3703204846549714,0.034186476020063195,0.0636736972122367,snare,snare,True
chaitins_omega_undecidability,powerless,0.056775,4.0890612488798305e-06,4.143761128631757e-06,0.0028692420250107336,2.05813709660579e-06,0.00020440834411006303,mountain,mountain,True
chaitins_omega_undecidability,moderate,0.049999,8.400903539184121e-14,8.4298790116244e-14,4.107966647175028e-07,4.2066398758945605e-14,2.893187145414089e-08,mountain,mountain,True
chaitins_omega_undecidability,institutional,-0.005969,0.00016139555717845192,0.00014782853470240054,0.01757206138751449,7.719383877215508e-05,0.0011628509579717857,mountain,mountain,True
chaitins_omega_undecidability,analytical,0.069001,3.563642454477904e-05,3.704286410740762e-05,0.008524017473728515,1.816469097657418e-05,0.0006191881967010371,mountain,mountain,True
challenger_o_ring_integrity,powerless,0.869508,0.00606204133710313,0.0049641647297607155,0.1046132966967485,0.0027353617169573984,0.017312819773862564,snare,snare,True
challenger_o_ring_integrity,moderate,0.885194,0.008599715197828293,0.006744058688739715,0.1231853169756731,0.0037924564126943167,0.019842563252982504,snare,snare,True
challenger_o_ring_integrity,institutional,-0.033802,9.850070022713307,19.08135241495202,2.9728827045156208,1.8314900630504576,0.962456845472311,snare,rope,False
challenger_o_ring_integrity,analytical,1.095945,0.05342528910931598,0.025768261270453646,0.26767239294453227,0.017885406419034813,0.03378537687159444,snare,snare,True
champions_bass_fishing_exclusion,powerless,0.521705,0.020066263489521452,0.02245278864221625,0.20594997810730695,0.010594481548599818,0.07933260528766048,tangled_rope,tangled_rope,True
champions_bass_fishing_exclusion,moderate,0.531116,0.03069063804461828,0.03505689717393347,0.25597469314435817,0.016358412311309925,0.10051109594144297,tangled_rope,tangled_rope,True
champions_bass_fishing_exclusion,institutional,-0.020281,2.6918537865611096,11.747524465164094,2.3235293008742266,1.2045578570608695,0.7910686469291585,tangled_rope,rope,False
champions_bass_fishing_exclusion,analytical,0.657567,0.4277002558186461,0.5300731929866058,0.9735135467007688,0.23229087611324903,0.4461866600698624,tangled_rope,snare,False
child_marriage,powerless,0.815164,0.0035001971062523117,0.0028541109209848686,0.07940323583060797,0.0015760114372496351,0.010016549156223298,snare,snare,True
child_marriage,moderate,0.829869,0.004971728337837925,0.0038791239675029328,0.09353713585045852,0.002186900285120755,0.011478320979737777,snare,snare,True
child_marriage,institutional,-0.031689,9.351751576733669,20.404858207186503,3.0270247934509777,1.8854947876730754,0.9783602515670039,snare,rope,False
child_marriage,analytical,1.027448,0.03153185589186191,0.014913580893644945,0.20444132587964534,0.010439968522232014,0.019532310117080565,snare,snare,True
china_africa_zero_tariff_2026,powerless,0.347803,0.003814055409699464,0.0025640574927428077,0.07856578680920245,0.0015429472828868474,0.005507025725883352,tangled_rope,tangled_rope,True
china_africa_zero_tariff_2026,moderate,0.354077,0.005409483388422674,0.003337734333112568,0.09126343819364126,0.0020818924977389014,0.006124981686232878,tangled_rope,tangled_rope,True
china_africa_zero_tariff_2026,institutional,-0.013521,1.925246346060761,3.981581007033599,2.2139985919229743,1.105305525085946,0.8522065050451378,tangled_rope,rope,False
china_africa_zero_tariff_2026,analytical,0.438378,0.0377469923235204,0.011212672647130446,0.1798859640060312,0.00808428782421705,0.00723675050002659,tangled_rope,tangled_rope,True
china_contraceptive_tax,powerless,0.597787,0.03200463678914902,0.029051135515933666,0.2468761714798375,0.015217623753082145,0.10624353685747223,snare,snare,True
china_contraceptive_tax,moderate,0.608571,0.0466386401267342,0.041241545642238156,0.29602249139417613,0.021867363792168935,0.12538285212331213,snare,snare,True
china_contraceptive_tax,institutional,-0.023239,6.783787424111803,17.650913499029386,2.6794166339117957,1.5419265059841774,0.8255272370283135,snare,rope,False
china_contraceptive_tax,analytical,0.753462,0.37088271971096337,0.21923889176156394,0.7479650954007206,0.13824038991989088,0.25962792530213485,snare,snare,True
china_critical_mineral_chokepoint,powerless,0.923852,0.003876639313790982,0.003163396485669067,0.0835802582007737,0.00174616074127508,0.011097018215320498,snare,snare,True
china_critical_mineral_chokepoint,moderate,0.940518,0.0054838684525891235,0.004284840341897986,0.09827406043400227,0.002413961981152697,0.012698227759828096,snare,snare,True
china_critical_mineral_chokepoint,institutional,-0.035914,10.037388072348753,19.15346407192087,3.003820656304231,1.8623369380005887,0.9760378593704957,snare,rope,False
china_critical_mineral_chokepoint,analytical,1.164441,0.032975270038887707,0.016048147613378853,0.21087014016119218,0.011106259670398388,0.021444075328234113,snare,snare,True
china_ev_export_oversupply,powerless,0.597787,0.039707724040251705,0.03800363170052924,0.2787154673004437,0.01938916836337954,0.13522303641680677,snare,snare,True
china_ev_export_oversupply,moderate,0.608571,0.05848004528249113,0.055069160975079245,0.33685224682729625,0.02830036350390852,0.1620028723626027,snare,snare,True
china_ev_export_oversupply,institutional,-0.023239,5.785640714692806,17.052570851608984,2.562111227037718,1.428592488839694,0.8133867511057072,snare,rope,False
china_ev_export_oversupply,analytical,0.753462,0.5092739608059533,0.3439626578044873,0.9095982494940807,0.20330142568277268,0.37538421924756427,snare,snare,True
china_export_led_growth,powerless,0.521705,0.03071559845808582,0.0325822105480491,0.2515035307467793,0.015792678560329246,0.11821119043892442,tangled_rope,tangled_rope,True
china_export_led_growth,moderate,0.531116,0.04636586711102627,0.04953376877965207,0.3095407548314454,0.023906092231843853,0.14672618937803233,tangled_rope,tangled_rope,True
china_export_led_growth,institutional,-0.020281,3.5735005703414915,11.972075959819637,2.3938327662643646,1.2695398428081404,0.7967212917129285,tangled_rope,rope,False
china_export_led_growth,analytical,0.657567,0.5338434882190034,0.5159384342794681,1.023551430820891,0.256247463424917,0.4891524439414366,tangled_rope,snare,False
china_taiwan_reunification_mandate,powerless,0.869508,0.002282520114544134,0.0018551932295389228,0.06406639114396973,0.00102603787707208,0.006496839923576636,snare,snare,True
china_taiwan_reunification_mandate,moderate,0.885194,0.003233998868093248,0.0025145264526673975,0.07537012859707222,0.0014199960069752903,0.0074339924602288,snare,snare,True
china_taiwan_reunification_mandate,institutional,-0.033802,9.889717793630245,21.204107267415054,3.0629810473196626,1.921408633949511,0.986062807442485,snare,rope,False
china_taiwan_reunification_mandate,analytical,1.095945,0.01992830957653977,0.00947671354425567,0.1627990442402787,0.006622224483078019,0.012544706911642445,snare,snare,True
china_vactrain_standard,powerless,0.597787,0.040972562398732676,0.04016950835159925,0.28484156228449187,0.02024941643825345,0.14117780666492807,tangled_rope,snare,False
china_vactrain_standard,moderate,0.608571,0.060648432724691566,0.05878616042744832,0.3455561987117663,0.029778082298410762,0.17038319962635362,tangled_rope,snare,False
china_vactrain_standard,institutional,-0.023239,5.297317568074446,16.616574522581082,2.5074619376096416,1.3764409121255556,0.7931763594544361,tangled_rope,rope,False
china_vactrain_standard,analytical,0.753462,0.5536498346566686,0.39975088581618745,0.965787718365466,0.2286902265898888,0.4194293563214281,tangled_rope,snare,False
choice_architecture_design,powerless,0.521705,0.00911193471620298,0.010574795474046073,0.14000183764017757,0.004898128024069229,0.036572898936740955,tangled_rope,tangled_rope,True
choice_architecture_design,moderate,0.531116,0.01407137234015664,0.016845918653824427,0.17527274697758374,0.0076752198449834145,0.0470835855008674,tangled_rope,tangled_rope,True
choice_architecture_design,institutional,-0.020281,2.1686281701725005,11.699077844663487,2.3119539717321516,1.1939508005151034,0.7948001259326546,tangled_rope,rope,False
choice_architecture_design,analytical,0.657567,0.23626883717086433,0.3732678656220756,0.7647447477857808,0.1444358779408157,0.2836916556743534,tangled_rope,tangled_rope,True
cholesterol_pill_cost,powerless,0.76082,0.013829098704072562,0.011558462549213831,0.15885440095344003,0.006305364252477367,0.0404963389505304,snare,snare,True
cholesterol_pill_cost,moderate,0.774544,0.01976051666450346,0.015860413509684337,0.18788040889496166,0.008818274218289481,0.04670010526047719,snare,snare,True
cholesterol_pill_cost,institutional,-0.029576,9.040489984282862,18.61488635913466,2.8730829455113227,1.7322961848278304,0.9083266570481768,snare,rope,False
cholesterol_pill_cost,analytical,0.958951,0.13190654350364397,0.06496656158182078,0.4231529322376705,0.04459786086429956,0.08245325980452445,snare,snare,True
chrome_imagen2_integration,powerless,0.706475,0.01457352846309413,0.012261925153094815,0.16335725033480686,0.0066676896715435405,0.04367315883380907,snare,snare,True
chrome_imagen2_integration,moderate,0.71922,0.02088286793093672,0.01689159954539978,0.19353704918687165,0.009356842361185386,0.05048115172476364,snare,snare,True
chrome_imagen2_integration,institutional,-0.027464,8.66407645192167,19.144964166699573,2.8779950272998636,1.7371648670082818,0.8990324344768131,snare,rope,False
chrome_imagen2_integration,analytical,0.890455,0.14353972282022992,0.07141269246510686,0.4427350409599315,0.0488037931480542,0.09056390622972532,snare,snare,True
church_turing_thesis,powerless,0.02271,3.6997046640148644e-07,3.715387383753982e-07,0.0008611078424804886,1.8537667635302543e-07,5.789619280609226e-05,mountain,mountain,True
church_turing_thesis,moderate,0.02,0.0,0.0,2.9802322387695312e-08,0.0,0.0,mountain,mountain,True
church_turing_thesis,institutional,-0.002388,1.9696357724531223e-05,1.9087162260646616e-05,0.006227064879193615,9.694076421013998e-06,0.000407716043649615,mountain,mountain,True
church_turing_thesis,analytical,0.0276,3.0494215440657117e-06,3.086528225045205e-06,0.0024770509592139567,1.533945167449772e-06,0.0001675357516825477,mountain,mountain,True
cia_fbi_legal_wall,powerless,0.76082,0.005928979696480162,0.004870944830973754,0.10354673408333792,0.0026798828398883682,0.01722722126696663,snare,snare,True
cia_fbi_legal_wall,moderate,0.774544,0.008447077749386994,0.006647087876937206,0.12219816936962825,0.003731936958675693,0.019788891113335372,snare,snare,True
cia_fbi_legal_wall,institutional,-0.029576,9.316843644619432,20.582642969603473,3.0042313017631166,1.86274661242957,0.9621792627078616,snare,rope,False
cia_fbi_legal_wall,analytical,0.958951,0.05526970834705887,0.026321500516901485,0.271214412921836,0.018361151138700085,0.0341715679247554,snare,snare,True
cinderella_midnight_deadline,powerless,0.108689,4.399031265078909e-05,4.7103079258348283e-05,0.00953949194057558,2.275043348918292e-05,0.0006097083408477255,rope,rope,True
cinderella_midnight_deadline,moderate,0.110649,6.833309214536253e-05,7.433471565500079e-05,0.011935271184676938,3.5612568874507414e-05,0.0007732870623792243,rope,rope,True
cinderella_midnight_deadline,institutional,-0.004225,0.0019357561170453867,0.0015020805881731528,0.057280943730370876,0.0008202205590478188,0.0032342260106983075,rope,rope,True
cinderella_midnight_deadline,analytical,0.136993,0.0013236142461548377,0.001808002700773696,0.05538477720096536,0.0007668193803928921,0.004307027608403291,rope,rope,True
circadian_decoupling_arbitrage,powerless,0.673869,0.026362354178736367,0.023011363692144,0.22181605391353293,0.012287986901688542,0.08166028213857135,snare,snare,True
circadian_decoupling_arbitrage,moderate,0.686025,0.038058672340579185,0.03212970035194572,0.26421656881935146,0.017427230804473986,0.0952796819649161,snare,snare,True
circadian_decoupling_arbitrage,institutional,-0.026196,7.930897031228507,18.583554864092413,2.7551747039306154,1.6159817118939948,0.8057828347771808,snare,rope,False
circadian_decoupling_arbitrage,analytical,0.849357,0.2777500099109087,0.14920999230120507,0.6297683417982142,0.09833548340169167,0.18141972465951428,snare,snare,True
citation_collapse_dynamics,powerless,0.934721,0.013776233520806536,0.013577619205060051,0.16538648587946833,0.006834276599149425,0.08189328316387356,piton,piton,True
citation_collapse_dynamics,moderate,0.951583,0.022925714620835674,0.0224233075749629,0.21294272524044813,0.011325446077291584,0.10500487152519922,piton,piton,True
citation_collapse_dynamics,institutional,-0.036337,3.8365785763851217,6.727698287294566,1.821817119835794,0.7739436303663216,0.4760109530681177,piton,piton,True
citation_collapse_dynamics,analytical,1.17814,0.6360510775084316,0.40892415628853485,1.002257903639259,0.2459184911648007,0.40984490576425625,piton,piton,True
civilizational_lifecycle_solara,powerless,0.923852,0.011737383504531185,0.011602112089477035,0.15277005869383323,0.005831836309560083,0.0758189972857698,piton,piton,True
civilizational_lifecycle_solara,moderate,0.940518,0.019671575300897068,0.019321840788942363,0.19746029275579038,0.009739726332699955,0.09766946424482015,piton,piton,True
civilizational_lifecycle_solara,institutional,-0.035914,4.088599986695006,9.471892102449326,1.9723213935823307,0.8962088679783716,0.482279112315119,piton,piton,True
civilizational_lifecycle_solara,analytical,1.164441,0.5851083296972992,0.3922905125884276,0.9727619048612349,0.23193941160905726,0.405274813624417,piton,piton,True
civilizational_maintenance_debt,powerless,0.673869,0.0021315058828345534,0.0025885956255069014,0.06845466571616006,0.0011713959493421778,0.007788181867385441,tangled_rope,tangled_rope,True
civilizational_maintenance_debt,moderate,0.686025,0.003317514499697574,0.004201297541120608,0.08624970549774401,0.0018594647190669747,0.010186058256568742,tangled_rope,tangled_rope,True
civilizational_maintenance_debt,institutional,-0.026196,2.2385729797019827,19.641847537280523,2.4492134904327356,1.3213681525711547,0.8745882492342802,tangled_rope,rope,False
civilizational_maintenance_debt,analytical,0.849357,0.06456766753211088,0.12964803284082152,0.42083762584096596,0.0441129534963038,0.08249507540634277,tangled_rope,tangled_rope,True
clawderberg_recursive_slop,powerless,0.923852,0.0004734431322605862,0.000428026947553139,0.0299956780272592,0.0002249309587909349,0.00292698811728509,piton,piton,True
clawderberg_recursive_slop,moderate,0.940518,0.0007742042787397172,0.0006793070075476046,0.03806355285243877,0.0003621975811522904,0.003639116193313585,piton,piton,True
clawderberg_recursive_slop,institutional,-0.035914,1.9775873732864349,19.131575667423316,2.3485900802077815,1.227613125812997,0.8492159408870318,piton,rope,False
clawderberg_recursive_slop,analytical,1.164441,0.01667776671543334,0.007759922195971456,0.1479524188180257,0.005469984344355189,0.010131522742943821,piton,piton,True
click_chemistry_paradigm_2026,powerless,0.108689,2.4047917404013862e-05,2.459383935332966e-05,0.00697403400501965,1.2159275254730923e-05,0.0007081564263825557,mountain,mountain,True
click_chemistry_paradigm_2026,moderate,0.110649,3.666280390554935e-05,3.769040211939869e-05,0.008622211235475246,1.8585602861568405e-05,0.0008789630239802726,mountain,mountain,True
click_chemistry_paradigm_2026,institutional,-0.004225,0.0014727605526786494,0.0012109736556105623,0.05161900022101226,0.0006660933193111314,0.0044930073743136845,mountain,mountain,True
click_chemistry_paradigm_2026,analytical,0.136993,0.0005417659182123296,0.0006000529060584425,0.03375754314149842,0.0002848861661365753,0.0036463061821515597,mountain,mountain,True
climate_attribution_2026,powerless,0.217377,0.0009561522172340495,0.0010269912565688247,0.04450735285528925,0.0004952056774749237,0.009113886377139058,mountain,mountain,True
climate_attribution_2026,moderate,0.221298,0.0014814759551179907,0.0016187065039116508,0.05563060535764208,0.0007736411812457205,0.011516245776902467,mountain,mountain,True
climate_attribution_2026,institutional,-0.00845,0.03167899654303128,0.01927588117870187,0.2205390943171166,0.012147057160560219,0.03221258554578521,mountain,mountain,True
climate_attribution_2026,analytical,0.273986,0.028633164552073532,0.041681797954004535,0.2605357651584673,0.016945737182104948,0.06361166896105774,mountain,mountain,True
climate_catastrophe_belief,powerless,0.56518,0.03821214475318414,0.03881915034588291,0.2775355607369526,0.019225615640474064,0.13779545939463772,tangled_rope,snare,False
climate_catastrophe_belief,moderate,0.575376,0.057050907212114435,0.057757068255007656,0.3388221225833993,0.028631531973030776,0.16832453086256843,tangled_rope,snare,False
climate_catastrophe_belief,institutional,-0.021971,4.501761802967921,14.535811196534413,2.4546091255067877,1.3264461414241726,0.7947297098502673,tangled_rope,rope,False
climate_catastrophe_belief,analytical,0.712364,0.5718257422458329,0.46444365221774053,1.0128649677438872,0.25103893925083604,0.46587755037882556,tangled_rope,snare,False
climate_event_attribution,powerless,0.597787,0.02928806242196322,0.026268180653924375,0.2354405489744546,0.013842066590352128,0.09666582731513207,snare,snare,True
climate_event_attribution,moderate,0.608571,0.04258172952207154,0.037126214335699174,0.28182523804056103,0.019823531665099123,0.11371437591046674,snare,snare,True
climate_event_attribution,institutional,-0.023239,7.068922494278186,17.870986032683383,2.7256442714139557,1.587043660582776,0.8304730160595951,snare,rope,False
climate_event_attribution,analytical,0.753462,0.33241072460682825,0.19106276347534393,0.7025015077072139,0.12211380513031371,0.23029334659146816,snare,snare,True
climate_policy_extraction,powerless,0.673869,0.03486073873478139,0.031398078276506695,0.2571423342715956,0.01650778598595935,0.1095881343767775,snare,snare,True
climate_policy_extraction,moderate,0.686025,0.05062322300264979,0.044332722853526636,0.3076371437873925,0.023613539598700797,0.12890264572112586,snare,snare,True
climate_policy_extraction,institutional,-0.026196,7.317192110567676,18.237204450376634,2.6596040659111075,1.5226633917329766,0.7960807791338215,snare,rope,False
climate_policy_extraction,analytical,0.849357,0.3863683680967046,0.22249475773075011,0.7576802877389595,0.14181154958017445,0.25871438494714993,snare,snare,True
climate_target_one_point_five,powerless,0.326066,0.006949781817128025,0.005257597350192131,0.10924194779359012,0.0029827091149784227,0.007656859456570689,tangled_rope,tangled_rope,True
climate_target_one_point_five,moderate,0.331948,0.01002342886209169,0.00720893091542227,0.1290895052526443,0.004164578978668916,0.008479067865713941,tangled_rope,tangled_rope,True
climate_target_one_point_five,institutional,-0.012676,1.7939772030020869,3.2603654979056724,2.0961510960091836,1.0015211203241179,0.813216094882629,tangled_rope,rope,False
climate_target_one_point_five,analytical,0.410979,0.08702371058905563,0.06013944241195495,0.34388010282799214,0.029490620222430333,0.04689230884489344,tangled_rope,tangled_rope,True
cloudflare_dual_class_asymmetry,powerless,0.869508,0.002282520114544134,0.0018551932295389228,0.06406639114396973,0.00102603787707208,0.006496839923576636,snare,snare,True
cloudflare_dual_class_asymmetry,moderate,0.885194,0.003233998868093248,0.0025145264526673975,0.07537012859707222,0.0014199960069752903,0.0074339924602288,snare,snare,True
cloudflare_dual_class_asymmetry,institutional,-0.033802,9.889717793630245,21.204107267415054,3.0629810473196626,1.921408633949511,0.986062807442485,snare,rope,False
cloudflare_dual_class_asymmetry,analytical,1.095945,0.01992830957653977,0.00947671354425567,0.1627990442402787,0.006622224483078019,0.012544706911642445,snare,snare,True
clt_convergence_2026,powerless,0.011355,7.950957331292272e-08,7.966334050212426e-08,0.0003989646633197678,3.979320042423294e-08,2.719126140845584e-05,mountain,mountain,True
clt_convergence_2026,moderate,0.01,0.0,0.0,2.9802322387695312e-08,0.0,0.0,mountain,mountain,True
clt_convergence_2026,institutional,-0.001194,4.762064656335711e-06,4.6908049315597594e-06,0.0030744862917602366,2.3631160241424565e-06,0.00020688386987246284,mountain,mountain,True
clt_convergence_2026,analytical,0.0138,6.411347740649027e-07,6.446557137906288e-07,0.0011339238299451107,3.214458043634071e-07,7.748908824447686e-05,mountain,mountain,True
cma,powerless,0.891246,0.03586448714364807,0.03177098056251483,0.2597086722321446,0.016838467584077737,0.10626283997137287,snare,snare,True
cma,moderate,0.907324,0.051534929196829914,0.0442603787592386,0.30883283637571207,0.02379708811037747,0.12401872120302282,snare,snare,True
cma,institutional,-0.034647,9.20458590193511,18.429191255087062,2.706315845494681,1.5681513175820454,0.7846812714897591,snare,rope,False
cma,analytical,1.123343,0.3480503202837207,0.19777737680673318,0.716451048761001,0.1269590961407752,0.23489219625766788,snare,snare,True
cmr_001,powerless,0.597787,0.0006868820447711088,0.0008097273991803341,0.038543212502544937,0.000371383313137755,0.0024805700378253215,tangled_rope,tangled_rope,True
cmr_001,moderate,0.608571,0.0010645842598483875,0.0013055287595608622,0.0484202352819604,0.0005861011677378721,0.0032415116585104075,tangled_rope,tangled_rope,True
cmr_001,institutional,-0.023239,2.15639698694982,16.703530819184394,2.4350355544173676,1.3080485218524336,0.8781006471521088,tangled_rope,rope,False
cmr_001,analytical,0.753462,0.02069470927494295,0.04146860877028451,0.23747812747432634,0.014082407971785485,0.027125068557307192,tangled_rope,tangled_rope,True
cn_tech_decoupling_security_software,powerless,0.597787,0.02146689372804045,0.018723623471099606,0.20012347754222665,0.010004000421493903,0.06993051326773325,snare,snare,True
cn_tech_decoupling_security_software,moderate,0.608571,0.031047696813526347,0.026199815126721163,0.23861623735568951,0.014217550282210098,0.0816719516859965,snare,snare,True
cn_tech_decoupling_security_software,institutional,-0.023239,7.8927379120966865,19.106524269074043,2.864252156751562,1.723547499253762,0.8918072649160562,snare,rope,False
cn_tech_decoupling_security_software,analytical,0.753462,0.23271661204396718,0.12562160045393272,0.5773343616218151,0.08275170620558228,0.15764488395117682,snare,snare,True
coalition_disinfo_framework_2026,powerless,0.521705,0.03071559845808582,0.0325822105480491,0.2515035307467793,0.015792678560329246,0.11821119043892442,tangled_rope,tangled_rope,True
coalition_disinfo_framework_2026,moderate,0.531116,0.04636586711102627,0.04953376877965207,0.3095407548314454,0.023906092231843853,0.14672618937803233,tangled_rope,tangled_rope,True
coalition_disinfo_framework_2026,institutional,-0.020281,3.5735005703414915,11.972075959819637,2.3938327662643646,1.2695398428081404,0.7967212917129285,tangled_rope,rope,False
coalition_disinfo_framework_2026,analytical,0.657567,0.5338434882190034,0.5159384342794681,1.023551430820891,0.256247463424917,0.4891524439414366,tangled_rope,snare,False
cobra_effect,powerless,0.652131,0.0012255365378971844,0.0014771375629779818,0.051793314545873166,0.0006705993792667367,0.004458330709182116,tangled_rope,tangled_rope,True
cobra_effect,moderate,0.663895,0.001905788932435421,0.002394979399682426,0.06522073963155497,0.0010633419814795836,0.005833800267930544,tangled_rope,tangled_rope,True
cobra_effect,institutional,-0.025351,2.28084374628008,19.36811846264662,2.473467673631804,1.3442327372146727,0.887399354151206,tangled_rope,rope,False
cobra_effect,analytical,0.821958,0.03751919446647005,0.07639011458620806,0.32145386296682577,0.02577758174876358,0.04866251840078052,tangled_rope,tangled_rope,True
codex_access,powerless,0.597787,0.03200463678914902,0.029051135515933666,0.2468761714798375,0.015217623753082145,0.10624353685747223,snare,snare,True
codex_access,moderate,0.608571,0.0466386401267342,0.041241545642238156,0.29602249139417613,0.021867363792168935,0.12538285212331213,snare,snare,True
codex_access,institutional,-0.023239,6.783787424111803,17.650913499029386,2.6794166339117957,1.5419265059841774,0.8255272370283135,snare,rope,False
codex_access,analytical,0.753462,0.37088271971096337,0.21923889176156394,0.7479650954007206,0.13824038991989088,0.25962792530213485,snare,snare,True
coe_ukraine_reparations_register,powerless,0.706475,0.01096187706154659,0.009145637923568564,0.1413649855186311,0.004993935115389907,0.032723871183627073,snare,snare,True
coe_ukraine_reparations_register,moderate,0.71922,0.01568455300700733,0.012563927779178167,0.16729813460368023,0.006993087383763939,0.03775083457891104,snare,snare,True
coe_ukraine_reparations_register,institutional,-0.027464,8.785750366662393,19.746421458904,2.928293443946584,1.7871049095779643,0.9255503834109229,snare,rope,False
coe_ukraine_reparations_register,analytical,0.890455,0.10671011547422946,0.05220014133345191,0.3798482974409038,0.03596288503769028,0.06695227598386921,snare,snare,True
coffee_cardiovascular_2026,powerless,0.130426,0.00011831234080735323,0.00012315834461216167,0.015536448849140013,6.034500724820363e-05,0.0025068732130969495,rope,rope,True
coffee_cardiovascular_2026,moderate,0.132779,0.00018610518806312084,0.00019557838958205636,0.019531199203790237,9.536617768241588e-05,0.0031775366910993252,rope,rope,True
coffee_cardiovascular_2026,institutional,-0.00507,0.003856732758140363,0.004041780850053906,0.08864207597225865,0.0019640328718690636,0.014625132324409627,rope,rope,True
coffee_cardiovascular_2026,analytical,0.164392,0.0040665663459967995,0.004946807975699418,0.09453389289182051,0.002233748299814109,0.017305792998816627,rope,rope,True
cognac_geopolitical_risk,powerless,0.543443,0.024702827409789095,0.02729393586247769,0.22780982569178182,0.012960307467602322,0.09490212745411797,tangled_rope,tangled_rope,True
cognac_geopolitical_risk,moderate,0.553246,0.037640194466611133,0.042298421261891,0.2823634508925558,0.019899193608573715,0.1195629690590519,tangled_rope,tangled_rope,True
cognac_geopolitical_risk,institutional,-0.021126,2.972656505379348,12.955423495681414,2.3406238752072746,1.2202711028079705,0.7900479653402943,tangled_rope,rope,False
cognac_geopolitical_risk,analytical,0.684965,0.4911515982160178,0.5616165431824932,1.0233198254406775,0.25613405188934707,0.481295544555864,tangled_rope,snare,False
cognitive_bicycle_scaffold,powerless,0.217377,0.0047936820624582335,0.0053636518559592415,0.100650521560606,0.0025320973990447266,0.02755774254616017,rope,rope,True
cognitive_bicycle_scaffold,moderate,0.221298,0.007607684083090035,0.008738692879895454,0.1275961177501922,0.004068811964727536,0.03559278856589965,rope,rope,True
cognitive_bicycle_scaffold,institutional,-0.00845,0.026115829470900038,0.013507349061519711,0.18977680142017117,0.008997054902470845,0.03073910794781176,rope,rope,True
cognitive_bicycle_scaffold,analytical,0.273986,0.199419024931988,0.31630018148297717,0.7016280920841198,0.12181346594454587,0.2597538492765187,rope,rope,True
cognitive_diversity_arbitrage,powerless,0.782557,0.017928481873001813,0.02110353387017386,0.1970719246337877,0.009701482478219682,0.061903481496830046,tangled_rope,tangled_rope,True
cognitive_diversity_arbitrage,moderate,0.796674,0.02755397285244238,0.03346018280368065,0.24613509751332432,0.015126515384034608,0.07956226203082421,tangled_rope,tangled_rope,True
cognitive_diversity_arbitrage,institutional,-0.030421,2.756480518318603,18.646071451139317,2.3988977690139346,1.2742572787961772,0.8071393438344059,tangled_rope,rope,False
cognitive_diversity_arbitrage,analytical,0.98635,0.3986294183565671,0.5836836598491709,0.976558198539222,0.23371709573739513,0.411580096326385,tangled_rope,tangled_rope,True
cognitive_energy_budget,powerless,0.880377,0.0024433694920084127,0.0019866141003791696,0.06629136067700546,0.0010985355453411562,0.006956784852803365,snare,snare,True
cognitive_energy_budget,moderate,0.896259,0.0034606133598982024,0.002691955514159023,0.07797557860262355,0.00151985517893774,0.007959603511289028,snare,snare,True
cognitive_energy_budget,institutional,-0.034224,9.582149314571188,20.312716979324982,3.040794774016486,1.899244787002509,0.9850549916924559,snare,rope,False
cognitive_energy_budget,analytical,1.109644,0.021217267262399548,0.0101249338388408,0.16815665010287256,0.007065001300450285,0.013426117636516995,snare,snare,True
cognitive_hacking_2026,powerless,0.782557,0.005550844160173072,0.00455102757561238,0.10013694001220716,0.0025063280403948814,0.016022269664777822,snare,snare,True
cognitive_hacking_2026,moderate,0.796674,0.007900373999866248,0.0062024609031364605,0.11810489748867246,0.003486178444991847,0.018391055811159518,snare,snare,True
cognitive_hacking_2026,institutional,-0.030421,10.093259983827576,21.659633449004655,3.0443969594711757,1.9028425600308303,0.9650528793015163,snare,rope,False
cognitive_hacking_2026,analytical,0.98635,0.051118516831705686,0.02430996022077284,0.26072156784830997,0.016969881464444257,0.031604286893616385,snare,snare,True
cognitive_induction_gap,powerless,0.76082,0.03893835795470035,0.03515100982276598,0.2719247391700027,0.018457306522783677,0.11818106328328382,snare,snare,True
cognitive_induction_gap,moderate,0.774544,0.056420499586285144,0.04952709278673463,0.3249735641486438,0.02634391684707187,0.13889966360986494,snare,snare,True
cognitive_induction_gap,institutional,-0.029576,7.914219562372358,18.330577521773467,2.6658129219095965,1.5286951093967316,0.7912990343107191,snare,rope,False
cognitive_induction_gap,analytical,0.958951,0.416843165730441,0.24149045554728654,0.7882877326779908,0.15334865339131168,0.2757182077323497,snare,snare,True
cognitive_surrender_to_system_3,powerless,0.706475,0.014617824221581475,0.0123004890171086,0.16360980191125477,0.006688310700762864,0.04380791523794969,snare,snare,True
cognitive_surrender_to_system_3,moderate,0.71922,0.02094672754120546,0.016945313346401793,0.193838928227743,0.009386031856438892,0.050638174873448794,snare,snare,True
cognitive_surrender_to_system_3,institutional,-0.027464,8.735648335031216,19.373538152395476,2.886929998418352,1.746024939453927,0.8987039305814551,snare,rope,False
cognitive_surrender_to_system_3,analytical,0.890455,0.14399735454308762,0.0716556082131382,0.44346772967798126,0.04896479612754114,0.09085893027300151,snare,snare,True
coinbase_crypto_volatility,powerless,0.456492,0.030396879358726377,0.03017033722137222,0.2460875134814715,0.01512067466671655,0.12253934496316732,tangled_rope,snare,False
coinbase_crypto_volatility,moderate,0.464727,0.04526496640540188,0.044619222089097466,0.29977686871596554,0.02242451211272888,0.14889711478931256,tangled_rope,snare,False
coinbase_crypto_volatility,institutional,-0.017746,4.923202074713142,9.50198592601121,2.6492666455745217,1.5126311318141379,0.8884806018231302,tangled_rope,rope,False
coinbase_crypto_volatility,analytical,0.575371,0.45186222120114267,0.35601437989193124,0.8933285259962722,0.19621395881576387,0.4038206448211705,tangled_rope,snare,False
coinbase_regulatory_uncertainty,powerless,0.76082,0.005845920819248314,0.004801885281497326,0.10281426538628002,0.002642111357341775,0.016984573665901226,snare,snare,True
coinbase_regulatory_uncertainty,moderate,0.774544,0.008328501451985031,0.006552490949262037,0.1213311377972596,0.003679182664012437,0.019509414997440966,snare,snare,True
coinbase_regulatory_uncertainty,institutional,-0.029576,9.583377583519578,21.146927775843533,3.022579687204518,1.8810572590930323,0.9627358212872246,snare,rope,False
coinbase_regulatory_uncertainty,analytical,0.958951,0.054483236638749544,0.025938378363729267,0.26925157907851954,0.018096746148017543,0.03368172577965067,snare,snare,True
cold_dark_matter_paradigm,powerless,0.521705,0.03331817196297548,0.034602466126356944,0.2605780051988332,0.0169512245954915,0.1269132283504255,tangled_rope,tangled_rope,True
cold_dark_matter_paradigm,moderate,0.531116,0.050045642848397444,0.05208350794240978,0.31952301007631256,0.025469496223588135,0.15633443570240113,tangled_rope,tangled_rope,True
cold_dark_matter_paradigm,institutional,-0.020281,3.9765346680789064,12.255137516784982,2.4409906380054345,1.3136388991534742,0.8164888562053494,tangled_rope,rope,False
cold_dark_matter_paradigm,analytical,0.657567,0.542037345735828,0.4830132739154938,1.010315229168818,0.24980358310564404,0.47773415535451064,tangled_rope,snare,False
collatz_conjecture_determinism,powerless,0.02271,3.6997046640148644e-07,3.715387383753982e-07,0.0008611078424804886,1.8537667635302543e-07,5.789619280609226e-05,mountain,mountain,True
collatz_conjecture_determinism,moderate,0.02,0.0,0.0,2.9802322387695312e-08,0.0,0.0,mountain,mountain,True
collatz_conjecture_determinism,institutional,-0.002388,1.9696357724531223e-05,1.9087162260646616e-05,0.006227064879193615,9.694076421013998e-06,0.000407716043649615,mountain,mountain,True
collatz_conjecture_determinism,analytical,0.0276,3.0494215440657117e-06,3.086528225045205e-06,0.0024770509592139567,1.533945167449772e-06,0.0001675357516825477,mountain,mountain,True
collective_action_deadlock,powerless,0.815164,0.0007736393653758455,0.0006891580098215624,0.03815172944666488,0.00036387758049961216,0.008494786721695846,snare,snare,True
collective_action_deadlock,moderate,0.829869,0.001321045938551051,0.0011857071926373985,0.04991683364222382,0.0006228902348436299,0.012492699140987384,snare,snare,True
collective_action_deadlock,institutional,-0.031689,8.166478019815404,20.80085854657681,2.9175715095339902,1.7764470041310676,0.9073310384431864,snare,rope,False
collective_action_deadlock,analytical,1.027448,0.10421653044586099,0.12665013016464927,0.47744974189371775,0.05671942676103746,0.19201381369252377,snare,snare,True
collective_stupidity_2026,powerless,0.956459,0.01838984259192536,0.017969153768353632,0.1906705886515148,0.009081936544478678,0.09365724089545668,piton,piton,True
collective_stupidity_2026,moderate,0.973713,0.03021528917811668,0.029202090842244288,0.24372956540711085,0.014832654946795212,0.11898617298192027,piton,piton,True
collective_stupidity_2026,institutional,-0.037182,3.683904194209265,6.656795114183482,1.792858465032811,0.7511938445859041,0.4577353853793361,piton,piton,True
collective_stupidity_2026,analytical,1.205539,0.7336137718481954,0.42968936395389173,1.0478762332470442,0.2682886331746768,0.4105367179102578,piton,piton,True
college_admissions_market,powerless,0.76082,0.03637343201738888,0.0400783243980713,0.276253158465112,0.019048637308092996,0.12194625899753639,tangled_rope,tangled_rope,True
college_admissions_market,moderate,0.774544,0.055013995876908944,0.061453924538080906,0.34087668988930664,0.028978976007458693,0.15268876638360326,tangled_rope,tangled_rope,True
college_admissions_market,institutional,-0.029576,3.814350018741709,18.236130500463172,2.4057892186225582,1.280683297652748,0.7918090489348418,tangled_rope,rope,False
college_admissions_market,analytical,0.958951,0.6216550327683471,0.6511877391457871,1.1265731507821684,0.3089904903435345,0.5330793380894103,tangled_rope,snare,False
colombia_2026_presidential_election,powerless,0.489098,0.0003125507213718068,0.00029952816805444424,0.024614502647761834,0.00015146652326829724,0.0006001045661648121,tangled_rope,tangled_rope,True
colombia_2026_presidential_election,moderate,0.497921,0.0004664728307607041,0.00045018205078885287,0.030057991187734626,0.0002258664571276957,0.0007798068892623796,tangled_rope,tangled_rope,True
colombia_2026_presidential_election,institutional,-0.019013,2.153772389778497,10.320751802416726,2.431354414862541,1.3045958907549577,0.8822565598149741,tangled_rope,rope,False
colombia_2026_presidential_election,analytical,0.616469,0.0062333557887959135,0.009134882229602431,0.11771390254870971,0.003463140806205075,0.006177393826613939,tangled_rope,tangled_rope,True
colorado_sbe_decentralization_friction,powerless,0.76082,0.03887440968629028,0.03508322980396963,0.2716814116262547,0.018424339633364453,0.11797108249636368,snare,snare,True
colorado_sbe_decentralization_friction,moderate,0.774544,0.05632478061672089,0.04942644510537283,0.3246696149572892,0.026294768948673136,0.13864237397085832,snare,snare,True
colorado_sbe_decentralization_friction,institutional,-0.029576,7.850874798734342,18.058438063530403,2.6493410192347726,1.512703263785754,0.7799482288166827,snare,rope,False
colorado_sbe_decentralization_friction,analytical,0.958951,0.4159613425699524,0.24082389454392278,0.7873093011470862,0.15297313922518554,0.2750699508749087,snare,snare,True
colossus_nero_inertia,powerless,0.521705,0.010853986072940552,0.010956059688812123,0.14767775248750392,0.0054497029065256235,0.0730472082585098,piton,piton,True
colossus_nero_inertia,moderate,0.531116,0.01571973108812033,0.015868289860799495,0.1777226907114178,0.00789114405214646,0.08800261521644809,piton,piton,True
colossus_nero_inertia,institutional,-0.020281,3.3315106076897663,9.066516017185208,2.0370934332206048,0.9507924948652235,0.5497718499178266,piton,rope,False
colossus_nero_inertia,analytical,0.657567,0.10387570661198134,0.1016033225172257,0.4530274801019115,0.051089469327628645,0.2231783510417057,piton,snare,False
comitatus_bond,powerless,0.434754,0.027158391319855254,0.027911591162872885,0.23461617952349928,0.013745414302794403,0.11470711320414945,tangled_rope,tangled_rope,True
comitatus_bond,moderate,0.442597,0.040781310685883344,0.04197233667842675,0.2875887978591093,0.02064122610462292,0.14114570366998824,tangled_rope,tangled_rope,True
comitatus_bond,institutional,-0.016901,4.09505933916676,8.17675703462543,2.557871085053018,1.4245303717051185,0.8701773961832224,tangled_rope,rope,False
comitatus_bond,analytical,0.547972,0.4502727648080112,0.4060247269488226,0.9235146807454955,0.20945810723848288,0.44001187989691537,tangled_rope,snare,False
commercial_data_brokerage,powerless,0.815164,0.0035001971062523117,0.0028541109209848686,0.07940323583060797,0.0015760114372496351,0.010016549156223298,snare,snare,True
commercial_data_brokerage,moderate,0.829869,0.004971728337837925,0.0038791239675029328,0.09353713585045852,0.002186900285120755,0.011478320979737777,snare,snare,True
commercial_data_brokerage,institutional,-0.031689,9.351751576733669,20.404858207186503,3.0270247934509777,1.8854947876730754,0.9783602515670039,snare,rope,False
commercial_data_brokerage,analytical,1.027448,0.03153185589186191,0.014913580893644945,0.20444132587964534,0.010439968522232014,0.019532310117080565,snare,snare,True
communal_narcissism_social_trap,powerless,0.84777,0.0022357965851706185,0.0022033914327390727,0.06662329798890594,0.0011095633493133532,0.03189858120227529,piton,piton,True
communal_narcissism_social_trap,moderate,0.863064,0.004105523573840357,0.004025110425082502,0.09016268077185886,0.002031983078137211,0.04304778280857047,piton,piton,True
communal_narcissism_social_trap,institutional,-0.032957,3.3729333962484778,9.155543967445485,1.8353291866426087,0.7846468876340326,0.41495905353898405,piton,piton,True
communal_narcissism_social_trap,analytical,1.068546,0.22340942560064747,0.1708278517799167,0.6235064828742206,0.09640546989995373,0.259928302248176,piton,piton,True
complexity_debt,powerless,0.912984,0.0008289398120548975,0.0006722213968941122,0.0385856102145301,0.0003722007838819857,0.0023628824537428005,snare,snare,True
complexity_debt,moderate,0.929453,0.001171940292977855,0.0009091225672434157,0.04534365791669193,0.0005139898113470177,0.002700620152402191,snare,snare,True
complexity_debt,institutional,-0.035492,9.086248440193142,20.83107158035258,3.0752097940240097,1.9336293284415071,0.9948555346949443,snare,rope,False
complexity_debt,analytical,1.150742,0.007043506940873203,0.003376892858077068,0.09702382553291482,0.0023529441732741472,0.004530815550320924,snare,snare,True
compounding_logic,powerless,0.543443,0.000422276847878257,0.00045449173750614785,0.02948678100371642,0.00021736362613071996,0.0012337765513617492,tangled_rope,tangled_rope,True
compounding_logic,moderate,0.553246,0.000643318750807119,0.0007122779374662885,0.036595377073035874,0.0003347960646620937,0.0016084506292609326,tangled_rope,tangled_rope,True
compounding_logic,institutional,-0.021126,2.378420927894128,13.52848310804791,2.511200266724416,1.379993989461867,0.9043694806820389,tangled_rope,rope,False
compounding_logic,analytical,0.684965,0.010826108012578783,0.019655358856340274,0.1661140177788407,0.006894501900531428,0.013222696053324582,tangled_rope,tangled_rope,True
condiment_tyranny,powerless,0.489098,0.02303762013975114,0.025162276186497676,0.21937340962848279,0.01201911562206565,0.09333486909150365,tangled_rope,tangled_rope,True
condiment_tyranny,moderate,0.497921,0.035051819251127374,0.03886103228210412,0.2715790360869424,0.018410478194014625,0.1172356646814918,tangled_rope,tangled_rope,True
condiment_tyranny,institutional,-0.019013,3.064767285529538,10.307555517673011,2.391859765441075,1.2677034979739576,0.811197000990369,tangled_rope,rope,False
condiment_tyranny,analytical,0.616469,0.4542229704895035,0.5095593951866699,0.979599984090767,0.23514606023456838,0.46372047902067737,tangled_rope,snare,False
confidential_ai_whatsapp,powerless,0.521705,0.03071559845808582,0.0325822105480491,0.2515035307467793,0.015792678560329246,0.11821119043892442,tangled_rope,tangled_rope,True
confidential_ai_whatsapp,moderate,0.531116,0.04636586711102627,0.04953376877965207,0.3095407548314454,0.023906092231843853,0.14672618937803233,tangled_rope,tangled_rope,True
confidential_ai_whatsapp,institutional,-0.020281,3.5735005703414915,11.972075959819637,2.3938327662643646,1.2695398428081404,0.7967212917129285,tangled_rope,rope,False
confidential_ai_whatsapp,analytical,0.657567,0.5338434882190034,0.5159384342794681,1.023551430820891,0.256247463424917,0.4891524439414366,tangled_rope,snare,False
confirmation_bias,powerless,0.521705,0.03233313544149429,0.030399528364301914,0.2503725897540205,0.0156511525043125,0.11720117944978725,snare,snare,True
confirmation_bias,moderate,0.531116,0.04753141039506763,0.04385416534354235,0.3021109101331979,0.022774396013912266,0.13986726945141081,snare,snare,True
confirmation_bias,institutional,-0.020281,6.0426285609243795,13.286243939479192,2.697446256624631,1.5594952364985062,0.8675956470228445,snare,rope,False
confirmation_bias,analytical,0.657567,0.412972217523457,0.2711314527920742,0.8128657799160994,0.1629262634085741,0.3187826173646089,snare,snare,True
consensus_without_truth,powerless,0.956459,0.0009602402712297264,0.0010660525520346598,0.044939694886086866,0.0005048728013047003,0.004887498717927161,snare,snare,True
consensus_without_truth,moderate,0.973713,0.0016295518104251228,0.0018751967482220164,0.0590448687571805,0.0008715108300214752,0.006661122961410608,snare,snare,True
consensus_without_truth,institutional,-0.037182,8.427759665272848,22.252141348595064,3.085236696358291,1.943651500229817,0.9889110150061453,snare,rope,False
consensus_without_truth,analytical,1.205539,0.1257812262987373,0.2773116620584003,0.597833600848447,0.08868792806556816,0.14194165976843942,snare,snare,True
constitutional_consecration,powerless,0.652131,0.014440102567639283,0.01223036895376625,0.16288850710075356,0.006629500672234537,0.044669565283976254,snare,snare,True
constitutional_consecration,moderate,0.663895,0.020745945149454884,0.016913475972396418,0.1933014166191776,0.009334089930988984,0.05175350240348764,snare,snare,True
constitutional_consecration,institutional,-0.025351,8.852524985940189,21.089869609799674,2.9522104183018496,1.8109006509159862,0.9167199476428316,snare,rope,False
constitutional_consecration,analytical,0.821958,0.1466796197865261,0.07402461846340631,0.44945286085152736,0.0502897885925351,0.09450954635872588,snare,snare,True
constitutional_supremacy,powerless,0.576049,0.026363205827745484,0.02351369537186096,0.22305593469854806,0.012425599847910092,0.08837000047037624,snare,snare,True
constitutional_supremacy,moderate,0.586441,0.03830900769996483,0.033189592884235536,0.26687336387825317,0.017778944560333642,0.10383889573896543,snare,snare,True
constitutional_supremacy,institutional,-0.022394,8.058457058931497,17.69837362593098,2.908067220104793,1.7670048343272653,0.9416601925837509,snare,rope,False
constitutional_supremacy,analytical,0.726063,0.2989150415866505,0.17022407193372754,0.6644439476607371,0.10936001278407702,0.20929596560198083,snare,snare,True
constraint_borsuk_ulam,powerless,0.054344,1.738560864815927e-06,1.7533113376751083e-06,0.001868642678968927,8.729563018241024e-07,0.0001363613124562013,mountain,mountain,True
constraint_borsuk_ulam,moderate,0.055325,2.6342219977761725e-06,2.6617308110510828e-06,0.0023012704362092447,1.3239612588491597e-06,0.0001681826218055127,mountain,mountain,True
constraint_borsuk_ulam,institutional,-0.002113,0.00015318512941952874,0.0001410172590251763,0.01714126913046493,7.34553272058422e-05,0.0011683021729888285,mountain,mountain,True
constraint_borsuk_ulam,analytical,0.068497,3.551449714856209e-05,3.687484471994571e-05,0.008507065403603523,1.8092513166835765e-05,0.0006349639436640242,mountain,mountain,True
constraint_ftc,powerless,0.163033,0.00011781798975717243,0.0001229536068667089,0.015514096161655746,6.017149320860812e-05,0.0018498964193667256,mountain,mountain,True
constraint_ftc,moderate,0.165974,0.00018089203704340232,0.00019066583090180718,0.01927068829338539,9.283913855741279e-05,0.002314956438678628,mountain,mountain,True
constraint_ftc,institutional,-0.006338,0.005298543723021281,0.00378016440244353,0.09426801600432567,0.0022212034431443755,0.008743433847005821,mountain,mountain,True
constraint_ftc,analytical,0.20549,0.0029629748000279013,0.003615243067661427,0.0807879295402641,0.0016314505390182881,0.010863869693443773,mountain,mountain,True
constraint_galois_solvability,powerless,0.2271,0.0014907408698496194,0.001651375909988308,0.05599934572954476,0.0007839304629330471,0.009619962483616296,mountain,mountain,True
constraint_galois_solvability,moderate,0.199995,4.182876396773398e-11,4.182810835640388e-11,9.146400230324546e-06,2.0914248470922752e-11,1.4507844424693772e-06,mountain,mountain,True
constraint_galois_solvability,institutional,-0.023875,0.021047204711823933,0.012537437799154639,0.1786993873696549,0.007978057994673103,0.02064976489656445,mountain,mountain,True
constraint_galois_solvability,analytical,0.276005,0.017068837768049776,0.023040398204657756,0.1985691486128847,0.009849331950307964,0.04058142369730233,mountain,mountain,True
constraint_interaction_explosion,powerless,0.880377,0.0017504432952457083,0.001421314384274,0.05608972100587237,0.0007864626515981437,0.004980888539099058,snare,snare,True
constraint_interaction_explosion,moderate,0.896259,0.0024786537107912474,0.0019251528544513867,0.06596494314454224,0.0010877448176475266,0.005697228861799411,snare,snare,True
constraint_interaction_explosion,institutional,-0.034224,9.24329798501578,20.207126242245106,3.0488390419212057,1.907279633959476,0.9892805811519418,snare,rope,False
constraint_interaction_explosion,analytical,1.109644,0.015174786353198313,0.007222948055976932,0.14210352673739607,0.005046229612762852,0.009594809531722254,snare,snare,True
constraint_lagrange_multipliers,powerless,0.38041,0.0017064587562563038,0.0011750396451598955,0.05272710768866898,0.000694996715870098,0.0023377356478054834,tangled_rope,tangled_rope,True
constraint_lagrange_multipliers,moderate,0.387272,0.002424488204527945,0.0015599959859102387,0.06150582539153945,0.0009456671060195025,0.0025754476203525556,tangled_rope,tangled_rope,True
constraint_lagrange_multipliers,institutional,-0.014788,2.064344145987918,5.204765061418472,2.3259154734946135,1.2067477512719684,0.8704311261589028,tangled_rope,rope,False
constraint_lagrange_multipliers,analytical,0.479476,0.018400784356374638,0.009298639965603678,0.14390332048759444,0.005174808317415845,0.004390376770200254,tangled_rope,tangled_rope,True
constraint_lorenz_sensitivity,powerless,0.163033,6.0506832051706404e-05,6.317660478722661e-05,0.01111931578984817,3.09097162905746e-05,0.000951309552771229,mountain,mountain,True
constraint_lorenz_sensitivity,moderate,0.165974,9.290833692854584e-05,9.799062959050526e-05,0.013812853496391343,4.7698540830926237e-05,0.0011907127193248046,mountain,mountain,True
constraint_lorenz_sensitivity,institutional,-0.006338,0.0027153792734692624,0.0019317107036501719,0.06743184534622762,0.0011366557598529114,0.004475316747805214,mountain,mountain,True
constraint_lorenz_sensitivity,analytical,0.20549,0.0015243658655221507,0.0018649403319373759,0.057984872808152774,0.0008405024916761974,0.005608805589512045,mountain,mountain,True
constraint_nonstandard_arithmetic,powerless,0.163033,0.00011781798975717243,0.0001229536068667089,0.015514096161655746,6.017149320860812e-05,0.0018498964193667256,mountain,mountain,True
constraint_nonstandard_arithmetic,moderate,0.165974,0.00018089203704340232,0.00019066583090180718,0.01927068829338539,9.283913855741279e-05,0.002314956438678628,mountain,mountain,True
constraint_nonstandard_arithmetic,institutional,-0.006338,0.005298543723021281,0.00378016440244353,0.09426801600432567,0.0022212034431443755,0.008743433847005821,mountain,mountain,True
constraint_nonstandard_arithmetic,analytical,0.20549,0.0029629748000279013,0.003615243067661427,0.0807879295402641,0.0016314505390182881,0.010863869693443773,mountain,mountain,True
constraint_pythagorean,powerless,0.054344,1.738560864815927e-06,1.7533113376751083e-06,0.001868642678968927,8.729563018241024e-07,0.0001363613124562013,mountain,mountain,True
constraint_pythagorean,moderate,0.055325,2.6342219977761725e-06,2.6617308110510828e-06,0.0023012704362092447,1.3239612588491597e-06,0.0001681826218055127,mountain,mountain,True
constraint_pythagorean,institutional,-0.002113,0.00015318512941952874,0.0001410172590251763,0.01714126913046493,7.34553272058422e-05,0.0011683021729888285,mountain,mountain,True
constraint_pythagorean,analytical,0.068497,3.551449714856209e-05,3.687484471994571e-05,0.008507065403603523,1.8092513166835765e-05,0.0006349639436640242,mountain,mountain,True
constraint_riemann_mapping,powerless,0.38041,0.0017097672946550222,0.0012993550090896883,0.054037402089690795,0.0007299657976566465,0.001758990113410872,tangled_rope,tangled_rope,True
constraint_riemann_mapping,moderate,0.387272,0.0024621923272444184,0.0018073792555133351,0.06396648952293281,0.0010228407499800775,0.0022640624578450126,tangled_rope,tangled_rope,True
constraint_riemann_mapping,institutional,-0.014788,1.9456764627810912,5.202569646304406,2.2824033696822075,1.166995376780298,0.8511387022468453,tangled_rope,rope,False
constraint_riemann_mapping,analytical,0.479476,0.023162664823467276,0.02141171278004583,0.1932777767269279,0.009331808813265797,0.015711194476062618,tangled_rope,tangled_rope,True
constraint_sylow,powerless,0.108689,1.7702245033640453e-05,1.810578902277791e-05,0.005983696049403845,8.95114792586736e-06,0.0005218191604605682,mountain,mountain,True
constraint_sylow,moderate,0.110649,2.6987051175045854e-05,2.774658759682435e-05,0.007397683528592963,1.3681414799014554e-05,0.0006476888047338702,mountain,mountain,True
constraint_sylow,institutional,-0.004225,0.0010865007289245355,0.0008926603333602183,0.04432694963460893,0.00049119950824734,0.0033125461240012255,mountain,mountain,True
constraint_sylow,analytical,0.136993,0.0003985037253829074,0.00044152642429655983,0.02895462189436699,0.00020958887153449664,0.0026874076198999397,mountain,mountain,True
constraint_tarski_undefinability,powerless,0.056775,4.315039697043086e-06,4.37272925815775e-06,0.002947453416406634,2.1718700175829424e-06,0.0002157037870914591,mountain,mountain,True
constraint_tarski_undefinability,moderate,0.049999,8.894683541411806e-14,8.867601634243823e-14,4.214684851089411e-07,4.439150791021235e-14,3.053098240890506e-08,mountain,mountain,True
constraint_tarski_undefinability,institutional,-0.005969,0.0001703234565888212,0.00015601264192465506,0.01805173368361732,8.146571918482396e-05,0.001227204450182139,mountain,mountain,True
constraint_tarski_undefinability,analytical,0.069001,3.760524907330905e-05,3.9088490656230234e-05,0.008756267640060012,1.91680251282209e-05,0.0006533885408513962,mountain,mountain,True
constraint_twin_prime_conjecture,powerless,0.170325,3.1611277870596042e-06,3.1369541760416727e-06,0.002508473127133544,1.573109151120282e-06,1.7543089666539904e-05,rope,rope,True
constraint_twin_prime_conjecture,moderate,0.149996,1.0631461165864043e-13,1.065099999056183e-13,4.626564591008442e-07,5.32068728362821e-14,3.668083836373898e-09,rope,rope,True
constraint_twin_prime_conjecture,institutional,-0.017906,8.649322426481999e-05,0.00012227428528476485,0.01428419259281484,5.1009322676522735e-05,0.00020945033134034396,rope,rope,True
constraint_twin_prime_conjecture,analytical,0.207004,3.3748968924122524e-05,3.636834351382418e-05,0.008332225508128262,1.735647037577325e-05,5.9023545849922087e-05,rope,rope,True
constraint_yoneda,powerless,0.434754,0.0006469384865562878,0.0005806894796201772,0.034741333704374544,0.00030173247971035074,0.0011067701418658925,tangled_rope,tangled_rope,True
constraint_yoneda,moderate,0.442597,0.000955274417724909,0.0008571461213976422,0.04208499408180939,0.0004427703436202146,0.0014320060556860905,tangled_rope,tangled_rope,True
constraint_yoneda,institutional,-0.016901,2.084792636630856,7.5553996012479,2.3859089375329736,1.262169165907508,0.8721549512444601,tangled_rope,rope,False
constraint_yoneda,analytical,0.547972,0.011620309321274943,0.015075402124459346,0.15491711830940577,0.005996829157817903,0.0106853238089609,tangled_rope,tangled_rope,True
consumer_debt_slavery,powerless,0.782557,0.01675268779638906,0.014078472759588118,0.17509020714852375,0.007659251483418711,0.048900557515029974,snare,snare,True
consumer_debt_slavery,moderate,0.796674,0.023944531363246247,0.01933964782568952,0.20715901428659567,0.010719125620547118,0.05644572246738568,snare,snare,True
consumer_debt_slavery,institutional,-0.030421,9.569523719480252,19.991330316364873,2.895547507287359,1.7545750147903196,0.8884299432087102,snare,rope,False
consumer_debt_slavery,analytical,0.98635,0.15943322568887539,0.07956573746244294,0.46701477109820205,0.05427839464513525,0.10013984775931717,snare,snare,True
container_capacity_mismatch,powerless,0.923852,0.011802296448234606,0.011826640956929813,0.15371591505391166,0.005904238343597672,0.07673468849156045,snare,piton,False
container_capacity_mismatch,moderate,0.940518,0.019859321572530036,0.01985374140278995,0.19927949299568345,0.00991986790375755,0.0994460442444956,snare,piton,False
container_capacity_mismatch,institutional,-0.035914,4.556751934693759,9.814555584869714,2.06900300797229,0.978090985661525,0.5494972234830809,snare,piton,False
container_capacity_mismatch,analytical,1.164441,0.6317558345450471,0.4559993823951548,1.0313192536771751,0.2600647124384108,0.4510164269240788,snare,piton,False
continuum_hypothesis_undecidability,powerless,0.021738,1.510888951646707e-07,1.514961114389434e-07,0.0005500768974137013,7.564614768463563e-08,3.69001929744206e-05,mountain,mountain,True
continuum_hypothesis_undecidability,moderate,0.02213,2.277783356833527e-07,2.285322131287402e-07,0.0006755069271754912,1.1407740096394138e-07,4.533640979808781e-05,mountain,mountain,True
continuum_hypothesis_undecidability,institutional,-0.000845,1.746504057004328e-05,1.6966304911361903e-05,0.005867342815138813,8.60642175470668e-06,0.000383352324601835,mountain,mountain,True
continuum_hypothesis_undecidability,analytical,0.027399,2.8892906360959586e-06,2.9233981976577613e-06,0.0024109205868659083,1.4531343429593118e-06,0.0001628934958240449,mountain,mountain,True
conversational_dogmas_interruption,powerless,0.597787,0.03650628264136365,0.038590182798059425,0.2739549988951745,0.018733516697730605,0.13064262409610394,tangled_rope,tangled_rope,True
conversational_dogmas_interruption,moderate,0.608571,0.054954627643314144,0.05839439751967065,0.3365505641879583,0.028249814587396487,0.1616836670677188,tangled_rope,tangled_rope,True
conversational_dogmas_interruption,institutional,-0.023239,3.92126009231361,16.220168554939935,2.396420365813545,1.2719492946456281,0.7873949919350431,tangled_rope,rope,False
conversational_dogmas_interruption,analytical,0.753462,0.601065360039587,0.5546524774878109,1.073255561980882,0.2811248392500459,0.5084186008953413,tangled_rope,snare,False
conways_game_of_life_dynamics,powerless,0.056775,5.430332981163111e-06,5.502726272040034e-06,0.003306463326985125,2.733174310659558e-06,0.0002714514880134411,mountain,mountain,True
conways_game_of_life_dynamics,moderate,0.049999,1.1187485062745484e-13,1.1165267498114455e-13,4.730972011800879e-07,5.5867290238593475e-14,3.842371298912184e-08,mountain,mountain,True
conways_game_of_life_dynamics,institutional,-0.005969,0.00021440252808467588,0.00019643037209999187,0.02025445186319985,0.0001025598285145119,0.0015449480478560169,mountain,mountain,True
conways_game_of_life_dynamics,analytical,0.069001,4.7321445381907986e-05,4.9182310022742576e-05,0.009822262476495817,2.4119161561327556e-05,0.0008221611345593516,mountain,mountain,True
coordination_attack_vulnerability,powerless,0.923852,0.01169449600467401,0.011541953603338276,0.15243235114493528,0.005806094014800853,0.07551575972809221,piton,piton,True
coordination_attack_vulnerability,moderate,0.940518,0.01959183230301248,0.01920482407480567,0.19696079370782113,0.009690552869608623,0.09721017870198678,piton,piton,True
coordination_attack_vulnerability,institutional,-0.035914,3.818827379019244,6.490799073353776,1.807220362680689,0.7624440572461284,0.4740703302730362,piton,piton,True
coordination_attack_vulnerability,analytical,1.164441,0.5784810244814591,0.38460332635164174,0.965011076720516,0.22832973120193625,0.39936477135892856,piton,piton,True
coordination_fatigue,powerless,0.84777,0.0022404599068232833,0.0022017042367035375,0.06659706556358683,0.001108689837512242,0.027166056943808636,snare,snare,True
coordination_fatigue,moderate,0.863064,0.00399985253148815,0.003965611724666869,0.08916548842119713,0.0019872918833622657,0.03730119466231141,snare,snare,True
coordination_fatigue,institutional,-0.032957,7.367044778410137,19.956091640878153,2.783268780758209,1.643590025839789,0.8744039466975407,snare,rope,False
coordination_fatigue,analytical,1.068546,0.26142724510376947,0.2799433151815831,0.7346192508597151,0.13340629749932625,0.35386700553735567,snare,piton,False
coordination_threshold_failure,powerless,0.84777,0.012358913090143451,0.010257694415099465,0.14989892624926957,0.005614792895829455,0.035534239589922856,snare,snare,True
coordination_threshold_failure,moderate,0.863064,0.017586933161107567,0.014004971418310806,0.1768778111396247,0.007816343436970618,0.04086178852079014,snare,snare,True
coordination_threshold_failure,institutional,-0.032957,9.869037713016318,18.946081509654558,2.8993285565780407,1.7583279242518168,0.9210914747549194,snare,rope,False
coordination_threshold_failure,analytical,1.068546,0.11208960806038433,0.055197795596050106,0.3900762492528677,0.037919436880303546,0.07087109079645715,snare,snare,True
copyleft_viral_licensing,powerless,0.054344,1.0401630311659363e-05,1.0429586908835176e-05,0.0045641031515427245,5.207757134409614e-06,0.0006030494305194825,rope,rope,True
copyleft_viral_licensing,moderate,0.055325,1.577159672361782e-05,1.5829204781781837e-05,0.005621421867851821,7.900090753175308e-06,0.0007517991464033591,rope,rope,True
copyleft_viral_licensing,institutional,-0.002113,0.002201800331543881,0.0025033355550225823,0.06848697893926636,0.00117250198973384,0.011314873789067807,rope,rope,True
copyleft_viral_licensing,analytical,0.068497,0.00022431750888041364,0.0002305830005024411,0.021325986946218366,0.00011369835251501208,0.0032417333620789086,rope,rope,True
copyright_protection,powerless,0.434754,0.001205651081576489,0.0012639320229137618,0.049451824915130775,0.0006113395996447088,0.003975518650657378,tangled_rope,tangled_rope,True
copyright_protection,moderate,0.442597,0.001829618011282671,0.0019663518504258798,0.0612011616562766,0.0009363224795816725,0.005139419214383328,tangled_rope,tangled_rope,True
copyright_protection,institutional,-0.016901,1.9779051341088727,7.5109243670916515,2.3380436283129615,1.2178956745862228,0.8496450150594013,tangled_rope,rope,False
copyright_protection,analytical,0.547972,0.029245245188698626,0.04828447174745543,0.267683180486898,0.017886845905219134,0.03744507091688458,tangled_rope,tangled_rope,True
corporate_social_responsibility_theater,powerless,0.597787,0.007161499834665408,0.007194294199774527,0.11980466772142995,0.003587216745102547,0.058506530566021564,piton,piton,True
corporate_social_responsibility_theater,moderate,0.608571,0.010128149672569843,0.010167654373987894,0.1424433620963855,0.005070384002283233,0.06960772743089672,piton,piton,True
corporate_social_responsibility_theater,institutional,-0.023239,3.7738734423989735,14.299264056562047,2.1801136555483542,1.07513003781104,0.6494065287516282,piton,rope,False
corporate_social_responsibility_theater,analytical,0.753462,0.04138644110120608,0.039621310510849744,0.28369376622252235,0.020086824528410895,0.13668048771957853,piton,snare,False
cosmological_evolution_alpha_omega,powerless,0.010869,3.038033571876529e-08,3.041739561163781e-08,0.0002465719238017566,1.5199428428989504e-08,1.6123911121573853e-05,mountain,mountain,True
cosmological_evolution_alpha_omega,moderate,0.011065,4.57194084935152e-08,4.578783828292059e-08,0.00030250158381013776,2.2876801757328442e-08,1.9786029732866278e-05,mountain,mountain,True
cosmological_evolution_alpha_omega,institutional,-0.000423,3.9013992734556925e-06,3.848255251644254e-06,0.0027837673481867498,1.9373398492983175e-06,0.00017958619454132036,mountain,mountain,True
cosmological_evolution_alpha_omega,analytical,0.013699,5.6616915617715e-07,5.691583792324854e-07,0.0010655146473492487,2.838303590726943e-07,6.991973211341752e-05,mountain,mountain,True
cost_of_observation,powerless,0.923852,0.01616086317320525,0.019149836585872205,0.18740390242279198,0.008773633425880344,0.05565900379824529,tangled_rope,tangled_rope,True
cost_of_observation,moderate,0.940518,0.024716412092327417,0.030251741263803957,0.23355464960180727,0.013621453444547873,0.07145212336847592,tangled_rope,tangled_rope,True
cost_of_observation,institutional,-0.035914,3.0889831694974856,19.783941923514476,2.514834412095133,1.3834501224083513,0.8454784928889773,tangled_rope,rope,False
cost_of_observation,analytical,1.164441,0.32786987306037507,0.4971995711002015,0.8928445876426413,0.19600496987048266,0.36090581304422353,tangled_rope,tangled_rope,True
countable_infinity_cardinality,powerless,0.056775,4.315039697043086e-06,4.37272925815775e-06,0.002947453416406634,2.1718700175829424e-06,0.0002157037870914591,mountain,mountain,True
countable_infinity_cardinality,moderate,0.049999,8.894683541411806e-14,8.867601634243823e-14,4.214684851089411e-07,4.439150791021235e-14,3.053098240890506e-08,mountain,mountain,True
countable_infinity_cardinality,institutional,-0.005969,0.0001703234565888212,0.00015601264192465506,0.01805173368361732,8.146571918482396e-05,0.001227204450182139,mountain,mountain,True
countable_infinity_cardinality,analytical,0.069001,3.760524907330905e-05,3.9088490656230234e-05,0.008756267640060012,1.91680251282209e-05,0.0006533885408513962,mountain,mountain,True
couples_residency_match,powerless,0.543443,0.03017656880385126,0.027681452004057614,0.2403666767853533,0.014426657350600803,0.10567763279753739,snare,snare,True
couples_residency_match,moderate,0.553246,0.04412097848279495,0.039523937290654815,0.2888814946257439,0.02082688218585403,0.12518760109960603,snare,snare,True
couples_residency_match,institutional,-0.021126,7.4096539361250935,15.224792425829598,2.875753424357107,1.734942870810581,0.9421714784424293,snare,rope,False
couples_residency_match,analytical,0.684965,0.3642253494269416,0.22326685776517305,0.7489162237759648,0.13858807197304573,0.26862567558425554,snare,snare,True
cow_field_poop,powerless,0.434754,0.0006469384865562878,0.0005806894796201772,0.034741333704374544,0.00030173247971035074,0.0011067701418658925,tangled_rope,tangled_rope,True
cow_field_poop,moderate,0.442597,0.000955274417724909,0.0008571461213976422,0.04208499408180939,0.0004427703436202146,0.0014320060556860905,tangled_rope,tangled_rope,True
cow_field_poop,institutional,-0.016901,2.084792636630856,7.5553996012479,2.3859089375329736,1.262169165907508,0.8721549512444601,tangled_rope,rope,False
cow_field_poop,analytical,0.547972,0.011620309321274943,0.015075402124459346,0.15491711830940577,0.005996829157817903,0.0106853238089609,tangled_rope,tangled_rope,True
creative_commons_licensing,powerless,0.434754,0.0006753419458962076,0.0006032463995139811,0.03543734918670339,0.0003139432156391024,0.0011600645075604391,tangled_rope,tangled_rope,True
creative_commons_licensing,moderate,0.442597,0.0009963918210101586,0.0008898484786597731,0.04290584051991933,0.00046021013714931774,0.001500933876582396,tangled_rope,tangled_rope,True
creative_commons_licensing,institutional,-0.016901,2.1957915672054047,7.617799603850858,2.4260608140385007,1.2996350253831455,0.8850408252600446,tangled_rope,rope,False
creative_commons_licensing,analytical,0.547972,0.012099188505133996,0.015737415913977842,0.15808572769152318,0.006244522111973526,0.011194503916792286,tangled_rope,tangled_rope,True
credentialism_national_security,powerless,0.56518,0.02495626800898402,0.022208170387763973,0.2168953860520157,0.011749380072247597,0.08438559230304266,snare,snare,True
credentialism_national_security,moderate,0.575376,0.03625818217171255,0.03133201197174718,0.25945886491868575,0.01680613557803914,0.09911420754539102,snare,snare,True
credentialism_national_security,institutional,-0.021971,7.28227290050673,16.61195157538478,2.8119877724490783,1.671885096922569,0.8837541029472608,snare,rope,False
credentialism_national_security,analytical,0.712364,0.28304547180880246,0.16065777160221406,0.6459805988056089,0.10341894538096026,0.19948944116418954,snare,snare,True
credibility_inflation,powerless,0.891246,0.006597931462523389,0.00651824897500522,0.11452368485680993,0.003278022753949397,0.05652654168000237,piton,piton,True
credibility_inflation,moderate,0.907324,0.01134271375115617,0.011144094790669037,0.14995060978446073,0.005618663589326986,0.07377279010293669,piton,piton,True
credibility_inflation,institutional,-0.034647,3.753148462286026,7.4662094449311835,1.8288120803618655,0.7794775636560125,0.45115055660482034,piton,piton,True
credibility_inflation,analytical,1.123343,0.4123186600991569,0.296547931193787,0.8328989935848476,0.1709381263196289,0.3522282628870702,piton,piton,True
crisis_signal_saturation,powerless,0.967328,0.020959505946991017,0.020372964378914588,0.20328821156870933,0.010322632270682914,0.09932379933926683,piton,piton,True
crisis_signal_saturation,moderate,0.984778,0.03423982842952321,0.032855348651279495,0.2589850018067848,0.016744889537582165,0.12561670463201968,piton,piton,True
crisis_signal_saturation,institutional,-0.037604,3.55453461230878,5.894940585061988,1.7388733120482691,0.7094859500008894,0.4478293256511603,piton,piton,True
crisis_signal_saturation,analytical,1.219238,0.7809322016810045,0.43570108327411916,1.0658086608363835,0.2773296044519229,0.4083413876669576,piton,piton,True
crispr_genomic_rewrite_2026,powerless,0.434754,0.0005665580128299113,0.0004614081061676754,0.03172230504734537,0.00025157088520965157,0.0010221750853441364,tangled_rope,tangled_rope,True
crispr_genomic_rewrite_2026,moderate,0.442597,0.0008237502653973534,0.000654652761669282,0.03789119584641309,0.000358924944561245,0.0011829611005881118,tangled_rope,tangled_rope,True
crispr_genomic_rewrite_2026,institutional,-0.016901,2.184103920011706,7.580722509408827,2.421974846164733,1.295809239128839,0.8854935771488266,tangled_rope,rope,False
crispr_genomic_rewrite_2026,analytical,0.547972,0.008134897235908985,0.007631951273340992,0.11714553189124394,0.003429788174739457,0.004598923422230781,tangled_rope,tangled_rope,True
critical_actor_overcentralization,powerless,0.956459,0.01858127650004962,0.01824804841281784,0.19190351465966377,0.00919967823072735,0.09486359829064084,piton,piton,True
critical_actor_overcentralization,moderate,0.973713,0.030572422232963997,0.029737419723136357,0.24556217385652795,0.015056266361960832,0.12076784183584277,piton,piton,True
critical_actor_overcentralization,institutional,-0.037182,3.8019568916436666,6.415745521217592,1.8076361396398997,0.7627707041973416,0.4777931035762004,piton,piton,True
critical_actor_overcentralization,analytical,1.205539,0.7567438994966167,0.45277320234083707,1.0706795694873623,0.27980931317879393,0.42684157601531525,piton,piton,True
crop_defense_dependency,powerless,0.652131,0.021556049192053273,0.01861084191939574,0.20001064942779928,0.009992732640921579,0.06727422091345703,snare,snare,True
crop_defense_dependency,moderate,0.663895,0.03107598457936088,0.025905051036719803,0.23796452303800247,0.014140085237098829,0.07830616880405039,snare,snare,True
crop_defense_dependency,institutional,-0.025351,8.005708906316034,19.085201361857347,2.8090186637234056,1.6689565799295705,0.8338974479285081,snare,rope,False
crop_defense_dependency,analytical,0.821958,0.22526901524458487,0.11833476099270086,0.5635179859984493,0.07886431173828613,0.14713737463163035,snare,snare,True
cross_domain_coupling_spiral,powerless,0.956459,0.018250295850129564,0.01777876628314179,0.1898007476872271,0.008999323859923726,0.09280099520880702,piton,piton,True
cross_domain_coupling_spiral,moderate,0.973713,0.029960704083079076,0.02884492451492819,0.24246516071949142,0.014679346377236089,0.11775429765240486,piton,piton,True
cross_domain_coupling_spiral,institutional,-0.037182,3.5597624175344267,5.97755702585241,1.7407542864351033,0.7109235201736828,0.4457079486517637,piton,piton,True
cross_domain_coupling_spiral,analytical,1.205539,0.719251587922269,0.4160686730944425,1.0339172418854232,0.26134727092335586,0.4006560920169012,piton,piton,True
cs_ecmo_bridge,powerless,0.597787,0.00011754801609661187,9.460409844020121e-05,0.014437077497040813,5.210707540019148e-05,0.00016511764535925467,tangled_rope,tangled_rope,True
cs_ecmo_bridge,moderate,0.608571,0.00017026253473566158,0.00013263308935253774,0.01717821452538928,7.37723100362922e-05,0.0001850048117000905,tangled_rope,tangled_rope,True
cs_ecmo_bridge,institutional,-0.023239,2.7912872449413024,17.185516607030415,2.633971024258411,1.4978110009041363,0.9383884610890779,tangled_rope,rope,False
cs_ecmo_bridge,analytical,0.753462,0.0016152951221074957,0.0016271310307037822,0.051946620197196654,0.0006745749131239299,0.0009004373017242264,tangled_rope,tangled_rope,True
cuba_mandatrophic_collapse,powerless,0.494,0.34499263232138583,1.0942777806725108,1.0508986959194169,0.26980272954167805,0.303420471969031,snare,snare,True
cuba_mandatrophic_collapse,moderate,1.051168,0.0008400731764286566,0.0006573430942983069,0.03847877611218802,0.00037014263507875424,0.00201564607382525,snare,snare,True
cuba_mandatrophic_collapse,institutional,-0.040139,9.823539042347207,20.7322919264711,3.0866674219440164,1.9450816721521769,0.9960969476051416,snare,rope,False
cuba_mandatrophic_collapse,analytical,1.301434,0.004696621275548814,0.00239010152118952,0.08065153198768606,0.0016259470465664362,0.0033776192303200453,snare,snare,True
cuban_missile_crisis_excomm_deliberation,powerless,0.217377,0.022234811823345486,0.024211700471886016,0.21535934037645044,0.011583712203590437,0.09270173041816054,rope,rope,True
cuban_missile_crisis_excomm_deliberation,moderate,0.221298,0.034828838414058136,0.038515593147680514,0.27054782462587923,0.018271143822056655,0.11804429839696806,rope,rope,True
cuban_missile_crisis_excomm_deliberation,institutional,-0.00845,0.2686841478644394,0.13727281349259962,0.6099801481733979,0.09230013359047859,0.1670853390887792,rope,rope,True
cuban_missile_crisis_excomm_deliberation,analytical,0.273986,0.655925128439576,0.694531331347292,1.1592046790639061,0.3266389775437579,0.539522925064736,rope,tangled_rope,False
cultural_homogenization_social_media,powerless,0.597787,0.03200463678914902,0.029051135515933666,0.2468761714798375,0.015217623753082145,0.10624353685747223,snare,snare,True
cultural_homogenization_social_media,moderate,0.608571,0.0466386401267342,0.041241545642238156,0.29602249139417613,0.021867363792168935,0.12538285212331213,snare,snare,True
cultural_homogenization_social_media,institutional,-0.023239,6.783787424111803,17.650913499029386,2.6794166339117957,1.5419265059841774,0.8255272370283135,snare,rope,False
cultural_homogenization_social_media,analytical,0.753462,0.37088271971096337,0.21923889176156394,0.7479650954007206,0.13824038991989088,0.25962792530213485,snare,snare,True
cultural_memory_decay,powerless,0.880377,0.0028985782425112495,0.002976994444902424,0.07660711302568275,0.001466983069835865,0.025997959922913955,snare,snare,True
cultural_memory_decay,moderate,0.896259,0.005049225023188362,0.005266784440532149,0.10148562336499699,0.0025742805044737535,0.035172541303527344,snare,snare,True
cultural_memory_decay,institutional,-0.034224,8.13875156573653,20.75198586993065,2.9132437878555146,1.7721469294009975,0.9048905256211198,snare,rope,False
cultural_memory_decay,analytical,1.109644,0.3080390389218567,0.39320306047446735,0.8318156765357018,0.1705001756178711,0.37033186953526565,snare,piton,False
cultural_refragmentation_2026,powerless,0.782557,2.039382240593378e-05,2.027434255238731e-05,0.006376216576740897,1.016402584947145e-05,0.0029131373859347387,snare,snare,True
cultural_refragmentation_2026,moderate,0.796674,0.00011389866616823806,0.00011407959284351604,0.015098093274329724,5.6987834493340696e-05,0.007002916814243421,snare,snare,True
cultural_refragmentation_2026,institutional,-0.030421,5.629695549949854,12.598284327350108,2.351673645739493,1.230458378490462,0.684987390914288,snare,rope,False
cultural_refragmentation_2026,analytical,0.98635,0.08384296415672926,0.08800096257091514,0.4144383596770778,0.04278635613106742,0.2026947963303986,snare,piton,False
cumbria_mine_rejection,powerless,0.706475,0.0053771674741692034,0.004431926699657282,0.09869428939033408,0.0024346465704939094,0.01596402402045749,snare,snare,True
cumbria_mine_rejection,moderate,0.71922,0.00767769117748059,0.006064514415751809,0.11661696722541232,0.0033989161054571965,0.018365155465426386,snare,snare,True
cumbria_mine_rejection,institutional,-0.027464,8.68187595584075,20.652253435759715,3.0000120231544085,1.8585375897033962,0.9644185274879225,snare,rope,False
cumbria_mine_rejection,analytical,0.890455,0.051488015661441316,0.024589022544784123,0.26199410047784744,0.017135701754035813,0.032053255710234096,snare,snare,True
cuny_light_2026,powerless,0.055718,1.1085807995644926e-05,1.0979282582169948e-05,0.004697306472426295,5.5161694883591675e-06,0.0007384681274963389,rope,rope,True
cuny_light_2026,moderate,0.050431,6.543774729001229e-08,6.539045863205445e-08,0.00036170180132297,3.27070480620704e-08,5.772746390364514e-05,rope,rope,True
cuny_light_2026,institutional,-0.002113,0.001683315237277749,0.0018895242058462923,0.0596951786015969,0.0008908124503117928,0.010175563762215845,rope,rope,True
cuny_light_2026,analytical,0.068497,0.00010767692720981101,0.00010422293202763297,0.014555219898963516,5.296337281533812e-05,0.0021820579704826537,rope,rope,True
currys_paradox,powerless,0.217377,0.004974509973593755,0.005153255776266356,0.1006127360367227,0.002530196991745842,0.04585819648940326,mountain,mountain,True
currys_paradox,moderate,0.221298,0.0076401292086642845,0.007979185470092465,0.1249303403513984,0.0039006289164179244,0.057100878996762305,mountain,mountain,True
currys_paradox,institutional,-0.00845,0.20122178851765343,0.14298165807193675,0.5801186060248789,0.0835461680013078,0.21752401901479346,mountain,mountain,True
currys_paradox,analytical,0.273986,0.12634291727532207,0.15148264160966896,0.5219172600193863,0.06771382200416146,0.2396890207923515,mountain,rope,False
cz_plea_agreement_2026,powerless,0.923852,0.0016513926963546335,0.0013417032983594035,0.054488382079849,0.0007422000358023091,0.00471793727756642,snare,snare,True
cz_plea_agreement_2026,moderate,0.940518,0.002334376080317501,0.0018149162839978135,0.0640334295443107,0.0010249824637470456,0.005393616255203959,snare,snare,True
cz_plea_agreement_2026,institutional,-0.035914,9.43810710369285,19.71177425387865,3.0465272299921993,1.9049703701737872,0.9898325423851383,snare,rope,False
cz_plea_agreement_2026,analytical,1.164441,0.013972027046231085,0.006744343764618997,0.13693187115710342,0.004685753500165833,0.009061861474075172,snare,snare,True
damped_harmonics,powerless,0.271721,0.002585639033663228,0.0029424500107184497,0.07419111142009716,0.0013759224609366674,0.01579524111348618,mountain,mountain,True
damped_harmonics,moderate,0.276623,0.004076700632523392,0.004796654755951867,0.09387583062433584,0.0022027634278263693,0.020285816666258172,mountain,mountain,True
damped_harmonics,institutional,-0.010563,0.05983764207859115,0.029676892430837914,0.2854040461209591,0.02032933357643159,0.03984594388188345,mountain,mountain,True
damped_harmonics,analytical,0.342483,0.12410795681266859,0.29061943259121775,0.5890541667083965,0.08612093792772241,0.16541363231707873,mountain,mountain,True
dark_patterns_manipulation,powerless,0.923852,0.0014381841015449269,0.001167997295529977,0.05084391251895854,0.0006462410547681546,0.004108053998644223,snare,snare,True
dark_patterns_manipulation,moderate,0.940518,0.002032851340589339,0.0015797459173171973,0.059747524703099845,0.0008923753079989291,0.004695972519479841,snare,snare,True
dark_patterns_manipulation,institutional,-0.035914,9.97391375614566,21.23197922273967,3.0761272845141243,1.9345463205432776,0.9911722459802995,snare,rope,False
dark_patterns_manipulation,analytical,1.164441,0.012162002717110758,0.005866113276569742,0.12772584215727598,0.0040770867155072756,0.00788595126494085,snare,snare,True
data_laundering_pipeline,powerless,0.934721,0.013905526891419648,0.01392629290381614,0.1668279198658646,0.00695385529598528,0.08329103163616058,snare,piton,False
data_laundering_pipeline,moderate,0.951583,0.02324744797561229,0.02321181669196655,0.21554266962181268,0.011603423263219904,0.10754017301146179,snare,piton,False
data_laundering_pipeline,institutional,-0.036337,4.4798164849016855,9.058664226311366,2.03153828025336,0.9460671880603011,0.5488539433970232,snare,piton,False
data_laundering_pipeline,analytical,1.17814,0.6943938259183325,0.4841190559894425,1.070795999688658,0.2798687110183083,0.4621919691919689,snare,piton,False
data_privacy_regulation,powerless,0.597787,0.0356851614322242,0.03303454278948256,0.26199615861362674,0.017135970594368864,0.11957032406074841,snare,snare,True
data_privacy_regulation,moderate,0.608571,0.05220262184909676,0.04724593716215123,0.3150561957462394,0.024763828275224106,0.14187781233722596,snare,snare,True
data_privacy_regulation,institutional,-0.023239,6.399378660219657,17.20284245872875,2.6265978288913376,1.4906774524974873,0.8071763472435554,snare,rope,False
data_privacy_regulation,analytical,0.753462,0.4285839432466854,0.26568728045201373,0.8148559395828161,0.16371395322370733,0.3054354654208995,snare,snare,True
data_replication_paradox,powerless,0.521705,0.03550105839736685,0.035634050176056906,0.2667076945815827,0.01775691054322642,0.1328924877672733,tangled_rope,snare,False
data_replication_paradox,moderate,0.531116,0.05291639711071154,0.052822582475042394,0.32516826204647753,0.026375423009581664,0.1618290155611835,tangled_rope,snare,False
data_replication_paradox,institutional,-0.020281,4.565455415298429,12.344250304797603,2.492727399064331,1.3624578733908157,0.810500223525368,tangled_rope,rope,False
data_replication_paradox,analytical,0.657567,0.5260275919831895,0.4174151939299248,0.9656121212284207,0.2286086959266535,0.4396422688411897,tangled_rope,snare,False
dead_sea_effect,powerless,0.543443,0.019036690861060367,0.019585408192303796,0.19578784568484,0.009575569398123977,0.051966115041155475,tangled_rope,tangled_rope,True
dead_sea_effect,moderate,0.553246,0.028702727925235358,0.029970002881243386,0.24092840073094723,0.014494083121392368,0.06659571770245909,tangled_rope,tangled_rope,True
dead_sea_effect,institutional,-0.021126,6.557203713583218,11.389329238249669,2.9842221172980756,1.8427918033517554,0.9448636404300813,tangled_rope,rope,False
dead_sea_effect,analytical,0.684965,0.3809172978778506,0.486067693679973,0.9061824767236111,0.20180355974672864,0.36108912343311944,tangled_rope,tangled_rope,True
debt_service_squeeze,powerless,0.739082,0.008358758906835321,0.006913182515976682,0.12316239123809833,0.003791045379357721,0.02453220666905398,snare,snare,True
debt_service_squeeze,moderate,0.752415,0.011930581904308889,0.009460710348810452,0.14552102367992678,0.005291756877758074,0.028231357778856436,snare,snare,True
debt_service_squeeze,institutional,-0.028731,9.00330716083258,19.778105639609837,2.95603430596876,1.8147077514302108,0.9453559879065435,snare,rope,False
debt_service_squeeze,analytical,0.931553,0.07934194930327991,0.038208518710541435,0.32602277055446593,0.026513921407974185,0.049289578683878954,snare,snare,True
debt_trap_microfinance,powerless,0.597787,0.03200463678914902,0.029051135515933666,0.2468761714798375,0.015217623753082145,0.10624353685747223,snare,snare,True
debt_trap_microfinance,moderate,0.427104,0.29994624828926086,0.3031173019050031,0.7762876432480731,0.1487736727450177,0.37834397418142274,snare,tangled_rope,False
debt_trap_microfinance,institutional,-0.023239,6.783787424111803,17.650913499029386,2.6794166339117957,1.5419265059841774,0.8255272370283135,snare,rope,False
debt_trap_microfinance,analytical,0.753462,0.37088271971096337,0.21923889176156394,0.7479650954007206,0.13824038991989088,0.25962792530213485,snare,snare,True
decentralized_infrastructure_rope,powerless,0.086951,9.807675374390452e-05,0.00010020241282881882,0.014080556568254118,4.9565313589944035e-05,0.0028231982008323983,rope,rope,True
decentralized_infrastructure_rope,moderate,0.088519,0.00015169012175188083,0.00015577444615881445,0.01753350686193469,7.685547348414361e-05,0.003529086255474219,rope,rope,True
decentralized_infrastructure_rope,institutional,-0.00338,0.0037800599419961847,0.00414641024433321,0.08886067011551928,0.00197372995372489,0.011398111053155854,rope,rope,True
decentralized_infrastructure_rope,analytical,0.109594,0.002693988700777827,0.002991584325856795,0.07532461163493348,0.0014182816208857594,0.01664768839010089,rope,rope,True
decision_latency_mismatch,powerless,0.739082,0.0480415621239544,0.047002089788776014,0.30827556849874505,0.023711455081656226,0.15267396289761054,tangled_rope,snare,False
decision_latency_mismatch,moderate,0.752415,0.0707892655870877,0.0683713397357095,0.37299468022535753,0.03468056334978306,0.18365837270392987,tangled_rope,snare,False
decision_latency_mismatch,institutional,-0.028731,6.065825083830391,18.382834159032345,2.521500325363608,1.3897948004940184,0.8066809368561109,tangled_rope,rope,False
decision_latency_mismatch,analytical,0.931553,0.6041203263665759,0.42651931427666984,1.002551752800262,0.24605967992986244,0.4321527593715427,tangled_rope,snare,False
deep_earth_hydrogen_availability,powerless,0.163033,6.555853499991112e-05,6.84443775584803e-05,0.011573903552559179,3.3488717402414684e-05,0.0010311896104548968,mountain,mountain,True
deep_earth_hydrogen_availability,moderate,0.165974,0.00010066144963186275,0.00010615442327946405,0.014377198040626052,5.167573334170724e-05,0.0012906535323519153,mountain,mountain,True
deep_earth_hydrogen_availability,institutional,-0.006338,0.0029453094807515663,0.0020958172081353105,0.0702337002584405,0.0012330664377591468,0.004854687764111798,mountain,mountain,True
deep_earth_hydrogen_availability,analytical,0.20549,0.0016504215461548915,0.0020176968340102496,0.060324995534852974,0.0009097072992562513,0.00607575653816117,mountain,mountain,True
deferential_realism_framework,powerless,0.217377,0.03176013902829502,0.03081487805785686,0.2501223146059297,0.015619918793249253,0.12096366943732173,tangled_rope,tangled_rope,True
deferential_realism_framework,moderate,0.221298,0.048331709169072416,0.046283117633662274,0.3075285458451815,0.02359690392537874,0.14783211681888497,tangled_rope,tangled_rope,True
deferential_realism_framework,institutional,-0.00845,0.6398056590528388,0.4342821192345196,1.0202840722615605,0.25464967992957255,0.42943060394600363,tangled_rope,rope,False
deferential_realism_framework,analytical,0.273986,0.6111511447515342,0.3987547307887152,0.985996286236502,0.2381642172502706,0.40487735163655647,tangled_rope,tangled_rope,True
deferred_risk_realization,powerless,0.891246,0.007177641278277519,0.005891942892183939,0.11390524227708906,0.0032427244036887684,0.020533772446509238,snare,snare,True
deferred_risk_realization,moderate,0.907324,0.010177552804409866,0.00800456856576365,0.13411331478260913,0.004494910605584012,0.023538971622144772,snare,snare,True
deferred_risk_realization,institutional,-0.034647,10.372960369535548,20.02961953228427,2.9807552513411038,1.8393359021055842,0.9552932712358958,snare,rope,False
deferred_risk_realization,analytical,1.123343,0.06269757053918339,0.030555921665808786,0.2908672361541679,0.021113683361817646,0.040129911129818535,snare,snare,True
delayed_feedback_instability,powerless,0.869508,0.003987813998059172,0.0032520662994957616,0.08475620461044965,0.001795634798616554,0.0113677165517143,snare,snare,True
delayed_feedback_instability,moderate,0.885194,0.005653277260863274,0.004412396609424261,0.09975157431149279,0.0024870785101109034,0.013016927649539907,snare,snare,True
delayed_feedback_instability,institutional,-0.033802,9.834226639974895,20.16867897250209,3.017543662116905,1.876030530094931,0.975508562792899,snare,rope,False
delayed_feedback_instability,analytical,1.095945,0.03496239159803298,0.016731387479471317,0.2160356967838396,0.01165651507818818,0.022053139340406,snare,snare,True
delta_force_selection_2026,powerless,0.999934,0.026982855897965452,0.02857582225489455,0.23563459810555593,0.013864866731303434,0.11040724899824439,snare,snare,True
delta_force_selection_2026,moderate,1.017973,0.044681040518188275,0.04774766999223348,0.30389161321687824,0.023043142820021234,0.14386219365042707,snare,snare,True
delta_force_selection_2026,institutional,-0.038872,6.049912458586157,15.737500067266494,2.5334586866355835,1.4011938206684986,0.7251687030500642,snare,rope,False
delta_force_selection_2026,analytical,1.260336,1.2793350152480545,0.9405947600134132,1.4699664498905998,0.5163159951316636,0.6467533503562175,snare,piton,False
demand_response_cost_shift,powerless,0.521705,0.034857630072868476,0.03367101040121901,0.26174700084745256,0.01710344006328126,0.1280264685974185,snare,snare,True
demand_response_cost_shift,moderate,0.531116,0.051529669522553986,0.04910641754356509,0.31715650023238934,0.025094407671858006,0.15402224583658397,snare,snare,True
demand_response_cost_shift,institutional,-0.020281,5.3596052133083205,12.78886666962638,2.595346354218145,1.4605197365779092,0.833509583613807,snare,rope,False
demand_response_cost_shift,analytical,0.657567,0.47144164013331413,0.33328271776926516,0.886273080766965,0.19317752268125282,0.37499234929256575,snare,snare,True
demographic_inertia_trap,powerless,0.84777,0.00640899277714544,0.00525273945209842,0.10758931346258506,0.002893167288887441,0.01832241491934139,snare,snare,True
demographic_inertia_trap,moderate,0.863064,0.00910074725166479,0.007143172186060799,0.12675215612640092,0.004015183076374194,0.021010310525851006,snare,snare,True
demographic_inertia_trap,institutional,-0.032957,9.77494111600019,19.59101501623558,2.9753564037936124,1.8339550946832965,0.9601988372467904,snare,rope,False
demographic_inertia_trap,analytical,1.068546,0.05718905465007398,0.027488115535610768,0.2766495545108361,0.01910325510744675,0.03587336965011491,snare,snare,True
denmark_asylum_outsourcing,powerless,0.815164,0.00204531992837782,0.0016630404497716695,0.060652338473156,0.0009196060589812387,0.005845644890100088,snare,snare,True
denmark_asylum_outsourcing,moderate,0.829869,0.0029038222232503105,0.0022582966679853852,0.07142324232573068,0.0012751843551073764,0.006694557822779612,snare,snare,True
denmark_asylum_outsourcing,institutional,-0.031689,8.972530500616315,20.70269703344843,3.0481906513790453,1.9066319454580896,0.9873629360712687,snare,rope,False
denmark_asylum_outsourcing,analytical,1.027448,0.018359268861381093,0.00863661964652079,0.15575014784808613,0.0060614628840570525,0.011352937670539536,snare,snare,True
devotional_transformation,powerless,0.489098,0.0017246084133039708,0.001318383181338131,0.054700739315684144,0.0007479960909241186,0.004017374547999997,tangled_rope,tangled_rope,True
devotional_transformation,moderate,0.497921,0.0024829330811397647,0.0017929753503354209,0.0646066404667896,0.0010434137594546218,0.004596524602132779,tangled_rope,tangled_rope,True
devotional_transformation,institutional,-0.019013,4.701464637333081,9.36772030972063,2.9117922726131247,1.7707049248520697,0.9836714131519118,tangled_rope,rope,False
devotional_transformation,analytical,0.616469,0.018972073723511205,0.006582852593918503,0.1432958583356231,0.005131230124771261,0.007462796297140084,tangled_rope,tangled_rope,True
dexy_gold_protocol,powerless,0.217377,0.02696679548938919,0.028596499710329387,0.2356341040074371,0.013864808652640306,0.1096665950628648,rope,rope,True
dexy_gold_protocol,moderate,0.221298,0.041942928401046145,0.04484853386035648,0.29446321495558925,0.021638016301734845,0.1381670601214121,rope,rope,True
dexy_gold_protocol,institutional,-0.00845,0.3624192045941714,0.19467596080938482,0.7188608079288444,0.12780534829443463,0.22519320147442612,rope,rope,True
dexy_gold_protocol,analytical,0.273986,0.7022621192427291,0.6467766424809457,1.1582352038144512,0.3261082010337491,0.5347091227177194,rope,tangled_rope,False
digital_credentialing_verification,powerless,0.338,1.4785919229663673,1.6316463287952212,1.7393557930650063,0.7098545864278328,0.7624525886195913,snare,tangled_rope,False
digital_credentialing_verification,moderate,0.71922,0.02094672754120546,0.016945313346401793,0.193838928227743,0.009386031856438892,0.050638174873448794,snare,snare,True
digital_credentialing_verification,institutional,-0.027464,8.735648335031216,19.373538152395476,2.886929998418352,1.746024939453927,0.8987039305814551,snare,rope,False
digital_credentialing_verification,analytical,0.890455,0.14399735454308762,0.0716556082131382,0.44346772967798126,0.04896479612754114,0.09085893027300151,snare,snare,True
digital_euro_cbdc,powerless,0.597787,0.026770110028261424,0.023775843519093846,0.22452663695786712,0.012589821823894778,0.0879535031312938,snare,snare,True
digital_euro_cbdc,moderate,0.608571,0.038848643644438796,0.03348428541116737,0.2683886927228118,0.017981114438806248,0.10319880182354724,snare,snare,True
digital_euro_cbdc,institutional,-0.023239,7.186816584122916,18.023124953980986,2.742600703655645,1.6036493450165799,0.8332421023893136,snare,rope,False
digital_euro_cbdc,analytical,0.753462,0.29885442439352294,0.16796442012324345,0.6618623462819043,0.10851961348269293,0.20537691891346255,snare,snare,True
digital_identity_tether,powerless,0.630393,0.01139160644795477,0.00960776734574228,0.1445177130910757,0.005219070876644264,0.03567233821670579,snare,snare,True
digital_identity_tether,moderate,0.641765,0.01636309022214596,0.013276920293675696,0.17145820244353596,0.007344978662323945,0.04130071555711934,snare,snare,True
digital_identity_tether,institutional,-0.024506,8.776446062412127,21.50395680863344,2.982386635067894,1.8409620667276958,0.9366656438074243,snare,rope,False
digital_identity_tether,analytical,0.79456,0.11596076458587877,0.058095887316637194,0.3987927349547935,0.039627354902484944,0.07524628376384901,snare,snare,True
dionysiac_frenzy,powerless,0.416,0.7287202623768362,1.6854087766647372,1.4404857210393676,0.49670886306570267,0.5389616488082543,snare,tangled_rope,False
dionysiac_frenzy,moderate,0.885194,0.003233998868093248,0.0025145264526673975,0.07537012859707222,0.0014199960069752903,0.0074339924602288,snare,snare,True
dionysiac_frenzy,institutional,-0.033802,9.889717793630245,21.204107267415054,3.0629810473196626,1.921408633949511,0.986062807442485,snare,rope,False
dionysiac_frenzy,analytical,1.095945,0.01992830957653977,0.00947671354425567,0.1627990442402787,0.006622224483078019,0.012544706911642445,snare,snare,True
discover_core_2026,powerless,0.630393,0.0072828161211958165,0.006083336172834395,0.11526136860333427,0.00332037662437495,0.022705874148765348,snare,snare,True
discover_core_2026,moderate,0.641765,0.010443423756783742,0.008379696412401494,0.13657483777375595,0.004661359762448636,0.026228716351968995,snare,snare,True
discover_core_2026,institutional,-0.024506,8.368344338863675,21.194278593775024,2.991592403103459,1.8501403356723451,0.947259432513843,snare,rope,False
discover_core_2026,analytical,0.79456,0.07312284854271438,0.03592027059666259,0.3148590960192195,0.024732917375732442,0.047140853857308596,snare,snare,True
disney_openai_ip_exclusivity,powerless,0.597787,0.029346012217353147,0.02632615477584283,0.23568708569471855,0.013871037064707773,0.09686596063853392,snare,snare,True
disney_openai_ip_exclusivity,moderate,0.608571,0.04266785194662782,0.03721128094308673,0.28212954841888827,0.019866293989186032,0.11395687532937648,snare,snare,True
disney_openai_ip_exclusivity,institutional,-0.023239,7.137176805152684,18.017843845166492,2.739943105546898,1.601044806833022,0.8403508052544587,snare,rope,False
disney_openai_ip_exclusivity,analytical,0.753462,0.3331999099586351,0.19161825486313885,0.7034401036903123,0.12243695694349706,0.23088253844535667,snare,snare,True
djia_as_economic_barometer,powerless,0.521705,0.01231386577133664,0.012041764967773982,0.15603568546551114,0.006083696999615049,0.07559335877715212,snare,snare,True
djia_as_economic_barometer,moderate,0.531116,0.017808115434117408,0.017293990391703984,0.1873040136705479,0.00876428982893291,0.09047811521750004,snare,snare,True
djia_as_economic_barometer,institutional,-0.020281,5.018099037211445,13.187450378554592,2.5710547878235586,1.4371689486001842,0.843741520995888,snare,rope,False
djia_as_economic_barometer,analytical,0.657567,0.11970342782889226,0.1030928887046666,0.46958672973947085,0.05487513177860584,0.21646505363998292,snare,snare,True
dk_foreign_convict_expulsion,powerless,0.815164,0.001956798778617525,0.0015907910011123533,0.05932262975550358,0.0008797290991034672,0.005592215311890469,snare,snare,True
dk_foreign_convict_expulsion,moderate,0.829869,0.002778065871444918,0.002160071657226721,0.06985590827770809,0.0012198379597664168,0.006404084613945815,snare,snare,True
dk_foreign_convict_expulsion,institutional,-0.031689,9.783774502030441,21.994032145197266,3.081260484700727,1.9396769809996557,0.9879697521134938,snare,rope,False
dk_foreign_convict_expulsion,analytical,1.027448,0.01756088415496871,0.00825836017762995,0.15231134187955014,0.005796883728103616,0.010858105817283395,snare,snare,True
dk_us_alliance_espionage,powerless,0.286,1.4339540612091246,1.3607915937713844,1.5542513453746933,0.5741358924475088,0.6670878796463116,snare,tangled_rope,False
dk_us_alliance_espionage,moderate,0.608571,0.04258172952207154,0.037126214335699174,0.28182523804056103,0.019823531665099123,0.11371437591046674,snare,snare,True
dk_us_alliance_espionage,institutional,-0.023239,7.068922494278186,17.870986032683383,2.7256442714139557,1.587043660582776,0.8304730160595951,snare,rope,False
dk_us_alliance_espionage,analytical,0.753462,0.33241072460682825,0.19106276347534393,0.7025015077072139,0.12211380513031371,0.23029334659146816,snare,snare,True
dldr_information_policy,powerless,0.217377,0.021120462627294098,0.023104066042621926,0.21012830545340638,0.011028325927218774,0.08871113647273943,rope,rope,True
dldr_information_policy,moderate,0.221298,0.03312642667149339,0.03684994247788596,0.26423121639416886,0.017429160299878822,0.11317361389710268,rope,rope,True
dldr_information_policy,institutional,-0.00845,0.2494919896840624,0.12640274268049065,0.586321246229868,0.08532939279609493,0.15576769934744983,rope,rope,True
dldr_information_policy,analytical,0.273986,0.6392708121949375,0.6970241296780628,1.1526017195624456,0.3230317204846604,0.5353900812637918,rope,tangled_rope,False
dn_paywall,powerless,0.56518,0.03305431401144163,0.03053485980905135,0.2520181223746419,0.015857284627665013,0.11375918036972565,snare,snare,True
dn_paywall,moderate,0.575376,0.04837279399166646,0.04368452268416835,0.30310928949262583,0.02292488013624103,0.13497830049107185,snare,snare,True
dn_paywall,institutional,-0.021971,6.4439572132431335,15.722568292214824,2.686837661058221,1.549153402509804,0.8416325673989039,snare,rope,False
dn_paywall,analytical,0.712364,0.4007426531099627,0.24872537607707063,0.7882607080156916,0.15333827560746777,0.2919830531863422,snare,snare,True
doomsday_clock_framework,powerless,0.597787,0.004631599853525655,0.0038684203164063976,0.09191483940275263,0.0021117127100608846,0.014940698609481107,snare,snare,True
doomsday_clock_framework,moderate,0.608571,0.006644480737085712,0.005332285063855392,0.10894120136084452,0.0029663127973731476,0.01726552094845013,snare,snare,True
doomsday_clock_framework,institutional,-0.023239,8.303108389201622,21.278821810380485,3.0367539038247324,1.8952092561320728,0.9642639375573546,snare,rope,False
doomsday_clock_framework,analytical,0.753462,0.04683555602565264,0.023088279412702663,0.2522341275866153,0.015884442840016225,0.031153800360896655,snare,snare,True
drc_rwanda_peace_deal_2024,powerless,0.597787,0.03469639509538029,0.03193518472540509,0.25796324770536455,0.016613208317431075,0.1159512688847033,snare,snare,True
drc_rwanda_peace_deal_2024,moderate,0.608571,0.05069846591684362,0.045573285000002656,0.30994336318563503,0.023968195646814214,0.13736129143201115,snare,snare,True
drc_rwanda_peace_deal_2024,institutional,-0.023239,6.69748664226829,17.97040312719249,2.687007086471083,1.5493184686855694,0.8550662516812058,snare,rope,False
drc_rwanda_peace_deal_2024,analytical,0.753462,0.41226969318393486,0.2519790851633749,0.796042775483812,0.15634060305494774,0.2922490573781409,snare,snare,True
dsa_transparency_requirements,powerless,0.597787,0.023214854224102355,0.02036302988568059,0.20841602983077392,0.010849486877268841,0.07582695286059304,snare,snare,True
dsa_transparency_requirements,moderate,0.608571,0.033610899622978606,0.02855063318855345,0.24869792705831228,0.015442750497421292,0.08868527878316923,snare,snare,True
dsa_transparency_requirements,institutional,-0.023239,7.504738404069763,18.518818385456136,2.801124152071365,1.661173563194008,0.8542981410272533,snare,rope,False
dsa_transparency_requirements,analytical,0.753462,0.25394366982714484,0.13879693447526412,0.6052539482316903,0.09088626059684168,0.1727835513974082,snare,snare,True
dunbars_number,powerless,0.055718,2.292205204897583e-06,2.318017621435798e-06,0.002147117697962633,1.1525284919116051e-06,0.00013620940044178909,mountain,mountain,True
dunbars_number,moderate,0.050431,1.24522848822021e-08,1.2462623637245585e-08,0.00015784455904107602,6.228726284394211e-09,9.933332811074003e-06,mountain,mountain,True
dunbars_number,institutional,-0.002113,0.00011524451241004077,0.0001060779858310116,0.014867277209099455,5.525872844052095e-05,0.0008784072507080102,mountain,mountain,True
dunbars_number,analytical,0.068497,2.671830169582592e-05,2.7744440225320408e-05,0.007378904813241736,1.361204362013539e-05,0.0004778686829596257,mountain,mountain,True
dunning_kruger_effect,powerless,0.597787,0.02860606222724972,0.025585410493485963,0.2325173205909868,0.013500859258119797,0.09428965800890476,snare,snare,True
dunning_kruger_effect,moderate,0.608571,0.04156822251304883,0.03612464173709696,0.2782163984889926,0.019319905824819374,0.11083791039091584,snare,snare,True
dunning_kruger_effect,institutional,-0.023239,7.294725079464877,18.29299027361029,2.7680365592011027,1.6286121022383255,0.8570816986379809,snare,rope,False
dunning_kruger_effect,analytical,0.753462,0.3231429384582827,0.184552689204042,0.6913810339700726,0.11831660456735875,0.22334973599473074,snare,snare,True
dutch_minority_govt_2026,powerless,0.521705,0.03331817196297548,0.034602466126356944,0.2605780051988332,0.0169512245954915,0.1269132283504255,tangled_rope,tangled_rope,True
dutch_minority_govt_2026,moderate,0.531116,0.050045642848397444,0.05208350794240978,0.31952301007631256,0.025469496223588135,0.15633443570240113,tangled_rope,tangled_rope,True
dutch_minority_govt_2026,institutional,-0.020281,3.9765346680789064,12.255137516784982,2.4409906380054345,1.3136388991534742,0.8164888562053494,tangled_rope,rope,False
dutch_minority_govt_2026,analytical,0.657567,0.542037345735828,0.4830132739154938,1.010315229168818,0.24980358310564404,0.47773415535451064,tangled_rope,snare,False
dwp_carers_allowance_cliff,powerless,0.923852,0.0014381841015449269,0.001167997295529977,0.05084391251895854,0.0006462410547681546,0.004108053998644223,snare,snare,True
dwp_carers_allowance_cliff,moderate,0.940518,0.002032851340589339,0.0015797459173171973,0.059747524703099845,0.0008923753079989291,0.004695972519479841,snare,snare,True
dwp_carers_allowance_cliff,institutional,-0.035914,9.97391375614566,21.23197922273967,3.0761272845141243,1.9345463205432776,0.9911722459802995,snare,rope,False
dwp_carers_allowance_cliff,analytical,1.164441,0.012162002717110758,0.005866113276569742,0.12772584215727598,0.0040770867155072756,0.00788595126494085,snare,snare,True
e2ee_digital_privacy_2026,powerless,0.054344,3.501607002962318e-05,3.5161584902385014e-05,0.00837718485073876,1.754428085557349e-05,0.0027628770679443138,rope,rope,True
e2ee_digital_privacy_2026,moderate,0.055325,5.387904507471583e-05,5.416350754732034e-05,0.01039430345388866,2.701032527621615e-05,0.0034420169410133428,rope,rope,True
e2ee_digital_privacy_2026,institutional,-0.002113,0.0022395697531372057,0.0025390450158509544,0.0690199560544572,0.0011908203935725292,0.0110449911639342,rope,rope,True
e2ee_digital_privacy_2026,analytical,0.068497,0.0008888170128710187,0.0009116940673239474,0.042429346890869274,0.00045004548997175836,0.014677593829439506,rope,rope,True
ec_meta_manus_block,powerless,0.597787,0.02146689372804045,0.018723623471099606,0.20012347754222665,0.010004000421493903,0.06993051326773325,snare,snare,True
ec_meta_manus_block,moderate,0.608571,0.031047696813526347,0.026199815126721163,0.23861623735568951,0.014217550282210098,0.0816719516859965,snare,snare,True
ec_meta_manus_block,institutional,-0.023239,7.8927379120966865,19.106524269074043,2.864252156751562,1.723547499253762,0.8918072649160562,snare,rope,False
ec_meta_manus_block,analytical,0.753462,0.23271661204396718,0.12562160045393272,0.5773343616218151,0.08275170620558228,0.15764488395117682,snare,snare,True
edelman_2026_developed_stagnation,powerless,0.630393,0.001774467185530695,0.001472465471510337,0.056792719765440425,0.0008062990722476133,0.005934762280350947,snare,snare,True
edelman_2026_developed_stagnation,moderate,0.641765,0.0025350459731389215,0.002019234180090047,0.06715252191134294,0.0011272593910331666,0.006839860828254274,snare,snare,True
edelman_2026_developed_stagnation,institutional,-0.024506,8.376230518996445,22.383340824352327,3.0732622569870425,1.931682895853386,0.984240652140881,snare,rope,False
edelman_2026_developed_stagnation,analytical,0.79456,0.01705839373057622,0.008263396977572845,0.1513692761507032,0.005725430640310247,0.01182313792351719,snare,snare,True
edelman_2026_developing_volatility,powerless,0.56518,0.002783671306393218,0.0033196499697770196,0.07788845134962041,0.001516461036813219,0.01086925880255153,tangled_rope,tangled_rope,True
edelman_2026_developing_volatility,moderate,0.575376,0.004325591113347212,0.005359598472490648,0.09797626523780192,0.0023993572410204883,0.014144852242974184,tangled_rope,tangled_rope,True
edelman_2026_developing_volatility,institutional,-0.021971,2.187368458281621,14.939119700980031,2.421469508586659,1.2953362837681406,0.8633134201367992,tangled_rope,rope,False
edelman_2026_developing_volatility,analytical,0.712364,0.08290445381920686,0.1570162707272835,0.4711107570816975,0.05523024928399311,0.10778339368578842,tangled_rope,tangled_rope,True
edelman_2026_insularity,powerless,0.597787,0.03303873407938508,0.03014227307598565,0.2511587925271368,0.015749470763405944,0.10994748388480713,snare,snare,True
edelman_2026_insularity,moderate,0.608571,0.04819294027416221,0.04287160359147811,0.3013788681254759,0.022664369571174892,0.1299325369828942,snare,snare,True
edelman_2026_insularity,institutional,-0.023239,6.912164670006814,18.190508441218523,2.7175332391408604,1.5791108290014366,0.8647301767812097,snare,rope,False
edelman_2026_insularity,analytical,0.753462,0.38633032812673446,0.23114077237545907,0.7659873210841133,0.1448998681663043,0.2716695299830042,snare,snare,True
education_unbundling_implementation,powerless,0.434754,0.0009140268739567881,0.0006698252032027101,0.039274522273752506,0.0003856096330883485,0.002154340006629396,tangled_rope,tangled_rope,True
education_unbundling_implementation,moderate,0.442597,0.0013086359792276424,0.0009050474702109461,0.04618551573936747,0.0005332517678888954,0.0024746988731672026,tangled_rope,tangled_rope,True
education_unbundling_implementation,institutional,-0.016901,2.8166296443050802,7.527841880495483,2.599852577342623,1.4648602938961397,0.9373298964315615,tangled_rope,rope,False
education_unbundling_implementation,analytical,0.547972,0.009947943446849692,0.0036649299956938884,0.10397561396602174,0.0027021233996855788,0.004218224756709743,tangled_rope,tangled_rope,True
ehrenfest_barrier,powerless,0.056775,3.245406400549294e-06,3.288913862264619e-06,0.002556189154965093,1.6335255263034423e-06,0.0001622377591652402,mountain,mountain,True
ehrenfest_barrier,moderate,0.049999,6.682373291063525e-14,6.66340632370349e-14,3.6500241499888623e-07,3.338628713073785e-14,2.296205203755619e-08,mountain,mountain,True
ehrenfest_barrier,institutional,-0.005969,0.00012807274780014376,0.00011728813796198838,0.015652638797280412,6.125096268705682e-05,0.0009226803228983742,mountain,mountain,True
ehrenfest_barrier,analytical,0.069001,2.828558996484113e-05,2.9404443560537873e-05,0.007594324005491976,1.441842195116753e-05,0.0004914899027379516,mountain,mountain,True
electrification_scale_2026,powerless,0.163033,0.009550097762855207,0.009662423598397777,0.13860696387477944,0.004801050537567257,0.06827658928808433,rope,rope,True
electrification_scale_2026,moderate,0.165974,0.014694090004214247,0.014879922481896197,0.17196742962344297,0.007388645385646916,0.08482842227731102,rope,rope,True
electrification_scale_2026,institutional,-0.006338,0.17573377541143023,0.14364591990684847,0.5628576476067394,0.07868081219782241,0.24494538502000657,rope,rope,True
electrification_scale_2026,analytical,0.20549,0.23006732974137997,0.21588969119061582,0.6673922582561979,0.11032364146142855,0.32238695220220365,rope,tangled_rope,False
elencher_identity_transformation,powerless,0.108689,2.7037895604155296e-05,2.7650125535833747e-05,0.007394786524894442,1.3670701362972765e-05,0.0007961051348718273,mountain,mountain,True
elencher_identity_transformation,moderate,0.110649,4.1220989061082094e-05,4.2373370667271984e-05,0.009142341749008664,2.0895566778593763e-05,0.0009881069056957292,mountain,mountain,True
elencher_identity_transformation,institutional,-0.004225,0.0016561049361678085,0.0013622450604221844,0.05474325933623932,0.0007491593360404508,0.005053339635600951,mountain,mountain,True
elencher_identity_transformation,analytical,0.136993,0.0006090584390359806,0.0006743978403485,0.03579027090250229,0.0003202273269920201,0.004097868837272367,mountain,mountain,True
elite_capture_2026,powerless,0.84777,0.002376240511332152,0.0023816989457175336,0.0689777780980861,0.00118936556660187,0.03443888527077993,snare,snare,True
elite_capture_2026,moderate,0.863064,0.004395506563675496,0.004405822793391641,0.09381533874555519,0.0021999260214363957,0.04685728902592473,snare,piton,False
elite_capture_2026,institutional,-0.032957,4.308463876350657,6.52298964506141,1.902818130167398,0.8389272859972402,0.5420215595115409,snare,piton,False
elite_capture_2026,analytical,1.068546,0.27176302854089945,0.2372063179596242,0.7120310739633161,0.12541397098982732,0.3357649770461814,snare,piton,False
elite_identity_capture_2026,powerless,0.84777,0.002378391593973822,0.0023834103558374314,0.06900548913363824,0.0011903212918355599,0.034441241579354964,snare,snare,True
elite_identity_capture_2026,moderate,0.863064,0.004398599941350022,0.004408162020094281,0.09384385131470513,0.002201263192200247,0.04685998826439175,snare,piton,False
elite_identity_capture_2026,institutional,-0.032957,4.308650900564598,6.521793253288725,1.9028897552388127,0.8389856063335599,0.5420156241173512,snare,piton,False
elite_identity_capture_2026,analytical,1.068546,0.271786056514177,0.23721552793666686,0.7120497806140479,0.1254204911327776,0.3357697066197556,snare,piton,False
elite_overproduction_instability,powerless,0.630393,0.015999158899930022,0.013652503968951303,0.1717903703515789,0.007373447732613239,0.05037095530637781,snare,snare,True
elite_overproduction_instability,moderate,0.641765,0.023029286650494512,0.01894058119524781,0.20413166560380638,0.010408393787337437,0.05848202172232608,snare,snare,True
elite_overproduction_instability,institutional,-0.024506,8.192674810775975,20.308121126349846,2.890538871215542,1.749605007475913,0.886523886366377,snare,rope,False
elite_overproduction_instability,analytical,0.79456,0.16566823194516864,0.08503456019720156,0.4800418432298093,0.05733399696673212,0.10838214103704491,snare,snare,True
elliq_ai_companion,powerless,0.597787,0.03469639509538029,0.03193518472540509,0.25796324770536455,0.016613208317431075,0.1159512688847033,snare,snare,True
elliq_ai_companion,moderate,0.608571,0.05069846591684362,0.045573285000002656,0.30994336318563503,0.023968195646814214,0.13736129143201115,snare,snare,True
elliq_ai_companion,institutional,-0.023239,6.69748664226829,17.97040312719249,2.687007086471083,1.5493184686855694,0.8550662516812058,snare,rope,False
elliq_ai_companion,analytical,0.753462,0.41226969318393486,0.2519790851633749,0.796042775483812,0.15634060305494774,0.2922490573781409,snare,snare,True
em_clinical_guidelines,powerless,0.652131,0.01753202067847351,0.020370994197896595,0.19427343909119515,0.009428125495618424,0.06346286424042752,tangled_rope,tangled_rope,True
em_clinical_guidelines,moderate,0.663895,0.026977603363998837,0.03226498619533757,0.24266269298220897,0.014703244788980616,0.0813924392555348,tangled_rope,tangled_rope,True
em_clinical_guidelines,institutional,-0.025351,2.5781628556307763,18.334284948160885,2.344555218874861,1.2238928721719717,0.80694689366067,tangled_rope,rope,False
em_clinical_guidelines,analytical,0.821958,0.4050208421924177,0.5745466946780459,0.9773627793280811,0.23409467295962982,0.4194460428481811,tangled_rope,snare,False
emergency_bridge_scaffold,powerless,0.532574,0.030567157682801067,0.028234124543364734,0.2423437687106045,0.014664669390561444,0.10859552299676611,snare,snare,True
emergency_bridge_scaffold,moderate,0.542181,0.044764380661000074,0.04043465680587515,0.2916003992747189,0.02122006741009631,0.1289170202559884,snare,snare,True
emergency_bridge_scaffold,institutional,-0.020703,7.353264325103382,14.452226527819962,2.884814956142969,1.743927162305371,0.9490310097848174,snare,rope,False
emergency_bridge_scaffold,analytical,0.671266,0.37539330228414763,0.2347476755315662,0.7645808597434595,0.1443747338443331,0.28156255627076865,snare,snare,True
emergency_mode_lock_in,powerless,0.989065,0.026263086518767575,0.025122500224488142,0.22664147749719962,0.012827853509122703,0.10851564140879788,piton,piton,True
emergency_mode_lock_in,moderate,1.006908,0.04241097132198758,0.03983826681188539,0.2866843091960617,0.020511815862487487,0.13582040266116435,piton,piton,True
emergency_mode_lock_in,institutional,-0.038449,3.293167778227871,5.791023376489922,1.68640968835805,0.669854126006197,0.4144624057805882,piton,piton,True
emergency_mode_lock_in,analytical,1.246637,0.8501922829292239,0.42387576350323763,1.0752747998778867,0.2821580317057985,0.3885837678660825,piton,piton,True
emergency_oversight_bureau,powerless,0.304328,0.015841020923698487,0.0131158813850272,0.16888361574466546,0.007126183017489502,0.026313988955399617,tangled_rope,tangled_rope,True
emergency_oversight_bureau,moderate,0.309818,0.023159937403471047,0.018586003636438364,0.20204535208538107,0.010196904536506929,0.03328241961068354,tangled_rope,tangled_rope,True
emergency_oversight_bureau,institutional,-0.011831,1.9968032445497088,2.632625031198754,2.0442126060637142,0.9568600121813969,0.8132636944113745,tangled_rope,rope,False
emergency_oversight_bureau,analytical,0.383581,0.2262530401520705,0.18359326795342046,0.5949630815669787,0.08784457149523298,0.17350854435360996,tangled_rope,tangled_rope,True
emergency_powers_ratchet,powerless,0.912984,0.0004924332489620914,0.0005036788017139665,0.03151151510235291,0.00024823876063458366,0.0027247579188453604,snare,snare,True
emergency_powers_ratchet,moderate,0.929453,0.0008174307560079026,0.0008583232383161245,0.04084372594375225,0.00041703799304517933,0.003705437432195145,snare,snare,True
emergency_powers_ratchet,institutional,-0.035492,8.456285562222796,22.19103160707454,3.0860462274341507,1.9444607145375559,0.9905936596076591,snare,rope,False
emergency_powers_ratchet,analytical,1.150742,0.05311208203184702,0.10374072300576315,0.37884043640832543,0.0357728659768501,0.0682222785495468,snare,snare,True
emergent_goal_misalignment,powerless,0.923852,0.004434341622368648,0.004791114493129779,0.09598740770918958,0.0023029535076835254,0.029700921438253744,snare,snare,True
emergent_goal_misalignment,moderate,0.940518,0.007632349147066647,0.008434933020807264,0.12662527612201083,0.0040071513177108945,0.039958773994854035,snare,snare,True
emergent_goal_misalignment,institutional,-0.035914,7.568772162952145,19.735201375765044,2.890990415746957,1.750053005560378,0.9054667114069358,snare,rope,False
emergent_goal_misalignment,analytical,1.164441,0.4439088749195995,0.623834862917913,1.020809241676356,0.2549061809553474,0.44252032465688607,snare,piton,False
emotional_cycles_2026,powerless,0.597787,0.022687952420971366,0.022619565637441726,0.21278632374847964,0.011308831322368934,0.09322138521098977,piton,piton,True
emotional_cycles_2026,moderate,0.608571,0.0340373440932328,0.033715995426849624,0.26016895190116957,0.016898121581220296,0.11350150689381233,piton,piton,True
emotional_cycles_2026,institutional,-0.023239,4.877658165087567,18.314406712231996,2.847451206230833,1.7069177764553898,0.9735861080769163,piton,rope,False
emotional_cycles_2026,analytical,0.753462,0.367570314573363,0.27819530149106597,0.7949692650546079,0.15592478121460887,0.31343167276183403,piton,piton,True
empty_tomb_transformation,powerless,0.434754,0.0005790527676610274,0.0004495679381429626,0.031694243188782674,0.00025112600729543114,0.001144148078344822,tangled_rope,tangled_rope,True
empty_tomb_transformation,moderate,0.442597,0.0008359131264813646,0.0006245526088462039,0.037593595130870294,0.00035330919594340126,0.0013241593840457914,tangled_rope,tangled_rope,True
empty_tomb_transformation,institutional,-0.016901,2.3032592783432118,7.606055627577343,2.461628919074169,1.3330600052826114,0.898442463189618,tangled_rope,rope,False
empty_tomb_transformation,analytical,0.547972,0.007384733664696303,0.005279682332906937,0.10351825173047778,0.0026784090738157097,0.002564923501835733,tangled_rope,tangled_rope,True
endocrine_disruption_society,powerless,0.923852,0.0007534523159063904,0.0006111406855197965,0.036788849471385054,0.00033834532113029503,0.0021505059489938926,snare,snare,True
endocrine_disruption_society,moderate,0.940518,0.0010648092596438348,0.0008263190082348738,0.04322553266585293,0.000467093486068811,0.002457577851678088,snare,snare,True
endocrine_disruption_society,institutional,-0.035914,9.207949284915449,21.064540609208183,3.080829999332325,1.9392466928863485,0.9953138838860218,snare,rope,False
endocrine_disruption_society,analytical,1.164441,0.006380733680521281,0.00310462220439182,0.09261293369564498,0.0021439057347507834,0.004120700388787042,snare,snare,True
endowment_effect,powerless,0.163033,0.0003298772647823451,0.0003435926319029439,0.02594709380888112,0.00016831055852503467,0.005150795762573601,mountain,mountain,True
endowment_effect,moderate,0.165974,0.0005063025953681967,0.0005323797735217058,0.032220640624082475,0.0002595368070827799,0.006440720256755683,mountain,mountain,True
endowment_effect,institutional,-0.006338,0.01494104372855737,0.010778179135799969,0.1587733241293345,0.006298932954369952,0.02477688346590301,mountain,mountain,True
endowment_effect,analytical,0.20549,0.008244383073282647,0.009958948510657668,0.1344279159076598,0.004516015586662057,0.029810426642820853,mountain,mountain,True
english_chinese_tense_structure,powerless,0.056775,3.245406400549294e-06,3.288913862264619e-06,0.002556189154965093,1.6335255263034423e-06,0.0001622377591652402,mountain,mountain,True
english_chinese_tense_structure,moderate,0.049999,6.682373291063525e-14,6.66340632370349e-14,3.6500241499888623e-07,3.338628713073785e-14,2.296205203755619e-08,mountain,mountain,True
english_chinese_tense_structure,institutional,-0.005969,0.00012807274780014376,0.00011728813796198838,0.015652638797280412,6.125096268705682e-05,0.0009226803228983742,mountain,mountain,True
english_chinese_tense_structure,analytical,0.069001,2.828558996484113e-05,2.9404443560537873e-05,0.007594324005491976,1.441842195116753e-05,0.0004914899027379516,mountain,mountain,True
epigenetics_complexity_2026,powerless,0.108689,2.2278052588959394e-05,2.2784149073558613e-05,0.00671252041529314,1.1264472007454275e-05,0.000656432098093962,mountain,mountain,True
epigenetics_complexity_2026,moderate,0.110649,3.396308708099635e-05,3.491564289516071e-05,0.00829872454443307,1.7217182563409995e-05,0.0008147552319299756,mountain,mountain,True
epigenetics_complexity_2026,institutional,-0.004225,0.0013667698525961591,0.0011235720040711048,0.04972397499428856,0.0006180865837654919,0.004168454715504533,mountain,mountain,True
epigenetics_complexity_2026,analytical,0.136993,0.0005015576326601262,0.0005555149042635993,0.03248068846126599,0.00026374298382869784,0.0033794589681912512,mountain,mountain,True
epistemic_free_rider_problem,powerless,0.94559,0.016218968214095145,0.016066388697222364,0.1796789895018278,0.008065707675951944,0.08943403966526109,snare,piton,False
epistemic_free_rider_problem,moderate,0.962648,0.026880267149115053,0.026450639511568744,0.230927742842488,0.013317100542009944,0.11457958787557943,snare,piton,False
epistemic_free_rider_problem,institutional,-0.036759,4.18527460903658,8.99278660537885,1.9759379661990524,0.8992265787491877,0.506017530059354,snare,piton,False
epistemic_free_rider_problem,analytical,1.19184,0.7235392069919968,0.4633833033125996,1.067451202854496,0.27816465757124875,0.44114273547822236,snare,piton,False
epistemic_overload_collapse,powerless,0.967328,0.02081514552549915,0.020181441775443607,0.20245766496979484,0.010238528958337056,0.09851590569606383,piton,piton,True
epistemic_overload_collapse,moderate,0.984778,0.0339806024827472,0.03250244320262727,0.2577942427576204,0.016591477256962008,0.12446985453432702,piton,piton,True
epistemic_overload_collapse,institutional,-0.037604,3.4860509980526757,5.816500455915953,1.7215510782570906,0.6963009290913005,0.43834679989473335,piton,piton,True
epistemic_overload_collapse,analytical,1.219238,0.7682141861562335,0.4244395046026492,1.0541449956395452,0.27143335776464406,0.40029240893788176,piton,piton,True
epistemic_process_of_verification,powerless,0.38041,0.00202529247317635,0.0013521197907822421,0.057036888769931085,0.0008132465499983768,0.0034350520973988052,tangled_rope,tangled_rope,True
epistemic_process_of_verification,moderate,0.387272,0.00286601097349461,0.001765898972788359,0.06622057694621858,0.001096191051898503,0.00387946128215344,tangled_rope,tangled_rope,True
epistemic_process_of_verification,institutional,-0.014788,2.241269029012678,5.187409836322287,2.3810696131792755,1.2576733574156418,0.8908278677369913,tangled_rope,rope,False
epistemic_process_of_verification,analytical,0.479476,0.020133359837537373,0.006586931481356352,0.13616914350269657,0.004633718525324064,0.005691318631970921,tangled_rope,tangled_rope,True
epstein_document_release_2026,powerless,0.652131,0.01676694691183005,0.01428621295213662,0.17579527348331617,0.007721021576317276,0.05201016071932141,snare,snare,True
epstein_document_release_2026,moderate,0.663895,0.024114496165808498,0.019796203564892215,0.2087835126533993,0.010887745838974339,0.060344509400564905,snare,snare,True
epstein_document_release_2026,institutional,0.538569,0.03603130889342326,0.042323177071836304,0.2792355348204339,0.01946147639742026,0.1056089709353375,snare,snare,True
epstein_document_release_2026,analytical,0.821958,0.1718032468174404,0.08778079062372289,0.4881773324788546,0.05928405630802778,0.11115885138230797,snare,snare,True
epstein_espionage_2026,powerless,0.739082,0.0003877157994087825,0.00038485615751998777,0.027794714947099976,0.0001931334362904142,0.013032628447445682,snare,snare,True
epstein_espionage_2026,moderate,0.752415,0.0003789718096238043,0.00037602228206830117,0.02747630509949903,0.00018873386703272585,0.012875250449894127,snare,snare,True
epstein_espionage_2026,institutional,-0.028731,5.703687762477089,14.740229336403383,2.4254817191123412,1.299092627247274,0.665087979665298,snare,rope,False
epstein_espionage_2026,analytical,0.931553,0.02389927154048639,0.02471594001355709,0.2204585236435979,0.01213819227596261,0.10717657453838969,snare,snare,True
epstein_files_2026,powerless,0.706475,0.001395045761419158,0.0013840086630749204,0.05271629910752875,0.0006947118254626521,0.025720299257874557,snare,snare,True
epstein_files_2026,moderate,0.71922,0.001707469757116102,0.0016922657276503932,0.058306567460816874,0.0008498537578271778,0.02842770259685401,snare,snare,True
epstein_files_2026,institutional,-0.027464,4.975206158228975,12.367087985658717,2.239951770870565,1.1285916966392044,0.5953822827267657,snare,rope,False
epstein_files_2026,analytical,0.890455,0.004154284131268282,0.004184369556138351,0.09130386780386916,0.002083737138386379,0.04510244845251432,snare,snare,True
epstein_honeytrap,powerless,0.999934,0.028621345620006025,0.027033840254249486,0.23584068795856258,0.013889102091087466,0.11063259407000148,piton,piton,True
epstein_honeytrap,moderate,1.017973,0.045924247284457875,0.04243622112904205,0.29707864098689907,0.022023391474343467,0.13756441480474202,piton,piton,True
epstein_honeytrap,institutional,-0.038872,3.2094596404010254,7.616871132564201,1.7542909193816125,0.7213026989423548,0.3863652115525253,piton,piton,True
epstein_honeytrap,analytical,1.260336,0.8580880173491476,0.3998980955052783,1.0583016811056738,0.27352792439435925,0.3665156910312255,piton,piton,True
erasmus_rejoining_scaffold,powerless,0.304328,0.050650678164532836,0.038566794131638306,0.29656369325658016,0.021947248020166198,0.08942958877274687,tangled_rope,tangled_rope,True
erasmus_rejoining_scaffold,moderate,0.309818,0.07336183919247993,0.05208989712796484,0.35020719710629944,0.03058300746109651,0.10196621223549185,tangled_rope,tangled_rope,True
erasmus_rejoining_scaffold,institutional,-0.011831,2.5296706181937676,1.7290054636652936,1.9941494122717618,0.9144769190172768,0.8090908710215059,tangled_rope,rope,False
erasmus_rejoining_scaffold,analytical,0.383581,0.5675907712266185,0.15577636187202157,0.7193893089352597,0.12799130918005047,0.15618118044187224,tangled_rope,tangled_rope,True
ergo_autolykos_asic_resistance,powerless,0.217377,0.03335447927650531,0.03208627418476086,0.2557356523606783,0.016327915741689503,0.12072202573945712,tangled_rope,tangled_rope,True
ergo_autolykos_asic_resistance,moderate,0.221298,0.05060927124210532,0.04796692656344832,0.3138009682015576,0.024567300484957862,0.14658723721563727,tangled_rope,tangled_rope,True
ergo_autolykos_asic_resistance,institutional,-0.00845,0.745602798765739,0.5044998839036569,1.0929809333409852,0.2912926872944621,0.47037372321703286,tangled_rope,rope,False
ergo_autolykos_asic_resistance,analytical,0.273986,0.6211204623503097,0.40568144043067217,0.9880613011032193,0.23914246398584668,0.37207215966288504,tangled_rope,tangled_rope,True
ergo_lets_protocol,powerless,0.163033,0.00012643046861487983,0.00012889133083049615,0.015975126519610163,6.380082761441868e-05,0.0011445394749858354,rope,rope,True
ergo_lets_protocol,moderate,0.165974,0.00019642521295318532,0.0002015352110379153,0.01994185350543128,9.941855662643523e-05,0.0014541154509274835,rope,rope,True
ergo_lets_protocol,institutional,-0.006338,0.004520896243215424,0.00614712105776506,0.10222579868148633,0.002611959753124713,0.011398578101741053,rope,rope,True
ergo_lets_protocol,analytical,0.20549,0.003863374262802666,0.004646311971599869,0.09165353446564303,0.0020997250883295804,0.008487743208137279,rope,rope,True
ergo_mixer_protocol,powerless,0.521705,0.035277330521674005,0.03437663393331015,0.2639017752035526,0.017385789378908847,0.1301781832682104,snare,snare,True
ergo_mixer_protocol,moderate,0.531116,0.05224647581489305,0.050317306355088895,0.32020899432175365,0.025578740629402585,0.15702820261243955,snare,snare,True
ergo_mixer_protocol,institutional,-0.020281,5.149884864845888,12.749971736704323,2.5646024670094896,1.4309803315860734,0.8348963935436684,snare,rope,False
ergo_mixer_protocol,analytical,0.657567,0.48655741901688804,0.35269212628163243,0.9065229779524716,0.20195263918037057,0.3911672282456109,snare,snare,True
ergo_nipopows,powerless,0.111436,0.00010603832526395187,0.00010913207060007192,0.014667548209151145,5.37840015550801e-05,0.002363692685580232,mountain,mountain,True
ergo_nipopows,moderate,0.100861,5.551719783492401e-07,5.563459760538512e-07,0.0010542850768615305,2.7787924942836407e-07,0.00016653045113679266,mountain,mountain,True
ergo_nipopows,institutional,-0.004225,0.0036896482778015793,0.0030479939387798765,0.08180261485401213,0.001672683741316546,0.011281223809668228,mountain,mountain,True
ergo_nipopows,analytical,0.136993,0.0013473811464192755,0.0014867543441602798,0.05318799924216009,0.0007071991343644725,0.00904781835140911,mountain,mountain,True
ergo_storage_rent,powerless,0.597787,0.00018935086010307922,0.0001359853223159465,0.017851312043857016,7.966680651644074e-05,0.00032283528998986306,tangled_rope,tangled_rope,True
ergo_storage_rent,moderate,0.608571,0.00026981052207108373,0.00017972954841393492,0.020874085098391892,0.00010893086833132498,0.0003617264821754975,tangled_rope,tangled_rope,True
ergo_storage_rent,institutional,-0.023239,3.573061153153125,17.20915004903095,2.795961981308708,1.6560871453276187,0.9715477446279803,tangled_rope,rope,False
ergo_storage_rent,analytical,0.753462,0.001868832832057666,0.0005064828023918399,0.041102698498938245,0.00042234309066280776,0.0005043778180892486,tangled_rope,tangled_rope,True
ergo_storage_rent_mechanism,powerless,0.163033,0.009297883373072574,0.009590000511663147,0.13741537039568602,0.004718889177217422,0.06516366197891443,rope,rope,True
ergo_storage_rent_mechanism,moderate,0.165974,0.014363556801202453,0.014897076379976604,0.17102550799645228,0.007307976211640234,0.08145176091362816,rope,rope,True
ergo_storage_rent_mechanism,institutional,-0.006338,0.1635571249065677,0.12092528528972171,0.5265634424679341,0.06891778182952396,0.20662494782805707,rope,rope,True
ergo_storage_rent_mechanism,analytical,0.20549,0.23927154807678938,0.24610850881264262,0.6957792915713619,0.11981148729739334,0.3370098760020489,rope,tangled_rope,False
ergodic_theorems,powerless,0.38041,0.0038639145795255512,0.003870773228456022,0.08740419756510691,0.0019095694893051082,0.01360104630847796,tangled_rope,tangled_rope,True
ergodic_theorems,moderate,0.387272,0.005815021335699218,0.005937322419486865,0.10750199047157505,0.0028884739474641097,0.017445658116315665,tangled_rope,tangled_rope,True
ergodic_theorems,institutional,-0.014788,1.9423595021261142,5.22254787585766,2.2504887977467094,1.1380880185197237,0.8112461525526939,tangled_rope,rope,False
ergodic_theorems,analytical,0.479476,0.08489382865800535,0.1256133558572015,0.44332392162644146,0.048933174707686176,0.11076867996838509,tangled_rope,tangled_rope,True
ergot_grain_poisoning,powerless,0.869508,0.00606204133710313,0.0049641647297607155,0.1046132966967485,0.0027353617169573984,0.017312819773862564,snare,snare,True
ergot_grain_poisoning,moderate,0.885194,0.008599715197828293,0.006744058688739715,0.1231853169756731,0.0037924564126943167,0.019842563252982504,snare,snare,True
ergot_grain_poisoning,institutional,-0.033802,9.850070022713307,19.08135241495202,2.9728827045156208,1.8314900630504576,0.962456845472311,snare,rope,False
ergot_grain_poisoning,analytical,1.095945,0.05342528910931598,0.025768261270453646,0.26767239294453227,0.017885406419034813,0.03378537687159444,snare,snare,True
erised_expectation,powerless,0.706475,0.0014992688821216966,0.0014942228688849639,0.05470757117160524,0.000748182933078257,0.026960892303571793,piton,piton,True
erised_expectation,moderate,0.71922,0.0018480637782298075,0.0018377293064722397,0.0607005624221637,0.0009210688635870787,0.029850705433651592,piton,piton,True
erised_expectation,institutional,-0.027464,3.8295722623833357,9.267142078909055,1.9302477286474247,0.8613699011768015,0.4567005078589605,piton,piton,True
erised_expectation,analytical,0.890455,0.004786980403062212,0.004429561883178064,0.09550314345879707,0.002279779354766608,0.04547414046690068,piton,piton,True
eu_affordable_housing_initiative,powerless,0.521705,0.03185232876099126,0.0335081451900169,0.2555915043232355,0.016309539184192375,0.12209788425381202,tangled_rope,tangled_rope,True
eu_affordable_housing_initiative,moderate,0.531116,0.04798732148341249,0.050740099117812805,0.3141101819594353,0.024615641069255095,0.15109164095322702,tangled_rope,tangled_rope,True
eu_affordable_housing_initiative,institutional,-0.020281,3.7171599720982846,12.066082488397605,2.407058714914646,1.281867989240837,0.8030872295806355,tangled_rope,rope,False
eu_affordable_housing_initiative,analytical,0.657567,0.5389476462958439,0.5040216484977876,1.019928390750062,0.2544760278208521,0.48603334036726176,tangled_rope,snare,False
eu_asylum_outsourcing_framework,powerless,0.815164,0.004139268514274773,0.0033794972095066134,0.08637703005449343,0.0018649579191621793,0.01185212961315274,snare,snare,True
eu_asylum_outsourcing_framework,moderate,0.829869,0.005880718101430774,0.004595010100793028,0.10176834804037814,0.0025886405512375874,0.01358555770630654,snare,snare,True
eu_asylum_outsourcing_framework,institutional,-0.031689,9.264023324875767,19.787666634383097,3.005911808297057,1.8644232052719072,0.9743479903108121,snare,rope,False
eu_asylum_outsourcing_framework,analytical,1.027448,0.03734901498404393,0.017707483023974107,0.22266008141902294,0.012381581535094768,0.023153631889377135,snare,snare,True
eu_deforestation_regulation,powerless,0.521705,0.035501805518760296,0.03482656392348881,0.26518352621824426,0.0175548343467187,0.13143108680000343,tangled_rope,snare,False
eu_deforestation_regulation,moderate,0.531116,0.052653779468819314,0.05111866271625569,0.32210617139866693,0.025882079461363363,0.1588702981947417,tangled_rope,snare,False
eu_deforestation_regulation,institutional,-0.020281,5.00723221923595,12.646153062399648,2.5449976811222523,1.4122133887348944,0.8284484875390941,tangled_rope,rope,False
eu_deforestation_regulation,analytical,0.657567,0.497265125916452,0.36759075185272866,0.9212926738461316,0.20846925934309515,0.4030902632656949,tangled_rope,snare,False
eu_digital_services_act,powerless,0.597787,0.02928806242196322,0.026268180653924375,0.2354405489744546,0.013842066590352128,0.09666582731513207,snare,snare,True
eu_digital_services_act,moderate,0.608571,0.04258172952207154,0.037126214335699174,0.28182523804056103,0.019823531665099123,0.11371437591046674,snare,snare,True
eu_digital_services_act,institutional,-0.023239,7.068922494278186,17.870986032683383,2.7256442714139557,1.587043660582776,0.8304730160595951,snare,rope,False
eu_digital_services_act,analytical,0.753462,0.33241072460682825,0.19106276347534393,0.7025015077072139,0.12211380513031371,0.23029334659146816,snare,snare,True
eu_ev_tariff_wall,powerless,0.597787,0.029346012217353147,0.02632615477584283,0.23568708569471855,0.013871037064707773,0.09686596063853392,snare,snare,True
eu_ev_tariff_wall,moderate,0.608571,0.04266785194662782,0.03721128094308673,0.28212954841888827,0.019866293989186032,0.11395687532937648,snare,snare,True
eu_ev_tariff_wall,institutional,-0.023239,7.137176805152684,18.017843845166492,2.739943105546898,1.601044806833022,0.8403508052544587,snare,rope,False
eu_ev_tariff_wall,analytical,0.753462,0.3331999099586351,0.19161825486313885,0.7034401036903123,0.12243695694349706,0.23088253844535667,snare,snare,True
eu_irgc_terrorist_designation,powerless,0.652131,0.013935899283972318,0.011788554026353345,0.15996734399398133,0.006393977965784853,0.043085718704023224,snare,snare,True
eu_irgc_terrorist_designation,moderate,0.663895,0.020017117100021294,0.016295655873135542,0.18980339628786919,0.008999574837745822,0.04990353141401671,snare,snare,True
eu_irgc_terrorist_designation,institutional,-0.025351,8.466004762590359,20.2862789782525,2.915555751910323,1.7744439923945794,0.8981075974490164,snare,rope,False
eu_irgc_terrorist_designation,analytical,0.821958,0.14130176050945567,0.07112707955976236,0.44080561045846023,0.0483810677420969,0.09096674661393156,snare,snare,True
eu_mercosur_trade_agreement,powerless,0.2496,0.6804689188978351,1.0925054406911385,1.0218851563332454,0.25543205039387495,0.26288003733693005,tangled_rope,tangled_rope,True
eu_mercosur_trade_agreement,moderate,0.531116,0.04636586711102627,0.04953376877965207,0.3095407548314454,0.023906092231843853,0.14672618937803233,tangled_rope,tangled_rope,True
eu_mercosur_trade_agreement,institutional,-0.020281,3.5735005703414915,11.972075959819637,2.3938327662643646,1.2695398428081404,0.7967212917129285,tangled_rope,rope,False
eu_mercosur_trade_agreement,analytical,0.657567,0.5338434882190034,0.5159384342794681,1.023551430820891,0.256247463424917,0.4891524439414366,tangled_rope,snare,False
eu_renewable_energy_mandate,powerless,0.521705,0.032451920539668444,0.030549002399694006,0.2509120677209802,0.015718583681594626,0.1177447286873522,snare,snare,True
eu_renewable_energy_mandate,moderate,0.531116,0.04771770598783853,0.04409073838283454,0.30281767332266496,0.02288087436090061,0.14056190188600037,snare,snare,True
eu_renewable_energy_mandate,institutional,-0.020281,5.808582912016025,13.103440221721655,2.6452371626628333,1.5087241111807925,0.8470939660980806,snare,rope,False
eu_renewable_energy_mandate,analytical,0.657567,0.4154825566234527,0.27364118376054125,0.8160660594103595,0.1641937982769509,0.321192119046552,snare,snare,True
eu_russian_asset_freeze_2025,powerless,0.923852,0.0014381841015449269,0.001167997295529977,0.05084391251895854,0.0006462410547681546,0.004108053998644223,snare,snare,True
eu_russian_asset_freeze_2025,moderate,0.940518,0.002032851340589339,0.0015797459173171973,0.059747524703099845,0.0008923753079989291,0.004695972519479841,snare,snare,True
eu_russian_asset_freeze_2025,institutional,-0.035914,9.97391375614566,21.23197922273967,3.0761272845141243,1.9345463205432776,0.9911722459802995,snare,rope,False
eu_russian_asset_freeze_2025,analytical,1.164441,0.012162002717110758,0.005866113276569742,0.12772584215727598,0.0040770867155072756,0.00788595126494085,snare,snare,True
eu_unanimity_rule_foreign_policy,powerless,0.597787,0.02928806242196322,0.026268180653924375,0.2354405489744546,0.013842066590352128,0.09666582731513207,snare,snare,True
eu_unanimity_rule_foreign_policy,moderate,0.608571,0.04258172952207154,0.037126214335699174,0.28182523804056103,0.019823531665099123,0.11371437591046674,snare,snare,True
eu_unanimity_rule_foreign_policy,institutional,-0.023239,7.068922494278186,17.870986032683383,2.7256442714139557,1.587043660582776,0.8304730160595951,snare,rope,False
eu_unanimity_rule_foreign_policy,analytical,0.753462,0.33241072460682825,0.19106276347534393,0.7025015077072139,0.12211380513031371,0.23029334659146816,snare,snare,True
euler_characteristic_topology,powerless,0.02271,3.6997046640148644e-07,3.715387383753982e-07,0.0008611078424804886,1.8537667635302543e-07,5.789619280609226e-05,mountain,mountain,True
euler_characteristic_topology,moderate,0.02,0.0,0.0,2.9802322387695312e-08,0.0,0.0,mountain,mountain,True
euler_characteristic_topology,institutional,-0.002388,1.9696357724531223e-05,1.9087162260646616e-05,0.006227064879193615,9.694076421013998e-06,0.000407716043649615,mountain,mountain,True
euler_characteristic_topology,analytical,0.0276,3.0494215440657117e-06,3.086528225045205e-06,0.0024770509592139567,1.533945167449772e-06,0.0001675357516825477,mountain,mountain,True
eurozone_fragmentation_2026,powerless,0.521705,0.007860706654458384,0.006770954270720321,0.12070172911440867,0.003641121502303267,0.02948387622697446,snare,snare,True
eurozone_fragmentation_2026,moderate,0.531116,0.011331590319421981,0.009435983737390474,0.14364407126802237,0.005156187755514946,0.034357017809866,snare,snare,True
eurozone_fragmentation_2026,institutional,-0.020281,7.94502784134789,15.250206197095414,3.0035622183313833,1.8620791141157147,0.9616083485598351,snare,rope,False
eurozone_fragmentation_2026,analytical,0.657567,0.08290707624228587,0.04492585536910929,0.3446628117640317,0.029624688011367264,0.06631069740019857,snare,snare,True
event_fragmentation,powerless,0.170325,0.0005236794124427607,0.000558394523487788,0.0328821797222046,0.00027030334694326747,0.005317724752581743,mountain,mountain,True
event_fragmentation,moderate,0.149996,1.7556805750946015e-11,1.7556680188355434e-11,5.92564305746224e-06,8.778364197061005e-12,9.121415236457153e-07,mountain,mountain,True
event_fragmentation,institutional,-0.017906,0.010045773746062017,0.007108064804416391,0.12951030544340866,0.004191764744119687,0.015897175507944117,mountain,mountain,True
event_fragmentation,analytical,0.207004,0.005400910573709552,0.006528740235679706,0.10885453816238314,0.0029615964097649662,0.019536714234537622,mountain,mountain,True
evfta_trade_agreement,powerless,0.521705,0.03071559845808582,0.0325822105480491,0.2515035307467793,0.015792678560329246,0.11821119043892442,tangled_rope,tangled_rope,True
evfta_trade_agreement,moderate,0.531116,0.04636586711102627,0.04953376877965207,0.3095407548314454,0.023906092231843853,0.14672618937803233,tangled_rope,tangled_rope,True
evfta_trade_agreement,institutional,-0.020281,3.5735005703414915,11.972075959819637,2.3938327662643646,1.2695398428081404,0.7967212917129285,tangled_rope,rope,False
evfta_trade_agreement,analytical,0.657567,0.5338434882190034,0.5159384342794681,1.023551430820891,0.256247463424917,0.4891524439414366,tangled_rope,snare,False
evidence_half_life,powerless,0.923852,0.011755597490572409,0.011819909780808532,0.15354119914770056,0.005890830861389738,0.07653076437164058,snare,piton,False
evidence_half_life,moderate,0.940518,0.019799875797337663,0.019882294848470164,0.19920091719611902,0.009912053115403793,0.09933632999167624,snare,piton,False
evidence_half_life,institutional,-0.035914,4.77420817548672,11.092362860570983,2.150698656931578,1.049150103313256,0.5664358777653654,snare,piton,False
evidence_half_life,analytical,1.164441,0.6413241016102735,0.47224127960461015,1.0447035416530592,0.26670353466996877,0.46169405714465,snare,piton,False
evolutionary_knowledge,powerless,0.597787,0.007547729843811586,0.007211454202564027,0.12143638320731658,0.003685566285135101,0.055116194138470465,snare,snare,True
evolutionary_knowledge,moderate,0.608571,0.010653422750746037,0.010067077692660166,0.14385287709880096,0.005171182597187412,0.06491512169110114,snare,snare,True
evolutionary_knowledge,institutional,-0.023239,5.95222506372161,18.32713980922111,2.640085911440263,1.5037323208626159,0.8398475952330214,snare,rope,False
evolutionary_knowledge,analytical,0.753462,0.047798772888403424,0.03801605510392969,0.2895450602968997,0.020922504112246477,0.12079471447882817,snare,snare,True
evolutionary_mismatch_load,powerless,0.902115,0.0027900294212704116,0.002270607972792883,0.07085561780080929,0.0012549983697739305,0.007956993431717296,snare,snare,True
evolutionary_mismatch_load,moderate,0.918388,0.00394861954690892,0.0030753226991344913,0.08331931663991614,0.0017352761413207823,0.009102813381072217,snare,snare,True
evolutionary_mismatch_load,institutional,-0.035069,9.618705886378137,19.455880138282,3.0218080840274055,1.8802870305155746,0.9828830089642762,snare,rope,False
evolutionary_mismatch_load,analytical,1.137042,0.023961071221146064,0.011524222883845985,0.1791202735376544,0.008015658137029745,0.015347296551894707,snare,snare,True
exoplanetary_habitability_arbitrage,powerless,0.489098,0.030149161844981696,0.026937535780800857,0.23843709420237846,0.014196235685553718,0.10197233415150464,snare,snare,True
exoplanetary_habitability_arbitrage,moderate,0.497921,0.043970375330821904,0.03824002897239752,0.285855963094939,0.020393654927510586,0.12077463305878122,snare,snare,True
exoplanetary_habitability_arbitrage,institutional,-0.019013,9.620206544717977,9.535072624167237,3.0228686374916913,1.8813456991819006,0.9547491706150849,snare,rope,False
exoplanetary_habitability_arbitrage,analytical,0.616469,0.3610516059525391,0.2132701297811793,0.7336113213017924,0.1330445811869669,0.26177323933591157,snare,snare,True
expert_disempowerment,powerless,0.804295,0.0004282081453986942,0.0004121864059175983,0.028967327760045732,0.00020977285223284427,0.013284217916092689,piton,piton,True
expert_disempowerment,moderate,0.818804,0.000941667684589604,0.0009130312833214131,0.043034397778853276,0.00046297198502280986,0.020396246382536343,piton,piton,True
expert_disempowerment,institutional,-0.031266,4.317493517514285,12.34273782066989,2.11929854398095,1.021643977423869,0.5531950979834395,piton,rope,False
expert_disempowerment,analytical,1.013749,0.13266116066899045,0.11898293258325493,0.5009038488627132,0.06239897024479678,0.23638672011488937,piton,piton,True
exploration_vs_exploitation,powerless,0.597787,0.04107462597505427,0.04048947647081864,0.28558593057321185,0.02035520904012348,0.14190184626321778,tangled_rope,snare,False
exploration_vs_exploitation,moderate,0.608571,0.06087040764137415,0.05939039695021433,0.3467606324991056,0.029985505501032152,0.17155051531567922,tangled_rope,snare,False
exploration_vs_exploitation,institutional,-0.023239,5.299999254926583,16.81303550886592,2.531804305789384,1.3996155367497165,0.8062978528619236,tangled_rope,rope,False
exploration_vs_exploitation,analytical,0.753462,0.5619842196968383,0.41222321613590673,0.9771744069135524,0.23400624709707776,0.4285671676447014,tangled_rope,snare,False
extraordinary_narrative_shift,powerless,0.434754,0.000348347421664085,0.00027261599155318475,0.024522003975700646,0.0001503302864419329,0.00041452783435678726,tangled_rope,tangled_rope,True
extraordinary_narrative_shift,moderate,0.442597,0.0005033404539598876,0.00038584542590769307,0.029175497379658567,0.00021279863812559297,0.00048139440555026373,tangled_rope,tangled_rope,True
extraordinary_narrative_shift,institutional,-0.016901,2.215995229784881,7.749647634872474,2.4420108817002864,1.3145972721554484,0.8897021714511468,tangled_rope,rope,False
extraordinary_narrative_shift,analytical,0.547972,0.005067243640743979,0.00537058612743774,0.09465974491312912,0.002239698681029183,0.00361465480256199,tangled_rope,tangled_rope,True
faa_boeing_regulatory_capture,powerless,0.434754,0.007287094197650069,0.008263752850673961,0.12442374492213677,0.0038690689566204363,0.032131470226863794,tangled_rope,tangled_rope,True
faa_boeing_regulatory_capture,moderate,0.442597,0.01121374600232933,0.013083227639839233,0.15538424800024536,0.006033030567940606,0.04117444565510856,tangled_rope,tangled_rope,True
faa_boeing_regulatory_capture,institutional,0.077403,2.2716373127091973,7.70351587535001,2.4032788903325066,1.27834151756402,0.8688943566919465,tangled_rope,rope,False
faa_boeing_regulatory_capture,analytical,0.547972,0.1849076757514141,0.2847915150622833,0.6724135022171069,0.1119742409582184,0.24129015177641977,tangled_rope,tangled_rope,True
factional_instability,powerless,0.76082,0.03630673563822574,0.04001659024486346,0.276019503913789,0.019016479450410396,0.121740922392027,tangled_rope,tangled_rope,True
factional_instability,moderate,0.774544,0.054917062842180404,0.06136821618872075,0.3406066380747793,0.02893318931003076,0.15244880083701712,tangled_rope,tangled_rope,True
factional_instability,institutional,-0.029576,3.8797790445654057,18.489893555142785,2.4323062861396556,1.305488448823377,0.8018624742994062,tangled_rope,rope,False
factional_instability,analytical,0.958951,0.621149420286748,0.6514651673402465,1.1264594000781856,0.3089297538550048,0.5329830591121285,tangled_rope,snare,False
faint_blue_neural_bifurcation,powerless,0.978197,0.0011038364571092424,0.0008981152048924048,0.0445650660394516,0.0004964907344943795,0.0031930614698070852,snare,snare,True
faint_blue_neural_bifurcation,moderate,0.995843,0.0015567183795969779,0.0012129214711804064,0.05232094230208203,0.0006843312215148056,0.003648230195063456,snare,snare,True
faint_blue_neural_bifurcation,institutional,-0.038027,9.721521738931365,20.188326114026903,3.0669454666336358,1.9253701430551906,0.9930649370400391,snare,rope,False
faint_blue_neural_bifurcation,analytical,1.232938,0.009025565277582866,0.004456337838139379,0.11080387238004312,0.0030685895255876763,0.0061165997765442424,snare,snare,True
fair_use_doctrine,powerless,0.108689,0.0009170265463044551,0.0009407338370482792,0.04309908236587665,0.0004643647545301906,0.01607170634904831,rope,rope,True
fair_use_doctrine,moderate,0.110649,0.0014182354369682369,0.0014635154189069559,0.0536769114659773,0.000720259470837208,0.020121131725842623,rope,rope,True
fair_use_doctrine,institutional,-0.004225,0.017111686483990213,0.016258545219330244,0.18236464761128354,0.008308457254948998,0.05434518923559374,rope,rope,True
fair_use_doctrine,analytical,0.136993,0.025015692083509854,0.02797059787646267,0.22991236655029448,0.013200377630649442,0.0926882123389533,rope,rope,True
family_estrangement_ratio,powerless,0.869508,0.00606204133710313,0.0049641647297607155,0.1046132966967485,0.0027353617169573984,0.017312819773862564,snare,snare,True
family_estrangement_ratio,moderate,0.885194,0.008599715197828293,0.006744058688739715,0.1231853169756731,0.0037924564126943167,0.019842563252982504,snare,snare,True
family_estrangement_ratio,institutional,-0.033802,9.850070022713307,19.08135241495202,2.9728827045156208,1.8314900630504576,0.962456845472311,snare,rope,False
family_estrangement_ratio,analytical,1.095945,0.05342528910931598,0.025768261270453646,0.26767239294453227,0.017885406419034813,0.03378537687159444,snare,snare,True
family_succession_system,powerless,0.869508,0.002282520114544134,0.0018551932295389228,0.06406639114396973,0.00102603787707208,0.006496839923576636,snare,snare,True
family_succession_system,moderate,0.885194,0.003233998868093248,0.0025145264526673975,0.07537012859707222,0.0014199960069752903,0.0074339924602288,snare,snare,True
family_succession_system,institutional,-0.033802,9.889717793630245,21.204107267415054,3.0629810473196626,1.921408633949511,0.986062807442485,snare,rope,False
family_succession_system,analytical,1.095945,0.01992830957653977,0.00947671354425567,0.1627990442402787,0.006622224483078019,0.012544706911642445,snare,snare,True
fast_growing_hierarchy,powerless,0.056775,4.315039697043086e-06,4.37272925815775e-06,0.002947453416406634,2.1718700175829424e-06,0.0002157037870914591,mountain,mountain,True
fast_growing_hierarchy,moderate,0.049999,8.894683541411806e-14,8.867601634243823e-14,4.214684851089411e-07,4.439150791021235e-14,3.053098240890506e-08,mountain,mountain,True
fast_growing_hierarchy,institutional,-0.005969,0.0001703234565888212,0.00015601264192465506,0.01805173368361732,8.146571918482396e-05,0.001227204450182139,mountain,mountain,True
fast_growing_hierarchy,analytical,0.069001,3.760524907330905e-05,3.9088490656230234e-05,0.008756267640060012,1.91680251282209e-05,0.0006533885408513962,mountain,mountain,True
fatf_grey_list_russia,powerless,0.706475,0.010449531172934864,0.008708097310793972,0.1379801066877179,0.004757739922079843,0.031178088079809152,snare,snare,True
fatf_grey_list_russia,moderate,0.71922,0.014948477631159914,0.011958345617682338,0.16326787247177574,0.006660399515466333,0.03595797667631173,snare,snare,True
fatf_grey_list_russia,institutional,-0.027464,8.738366628290793,19.685914236556606,2.9292264574869407,1.7880326451656838,0.929214561465024,snare,rope,False
fatf_grey_list_russia,analytical,0.890455,0.10156103815228555,0.04956715983243002,0.3703204846549714,0.034186476020063195,0.0636736972122367,snare,snare,True
fb_creator_monetization_indonesia,powerless,0.739082,0.005523955433948639,0.004541418024490911,0.09996603021392865,0.002497781716505599,0.016168734597910128,snare,snare,True
fb_creator_monetization_indonesia,moderate,0.752415,0.007876400886597653,0.006203101077000646,0.11802389938618067,0.0034813997254793966,0.01858170444914997,snare,snare,True
fb_creator_monetization_indonesia,institutional,-0.028731,8.848818007379132,20.217144018847495,2.9904591020837703,1.849010244698499,0.9643230017644727,snare,rope,False
fb_creator_monetization_indonesia,analytical,0.931553,0.052020048009423094,0.02476152043042076,0.26308311157649855,0.01727824527946043,0.032195102143738774,snare,snare,True
fcc_dji_covered_list,powerless,0.56518,0.032294387988721494,0.029704411095773264,0.2488305863246631,0.015459208426058345,0.11092304571658107,snare,snare,True
fcc_dji_covered_list,moderate,0.575376,0.047220313469770375,0.04242627732900274,0.29908473902152827,0.02232127631537734,0.13145353579158092,snare,snare,True
fcc_dji_covered_list,institutional,-0.021971,6.410379278656869,15.605164751915636,2.6706884903111017,1.5334347648376228,0.829538279122317,snare,rope,False
fcc_dji_covered_list,analytical,0.712364,0.38837171320920094,0.23847896303401497,0.7736819069510765,0.14778904868936973,0.281828629749891,snare,snare,True
fda_accelerated_approval_alz,powerless,0.521705,0.03071559845808582,0.0325822105480491,0.2515035307467793,0.015792678560329246,0.11821119043892442,tangled_rope,tangled_rope,True
fda_accelerated_approval_alz,moderate,0.531116,0.04636586711102627,0.04953376877965207,0.3095407548314454,0.023906092231843853,0.14672618937803233,tangled_rope,tangled_rope,True
fda_accelerated_approval_alz,institutional,-0.020281,3.5735005703414915,11.972075959819637,2.3938327662643646,1.2695398428081404,0.7967212917129285,tangled_rope,rope,False
fda_accelerated_approval_alz,analytical,0.657567,0.5338434882190034,0.5159384342794681,1.023551430820891,0.256247463424917,0.4891524439414366,tangled_rope,snare,False
fda_component_efficacy_standard,powerless,0.597787,0.029346012217353147,0.02632615477584283,0.23568708569471855,0.013871037064707773,0.09686596063853392,snare,snare,True
fda_component_efficacy_standard,moderate,0.608571,0.04266785194662782,0.03721128094308673,0.28212954841888827,0.019866293989186032,0.11395687532937648,snare,snare,True
fda_component_efficacy_standard,institutional,-0.023239,7.137176805152684,18.017843845166492,2.739943105546898,1.601044806833022,0.8403508052544587,snare,rope,False
fda_component_efficacy_standard,analytical,0.753462,0.3331999099586351,0.19161825486313885,0.7034401036903123,0.12243695694349706,0.23088253844535667,snare,snare,True
fda_gonorrhea_efficacy_standard,powerless,0.521705,0.03045591618678675,0.028259946079520273,0.24218355924931043,0.014645310348467047,0.10970068968975277,snare,snare,True
fda_gonorrhea_efficacy_standard,moderate,0.531116,0.04465307163252116,0.040557948108451015,0.29165071500614137,0.021227378116362525,0.13042127283906335,snare,snare,True
fda_gonorrhea_efficacy_standard,institutional,-0.020281,6.470875502821373,13.591274678179333,2.763344154796506,1.624002336273215,0.8938871033258904,snare,rope,False
fda_gonorrhea_efficacy_standard,analytical,0.657567,0.37896987905673063,0.2404385919032017,0.7713375625015031,0.1469058829621951,0.2886395916172666,snare,snare,True
fed_shutdown_2026,powerless,0.630393,0.004242935848643971,0.0043518236906675625,0.09269556800528303,0.002147732575572192,0.04121280067090333,piton,piton,True
fed_shutdown_2026,moderate,0.641765,0.0059043081825512975,0.006076296636618801,0.10943497925104487,0.002993256740634755,0.04881503989097846,piton,piton,True
fed_shutdown_2026,institutional,-0.024506,2.591276759224175,11.629687427044798,1.8711588565227875,0.8132957614564735,0.5288990105096761,piton,rope,False
fed_shutdown_2026,analytical,0.79456,0.014485744108797334,0.0142566053355892,0.16886985312757957,0.007125022305004538,0.07400652576339017,piton,piton,True
feedback_loop_desynchronization,powerless,0.782557,0.010927271515145266,0.009061399188440261,0.1409169944329173,0.004962346397690368,0.03170354191687996,snare,snare,True
feedback_loop_desynchronization,moderate,0.796674,0.015582502909210216,0.012394153767028763,0.166441531808775,0.006921699695073943,0.03648359419159397,snare,snare,True
feedback_loop_desynchronization,institutional,-0.030421,9.402520075200382,19.554088032219568,2.925627596009794,1.7844543980466936,0.9294353246567345,snare,rope,False
feedback_loop_desynchronization,analytical,0.98635,0.10214061425222584,0.049653175689984445,0.3709354916004631,0.034299794223130044,0.06360119048709367,snare,snare,True
feigenbaum_universality,powerless,0.056775,4.315039697043086e-06,4.37272925815775e-06,0.002947453416406634,2.1718700175829424e-06,0.0002157037870914591,mountain,mountain,True
feigenbaum_universality,moderate,0.049999,8.894683541411806e-14,8.867601634243823e-14,4.214684851089411e-07,4.439150791021235e-14,3.053098240890506e-08,mountain,mountain,True
feigenbaum_universality,institutional,-0.005969,0.0001703234565888212,0.00015601264192465506,0.01805173368361732,8.146571918482396e-05,0.001227204450182139,mountain,mountain,True
feigenbaum_universality,analytical,0.069001,3.760524907330905e-05,3.9088490656230234e-05,0.008756267640060012,1.91680251282209e-05,0.0006533885408513962,mountain,mountain,True
fermat_proof_barrier,powerless,0.2271,0.0014907408698496194,0.001651375909988308,0.05599934572954476,0.0007839304629330471,0.009619962483616296,mountain,mountain,True
fermat_proof_barrier,moderate,0.199995,4.182876396773398e-11,4.182810835640388e-11,9.146400230324546e-06,2.0914248470922752e-11,1.4507844424693772e-06,mountain,mountain,True
fermat_proof_barrier,institutional,-0.023875,0.021047204711823933,0.012537437799154639,0.1786993873696549,0.007978057994673103,0.02064976489656445,mountain,mountain,True
fermat_proof_barrier,analytical,0.276005,0.017068837768049776,0.023040398204657756,0.1985691486128847,0.009849331950307964,0.04058142369730233,mountain,mountain,True
fgh_hierarchy_2026,powerless,0.011355,2.0160785043206243e-07,2.0199201205637527e-07,0.0006352948829146259,1.0089989613233667e-07,6.894474392491086e-05,mountain,mountain,True
fgh_hierarchy_2026,moderate,0.01,0.0,0.0,0.0,0.0,0.0,mountain,mountain,True
fgh_hierarchy_2026,institutional,-0.001194,1.2078037607755846e-05,1.1899882182241925e-05,0.004896623824642513,5.9942282259374405e-06,0.0005247559112829519,mountain,mountain,True
fgh_hierarchy_2026,analytical,0.0138,1.6255997089822098e-06,1.6343948402087882e-06,0.0018055405668617084,8.149941293546382e-07,0.00019646184933250384,mountain,mountain,True
fiat_currency_lifecycle,powerless,1.032541,0.043322746787200106,0.04396834931590218,0.2954424859666058,0.021781912753994395,0.14676302578600525,snare,piton,False
fiat_currency_lifecycle,moderate,1.051168,0.07028151167720295,0.07089699268310432,0.3757284942236318,0.03518929787003121,0.18663932794076882,snare,piton,False
fiat_currency_lifecycle,institutional,-0.040139,5.283660321860176,15.253931041152507,2.4010655017596747,1.2762776831315032,0.6758604459551432,snare,rope,False
fiat_currency_lifecycle,analytical,1.301434,1.473857812547249,0.7924718861645572,1.4423538338691377,0.4979416646847389,0.579903219095391,snare,piton,False
fiber_optic_chip_tech,powerless,0.597787,0.04107462597505427,0.04048947647081864,0.28558593057321185,0.02035520904012348,0.14190184626321778,tangled_rope,snare,False
fiber_optic_chip_tech,moderate,0.608571,0.06087040764137415,0.05939039695021433,0.3467606324991056,0.029985505501032152,0.17155051531567922,tangled_rope,snare,False
fiber_optic_chip_tech,institutional,-0.023239,5.299999254926583,16.81303550886592,2.531804305789384,1.3996155367497165,0.8062978528619236,tangled_rope,rope,False
fiber_optic_chip_tech,analytical,0.753462,0.5619842196968383,0.41222321613590673,0.9771744069135524,0.23400624709707776,0.4285671676447014,tangled_rope,snare,False
financial_drag,powerless,0.912984,0.008887914010236087,0.009139321112647522,0.1342524083770794,0.004504235594473218,0.0637487332848134,snare,snare,True
financial_drag,moderate,0.929453,0.015180423073786989,0.015708327032038616,0.17572728955172842,0.007715054792026791,0.08396230762232176,snare,snare,True
financial_drag,institutional,-0.035492,5.818045336789471,14.2569101392886,2.4275195027112404,1.3010015382278557,0.68467672272011,snare,rope,False
financial_drag,analytical,1.150742,0.6057515055269913,0.538186079035344,1.0670056986922778,0.27793805258713644,0.5024603539760772,snare,piton,False
fine_particle_policy,powerless,0.597787,0.0356851614322242,0.03303454278948256,0.26199615861362674,0.017135970594368864,0.11957032406074841,snare,snare,True
fine_particle_policy,moderate,0.608571,0.05220262184909676,0.04724593716215123,0.3150561957462394,0.024763828275224106,0.14187781233722596,snare,snare,True
fine_particle_policy,institutional,-0.023239,6.399378660219657,17.20284245872875,2.6265978288913376,1.4906774524974873,0.8071763472435554,snare,rope,False
fine_particle_policy,analytical,0.753462,0.4285839432466854,0.26568728045201373,0.8148559395828161,0.16371395322370733,0.3054354654208995,snare,snare,True
finite_pool_of_worry,powerless,0.815164,0.01654153144881909,0.013872142783115153,0.17388883136482686,0.007554570660477196,0.047942231049212136,snare,snare,True
finite_pool_of_worry,moderate,0.829869,0.023607982080846326,0.019023107482611403,0.20557076037730015,0.010555536345010129,0.05528651756677261,snare,snare,True
finite_pool_of_worry,institutional,-0.031689,9.490508309834903,18.36685467540029,2.848845051424772,1.7082966455696422,0.891320541187645,snare,rope,False
finite_pool_of_worry,analytical,1.027448,0.1545934784337075,0.07720116730742003,0.4599678022467172,0.052659869877542585,0.09747957594214696,snare,snare,True
finite_simple_group_classification,powerless,0.056775,4.0890612488798305e-06,4.143761128631757e-06,0.0028692420250107336,2.05813709660579e-06,0.00020440834411006303,mountain,mountain,True
finite_simple_group_classification,moderate,0.049999,8.400903539184121e-14,8.4298790116244e-14,4.107966647175028e-07,4.2066398758945605e-14,2.893187145414089e-08,mountain,mountain,True
finite_simple_group_classification,institutional,-0.005969,0.00016139555717845192,0.00014782853470240054,0.01757206138751449,7.719383877215508e-05,0.0011628509579717857,mountain,mountain,True
finite_simple_group_classification,analytical,0.069001,3.563642454477904e-05,3.704286410740762e-05,0.008524017473728515,1.816469097657418e-05,0.0006191881967010371,mountain,mountain,True
finnish_debt_adjustment,powerless,0.739082,0.011259983196022253,0.009372130918967474,0.14318561016789988,0.005123340859197869,0.03314254014475082,snare,snare,True
finnish_debt_adjustment,moderate,0.752415,0.01608910918860221,0.012852101455173197,0.1693172426285068,0.0071628025964496625,0.038195408513187035,snare,snare,True
finnish_debt_adjustment,institutional,-0.028731,8.9480652734136,19.182543531319872,2.9122403414152225,1.7711500449431163,0.9253318400206851,snare,rope,False
finnish_debt_adjustment,analytical,0.931553,0.10779942544386054,0.05256545829935464,0.38141774650276383,0.0362597772392745,0.067241855080024,snare,snare,True
finnish_ubi_experiment,powerless,0.217377,0.031517225343698725,0.0304269220284315,0.2488508953551337,0.015461728768725197,0.11986740761364911,tangled_rope,tangled_rope,True
finnish_ubi_experiment,moderate,0.221298,0.04790711332821906,0.045597785866860065,0.30570366072603516,0.023318228986594074,0.14624277165126065,tangled_rope,tangled_rope,True
finnish_ubi_experiment,institutional,-0.00845,0.6519209118363373,0.45034417296415835,1.0348679459778656,0.261817341880773,0.4407461894931681,tangled_rope,rope,False
finnish_ubi_experiment,analytical,0.273986,0.5982930247188674,0.3841367430179295,0.9712504515116545,0.23123341851861745,0.394013436575139,tangled_rope,tangled_rope,True
fiscal_dominance_trap,powerless,0.94559,0.015865266712407677,0.015516785525444055,0.17714096219559036,0.007839603146825216,0.08693810438888605,piton,piton,True
fiscal_dominance_trap,moderate,0.962648,0.026199705451615388,0.02536423669331378,0.2270533061251271,0.012874464542575365,0.11078990426717383,piton,piton,True
fiscal_dominance_trap,institutional,-0.036759,3.768248490748189,8.226721589661159,1.870196409855549,0.8125211841672335,0.4518838001359047,piton,piton,True
fiscal_dominance_trap,analytical,1.19184,0.6691011575701262,0.40444485813583414,1.0100684574096117,0.2496841723770646,0.3990075148789959,piton,piton,True
fiscal_equalization_friction,powerless,0.347803,0.18397840587358813,0.2104756379834491,0.6267910021514858,0.09741548995451528,0.2933139493944426,rope,rope,True
fiscal_equalization_friction,moderate,0.354077,0.290567309255995,0.32929882326340176,0.7856961287916137,0.1523549819030561,0.37144742058991115,rope,tangled_rope,False
fiscal_equalization_friction,institutional,-0.013521,1.1665035506308743,0.23962190142270415,0.918623803583659,0.2072844694654677,0.21851109810894398,rope,rope,True
fiscal_equalization_friction,analytical,0.438378,3.63952597541815,1.5714781263612172,2.05670981358027,0.9675430311107219,0.7839911293241317,rope,tangled_rope,False
fitts_law_industrial_application,powerless,0.652131,0.028930241592381393,0.025575054688512063,0.2331298836926372,0.013572007879791495,0.09128776150382356,snare,snare,True
fitts_law_industrial_application,moderate,0.663895,0.04188867168913167,0.03589459698150926,0.2782702642688757,0.0193273755713634,0.1068921409136463,snare,snare,True
fitts_law_industrial_application,institutional,-0.025351,7.755627031573618,19.23131988345885,2.7627956608691644,1.6234636365493793,0.8362805690067308,snare,rope,False
fitts_law_industrial_application,analytical,0.821958,0.3137241613834855,0.17347119869033428,0.6749034576632694,0.11279716164834741,0.20862414906860804,snare,snare,True
floating_wall_2026,powerless,0.706475,0.008268822059492042,0.006857578535985182,0.12258602147989722,0.003755657163224739,0.024617656570812274,snare,snare,True
floating_wall_2026,moderate,0.71922,0.011819021741482935,0.009402392044821009,0.14496219022373247,0.005251209604806349,0.02836026483249343,snare,snare,True
floating_wall_2026,institutional,-0.027464,8.701434273368545,19.96962675096402,2.954542692966344,1.8132226053777087,0.9445851829978268,snare,rope,False
floating_wall_2026,analytical,0.890455,0.07983849669569001,0.03859442218209406,0.3274155076760634,0.02674042775674282,0.04989873142857171,snare,snare,True
fmeca_procedures_1980,powerless,0.434754,0.0011916862338582392,0.0012522471451781173,0.049197813089389614,0.0006050756910168179,0.003957361855787505,tangled_rope,tangled_rope,True
fmeca_procedures_1980,moderate,0.442597,0.0018092329279117928,0.0019495024521822236,0.06090571811071589,0.0009273049579106887,0.005115979011671157,tangled_rope,tangled_rope,True
fmeca_procedures_1980,institutional,-0.016901,1.944964489498942,7.488536500873425,2.3249444679004667,1.20585648085043,0.8449405562443394,tangled_rope,rope,False
fmeca_procedures_1980,analytical,0.547972,0.029026187104509056,0.04804421258723507,0.2669233738883594,0.017785598564441365,0.03728012198468255,tangled_rope,tangled_rope,True
fmt_oncology_2026,powerless,0.195639,0.0028670158662415495,0.003167782991679021,0.07760329222583616,0.0015053788560330707,0.019412762924346794,rope,rope,True
fmt_oncology_2026,moderate,0.199169,0.004532706856547997,0.005127278048583317,0.09812958523074823,0.002406870967085858,0.02495061861439929,rope,rope,True
fmt_oncology_2026,institutional,-0.007605,0.02061671036410142,0.010997229518405031,0.17113924592536375,0.007317693628261559,0.019068023050324068,rope,rope,True
fmt_oncology_2026,analytical,0.246588,0.11277866696442249,0.17509043774091873,0.5256996614419486,0.06869316242154531,0.1737028533622641,rope,rope,True
fnl_shadow_probe,powerless,0.326066,0.006979580851897378,0.004892177868407998,0.1075574195442007,0.002891452647825846,0.010503660756539301,tangled_rope,tangled_rope,True
fnl_shadow_probe,moderate,0.331948,0.009965630868083716,0.006454706841529835,0.12566509019426933,0.003946630049195846,0.011694542536439534,tangled_rope,tangled_rope,True
fnl_shadow_probe,institutional,-0.012676,1.8495215751884602,3.222711549671522,2.1204090468116887,1.0226126909546023,0.8384799570428279,tangled_rope,rope,False
fnl_shadow_probe,analytical,0.410979,0.07241623183233356,0.022712677803610495,0.25588419352281255,0.016346863132325126,0.01283714115484591,tangled_rope,tangled_rope,True
fossil_fuel_lock_in,powerless,0.163033,0.0001878045341076653,0.00019588052730296827,0.019584519963372113,9.58875893364494e-05,0.0029410852353849437,mountain,mountain,True
fossil_fuel_lock_in,moderate,0.165974,0.0002883261229722834,0.00030369283436229875,0.024325079724015305,0.00014792555236152667,0.003679625611788584,mountain,mountain,True
fossil_fuel_lock_in,institutional,-0.006338,0.008452421057005484,0.0060521110588813935,0.11917974592461823,0.0035499023117875053,0.013972016149975564,mountain,mountain,True
fossil_fuel_lock_in,analytical,0.20549,0.00471726240776129,0.0057398972397962765,0.10186594685862087,0.0025936070219693707,0.01719787702102571,mountain,mountain,True
four_color_theorem_topological_bound,powerless,0.02271,4.414219296854764e-07,4.432897059772659e-07,0.0009405895371010635,2.2117716536558303e-07,6.907655217622613e-05,mountain,mountain,True
four_color_theorem_topological_bound,moderate,0.02,0.0,0.0,0.0,0.0,0.0,mountain,mountain,True
four_color_theorem_topological_bound,institutional,-0.002388,2.3502315053307332e-05,2.2776675236897233e-05,0.006802238433093715,1.1567600774477002e-05,0.00048649450101756996,mountain,mountain,True
four_color_theorem_topological_bound,analytical,0.0276,3.638286851825908e-06,3.6824783191648255e-06,0.0027056542793735794,1.8301409906215093e-06,0.0001998843768255803,mountain,mountain,True
fptp_electoral_system,powerless,0.815164,0.003217471865776037,0.0026221122783640235,0.0761177258876206,0.0014483022165373957,0.009205176965712214,snare,snare,True
fptp_electoral_system,moderate,0.829869,0.004569716914578119,0.0035631881595284756,0.08966058097981834,0.0020094183750461285,0.010547251611529807,snare,snare,True
fptp_electoral_system,institutional,-0.031689,9.125402700619338,20.04708321666704,3.0211006167844587,1.8795808392706375,0.9801081194228658,snare,rope,False
fptp_electoral_system,analytical,1.027448,0.028964462449318846,0.01368480497356084,0.19588036893693722,0.009584614532432648,0.01793586083690546,snare,snare,True
fragile_middle_layer_collapse,powerless,0.934721,0.013836850784161497,0.013666699724496897,0.16583881598442113,0.006871689602603752,0.08230788839404735,piton,piton,True
fragile_middle_layer_collapse,moderate,0.951583,0.023039779854916134,0.022597758282318747,0.21362054973045108,0.011397592908405915,0.10563708421892837,piton,piton,True
fragile_middle_layer_collapse,institutional,-0.036337,4.038051777885773,8.593323728016824,1.9318042473927974,0.8626498901948368,0.48635429254018653,piton,piton,True
fragile_middle_layer_collapse,analytical,1.17814,0.6453689711500994,0.41944392656258045,1.0126068373385386,0.2509137449244887,0.417597637294599,piton,piton,True
framing_effect,powerless,0.597787,0.008555951328592657,0.010107677773049727,0.1362497688558708,0.004639205249313045,0.032387153761141645,tangled_rope,tangled_rope,True
framing_effect,moderate,0.608571,0.013247472277941149,0.016202844252122987,0.1709433164638087,0.00730095803270157,0.041917125048829044,tangled_rope,tangled_rope,True
framing_effect,institutional,-0.023239,2.202194136224555,16.168835306911237,2.340995987117484,1.2206137838360689,0.8008414035601863,tangled_rope,rope,False
framing_effect,analytical,0.753462,0.22949909953729208,0.3839028087403631,0.7632495626358746,0.14387850920947826,0.2697184721141054,tangled_rope,tangled_rope,True
france_2027_presidential_election,powerless,0.521705,0.0002784861450641498,0.00032077939531977386,0.02439426957152091,0.00014876825261242734,0.0010360628758618907,tangled_rope,tangled_rope,True
france_2027_presidential_election,moderate,0.531116,0.0004301231484866304,0.0005136668380279065,0.030565868583293233,0.00023356353442745056,0.001349047623311157,tangled_rope,tangled_rope,True
france_2027_presidential_election,institutional,-0.020281,2.5092603257300277,12.660235781353554,2.5575976038071375,1.424268461328794,0.9163394669383014,tangled_rope,rope,False
france_2027_presidential_election,analytical,0.657567,0.00813402933204208,0.015686747685974143,0.1475229076124483,0.005438285699687105,0.010939742640010089,tangled_rope,tangled_rope,True
france_cordon_sanitaire_2026,powerless,0.456492,0.00788155980583119,0.008416126925850226,0.12760215960757945,0.004069197171180013,0.04940096116017975,piton,piton,True
france_cordon_sanitaire_2026,moderate,0.464727,0.011697980668904824,0.012646126183189041,0.1559229148502343,0.0060749109717837336,0.06102166994854877,piton,piton,True
france_cordon_sanitaire_2026,institutional,-0.017746,1.8356207407327125,6.739141099539784,1.874265492343941,0.8157978569028623,0.5883990128978012,piton,rope,False
france_cordon_sanitaire_2026,analytical,0.575371,0.10928036276823161,0.1292667172413249,0.48680000096948733,0.058951653931248446,0.21023282376018954,piton,piton,True
france_local_elections_march_2026,powerless,0.38041,0.001411863559696803,0.0009495252485611328,0.04760800450665458,0.0005666037679360434,0.001065615543253795,tangled_rope,tangled_rope,True
france_local_elections_march_2026,moderate,0.387272,0.0019996050858305105,0.0012551351956681042,0.05537596879406405,0.0007665755051306366,0.0011229946277925415,tangled_rope,tangled_rope,True
france_local_elections_march_2026,institutional,-0.014788,2.0125654606243737,5.296907471865915,2.317002887400665,1.1985740768524984,0.8641372973100727,tangled_rope,rope,False
france_local_elections_march_2026,analytical,0.479476,0.015382287772343604,0.009341515006447169,0.1353553039350257,0.004578516607427805,0.0060309927742458365,tangled_rope,tangled_rope,True
franchisee_corporate_squeeze,powerless,0.521705,0.028184471096961927,0.030373138778860675,0.24185640005746054,0.014605817368320438,0.10939805324849222,tangled_rope,tangled_rope,True
franchisee_corporate_squeeze,moderate,0.531116,0.04270583658039291,0.0465275953745315,0.2985072700089021,0.02223532417195906,0.13657224570840398,tangled_rope,tangled_rope,True
franchisee_corporate_squeeze,institutional,-0.020281,3.3481549669368666,12.087018160676378,2.388207090205921,1.2643057003565688,0.8130461699324267,tangled_rope,rope,False
franchisee_corporate_squeeze,analytical,0.657567,0.5167618139402791,0.5330799462135988,1.0236282253592248,0.2562850730095096,0.4892664178736579,tangled_rope,snare,False
frankenstein_creation_hubris,powerless,0.978197,0.0009287282693370698,0.0007553845320436097,0.040874047253796605,0.0004176573974415053,0.0026861166525474936,snare,snare,True
frankenstein_creation_hubris,moderate,0.995843,0.001309694110185262,0.0010200552777739898,0.047985568126096674,0.0005756260728618582,0.0030687968551934564,snare,snare,True
frankenstein_creation_hubris,institutional,-0.038027,9.7758426576057,20.726377491037262,3.0777732254369994,1.9361914017703088,0.9941628350013375,snare,rope,False
frankenstein_creation_hubris,analytical,1.232938,0.007590668582844142,0.003745474851544143,0.1015959993152409,0.002579881929114981,0.00514309083832476,snare,snare,True
fraser_river_salmon_regulation,powerless,0.597787,0.02475975571088211,0.021833265487675727,0.21553329862086176,0.011602415313620426,0.08108096972247814,snare,snare,True
fraser_river_salmon_regulation,moderate,0.608571,0.035882874398981815,0.030669461163152948,0.25737968930463134,0.016538232959933234,0.09495792166063899,snare,snare,True
fraser_river_salmon_regulation,institutional,-0.023239,7.433862551204705,18.58050114631683,2.7882111707816515,1.648454388243763,0.8644379751618342,snare,rope,False
fraser_river_salmon_regulation,analytical,0.753462,0.2731628182418985,0.15106428987388076,0.6298618833659659,0.09836445589814966,0.1866473669116202,snare,snare,True
french_ag_land_concentration,powerless,0.597787,0.01757098779442682,0.015148943666929959,0.18051322266262182,0.008140727266702223,0.05693926169333696,snare,snare,True
french_ag_land_concentration,moderate,0.608571,0.02535908147722384,0.021112338324282193,0.21489296625733084,0.011533644245229508,0.06630634742632868,snare,snare,True
french_ag_land_concentration,institutional,-0.023239,7.77517949676029,19.19669858635009,2.8626527334640426,1.7219635179146882,0.8794277918681316,snare,rope,False
french_ag_land_concentration,analytical,0.753462,0.187062363921057,0.0984676225616916,0.5138759874965406,0.06565474242856231,0.12562493641450145,snare,snare,True
frontex_pushback_coordination,powerless,0.739082,0.0007503222432047048,0.0006112634067208277,0.03675429476442871,0.0003377100414735385,0.002236371888134414,snare,snare,True
frontex_pushback_coordination,moderate,0.752415,0.0010674070265205041,0.000831786542542888,0.04332589667739887,0.00046926497877510887,0.0025557347496830696,snare,snare,True
frontex_pushback_coordination,institutional,-0.028731,8.568063652481777,22.345026884641467,3.089419803811256,1.9478330673044375,0.9941178603690654,snare,rope,False
frontex_pushback_coordination,analytical,0.931553,0.007084082278082535,0.0033923726946951567,0.09706419116643775,0.0023549020262445793,0.004284579392113727,snare,snare,True
fundamental_material_limits_nbre,powerless,0.054344,1.148661656072446e-06,1.158444837216704e-06,0.0015189059808306457,5.767688170937507e-07,9.003876890034679e-05,mountain,mountain,True
fundamental_material_limits_nbre,moderate,0.055325,1.740389503990991e-06,1.75863475188467e-06,0.0018705488234465881,8.74738161653118e-07,0.00011104703740705268,mountain,mountain,True
fundamental_material_limits_nbre,institutional,-0.004013,0.00010669910383218858,9.794255856567752e-05,0.01429546988582516,5.108989729781874e-05,0.0007912366821623768,mountain,mountain,True
fundamental_material_limits_nbre,analytical,0.068497,2.345629390935764e-05,2.435858162522741e-05,0.006913906578344382,1.1950514142238936e-05,0.0004191073274989465,mountain,mountain,True
fundamental_theorem_of_algebra,powerless,0.011355,7.374741790543735e-08,7.389015105910491e-08,0.00038423620923333437,3.690936623562219e-08,2.522160469804486e-05,mountain,mountain,True
fundamental_theorem_of_algebra,moderate,0.01,0.0,0.0,0.0,0.0,0.0,mountain,mountain,True
fundamental_theorem_of_algebra,institutional,-0.001194,4.416791355694471e-06,4.350643854874804e-06,0.0029609222185362377,2.1917646958092886e-06,0.00019189450521363456,mountain,mountain,True
fundamental_theorem_of_algebra,analytical,0.0138,5.946746386445956e-07,5.979429207343352e-07,0.0010920672318366707,2.9815270224032433e-07,7.187626659398757e-05,mountain,mountain,True
fungal_shift_grassland_loss,powerless,0.086951,5.484235006581032e-06,5.574254988668386e-06,0.0033253481377776366,2.7644844222887078e-06,0.00022435879005600068,mountain,mountain,True
fungal_shift_grassland_loss,moderate,0.088519,8.339392518001664e-06,8.50817903846941e-06,0.004104424797439395,4.2115742514007935e-06,0.00027771400605702823,mountain,mountain,True
fungal_shift_grassland_loss,institutional,-0.00338,0.00038503295538514805,0.0003320690141154728,0.026723828235092156,0.00017853809250052347,0.001601077909564656,mountain,mountain,True
fungal_shift_grassland_loss,analytical,0.109594,0.00011877828403025345,0.0001278398344642604,0.0156961184386283,6.159171737900112e-05,0.0011069708389231936,mountain,mountain,True
fused_quartz_5d_archival,powerless,0.510836,0.021603598034262296,0.023935540995218108,0.21317919647893732,0.011350589850506108,0.08595393320792083,tangled_rope,tangled_rope,True
fused_quartz_5d_archival,moderate,0.520051,0.03296921325475117,0.03720092270445099,0.2645177863846664,0.017466930976910003,0.10850996079402292,tangled_rope,tangled_rope,True
fused_quartz_5d_archival,institutional,-0.019858,2.9087333007165825,11.350080139256397,2.3743860270327,1.2514713524078294,0.8056778836672894,tangled_rope,rope,False
fused_quartz_5d_archival,analytical,0.643867,0.4448238857191347,0.5277248104476486,0.9825288767980898,0.23652584802932158,0.4576637133347439,tangled_rope,snare,False
future_dsm_integration,powerless,0.597787,0.02475975571088211,0.021833265487675727,0.21553329862086176,0.011602415313620426,0.08108096972247814,snare,snare,True
future_dsm_integration,moderate,0.608571,0.035882874398981815,0.030669461163152948,0.25737968930463134,0.016538232959933234,0.09495792166063899,snare,snare,True
future_dsm_integration,institutional,-0.023239,7.433862551204705,18.58050114631683,2.7882111707816515,1.648454388243763,0.8644379751618342,snare,rope,False
future_dsm_integration,analytical,0.753462,0.2731628182418985,0.15106428987388076,0.6298618833659659,0.09836445589814966,0.1866473669116202,snare,snare,True
g7_debt_trap,powerless,0.597787,0.03200463678914902,0.029051135515933666,0.2468761714798375,0.015217623753082145,0.10624353685747223,snare,snare,True
g7_debt_trap,moderate,0.608571,0.0466386401267342,0.041241545642238156,0.29602249139417613,0.021867363792168935,0.12538285212331213,snare,snare,True
g7_debt_trap,institutional,-0.023239,6.783787424111803,17.650913499029386,2.6794166339117957,1.5419265059841774,0.8255272370283135,snare,rope,False
g7_debt_trap,analytical,0.753462,0.37088271971096337,0.21923889176156394,0.7479650954007206,0.13824038991989088,0.25962792530213485,snare,snare,True
gale_shapley,powerless,0.869508,0.0027457924025727715,0.0022337431488560315,0.07028450609318192,0.0012348508568781017,0.007818628776165237,snare,snare,True
gale_shapley,moderate,0.885194,0.00389096779336659,0.003028453507126104,0.08269454561926763,0.001709353422523832,0.008948194305145596,snare,snare,True
gale_shapley,institutional,-0.033802,9.553677610831462,20.098931744659186,3.0344908142264155,1.8929493426392887,0.9831952514132072,snare,rope,False
gale_shapley,analytical,1.095945,0.02399990181176902,0.011432280417041108,0.1787469547023605,0.007982303031888368,0.015116000182281875,snare,snare,True
galois_theory_symmetry,powerless,0.217377,0.0005646359058689514,0.0006064992524959751,0.03420327353324162,0.00029245885213767346,0.005467398548247959,mountain,mountain,True
galois_theory_symmetry,moderate,0.221298,0.0008746117748603857,0.0009556021407386413,0.04274516094665078,0.0004567698084747898,0.0069122359824893564,mountain,mountain,True
galois_theory_symmetry,institutional,-0.00845,0.0188361293266284,0.011367633717960108,0.16966940805211878,0.007192611729333692,0.019115881713982374,mountain,mountain,True
galois_theory_symmetry,analytical,0.273986,0.016756877684611118,0.024205287652983458,0.19915212848110453,0.009907202359541262,0.03851275865786197,mountain,mountain,True
gamblers_ruin_stochastic_extinction,powerless,0.978197,0.0015591418083146886,0.001269685511890801,0.052976778233261974,0.0007015937346756329,0.004511873480089634,snare,snare,True
gamblers_ruin_stochastic_extinction,moderate,0.995843,0.0021991435473623124,0.001715196567513538,0.06220328306821518,0.000967234134237612,0.005156019407874024,snare,snare,True
gamblers_ruin_stochastic_extinction,institutional,-0.038027,13.780349372396133,22.484158807494815,3.128696304700504,1.987103740479974,0.9902617588228333,snare,rope,False
gamblers_ruin_stochastic_extinction,analytical,1.232938,0.012761951873628326,0.00631165481781451,0.1318220140996119,0.00434268836118388,0.008653487423475492,snare,snare,True
gauss_bonnet_topology,powerless,0.11355,5.189537704763019e-05,5.376374727170661e-05,0.01027785689988828,2.640852749590607e-05,0.0009775161803223797,mountain,mountain,True
gauss_bonnet_topology,moderate,0.099998,1.021481499539896e-12,1.0215028971440993e-12,1.4295798486723557e-06,5.10760034949868e-13,1.3233708440196779e-07,mountain,mountain,True
gauss_bonnet_topology,institutional,-0.011938,0.0013799962401655228,0.0011239263507222084,0.049841932726103905,0.0006210224227360077,0.0040024312710562615,mountain,mountain,True
gauss_bonnet_topology,analytical,0.138002,0.000491363334555933,0.0005455951748580188,0.03216876326417213,0.00025870175507748406,0.0032320326290167234,mountain,mountain,True
gaza_aid_permit_revocation,powerless,0.442,0.5740249841191813,1.5122664156366281,1.3106338052566446,0.41429031176441694,0.45488185378386536,snare,snare,True
gaza_aid_permit_revocation,moderate,0.940518,0.0020255306807338367,0.0015740390329999454,0.05963966634158194,0.0008891565592394978,0.004679038202642372,snare,snare,True
gaza_aid_permit_revocation,institutional,-0.035914,9.89365200276226,21.104025764944424,3.0736315847688016,1.9320520092679299,0.9912005768102509,snare,rope,False
gaza_aid_permit_revocation,analytical,1.164441,0.012118077429821171,0.005844817454368587,0.12749427906612085,0.004062321848390837,0.00785742190480343,snare,snare,True
gaza_border_control_rafah,powerless,0.597787,0.020394870767514037,0.017729952961557015,0.19489616154142905,0.009488616119557465,0.06633881187997015,snare,snare,True
gaza_border_control_rafah,moderate,0.608571,0.029479284554027617,0.024780674083144258,0.23227798981899353,0.013473111843230925,0.07741256349762815,snare,snare,True
gaza_border_control_rafah,institutional,-0.023239,8.089876046678485,19.385774479600514,2.8930487570751215,1.7520953416683025,0.9109136573171324,snare,rope,False
gaza_border_control_rafah,analytical,0.753462,0.2199446737055231,0.11787278862488831,0.5601038068551822,0.07791781357828524,0.14862087897832765,snare,snare,True
gbff_funding_mechanism,powerless,0.521705,0.03560152722443946,0.03550865936877659,0.2666630531130982,0.017750975554042397,0.13291606534613354,tangled_rope,snare,False
gbff_funding_mechanism,moderate,0.531116,0.052991549989204245,0.05249006011243596,0.3247728194780993,0.026311451775526577,0.16151408273279688,tangled_rope,snare,False
gbff_funding_mechanism,institutional,-0.020281,4.87572376634169,12.847115044433036,2.5664156549076798,1.432718819692714,0.8574841065517061,tangled_rope,rope,False
gbff_funding_mechanism,analytical,0.657567,0.5190046670074963,0.40352466415953264,0.9540116366874949,0.22325280911336018,0.4300153014774839,tangled_rope,snare,False
gemini_scientific_advancement,powerless,0.38041,0.0017064587562563038,0.0011750396451598955,0.05272710768866898,0.000694996715870098,0.0023377356478054834,tangled_rope,tangled_rope,True
gemini_scientific_advancement,moderate,0.387272,0.002424488204527945,0.0015599959859102387,0.06150582539153945,0.0009456671060195025,0.0025754476203525556,tangled_rope,tangled_rope,True
gemini_scientific_advancement,institutional,-0.014788,2.064344145987918,5.204765061418472,2.3259154734946135,1.2067477512719684,0.8704311261589028,tangled_rope,rope,False
gemini_scientific_advancement,analytical,0.479476,0.018400784356374638,0.009298639965603678,0.14390332048759444,0.005174808317415845,0.004390376770200254,tangled_rope,tangled_rope,True
genai_mil_platform,powerless,0.521705,0.02696756511424009,0.02455733949051418,0.22680336442476573,0.01284616592687856,0.09631332608234733,snare,snare,True
genai_mil_platform,moderate,0.531116,0.039391683321688666,0.03499127788466233,0.27237126290588737,0.01851787945969588,0.11390118652238568,snare,snare,True
genai_mil_platform,institutional,-0.020281,6.540371504047038,13.72245048283282,2.7557689889099106,1.6165649560384772,0.881482061132592,snare,rope,False
genai_mil_platform,analytical,0.657567,0.32383395313118735,0.1960032624851745,0.7037220995913511,0.12253412687991155,0.24231434123449513,snare,snare,True
gender_performance_cost,powerless,0.630393,0.003982105437699522,0.004103123809411732,0.08990620242599963,0.0020204410351629533,0.03913464120842641,piton,piton,True
gender_performance_cost,moderate,0.641765,0.005540215825465815,0.0057337021143472194,0.10615932037055816,0.002816788885311639,0.04639000950846828,piton,piton,True
gender_performance_cost,institutional,-0.024506,2.352780880517022,10.530627915435456,1.7759276435351088,0.7380140454396489,0.4812178345022445,piton,piton,True
gender_performance_cost,analytical,0.79456,0.013128590182162801,0.013293806741407732,0.1621272968601587,0.006567717369760359,0.07046274122490226,piton,piton,True
generational_replacement_inertia,powerless,0.815164,0.004182989251760397,0.0034154886157734504,0.0868339801956903,0.0018847389346735891,0.011977775646885958,snare,snare,True
generational_replacement_inertia,moderate,0.829869,0.005942918878063713,0.004644072341915387,0.10230782715622108,0.002616152320907928,0.013729842472401499,snare,snare,True
generational_replacement_inertia,institutional,-0.031689,9.492152756585059,20.356845349647003,3.019595668672635,1.8780786557331333,0.9740871831139098,snare,rope,False
generational_replacement_inertia,analytical,1.027448,0.03774766297247814,0.017899443113229538,0.22385614236554502,0.012514819570388833,0.02340200367162848,snare,snare,True
genetic_algorithms_evolution,powerless,0.108689,7.902755961897779e-05,8.073150707467738e-05,0.012639042416968189,3.9936215395104224e-05,0.002324929216792948,mountain,mountain,True
genetic_algorithms_evolution,moderate,0.110649,0.00012045491120289643,0.00012365990888071527,0.015623160796672666,6.1020478025500756e-05,0.002884561997339885,mountain,mountain,True
genetic_algorithms_evolution,institutional,-0.004225,0.004876150636553323,0.00403831476610909,0.09410215010571807,0.002213395283211641,0.014924724245424348,mountain,mountain,True
genetic_algorithms_evolution,analytical,0.136993,0.0017732930450016812,0.001952993318848228,0.06098957805591126,0.0009298600956084857,0.011890364629878802,mountain,mountain,True
genetic_predisposition,powerless,0.652131,0.01541105849555268,0.0180195314860514,0.1824170701830362,0.008313231330115925,0.05595388283418548,tangled_rope,tangled_rope,True
genetic_predisposition,moderate,0.663895,0.023753919643391005,0.028640900867753935,0.228141033311377,0.012997979363649435,0.0719614435266217,tangled_rope,tangled_rope,True
genetic_predisposition,institutional,-0.025351,2.5783455716042223,18.479830591242234,2.381991286635778,1.2585292723195476,0.8078898476931127,tangled_rope,rope,False
genetic_predisposition,analytical,0.821958,0.36857308460349003,0.5454665011398798,0.9413316889475039,0.21746692250126573,0.3913547216701849,tangled_rope,tangled_rope,True
genetic_predisposition_mania,powerless,0.056775,3.010026733265022e-06,3.0504029007103197e-06,0.002461753010252365,1.5150567795191886e-06,0.00015047113353561237,mountain,mountain,True
genetic_predisposition_mania,moderate,0.049999,6.198827449871778e-14,6.174745628838656e-14,3.513641989991549e-07,3.096466504460728e-14,2.1296464147724237e-08,mountain,mountain,True
genetic_predisposition_mania,institutional,-0.005969,0.00011877653873516396,0.0001087696493943697,0.01507368227230614,5.6803705420999966e-05,0.000855698308329652,mountain,mountain,True
genetic_predisposition_mania,analytical,0.069001,2.62344744784963e-05,2.727285049358132e-05,0.007313836882895639,1.3373037584035424e-05,0.0004558533261855846,mountain,mountain,True
genie_ip_constraint,powerless,0.652131,0.0008808309564569383,0.0007221511873489395,0.03988670772790725,0.00039772418060038996,0.002675497960416884,snare,snare,True
genie_ip_constraint,moderate,0.663895,0.001258435950683568,0.0009882271845790798,0.047135634465103105,0.0005554162999309724,0.003077432037758676,snare,snare,True
genie_ip_constraint,institutional,-0.025351,9.993751118689605,22.471464649849704,3.1186746425183633,1.9770824904813962,0.9939909410876236,snare,rope,False
genie_ip_constraint,analytical,0.821958,0.00855969283508954,0.004049277308710946,0.1064926295626507,0.002834500251998041,0.005386099874934658,snare,snare,True
geocentric_cosmology,powerless,0.597787,0.029346012217353147,0.02632615477584283,0.23568708569471855,0.013871037064707773,0.09686596063853392,snare,snare,True
geocentric_cosmology,moderate,0.608571,0.04266785194662782,0.03721128094308673,0.28212954841888827,0.019866293989186032,0.11395687532937648,snare,snare,True
geocentric_cosmology,institutional,-0.023239,7.137176805152684,18.017843845166492,2.739943105546898,1.601044806833022,0.8403508052544587,snare,rope,False
geocentric_cosmology,analytical,0.753462,0.3331999099586351,0.19161825486313885,0.7034401036903123,0.12243695694349706,0.23088253844535667,snare,snare,True
geophysics_superionic_core,powerless,0.056775,2.8519016531048277e-06,2.8901720781876763e-06,0.002396222532617069,1.435470434842312e-06,0.0001425669728486456,mountain,mountain,True
geophysics_superionic_core,moderate,0.049999,5.869634930108096e-14,5.868917653147412e-14,3.4498682328433513e-07,2.933784350341166e-14,2.017760558636894e-08,mountain,mountain,True
geophysics_superionic_core,institutional,-0.005969,0.00011253302698555313,0.00010304908266927908,0.014672047270419548,5.381700141876007e-05,0.0008107047279635759,mountain,mountain,True
geophysics_superionic_core,analytical,0.069001,2.485658166963983e-05,2.5840834900787408e-05,0.007119205254158594,1.2670757483602041e-05,0.0004319148527800465,mountain,mountain,True
geopolitical_insularity_2026,powerless,0.652131,0.006876658679558257,0.0057216893353321625,0.11188695145652428,0.003128856324221389,0.02110940914619197,snare,snare,True
geopolitical_insularity_2026,moderate,0.663895,0.009848735476369877,0.007866124669345357,0.13246769606332756,0.004385319102071834,0.02435490236230131,snare,snare,True
geopolitical_insularity_2026,institutional,-0.025351,8.675309812111657,21.396653861910487,3.0065106213519672,1.8650206469576063,0.9515799923609096,snare,rope,False
geopolitical_insularity_2026,analytical,0.821958,0.06810426648098601,0.033150869172089745,0.3030365858749583,0.022913905003764827,0.04337151312595411,snare,snare,True
german_board_gender_quota,powerless,0.434754,0.02804968125158314,0.02843390685287942,0.23762017678218353,0.014099240176428156,0.11769538293688009,tangled_rope,snare,False
german_board_gender_quota,moderate,0.442597,0.041988265925653655,0.042492041287429734,0.29059138221862446,0.021073725023320496,0.14414068083142284,tangled_rope,snare,False
german_board_gender_quota,institutional,-0.016901,4.453189149807277,8.293726596040738,2.613504777781274,1.4780270795371606,0.8889789806814548,tangled_rope,rope,False
german_board_gender_quota,analytical,0.547972,0.44684713202079174,0.38333622221749153,0.9082421982231462,0.20270614998301484,0.42664605751572904,tangled_rope,snare,False
germany_tennet_takeover,powerless,0.38041,0.0022799310753113477,0.0020272238620035153,0.06496455836125099,0.0010550056946338727,0.005360625819483563,tangled_rope,tangled_rope,True
germany_tennet_takeover,moderate,0.387272,0.0033627404499382467,0.0029970301854269034,0.07864200599460151,0.0015459420742429536,0.0068927562527870325,tangled_rope,tangled_rope,True
germany_tennet_takeover,institutional,-0.014788,1.8973857341858904,5.202385592531479,2.2556751350105197,1.1427709216834363,0.8324823212624897,tangled_rope,rope,False
germany_tennet_takeover,analytical,0.479476,0.0417831991032301,0.05558357465619518,0.29626389902710104,0.021902978927538654,0.04653722548200962,tangled_rope,tangled_rope,True
germline_regulation_threshold_2026,powerless,0.543443,0.030762835229139765,0.028309952731786946,0.2428893243437598,0.014730687606421388,0.10789619649588689,snare,snare,True
germline_regulation_threshold_2026,moderate,0.553246,0.04500663025179761,0.040470761762799554,0.292051274000817,0.02128562265972586,0.12792995456787382,snare,snare,True
germline_regulation_threshold_2026,institutional,-0.021126,6.526142399332214,14.732588231607576,2.731631871092704,1.5929040765957236,0.8668948809852676,snare,rope,False
germline_regulation_threshold_2026,analytical,0.684965,0.3735333037513711,0.2307989442671488,0.7601139708665265,0.1427130059899576,0.27632533193121156,snare,snare,True
ghost_fishing_gear,powerless,0.815164,0.004360896863134261,0.00356201680608748,0.08866959103549599,0.0019652521579010523,0.012489199363599046,snare,snare,True
ghost_fishing_gear,moderate,0.829869,0.006196045808556904,0.004843844528637317,0.10447516943346993,0.002728144800157553,0.014317192245809629,snare,snare,True
ghost_fishing_gear,institutional,-0.031689,9.33531731438542,19.852467157182687,3.0054745332992927,1.8639869393725799,0.9729579868240436,snare,rope,False
ghost_fishing_gear,analytical,1.027448,0.03937088274120856,0.018681750140719735,0.22866415762795386,0.013057591066540981,0.024413632827576914,snare,snare,True
gig_economy_algorithmic_management,powerless,0.869508,0.00606204133710313,0.0049641647297607155,0.1046132966967485,0.0027353617169573984,0.017312819773862564,snare,snare,True
gig_economy_algorithmic_management,moderate,0.885194,0.008599715197828293,0.006744058688739715,0.1231853169756731,0.0037924564126943167,0.019842563252982504,snare,snare,True
gig_economy_algorithmic_management,institutional,-0.033802,9.850070022713307,19.08135241495202,2.9728827045156208,1.8314900630504576,0.962456845472311,snare,rope,False
gig_economy_algorithmic_management,analytical,1.095945,0.05342528910931598,0.025768261270453646,0.26767239294453227,0.017885406419034813,0.03378537687159444,snare,snare,True
gilgamesh_mortality_limit,powerless,1.086885,0.0003821444474378544,0.00031357761157974984,0.026280009532098216,0.00017265724098429981,0.0011650586879400349,snare,snare,True
gilgamesh_mortality_limit,moderate,1.106492,0.0005362221129317571,0.00042250418166286236,0.030798808464969473,0.0002371369644056273,0.0013307152462667116,snare,snare,True
gilgamesh_mortality_limit,institutional,-0.042252,10.119300285344565,21.25365806337064,3.099781768923419,1.9581921607546284,0.9973663191351883,snare,rope,False
gilgamesh_mortality_limit,analytical,1.369931,0.0028721516828578804,0.0015196541277234746,0.06379689398692208,0.0010174246461478128,0.0022315080871043403,snare,snare,True
gita_kurukshetra,powerless,0.217377,0.03628890616816352,0.0361244122308894,0.2690455039672102,0.018069097371172543,0.1314646368614104,rope,tangled_rope,False
gita_kurukshetra,moderate,0.221298,0.05547519383409197,0.05481020025387203,0.33198752785634167,0.027490719490768444,0.1613663881955692,rope,tangled_rope,False
gita_kurukshetra,institutional,-0.00845,0.6998574080439328,0.412369311319811,1.0161967179505036,0.25265746611889933,0.4092446065930144,rope,rope,True
gita_kurukshetra,analytical,0.273986,0.7363287205498658,0.5316311124394212,1.105052869650522,0.2975974650599622,0.4501344752760641,rope,tangled_rope,False
glen_canyon_water_allocation,powerless,0.597787,0.03469639509538029,0.03193518472540509,0.25796324770536455,0.016613208317431075,0.1159512688847033,snare,snare,True
glen_canyon_water_allocation,moderate,0.608571,0.05069846591684362,0.045573285000002656,0.30994336318563503,0.023968195646814214,0.13736129143201115,snare,snare,True
glen_canyon_water_allocation,institutional,-0.023239,6.69748664226829,17.97040312719249,2.687007086471083,1.5493184686855694,0.8550662516812058,snare,rope,False
glen_canyon_water_allocation,analytical,0.753462,0.41226969318393486,0.2519790851633749,0.796042775483812,0.15634060305494774,0.2922490573781409,snare,snare,True
global_digital_divide,powerless,0.597787,0.03200463678914902,0.029051135515933666,0.2468761714798375,0.015217623753082145,0.10624353685747223,snare,snare,True
global_digital_divide,moderate,0.608571,0.0466386401267342,0.041241545642238156,0.29602249139417613,0.021867363792168935,0.12538285212331213,snare,snare,True
global_digital_divide,institutional,-0.023239,6.783787424111803,17.650913499029386,2.6794166339117957,1.5419265059841774,0.8255272370283135,snare,rope,False
global_digital_divide,analytical,0.753462,0.37088271971096337,0.21923889176156394,0.7479650954007206,0.13824038991989088,0.25962792530213485,snare,snare,True
global_economic_anxiety_2026,powerless,0.739082,0.0002634647093352968,0.00025940552990212813,0.02286466592609611,0.0001306968134818467,0.008722557636883455,snare,snare,True
global_economic_anxiety_2026,moderate,0.752415,0.00025911699444559726,0.0002545976701665339,0.022662100782818297,0.00012839132925484065,0.008619573739671482,snare,snare,True
global_economic_anxiety_2026,institutional,-0.028731,6.925095414455551,18.085952018330172,2.7246934585565885,1.5861133832958274,0.815699857575579,snare,rope,False
global_economic_anxiety_2026,analytical,0.931553,0.01697183482805567,0.018432040632165567,0.18801527880487232,0.008830929826309354,0.07794578041204142,snare,snare,True
global_food_market_fragility,powerless,0.597787,0.03200463678914902,0.029051135515933666,0.2468761714798375,0.015217623753082145,0.10624353685747223,snare,snare,True
global_food_market_fragility,moderate,0.608571,0.0466386401267342,0.041241545642238156,0.29602249139417613,0.021867363792168935,0.12538285212331213,snare,snare,True
global_food_market_fragility,institutional,-0.023239,6.783787424111803,17.650913499029386,2.6794166339117957,1.5419265059841774,0.8255272370283135,snare,rope,False
global_food_market_fragility,analytical,0.753462,0.37088271971096337,0.21923889176156394,0.7479650954007206,0.13824038991989088,0.25962792530213485,snare,snare,True
global_hoarding_scaling_laws,powerless,0.923852,0.00022417289448575182,0.0002059929890928198,0.020680748395576123,0.00010692238583706849,0.0005622574734874368,snare,snare,True
global_hoarding_scaling_laws,moderate,0.940518,0.00034336093236962933,0.0003183065874424756,0.02561904603614705,0.00016408163633633823,0.0007651897783507197,snare,snare,True
global_hoarding_scaling_laws,institutional,-0.035914,8.96497328422044,22.515267396261258,3.1076740184655067,1.9660829907898871,0.9974509029391143,snare,rope,False
global_hoarding_scaling_laws,analytical,1.164441,0.013171438330864763,0.026208291018917848,0.1879380205189831,0.00882367913564976,0.015594072136885406,snare,snare,True
global_protocol_entrenchment,powerless,0.869508,0.0019221581875944484,0.0015612093302420473,0.0587811366170562,0.000863743327292673,0.005469420467486774,snare,snare,True
global_protocol_entrenchment,moderate,0.885194,0.002723105108374028,0.0021156068003616597,0.06914641368889114,0.0011951875730908527,0.0062574250548718124,snare,snare,True
global_protocol_entrenchment,institutional,-0.033802,10.025957459522765,21.688457567329873,3.0770642870987035,1.9354828283560406,0.9882784199918275,snare,rope,False
global_protocol_entrenchment,analytical,1.095945,0.01676755620292844,0.007963202643410645,0.14927373560933285,0.0055680764928793475,0.010550582922324692,snare,snare,True
global_stimulus_spree,powerless,0.673869,0.008398829282400986,0.01004762540371869,0.1354068179467771,0.0045820009559014345,0.030495861589650945,tangled_rope,tangled_rope,True
global_stimulus_spree,moderate,0.686025,0.013016540354760872,0.016159604260854176,0.17005843275168153,0.00722561265115081,0.039591660030102706,tangled_rope,tangled_rope,True
global_stimulus_spree,institutional,-0.026196,2.3134439608684314,19.080342239943562,2.3907577927558945,1.2666781613035973,0.8398842309650925,tangled_rope,rope,False
global_stimulus_spree,analytical,0.849357,0.22624431343034593,0.3913827114344818,0.7633831123616557,0.1439282511191601,0.26241964552222297,tangled_rope,tangled_rope,True
global_trade_externalities_neobiota,powerless,0.597787,0.02843156124286774,0.025412418445336142,0.2317675736168452,0.013414030484065729,0.09368919017462074,snare,snare,True
global_trade_externalities_neobiota,moderate,0.608571,0.0413093883179008,0.03587162963774966,0.27729299664668433,0.019192078053328804,0.11011225787365331,snare,snare,True
global_trade_externalities_neobiota,institutional,-0.023239,7.088178168013891,17.872265502284232,2.7264821562198036,1.5878635261983594,0.8282176242499791,snare,rope,False
global_trade_externalities_neobiota,analytical,0.753462,0.3208054756732387,0.18293547271279123,0.6885767566091077,0.11736823520759057,0.22161622270521064,snare,snare,True
global_water_bankruptcy,powerless,0.923852,0.007364304549264318,0.006052000133382859,0.11541104514162177,0.003329003403057847,0.021147761768334338,snare,snare,True
global_water_bankruptcy,moderate,0.940518,0.010429694176872626,0.008215421661091921,0.1358194436228677,0.004609958250892625,0.024236565144184197,snare,snare,True
global_water_bankruptcy,institutional,-0.035914,10.493886262808719,19.45316996076723,2.9643087291854515,1.8229481494450448,0.9538102593454865,snare,rope,False
global_water_bankruptcy,analytical,1.164441,0.06319494023299643,0.03116962798685702,0.29306783008006637,0.021433794506975135,0.041277400918111884,snare,snare,True
glp1_payload_efficiency_pivot,powerless,0.38041,0.12111973315669454,0.0933370198453421,0.45850245321955974,0.052326348912093305,0.17178176211924695,scaffold,tangled_rope,False
glp1_payload_efficiency_pivot,moderate,0.387272,0.1756048769620382,0.12706721216573852,0.5416703188455718,0.07290440598357419,0.2051352896630108,scaffold,tangled_rope,False
glp1_payload_efficiency_pivot,institutional,-0.014788,3.508815002384581,1.6597400773609685,2.0227844765279084,0.9386375708039904,0.8055554072539007,scaffold,rope,False
glp1_payload_efficiency_pivot,analytical,0.479476,1.4303609763566514,0.5529611766607342,1.2122767408240473,0.35629179416357043,0.4863761348920675,scaffold,tangled_rope,False
goal_boundary_poisoning,powerless,0.934721,0.013839311771409943,0.013677836979884617,0.16588055638144358,0.00687514716085234,0.082382789807118,piton,piton,True
goal_boundary_poisoning,moderate,0.951583,0.02304912492872499,0.02262466639154953,0.21370679341482235,0.011406788963718661,0.1057575450047632,piton,piton,True
goal_boundary_poisoning,institutional,-0.036337,3.9458363602127347,7.098617459064242,1.8576271832246571,0.8024307801184543,0.48871045172493455,piton,piton,True
goal_boundary_poisoning,analytical,1.17814,0.6473436263294041,0.42180854552254765,1.014881113148509,0.25201778047506446,0.4193278706588778,piton,piton,True
goedels_incompleteness_theorems,powerless,0.2271,0.0011113738566064068,0.0012331278867236952,0.04837089144917668,0.0005849072729635541,0.0071805595305270975,mountain,mountain,True
goedels_incompleteness_theorems,moderate,0.199995,3.113583058725778e-11,3.113528894686195e-11,7.891202518227261e-06,1.5567776610506745e-11,1.0801784594560715e-06,mountain,mountain,True
goedels_incompleteness_theorems,institutional,-0.023875,0.015607055723011323,0.009263301008578056,0.15372468303564127,0.005904911588663566,0.015291844486186035,mountain,mountain,True
goedels_incompleteness_theorems,analytical,0.276005,0.012783593430494978,0.017369479808027742,0.17211113049726506,0.007400991244648206,0.030535603555806423,mountain,mountain,True
gold_fomo_cycle,powerless,0.706475,0.011409032138107187,0.009528508902221499,0.14425828604915733,0.005200358065851392,0.03407523912431931,snare,snare,True
gold_fomo_cycle,moderate,0.71922,0.016327262039373035,0.0130942824590652,0.17074492647116224,0.007284031753220318,0.0393190866684161,snare,snare,True
gold_fomo_cycle,institutional,-0.027464,8.755510778732383,19.803743846439676,2.920143103720804,1.779002667186614,0.9223271771758472,snare,rope,False
gold_fomo_cycle,analytical,0.890455,0.11121975399556075,0.0545175288213462,0.3880251609514028,0.03752295976223996,0.06982943368297145,snare,snare,True
gold_piton_2026,powerless,0.217377,0.004143229866345147,0.00487700640127375,0.09473839933764347,0.0022434215400801007,0.01715764550364196,rope,rope,True
gold_piton_2026,moderate,0.221298,0.006644191060153015,0.008122490295461905,0.12105904411856733,0.0036627045440593854,0.022659351479219048,rope,rope,True
gold_piton_2026,institutional,-0.00845,0.033153284289832226,0.016694299178582606,0.21359776312815418,0.011395163819303797,0.02291019465253885,rope,rope,True
gold_piton_2026,analytical,0.273986,0.21397893705808646,0.40886202721466336,0.7579391651781159,0.141907309181647,0.23901096140718137,rope,rope,True
goldbach_conjecture,powerless,0.09084,2.4686744239440384e-05,2.5323134762061375e-05,0.007071336860955308,1.2500938227503581e-05,0.0006439748506130716,mountain,mountain,True
goldbach_conjecture,moderate,0.079998,7.724279698427953e-13,7.726491276868527e-13,1.243153429902467e-06,3.8629329161940766e-13,1.1104089137070616e-07,mountain,mountain,True
goldbach_conjecture,institutional,-0.00955,0.0007610519839066335,0.0006520679017617783,0.03750739099292982,0.00035169078709003344,0.003003623694015179,mountain,mountain,True
goldbach_conjecture,analytical,0.110402,0.00022610550615442124,0.00024370707887931518,0.021663743504919602,0.00011732829848276087,0.0020504978508227856,mountain,mountain,True
golden_handcuffs,powerless,0.434754,0.001036691996614581,0.0006806076913325118,0.04051716321128639,0.00041039609249168623,0.0019000102857601453,tangled_rope,tangled_rope,True
golden_handcuffs,moderate,0.442597,0.0014621889389133758,0.0008898376460089261,0.046981121663401314,0.0005517810744584207,0.002161390230762672,tangled_rope,tangled_rope,True
golden_handcuffs,institutional,-0.016901,3.513373772483141,7.332313740791103,2.7442134306158734,1.6052302147846793,0.9671698002763055,tangled_rope,rope,False
golden_handcuffs,analytical,0.547972,0.010109745722412493,0.003006685470874154,0.09620947668219446,0.0023136196435547462,0.003582345887931049,tangled_rope,tangled_rope,True
goodharts_law,powerless,0.543443,0.03726997533279029,0.03672170632708377,0.2720050067251089,0.01846818789303532,0.1351222679155702,tangled_rope,snare,False
goodharts_law,moderate,0.553246,0.05530005216281432,0.053958596464639116,0.3305173785717785,0.027248335954036623,0.16349697668701163,tangled_rope,snare,False
goodharts_law,institutional,-0.021126,5.0973068386930125,13.783558761086836,2.5528549891019297,1.4197282208176873,0.8224643911599134,tangled_rope,rope,False
goodharts_law,analytical,0.684965,0.5223112086776426,0.38843883341686664,0.9456579732529646,0.2194329740444004,0.416407744489762,tangled_rope,snare,False
goodstein_theorem_finite_proof,powerless,0.434754,0.000903087686033759,0.0006626047801097038,0.039052724851286996,0.0003812667152695424,0.0021341739391140813,tangled_rope,tangled_rope,True
goodstein_theorem_finite_proof,moderate,0.442597,0.0012931958403836577,0.0008955893826485823,0.04593158305027451,0.0005274043991293376,0.0024517481649224404,tangled_rope,tangled_rope,True
goodstein_theorem_finite_proof,institutional,-0.016901,2.7964193305334835,7.531317794533694,2.5949743105633534,1.4601614927437214,0.9361685086833785,tangled_rope,rope,False
goodstein_theorem_finite_proof,analytical,0.547972,0.009840535244841093,0.0036321846495446413,0.1034953433996512,0.0026772240190117364,0.004180384480404142,tangled_rope,tangled_rope,True
google_ai_search_overview,powerless,0.597787,0.02146689372804045,0.018723623471099606,0.20012347754222665,0.010004000421493903,0.06993051326773325,snare,snare,True
google_ai_search_overview,moderate,0.608571,0.031047696813526347,0.026199815126721163,0.23861623735568951,0.014217550282210098,0.0816719516859965,snare,snare,True
google_ai_search_overview,institutional,-0.023239,7.8927379120966865,19.106524269074043,2.864252156751562,1.723547499253762,0.8918072649160562,snare,rope,False
google_ai_search_overview,analytical,0.753462,0.23271661204396718,0.12562160045393272,0.5773343616218151,0.08275170620558228,0.15764488395117682,snare,snare,True
google_universal_commerce_protocol,powerless,0.2704,1.3245895206931215,1.3975422840908722,1.465474267327214,0.5133073961754584,0.6025357136002738,snare,tangled_rope,False
google_universal_commerce_protocol,moderate,0.575376,0.04829972631698429,0.04360486361728549,0.3028561204741666,0.02288667374855207,0.13475807239716886,snare,snare,True
google_universal_commerce_protocol,institutional,0.46676,0.056330309828642816,0.058255482724838895,0.33845998079870343,0.02857050650829333,0.1666037819765993,snare,tangled_rope,False
google_universal_commerce_protocol,analytical,0.712364,0.3999558026530399,0.2480715667298707,0.7873418055015967,0.15298560703721925,0.29134061450762927,snare,snare,True
governance_latency_gap,powerless,0.891246,0.0054995107309194005,0.0056510295586221365,0.10557156391774972,0.002785691863448323,0.04695150791912661,snare,snare,True
governance_latency_gap,moderate,0.907324,0.00954405113031142,0.009897518479216147,0.13938810864784906,0.004855295444200894,0.06261622021513036,snare,snare,True
governance_latency_gap,institutional,-0.034647,6.924199589076413,18.728387043561,2.7041001765401647,1.5659881814875556,0.8219991168445698,snare,rope,False
governance_latency_gap,analytical,1.123343,0.4654488111836063,0.47117067328012396,0.9669426882416634,0.2292268253369947,0.46452451957367696,snare,piton,False
governance_overfitting,powerless,0.804295,0.004693536844628085,0.003837738420440698,0.09201453593575513,0.0021162953750088146,0.01347154221545203,snare,snare,True
governance_overfitting,moderate,0.818804,0.0066723265924915395,0.005222305899542202,0.10845002553848491,0.0029396316079402665,0.01544924341878731,snare,snare,True
governance_overfitting,institutional,-0.031266,9.385491375093569,20.28144672132926,3.0075644678084057,1.8660721093048878,0.9707683759572637,snare,rope,False
governance_overfitting,analytical,1.013749,0.04264817744921559,0.02024051935978738,0.23800207324183506,0.014144542861114093,0.0264041738205711,snare,snare,True
gpt5_codex_dev_cycle,powerless,0.597787,0.0027153140041391893,0.0032484084798441617,0.07697472967255635,0.0014810944125441745,0.010281611736615116,tangled_rope,tangled_rope,True
gpt5_codex_dev_cycle,moderate,0.608571,0.004219746809641802,0.005250322847033371,0.09684984406616783,0.002344514868168146,0.013402916347062175,tangled_rope,tangled_rope,True
gpt5_codex_dev_cycle,institutional,-0.023239,2.0519170190801246,16.397979592370692,2.367993572436823,1.2455473217238855,0.843559831632034,tangled_rope,rope,False
gpt5_codex_dev_cycle,analytical,0.753462,0.08112273481557022,0.15609717073369786,0.4673968948676852,0.05436685021230332,0.1041962772761965,tangled_rope,tangled_rope,True
gpt_store_marketplace,powerless,0.521705,0.034857630072868476,0.03367101040121901,0.26174700084745256,0.01710344006328126,0.1280264685974185,snare,snare,True
gpt_store_marketplace,moderate,0.531116,0.051529669522553986,0.04910641754356509,0.31715650023238934,0.025094407671858006,0.15402224583658397,snare,snare,True
gpt_store_marketplace,institutional,-0.020281,5.3596052133083205,12.78886666962638,2.595346354218145,1.4605197365779092,0.833509583613807,snare,rope,False
gpt_store_marketplace,analytical,0.657567,0.47144164013331413,0.33328271776926516,0.886273080766965,0.19317752268125282,0.37499234929256575,snare,snare,True
gradient_descent_optimization,powerless,0.326066,0.09415706420184233,0.1088111495095296,0.4493657521534668,0.05027037916744156,0.2022741509790339,rope,rope,True
gradient_descent_optimization,moderate,0.331948,0.14980479206080974,0.1756312454602175,0.5685660065388842,0.08027401012002014,0.2597635966017007,rope,rope,True
gradient_descent_optimization,institutional,-0.012676,0.5772464673656055,0.19753565994920153,0.7715364720577537,0.14698071770050278,0.20808271303871706,rope,rope,True
gradient_descent_optimization,analytical,0.410979,2.4931745162768073,1.725088048328641,1.9593038331479717,0.8853768092292124,0.7538655222240709,rope,tangled_rope,False
graph_coloring_complexity,powerless,0.434754,0.0012934324587617072,0.0013543961786477159,0.05119054032740096,0.0006550820905838406,0.004302215444327159,tangled_rope,tangled_rope,True
graph_coloring_complexity,moderate,0.442597,0.0019623485980291714,0.0021077519777946817,0.06335035123770581,0.0010032328662488688,0.005561202398517527,tangled_rope,tangled_rope,True
graph_coloring_complexity,institutional,-0.016901,2.144398096412443,7.630313920468724,2.4014367818502396,1.2766238147814826,0.8705423307848815,tangled_rope,rope,False
graph_coloring_complexity,analytical,0.547972,0.03141237237472202,0.05196338645192935,0.2775907882030492,0.019233255615917634,0.040408472372061265,tangled_rope,tangled_rope,True
gravitational_lensing_cosmic_dawn,powerless,0.02271,3.6997046640148644e-07,3.715387383753982e-07,0.0008611078424804886,1.8537667635302543e-07,5.789619280609226e-05,mountain,mountain,True
gravitational_lensing_cosmic_dawn,moderate,0.02,0.0,0.0,2.9802322387695312e-08,0.0,0.0,mountain,mountain,True
gravitational_lensing_cosmic_dawn,institutional,-0.002388,1.9696357724531223e-05,1.9087162260646616e-05,0.006227064879193615,9.694076421013998e-06,0.000407716043649615,mountain,mountain,True
gravitational_lensing_cosmic_dawn,analytical,0.0276,3.0494215440657117e-06,3.086528225045205e-06,0.0024770509592139567,1.533945167449772e-06,0.0001675357516825477,mountain,mountain,True
great_awakening_rekindling,powerless,0.543443,0.023931609845836897,0.02652839064247026,0.22440300825444434,0.012575975786889328,0.09207084218642833,tangled_rope,tangled_rope,True
great_awakening_rekindling,moderate,0.553246,0.03649517616716564,0.041181697860992496,0.27831270711273426,0.019333262273469237,0.11615017311014372,tangled_rope,tangled_rope,True
great_awakening_rekindling,institutional,-0.021126,2.9517053445444126,12.972272600678638,2.350390540619735,1.2292742153282035,0.791638045666424,tangled_rope,rope,False
great_awakening_rekindling,analytical,0.684965,0.48235480741695747,0.5608097611191564,1.0181689112872079,0.2536178205399006,0.47686027306814893,tangled_rope,snare,False
great_mongolian_road_economic_dependency,powerless,0.641262,0.04355302292398326,0.04257843580810019,0.2934652630523776,0.021491862790580796,0.14524543643569615,tangled_rope,snare,False
great_mongolian_road_economic_dependency,moderate,0.65283,0.06435403085592205,0.062139473132724804,0.35561307573269874,0.03153195941509684,0.17499703097861546,tangled_rope,snare,False
great_mongolian_road_economic_dependency,institutional,-0.024929,5.550178657459635,17.948139336749115,2.5049602184291615,1.3740643809102724,0.7864798765127373,tangled_rope,rope,False
great_mongolian_road_economic_dependency,analytical,0.808259,0.573193096594782,0.4070856042704138,0.9782229487055762,0.2344986531282176,0.42166932011631014,tangled_rope,snare,False
greenland_defence_pact_2026,powerless,0.56518,0.03791788877600472,0.03871121564898576,0.2768049467861641,0.019124687208505436,0.13706325133490216,tangled_rope,snare,False
greenland_defence_pact_2026,moderate,0.575376,0.05667447715558636,0.057723798327540904,0.3382103975619575,0.028528486204252954,0.16770961292434694,tangled_rope,snare,False
greenland_defence_pact_2026,institutional,-0.021971,4.447386727902414,14.550401190752929,2.45907684607239,1.3306545547531052,0.7967481908468248,tangled_rope,rope,False
greenland_defence_pact_2026,analytical,0.712364,0.5749397148007569,0.47466932352648195,1.0199777885777574,0.2545001417051799,0.471854685078383,tangled_rope,snare,False
greenland_seizure_trade_war,powerless,0.923852,0.002403748248410814,0.0019558222632041233,0.065764266318634,0.0010811372622483995,0.006871873833265263,snare,snare,True
greenland_seizure_trade_war,moderate,0.940518,0.003398705782558797,0.002646816438316372,0.07729841374492376,0.0014935752575868744,0.00785850255203091,snare,snare,True
greenland_seizure_trade_war,institutional,-0.035914,9.771911816427107,19.62031470008425,3.0337600620145064,1.8922196451282833,0.9852082546669176,snare,rope,False
greenland_seizure_trade_war,analytical,1.164441,0.02037391839167187,0.009861539295469379,0.16548639738807533,0.006842531679897175,0.013225749422921762,snare,snare,True
greshams_law,powerless,0.652131,0.029732652070582517,0.02636098502301088,0.236518012323253,0.013968901333639488,0.09394798094526613,snare,snare,True
greshams_law,moderate,0.663895,0.04307391420716253,0.03703608244485373,0.2824290208479828,0.019908421229698027,0.1100896045608235,snare,snare,True
greshams_law,institutional,-0.025351,7.600488677098482,18.813362758202263,2.734559795349923,1.595771139905365,0.8176417848649032,snare,rope,False
greshams_law,analytical,0.821958,0.3239485074320614,0.180286039808221,0.6870825624079537,0.11686442991413368,0.21592062362973663,snare,snare,True
grete_samsa_transition,powerless,0.815164,0.04578248469237021,0.048180893575491095,0.3064572785822612,0.023433113154810687,0.14811693535504206,tangled_rope,tangled_rope,True
grete_samsa_transition,moderate,0.829869,0.06835700356312042,0.07211635711677303,0.3746911826111527,0.03499583264251213,0.18217298595225695,tangled_rope,tangled_rope,True
grete_samsa_transition,institutional,-0.031689,4.954874258025979,18.510912312926568,2.4753168987453207,1.3459800137469455,0.7986206844860424,tangled_rope,rope,False
grete_samsa_transition,analytical,1.027448,0.6570366955610167,0.579435773445972,1.1089679484863337,0.2996555131675595,0.519988031735138,tangled_rope,snare,False
grievance_stack_overflow,powerless,0.923852,0.011574988718431586,0.011375681072643931,0.15149017716385324,0.0057345759002477535,0.07458185683571938,piton,piton,True
grievance_stack_overflow,moderate,0.940518,0.019367627619806316,0.018881980801993173,0.19556261011533607,0.009553568026926024,0.09583396897122876,piton,piton,True
grievance_stack_overflow,institutional,-0.035914,3.721992177326291,7.15703660697678,1.8143399135884748,0.7680447631736718,0.4531021193690764,piton,piton,True
grievance_stack_overflow,analytical,1.164441,0.5609518286829052,0.36514614567596887,0.9447490459195403,0.21901922633377002,0.3840231087573375,piton,piton,True
gs1_gln_identification,powerless,0.326066,0.010072640119111327,0.008705163224917467,0.1359302247915757,0.0046174786491839604,0.02315669200564259,tangled_rope,tangled_rope,True
gs1_gln_identification,moderate,0.331948,0.014804446642737359,0.012611634851893028,0.16367284826398829,0.006693463441346203,0.02942327424850283,tangled_rope,tangled_rope,True
gs1_gln_identification,institutional,-0.012676,1.9868642872107425,3.3190211490323476,2.1277512061961494,1.0290249695673939,0.8125139429413758,tangled_rope,rope,False
gs1_gln_identification,analytical,0.410979,0.16181422296934977,0.16806747116377102,0.543596794486459,0.07342070197037923,0.16243455354513214,tangled_rope,tangled_rope,True
gs1_standardized_identification,powerless,0.4542,0.0007139018772357363,0.0002779467536291035,0.028349878030998827,0.00020092553174742598,0.0005177023846449913,snare,snare,True
gs1_standardized_identification,moderate,0.39999,5.417615617602568e-11,5.418805127732196e-11,1.0409844985926425e-05,2.7091027532152147e-11,2.22121929960295e-07,snare,snare,True
gs1_standardized_identification,institutional,-0.04775,9.714785049956426,8.663353345203458,3.099298321433871,1.9577088201297095,0.9991853062052097,snare,rope,False
gs1_standardized_identification,analytical,0.55201,0.002854167945827763,0.0005674179094453623,0.04204518604862277,0.00044193314109828804,0.0007386188084013146,snare,snare,True
gs_market_clearing,powerless,0.38041,0.0015736234466046401,0.0010864424849995715,0.05066286668675345,0.0006416472030333594,0.002092292672466467,tangled_rope,tangled_rope,True
gs_market_clearing,moderate,0.387272,0.0022365289719533587,0.001444523458651653,0.05912241427779889,0.0008738013326974842,0.0022961440248373544,tangled_rope,tangled_rope,True
gs_market_clearing,institutional,-0.014788,1.9939854979615381,5.201749471489489,2.3021648141065825,1.1850015606855926,0.8615581887553694,tangled_rope,rope,False
gs_market_clearing,analytical,0.479476,0.017101371241344053,0.008941853755655425,0.13992300812227706,0.0048926159406005015,0.0044061414459734966,tangled_rope,tangled_rope,True
guano_wealth_extraction,powerless,0.597787,0.0356851614322242,0.03303454278948256,0.26199615861362674,0.017135970594368864,0.11957032406074841,snare,snare,True
guano_wealth_extraction,moderate,0.608571,0.05220262184909676,0.04724593716215123,0.3150561957462394,0.024763828275224106,0.14187781233722596,snare,snare,True
guano_wealth_extraction,institutional,-0.023239,6.399378660219657,17.20284245872875,2.6265978288913376,1.4906774524974873,0.8071763472435554,snare,rope,False
guano_wealth_extraction,analytical,0.753462,0.4285839432466854,0.26568728045201373,0.8148559395828161,0.16371395322370733,0.3054354654208995,snare,snare,True
guinea_junta_legitimization_2024,powerless,0.706475,0.005734248128579402,0.004729785251464606,0.10193864796839608,0.00259730962453423,0.017029883190751383,snare,snare,True
guinea_junta_legitimization_2024,moderate,0.71922,0.008188592615998597,0.006473650971281726,0.12046203059771013,0.003626678607134024,0.019594660466937475,snare,snare,True
guinea_junta_legitimization_2024,institutional,-0.027464,9.08929419633902,21.33379768888495,3.020937153219364,1.8794176726704794,0.9620384909365598,snare,rope,False
guinea_junta_legitimization_2024,analytical,0.890455,0.05496228456287926,0.02628679021268315,0.2708063487378253,0.018306025385953,0.03423233225170019,snare,snare,True
guinea_worm_eradication,powerless,0.271721,0.04528915958785152,0.037586177619219355,0.2869131524980468,0.02054451949441992,0.10385091386340006,tangled_rope,tangled_rope,True
guinea_worm_eradication,moderate,0.276623,0.0666507617221911,0.05259335974754547,0.3434435333873051,0.029415972706737223,0.12102485277525998,tangled_rope,tangled_rope,True
guinea_worm_eradication,institutional,-0.010563,1.6913562167750127,1.233978124599075,1.6780282929959693,0.6636067792118878,0.7128307015996865,tangled_rope,rope,False
guinea_worm_eradication,analytical,0.342483,0.5892861417319805,0.21201768192474874,0.8063496416813762,0.16035995859303678,0.21395247141504592,tangled_rope,tangled_rope,True
guthrie_kidnapping_2026,powerless,0.923852,0.011270888662255354,0.010995505881749051,0.14921023592925955,0.005563342479954965,0.07234614282107543,piton,piton,True
guthrie_kidnapping_2026,moderate,0.940518,0.01881847684094054,0.01817431534318284,0.19231233302366257,0.009238886497644112,0.09267215191472855,piton,piton,True
guthrie_kidnapping_2026,institutional,-0.035914,3.5113742989573606,7.737917382430312,1.7996403726088859,0.7564983777457835,0.41640121933218005,piton,piton,True
guthrie_kidnapping_2026,analytical,1.164441,0.5277785154418926,0.331591867882472,0.9074151333366972,0.20234349291495463,0.35634308264661774,piton,piton,True
hagia_sophia_status,powerless,0.521705,0.02696756511424009,0.02455733949051418,0.22680336442476573,0.01284616592687856,0.09631332608234733,snare,snare,True
hagia_sophia_status,moderate,0.531116,0.039391683321688666,0.03499127788466233,0.27237126290588737,0.01851787945969588,0.11390118652238568,snare,snare,True
hagia_sophia_status,institutional,-0.020281,6.540371504047038,13.72245048283282,2.7557689889099106,1.6165649560384772,0.881482061132592,snare,rope,False
hagia_sophia_status,analytical,0.657567,0.32383395313118735,0.1960032624851745,0.7037220995913511,0.12253412687991155,0.24231434123449513,snare,snare,True
halting_problem_undecidability,powerless,0.056775,4.315039697043086e-06,4.37272925815775e-06,0.002947453416406634,2.1718700175829424e-06,0.0002157037870914591,mountain,mountain,True
halting_problem_undecidability,moderate,0.049999,8.894683541411806e-14,8.867601634243823e-14,4.214684851089411e-07,4.439150791021235e-14,3.053098240890506e-08,mountain,mountain,True
halting_problem_undecidability,institutional,-0.005969,0.0001703234565888212,0.00015601264192465506,0.01805173368361732,8.146571918482396e-05,0.001227204450182139,mountain,mountain,True
halting_problem_undecidability,analytical,0.069001,3.760524907330905e-05,3.9088490656230234e-05,0.008756267640060012,1.91680251282209e-05,0.0006533885408513962,mountain,mountain,True
hamiltonian_path_complexity,powerless,0.108689,3.155541967442372e-05,3.226579923892171e-05,0.007988446672627266,1.595379884971902e-05,0.0009300279544692813,mountain,mountain,True
hamiltonian_path_complexity,moderate,0.110649,4.810312828175861e-05,4.943992004492094e-05,0.009875691718967405,2.4382272190521402e-05,0.0011542479209225576,mountain,mountain,True
hamiltonian_path_complexity,institutional,-0.004225,0.0019407379289305673,0.001597311793353607,0.05927032223239532,0.0008781785004000381,0.005921683280614154,mountain,mountain,True
hamiltonian_path_complexity,analytical,0.136993,0.0007095925440176891,0.000785081132628386,0.038623841263325416,0.000372938687635338,0.004781513337822174,mountain,mountain,True
hammurabi_lex_talionis,powerless,0.543443,0.030762835229139765,0.028309952731786946,0.2428893243437598,0.014730687606421388,0.10789619649588689,snare,snare,True
hammurabi_lex_talionis,moderate,0.553246,0.04500663025179761,0.040470761762799554,0.292051274000817,0.02128562265972586,0.12792995456787382,snare,snare,True
hammurabi_lex_talionis,institutional,-0.021126,6.526142399332214,14.732588231607576,2.731631871092704,1.5929040765957236,0.8668948809852676,snare,rope,False
hammurabi_lex_talionis,analytical,0.684965,0.3735333037513711,0.2307989442671488,0.7601139708665265,0.1427130059899576,0.27632533193121156,snare,snare,True
hanlons_razor,powerless,0.597787,0.0006641232829318359,0.000775672849352804,0.037799686669830065,0.00035719344531466807,0.002341494162630485,tangled_rope,tangled_rope,True
hanlons_razor,moderate,0.608571,0.0010273569924484347,0.001247383836073566,0.047427838011072726,0.0005623236019725659,0.0030598999568602703,tangled_rope,tangled_rope,True
hanlons_razor,institutional,-0.023239,2.2684611695401316,16.765346192619862,2.474230524426824,1.344953463867565,0.8910014719649686,tangled_rope,rope,False
hanlons_razor,analytical,0.753462,0.019703145769725035,0.039250500959806096,0.23115158526824778,0.01334290130747544,0.02563969703846886,tangled_rope,tangled_rope,True
happiness_of_others,powerless,0.815164,0.045830727357168206,0.04821431906943701,0.3065914933844961,0.023453602774891013,0.14824581537104126,tangled_rope,tangled_rope,True
happiness_of_others,moderate,0.829869,0.0684234121567096,0.07215453560496239,0.3748323173801278,0.035022124110536006,0.18230877536712048,tangled_rope,tangled_rope,True
happiness_of_others,institutional,-0.031689,4.891527158146883,18.255087974405786,2.4506975654551524,1.3227643678004435,0.7884900270319743,tangled_rope,rope,False
happiness_of_others,analytical,1.027448,0.6570870594384154,0.5787786351062492,1.1086642089674315,0.29949561250491685,0.5197330816031003,tangled_rope,snare,False
harlequin_historical_line_discontinuation,powerless,0.815164,0.003217471865776037,0.0026221122783640235,0.0761177258876206,0.0014483022165373957,0.009205176965712214,snare,snare,True
harlequin_historical_line_discontinuation,moderate,0.829869,0.004569716914578119,0.0035631881595284756,0.08966058097981834,0.0020094183750461285,0.010547251611529807,snare,snare,True
harlequin_historical_line_discontinuation,institutional,-0.031689,9.125402700619338,20.04708321666704,3.0211006167844587,1.8795808392706375,0.9801081194228658,snare,rope,False
harlequin_historical_line_discontinuation,analytical,1.027448,0.028964462449318846,0.01368480497356084,0.19588036893693722,0.009584614532432648,0.01793586083690546,snare,snare,True
harm_principle_liberty,powerless,0.543443,0.030762835229139765,0.028309952731786946,0.2428893243437598,0.014730687606421388,0.10789619649588689,snare,snare,True
harm_principle_liberty,moderate,0.553246,0.04500663025179761,0.040470761762799554,0.292051274000817,0.02128562265972586,0.12792995456787382,snare,snare,True
harm_principle_liberty,institutional,-0.021126,6.526142399332214,14.732588231607576,2.731631871092704,1.5929040765957236,0.8668948809852676,snare,rope,False
harm_principle_liberty,analytical,0.684965,0.3735333037513711,0.2307989442671488,0.7601139708665265,0.1427130059899576,0.27632533193121156,snare,snare,True
hasbro_licensing_restriction,powerless,0.521705,0.009533664611522278,0.011055400395435072,0.14318085326349,0.005123000595560922,0.03829880908004174,tangled_rope,tangled_rope,True
hasbro_licensing_restriction,moderate,0.531116,0.014718954957451371,0.01760115649061376,0.1792173480997879,0.008024342876703406,0.04927667508724938,tangled_rope,tangled_rope,True
hasbro_licensing_restriction,institutional,-0.020281,2.1544878716799936,11.687730186767054,2.298907512310712,1.1820280567987498,0.7938412893592629,tangled_rope,rope,False
hasbro_licensing_restriction,analytical,0.657567,0.24542321823768828,0.3840090317670695,0.7778158206495086,0.14935258386662878,0.29304352951044765,tangled_rope,tangled_rope,True
hawthorne_effect,powerless,0.652131,0.039319521680091146,0.03646386251719696,0.27513922149855263,0.01889556906774537,0.12692542880205537,snare,snare,True
hawthorne_effect,moderate,0.663895,0.05745756684274644,0.05208912112921102,0.3306753751065076,0.027274333724861512,0.1505427397869803,snare,snare,True
hawthorne_effect,institutional,-0.025351,6.6375713768183795,18.09782860449119,2.6015212834146872,1.4664683424643798,0.7901412685897706,snare,rope,False
hawthorne_effect,analytical,0.821958,0.4630960465509384,0.28619295788968924,0.8462086532549704,0.17636255786178298,0.3208580248470696,snare,snare,True
hd101584_stellar_evolution,powerless,0.02271,3.6997046640148644e-07,3.715387383753982e-07,0.0008611078424804886,1.8537667635302543e-07,5.789619280609226e-05,mountain,mountain,True
hd101584_stellar_evolution,moderate,0.02,0.0,0.0,2.9802322387695312e-08,0.0,0.0,mountain,mountain,True
hd101584_stellar_evolution,institutional,-0.002388,1.9696357724531223e-05,1.9087162260646616e-05,0.006227064879193615,9.694076421013998e-06,0.000407716043649615,mountain,mountain,True
hd101584_stellar_evolution,analytical,0.0276,3.0494215440657117e-06,3.086528225045205e-06,0.0024770509592139567,1.533945167449772e-06,0.0001675357516825477,mountain,mountain,True
hedonic_adaptation_baseline,powerless,0.521705,0.034448737802966804,0.03307362673889119,0.2598060654761049,0.016851081358043172,0.12613696010544106,snare,snare,True
hedonic_adaptation_baseline,moderate,0.531116,0.05086030005224303,0.048115131927680625,0.3145051846417606,0.024677462054137417,0.15147013125713826,snare,snare,True
hedonic_adaptation_baseline,institutional,-0.020281,6.930063563589059,13.380505419242166,2.885074112607676,1.7441841879232924,0.9612473334768429,snare,rope,False
hedonic_adaptation_baseline,analytical,0.657567,0.4597411080158974,0.31950684669828794,0.8711437739594118,0.18674221021447937,0.3631066332365096,snare,snare,True
hegemonic_entropy_2026,powerless,0.782557,3.267692588154909e-05,3.0268057745560465e-05,0.007921834257986584,1.5688843991075178e-05,0.003027649229353835,piton,piton,True
hegemonic_entropy_2026,moderate,0.796674,0.0001340637018395277,0.00012949318625470052,0.01622185950032487,6.578682075011073e-05,0.007202969593307129,piton,piton,True
hegemonic_entropy_2026,institutional,-0.030421,4.301641916542675,18.714726765988566,2.4516687504968853,1.323678258925286,0.8295491671867227,piton,rope,False
hegemonic_entropy_2026,analytical,0.98635,0.07192256360703198,0.06252551869869369,0.36595905889898256,0.03338819477806973,0.15839597809657258,piton,piton,True
heglig_oil_field_control,powerless,0.923852,0.0016579196870938583,0.0013470232343084831,0.05459613706618427,0.0007451382717861074,0.004736611033299254,snare,snare,True
heglig_oil_field_control,moderate,0.940518,0.0023436072940495106,0.001822119541805683,0.0641601590579592,0.0010290432463091032,0.005414979060161973,snare,snare,True
heglig_oil_field_control,institutional,-0.035914,10.435688930522172,21.709699723501537,3.0836919485157814,1.9421073825716495,0.9898363268264496,snare,rope,False
heglig_oil_field_control,analytical,1.164441,0.014027465521783343,0.006771264224809417,0.13720421781503486,0.004704403904174295,0.009097887383115788,snare,snare,True
heine_borel,powerless,0.170325,0.0002955194032967351,0.00031561404683327405,0.02471108003659397,0.00015265742708002906,0.003003570403472322,mountain,mountain,True
heine_borel,moderate,0.149996,9.892174330412724e-12,9.891895017365708e-12,4.448040296270724e-06,4.94601832963493e-12,5.139602025083789e-07,mountain,mountain,True
heine_borel,institutional,-0.017906,0.005631248830598815,0.003965561868366658,0.09683965650826049,0.002344021755172268,0.00889369269450535,mountain,mountain,True
heine_borel,analytical,0.207004,0.003060055350094184,0.003720826967312581,0.08205113643871725,0.0016828611929362988,0.011106229271895418,mountain,mountain,True
heisenberg_uncertainty,powerless,0.056775,2.8519016531048277e-06,2.8901720781876763e-06,0.002396222532617069,1.435470434842312e-06,0.0001425669728486456,mountain,mountain,True
heisenberg_uncertainty,moderate,0.049999,5.869634930108096e-14,5.868917653147412e-14,3.4498682328433513e-07,2.933784350341166e-14,2.017760558636894e-08,mountain,mountain,True
heisenberg_uncertainty,institutional,-0.005969,0.00011253302698555313,0.00010304908266927908,0.014672047270419548,5.381700141876007e-05,0.0008107047279635759,mountain,mountain,True
heisenberg_uncertainty,analytical,0.069001,2.485658166963983e-05,2.5840834900787408e-05,0.007119205254158594,1.2670757483602041e-05,0.0004319148527800465,mountain,mountain,True
help_to_buy_uk,powerless,0.56518,0.021742386706270007,0.019129402165805342,0.20185645759406964,0.010177863225993412,0.07313879006910506,snare,snare,True
help_to_buy_uk,moderate,0.575376,0.031521248222202675,0.026878078601472618,0.24108300018747358,0.014512667742543936,0.08564978464698891,snare,snare,True
help_to_buy_uk,institutional,-0.021971,7.31389189615071,16.76032557873383,2.819945240240576,1.6797373236463087,0.8803300613527038,snare,rope,False
help_to_buy_uk,analytical,0.712364,0.24196324052449994,0.1338310567711375,0.5928743997248709,0.08723339393153261,0.16897536211689634,snare,snare,True
helsinki_bus_theory,powerless,0.434754,0.006767266389288244,0.007585675114853066,0.1194730711523454,0.0035673926537176017,0.028814880805088386,tangled_rope,tangled_rope,True
helsinki_bus_theory,moderate,0.442597,0.010391635004846389,0.011983223920368208,0.14901207221605353,0.005548581953330155,0.03696386828627088,tangled_rope,tangled_rope,True
helsinki_bus_theory,institutional,-0.016901,2.9454990185231815,7.824064580200339,2.587760965416836,1.4532194117980743,0.916610635444354,tangled_rope,rope,False
helsinki_bus_theory,analytical,0.547972,0.17055731974632993,0.26467516967352867,0.6456640575743697,0.1033184977941032,0.22193577432978745,tangled_rope,tangled_rope,True
hershey_salt_strategy,powerless,0.521705,0.03331817196297548,0.034602466126356944,0.2605780051988332,0.0169512245954915,0.1269132283504255,tangled_rope,tangled_rope,True
hershey_salt_strategy,moderate,0.531116,0.050045642848397444,0.05208350794240978,0.31952301007631256,0.025469496223588135,0.15633443570240113,tangled_rope,tangled_rope,True
hershey_salt_strategy,institutional,-0.020281,3.9765346680789064,12.255137516784982,2.4409906380054345,1.3136388991534742,0.8164888562053494,tangled_rope,rope,False
hershey_salt_strategy,analytical,0.657567,0.542037345735828,0.4830132739154938,1.010315229168818,0.24980358310564404,0.47773415535451064,tangled_rope,snare,False
heuristic_optimization,powerless,0.217377,0.0014732720490337348,0.001577333448827962,0.0552031538511008,0.0007617986824281119,0.01398132402963026,mountain,mountain,True
heuristic_optimization,moderate,0.221298,0.002280940665417196,0.002482163874799369,0.06895888389433162,0.0011887141448778276,0.01764219759308938,mountain,mountain,True
heuristic_optimization,institutional,-0.00845,0.04956427310846274,0.03054798248462624,0.2768495132340177,0.019130836133831902,0.05063730544943279,mountain,mountain,True
heuristic_optimization,analytical,0.273986,0.04341751435002011,0.0619685781328604,0.3193009529109476,0.025434182928753452,0.09463456261751879,mountain,mountain,True
hhs_fetal_tissue_research_ban_2019,powerless,0.815164,0.00204531992837782,0.0016630404497716695,0.060652338473156,0.0009196060589812387,0.005845644890100088,snare,snare,True
hhs_fetal_tissue_research_ban_2019,moderate,0.829869,0.0029038222232503105,0.0022582966679853852,0.07142324232573068,0.0012751843551073764,0.006694557822779612,snare,snare,True
hhs_fetal_tissue_research_ban_2019,institutional,-0.031689,8.972530500616315,20.70269703344843,3.0481906513790453,1.9066319454580896,0.9873629360712687,snare,rope,False
hhs_fetal_tissue_research_ban_2019,analytical,1.027448,0.018359268861381093,0.00863661964652079,0.15575014784808613,0.0060614628840570525,0.011352937670539536,snare,snare,True
hicbc_uk,powerless,0.706475,0.020615086716800745,0.017613377138600554,0.1950667197936464,0.009505217639203754,0.06221472559328722,snare,snare,True
hicbc_uk,moderate,0.71922,0.029620171049035852,0.024387966012995733,0.23157272487582756,0.013391510605637048,0.07217565807169246,snare,snare,True
hicbc_uk,institutional,-0.027464,8.43055169919147,18.548941725229017,2.8048768822938013,1.664872642399786,0.8516687890808908,snare,rope,False
hicbc_uk,analytical,0.890455,0.20754350653709513,0.10653743657208758,0.5372502358999492,0.07172658078679633,0.13232898682823457,snare,snare,True
hidden_interdependency_risk,powerless,0.891246,0.004907035315159888,0.005082287780992692,0.09992219502636389,0.002495592093632917,0.042295437279825765,snare,snare,True
hidden_interdependency_risk,moderate,0.907324,0.008544041498162083,0.008950071666185978,0.13221799612029964,0.004368808156971054,0.056595534931032365,snare,snare,True
hidden_interdependency_risk,institutional,-0.034647,6.976768053217949,18.25443900053724,2.709570919902221,1.5713301756561253,0.8001735089188644,snare,rope,False
hidden_interdependency_risk,analytical,1.123343,0.44395488105391634,0.4796695273887122,0.959739382725988,0.22588982187332318,0.4583466759616926,snare,piton,False
hilbert_hotel_infinite_capacity,powerless,0.010869,2.8798634731263834e-08,2.8833746922633997e-08,0.00024006741519708166,1.4408091226793574e-08,1.5277838178840743e-05,mountain,mountain,True
hilbert_hotel_infinite_capacity,moderate,0.011065,4.333895024140172e-08,4.3403784124912035e-08,0.0002945211312247574,2.1685674111525627e-08,1.874779738638907e-05,mountain,mountain,True
hilbert_hotel_infinite_capacity,institutional,-0.000423,3.6992113219682654e-06,3.648890795822378e-06,0.0027106868028878945,1.8369554547271665e-06,0.0001701609821350451,mountain,mountain,True
hilbert_hotel_infinite_capacity,analytical,0.013699,5.366661711705291e-07,5.394985690773091e-07,0.0010373808263918786,2.6903973852154337e-07,6.625100899876769e-05,mountain,mountain,True
hilberts_hotel_infinity,powerless,0.163033,0.00012403717188254888,0.000129427305283664,0.015917796819623943,6.334372952593355e-05,0.0019487614198681058,mountain,mountain,True
hilberts_hotel_infinity,moderate,0.165974,0.00019043093358328295,0.0002006875358149184,0.019771473072842407,9.772699097685768e-05,0.002438572283551821,mountain,mountain,True
hilberts_hotel_infinity,institutional,-0.006338,0.005586834160903292,0.003987079587468215,0.09680676050520076,0.0023424298288887866,0.00921987550214709,mountain,mountain,True
hilberts_hotel_infinity,analytical,0.20549,0.003116306067806455,0.00379882782096914,0.08283473314507483,0.0017151530518940289,0.011434581841825664,mountain,mountain,True
hiv_prep_prevention_2026,powerless,0.167153,0.003689838878053765,0.0037112193845395243,0.08602781398540287,0.0018499109435396934,0.04265296897184212,mountain,mountain,True
hiv_prep_prevention_2026,moderate,0.151292,1.9517725349165873e-05,1.952856959357807e-05,0.006248702915845808,9.761564092251191e-06,0.0030918903473640125,mountain,mountain,True
hiv_prep_prevention_2026,institutional,-0.006338,0.12287808814842499,0.10891176737786236,0.48076131732714705,0.057505158167637314,0.22318562235173522,mountain,mountain,True
hiv_prep_prevention_2026,analytical,0.20549,0.045176805194755795,0.04541443439333847,0.30085596153354344,0.02258593852781255,0.1481531727395219,mountain,rope,False
hk_nsl_civic_party_disbandment,powerless,0.923852,0.0016579196870938583,0.0013470232343084831,0.05459613706618427,0.0007451382717861074,0.004736611033299254,snare,snare,True
hk_nsl_civic_party_disbandment,moderate,0.940518,0.0023436072940495106,0.001822119541805683,0.0641601590579592,0.0010290432463091032,0.005414979060161973,snare,snare,True
hk_nsl_civic_party_disbandment,institutional,-0.035914,10.435688930522172,21.709699723501537,3.0836919485157814,1.9421073825716495,0.9898363268264496,snare,rope,False
hk_nsl_civic_party_disbandment,analytical,1.164441,0.014027465521783343,0.006771264224809417,0.13720421781503486,0.004704403904174295,0.009097887383115788,snare,snare,True
hoa_covenants,powerless,0.597787,0.008923794849936564,0.00831789858134311,0.13124463004890202,0.004304743107781378,0.05070856666130333,piton,piton,True
hoa_covenants,moderate,0.608571,0.013546352716907198,0.01239256933594094,0.1609322165031964,0.006471301750676748,0.06140387594354477,piton,piton,True
hoa_covenants,institutional,-0.023239,4.402619412837545,17.98239238667717,2.915340058346735,1.7742296762227445,0.9868160317892212,piton,rope,False
hoa_covenants,analytical,0.753462,0.17355955420922692,0.11201846386994099,0.5246991222310846,0.06843343044901158,0.16496706250434925,piton,piton,True
hollow_state_syndrome,powerless,0.94559,0.016170201597828837,0.015978969880123498,0.17929926577421304,0.008031675261994537,0.08908981183617037,piton,piton,True
hollow_state_syndrome,moderate,0.962648,0.02678185013534319,0.026270735298040387,0.23032278659147254,0.013247495939581445,0.11401692103173866,piton,piton,True
hollow_state_syndrome,institutional,-0.036759,4.006837046096826,7.539363019217416,1.8882386595176857,0.8270871353782854,0.4952900293906711,piton,piton,True
hollow_state_syndrome,analytical,1.19184,0.713335973602629,0.451475864117182,1.0564255361027552,0.2725816052313977,0.4329521291697481,piton,piton,True
hollywood_four_quadrant_model,powerless,0.56518,0.0330061319519919,0.030482303166552302,0.25181754247979937,0.0158320865556726,0.11358230703704153,snare,snare,True
hollywood_four_quadrant_model,moderate,0.575376,0.04829972631698429,0.04360486361728549,0.3028561204741666,0.02288667374855207,0.13475807239716886,snare,snare,True
hollywood_four_quadrant_model,institutional,-0.021971,6.376598208299551,15.600802833998962,2.6705509809366124,1.5333010505902025,0.8318042392346054,snare,rope,False
hollywood_four_quadrant_model,analytical,0.712364,0.3999558026530399,0.2480715667298707,0.7873418055015967,0.15298560703721925,0.29134061450762927,snare,snare,True
hominin_evolutionary_bottleneck,powerless,0.815164,0.030056752068879478,0.02613956958675846,0.23662330819510327,0.013981327267158405,0.08858430687561714,snare,snare,True
hominin_evolutionary_bottleneck,moderate,0.829869,0.04317268028964986,0.03628223559416471,0.28107619706089104,0.019718470174389168,0.10304173703793906,snare,snare,True
hominin_evolutionary_bottleneck,institutional,-0.031689,9.029721239807095,18.3947660370691,2.7461276527708818,1.6071069571978402,0.7880799462625754,snare,rope,False
hominin_evolutionary_bottleneck,analytical,1.027448,0.2957073979945306,0.1589928286294161,0.6499411732072737,0.10467976407846816,0.19122079666279668,snare,snare,True
horizon_liability_contract,powerless,0.923852,0.0003026274246266099,0.00028629797063308327,0.024205174229249705,0.00014647082702358324,0.0009491888700005951,snare,snare,True
horizon_liability_contract,moderate,0.940518,0.00047251676057686047,0.00045424030232412696,0.03033263430690589,0.00023001276704121443,0.0012915682007390915,snare,snare,True
horizon_liability_contract,institutional,0.762973,0.0004853074562029633,0.0006259439271765121,0.03311614148964389,0.00027416344276207983,0.0012730406911932422,snare,snare,True
horizon_liability_contract,analytical,1.164441,0.021481449312160745,0.0433931774584935,0.2414272994169056,0.014554099074776521,0.02605203363951738,snare,snare,True
hp_liberalism,powerless,0.56518,0.0032720443973032684,0.0032256389691184685,0.08054732929441617,0.0016217488442682834,0.012296493333413254,piton,piton,True
hp_liberalism,moderate,0.575376,0.004865120474153558,0.0047640431652029485,0.09801706726506589,0.0024013556724693046,0.014792199319084869,piton,piton,True
hp_liberalism,institutional,-0.021971,2.7476016606608673,16.064183123212995,2.5701615523577273,1.4363118685093,0.9172866892054512,piton,rope,False
hp_liberalism,analytical,0.712364,0.047146842912726854,0.03650863352909298,0.28453027324527014,0.020205256114517973,0.037764829914751,piton,piton,True
hu_2026_election_rules,powerless,0.630393,0.03324584638777738,0.030057644832984044,0.25136097297483295,0.01577480391990753,0.1075369098946587,snare,snare,True
hu_2026_election_rules,moderate,0.641765,0.04837014501882105,0.04256110989327135,0.3010824554965508,0.022619893886116935,0.1267058976868336,snare,snare,True
hu_2026_election_rules,institutional,-0.024506,7.373705805777159,19.973948010018955,2.749002487958388,1.6099261798218916,0.87660601801249,snare,rope,False
hu_2026_election_rules,analytical,0.79456,0.37759534627981817,0.2201401587534424,0.7517088963054821,0.13961135721745838,0.25840862461881764,snare,snare,True
huang_expectation_resilience_2026,powerless,0.815164,0.0007453523430958828,0.0007294363979917957,0.03838679901277962,0.00036837527569438745,0.018367336938677536,piton,piton,True
huang_expectation_resilience_2026,moderate,0.829869,0.001533817938424581,0.0015043259510812666,0.05509539847971898,0.0007588277435918841,0.026721554073939613,piton,piton,True
huang_expectation_resilience_2026,institutional,-0.031689,4.318810487489149,12.31505029772558,2.1178414703799713,1.020373400940938,0.5519549468695686,piton,rope,False
huang_expectation_resilience_2026,analytical,1.027448,0.1596565536423227,0.14054232629134372,0.5468960309165007,0.07430904993563715,0.25572503031695504,piton,piton,True
hub_short_form_tv_market_fragmentation,powerless,0.597787,0.039707724040251705,0.03800363170052924,0.2787154673004437,0.01938916836337954,0.13522303641680677,snare,snare,True
hub_short_form_tv_market_fragmentation,moderate,0.608571,0.05848004528249113,0.055069160975079245,0.33685224682729625,0.02830036350390852,0.1620028723626027,snare,snare,True
hub_short_form_tv_market_fragmentation,institutional,-0.023239,5.785640714692806,17.052570851608984,2.562111227037718,1.428592488839694,0.8133867511057072,snare,rope,False
hub_short_form_tv_market_fragmentation,analytical,0.753462,0.5092739608059533,0.3439626578044873,0.9095982494940807,0.20330142568277268,0.37538421924756427,snare,snare,True
humanities_phd_funding_model,powerless,0.597787,0.011681721779731358,0.009913386172937747,0.14658165259040537,0.005369141191344153,0.03757992569492741,snare,snare,True
humanities_phd_funding_model,moderate,0.608571,0.016811515731915267,0.013741427918433934,0.17412801410543166,0.0075753543218812815,0.04359364963083501,snare,snare,True
humanities_phd_funding_model,institutional,-0.023239,8.176339814432335,20.11204107961983,2.950912992299252,1.8096090770735833,0.9188293365870537,snare,rope,False
humanities_phd_funding_model,analytical,0.753462,0.12143694631155254,0.061817068398941265,0.4100312426317774,0.04188439117372429,0.08062657872198498,snare,snare,True
hydra_game,powerless,0.76082,0.03890951645988158,0.04236763053916953,0.2848955286089936,0.020257077128258725,0.1296434558037613,tangled_rope,tangled_rope,True
hydra_game,moderate,0.774544,0.0586812557606612,0.06458849925045378,0.3507896327756225,0.030684557177659007,0.16160628204643235,tangled_rope,tangled_rope,True
hydra_game,institutional,-0.029576,4.367783794875429,19.504450766820142,2.5297594586826566,1.397665314742249,0.84884578237479,tangled_rope,rope,False
hydra_game,analytical,0.958951,0.6391091526624668,0.6379690928115607,1.1286736071476937,0.31011299896895156,0.5348533146090875,tangled_rope,snare,False
hygiene_disposal_protocol,powerless,0.999934,1.6335256402970828e-05,1.3282126713742132e-05,0.005420385200393437,7.345139434070391e-06,4.7570959450515815e-05,snare,snare,True
hygiene_disposal_protocol,moderate,1.017973,2.300920072695548e-05,1.7918709128896737e-05,0.006360096934713142,1.0112699732164691e-05,5.432419365802854e-05,snare,snare,True
hygiene_disposal_protocol,institutional,-0.038872,10.541537597049771,22.946346111662727,3.1306210137179185,1.9890284151585338,0.9998709701217855,snare,rope,False
hygiene_disposal_protocol,analytical,1.260336,0.0001313300942880436,6.53623280808084e-05,0.013397962122404123,4.4876179434449065e-05,9.08665140753051e-05,snare,snare,True
hypercompression_of_time_horizons,powerless,0.956459,0.018432086229662234,0.018025429312683527,0.19092914777596218,0.009106565669307983,0.09389422639244893,piton,piton,True
hypercompression_of_time_horizons,moderate,0.973713,0.030291130095207036,0.02930672688059388,0.2441006595294349,0.014877800571182292,0.11932961276340837,piton,piton,True
hypercompression_of_time_horizons,institutional,-0.037182,3.7323538498422346,7.010833506343493,1.8169615949757512,0.770111086326136,0.4612502503883594,piton,piton,True
hypercompression_of_time_horizons,analytical,1.205539,0.7378015309989544,0.43372558247038145,1.0519469570248525,0.2703287768135672,0.4134249810602959,piton,piton,True
hypernormie_equilibrium,powerless,0.934721,0.013923465389628353,0.013920534012363997,0.16686422780584054,0.006956880702580194,0.0833124807791969,snare,piton,False
hypernormie_equilibrium,moderate,0.951583,0.02326539956668805,0.023179110500926275,0.21550784790263888,0.011599678041776387,0.10748995498613861,snare,piton,False
hypernormie_equilibrium,institutional,-0.036337,4.490074201912085,9.775939001213061,2.0574763276625534,0.9681995886004625,0.5414795706384634,snare,piton,False
hypernormie_equilibrium,analytical,1.17814,0.6892969205655883,0.4763968384253973,1.0643251232816089,0.27657638635472925,0.457151593854397,snare,piton,False
ia_digital_preservation,powerless,0.630393,0.0277304239108816,0.024523401745932608,0.22826616232328792,0.013012225848961003,0.08876090505745793,snare,snare,True
ia_digital_preservation,moderate,0.641765,0.040177125795967335,0.03444754214670473,0.27256646701201415,0.01854439079477702,0.10397802215163854,snare,snare,True
ia_digital_preservation,institutional,-0.024506,7.412826120586057,18.686938977486992,2.730372473927256,1.591671125732508,0.8147290208544007,snare,rope,False
ia_digital_preservation,analytical,0.79456,0.30351334668448765,0.16827370839150793,0.6643634814257675,0.10933377070975023,0.20395151624227315,snare,snare,True
ibm_shield_2026,powerless,0.673869,0.0178043167978272,0.015163163357137414,0.1811303624344948,0.008196447443265113,0.05452629366545969,snare,snare,True
ibm_shield_2026,moderate,0.686025,0.025589518078110017,0.020993758951315656,0.21503830275610286,0.011549235361513291,0.06323680576901058,snare,snare,True
ibm_shield_2026,institutional,-0.026196,8.280563864223362,19.041466048505427,2.8397870789028636,1.6993385570616266,0.8699494376537403,snare,rope,False
ibm_shield_2026,analytical,0.849357,0.18076911134106824,0.09219516750139392,0.5004749785229414,0.06229272279251603,0.11598615865836237,snare,snare,True
ibm_shield_contract_2026,powerless,0.673869,0.015285645860761822,0.012934534049080473,0.16754925736454876,0.007014084790242292,0.04667447718245221,snare,snare,True
ibm_shield_contract_2026,moderate,0.686025,0.021944434873305482,0.017869574192653837,0.19874519586474884,0.009866789734936508,0.054047458976471785,snare,snare,True
ibm_shield_contract_2026,institutional,-0.026196,8.405913540041311,19.40995947644967,2.8748954809789846,1.7340925196046213,0.8901262843773278,snare,rope,False
ibm_shield_contract_2026,analytical,0.849357,0.15375869166100256,0.07738785133964794,0.4597940816475585,0.05262027555473344,0.09821714328175313,snare,snare,True
ice_memory_archive,powerless,0.108689,2.4573376275382187e-05,2.6281773119732867e-05,0.007127787961223291,1.270132686154099e-05,0.00035364964158601797,rope,rope,True
ice_memory_archive,moderate,0.110649,3.818566954004496e-05,4.148039057487858e-05,0.00891896133828737,1.9886934880871423e-05,0.00044860605056895597,rope,rope,True
ice_memory_archive,institutional,-0.004225,0.0011128963161236777,0.0008903075229513247,0.04379916325008692,0.00047957250831032856,0.0020218203848939623,rope,rope,True
ice_memory_archive,analytical,0.136993,0.0007425852853755812,0.0010094371489253295,0.04143605822130823,0.00042922137676877365,0.0024976629339736878,rope,rope,True
ice_raids_minnesota_2026,powerless,0.923852,0.0006609560091587995,0.0005359840594244929,0.034454626612912376,0.00029677298395113557,0.0018867043125087822,snare,snare,True
ice_raids_minnesota_2026,moderate,0.940518,0.0009340229540689037,0.0007246016037419931,0.040480814702797296,0.0004096601038697314,0.0021560259988753668,snare,snare,True
ice_raids_minnesota_2026,institutional,-0.035914,9.435564024836289,21.62328113955403,3.091724247987473,1.9501367615552736,0.9958993154926806,snare,rope,False
ice_raids_minnesota_2026,analytical,1.164441,0.00557922912257126,0.002683559093244637,0.08643842781570918,0.0018676097145744312,0.003614329501577976,snare,snare,True
ice_safe_departure,powerless,0.815164,0.002716481285599775,0.002211649268543849,0.06992292300557096,0.0012221792932706607,0.0077684153577709525,snare,snare,True
ice_safe_departure,moderate,0.829869,0.003857536931235688,0.003004490869123201,0.08235352385712874,0.0016952861691712832,0.008899100015081873,snare,snare,True
ice_safe_departure,institutional,-0.031689,9.205760034218944,20.621848674595306,3.039490172304521,1.897941863346582,0.9832314584909193,snare,rope,False
ice_safe_departure,analytical,1.027448,0.02442403011756402,0.01151810511368793,0.1797742622917178,0.008074257686153595,0.015115222086572233,snare,snare,True
identity_stack_incompatibility,powerless,0.902115,0.004393444635650088,0.004641294203097279,0.09501712017595362,0.002256638785682573,0.03485848090133126,snare,snare,True
identity_stack_incompatibility,moderate,0.918388,0.007629409484817877,0.008194208106694557,0.12572014451067953,0.00395008773259802,0.04679953481758417,snare,snare,True
identity_stack_incompatibility,institutional,-0.035069,7.148544069326948,18.128001200292662,2.7716595646668027,1.632172702472953,0.8542753767518303,snare,rope,False
identity_stack_incompatibility,analytical,1.137042,0.4277842026362501,0.5293830382055579,0.97331440683224,0.23219773485022366,0.44639026790907776,snare,piton,False
idf_knock_on_roof_policy,powerless,0.597787,0.02061271331680866,0.01793130322193642,0.1959681228514767,0.00959319734920119,0.0670682061112845,snare,snare,True
idf_knock_on_roof_policy,moderate,0.608571,0.029797815909464346,0.025067946909836623,0.23357695770738068,0.013624052732149262,0.07827684280731351,snare,snare,True
idf_knock_on_roof_policy,institutional,-0.023239,7.80940411908115,19.049500910811506,2.854753145698454,1.7141428257075317,0.8828019930473421,snare,rope,False
idf_knock_on_roof_policy,analytical,0.753462,0.22252735246838132,0.11943063005738637,0.5636190932182402,0.07889242662187433,0.15044245934225442,snare,snare,True
incentive_surface_warping,powerless,0.934721,0.013776233520806536,0.013577619205060051,0.16538648587946833,0.006834276599149425,0.08189328316387356,piton,piton,True
incentive_surface_warping,moderate,0.951583,0.022925714620835674,0.0224233075749629,0.21294272524044813,0.011325446077291584,0.10500487152519922,piton,piton,True
incentive_surface_warping,institutional,-0.036337,3.8365785763851217,6.727698287294566,1.821817119835794,0.7739436303663216,0.4760109530681177,piton,piton,True
incentive_surface_warping,analytical,1.17814,0.6360510775084316,0.40892415628853485,1.002257903639259,0.2459184911648007,0.40984490576425625,piton,piton,True
incumbent_steel_production,powerless,0.597787,0.023214854224102355,0.02036302988568059,0.20841602983077392,0.010849486877268841,0.07582695286059304,snare,snare,True
incumbent_steel_production,moderate,0.608571,0.033610899622978606,0.02855063318855345,0.24869792705831228,0.015442750497421292,0.08868527878316923,snare,snare,True
incumbent_steel_production,institutional,-0.023239,7.504738404069763,18.518818385456136,2.801124152071365,1.661173563194008,0.8542981410272533,snare,rope,False
incumbent_steel_production,analytical,0.753462,0.25394366982714484,0.13879693447526412,0.6052539482316903,0.09088626059684168,0.1727835513974082,snare,snare,True
independent_criticism_patronage,powerless,0.521705,0.03071559845808582,0.0325822105480491,0.2515035307467793,0.015792678560329246,0.11821119043892442,tangled_rope,tangled_rope,True
independent_criticism_patronage,moderate,0.571141,0.1484436239142643,0.15935502907784277,0.5544698197421731,0.07636817673350975,0.2688081588754105,tangled_rope,snare,False
independent_criticism_patronage,institutional,-0.020281,3.5735005703414915,11.972075959819637,2.3938327662643646,1.2695398428081404,0.7967212917129285,tangled_rope,rope,False
independent_criticism_patronage,analytical,0.657567,0.5338434882190034,0.5159384342794681,1.023551430820891,0.256247463424917,0.4891524439414366,tangled_rope,snare,False
indexical_relativity_core,powerless,0.11355,0.0007128300381323426,0.000731325841251934,0.037999712931073334,0.0003609836860864426,0.013360549875555905,mountain,mountain,True
indexical_relativity_core,moderate,0.099998,1.4167937315477253e-11,1.4167832090196685e-11,5.323198690837073e-06,7.083959547406339e-12,1.835423987017748e-06,mountain,mountain,True
indexical_relativity_core,institutional,-0.011938,0.01998927196888963,0.016968248939065893,0.1917593279530608,0.009185869655789351,0.0590749516190487,mountain,mountain,True
indexical_relativity_core,analytical,0.138002,0.006606865205314748,0.007107168584827042,0.11704839443545215,0.0034241041728860972,0.042743222246260815,mountain,mountain,True
india_france_horizon_2047,powerless,0.521705,0.011825454135758872,0.013628053429961333,0.15923404076953804,0.006335522203041227,0.04748307307135893,tangled_rope,tangled_rope,True
india_france_horizon_2047,moderate,0.531116,0.018225627826875743,0.02161615463528565,0.19904862281991612,0.009896915362297637,0.06089930583702108,tangled_rope,tangled_rope,True
india_france_horizon_2047,institutional,-0.020281,2.310438774042444,11.935769868455726,2.3273200923468704,1.2080373591456295,0.81644155656559,tangled_rope,rope,False
india_france_horizon_2047,analytical,0.657567,0.29217073566911955,0.433904598389201,0.8389590446119869,0.17339790630699267,0.3382743686472527,tangled_rope,tangled_rope,True
india_nuclear_liability_act_2010,powerless,0.597787,0.02843156124286774,0.025412418445336142,0.2317675736168452,0.013414030484065729,0.09368919017462074,snare,snare,True
india_nuclear_liability_act_2010,moderate,0.608571,0.0413093883179008,0.03587162963774966,0.27729299664668433,0.019192078053328804,0.11011225787365331,snare,snare,True
india_nuclear_liability_act_2010,institutional,-0.023239,7.088178168013891,17.872265502284232,2.7264821562198036,1.5878635261983594,0.8282176242499791,snare,rope,False
india_nuclear_liability_act_2010,analytical,0.753462,0.3208054756732387,0.18293547271279123,0.6885767566091077,0.11736823520759057,0.22161622270521064,snare,snare,True
india_semi_mission,powerless,0.706475,0.02613725189551424,0.029762565466651247,0.23605550329811423,0.013914385981167864,0.0909641696633331,tangled_rope,tangled_rope,True
india_semi_mission,moderate,0.71922,0.03993720946846346,0.04652035001991699,0.29339055302526207,0.02148094106737026,0.11552998349456214,tangled_rope,tangled_rope,True
india_semi_mission,institutional,-0.027464,3.046605667768487,18.178650617039995,2.362175714530301,1.2401624804045814,0.7951022179382183,tangled_rope,rope,False
india_semi_mission,analytical,0.890455,0.5262815837173186,0.6493931629453111,1.0784919318044495,0.28380777287381465,0.4953251549592722,tangled_rope,snare,False
indian_ai_licensing_regime,powerless,0.521705,0.03071559845808582,0.0325822105480491,0.2515035307467793,0.015792678560329246,0.11821119043892442,tangled_rope,tangled_rope,True
indian_ai_licensing_regime,moderate,0.531116,0.04636586711102627,0.04953376877965207,0.3095407548314454,0.023906092231843853,0.14672618937803233,tangled_rope,tangled_rope,True
indian_ai_licensing_regime,institutional,-0.020281,3.5735005703414915,11.972075959819637,2.3938327662643646,1.2695398428081404,0.7967212917129285,tangled_rope,rope,False
indian_ai_licensing_regime,analytical,0.657567,0.5338434882190034,0.5159384342794681,1.023551430820891,0.256247463424917,0.4891524439414366,tangled_rope,snare,False
indian_import_tariffs_eu,powerless,0.597787,0.029346012217353147,0.02632615477584283,0.23568708569471855,0.013871037064707773,0.09686596063853392,snare,snare,True
indian_import_tariffs_eu,moderate,0.608571,0.04266785194662782,0.03721128094308673,0.28212954841888827,0.019866293989186032,0.11395687532937648,snare,snare,True
indian_import_tariffs_eu,institutional,-0.023239,7.137176805152684,18.017843845166492,2.739943105546898,1.601044806833022,0.8403508052544587,snare,rope,False
indian_import_tariffs_eu,analytical,0.753462,0.3331999099586351,0.19161825486313885,0.7034401036903123,0.12243695694349706,0.23088253844535667,snare,snare,True
individual_revolution_autonomy,powerless,0.815164,0.0015099450921303322,0.0012264580769115842,0.05209897528616863,0.0006785374352413118,0.004313508201155955,snare,snare,True
individual_revolution_autonomy,moderate,0.829869,0.00214336037672627,0.0016649123734523874,0.06134305049940027,0.0009406687137574411,0.004938805505976446,snare,snare,True
individual_revolution_autonomy,institutional,-0.031689,8.884266009262348,21.10361719146282,3.062458267500751,1.9208862606027612,0.9906480024039215,snare,rope,False
individual_revolution_autonomy,analytical,1.027448,0.013536018315309125,0.006355253196708499,0.13365811087551155,0.004464460710506549,0.008365077214304005,snare,snare,True
individual_vs_systemic_causation,powerless,0.739082,0.005523955433948639,0.004541418024490911,0.09996603021392865,0.002497781716505599,0.016168734597910128,snare,snare,True
individual_vs_systemic_causation,moderate,0.752415,0.007876400886597653,0.006203101077000646,0.11802389938618067,0.0034813997254793966,0.01858170444914997,snare,snare,True
individual_vs_systemic_causation,institutional,-0.028731,8.848818007379132,20.217144018847495,2.9904591020837703,1.849010244698499,0.9643230017644727,snare,rope,False
individual_vs_systemic_causation,analytical,0.931553,0.052020048009423094,0.02476152043042076,0.26308311157649855,0.01727824527946043,0.032195102143738774,snare,snare,True
indo_german_defense_pact,powerless,0.2496,0.7893735307180029,1.1999381345796378,1.0995352635713553,0.2947080901191535,0.31437128045890017,tangled_rope,tangled_rope,True
indo_german_defense_pact,moderate,0.531116,0.050045642848397444,0.05208350794240978,0.31952301007631256,0.025469496223588135,0.15633443570240113,tangled_rope,tangled_rope,True
indo_german_defense_pact,institutional,-0.020281,3.9765346680789064,12.255137516784982,2.4409906380054345,1.3136388991534742,0.8164888562053494,tangled_rope,rope,False
indo_german_defense_pact,analytical,0.657567,0.542037345735828,0.4830132739154938,1.010315229168818,0.24980358310564404,0.47773415535451064,tangled_rope,snare,False
indo_russian_submarine_lease_2025,powerless,0.706475,0.01457352846309413,0.012261925153094815,0.16335725033480686,0.0066676896715435405,0.04367315883380907,snare,snare,True
indo_russian_submarine_lease_2025,moderate,0.71922,0.02088286793093672,0.01689159954539978,0.19353704918687165,0.009356842361185386,0.05048115172476364,snare,snare,True
indo_russian_submarine_lease_2025,institutional,-0.027464,8.66407645192167,19.144964166699573,2.8779950272998636,1.7371648670082818,0.8990324344768131,snare,rope,False
indo_russian_submarine_lease_2025,analytical,0.890455,0.14353972282022992,0.07141269246510686,0.4427350409599315,0.0488037931480542,0.09056390622972532,snare,snare,True
indonesia_penal_code_2023,powerless,0.39,0.9696349657251913,1.8315890647611874,1.5952020406785647,0.6031487488811486,0.6437658600264,snare,tangled_rope,False
indonesia_penal_code_2023,moderate,0.829869,0.005880718101430774,0.004595010100793028,0.10176834804037814,0.0025886405512375874,0.01358555770630654,snare,snare,True
indonesia_penal_code_2023,institutional,-0.031689,9.264023324875767,19.787666634383097,3.005911808297057,1.8644232052719072,0.9743479903108121,snare,rope,False
indonesia_penal_code_2023,analytical,1.027448,0.03734901498404393,0.017707483023974107,0.22266008141902294,0.012381581535094768,0.023153631889377135,snare,snare,True
inference_cost_scaling_law,powerless,0.902115,0.002978479612936919,0.003168659244123736,0.07836256197771543,0.0015349763936893476,0.023444805053508253,snare,snare,True
inference_cost_scaling_law,moderate,0.918388,0.005177086487956763,0.0056200506171284435,0.10382279836264054,0.002694188260045859,0.03164485772181502,snare,snare,True
inference_cost_scaling_law,institutional,-0.035069,7.691490740937363,19.973638222336096,2.905764606152879,1.7647180538545422,0.9090298670753751,snare,rope,False
inference_cost_scaling_law,analytical,1.137042,0.3258040100570712,0.4641550951405934,0.8775944242149599,0.18947335304698276,0.36822177064087813,snare,snare,True
information_foraging_theory,powerless,0.217377,0.0009561522172340495,0.0010269912565688247,0.04450735285528925,0.0004952056774749237,0.009113886377139058,mountain,mountain,True
information_foraging_theory,moderate,0.221298,0.0014814759551179907,0.0016187065039116508,0.05563060535764208,0.0007736411812457205,0.011516245776902467,mountain,mountain,True
information_foraging_theory,institutional,-0.00845,0.03167899654303128,0.01927588117870187,0.2205390943171166,0.012147057160560219,0.03221258554578521,mountain,mountain,True
information_foraging_theory,analytical,0.273986,0.028633164552073532,0.041681797954004535,0.2605357651584673,0.016945737182104948,0.06361166896105774,mountain,mountain,True
informational_time_2026,powerless,0.84777,0.004789655659895035,0.003912747608633442,0.09292958751069033,0.0021585886548508206,0.013672842347704828,snare,snare,True
informational_time_2026,moderate,0.863064,0.0067975861605482505,0.005315505001896311,0.10943680850250151,0.002993356783578639,0.015667386210900594,snare,snare,True
informational_time_2026,institutional,-0.032957,9.765994896586434,20.160127606511445,3.006875049852968,1.8653842467903932,0.9704541842879775,snare,rope,False
informational_time_2026,analytical,1.068546,0.04256293792937047,0.020331548717229905,0.23822910303414482,0.014171508716104321,0.026644953448206103,snare,snare,True
infrastructure_interoperability_decay,powerless,0.934721,0.013716077214154632,0.013489771297681141,0.16493744083583292,0.006797236152511927,0.0814508965516334,piton,piton,True
infrastructure_interoperability_decay,moderate,0.951583,0.022811823059901495,0.02225153943935268,0.2122684704521365,0.011253905821838585,0.10434418741858131,piton,piton,True
infrastructure_interoperability_decay,institutional,-0.036337,3.735640650600403,6.175974101081684,1.7800847330399592,0.7412417916337665,0.46631354615245624,piton,piton,True
infrastructure_interoperability_decay,analytical,1.17814,0.6271319938454336,0.3991531665090393,0.9924299496326412,0.24121818200789888,0.40251505923740727,piton,piton,True
inner_model_confirmation_bias,powerless,0.597787,0.0356851614322242,0.03303454278948256,0.26199615861362674,0.017135970594368864,0.11957032406074841,snare,snare,True
inner_model_confirmation_bias,moderate,0.608571,0.05220262184909676,0.04724593716215123,0.3150561957462394,0.024763828275224106,0.14187781233722596,snare,snare,True
inner_model_confirmation_bias,institutional,-0.023239,6.399378660219657,17.20284245872875,2.6265978288913376,1.4906774524974873,0.8071763472435554,snare,rope,False
inner_model_confirmation_bias,analytical,0.753462,0.4285839432466854,0.26568728045201373,0.8148559395828161,0.16371395322370733,0.3054354654208995,snare,snare,True
inner_model_theory_constraints,powerless,0.326066,0.009204817380959882,0.006411683983415916,0.1233325390883533,0.0038015238900418985,0.013314171145208387,tangled_rope,tangled_rope,True
inner_model_theory_constraints,moderate,0.331948,0.013132921072523293,0.008432776000123054,0.14395700785628535,0.005178668599246403,0.014779630270201127,tangled_rope,tangled_rope,True
inner_model_theory_constraints,institutional,-0.012676,2.080214815915393,3.190811495981417,2.1862055961455575,1.0805357584915387,0.8662442852347053,tangled_rope,rope,False
inner_model_theory_constraints,analytical,0.410979,0.09437607914323767,0.027847718255245176,0.287115189630424,0.020573413839249818,0.017117856274918443,tangled_rope,tangled_rope,True
innovators_dilemma,powerless,0.597787,0.03641896684611809,0.03387122407021622,0.26499007350766435,0.017529268476265483,0.12229643346788921,snare,snare,True
innovators_dilemma,moderate,0.608571,0.05332550039368437,0.04852956455350182,0.3188769581410145,0.025366823521657325,0.1453038948411821,snare,snare,True
innovators_dilemma,institutional,-0.023239,6.420638468166422,17.37954630473385,2.6442402241024823,1.5077577782512892,0.8201182057945249,snare,rope,False
innovators_dilemma,analytical,0.753462,0.44126346783853443,0.2767393505642607,0.8294996815402975,0.1695656929155524,0.3158660955703795,snare,snare,True
institutional_inertia_lock,powerless,0.56518,0.0014154842914518785,0.0014262751281590817,0.053267006839064254,0.0007093015747057192,0.006163507149282838,piton,piton,True
institutional_inertia_lock,moderate,0.575376,0.0020928619323671814,0.0021051859244378924,0.06471809592609007,0.0010470166186694369,0.007558236000661172,piton,piton,True
institutional_inertia_lock,institutional,-0.021971,2.062376686463969,15.352898908990195,2.364088019966634,1.241931747968768,0.8531859319951544,piton,rope,False
institutional_inertia_lock,analytical,0.712364,0.018436392631384246,0.015540047547682465,0.18161397152552952,0.008240243969728892,0.02106517279364467,piton,piton,True
institutional_memory_loss,powerless,0.912984,0.009803660843995296,0.009681265668407046,0.13958603261927913,0.0048690881736623386,0.06911069008691584,piton,piton,True
institutional_memory_loss,moderate,0.929453,0.01654540556932199,0.016236585276008048,0.18105135849408135,0.008189303768042496,0.089324941071529,piton,piton,True
institutional_memory_loss,institutional,-0.035492,3.823259549789211,7.010227383747419,1.8264887891651196,0.7776378756880449,0.4681975846642887,piton,piton,True
institutional_memory_loss,analytical,1.150742,0.5207600102691151,0.3562970858352702,0.9230622208722316,0.20925657219183474,0.3853556628237874,piton,piton,True
institutional_mutation_domestication,powerless,0.76082,0.0033141343785135294,0.002708316729447266,0.0773084469938463,0.0014939629633143213,0.009606616859791917,snare,snare,True
institutional_mutation_domestication,moderate,0.774544,0.00471745566096535,0.0036896958159460804,0.09117272962260331,0.0020777568009006544,0.011022083741128674,snare,snare,True
institutional_mutation_domestication,institutional,-0.029576,8.857385581596457,20.67852809634391,3.0275948182956194,1.8860638821628555,0.9790279431886694,snare,rope,False
institutional_mutation_domestication,analytical,0.958951,0.030682005232198783,0.014463577322048797,0.20146606662562053,0.010138566524471216,0.018907668539383304,snare,snare,True
institutional_mutation_without_selection,powerless,0.912984,0.00991782119002789,0.009913132016850706,0.14082222398401428,0.004955676777566762,0.07034789344553127,snare,piton,False
institutional_mutation_without_selection,moderate,0.929453,0.016798854330574514,0.016745327409468228,0.18315014677151584,0.008380135295500907,0.09141238992117307,snare,piton,False
institutional_mutation_without_selection,institutional,-0.035492,4.258963315373305,7.1411791818607835,1.9188847403363911,0.8520465949261652,0.5327578436760229,snare,piton,False
institutional_mutation_without_selection,analytical,1.150742,0.5624200808129965,0.4117024322856774,0.9770347929549151,0.23394071955895032,0.42801297474996447,snare,piton,False
institutional_trust_decay,powerless,0.739082,0.0003209709599902152,0.0003083537805006623,0.025063603252490435,0.00015704399672184963,0.007874486858628599,piton,piton,True
institutional_trust_decay,moderate,0.752415,0.0003581863320703208,0.00033318386539094025,0.02624660257296266,0.0001722185649961662,0.007784464492989862,piton,piton,True
institutional_trust_decay,institutional,-0.028731,2.0397334945732317,12.866154874393544,1.8706072143749017,0.8128517661072219,0.5851619697377187,piton,rope,False
institutional_trust_decay,analytical,0.931553,0.013229814104095607,0.01123985532292536,0.1555071009356428,0.006042569436072787,0.05067411976969605,piton,piton,True
insult_wisdom_training,powerless,0.815164,0.046388336250737246,0.048590801668215694,0.30812241273729657,0.023687947153633114,0.1497181323993122,tangled_rope,tangled_rope,True
insult_wisdom_training,moderate,0.829869,0.06918791017298354,0.07257547845289537,0.37642824002915914,0.03532010345419986,0.18384598823863735,tangled_rope,snare,False
insult_wisdom_training,institutional,-0.031689,5.160472801897212,18.944603946567888,2.515790711446537,1.3843599178492627,0.8186888674550622,tangled_rope,rope,False
insult_wisdom_training,analytical,1.027448,0.6574202594157653,0.5708001983979064,1.1048306362222446,0.2974808387093939,0.5165177322818746,tangled_rope,snare,False
integrated_digital_governance_stack,powerless,0.978197,0.0010074260814238963,0.0008195190295751578,0.04257232495016477,0.0004530836048193097,0.0029139305169592067,snare,snare,True
integrated_digital_governance_stack,moderate,0.995843,0.0014207093149517331,0.0011067126634095792,0.049980253318481105,0.0006244739304314519,0.003329175515197885,snare,snare,True
integrated_digital_governance_stack,institutional,-0.038027,10.582056826143262,21.86874765691649,3.096283453895146,1.9546946758860775,0.9936997540190428,snare,rope,False
integrated_digital_governance_stack,analytical,1.232938,0.008235398758726888,0.004064768560327207,0.10583159736628218,0.0027994284397709675,0.005580458487900342,snare,snare,True
interface_contract_breakdown,powerless,0.902115,0.008143144252050975,0.008054539742195055,0.12726789115987283,0.004047912826097971,0.06306994072048511,piton,piton,True
interface_contract_breakdown,moderate,0.918388,0.01386506723645127,0.013640060395441758,0.16584120473858002,0.006871887451203368,0.08193849014520116,piton,piton,True
interface_contract_breakdown,institutional,-0.035069,3.9027513171457535,7.943091245848194,1.8768664882235748,0.8178949059218448,0.4690847562672564,piton,piton,True
interface_contract_breakdown,analytical,1.137042,0.47081797376203033,0.3333830540077544,0.8861169795804752,0.19311059587431634,0.3752562557385546,piton,piton,True
international_seabed_mining_regime,powerless,0.597787,0.02475975571088211,0.021833265487675727,0.21553329862086176,0.011602415313620426,0.08108096972247814,snare,snare,True
international_seabed_mining_regime,moderate,0.608571,0.035882874398981815,0.030669461163152948,0.25737968930463134,0.016538232959933234,0.09495792166063899,snare,snare,True
international_seabed_mining_regime,institutional,0.106429,5.230181661653295,17.232797491715857,2.672467996069525,1.5351653566656016,0.8034721237561504,snare,rope,False
international_seabed_mining_regime,analytical,0.753462,0.2731628182418985,0.15106428987388076,0.6298618833659659,0.09836445589814966,0.1866473669116202,snare,snare,True
internet_evolution_lifecycle,powerless,0.695606,0.0013410973193132211,0.0010983645699139766,0.049205983698804814,0.0006052766754899052,0.0040706776650220045,snare,snare,True
internet_evolution_lifecycle,moderate,0.708155,0.001912048138756407,0.0014993472150861722,0.05808319862070094,0.0008433552131693548,0.004672785525974277,snare,snare,True
internet_evolution_lifecycle,institutional,-0.027041,8.442628745739276,22.16684229237041,3.076215032172931,1.9346340212615722,0.9901864487025039,snare,rope,False
internet_evolution_lifecycle,analytical,0.876756,0.012720578367033913,0.0059909637199496825,0.12968718459196327,0.004203218382464878,0.007898444174733016,snare,snare,True
interpretive_frame_fragmentation,powerless,1.010803,0.03260319840606499,0.03080300435663172,0.25172884912711063,0.015820950718128172,0.11895050166753751,piton,piton,True
interpretive_frame_fragmentation,moderate,1.029038,0.05216875849370786,0.04818905215566267,0.3166031630608999,0.02500710331974171,0.14766369407799818,piton,piton,True
interpretive_frame_fragmentation,institutional,-0.039294,3.1793519108328856,5.970446053977103,1.6772115234686424,0.6629992266068385,0.4008581652139885,piton,piton,True
interpretive_frame_fragmentation,analytical,1.274036,0.9446716267927338,0.4289067060925117,1.1010028867448147,0.2954753663160117,0.3827977905428601,piton,piton,True
intertemporal_responsibility_gap,powerless,0.999934,0.026849820950613876,0.0250274597508323,0.22765970738446262,0.012943250803431143,0.10312824502944973,piton,piton,True
intertemporal_responsibility_gap,moderate,1.017973,0.0429380775116779,0.0390320657099897,0.2860581080050026,0.02042245893318778,0.12762140262326127,piton,piton,True
intertemporal_responsibility_gap,institutional,-0.038872,2.7661215103119705,5.3454153378974345,1.561267538444416,0.5790646431647307,0.3432990325761768,piton,piton,True
intertemporal_responsibility_gap,analytical,1.260336,0.7746840884016977,0.3468623078855731,0.9936610837460816,0.24180465868551324,0.3267680075908961,piton,piton,True
inverse_spin_valve_signature,powerless,0.399619,0.0002509398417362195,0.00021624249603988151,0.021478373028933392,0.00011532901857702809,0.0006441693254589788,tangled_rope,tangled_rope,True
inverse_spin_valve_signature,moderate,0.420467,0.0009659984331826985,0.0007961476182745149,0.041127099660965616,0.00042284468098867725,0.0015358107265249507,tangled_rope,tangled_rope,True
inverse_spin_valve_signature,institutional,-0.02227,2.022695694823786,6.6625312023791095,2.3566258258456694,1.2350316552480853,0.8640880381037188,tangled_rope,rope,False
inverse_spin_valve_signature,analytical,0.520574,0.011163849101691,0.014505251258447434,0.1501718673099911,0.0056352491066305145,0.011165464644819097,tangled_rope,tangled_rope,True
invisible_infrastructure_dependency,powerless,0.94559,0.01570805410674285,0.015314426643601928,0.17612113559033088,0.007749653661612112,0.08596888849289741,piton,piton,True
invisible_infrastructure_dependency,moderate,0.962648,0.0259179751237186,0.024989942418834163,0.22559909377552456,0.012710252373448912,0.10940909596859716,piton,piton,True
invisible_infrastructure_dependency,institutional,-0.036759,3.500125174508008,5.669983701639673,1.7135116169029396,0.690214766175942,0.4379011029614191,piton,piton,True
invisible_infrastructure_dependency,analytical,1.19184,0.6536802883526612,0.38959965181611345,0.9944180714759754,0.2421655965131398,0.38778029559830085,piton,piton,True
iran_guardian_council_vetting,powerless,0.815164,0.0016981565661881143,0.0013798349267006307,0.05525594041877989,0.0007632561862827472,0.004851968049991995,snare,snare,True
iran_guardian_council_vetting,moderate,0.829869,0.0024106709937529616,0.0018733317571091388,0.06506309566233655,0.0010582082740601007,0.00555576215332243,snare,snare,True
iran_guardian_council_vetting,institutional,-0.031689,9.315737627434864,21.603807263900784,3.072522723967349,1.9309437990929017,0.9895341211240596,snare,rope,False
iran_guardian_council_vetting,analytical,1.027448,0.01523014703098922,0.007155504875223997,0.1418043036664985,0.005025009496907428,0.009414133072038035,snare,snare,True
iran_hijab_law,powerless,0.815164,0.004139268514274773,0.0033794972095066134,0.08637703005449343,0.0018649579191621793,0.01185212961315274,snare,snare,True
iran_hijab_law,moderate,0.829869,0.005880718101430774,0.004595010100793028,0.10176834804037814,0.0025886405512375874,0.01358555770630654,snare,snare,True
iran_hijab_law,institutional,-0.031689,9.264023324875767,19.787666634383097,3.005911808297057,1.8644232052719072,0.9743479903108121,snare,rope,False
iran_hijab_law,analytical,1.027448,0.03734901498404393,0.017707483023974107,0.22266008141902294,0.012381581535094768,0.023153631889377135,snare,snare,True
iran_mandatrophic_collapse,powerless,0.978197,0.0008766822591798275,0.0007129806453743232,0.039711187882952796,0.00039423165853789873,0.002535471493571695,snare,snare,True
iran_mandatrophic_collapse,moderate,0.995843,0.0012362783748963253,0.0009627643539536651,0.04661981370302814,0.0005433271552775858,0.0028966271847124148,snare,snare,True
iran_mandatrophic_collapse,institutional,-0.038027,9.613049246295628,20.50154872942048,3.0752311997447266,1.9336507223760766,0.9944786625415444,snare,rope,False
iran_mandatrophic_collapse,analytical,1.232938,0.007164414082110805,0.0035344788051750184,0.09869674961093595,0.002434767927600505,0.004853976866762144,snare,snare,True
iran_nin_repression,powerless,0.923852,0.0016519655647829765,0.0013421702025492252,0.05449784792564381,0.0007424579156040449,0.004719576073070608,snare,snare,True
iran_nin_repression,moderate,0.940518,0.002335186254575305,0.0018155484537910437,0.06404456174644722,0.0010253388503644158,0.005395491020665277,snare,snare,True
iran_nin_repression,institutional,-0.035914,10.353579094489858,21.613480557598354,3.0814320604881513,1.9398484789484123,0.9898707768946539,snare,rope,False
iran_nin_repression,analytical,1.164441,0.01397689204183956,0.00674670613031504,0.1369557923602094,0.004687390151192269,0.009065022938427925,snare,snare,True
iran_nuclear_deal_informal_2023,powerless,0.597787,0.03469639509538029,0.03193518472540509,0.25796324770536455,0.016613208317431075,0.1159512688847033,snare,snare,True
iran_nuclear_deal_informal_2023,moderate,0.608571,0.05069846591684362,0.045573285000002656,0.30994336318563503,0.023968195646814214,0.13736129143201115,snare,snare,True
iran_nuclear_deal_informal_2023,institutional,-0.023239,6.69748664226829,17.97040312719249,2.687007086471083,1.5493184686855694,0.8550662516812058,snare,rope,False
iran_nuclear_deal_informal_2023,analytical,0.753462,0.41226969318393486,0.2519790851633749,0.796042775483812,0.15634060305494774,0.2922490573781409,snare,snare,True
iran_war_room_2026,powerless,0.891246,0.0003841057500983832,0.0003733331851932492,0.027470111111050577,0.0001886487853418431,0.002080827052691324,snare,snare,True
iran_war_room_2026,moderate,0.907324,0.0006257304939420254,0.0006199308224931173,0.035204408724913,0.00030982959855575175,0.0028370404860978086,snare,snare,True
iran_war_room_2026,institutional,-0.034647,8.449286787165002,22.192367223094664,3.0855926342450326,1.9440072977093212,0.9908489067974698,snare,rope,False
iran_war_room_2026,analytical,1.123343,0.03595401359087492,0.06491759059178467,0.30625250739238435,0.023401869342775113,0.04916798754022932,snare,snare,True
iron_law_of_oligarchy,powerless,0.652131,0.04410900762449697,0.044310660656278145,0.2973513520877232,0.02206376938604464,0.14808174098341953,tangled_rope,snare,False
iron_law_of_oligarchy,moderate,0.663895,0.06553751268490501,0.0653896525361257,0.3618326313453833,0.032641535654817415,0.17991643090934806,tangled_rope,snare,False
iron_law_of_oligarchy,institutional,-0.025351,5.112711723677583,17.97000705826153,2.475247696874775,1.3459146169258347,0.786093472331223,tangled_rope,rope,False
iron_law_of_oligarchy,analytical,0.821958,0.6147846823299054,0.4716853800533591,1.0343287094171338,0.2615506708034738,0.4652363129971161,tangled_rope,snare,False
irreversible_policy_commitment,powerless,0.782557,0.0029614266197151152,0.002415432511491043,0.07304203923977183,0.001333636632159784,0.008528102654579706,snare,snare,True
irreversible_policy_commitment,moderate,0.796674,0.004211244581045256,0.003286555403775361,0.08609212542844853,0.0018526774100531206,0.009777673954767363,snare,snare,True
irreversible_policy_commitment,institutional,-0.030421,9.061448964472545,20.850099498826793,3.038436175606234,1.8968892540493782,0.9814892750761604,snare,rope,False
irreversible_policy_commitment,analytical,0.98635,0.027090512398911967,0.012755769560695957,0.18924345105118873,0.00894659284636445,0.016695486994656394,snare,snare,True
isa_education_scaffold,powerless,0.456492,0.0005779709505215481,0.0005895866003680255,0.03399632820245545,0.00028893062580237966,0.0016069591408890932,tangled_rope,tangled_rope,True
isa_education_scaffold,moderate,0.464727,0.0008725652227664362,0.000908434792068701,0.041908165641653984,0.00043905752162918095,0.0020825183271446323,tangled_rope,tangled_rope,True
isa_education_scaffold,institutional,-0.017746,1.9812391475689277,8.561269469339601,2.3563873980077363,1.2348113624120858,0.8573740259899431,tangled_rope,rope,False
isa_education_scaffold,analytical,0.575371,0.013314375943647828,0.021556871230457793,0.17866819537344958,0.007975274948420211,0.01584163731504375,tangled_rope,tangled_rope,True
israel_egypt_gas_deal,powerless,0.521705,0.03009085702735852,0.03205237121576255,0.2491864001423746,0.015503394393808989,0.1160269079276352,tangled_rope,tangled_rope,True
israel_egypt_gas_deal,moderate,0.531116,0.04546791449132861,0.048826096887877084,0.3069165368201922,0.02350326172824352,0.14423785510977316,tangled_rope,tangled_rope,True
israel_egypt_gas_deal,institutional,-0.020281,3.5366474553646463,11.983517968973365,2.4007618883255772,1.275994653312855,0.7987680008304695,tangled_rope,rope,False
israel_egypt_gas_deal,analytical,0.657567,0.5303052409188627,0.5213201807506843,1.0245151937275063,0.2567196458322423,0.48996406043744123,tangled_rope,snare,False
israel_electoral_threshold,powerless,0.521705,0.03009085702735852,0.03205237121576255,0.2491864001423746,0.015503394393808989,0.1160269079276352,tangled_rope,tangled_rope,True
israel_electoral_threshold,moderate,0.531116,0.04546791449132861,0.048826096887877084,0.3069165368201922,0.02350326172824352,0.14423785510977316,tangled_rope,tangled_rope,True
israel_electoral_threshold,institutional,-0.020281,3.5366474553646463,11.983517968973365,2.4007618883255772,1.275994653312855,0.7987680008304695,tangled_rope,rope,False
israel_electoral_threshold,analytical,0.657567,0.5303052409188627,0.5213201807506843,1.0245151937275063,0.2567196458322423,0.48996406043744123,tangled_rope,snare,False
israel_gaza_ceasefire_violation,powerless,0.652131,0.02874300129283235,0.025392905699625924,0.2323351365004351,0.013479734702193562,0.0906707784291968,snare,snare,True
israel_gaza_ceasefire_violation,moderate,0.663895,0.0416124651685377,0.035630615773479486,0.27729631086681356,0.01919253609031246,0.10615163297205787,snare,snare,True
israel_gaza_ceasefire_violation,institutional,-0.025351,7.55343481102209,18.488707546828625,2.721533528312985,1.5830223741414329,0.8046408701276485,snare,rope,False
israel_gaza_ceasefire_violation,analytical,0.821958,0.3113629726520393,0.17191519127846885,0.6720799601831811,0.11186422882923436,0.20694920818052243,snare,snare,True
israel_norwegian_law,powerless,0.56518,0.036643211925466615,0.03476318810468062,0.26714825177314094,0.017815534658182332,0.12775754276480034,snare,snare,True
israel_norwegian_law,moderate,0.575376,0.05391318536621284,0.05025397293610029,0.32259547857005133,0.025960602739904495,0.15274955940620827,snare,snare,True
israel_norwegian_law,institutional,-0.021971,5.779950647524452,15.158579585860421,2.5854581279476507,1.4510046680309459,0.8143554824413177,snare,rope,False
israel_norwegian_law,analytical,0.712364,0.4680569501953726,0.3110474638352552,0.8682038257840771,0.1855037204512849,0.3502891871771413,snare,snare,True
israel_override_clause,powerless,0.815164,0.002219565280355526,0.0018053295180109103,0.06318871542570845,0.0009981204078748822,0.006344609800431167,snare,snare,True
israel_override_clause,moderate,0.829869,0.003151383087716549,0.002451773319092231,0.07441317062131748,0.0013841703003877423,0.0072665205728786875,snare,snare,True
israel_override_clause,institutional,-0.031689,9.128987267135463,20.864076278026502,3.0500170912816387,1.9084564326845166,0.9863026239210256,snare,rope,False
israel_override_clause,analytical,1.027448,0.019931833120813914,0.009382396963596037,0.16231426668276178,0.006582865942246247,0.01232790220632285,snare,snare,True
israel_surplus_vote_agreements,powerless,0.510836,0.0004900018921990231,0.0005175033895759715,0.03161422589578035,0.00024985961708848096,0.0013858967481365954,tangled_rope,tangled_rope,True
israel_surplus_vote_agreements,moderate,0.520051,0.0007441450514104711,0.0008053281460994569,0.03913536221799016,0.00038288192681217514,0.0018031113649964342,tangled_rope,tangled_rope,True
israel_surplus_vote_agreements,institutional,-0.019858,2.1896324585042732,11.462178781328035,2.4435936424541205,1.3160844023503109,0.8844258835875798,tangled_rope,rope,False
israel_surplus_vote_agreements,analytical,0.643867,0.012032769058507121,0.020892570095698722,0.17302366971326946,0.007479630842125768,0.014448936835183732,tangled_rope,tangled_rope,True
israeli_settlement_policy_authority_restriction,powerless,0.597787,0.006312459741329421,0.005996375763631302,0.11089949622098061,0.003073886844280038,0.047683808658479876,snare,snare,True
israeli_settlement_policy_authority_restriction,moderate,0.608571,0.00887421033132528,0.008332999907624157,0.13109411008795935,0.004294878379047775,0.0559913701096556,snare,snare,True
israeli_settlement_policy_authority_restriction,institutional,-0.023239,6.124304999490734,17.99440090893817,2.6432416471440185,1.5067899798318916,0.806660940509738,snare,rope,False
israeli_settlement_policy_authority_restriction,analytical,0.753462,0.037290103265423646,0.030145714839006035,0.2572078368167228,0.016516185604942595,0.10225128084303847,snare,snare,True
iss_ped_ban,powerless,0.597787,0.011681721779731358,0.009913386172937747,0.14658165259040537,0.005369141191344153,0.03757992569492741,snare,snare,True
iss_ped_ban,moderate,0.608571,0.016811515731915267,0.013741427918433934,0.17412801410543166,0.0075753543218812815,0.04359364963083501,snare,snare,True
iss_ped_ban,institutional,-0.023239,8.176339814432335,20.11204107961983,2.950912992299252,1.8096090770735833,0.9188293365870537,snare,rope,False
iss_ped_ban,analytical,0.753462,0.12143694631155254,0.061817068398941265,0.4100312426317774,0.04188439117372429,0.08062657872198498,snare,snare,True
iterated_function_system_convergence,powerless,0.456492,0.0006205129363298873,0.0006148402170976129,0.03495990838397069,0.00030554101862735226,0.0015167733598443964,tangled_rope,tangled_rope,True
iterated_function_system_convergence,moderate,0.464727,0.0009318647980173804,0.0009373912306944985,0.042917134752666966,0.0004604524447221523,0.001965687796305221,tangled_rope,tangled_rope,True
iterated_function_system_convergence,institutional,-0.017746,2.088762680538922,8.585817419890736,2.3956887724709257,1.2712679453494669,0.8717390962571888,tangled_rope,rope,False
iterated_function_system_convergence,analytical,0.575371,0.013424064601731121,0.02068632785751894,0.17639966229192056,0.00777416851238547,0.014963887867154904,tangled_rope,tangled_rope,True
ivt_accessibility_barrier,powerless,0.597787,0.0006868820447711088,0.0008097273991803341,0.038543212502544937,0.000371383313137755,0.0024805700378253215,tangled_rope,tangled_rope,True
ivt_accessibility_barrier,moderate,0.608571,0.0010645842598483875,0.0013055287595608622,0.0484202352819604,0.0005861011677378721,0.0032415116585104075,tangled_rope,tangled_rope,True
ivt_accessibility_barrier,institutional,-0.023239,2.15639698694982,16.703530819184394,2.4350355544173676,1.3080485218524336,0.8781006471521088,tangled_rope,rope,False
ivt_accessibility_barrier,analytical,0.753462,0.02069470927494295,0.04146860877028451,0.23747812747432634,0.014082407971785485,0.027125068557307192,tangled_rope,tangled_rope,True
japanese_energy_scaffold_2025,powerless,0.597787,0.03583069090378959,0.03805307480069406,0.2717197994424374,0.018429538603885645,0.12852272237837203,tangled_rope,tangled_rope,True
japanese_energy_scaffold_2025,moderate,0.608571,0.05399693121215583,0.057709029021173024,0.33407864558255695,0.027837318239343684,0.1593285883303277,tangled_rope,tangled_rope,True
japanese_energy_scaffold_2025,institutional,-0.023239,3.872668058405033,16.241813323887065,2.403479745386424,1.2785288450332377,0.7889384461346736,tangled_rope,rope,False
japanese_energy_scaffold_2025,analytical,0.753462,0.5985753083772701,0.5622362191173002,1.0758662598480608,0.2824609982822338,0.5106436850290147,tangled_rope,snare,False
jevons_paradox,powerless,0.652131,0.01541105849555268,0.0180195314860514,0.1824170701830362,0.008313231330115925,0.05595388283418548,tangled_rope,tangled_rope,True
jevons_paradox,moderate,0.663895,0.023753919643391005,0.028640900867753935,0.228141033311377,0.012997979363649435,0.0719614435266217,tangled_rope,tangled_rope,True
jevons_paradox,institutional,-0.025351,2.5783455716042223,18.479830591242234,2.381991286635778,1.2585292723195476,0.8078898476931127,tangled_rope,rope,False
jevons_paradox,analytical,0.821958,0.36857308460349003,0.5454665011398798,0.9413316889475039,0.21746692250126573,0.3913547216701849,tangled_rope,tangled_rope,True
job_hunt_volume_system_2026,powerless,0.815164,0.030056752068879478,0.02613956958675846,0.23662330819510327,0.013981327267158405,0.08858430687561714,snare,snare,True
job_hunt_volume_system_2026,moderate,0.829869,0.04317268028964986,0.03628223559416471,0.28107619706089104,0.019718470174389168,0.10304173703793906,snare,snare,True
job_hunt_volume_system_2026,institutional,-0.031689,9.029721239807095,18.3947660370691,2.7461276527708818,1.6071069571978402,0.7880799462625754,snare,rope,False
job_hunt_volume_system_2026,analytical,1.027448,0.2957073979945306,0.1589928286294161,0.6499411732072737,0.10467976407846816,0.19122079666279668,snare,snare,True
jordan_microfinance,powerless,0.652131,0.011591269351681489,0.009749488071726792,0.14567487871617216,0.005302947476217778,0.03574472577960064,snare,snare,True
jordan_microfinance,moderate,0.663895,0.016632625820824,0.013451461587300255,0.17271550084909174,0.007453027484670083,0.04134497219376276,snare,snare,True
jordan_microfinance,institutional,-0.025351,8.336305259535179,20.165794659520635,2.922294665112166,1.781141180470061,0.9164018069480292,snare,rope,False
jordan_microfinance,analytical,0.821958,0.11657256536656777,0.0579992439735619,0.39901917439965595,0.03967222007030818,0.07475728147160854,snare,snare,True
jp_eez_enforcement,powerless,0.597787,0.02411028760995441,0.021211489383299035,0.21256051053242164,0.011284864315694582,0.07885822282126542,snare,snare,True
jp_eez_enforcement,moderate,0.608571,0.03492667562717606,0.029771697678937364,0.25374835323062866,0.016075475338396854,0.09230110222738641,snare,snare,True
jp_eez_enforcement,institutional,-0.023239,7.575573275643964,18.62353507051983,2.8121288542566822,1.6720242679987645,0.8650697482835356,snare,rope,False
jp_eez_enforcement,analytical,0.753462,0.2650113069657492,0.14580771117500582,0.6194751183942173,0.09517280615559817,0.1807323301389283,snare,snare,True
jp_nativist_politics,powerless,0.3536,1.252214778454171,1.7752982639180674,1.7028380170534878,0.6821671830483031,0.7297961222168132,snare,tangled_rope,False
jp_nativist_politics,moderate,0.752415,0.012124405038457787,0.009617667237840336,0.14671150103748293,0.005378653577546206,0.028694452855180796,snare,snare,True
jp_nativist_politics,institutional,-0.028731,8.867729349227739,19.433302227699247,2.9409453345623935,1.79968909204716,0.944425780413848,snare,rope,False
jp_nativist_politics,analytical,0.931553,0.08065855251138157,0.038864844355326944,0.328772366641543,0.026962019332973687,0.05011700118254392,snare,snare,True
jupiter_composition_knowledge_gap,powerless,0.38041,0.0017064587562563038,0.0011750396451598955,0.05272710768866898,0.000694996715870098,0.0023377356478054834,tangled_rope,tangled_rope,True
jupiter_composition_knowledge_gap,moderate,0.387272,0.002424488204527945,0.0015599959859102387,0.06150582539153945,0.0009456671060195025,0.0025754476203525556,tangled_rope,tangled_rope,True
jupiter_composition_knowledge_gap,institutional,-0.014788,2.064344145987918,5.204765061418472,2.3259154734946135,1.2067477512719684,0.8704311261589028,tangled_rope,rope,False
jupiter_composition_knowledge_gap,analytical,0.479476,0.018400784356374638,0.009298639965603678,0.14390332048759444,0.005174808317415845,0.004390376770200254,tangled_rope,tangled_rope,True
juvenile_underclass_2026,powerless,0.815164,0.0006934298652099928,0.0006898898049270408,0.03718849948485853,0.00034573616190002325,0.018367243089775165,snare,snare,True
juvenile_underclass_2026,moderate,0.829869,0.0014617253344844094,0.0014558348103239707,0.05400787600804901,0.0007291683562093564,0.02678905749153626,snare,piton,False
juvenile_underclass_2026,institutional,-0.031689,4.418596167177641,9.797588101940038,2.036629033762973,0.9503971582899937,0.5230640709307212,snare,piton,False
juvenile_underclass_2026,analytical,1.027448,0.16488588986418476,0.15048735082835465,0.561061448675962,0.07818273140081757,0.2692630972763541,snare,piton,False
kardashev_scale_progress_narrative,powerless,0.521705,0.03071559845808582,0.0325822105480491,0.2515035307467793,0.015792678560329246,0.11821119043892442,tangled_rope,tangled_rope,True
kardashev_scale_progress_narrative,moderate,0.531116,0.04636586711102627,0.04953376877965207,0.3095407548314454,0.023906092231843853,0.14672618937803233,tangled_rope,tangled_rope,True
kardashev_scale_progress_narrative,institutional,-0.020281,3.5735005703414915,11.972075959819637,2.3938327662643646,1.2695398428081404,0.7967212917129285,tangled_rope,rope,False
kardashev_scale_progress_narrative,analytical,0.657567,0.5338434882190034,0.5159384342794681,1.023551430820891,0.256247463424917,0.4891524439414366,tangled_rope,snare,False
keltner_relationship_evaluation,powerless,0.38041,0.0018736413833439886,0.0012760446156875186,0.05508952551102406,0.000758665985898821,0.0024765552226090337,tangled_rope,tangled_rope,True
keltner_relationship_evaluation,moderate,0.387272,0.0026581541173919723,0.0016869125115886291,0.0641628410047232,0.0010291292704153123,0.0027209962990260017,tangled_rope,tangled_rope,True
keltner_relationship_evaluation,institutional,-0.014788,2.173598878834828,5.221392587645733,2.3626408387282054,1.2405927500677192,0.883082656059894,tangled_rope,rope,False
keltner_relationship_evaluation,analytical,0.479476,0.019905672479715964,0.009745622567920689,0.1477811294863021,0.005457331877954011,0.00460156980491839,tangled_rope,tangled_rope,True
khantivadin_radical_patience,powerless,1.086885,0.0003306333047630285,0.00027128046947433435,0.024444045718675814,0.00014937598330516595,0.001007966993394449,snare,snare,True
khantivadin_radical_patience,moderate,1.106492,0.00046393421729839547,0.00036550279423409437,0.028646791424805158,0.00020515615721722666,0.0011512612966671223,snare,snare,True
khantivadin_radical_patience,institutional,-0.042252,10.262256330466185,21.68163923091704,3.1062659543614,1.964675137695511,0.9977216321997242,snare,rope,False
khantivadin_radical_patience,analytical,1.369931,0.002484693665303743,0.0013143909088037292,0.05933453022285878,0.0008800820662465219,0.0019303421682007604,snare,snare,True
kidney_exchange_market,powerless,0.108689,0.0007035007621830329,0.0007259022507254629,0.037803640434779226,0.00035726817031137015,0.012083529933176962,rope,rope,True
kidney_exchange_market,moderate,0.110649,0.0010889780528486872,0.0011319373703852751,0.047119367130916696,0.0005550330160003945,0.015146749356845124,rope,rope,True
kidney_exchange_market,institutional,-0.004225,0.011199107056848236,0.009695666836417361,0.14387351149759614,0.005172665582810143,0.03829351966348167,rope,rope,True
kidney_exchange_market,analytical,0.136993,0.01954440363102794,0.02256566475143389,0.20477469476127294,0.010474014034041702,0.07169762159586412,rope,rope,True
kim_jong_un_succession,powerless,0.597787,0.02432391206996948,0.02141623207092595,0.21354367162727092,0.011389398610461681,0.07959356875610546,snare,snare,True
kim_jong_un_succession,moderate,0.608571,0.03524122321549369,0.030067347873628265,0.2549496479396013,0.016227837911848914,0.09317975652295374,snare,snare,True
kim_jong_un_succession,institutional,-0.023239,7.349808499170978,18.31054511779957,2.7727403117428397,1.6332350682538472,0.844445165866262,snare,rope,False
kim_jong_un_succession,analytical,0.753462,0.2676923749088734,0.14753709108440552,0.6229142600586693,0.09622390213458296,0.18268379995667683,snare,snare,True
kirby_paris_theorem,powerless,0.2271,0.0014907408698496194,0.001651375909988308,0.05599934572954476,0.0007839304629330471,0.009619962483616296,mountain,mountain,True
kirby_paris_theorem,moderate,0.199995,4.182876396773398e-11,4.182810835640388e-11,9.146400230324546e-06,2.0914248470922752e-11,1.4507844424693772e-06,mountain,mountain,True
kirby_paris_theorem,institutional,-0.023875,0.021047204711823933,0.012537437799154639,0.1786993873696549,0.007978057994673103,0.02064976489656445,mountain,mountain,True
kirby_paris_theorem,analytical,0.276005,0.017068837768049776,0.023040398204657756,0.1985691486128847,0.009849331950307964,0.04058142369730233,mountain,mountain,True
kjv_linguistic_residue,powerless,0.119557,0.00014011632447230712,0.00014618501495261386,0.01691758984191625,7.155078488460523e-05,0.0021748936809602437,rope,rope,True
kjv_linguistic_residue,moderate,0.121714,0.0002186159719750093,0.00023043457725644085,0.021185306285908628,0.00011220325146053902,0.0027453622036650582,rope,rope,True
kjv_linguistic_residue,institutional,-0.004648,0.0007595112822011496,0.0006823679325794986,0.037931144431010644,0.000359682148007554,0.004370086928917383,rope,rope,True
kjv_linguistic_residue,analytical,0.150692,0.00438645060751041,0.005428793710901082,0.0986504595933463,0.0024324850525490713,0.014613421521916026,rope,rope,True
kjv_puritan_new_world_exit,powerless,0.217377,0.026030468834356307,0.023961824569670213,0.22344123266360022,0.012468519201539931,0.09720423946558088,tangled_rope,tangled_rope,True
kjv_puritan_new_world_exit,moderate,0.221298,0.03915179445176582,0.035179617781183344,0.27233607506340796,0.018513102486833313,0.11677502220358249,tangled_rope,tangled_rope,True
kjv_puritan_new_world_exit,institutional,-0.00845,0.719176556830573,0.6096798051870164,1.1478946665594916,0.3204713717141751,0.5312058449661823,tangled_rope,rope,False
kjv_puritan_new_world_exit,analytical,0.273986,0.4396897497942973,0.2456285633846482,0.8005970144621488,0.15811058244554402,0.27441865395527154,tangled_rope,tangled_rope,True
kjv_textual_authority,powerless,0.434754,0.01943623902811277,0.021102093692595424,0.2011705821836365,0.010108873510385374,0.08421560754703603,tangled_rope,tangled_rope,True
kjv_textual_authority,moderate,0.442597,0.02957025638888337,0.03258667156154471,0.24902469661128415,0.015483305804946307,0.1057674717818902,tangled_rope,tangled_rope,True
kjv_textual_authority,institutional,-0.016901,2.927513522670379,7.753620866435395,2.3880911175511024,1.2641978602141195,0.8215682415850729,tangled_rope,rope,False
kjv_textual_authority,analytical,0.547972,0.39055018511748396,0.44707418037824553,0.9126132351034417,0.20462789521658925,0.43017818707743927,tangled_rope,snare,False
kleene_recursion_theorem,powerless,0.02271,3.505655464196388e-07,3.5205227543727756e-07,0.0008382216064015152,1.756538629869963e-07,5.485945833957895e-05,mountain,mountain,True
kleene_recursion_theorem,moderate,0.02,0.0,0.0,0.0,0.0,0.0,mountain,mountain,True
kleene_recursion_theorem,institutional,-0.002388,1.866309637949869e-05,1.808561135144576e-05,0.006061509328221017,9.185466802810356e-06,0.00038632126150964403,mountain,mountain,True
kleene_recursion_theorem,analytical,0.0276,2.8894888176408194e-06,2.9246665457528452e-06,0.0024112228680530966,1.4534987539297071e-06,0.00015874919348402537,mountain,mountain,True
knowledge_action_gap,powerless,0.771688,0.04824282871594811,0.04639391849100901,0.307584664725775,0.02360549981893301,0.15050471255250364,snare,snare,True
knowledge_action_gap,moderate,0.785609,0.07075490599886267,0.06693696460575245,0.37095595981293866,0.034303568792944286,0.18000821441849035,snare,snare,True
knowledge_action_gap,institutional,-0.029999,6.5455624360361,18.093089299569655,2.5327205040473992,1.4004895417431271,0.7891230462158937,snare,rope,False
knowledge_action_gap,analytical,0.972651,0.5760077051919136,0.3888982358114236,0.9670735048299608,0.22928763992909484,0.4041215176620938,snare,snare,True
kolmogorov_complexity,powerless,0.170325,0.0002955194032967351,0.00031561404683327405,0.02471108003659397,0.00015265742708002906,0.003003570403472322,mountain,mountain,True
kolmogorov_complexity,moderate,0.149996,9.892174330412724e-12,9.891895017365708e-12,4.448040296270724e-06,4.94601832963493e-12,5.139602025083789e-07,mountain,mountain,True
kolmogorov_complexity,institutional,-0.017906,0.005631248830598815,0.003965561868366658,0.09683965650826049,0.002344021755172268,0.00889369269450535,mountain,mountain,True
kolmogorov_complexity,analytical,0.207004,0.003060055350094184,0.003720826967312581,0.08205113643871725,0.0016828611929362988,0.011106229271895418,mountain,mountain,True
labor_union_dues,powerless,0.521705,0.03560152722443946,0.03550865936877659,0.2666630531130982,0.017750975554042397,0.13291606534613354,tangled_rope,snare,False
labor_union_dues,moderate,0.531116,0.052991549989204245,0.05249006011243596,0.3247728194780993,0.026311451775526577,0.16151408273279688,tangled_rope,snare,False
labor_union_dues,institutional,-0.020281,4.87572376634169,12.847115044433036,2.5664156549076798,1.432718819692714,0.8574841065517061,tangled_rope,rope,False
labor_union_dues,analytical,0.657567,0.5190046670074963,0.40352466415953264,0.9540116366874949,0.22325280911336018,0.4300153014774839,tangled_rope,snare,False
landscape_of_fear_2026,powerless,0.434754,0.019493248761987172,0.02115604403475219,0.2014454754536973,0.010136495924832779,0.08442723538633465,tangled_rope,tangled_rope,True
landscape_of_fear_2026,moderate,0.442597,0.02965445355018092,0.032664821349906205,0.24934955499067138,0.015523676429078013,0.10602252821069316,tangled_rope,tangled_rope,True
landscape_of_fear_2026,institutional,-0.016901,2.964228827315755,7.779187530036019,2.4005321155934216,1.2757804692222514,0.8267197300214554,tangled_rope,rope,False
landscape_of_fear_2026,analytical,0.547972,0.3912247955446487,0.44721889359872613,0.9130757910893731,0.20483176187611202,0.4305631526780771,tangled_rope,snare,False
large_cardinal_foundations,powerless,0.326066,0.01248704885476813,0.008662937992784486,0.1435504638991695,0.005149472647237643,0.01984242087411847,tangled_rope,tangled_rope,True
large_cardinal_foundations,moderate,0.331948,0.017808397953425485,0.011354650699005143,0.1674288104723453,0.007004009809295207,0.02227028200686121,tangled_rope,tangled_rope,True
large_cardinal_foundations,institutional,-0.012676,2.3095324954251066,3.05677114432478,2.2276884275481863,1.117570035195699,0.8852903344669208,tangled_rope,rope,False
large_cardinal_foundations,analytical,0.410979,0.12550778401565502,0.030021325336830145,0.31909889242968725,0.025402070817399487,0.032388185767814215,tangled_rope,tangled_rope,True
large_cardinals_inaccessibility,powerless,0.163033,0.0003298772647823451,0.0003435926319029439,0.02594709380888112,0.00016831055852503467,0.005150795762573601,mountain,mountain,True
large_cardinals_inaccessibility,moderate,0.165974,0.0005063025953681967,0.0005323797735217058,0.032220640624082475,0.0002595368070827799,0.006440720256755683,mountain,mountain,True
large_cardinals_inaccessibility,institutional,-0.006338,0.01494104372855737,0.010778179135799969,0.1587733241293345,0.006298932954369952,0.02477688346590301,mountain,mountain,True
large_cardinals_inaccessibility,analytical,0.20549,0.008244383073282647,0.009958948510657668,0.1344279159076598,0.004516015586662057,0.029810426642820853,mountain,mountain,True
latent_goal_activation,powerless,0.934721,0.013699561261034082,0.013466524259076643,0.16481660132685452,0.006787285603156327,0.08133245140652445,piton,piton,True
latent_goal_activation,moderate,0.951583,0.022780990355774106,0.022206665726770797,0.21208943699087637,0.011234947864246586,0.10416952824638404,piton,piton,True
latent_goal_activation,institutional,-0.036337,3.7112795917728842,6.047295419332454,1.770049666190032,0.7334594348225238,0.46391799600306954,piton,piton,True
latent_goal_activation,analytical,1.17814,0.6248892216317044,0.39674795011626185,0.9899762921809149,0.2400513184867929,0.40069256519414187,piton,piton,True
latent_regulatory_bomb,powerless,0.912984,0.00344252799780959,0.002805879737376706,0.07873750027354702,0.001549698315563049,0.009835257621699789,snare,snare,True
latent_regulatory_bomb,moderate,0.929453,0.00487104017676137,0.0038006178496535242,0.0925854903336929,0.002142635571816398,0.011253368963314414,snare,snare,True
latent_regulatory_bomb,institutional,-0.035492,9.891077885957406,19.316656310309217,3.0126079613216934,1.8711047026758045,0.9788062416123212,snare,rope,False
latent_regulatory_bomb,analytical,1.150742,0.02943227923312187,0.014242993999626903,0.1988839216370835,0.00988055738549411,0.018992445220245457,snare,snare,True
lavender_ai_targeting,powerless,0.815164,0.0036487709382663305,0.0029761327622123135,0.08107719220760407,0.0016431527288529595,0.010443093825550642,snare,snare,True
lavender_ai_targeting,moderate,0.829869,0.0051830184115005595,0.0040453380376574985,0.09551254984087512,0.0022802283757087276,0.01196788474972954,snare,snare,True
lavender_ai_targeting,institutional,-0.031689,9.767665592488912,21.17570852909813,3.0456122419717215,1.9040564255785468,0.9774532971969387,snare,rope,False
lavender_ai_targeting,analytical,1.027448,0.032882521158021746,0.015561074094666883,0.20880842069876093,0.010890341467743871,0.020372618439505108,snare,snare,True
law_of_diminishing_returns,powerless,0.434754,0.0006590689392957582,0.0005900697809866807,0.03503872494378791,0.00030692021109906495,0.0011209581084421151,tangled_rope,tangled_rope,True
law_of_diminishing_returns,moderate,0.442597,0.0009727695894856315,0.0008704211375648831,0.042431767480249606,0.0004500968395974737,0.0014503556799674278,tangled_rope,tangled_rope,True
law_of_diminishing_returns,institutional,-0.016901,2.1243962420165934,7.577172772570625,2.4004086495787136,1.275665383551764,0.8769261187313246,tangled_rope,rope,False
law_of_diminishing_returns,analytical,0.547972,0.01179777828585318,0.015269867604168543,0.1559415196004029,0.00607636004263346,0.010820889032574159,tangled_rope,tangled_rope,True
layered_brain_processing,powerless,0.38041,0.027412520919879824,0.01736228756092898,0.20627564240182344,0.010627983963720033,0.04602411195156619,snare,snare,True
layered_brain_processing,moderate,0.387272,0.0382597330467655,0.022259672118645758,0.23716743856841538,0.014045627650300251,0.052503855601741756,snare,snare,True
layered_brain_processing,institutional,-0.014788,9.538993755353948,4.113858250315555,2.8467315515978844,1.7062059097848001,0.9752936296400299,snare,rope,False
layered_brain_processing,analytical,0.479476,0.23993863246326558,0.07123840531286446,0.45621864558990544,0.05180862721439068,0.09416839411461109,snare,snare,True
lcdm_hubble_tension,powerless,0.510836,0.034578404246137215,0.033806855534159685,0.26148911893983384,0.017069802900567702,0.1292927714641391,tangled_rope,snare,False
lcdm_hubble_tension,moderate,0.520051,0.05126084134304674,0.049572500185589195,0.3175015364468101,0.025148923266677028,0.1561610138509233,tangled_rope,snare,False
lcdm_hubble_tension,institutional,-0.019858,5.167721744139748,12.209598931525333,2.596499779505917,1.4616304976828425,0.843673676355226,tangled_rope,rope,False
lcdm_hubble_tension,analytical,0.643867,0.4829995056606975,0.35493610957220983,0.9065262420549663,0.2019540685332926,0.3944840573191075,tangled_rope,snare,False
lcdm_small_scale_anomalies,powerless,0.456492,0.01648200739748645,0.018305260410248964,0.1862961264524222,0.0086702899367248,0.07010620755609115,tangled_rope,tangled_rope,True
lcdm_small_scale_anomalies,moderate,0.464727,0.025203893001192707,0.028561749073293907,0.23149438007831624,0.01338246112608424,0.08875412284269271,tangled_rope,tangled_rope,True
lcdm_small_scale_anomalies,institutional,-0.017746,2.590191476382699,8.578077075786911,2.3334991671983336,1.2137151182651384,0.8016181642154063,tangled_rope,rope,False
lcdm_small_scale_anomalies,analytical,0.575371,0.35825585328224285,0.45201601670014835,0.8946791056070728,0.19679776569547403,0.4046281907611375,tangled_rope,snare,False
legacy_identity_lock_in,powerless,0.130426,3.107770577153129e-05,3.202402411900567e-05,0.007942984381902237,1.5772729491224393e-05,0.0006933692399828661,mountain,mountain,True
legacy_identity_lock_in,moderate,0.132779,4.751828080896414e-05,4.93076713883612e-05,0.009838746799635346,2.420018584285571e-05,0.0008633809865060682,mountain,mountain,True
legacy_identity_lock_in,institutional,-0.00507,0.001672233079035049,0.0013016947011196905,0.05421363380213732,0.0007347345318644691,0.003903259348619348,mountain,mountain,True
legacy_identity_lock_in,analytical,0.164392,0.0007305227639215432,0.0008385212052899702,0.03953935283969506,0.0003908273762456495,0.003753048462711961,mountain,mountain,True
legacy_system_technical_debt,powerless,0.032607,2.275642046458816e-09,2.2739578517384673e-09,6.745072133367167e-05,1.1373998354163543e-09,1.964823055842363e-06,rope,rope,True
legacy_system_technical_debt,moderate,0.033195,3.0338371845481937e-09,3.0312679856492917e-09,7.787878314118056e-05,1.5162760432769372e-09,2.266159502467232e-06,rope,rope,True
legacy_system_technical_debt,institutional,-0.001268,6.485152717080846e-06,6.75024440075109e-06,0.0036375010463070303,3.307852553523758e-06,0.00010994204005854158,rope,rope,True
legacy_system_technical_debt,analytical,0.041098,1.7416106545759226e-09,1.748177159701369e-09,5.907417215932047e-05,8.724393762525921e-10,1.2709237873978615e-06,rope,rope,True
legal_formalism_overhang,powerless,0.902115,0.008200354804319118,0.008146314491042035,0.1278532811363077,0.004085223861793073,0.0636890287844295,piton,piton,True
legal_formalism_overhang,moderate,0.918388,0.013981864225097188,0.01383187049009138,0.166772170701602,0.006949211202510068,0.08289925046245739,piton,piton,True
legal_formalism_overhang,institutional,-0.035069,4.000869179472176,6.993471240276631,1.859438686392156,0.8038821223405045,0.49365657780490046,piton,piton,True
legal_formalism_overhang,analytical,1.137042,0.4856777242979149,0.35239386561857666,0.9059581123934958,0.20170535626117123,0.39109306958771295,piton,piton,True
legibility_trap,powerless,0.956459,0.01839799177299098,0.017979542162378306,0.19071921266984515,0.009086565699158694,0.09369945926944034,piton,piton,True
legibility_trap,moderate,0.973713,0.03022962777999283,0.029221078537844822,0.24379804040490163,0.014840980161829104,0.11904698826993121,piton,piton,True
legibility_trap,institutional,-0.037182,3.651549685625031,6.089720595095722,1.764066817979031,0.7288347986337881,0.4583350705774517,piton,piton,True
legibility_trap,analytical,1.205539,0.7343454159073372,0.43038632137768706,1.0485826026632128,0.26864213344781984,0.4110362609610959,piton,piton,True
legitimacy_without_capacity,powerless,0.912984,0.009718513291007091,0.009566516794157237,0.1388669446209336,0.004819070545876378,0.06839771134917327,piton,piton,True
legitimacy_without_capacity,moderate,0.929453,0.016386097413699563,0.016014024197864823,0.17999076136867173,0.008093703642482946,0.08828017391872856,piton,piton,True
legitimacy_without_capacity,institutional,-0.035492,3.731771918291209,7.382683291696884,1.8237367766729398,0.7754608409726415,0.4509456955279851,piton,piton,True
legitimacy_without_capacity,analytical,1.150742,0.5078478960899686,0.34162811221856715,0.9073255499765787,0.20230423024154684,0.3732337969765175,piton,piton,True
legitimacy_without_effectiveness,powerless,0.815164,0.0006778501823585109,0.0006765799127923973,0.036801648464622104,0.00033858077891871333,0.018348376869897542,piton,piton,True
legitimacy_without_effectiveness,moderate,0.829869,0.0014387096679131899,0.0014354660742917948,0.05360997359426865,0.0007184642971610673,0.026742666133173998,piton,piton,True
legitimacy_without_effectiveness,institutional,-0.031689,3.962382437004538,6.0056307050184525,1.8123909445396458,0.7665100213830781,0.49532448334567286,piton,piton,True
legitimacy_without_effectiveness,analytical,1.027448,0.1617398137974994,0.14485477909519134,0.5530285307869215,0.07597419952815067,0.2619342610484613,piton,piton,True
lehman_repo_105,powerless,0.978197,0.0009287282693370698,0.0007553845320436097,0.040874047253796605,0.0004176573974415053,0.0026861166525474936,snare,snare,True
lehman_repo_105,moderate,0.995843,0.001309694110185262,0.0010200552777739898,0.047985568126096674,0.0005756260728618582,0.0030687968551934564,snare,snare,True
lehman_repo_105,institutional,-0.038027,9.7758426576057,20.726377491037262,3.0777732254369994,1.9361914017703088,0.9941628350013375,snare,rope,False
lehman_repo_105,analytical,1.232938,0.007590668582844142,0.003745474851544143,0.1015959993152409,0.002579881929114981,0.00514309083832476,snare,snare,True
lethal_targeting_of_journalists,powerless,0.597787,0.021190435062000662,0.018466643971729757,0.19878661551634388,0.009870899369290958,0.06900333850236162,snare,snare,True
lethal_targeting_of_journalists,moderate,0.608571,0.030642999291336348,0.025832436038103656,0.2369942284589822,0.014025143304271188,0.08057156011088917,snare,snare,True
lethal_targeting_of_journalists,institutional,0.554738,0.00024277158859106873,0.0002397123354599619,0.02196518480698513,0.00012061612352768641,0.008303794807658749,snare,snare,True
lethal_targeting_of_journalists,analytical,0.753462,0.22940714543121682,0.12360232086459268,0.5729048735408586,0.08149544571466853,0.15530206377236566,snare,snare,True
liar_paradox,powerless,0.056775,4.315039697043086e-06,4.37272925815775e-06,0.002947453416406634,2.1718700175829424e-06,0.0002157037870914591,mountain,mountain,True
liar_paradox,moderate,0.049999,8.894683541411806e-14,8.867601634243823e-14,4.214684851089411e-07,4.439150791021235e-14,3.053098240890506e-08,mountain,mountain,True
liar_paradox,institutional,-0.005969,0.0001703234565888212,0.00015601264192465506,0.01805173368361732,8.146571918482396e-05,0.001227204450182139,mountain,mountain,True
liar_paradox,analytical,0.069001,3.760524907330905e-05,3.9088490656230234e-05,0.008756267640060012,1.91680251282209e-05,0.0006533885408513962,mountain,mountain,True
lindy_effect,powerless,0.217377,0.02693154621879063,0.024929267907662433,0.227597315558804,0.012936165045160791,0.10083738240872575,tangled_rope,tangled_rope,True
lindy_effect,moderate,0.221298,0.04055535944684923,0.03668485586346098,0.2776491210203479,0.019241326814985155,0.12135216718781372,tangled_rope,tangled_rope,True
lindy_effect,institutional,-0.00845,0.7168272134444273,0.5905465599823421,1.1374794074175842,0.31483919472676,0.5227197860972002,tangled_rope,rope,False
lindy_effect,analytical,0.273986,0.4606794966443253,0.2613973969523746,0.8231219403601877,0.1670050230921346,0.2894453539655165,tangled_rope,tangled_rope,True
linguistic_relativity_cultural_framing,powerless,0.456492,0.005999987983208767,0.006907138833703989,0.11336215392029059,0.0032118844335432897,0.02594265990212144,tangled_rope,tangled_rope,True
linguistic_relativity_cultural_framing,moderate,0.464727,0.009262102326836406,0.010994800287210836,0.14187889207631943,0.005030294933175813,0.03336795825005248,tangled_rope,tangled_rope,True
linguistic_relativity_cultural_framing,institutional,-0.017746,2.1421491433833912,8.718567701252143,2.345003538032391,1.2243060791107943,0.8384450290371617,tangled_rope,rope,False
linguistic_relativity_cultural_framing,analytical,0.575371,0.1592763470765354,0.2583229589855327,0.6315438991068338,0.09888613408294415,0.20855125869819408,tangled_rope,tangled_rope,True
liquidity_illusion,powerless,0.923852,0.011285892864143485,0.011014078875541303,0.14932304113826558,0.005571753693459892,0.07246215197229189,piton,piton,True
liquidity_illusion,moderate,0.940518,0.018845660232464007,0.018208765979598307,0.1924731939945929,0.009254336886268344,0.09283391705260835,piton,piton,True
liquidity_illusion,institutional,-0.035914,3.5497005598776257,8.119445375051574,1.8227930954114464,0.7747148565942835,0.41806912529480594,piton,piton,True
liquidity_illusion,analytical,1.164441,0.5293322816827128,0.33309326376217674,0.9091507500274607,0.20310489225835238,0.35761554022700437,piton,piton,True
litany_of_the_real,powerless,0.086951,0.0003033744885729385,0.0003041081114711903,0.02464711818404422,0.0001518681866599737,0.012180368355649396,mountain,mountain,True
litany_of_the_real,moderate,0.088519,0.0004599365822421944,0.0004612867423756916,0.030351577696056422,0.00023030014717797062,0.015002666291128341,mountain,mountain,True
litany_of_the_real,institutional,-0.00338,0.02400967951938027,0.023140993079984726,0.2171128557034076,0.011772929706831935,0.10459257904855374,mountain,mountain,True
litany_of_the_real,analytical,0.109594,0.006268573723905316,0.006323627230515499,0.11220947820044001,0.0031469161462904646,0.0555464374079675,mountain,mountain,True
litchfield_sensitive_locations_2026,powerless,0.84777,0.0018582056658728967,0.0018169421919488893,0.0606196991924874,0.0009186166525528933,0.026566062968941595,piton,piton,True
litchfield_sensitive_locations_2026,moderate,0.863064,0.0034064422589054275,0.0033025586071857294,0.08190045335796602,0.0016766867394706786,0.03568173911479433,piton,piton,True
litchfield_sensitive_locations_2026,institutional,-0.032957,2.3526313837829504,5.235228215150556,1.4569459957748065,0.5076163109680164,0.27319614028580647,piton,piton,True
litchfield_sensitive_locations_2026,analytical,1.068546,0.17440980235413495,0.12421643897590366,0.5405002261808372,0.07259169360490172,0.19698016147542707,piton,piton,True
lln_convergence,powerless,0.271721,0.002585639033663228,0.0029424500107184497,0.07419111142009716,0.0013759224609366674,0.01579524111348618,mountain,mountain,True
lln_convergence,moderate,0.276623,0.004076700632523392,0.004796654755951867,0.09387583062433584,0.0022027634278263693,0.020285816666258172,mountain,mountain,True
lln_convergence,institutional,-0.010563,0.05983764207859115,0.029676892430837914,0.2854040461209591,0.02032933357643159,0.03984594388188345,mountain,mountain,True
lln_convergence,analytical,0.342483,0.12410795681266859,0.29061943259121775,0.5890541667083965,0.08612093792772241,0.16541363231707873,mountain,mountain,True
lobs_theorem,powerless,0.02271,3.6675025405858693e-07,3.683049742328499e-07,0.0008573521805412685,1.8376318756131224e-07,5.7391717546930246e-05,mountain,mountain,True
lobs_theorem,moderate,0.02,0.0,0.0,0.0,0.0,0.0,mountain,mountain,True
lobs_theorem,institutional,-0.002388,1.9525342939377305e-05,1.8921441043240016e-05,0.006199972748197261,9.609907823688758e-06,0.00040416179672632044,mountain,mountain,True
lobs_theorem,analytical,0.0276,3.0228736153169784e-06,3.0596598233817643e-06,0.0024662454385344845,1.5205914480050777e-06,0.00016607609707867694,mountain,mountain,True
local_vs_global_optima,powerless,0.056775,5.430332981163111e-06,5.502726272040034e-06,0.003306463326985125,2.733174310659558e-06,0.0002714514880134411,mountain,mountain,True
local_vs_global_optima,moderate,0.049999,1.1187485062745484e-13,1.1165267498114455e-13,4.730972011800879e-07,5.5867290238593475e-14,3.842371298912184e-08,mountain,mountain,True
local_vs_global_optima,institutional,-0.005969,0.00021440252808467588,0.00019643037209999187,0.02025445186319985,0.0001025598285145119,0.0015449480478560169,mountain,mountain,True
local_vs_global_optima,analytical,0.069001,4.7321445381907986e-05,4.9182310022742576e-05,0.009822262476495817,2.4119161561327556e-05,0.0008221611345593516,mountain,mountain,True
logistic_map_dynamics,powerless,0.38041,0.0024965207995407005,0.0016176161718595482,0.06282845547164898,0.0009867725502217435,0.0037411209648730015,tangled_rope,tangled_rope,True
logistic_map_dynamics,moderate,0.387272,0.003519383203732391,0.0020880484926413334,0.07264051579625827,0.0013190161246548727,0.004190290446006495,tangled_rope,tangled_rope,True
logistic_map_dynamics,institutional,-0.014788,2.5057072192251395,5.1769667823544845,2.4571355060704683,1.3288254788544414,0.9144924557986168,tangled_rope,rope,False
logistic_map_dynamics,analytical,0.479476,0.023938033917650158,0.0070984584671367834,0.14276089407900838,0.005093005192022497,0.0057563932975253085,tangled_rope,tangled_rope,True
lorenz_attractor_dynamics,powerless,0.434754,0.0013119929447255663,0.0013746899431467917,0.051562295817116535,0.0006646307730483961,0.0043858808757405564,tangled_rope,tangled_rope,True
lorenz_attractor_dynamics,moderate,0.442597,0.001990727390911663,0.002140078276797597,0.0638174767567323,0.0010180811990617043,0.005669207010777517,tangled_rope,tangled_rope,True
lorenz_attractor_dynamics,institutional,-0.016901,2.1751102755781346,7.649912506812817,2.412532540675601,1.2869794607046816,0.8739687215378209,tangled_rope,rope,False
lorenz_attractor_dynamics,analytical,0.547972,0.031923931352549534,0.052886244051768914,0.2799835540168199,0.019565712717965457,0.04116480504276602,tangled_rope,tangled_rope,True
lowenheim_skolem_theorem,powerless,0.056775,8.141142288925153e-06,8.248916256969056e-06,0.004048398082118552,4.097380358665822e-06,0.00040693937375035905,mountain,mountain,True
lowenheim_skolem_theorem,moderate,0.049999,1.6744931385686738e-13,1.6766207077304002e-13,5.801892976144508e-07,8.376384308654838e-14,5.7609911063849495e-08,mountain,mountain,True
lowenheim_skolem_theorem,institutional,-0.005969,0.00032163112245488977,0.00029482436413063424,0.024810896794411893,0.0001538931763026789,0.00231821712062361,mountain,mountain,True
lowenheim_skolem_theorem,analytical,0.069001,7.093102007489941e-05,7.369980125855495e-05,0.012024602401533286,3.614765683992603e-05,0.0012321743003588237,mountain,mountain,True
lp_pikachu_illustrator,powerless,0.739082,0.0004584401646265269,0.0004496068301438772,0.030124920157316725,0.00022687341419588505,0.014213156594148457,snare,snare,True
lp_pikachu_illustrator,moderate,0.752415,0.00046594648000841503,0.00045193420206255525,0.03027780967676846,0.00022918206253673737,0.014052581326203684,snare,snare,True
lp_pikachu_illustrator,institutional,-0.028731,4.860713118339724,10.422030597864707,2.1510596521216336,1.0494677065873754,0.5958508469807169,snare,piton,False
lp_pikachu_illustrator,analytical,0.931553,0.025706714512207976,0.02577185729570171,0.22671773816644522,0.012836478384977604,0.1122318934520723,snare,piton,False
lsd_microdosing_professional_openness,powerless,0.434754,0.0012666093676496361,0.0013793589353250954,0.05121380180292553,0.0006556775445580162,0.004793603365511082,tangled_rope,tangled_rope,True
lsd_microdosing_professional_openness,moderate,0.442597,0.0019360348365574805,0.0021723173372336993,0.06371398560997124,0.001014782163727238,0.0061955413815288594,tangled_rope,tangled_rope,True
lsd_microdosing_professional_openness,institutional,-0.016901,1.8884708963810048,7.53946589173065,2.3037429570783825,1.1864429831875059,0.8337538054272876,tangled_rope,rope,False
lsd_microdosing_professional_openness,analytical,0.547972,0.03301673336316066,0.056906845450674245,0.28894903795370586,0.02083660543515843,0.044839489262572856,tangled_rope,tangled_rope,True
lula_hemisphere_2026,powerless,0.815164,0.003702008326426455,0.0030198741403759956,0.08166878882486649,0.0016672160814035246,0.01059596519771544,snare,snare,True
lula_hemisphere_2026,moderate,0.829869,0.005258733717835583,0.004104928742261505,0.09621074028822102,0.0023136804059501605,0.012143357642238284,snare,snare,True
lula_hemisphere_2026,institutional,-0.031689,9.503918999795099,20.622267577805836,3.0308817151183005,1.8893455934589305,0.9771068172237787,snare,rope,False
lula_hemisphere_2026,analytical,1.027448,0.0333667535168768,0.01579338812885925,0.21035270899172162,0.011051871863277978,0.020673956975345242,snare,snare,True
lung_transplant_protocol,powerless,0.597787,0.0356851614322242,0.03303454278948256,0.26199615861362674,0.017135970594368864,0.11957032406074841,snare,snare,True
lung_transplant_protocol,moderate,0.608571,0.05220262184909676,0.04724593716215123,0.3150561957462394,0.024763828275224106,0.14187781233722596,snare,snare,True
lung_transplant_protocol,institutional,-0.023239,6.399378660219657,17.20284245872875,2.6265978288913376,1.4906774524974873,0.8071763472435554,snare,rope,False
lung_transplant_protocol,analytical,0.753462,0.4285839432466854,0.26568728045201373,0.8148559395828161,0.16371395322370733,0.3054354654208995,snare,snare,True
lyapunov_stability,powerless,0.170325,0.0002955194032967351,0.00031561404683327405,0.02471108003659397,0.00015265742708002906,0.003003570403472322,mountain,mountain,True
lyapunov_stability,moderate,0.149996,9.892174330412724e-12,9.891895017365708e-12,4.448040296270724e-06,4.94601832963493e-12,5.139602025083789e-07,mountain,mountain,True
lyapunov_stability,institutional,-0.017906,0.005631248830598815,0.003965561868366658,0.09683965650826049,0.002344021755172268,0.00889369269450535,mountain,mountain,True
lyapunov_stability,analytical,0.207004,0.003060055350094184,0.003720826967312581,0.08205113643871725,0.0016828611929362988,0.011106229271895418,mountain,mountain,True
m82_outflow_suppression,powerless,0.02271,3.6997046640148644e-07,3.715387383753982e-07,0.0008611078424804886,1.8537667635302543e-07,5.789619280609226e-05,mountain,mountain,True
m82_outflow_suppression,moderate,0.02,0.0,0.0,2.9802322387695312e-08,0.0,0.0,mountain,mountain,True
m82_outflow_suppression,institutional,-0.002388,1.9696357724531223e-05,1.9087162260646616e-05,0.006227064879193615,9.694076421013998e-06,0.000407716043649615,mountain,mountain,True
m82_outflow_suppression,analytical,0.0276,3.0494215440657117e-06,3.086528225045205e-06,0.0024770509592139567,1.533945167449772e-06,0.0001675357516825477,mountain,mountain,True
magna_carta_liberties,powerless,0.434754,0.02724870762189063,0.027972091456608422,0.23494285883696428,0.013783675092791636,0.11510177743427008,tangled_rope,tangled_rope,True
magna_carta_liberties,moderate,0.442597,0.040905380883440166,0.042038145285236264,0.28792741032262664,0.020689777427751386,0.14155953556751977,tangled_rope,tangled_rope,True
magna_carta_liberties,institutional,-0.016901,4.026526841409713,8.15674138354282,2.5337958376329106,1.4015155139491473,0.8601099775913051,tangled_rope,rope,False
magna_carta_liberties,analytical,0.547972,0.4499608856074195,0.40366896815738534,0.922031341983582,0.20879773957864403,0.4387785874154909,tangled_rope,snare,False
maha_recovery_2026,powerless,0.456492,0.013556482542394718,0.009969235801151038,0.14947083042702994,0.005582783063159258,0.04273508783145907,piton,piton,True
maha_recovery_2026,moderate,0.464727,0.019470886852178577,0.014085102517314402,0.1771093767212207,0.007836809510821496,0.05318874354975195,piton,piton,True
maha_recovery_2026,institutional,-0.017746,7.405745663932031,5.41520180260275,2.955819989034151,1.8144943573157888,0.994845244864945,piton,rope,False
maha_recovery_2026,analytical,0.575371,0.189426992298574,0.15341474042696435,0.5492870781965545,0.07495613530556329,0.195980181308529,piton,piton,True
maintenance_capacity_shortfall,powerless,0.923852,0.011571726192474707,0.011371236849427702,0.1514646699359233,0.005732645862128929,0.07455567358782722,piton,piton,True
maintenance_capacity_shortfall,moderate,0.940518,0.019361525581147912,0.018873415600800886,0.19552495568745526,0.00954989234501218,0.0957960064301544,piton,piton,True
maintenance_capacity_shortfall,institutional,-0.035914,3.7039364311304834,6.9410774999661635,1.802224366526158,0.7585232381576453,0.4525792889567052,piton,piton,True
maintenance_capacity_shortfall,analytical,1.164441,0.5605048965667582,0.3646660655760077,0.9442369784502379,0.21878629295953508,0.38363777292993695,piton,piton,True
maladaptive_selection_process,powerless,0.934721,0.013599009729125089,0.01332883105656689,0.16409053921056652,0.00672765110346968,0.08061315525364299,piton,piton,True
maladaptive_selection_process,moderate,0.951583,0.022594858872915,0.021943494757315482,0.21102351407644077,0.011122406563819971,0.10312273234484137,piton,piton,True
maladaptive_selection_process,institutional,-0.036337,3.6667560121039378,6.735689370185141,1.788530467573459,0.7478161624826642,0.45063324539022137,piton,piton,True
maladaptive_selection_process,analytical,1.17814,0.6122024821243839,0.38347890758128056,0.9761960809986391,0.2335472528945368,0.3905074988378202,piton,piton,True
mandatrophic_margin_collapse,powerless,0.923852,0.0018065940783608507,0.0014682402324511519,0.056995860459176886,0.00081207706565601,0.0051620336378110235,snare,snare,True
mandatrophic_margin_collapse,moderate,0.940518,0.0025538915499582174,0.0019862648705100423,0.0669826221432178,0.0011215630763056728,0.005901695480624532,snare,snare,True
mandatrophic_margin_collapse,institutional,-0.035914,9.573143225781315,19.923544769210675,3.0463676732867455,1.904810993984895,0.9888859128298696,snare,rope,False
mandatrophic_margin_collapse,analytical,1.164441,0.015290771083394541,0.007385078983212267,0.14327210657722836,0.005129529956749123,0.009918972246944512,snare,snare,True
mandatrophy_systemic_collapse,powerless,0.978197,0.0007058312465589462,0.000573842247238072,0.03562906130113877,0.00031734910940665054,0.0020410457846291702,snare,snare,True
mandatrophy_systemic_collapse,moderate,0.995843,0.0009952942732849616,0.0007748025577701267,0.04182582725139968,0.00043733401696646713,0.002331609449674246,snare,snare,True
mandatrophy_systemic_collapse,institutional,-0.038027,9.303439748161173,20.319445452967642,3.07520895082127,1.933628485703197,0.995522016002193,snare,rope,False
mandatrophy_systemic_collapse,analytical,1.232938,0.0057659101152424735,0.0028428374764061706,0.0885255741591334,0.001958874470741083,0.003905655778410109,snare,snare,True
manga_distribution_duopoly,powerless,0.521705,0.03550105839736685,0.035634050176056906,0.2667076945815827,0.01775691054322642,0.1328924877672733,tangled_rope,snare,False
manga_distribution_duopoly,moderate,0.531116,0.05291639711071154,0.052822582475042394,0.32516826204647753,0.026375423009581664,0.1618290155611835,tangled_rope,snare,False
manga_distribution_duopoly,institutional,-0.020281,4.565455415298429,12.344250304797603,2.492727399064331,1.3624578733908157,0.810500223525368,tangled_rope,rope,False
manga_distribution_duopoly,analytical,0.657567,0.5260275919831895,0.4174151939299248,0.9656121212284207,0.2286086959266535,0.4396422688411897,tangled_rope,snare,False
manganese_catalysis_2026,powerless,0.195639,0.0015703631007401523,0.00171104976579841,0.057239075084905895,0.000819022023282654,0.0125624858162523,rope,rope,True
manganese_catalysis_2026,moderate,0.199169,0.002483086201825472,0.0027618844368780208,0.07233568782496169,0.0013079703428748152,0.01610740424268231,rope,rope,True
manganese_catalysis_2026,institutional,-0.007605,0.005906793418610023,0.0032035726582722085,0.09202368572468755,0.002116716204218892,0.007953369472263994,rope,rope,True
manganese_catalysis_2026,analytical,0.246588,0.06168455175583212,0.0929992814957063,0.3863867247113721,0.037207731528612745,0.10999247769162601,rope,rope,True
marriage_market_asymmetry_2026,powerless,0.706475,0.003913073745245794,0.003215399735406392,0.08412550614440006,0.0017690143501705175,0.011601591064359207,snare,snare,True
marriage_market_asymmetry_2026,moderate,0.71922,0.005584309664228639,0.004395578305690463,0.09936398082057592,0.0024677925040871916,0.013337398646767862,snare,snare,True
marriage_market_asymmetry_2026,institutional,-0.027464,8.690146064661398,21.168131657863825,3.0282174063538934,1.886685464649415,0.9742395260103562,snare,rope,False
marriage_market_asymmetry_2026,analytical,0.890455,0.03731732603292472,0.01771606806078387,0.22265510828391266,0.012381029024906946,0.02318699192987298,snare,snare,True
mars_rovers_navigational_autonomy,powerless,0.434754,0.0011864558219564449,0.0012486559338902496,0.04911059848033231,0.0006029324243792524,0.003960180066265544,tangled_rope,tangled_rope,True
mars_rovers_navigational_autonomy,moderate,0.442597,0.0018018100423133198,0.0019448245564265007,0.060810256932225144,0.0009244006185539891,0.005119620356304947,tangled_rope,tangled_rope,True
mars_rovers_navigational_autonomy,institutional,-0.016901,1.9308202189706376,7.480003994045934,2.319287013312135,1.2006673235404153,0.8428394083900429,tangled_rope,rope,False
mars_rovers_navigational_autonomy,analytical,0.547972,0.02898025971683229,0.04805319028020464,0.26688204170409546,0.017780099086082295,0.03730592445774131,tangled_rope,tangled_rope,True
martian_signal_latency,powerless,0.056775,7.571784305166034e-06,7.672169414370472e-06,0.00390428712016581,3.8108632687988727e-06,0.00037848399208650907,mountain,mountain,True
martian_signal_latency,moderate,0.049999,1.556375024089694e-13,1.5594101701274916e-13,5.583463309763449e-07,7.790421188475652e-14,5.3579927716818077e-08,mountain,mountain,True
martian_signal_latency,institutional,-0.005969,0.00029909916195037617,0.0002741403443144805,0.02392538182637253,0.00014310426728257866,0.002155690801437006,mountain,mountain,True
martian_signal_latency,analytical,0.069001,6.597301356022457e-05,6.855227382244064e-05,0.01159690449025512,3.362195423553054e-05,0.0011460827556785125,mountain,mountain,True
mass_market_extinction_2026,powerless,0.76082,0.0022517009559879556,0.0018362173860246736,0.06368786218186703,0.0010139502611451634,0.006520782151618998,snare,snare,True
mass_market_extinction_2026,moderate,0.774544,0.0032040150130631584,0.0024999291943262605,0.07508959780329293,0.0014094463485302498,0.0074780839423945755,snare,snare,True
mass_market_extinction_2026,institutional,-0.029576,8.803584239299097,21.242024482460412,3.052140489094291,1.9105776562077343,0.9857651839955203,snare,rope,False
mass_market_extinction_2026,analytical,0.958951,0.02078952495595231,0.009760787308352996,0.1656395376522385,0.006855194384172323,0.012794928934565812,snare,snare,True
matching_market_congestion_externality,powerless,0.38041,0.00152955564671086,0.0011817595221614275,0.05130399493990203,0.0006579888919175384,0.0018630301952396264,tangled_rope,tangled_rope,True
matching_market_congestion_externality,moderate,0.387272,0.0022078744249747484,0.001657359909374889,0.06088516197355616,0.0009266791671035314,0.002397958893358288,tangled_rope,tangled_rope,True
matching_market_congestion_externality,institutional,-0.014788,1.8446888410810767,5.1986289803469425,2.245850038178622,1.1339044494709856,0.8358966513062387,tangled_rope,rope,False
matching_market_congestion_externality,analytical,0.479476,0.021650426773077998,0.021745350577020713,0.19182454024819162,0.009192113671583912,0.016629328936726116,tangled_rope,tangled_rope,True
matching_markets_general,powerless,0.434754,0.023182262761537984,0.024656443361014583,0.21861183923485042,0.011935893004678245,0.09980269159190797,tangled_rope,tangled_rope,True
matching_markets_general,moderate,0.442597,0.035090227110889105,0.03767804855883761,0.26958013471047676,0.018140871462142442,0.12430058234807362,tangled_rope,tangled_rope,True
matching_markets_general,institutional,-0.016901,3.2603361695549857,7.913394008315861,2.417624625574574,1.2917392577311577,0.834518812911636,tangled_rope,rope,False
matching_markets_general,analytical,0.547972,0.42936657414098045,0.4440934962752627,0.9336714438780913,0.21400623907718844,0.4492760708380734,tangled_rope,snare,False
material_tensile_strength,powerless,0.02271,3.6997046640148644e-07,3.715387383753982e-07,0.0008611078424804886,1.8537667635302543e-07,5.789619280609226e-05,mountain,mountain,True
material_tensile_strength,moderate,0.02,0.0,0.0,2.9802322387695312e-08,0.0,0.0,mountain,mountain,True
material_tensile_strength,institutional,-0.002388,1.9696357724531223e-05,1.9087162260646616e-05,0.006227064879193615,9.694076421013998e-06,0.000407716043649615,mountain,mountain,True
material_tensile_strength,analytical,0.0276,3.0494215440657117e-06,3.086528225045205e-06,0.0024770509592139567,1.533945167449772e-06,0.0001675357516825477,mountain,mountain,True
max_flow_min_cut,powerless,0.543443,0.02455836904552218,0.02714849303845902,0.22717003231042157,0.012887691013412106,0.09433567648162167,tangled_rope,tangled_rope,True
max_flow_min_cut,moderate,0.553246,0.037425354026750283,0.04208578617898034,0.2816005554341446,0.019791988219606642,0.11888121604346924,tangled_rope,tangled_rope,True
max_flow_min_cut,institutional,-0.021126,3.1720831372337286,13.34367583727089,2.422751258622288,1.2965359863791814,0.8224858766266083,tangled_rope,rope,False
max_flow_min_cut,analytical,0.684965,0.48952039809708686,0.561541008639422,1.022376962767208,0.25567259631596395,0.4804479787570293,tangled_rope,snare,False
mco_unit_system_discontinuity,powerless,0.326066,0.18761838784324664,0.16528649055690584,0.5931009726227288,0.08729959147166325,0.27878307944406067,piton,piton,True
mco_unit_system_discontinuity,moderate,0.331948,0.2791720901775264,0.2316789546978705,0.7122386051204153,0.125486314489486,0.3257931771954857,piton,piton,True
mco_unit_system_discontinuity,institutional,-0.012676,2.270864770115284,0.6817841827747093,1.4728441502834255,0.5182472434036546,0.5011491289748218,piton,rope,False
mco_unit_system_discontinuity,analytical,0.410979,2.4004110902921805,0.6712202930350508,1.4743524977496032,0.5192607333302439,0.4940912798655842,piton,piton,True
med_diet_consensus_2026,powerless,0.521705,0.030272708045658295,0.032207998808087515,0.24986591326760646,0.015587952773485927,0.11666714353390445,tangled_rope,tangled_rope,True
med_diet_consensus_2026,moderate,0.531116,0.04572973754022245,0.04903505075454139,0.307688301308949,0.023621378228644158,0.1449694435585932,tangled_rope,tangled_rope,True
med_diet_consensus_2026,institutional,-0.020281,3.538993891915949,11.966019693474351,2.3956420714496414,1.271224454950373,0.7968796327990141,tangled_rope,rope,False
med_diet_consensus_2026,analytical,0.657567,0.5313816237166781,0.5198258302725027,1.024299769231215,0.25661406642398493,0.4897864285001797,tangled_rope,snare,False
medical_residency_match,powerless,0.652131,0.016225860032865396,0.013805633386143715,0.17287182585458755,0.0074665166737487906,0.05029874049280658,snare,snare,True
medical_residency_match,moderate,0.663895,0.023330411240486827,0.019121152396717148,0.2052728094535506,0.01052498731889873,0.05833900486114385,snare,snare,True
medical_residency_match,institutional,-0.025351,9.180942740397319,21.61327887528747,2.9726491071090284,1.831257297412822,0.940394828859254,snare,rope,False
medical_residency_match,analytical,0.821958,0.16591498953092437,0.08452384839371942,0.4793287107558244,0.05716459251082852,0.10724232311981496,snare,snare,True
medieval_church_hegemony,powerless,0.76082,0.005845920819248314,0.004801885281497326,0.10281426538628002,0.002642111357341775,0.016984573665901226,snare,snare,True
medieval_church_hegemony,moderate,0.774544,0.008328501451985031,0.006552490949262037,0.1213311377972596,0.003679182664012437,0.019509414997440966,snare,snare,True
medieval_church_hegemony,institutional,-0.029576,9.583377583519578,21.146927775843533,3.022579687204518,1.8810572590930323,0.9627358212872246,snare,rope,False
medieval_church_hegemony,analytical,0.958951,0.054483236638749544,0.025938378363729267,0.26925157907851954,0.018096746148017543,0.03368172577965067,snare,snare,True
memetic_fitness_vs_truth,powerless,0.934721,0.01360709437446428,0.013339059456984853,0.1641463756732094,0.006732227860059643,0.08066411137790186,piton,piton,True
memetic_fitness_vs_truth,moderate,0.951583,0.022609285737395984,0.021962436317483694,0.21110271620763912,0.011130749382407382,0.10319586616375942,piton,piton,True
memetic_fitness_vs_truth,institutional,-0.036337,3.6742180419695907,6.757365380926274,1.7909484921417427,0.7497025300574935,0.4514920465381678,piton,piton,True
memetic_fitness_vs_truth,analytical,1.17814,0.6130480814296003,0.3843382373138662,0.9771031022666687,0.2339727793254361,0.3911730072724996,piton,piton,True
meta_governance_overload,powerless,0.891246,0.00670164789518124,0.0067153796081018124,0.11583161019517285,0.00335330300749097,0.05785441553698217,snare,piton,False
meta_governance_overload,moderate,0.907324,0.01157285147370471,0.01158293694657836,0.15216983933189765,0.005786122911321049,0.07600089563856366,snare,piton,False
meta_governance_overload,institutional,-0.034647,4.354393791366989,7.369521864755524,1.9431535463424476,0.8720036573807333,0.5425269216800895,snare,piton,False
meta_governance_overload,analytical,1.123343,0.45692882422566716,0.3596206184090688,0.8982118487598405,0.19832873103046733,0.40576318804683414,snare,piton,False
meta_model_lock_in,powerless,0.934721,0.01361099991935355,0.013344862023980913,0.16417610104324326,0.00673466499809234,0.08069779524055187,piton,piton,True
meta_model_lock_in,moderate,0.951583,0.022616865944593376,0.02197385994579086,0.21114803640135976,0.011135524623538482,0.10324479968910294,piton,piton,True
meta_model_lock_in,institutional,-0.036337,3.640724384852163,6.185633977921356,1.7612468505961045,0.7266589554057695,0.45209523662833917,piton,piton,True
meta_model_lock_in,analytical,1.17814,0.6136232673701734,0.38493656936214043,0.9777305951033803,0.234267378361096,0.3916370675563169,piton,piton,True
meta_nda,powerless,0.652131,0.016057900626756896,0.013656900389960638,0.1719557439843836,0.007387641882628661,0.04976904363540502,snare,snare,True
meta_nda,moderate,0.663895,0.023087148664318158,0.018912425649052537,0.20417341828791744,0.010412648348197669,0.05771864079689493,snare,snare,True
meta_nda,institutional,-0.025351,8.244343914166837,19.635951802121493,2.872480946140262,1.7316996147772028,0.8809929491968568,snare,rope,False
meta_nda,analytical,0.821958,0.1640944770074794,0.08352225878837727,0.4765692753068043,0.05651141655593443,0.10603488875690803,snare,snare,True
meta_nuclear_power_agreement,powerless,0.456492,0.0038386945578328807,0.0044025656019302025,0.09055394026040535,0.002049653838393016,0.016106438426242122,tangled_rope,tangled_rope,True
meta_nuclear_power_agreement,moderate,0.464727,0.005924092510755903,0.007013247106135971,0.11333018932293724,0.0032100738707434595,0.0207810239813899,tangled_rope,tangled_rope,True
meta_nuclear_power_agreement,institutional,-0.017746,1.943771140052868,8.42732189650047,2.2915519537113007,1.1753213575181698,0.8058651817280609,tangled_rope,rope,False
meta_nuclear_power_agreement,analytical,0.575371,0.10464831716096494,0.17806289560256028,0.5164952763654169,0.06632201546835836,0.1402093020045433,tangled_rope,tangled_rope,True
meta_pay_or_okay_model,powerless,0.39,0.9062032406152407,1.7905581819394865,1.5567100212102294,0.5758610743710706,0.6195509431352866,snare,tangled_rope,False
meta_pay_or_okay_model,moderate,0.829869,0.005240231294471825,0.004090365992744144,0.09604059009358236,0.002305505653808112,0.012100479187824753,snare,snare,True
meta_pay_or_okay_model,institutional,-0.031689,9.426079938213615,20.4589294476838,3.02678857206924,1.885258954558762,0.9771837194677758,snare,rope,False
meta_pay_or_okay_model,analytical,1.027448,0.033248418997077915,0.01573660876668328,0.2099763431843972,0.011012395238278632,0.020600315382058643,snare,snare,True
metabolic_constraint_cognition,powerless,0.858639,0.01807714136952053,0.015200710733050704,0.18190849801657535,0.008266973888551299,0.05225983924116673,snare,snare,True
metabolic_constraint_cognition,moderate,0.874129,0.02577083632344825,0.020833197394358068,0.21496419014234683,0.011541283545726673,0.06026400416808397,snare,snare,True
metabolic_constraint_cognition,institutional,-0.033379,9.826924387937478,18.4718626072735,2.83554840352204,1.6951487293485235,0.8811158808349606,snare,rope,False
metabolic_constraint_cognition,analytical,1.082245,0.1658690160891064,0.08399690364558862,0.4784161351372569,0.05694817067886925,0.10620343871533044,snare,snare,True
metamorphosis_samsa,powerless,0.869508,0.00606204133710313,0.0049641647297607155,0.1046132966967485,0.0027353617169573984,0.017312819773862564,snare,snare,True
metamorphosis_samsa,moderate,0.885194,0.008599715197828293,0.006744058688739715,0.1231853169756731,0.0037924564126943167,0.019842563252982504,snare,snare,True
metamorphosis_samsa,institutional,-0.033802,9.850070022713307,19.08135241495202,2.9728827045156208,1.8314900630504576,0.962456845472311,snare,rope,False
metamorphosis_samsa,analytical,1.095945,0.05342528910931598,0.025768261270453646,0.26767239294453227,0.017885406419034813,0.03378537687159444,snare,snare,True
mexican_airline_merger,powerless,0.597787,0.03200463678914902,0.029051135515933666,0.2468761714798375,0.015217623753082145,0.10624353685747223,snare,snare,True
mexican_airline_merger,moderate,0.608571,0.0466386401267342,0.041241545642238156,0.29602249139417613,0.021867363792168935,0.12538285212331213,snare,snare,True
mexican_airline_merger,institutional,-0.023239,6.783787424111803,17.650913499029386,2.6794166339117957,1.5419265059841774,0.8255272370283135,snare,rope,False
mexican_airline_merger,analytical,0.753462,0.37088271971096337,0.21923889176156394,0.7479650954007206,0.13824038991989088,0.25962792530213485,snare,snare,True
micro_robot_electronics_integration,powerless,0.543443,0.023931845721657304,0.026528470775910685,0.2244035714284469,0.012576038843438966,0.09207085731669445,tangled_rope,tangled_rope,True
micro_robot_electronics_integration,moderate,0.553246,0.03649548771538732,0.04118178394298418,0.2783132264949318,0.019333334315832045,0.11615018861193549,tangled_rope,tangled_rope,True
micro_robot_electronics_integration,institutional,-0.021126,3.8104741218415046,14.150408970162538,2.6340283745027673,1.4978665140009677,0.9117205399931162,tangled_rope,rope,False
micro_robot_electronics_integration,analytical,0.684965,0.48235539634299596,0.5608098532521433,1.0181690703650652,0.2536178980709551,0.47686028889510124,tangled_rope,snare,False
microbiome_symbiosis,powerless,0.489098,0.024200686786285355,0.02628073660682124,0.22452630159034395,0.012589784253484735,0.0978366663118356,tangled_rope,tangled_rope,True
microbiome_symbiosis,moderate,0.497921,0.03676872094565335,0.04047056799889605,0.27766152577232256,0.01924304341124433,0.12260884688863175,tangled_rope,tangled_rope,True
microbiome_symbiosis,institutional,-0.019013,3.9179592991918413,10.96605166625794,2.638170839628668,1.5018773692580902,0.9156436676855261,tangled_rope,rope,False
microbiome_symbiosis,analytical,0.616469,0.46640290936837786,0.5088254946566649,0.9859747934257027,0.23815404546815236,0.4693881441269955,tangled_rope,snare,False
microrobot_manipulation,powerless,0.054344,5.041772308276801e-06,5.04349773981414e-06,0.0031757183054739236,2.5212961591816048e-06,0.00030094329264666875,rope,rope,True
microrobot_manipulation,moderate,0.055325,7.553951949671963e-06,7.560040860100285e-06,0.003887647443848525,3.778449471900034e-06,0.0003624378505286026,rope,rope,True
microrobot_manipulation,institutional,-0.002113,0.0016513342317428618,0.001881732263840601,0.059344114059461,0.0008803663737136785,0.00852984815997233,rope,rope,True
microrobot_manipulation,analytical,0.068497,9.29967693583016e-05,9.494749727027331e-05,0.013707808946541606,4.697582263368211e-05,0.0011198035274720183,rope,rope,True
microwave_weapon_1,powerless,0.652131,0.02874300129283235,0.025392905699625924,0.2323351365004351,0.013479734702193562,0.0906707784291968,snare,snare,True
microwave_weapon_1,moderate,0.663895,0.0416124651685377,0.035630615773479486,0.27729631086681356,0.01919253609031246,0.10615163297205787,snare,snare,True
microwave_weapon_1,institutional,-0.025351,7.55343481102209,18.488707546828625,2.721533528312985,1.5830223741414329,0.8046408701276485,snare,rope,False
microwave_weapon_1,analytical,0.821958,0.3113629726520393,0.17191519127846885,0.6720799601831811,0.11186422882923436,0.20694920818052243,snare,snare,True
migration_decision_threshold,powerless,0.326066,0.010251388286859685,0.007137704522482555,0.13017965648091817,0.004235190159424389,0.01692002521591529,tangled_rope,tangled_rope,True
migration_decision_threshold,moderate,0.331948,0.014626087582242715,0.009373652417723028,0.15192233914640427,0.00576732531270153,0.019042974152108316,tangled_rope,tangled_rope,True
migration_decision_threshold,institutional,-0.012676,2.1457872889687497,3.1173282288396247,2.193757041735847,1.0872484155005757,0.8721295109623887,tangled_rope,rope,False
migration_decision_threshold,analytical,0.410979,0.10371447169524811,0.025738525500726896,0.2932244857578733,0.021456673884049177,0.028488996473043704,tangled_rope,tangled_rope,True
mil_std_461g_emi_control,powerless,0.543443,0.00040744632241670163,0.0004370664747096186,0.02893841979715334,0.00020935438254893434,0.0011770981136468614,tangled_rope,tangled_rope,True
mil_std_461g_emi_control,moderate,0.553246,0.0006203283351577285,0.0006842153593880744,0.03589805761219266,0.00032215898584246486,0.0015345866880980797,tangled_rope,tangled_rope,True
mil_std_461g_emi_control,institutional,-0.021126,2.265313058910487,13.386742765628808,2.473445742331251,1.3442120183570954,0.8933063670962744,tangled_rope,rope,False
mil_std_461g_emi_control,analytical,0.684965,0.010379612321998759,0.018779684351301115,0.1624368782280758,0.006592809569936852,0.012622250610533991,tangled_rope,tangled_rope,True
mil_std_810f_tailoring,powerless,0.554311,0.001507790770769085,0.001773196488898674,0.057094435636333755,0.0008148883022325759,0.00570864544497077,tangled_rope,tangled_rope,True
mil_std_810f_tailoring,moderate,0.564311,0.002337210263958578,0.0028542232841004935,0.07170830037418716,0.0012853823780488794,0.007436727228549479,tangled_rope,tangled_rope,True
mil_std_810f_tailoring,institutional,-0.021549,2.0476660734652103,13.753049736794967,2.380890458502973,1.2575070031662015,0.855558384299069,tangled_rope,rope,False
mil_std_810f_tailoring,analytical,0.698665,0.04479926164724048,0.08635941900396087,0.3468964020785029,0.03000893205287668,0.05903662259475791,tangled_rope,tangled_rope,True
milano_cortina_2026,powerless,0.130426,1.946223022151588e-05,2.0543223548701885e-05,0.0063232540362219945,9.995877075242422e-06,0.00024589954370368705,rope,rope,True
milano_cortina_2026,moderate,0.132779,3.0424445466453634e-05,3.253663791348197e-05,0.007931451376071466,1.5726959621100808e-05,0.0003116181286949571,rope,rope,True
milano_cortina_2026,institutional,-0.00507,0.00012950439874065726,0.00011098291977229904,0.0154730406998097,5.9853448585814366e-05,0.0005175758449829093,rope,rope,True
milano_cortina_2026,analytical,0.164392,0.0006353833462457773,0.0008343663847264111,0.038071406574561366,0.0003623470578301913,0.0017814815917821525,rope,rope,True
minimax_decision_rule,powerless,0.054344,1.1269740426686061e-06,1.1365720344547451e-06,0.001504498436630058,5.658788600220851e-07,8.840421801892262e-05,mountain,mountain,True
minimax_decision_rule,moderate,0.055325,1.7075828787322768e-06,1.7254830556084476e-06,0.001852834563083215,8.582489181061759e-07,0.00010903627848146691,mountain,mountain,True
minimax_decision_rule,institutional,-0.002113,9.928628520027016e-05,9.1378041986936e-05,0.013799164174449043,4.7604044131518285e-05,0.0007569273838519222,mountain,mountain,True
minimax_decision_rule,analytical,0.068497,2.3025953825735453e-05,2.3911482583353997e-05,0.006850175265023669,1.1731213821708976e-05,0.00041176681259580405,mountain,mountain,True
minimax_theorem_game_equilibrium,powerless,0.521705,0.024719769643332373,0.02711361758341352,0.22748091399166265,0.01292295064029768,0.09675906894963374,tangled_rope,tangled_rope,True
minimax_theorem_game_equilibrium,moderate,0.531116,0.0376188409599183,0.04190237788818615,0.2816766017855391,0.019802661655148168,0.12162056744896857,tangled_rope,tangled_rope,True
minimax_theorem_game_equilibrium,institutional,-0.020281,3.011876609855337,11.817223521841425,2.346677762027859,1.225849522794356,0.7923157764142884,tangled_rope,rope,False
minimax_theorem_game_equilibrium,analytical,0.657567,0.4844182225003155,0.5419445824532263,1.0109586959327683,0.25011507644786596,0.47819154664471897,tangled_rope,snare,False
minnesota_sovereignty_2026,powerless,0.739082,0.00046164518087573464,0.0004417889691862506,0.030035740583990927,0.0002255321892489213,0.01259905169085207,snare,snare,True
minnesota_sovereignty_2026,moderate,0.752415,0.0004938905118939251,0.00046184117348229206,0.030871138280855186,0.0002382520642013195,0.01247942471604846,snare,snare,True
minnesota_sovereignty_2026,institutional,-0.028731,6.029880558470472,15.947566719741427,2.511736482833688,1.3805038114712356,0.7036655768921651,snare,rope,False
minnesota_sovereignty_2026,analytical,0.931553,0.02398706634657305,0.024454071424992896,0.21967527566493378,0.012052182603166057,0.10382497698010518,snare,snare,True
misunderstanding_as_mismatch,powerless,0.815164,0.00945303600237654,0.007802718234764973,0.13090826489318128,0.004282714110921572,0.027200904601355047,snare,snare,True
misunderstanding_as_mismatch,moderate,0.829869,0.013454774053456018,0.010645679011138172,0.15444629205662463,0.005960451345713309,0.031254895587834564,snare,snare,True
misunderstanding_as_mismatch,institutional,-0.031689,9.569261455095981,19.009844601655402,2.9325911475851094,1.7913786832762066,0.9401045518083818,snare,rope,False
misunderstanding_as_mismatch,analytical,1.027448,0.08650406345477178,0.04188014401521628,0.34095888234519667,0.028992918692595872,0.053991067884173294,snare,snare,True
mit_tfus_2026,powerless,0.56518,0.0007927137918586092,0.0006555173737663207,0.03792071347296507,0.0003594843579747371,0.0025592109452604594,snare,snare,True
mit_tfus_2026,moderate,0.575376,0.0011367479086238429,0.0009020527019758043,0.04491691872798852,0.0005043611972269092,0.0029547107024976427,snare,snare,True
mit_tfus_2026,institutional,-0.021971,9.445153786352117,18.321028322846832,3.1158746201841807,1.9742826753531413,0.9939473279783015,snare,rope,False
mit_tfus_2026,analytical,0.712364,0.008054304223849602,0.00390816558505231,0.10401831740824566,0.002704342913375527,0.005330496094835491,snare,snare,True
mltt_economic_model,powerless,0.521705,0.016907235069453935,0.019155960656080363,0.18962287978225476,0.008982477328225186,0.06738034061849499,tangled_rope,tangled_rope,True
mltt_economic_model,moderate,0.531116,0.02594104924258398,0.030102451460740306,0.2362391602484507,0.013936020679039523,0.08578332764559465,tangled_rope,tangled_rope,True
mltt_economic_model,institutional,-0.020281,2.7924515534099528,12.405417111010642,2.429388945974768,1.3027533932420265,0.8591237258434671,tangled_rope,rope,False
mltt_economic_model,analytical,0.657567,0.38134019718592943,0.506123068013646,0.9342160761388217,0.2142514240443028,0.4136322734220298,tangled_rope,snare,False
model_autonomy_creep,powerless,0.923852,0.011316309849389,0.01104958950638081,0.149543802890531,0.005588232942697868,0.07266518764094321,piton,piton,True
model_autonomy_creep,moderate,0.940518,0.018898983983763218,0.018272840465190884,0.19277844338275033,0.009283690911540944,0.09311612907220579,piton,piton,True
model_autonomy_creep,institutional,-0.035914,3.541281161135706,7.715176077646516,1.8041248595880308,0.7600138187713348,0.4209415136221474,piton,piton,True
model_autonomy_creep,analytical,1.164441,0.5320611630070924,0.33571328341448,0.9121731827073971,0.20443403591528028,0.3598245462862074,piton,piton,True
model_collapse_feedback_loop,powerless,0.967328,0.021267095489962085,0.020805729589964156,0.2051067765522506,0.010507983057579651,0.10108687345077838,piton,piton,True
model_collapse_feedback_loop,moderate,0.984778,0.03480300751415469,0.03366981971546641,0.2616448197895238,0.017090108000382943,0.12817878753654943,piton,piton,True
model_collapse_feedback_loop,institutional,-0.037604,3.841608890844986,7.765087495240222,1.8702670715140828,0.812578043334105,0.4720086753839741,piton,piton,True
model_collapse_feedback_loop,analytical,1.219238,0.8122861401585613,0.46492924569326427,1.0949390362550622,0.29231111658874087,0.42866128432564565,piton,piton,True
model_of_models_regression,powerless,0.902115,0.007987191265020052,0.007854937522291182,0.12586154007969574,0.00395897500432409,0.06169266811533314,piton,piton,True
model_of_models_regression,moderate,0.918388,0.01357618777189544,0.013256390409074809,0.16379665061568746,0.006703587496992571,0.07994241680298897,piton,piton,True
model_of_models_regression,institutional,-0.035069,3.6560849975070497,7.7832668736619315,1.8251412127716087,0.7765715589020039,0.43464030688687105,piton,piton,True
model_of_models_regression,analytical,1.137042,0.44757957779728996,0.30675647686084806,0.8563290394324325,0.18054124752573847,0.3519923278940612,piton,piton,True
moltbook_agent_theater,powerless,0.76082,0.00013421089887578186,0.00011136204063008902,0.015615734233153943,6.096247920573491e-05,0.000689713542022137,piton,piton,True
moltbook_agent_theater,moderate,0.774544,0.00018877400513453175,0.0001479246280643197,0.018245437067647124,8.322341626280297e-05,0.0004418496010222013,piton,piton,True
moltbook_agent_theater,institutional,-0.029576,1.6254360499808111,16.796129378258545,2.1196910863711467,1.0219863654452912,0.753317747007188,piton,rope,False
moltbook_agent_theater,analytical,0.958951,0.006555319056851715,0.004603930914507438,0.10353317746219613,0.0026791813273672593,0.014338040574164657,piton,piton,True
moltbook_breach_2026,powerless,0.782557,2.2783374610886326e-05,2.273449142253933e-05,0.006746446748259511,1.1378625142421144e-05,0.0033507479533505524,piton,piton,True
moltbook_breach_2026,moderate,0.796674,0.00012979651921495375,0.00012962016877517482,0.01610619688716601,6.485204405703883e-05,0.008022390783816502,piton,piton,True
moltbook_breach_2026,institutional,-0.030421,4.062267410511759,10.286125039157378,1.997013922244818,0.9168838958307051,0.4666550972168461,piton,piton,True
moltbook_breach_2026,analytical,0.98635,0.08534408073104602,0.07915640968698284,0.4053618372271577,0.04093911970765756,0.19404170624789485,piton,piton,True
moltbot_religion,powerless,0.652131,0.02874300129283235,0.025392905699625924,0.2323351365004351,0.013479734702193562,0.0906707784291968,snare,snare,True
moltbot_religion,moderate,0.663895,0.0416124651685377,0.035630615773479486,0.27729631086681356,0.01919253609031246,0.10615163297205787,snare,snare,True
moltbot_religion,institutional,-0.025351,7.55343481102209,18.488707546828625,2.721533528312985,1.5830223741414329,0.8046408701276485,snare,rope,False
moltbot_religion,analytical,0.821958,0.3113629726520393,0.17191519127846885,0.6720799601831811,0.11186422882923436,0.20694920818052243,snare,snare,True
mom_z14_2026,powerless,0.054344,3.803640990362382e-06,3.7893114536374306e-06,0.0027555216290420983,1.8982245619965507e-06,0.00036685107454843824,rope,rope,True
mom_z14_2026,moderate,0.055325,5.578053927124274e-06,5.553697797626097e-06,0.0033364106589844934,2.7829083758840873e-06,0.00044169214639024415,rope,rope,True
mom_z14_2026,institutional,-0.002113,0.002014917471069756,0.0022939515661755568,0.06553826475064117,0.0010737199499971266,0.010460983307343456,rope,rope,True
mom_z14_2026,analytical,0.068497,4.9126911034370804e-05,4.909004156241053e-05,0.009909748465495008,2.4550728434232943e-05,0.0011769643258944598,rope,rope,True
monetary_regime_transition,powerless,0.597787,0.0006641232829318359,0.000775672849352804,0.037799686669830065,0.00035719344531466807,0.002341494162630485,tangled_rope,tangled_rope,True
monetary_regime_transition,moderate,0.608571,0.0010273569924484347,0.001247383836073566,0.047427838011072726,0.0005623236019725659,0.0030598999568602703,tangled_rope,tangled_rope,True
monetary_regime_transition,institutional,-0.023239,2.2684611695401316,16.765346192619862,2.474230524426824,1.344953463867565,0.8910014719649686,tangled_rope,rope,False
monetary_regime_transition,analytical,0.753462,0.019703145769725035,0.039250500959806096,0.23115158526824778,0.01334290130747544,0.02563969703846886,tangled_rope,tangled_rope,True
monopoly_fp_house_rule,powerless,0.521705,0.03331817196297548,0.034602466126356944,0.2605780051988332,0.0169512245954915,0.1269132283504255,tangled_rope,tangled_rope,True
monopoly_fp_house_rule,moderate,0.531116,0.050045642848397444,0.05208350794240978,0.31952301007631256,0.025469496223588135,0.15633443570240113,tangled_rope,tangled_rope,True
monopoly_fp_house_rule,institutional,-0.020281,3.9765346680789064,12.255137516784982,2.4409906380054345,1.3136388991534742,0.8164888562053494,tangled_rope,rope,False
monopoly_fp_house_rule,analytical,0.657567,0.542037345735828,0.4830132739154938,1.010315229168818,0.24980358310564404,0.47773415535451064,tangled_rope,snare,False
monty_hall_conditional_probability,powerless,0.02271,3.6997046640148644e-07,3.715387383753982e-07,0.0008611078424804886,1.8537667635302543e-07,5.789619280609226e-05,mountain,mountain,True
monty_hall_conditional_probability,moderate,0.02,0.0,0.0,2.9802322387695312e-08,0.0,0.0,mountain,mountain,True
monty_hall_conditional_probability,institutional,-0.002388,1.9696357724531223e-05,1.9087162260646616e-05,0.006227064879193615,9.694076421013998e-06,0.000407716043649615,mountain,mountain,True
monty_hall_conditional_probability,analytical,0.0276,3.0494215440657117e-06,3.086528225045205e-06,0.0024770509592139567,1.533945167449772e-06,0.0001675357516825477,mountain,mountain,True
moores_law,powerless,0.326066,0.00859535738062411,0.005996760159804074,0.11922597846531258,0.003552656206243143,0.012587957142151551,tangled_rope,tangled_rope,True
moores_law,moderate,0.331948,0.012265755602697163,0.00789343028188178,0.13919821240814054,0.0048420805100489565,0.013987735289649361,tangled_rope,tangled_rope,True
moores_law,institutional,-0.012676,2.0222855850543615,3.2024779794682883,2.1709830574213234,1.0670440299633166,0.8599985665060604,tangled_rope,rope,False
moores_law,analytical,0.410979,0.08838500037944444,0.026456365122520944,0.2790403158119563,0.019434318254869826,0.015863089712662003,tangled_rope,tangled_rope,True
moral_outsourcing,powerless,0.912984,0.009810329281591312,0.009690065750607685,0.13964143449771507,0.004872952464976748,0.06916065245739844,piton,piton,True
moral_outsourcing,moderate,0.929453,0.016557642312509474,0.016253486736202236,0.18113188624192403,0.008196585259164033,0.0893991285148098,piton,piton,True
moral_outsourcing,institutional,-0.035492,3.8098056960004922,6.669888908751143,1.8107116388569182,0.7651885690233146,0.46953691893655264,piton,piton,True
moral_outsourcing,analytical,1.150742,0.5217466847641037,0.35744638994763267,0.9242709667657352,0.20979517737543715,0.38629024014769375,piton,piton,True
mrna_melanoma_therapy,powerless,0.597787,0.029346012217353147,0.02632615477584283,0.23568708569471855,0.013871037064707773,0.09686596063853392,snare,snare,True
mrna_melanoma_therapy,moderate,0.608571,0.04266785194662782,0.03721128094308673,0.28212954841888827,0.019866293989186032,0.11395687532937648,snare,snare,True
mrna_melanoma_therapy,institutional,-0.023239,7.137176805152684,18.017843845166492,2.739943105546898,1.601044806833022,0.8403508052544587,snare,rope,False
mrna_melanoma_therapy,analytical,0.753462,0.3331999099586351,0.19161825486313885,0.7034401036903123,0.12243695694349706,0.23088253844535667,snare,snare,True
msgs_asset_bundling,powerless,0.521705,0.03009085702735852,0.03205237121576255,0.2491864001423746,0.015503394393808989,0.1160269079276352,tangled_rope,tangled_rope,True
msgs_asset_bundling,moderate,0.531116,0.04546791449132861,0.048826096887877084,0.3069165368201922,0.02350326172824352,0.14423785510977316,tangled_rope,tangled_rope,True
msgs_asset_bundling,institutional,-0.020281,3.5366474553646463,11.983517968973365,2.4007618883255772,1.275994653312855,0.7987680008304695,tangled_rope,rope,False
msgs_asset_bundling,analytical,0.657567,0.5303052409188627,0.5213201807506843,1.0245151937275063,0.2567196458322423,0.48996406043744123,tangled_rope,snare,False
multi_agent_reward_hacking,powerless,0.967328,0.021063055338773368,0.0205145341689362,0.2038922004134741,0.010384009248296907,0.09991265057338528,piton,piton,True
multi_agent_reward_hacking,moderate,0.984778,0.03442768499398907,0.033119095237387416,0.2598600411976946,0.016858073986893974,0.1264620115831775,piton,piton,True
multi_agent_reward_hacking,institutional,-0.037604,3.6113376925534695,6.005199845172762,1.7550598478479198,0.7218940355762843,0.4552844708843085,piton,piton,True
multi_agent_reward_hacking,analytical,1.219238,0.7907618216286182,0.44463244574867744,1.0748812883991197,0.28195654452845376,0.41463804897658163,piton,piton,True
multi_planetary_latency_lock,powerless,0.815164,0.00363594115744305,0.0029655932994845217,0.08093398946359785,0.0016373542031045004,0.010406258239426647,snare,snare,True
multi_planetary_latency_lock,moderate,0.829869,0.005164772142175904,0.004030980414299556,0.09534355060349292,0.002272167801155905,0.011925604472312945,snare,snare,True
multi_planetary_latency_lock,institutional,-0.031689,9.687761709544173,21.046071505803397,3.041962007658302,1.9004105556332171,0.9775299965831439,snare,rope,False
multi_planetary_latency_lock,analytical,1.027448,0.03276585261871702,0.015505116675875156,0.20843469837374407,0.010851428856668155,0.020300023097324482,snare,snare,True
mutual_defection_equilibrium,powerless,0.891246,0.005051206994315063,0.004128545058030606,0.09544613438407946,0.002277058927870681,0.014422417782476216,snare,snare,True
mutual_defection_equilibrium,moderate,0.907324,0.007157228575918248,0.005601359812944686,0.11231912191028243,0.0031530674519979498,0.016517557066247135,snare,snare,True
mutual_defection_equilibrium,institutional,-0.034647,9.862023253614613,18.866047386138032,2.980974126283426,1.8395540706404627,0.9688137827646457,snare,rope,False
mutual_defection_equilibrium,analytical,1.123343,0.043883850877211104,0.021211709089809183,0.24275758029075814,0.014714731601790453,0.02801331356238479,snare,snare,True
mvt_theorem_constraint,powerless,0.108689,5.998645222364771e-05,6.130413220731689e-05,0.011012711571163458,3.0319877429355124e-05,0.0017651743204388781,mountain,mountain,True
mvt_theorem_constraint,moderate,0.110649,9.144057689039451e-05,9.391973225058999e-05,0.013613793019435367,4.6333661192354785e-05,0.002190381162294197,mountain,mountain,True
mvt_theorem_constraint,institutional,-0.004225,0.0036901990604891414,0.003048384546851106,0.08180824137060909,0.0016729138169498583,0.011282093257654724,mountain,mountain,True
mvt_theorem_constraint,analytical,0.136993,0.0013481101127396488,0.0014877277129241643,0.05320374889389265,0.0007076179932184748,0.009049681004108856,mountain,mountain,True
naming_as_control,powerless,0.836902,0.0005315086672532998,0.0004307660752287251,0.03089221772204222,0.00023857753552537891,0.0015118360256091501,snare,snare,True
naming_as_control,moderate,0.851999,0.0007537894496601687,0.0005841608056162575,0.036355394096813855,0.0003304195714915442,0.001729562113212795,snare,snare,True
naming_as_control,institutional,-0.032534,8.699767911006449,21.978656242961705,3.091128025786441,1.9495407269091305,0.9965682278271951,snare,rope,False
naming_as_control,analytical,1.054847,0.004786256303468912,0.0023450673417651866,0.08011612729574426,0.0016044338999697918,0.0029156435912432127,snare,snare,True
narcissistic_ego_maintenance,powerless,0.815164,0.0006249738198453089,0.0006050961282554907,0.035054773477417325,0.00030720142117313337,0.015172290357091,piton,piton,True
narcissistic_ego_maintenance,moderate,0.829869,0.001276885492072985,0.0012342911563542856,0.05008466023007945,0.0006270855251626831,0.021931686379032977,piton,piton,True
narcissistic_ego_maintenance,institutional,-0.031689,3.0152612331562874,11.897238759782523,1.9241370059209684,0.8563514797284696,0.53948211006211,piton,rope,False
narcissistic_ego_maintenance,analytical,1.027448,0.11864007277335875,0.09338239491967235,0.4578305567693061,0.05217377142725449,0.1804480927399581,piton,piton,True
narrative_capacity_exhaustion,powerless,0.956459,0.018288638534857113,0.017829776289286545,0.1900366461892659,0.009021690977486297,0.09303023219217976,piton,piton,True
narrative_capacity_exhaustion,moderate,0.973713,0.030029959776152526,0.028939729871490252,0.24280478553338933,0.014720447811239304,0.11808184543577693,piton,piton,True
narrative_capacity_exhaustion,institutional,-0.037182,3.597389383120762,6.241327572962429,1.759117868412645,0.7250179424649705,0.4487818589308444,piton,piton,True
narrative_capacity_exhaustion,analytical,1.205539,0.7229673315815526,0.4195388634533094,1.0375113859630185,0.2631264417222795,0.403191275860306,piton,piton,True
narrative_engineering_2026,powerless,0.163033,0.0005955937353824942,0.0006377151483961336,0.035100883630714196,0.0003080101017378285,0.006520680047250038,rope,rope,True
narrative_engineering_2026,moderate,0.165974,0.0009369515786639433,0.001019751995978464,0.044200639859552866,0.0004884042614771236,0.008303355521568023,rope,rope,True
narrative_engineering_2026,institutional,-0.006338,0.005406008367025173,0.003857406800559165,0.0948411717875819,0.0022482906059697215,0.007615128245493725,rope,rope,True
narrative_engineering_2026,analytical,0.20549,0.021358909492399353,0.02982382632627349,0.22360232534733798,0.012486485607033911,0.050645793024141406,rope,rope,True
narrative_overfitting,powerless,0.94559,0.016217550615032245,0.016076478854875523,0.17970388012257713,0.008067940984159546,0.08949295146543912,snare,piton,False
narrative_overfitting,moderate,0.962648,0.026884482471900548,0.02647822829659688,0.23099805692414502,0.013325202478197136,0.11468526862785289,snare,piton,False
narrative_overfitting,institutional,-0.036759,4.058760106351756,7.032209329287015,1.880396055738723,0.82074381108429,0.508539248352695,snare,piton,False
narrative_overfitting,analytical,1.19184,0.7257713471674183,0.46615335140956166,1.069957485663088,0.2794410662854957,0.44303133063255284,snare,piton,False
nasa_faster_better_cheaper,powerless,0.869508,0.00447859907174045,0.0036558562768134756,0.08984338603940845,0.002017619180204908,0.012772338406464745,snare,snare,True
nasa_faster_better_cheaper,moderate,0.885194,0.006350057177248032,0.00496175292960467,0.10575153697410239,0.0027951955571456784,0.014628436868582062,snare,snare,True
nasa_faster_better_cheaper,institutional,-0.033802,9.599489834510873,19.06754913668142,2.9891095803041834,1.8476646086732933,0.9724324553054429,snare,rope,False
nasa_faster_better_cheaper,analytical,1.095945,0.03931279045181509,0.01884751101226272,0.2292058963884384,0.013119467223115546,0.02481222158725971,snare,snare,True
nash_equilibrium_coordination,powerless,0.56518,0.0017252734861455364,0.0020373003656353043,0.06113972873914667,0.0009344438330673099,0.006523754852557708,tangled_rope,tangled_rope,True
nash_equilibrium_coordination,moderate,0.575376,0.0026760097025375906,0.0032829635558047103,0.07682388743169272,0.0014752960094836327,0.008501262479730964,tangled_rope,tangled_rope,True
nash_equilibrium_coordination,institutional,-0.021971,2.1275864346523186,14.497052079658479,2.4092502496251234,1.2839138059770914,0.8639314346634497,tangled_rope,rope,False
nash_equilibrium_coordination,analytical,0.712364,0.05142316907057209,0.09933497019763968,0.3719535756046396,0.034487789976418284,0.06739388955084873,tangled_rope,tangled_rope,True
nato_arctic_defense_cooperation,powerless,0.434754,0.0013799720809606673,0.0015200309289599063,0.05362326388309654,0.0007188205446602964,0.0054387888075451436,tangled_rope,tangled_rope,True
nato_arctic_defense_cooperation,moderate,0.442597,0.0021139200238191676,0.002402343398555167,0.06681471735585964,0.0011159478200964133,0.007028067905126695,tangled_rope,tangled_rope,True
nato_arctic_defense_cooperation,institutional,-0.016901,1.9318854866585764,7.608219893929071,2.3215525366454526,1.2027445521065314,0.8384307119288796,tangled_rope,rope,False
nato_arctic_defense_cooperation,analytical,0.547972,0.036699007810967826,0.06386964111349468,0.30584666796109894,0.023340007939277933,0.05059670877351624,tangled_rope,tangled_rope,True
ncaa_eligibility_rules,powerless,0.597787,0.03200463678914902,0.029051135515933666,0.2468761714798375,0.015217623753082145,0.10624353685747223,snare,snare,True
ncaa_eligibility_rules,moderate,0.608571,0.0466386401267342,0.041241545642238156,0.29602249139417613,0.021867363792168935,0.12538285212331213,snare,snare,True
ncaa_eligibility_rules,institutional,-0.023239,6.783787424111803,17.650913499029386,2.6794166339117957,1.5419265059841774,0.8255272370283135,snare,rope,False
ncaa_eligibility_rules,analytical,0.753462,0.37088271971096337,0.21923889176156394,0.7479650954007206,0.13824038991989088,0.25962792530213485,snare,snare,True
nds_2022_pacing_challenge,powerless,0.521705,0.034544242764829466,0.03321598314413013,0.2602675506686494,0.0169109140166911,0.1266057732853516,snare,snare,True
nds_2022_pacing_challenge,moderate,0.531116,0.05101732680874364,0.04835164769358131,0.3151376700746198,0.024776611394432446,0.1520995545670898,snare,snare,True
nds_2022_pacing_challenge,institutional,-0.020281,5.404044532760501,12.795722670595275,2.5939739313213246,1.4591983121882368,0.831229502980362,snare,rope,False
nds_2022_pacing_challenge,analytical,0.657567,0.46250811982898815,0.3227597961409234,0.8747577113046171,0.1882699944744347,0.36594943697572835,snare,snare,True
necessary_day_job,powerless,0.706475,0.02152296921169997,0.0184343411274588,0.1994431022456068,0.009936149585553672,0.06502790900900546,snare,snare,True
necessary_day_job,moderate,0.71922,0.030938218667957276,0.02554590380796835,0.23684573661550237,0.014007594073140794,0.07548407614530617,snare,snare,True
necessary_day_job,institutional,-0.027464,8.507996301836625,18.873458968178813,2.8145962821009793,1.6744585416635647,0.8441701657536153,snare,rope,False
necessary_day_job,analytical,0.890455,0.2174633083084424,0.11219908958800141,0.5507532613080777,0.07535428706026205,0.13889319604097639,snare,snare,True
negative_emissions_arbitrage,powerless,0.891246,0.03579444573185934,0.03170074896824834,0.2594376993848126,0.016803397591740377,0.10604246483296564,snare,snare,True
negative_emissions_arbitrage,moderate,0.907324,0.05143185954255803,0.04415857020905532,0.3084997630767032,0.023745887680097694,0.12375349124571333,snare,snare,True
negative_emissions_arbitrage,institutional,-0.034647,9.141047064732323,18.15962956147594,2.6912743474856367,1.5534769984744587,0.7735776934114896,snare,rope,False
negative_emissions_arbitrage,analytical,1.123343,0.34723484535796223,0.19720489064455626,0.7154985441328064,0.12662534811061538,0.23429490620755455,snare,snare,True
nero_imperial_expropriation,powerless,0.815164,0.0007044913302836929,0.0005713697911025953,0.035572549110879835,0.00031634322279033394,0.002010737951640513,snare,snare,True
nero_imperial_expropriation,moderate,0.829869,0.0009998694911811437,0.0007753791338092936,0.041878915565245776,0.00043844487180136875,0.0023014456415068004,snare,snare,True
nero_imperial_expropriation,institutional,-0.031689,8.679466457707813,21.879975042434214,3.0859714424524185,1.944385958435563,0.9954980913236762,snare,rope,False
nero_imperial_expropriation,analytical,1.027448,0.0063552667855501215,0.00302844355374303,0.09181839043083165,0.002107284047479382,0.0038909071245724113,snare,snare,True
net_zero_stabilization,powerless,0.923852,0.04052611715633396,0.04401836334247842,0.2905771353349824,0.021071662338317834,0.13326500608437686,tangled_rope,tangled_rope,True
net_zero_stabilization,moderate,0.940518,0.06065339548508162,0.06652775009539597,0.35633375969051295,0.03165955539073389,0.1653210581196623,tangled_rope,tangled_rope,True
net_zero_stabilization,institutional,-0.035914,4.654091530655295,18.928257111004665,2.4819888900030973,1.3522888123518002,0.8073793336257997,tangled_rope,rope,False
net_zero_stabilization,analytical,1.164441,0.5894322533113072,0.5912750763596961,1.0854589609476228,0.28739567206791156,0.5164709074281646,tangled_rope,snare,False
network_effects,powerless,0.597787,0.03578597776086003,0.03801671788211795,0.2715695427802166,0.018409193082691053,0.12837627635186227,tangled_rope,tangled_rope,True
network_effects,moderate,0.608571,0.053933336601569966,0.05766212617975211,0.33391145158133745,0.027809526851769278,0.15916491825083223,tangled_rope,tangled_rope,True
network_effects,institutional,-0.023239,3.9368869964910678,16.422656607150053,2.429311782094217,1.3026810709165304,0.8000458525704046,tangled_rope,rope,False
network_effects,analytical,0.753462,0.5983993390105635,0.562729547547223,1.0760240139924335,0.2825418308732803,0.5107743757166316,tangled_rope,snare,False
neural_interoperability,powerless,0.923852,0.04852615397908068,0.046287934073784336,0.3078524503235011,0.023646538752619895,0.14945282337018273,snare,snare,True
neural_interoperability,moderate,0.940518,0.07061532333032225,0.0661724872811063,0.36969644057088197,0.03407168267902842,0.1778087658225419,snare,snare,True
neural_interoperability,institutional,-0.035914,7.583156986461706,18.333885663393122,2.571685955202476,1.4377746360010841,0.7813682798938476,snare,rope,False
neural_interoperability,analytical,1.164441,0.5218270104598682,0.35475973039665787,0.9223846310098605,0.20895493096340803,0.38344102449409423,snare,snare,True
neural_substrate_2026,powerless,0.56518,0.025770609210799236,0.023003936785869795,0.220581104881013,0.012151680702644184,0.08726258671552856,snare,snare,True
neural_substrate_2026,moderate,0.575376,0.03746333979371585,0.032491295299063166,0.26398371928385245,0.017396572288041562,0.10257726274054813,snare,snare,True
neural_substrate_2026,institutional,-0.021971,7.2750952816766,16.584279902700345,2.811403419274231,1.671308675287439,0.8855468233599627,snare,rope,False
neural_substrate_2026,analytical,0.712364,0.29382428819682793,0.16797177267470031,0.6595029568790162,0.10775430801709848,0.20761827985899883,snare,snare,True
neurodiversity_spectrum,powerless,0.782557,0.048502952883979544,0.04663852616341887,0.30840350337742956,0.023731100731860674,0.15090037554545743,snare,snare,True
neurodiversity_spectrum,moderate,0.796674,0.07110748332615831,0.06725933679966606,0.3718633281612942,0.034471104632645376,0.18043910676042885,snare,snare,True
neurodiversity_spectrum,institutional,-0.030421,6.5995232712917655,17.97588269445174,2.531875705280585,1.399683643587998,0.7799060646623747,snare,rope,False
neurodiversity_spectrum,analytical,0.98635,0.5757356208048279,0.3888833357910222,0.9669620645343215,0.22923583259537325,0.40417103492291606,snare,snare,True
neuroplasticity_plateau,powerless,0.815164,0.02069089905739215,0.017528949499610334,0.1949946770005471,0.009498203489965223,0.06024754920137054,snare,snare,True
neuroplasticity_plateau,moderate,0.829869,0.029582009716142218,0.024117602011181655,0.23082528244789585,0.013305298944855245,0.06964098930050477,snare,snare,True
neuroplasticity_plateau,institutional,-0.031689,9.665605224708843,19.6142960027669,2.8543379675194744,1.713731916323509,0.8607264588553929,snare,rope,False
neuroplasticity_plateau,analytical,1.027448,0.19607738813316375,0.09991605483587689,0.5210822013571457,0.06749853958881166,0.12447800829718884,snare,snare,True
new_start_expiration,powerless,0.652131,0.02874300129283235,0.025392905699625924,0.2323351365004351,0.013479734702193562,0.0906707784291968,snare,snare,True
new_start_expiration,moderate,0.663895,0.0416124651685377,0.035630615773479486,0.27729631086681356,0.01919253609031246,0.10615163297205787,snare,snare,True
new_start_expiration,institutional,-0.025351,7.55343481102209,18.488707546828625,2.721533528312985,1.5830223741414329,0.8046408701276485,snare,rope,False
new_start_expiration,analytical,0.821958,0.3113629726520393,0.17191519127846885,0.6720799601831811,0.11186422882923436,0.20694920818052243,snare,snare,True
news_paywall_inequality,powerless,0.521705,0.009533664611522278,0.011055400395435072,0.14318085326349,0.005123000595560922,0.03829880908004174,tangled_rope,tangled_rope,True
news_paywall_inequality,moderate,0.531116,0.014718954957451371,0.01760115649061376,0.1792173480997879,0.008024342876703406,0.04927667508724938,tangled_rope,tangled_rope,True
news_paywall_inequality,institutional,-0.020281,2.1544878716799936,11.687730186767054,2.298907512310712,1.1820280567987498,0.7938412893592629,tangled_rope,rope,False
news_paywall_inequality,analytical,0.657567,0.24542321823768828,0.3840090317670695,0.7778158206495086,0.14935258386662878,0.29304352951044765,tangled_rope,tangled_rope,True
newtons_method_convergence,powerless,0.086951,9.885811603661355e-06,1.0046875515558676e-05,0.004464494439143184,4.982925580176344e-06,0.00040438324414193705,mountain,mountain,True
newtons_method_convergence,moderate,0.088519,1.5032257767646984e-05,1.5334231888140884e-05,0.005510375342265459,7.5910543009454004e-06,0.0005005321043430877,mountain,mountain,True
newtons_method_convergence,institutional,-0.00338,0.0006944525280686122,0.0005994443343423077,0.0358978478352048,0.0003221552207630056,0.0028888008633918385,mountain,mountain,True
newtons_method_convergence,analytical,0.109594,0.0002140540742046409,0.00023025076401309374,0.0210680187628651,0.00011096432754282697,0.001993974016086586,mountain,mountain,True
nfl_superbowl_halftime_exclusivity,powerless,0.521705,0.011825454135758872,0.013628053429961333,0.15923404076953804,0.006335522203041227,0.04748307307135893,tangled_rope,tangled_rope,True
nfl_superbowl_halftime_exclusivity,moderate,0.531116,0.018225627826875743,0.02161615463528565,0.19904862281991612,0.009896915362297637,0.06089930583702108,tangled_rope,tangled_rope,True
nfl_superbowl_halftime_exclusivity,institutional,-0.020281,2.310438774042444,11.935769868455726,2.3273200923468704,1.2080373591456295,0.81644155656559,tangled_rope,rope,False
nfl_superbowl_halftime_exclusivity,analytical,0.657567,0.29217073566911955,0.433904598389201,0.8389590446119869,0.17339790630699267,0.3382743686472527,tangled_rope,tangled_rope,True
nfl_superbowl_marketing_regulation,powerless,0.597787,0.0356851614322242,0.03303454278948256,0.26199615861362674,0.017135970594368864,0.11957032406074841,snare,snare,True
nfl_superbowl_marketing_regulation,moderate,0.608571,0.05220262184909676,0.04724593716215123,0.3150561957462394,0.024763828275224106,0.14187781233722596,snare,snare,True
nfl_superbowl_marketing_regulation,institutional,-0.023239,6.399378660219657,17.20284245872875,2.6265978288913376,1.4906774524974873,0.8071763472435554,snare,rope,False
nfl_superbowl_marketing_regulation,analytical,0.753462,0.4285839432466854,0.26568728045201373,0.8148559395828161,0.16371395322370733,0.3054354654208995,snare,snare,True
nine_day_buffer,powerless,0.56518,0.005702685024533201,0.005313880981349654,0.1048985459176748,0.0027502956588065096,0.038590472747263904,snare,snare,True
nine_day_buffer,moderate,0.575376,0.008075886199756847,0.007411331179484025,0.12433922591785321,0.0038638160446045934,0.04531332241088126,snare,snare,True
nine_day_buffer,institutional,-0.021971,6.676359049085743,17.094082594025227,2.7898142019103234,1.6500325741478998,0.8620395781356462,snare,rope,False
nine_day_buffer,analytical,0.712364,0.04108284309326854,0.03193891802239683,0.2677216981837503,0.017891986164835377,0.08954366299944483,snare,snare,True
no_cloning_theorem,powerless,0.056775,2.8519016531048277e-06,2.8901720781876763e-06,0.002396222532617069,1.435470434842312e-06,0.0001425669728486456,mountain,mountain,True
no_cloning_theorem,moderate,0.049999,5.869634930108096e-14,5.868917653147412e-14,3.4498682328433513e-07,2.933784350341166e-14,2.017760558636894e-08,mountain,mountain,True
no_cloning_theorem,institutional,-0.005969,0.00011253302698555313,0.00010304908266927908,0.014672047270419548,5.381700141876007e-05,0.0008107047279635759,mountain,mountain,True
no_cloning_theorem,analytical,0.069001,2.485658166963983e-05,2.5840834900787408e-05,0.007119205254158594,1.2670757483602041e-05,0.0004319148527800465,mountain,mountain,True
noether_isomorphism_access,powerless,0.521705,0.000517346252764459,0.0005728899052566106,0.032898181848079466,0.0002705664914884381,0.0016991673914878136,tangled_rope,tangled_rope,True
noether_isomorphism_access,moderate,0.531116,0.0007927607650514385,0.0009056782463611407,0.04099298592316631,0.0004200915164937301,0.002212009124777941,tangled_rope,tangled_rope,True
noether_isomorphism_access,institutional,-0.020281,2.079953023578191,12.028249649523701,2.4052050930544024,1.2801382900805924,0.8705446649669499,tangled_rope,rope,False
noether_isomorphism_access,analytical,0.657567,0.013960233147895889,0.025738945572205966,0.19025359481478238,0.009042285780642539,0.01782662845816112,tangled_rope,tangled_rope,True
noether_theorem,powerless,0.163033,0.00012403717188254888,0.000129427305283664,0.015917796819623943,6.334372952593355e-05,0.0019487614198681058,mountain,mountain,True
noether_theorem,moderate,0.165974,0.00019043093358328295,0.0002006875358149184,0.019771473072842407,9.772699097685768e-05,0.002438572283551821,mountain,mountain,True
noether_theorem,institutional,-0.006338,0.005586834160903292,0.003987079587468215,0.09680676050520076,0.0023424298288887866,0.00921987550214709,mountain,mountain,True
noether_theorem,analytical,0.20549,0.003116306067806455,0.00379882782096914,0.08283473314507483,0.0017151530518940289,0.011434581841825664,mountain,mountain,True
noethers_theorem_symmetry,powerless,0.054344,2.1881261296480527e-06,2.2066382562122635e-06,0.002096355381899546,1.098676371099924e-06,0.0001716378861396084,mountain,mountain,True
noethers_theorem_symmetry,moderate,0.055325,3.3153904895276462e-06,3.349914115559424e-06,0.0025816991410107385,1.666292382372447e-06,0.00021169120730168967,mountain,mountain,True
noethers_theorem_symmetry,institutional,-0.002113,0.00019288258822049173,0.0001776048436334022,0.019235701643349597,9.250234136196019e-05,0.0014707674965513682,mountain,mountain,True
noethers_theorem_symmetry,analytical,0.068497,4.4698216599302335e-05,4.6405152418468147e-05,0.009543551310133637,2.2769799696897347e-05,0.0007992085623907963,mountain,mountain,True
non_compete_agreements,powerless,0.869508,0.00606204133710313,0.0049641647297607155,0.1046132966967485,0.0027353617169573984,0.017312819773862564,snare,snare,True
non_compete_agreements,moderate,0.885194,0.008599715197828293,0.006744058688739715,0.1231853169756731,0.0037924564126943167,0.019842563252982504,snare,snare,True
non_compete_agreements,institutional,-0.033802,9.850070022713307,19.08135241495202,2.9728827045156208,1.8314900630504576,0.962456845472311,snare,rope,False
non_compete_agreements,analytical,1.095945,0.05342528910931598,0.025768261270453646,0.26767239294453227,0.017885406419034813,0.03378537687159444,snare,snare,True
noncentrosymmetric_asoc_coupling,powerless,0.09084,1.4772242323679538e-05,1.5155698597214546e-05,0.005470306747888441,7.481059315184213e-06,0.0003853804728776167,mountain,mountain,True
noncentrosymmetric_asoc_coupling,moderate,0.079998,4.622689105893073e-13,4.621659560772523e-13,9.610960183499607e-07,2.3111253312765623e-13,6.643385574989225e-08,mountain,mountain,True
noncentrosymmetric_asoc_coupling,institutional,-0.00955,0.00045493519842339957,0.0003894707471221327,0.028992972766784475,0.00021014443730380073,0.0017948062400239234,mountain,mountain,True
noncentrosymmetric_asoc_coupling,analytical,0.110402,0.00013534968071163666,0.00014596743364289304,0.01676354442632761,7.025369413119184e-05,0.001227805748557742,mountain,mountain,True
nonstandard_arithmetic_models,powerless,0.271721,0.002585639033663228,0.0029424500107184497,0.07419111142009716,0.0013759224609366674,0.01579524111348618,mountain,mountain,True
nonstandard_arithmetic_models,moderate,0.276623,0.004076700632523392,0.004796654755951867,0.09387583062433584,0.0022027634278263693,0.020285816666258172,mountain,mountain,True
nonstandard_arithmetic_models,institutional,-0.010563,0.05983764207859115,0.029676892430837914,0.2854040461209591,0.02032933357643159,0.03984594388188345,mountain,mountain,True
nonstandard_arithmetic_models,analytical,0.342483,0.12410795681266859,0.29061943259121775,0.5890541667083965,0.08612093792772241,0.16541363231707873,mountain,mountain,True
norm_erosion_threshold,powerless,0.923852,0.010975924029982473,0.011250214414081514,0.14907236758999007,0.00555307107384975,0.0720314043181588,snare,snare,True
norm_erosion_threshold,moderate,0.940518,0.01859109153540242,0.019144985977682355,0.19423642058602714,0.009424535632583313,0.094338269234155,snare,snare,True
norm_erosion_threshold,institutional,-0.035914,5.7176835442538065,14.643828181138815,2.420843987005565,1.2947509081505828,0.6598982433427527,snare,rope,False
norm_erosion_threshold,analytical,1.164441,0.6736939761269766,0.5610526747969105,1.106251028500445,0.29822661149448015,0.5118476860289828,snare,piton,False
north_korea_songun_mandatrophy,powerless,1.032541,0.0006790200246398004,0.0005543027201514717,0.03498334383284917,0.000305950785623285,0.002006873091349282,snare,snare,True
north_korea_songun_mandatrophy,moderate,1.051168,0.0009553037987350067,0.0007476474201191642,0.041035030276564015,0.0004209536597889167,0.0022923131031115096,snare,snare,True
north_korea_songun_mandatrophy,institutional,-0.040139,10.551985295950917,21.72399648183797,3.099701328278071,1.9581117377202673,0.995593857168162,snare,rope,False
north_korea_songun_mandatrophy,analytical,1.301434,0.005341735454235825,0.0027192253541783113,0.0860200116043616,0.0018495754513338709,0.0038419530468846433,snare,snare,True
north_sea_wind_grid,powerless,0.489098,0.03299960875865153,0.033019937247918574,0.2569369228346663,0.01648145916101556,0.12805503465753726,tangled_rope,snare,False
north_sea_wind_grid,moderate,0.497921,0.049191698375964286,0.04894137597740006,0.31325108342865227,0.024481451520131398,0.15588575406917032,tangled_rope,snare,False
north_sea_wind_grid,institutional,-0.019013,4.594284510879362,10.8489407554106,2.540616699306459,1.408027292345506,0.8347369991577736,tangled_rope,rope,False
north_sea_wind_grid,analytical,0.616469,0.49278732940590614,0.3923511447493148,0.9354889984038471,0.21482499024434726,0.42608074816322833,tangled_rope,snare,False
notary_ink_dependency,powerless,0.38041,0.004239750797239372,0.004610065728655948,0.09395919002511133,0.0022066764430329192,0.02602010231571375,piton,piton,True
notary_ink_dependency,moderate,0.387272,0.006376822303304393,0.0070635652215683895,0.11573580696980584,0.0033477598786074408,0.03259316708441708,piton,piton,True
notary_ink_dependency,institutional,-0.014788,0.6997082236313165,2.1182010562973104,1.2068228860998844,0.3531908591913568,0.2825754472210561,piton,piton,True
notary_ink_dependency,analytical,0.479476,0.07471848623129439,0.10015208739162934,0.41414947521322265,0.04272694164111203,0.1402549893795242,piton,piton,True
nsl_hk,powerless,0.923852,0.001565653233187284,0.0012718320458799447,0.053052713797386616,0.0007036063512879838,0.004472652206779171,snare,snare,True
nsl_hk,moderate,0.940518,0.002213116316056844,0.0017203145180118464,0.062345001774774825,0.000971646126697036,0.005113020358406328,snare,snare,True
nsl_hk,institutional,-0.035914,10.27086580073298,21.579461056772814,3.081411955574506,1.9398283831328271,0.9903993872364389,snare,rope,False
nsl_hk,analytical,1.164441,0.013243924758304843,0.006390902289437048,0.13330409763224108,0.004440851207640137,0.00858876705975431,snare,snare,True
nsw_transmission_bottleneck,powerless,0.630393,0.0008272751118491734,0.000680028975688814,0.03868185675392581,0.0003740598498367769,0.002550958905227052,snare,snare,True
nsw_transmission_bottleneck,moderate,0.641765,0.0011831029555446216,0.0009319770867808864,0.04574101112773848,0.0005230372258285563,0.0029368150751730715,snare,snare,True
nsw_transmission_bottleneck,institutional,-0.024506,9.632477907959244,22.56047862035103,3.115960836874824,1.9743688849396008,0.9941916775858701,snare,rope,False
nsw_transmission_bottleneck,analytical,0.79456,0.008132521612579317,0.0038712401645443987,0.10399556895199354,0.00270316044781403,0.00517554786901997,snare,snare,True
nuclear_order_2026,powerless,0.597787,0.004549725631258036,0.0042650626592011,0.09383749313764468,0.0022009649738457073,0.034592134813370756,snare,snare,True
nuclear_order_2026,moderate,0.608571,0.006374299763319324,0.005894530993820653,0.11067757441604058,0.003061599934455434,0.04045812933506798,snare,snare,True
nuclear_order_2026,institutional,-0.023239,6.809165524719422,19.266258546157207,2.786264551255354,1.6465382429223092,0.8567158978345203,snare,rope,False
nuclear_order_2026,analytical,0.753462,0.025837973984981846,0.02055013088197119,0.21333206914240768,0.011366859458326401,0.07226414214293386,snare,snare,True
nuclear_site_safety_norms,powerless,0.521705,0.03041088044391221,0.028211237319800676,0.2419894955409458,0.014621877562611438,0.10953148640420574,snare,snare,True
nuclear_site_safety_norms,moderate,0.531116,0.04458480887251829,0.04048410585039317,0.2914061797787258,0.02119185971907829,0.13021039987682603,snare,snare,True
nuclear_site_safety_norms,institutional,-0.020281,6.399359971066892,13.549725250918454,2.749221782049082,1.6101412649120321,0.8867698215866984,snare,rope,False
nuclear_site_safety_norms,analytical,0.657567,0.37822314617499975,0.23981046108890405,0.7704426866785095,0.14656943508562217,0.2880085134674698,snare,snare,True
nuclear_vacuum_2026,powerless,0.630393,0.008016485141241375,0.006707420979247074,0.12098081274229751,0.0036579736545054534,0.025012286687267404,snare,snare,True
nuclear_vacuum_2026,moderate,0.641765,0.011498865720871448,0.009244468829309372,0.14338331256040743,0.005137492586468362,0.028904309916503168,snare,snare,True
nuclear_vacuum_2026,institutional,-0.024506,8.444767029446814,21.228977534176774,2.988395170198366,1.8469522836471883,0.9417392647871693,snare,rope,False
nuclear_vacuum_2026,analytical,0.79456,0.08068003414479555,0.039767541954718426,0.3310590502454281,0.02733751735922172,0.05207101075223752,snare,snare,True
nursery_social_hierarchy,powerless,0.673869,0.010636342251699354,0.00955776835106294,0.14187622831331786,0.005030106127525777,0.05011867686947874,piton,snare,False
nursery_social_hierarchy,moderate,0.686025,0.015161797665675101,0.013230488877139766,0.1680731726777082,0.007057992660731479,0.058040618377527886,piton,snare,False
nursery_social_hierarchy,institutional,-0.026196,10.19880466107518,22.989427000996155,3.092084124573812,1.9504965270824572,0.9987748506056423,piton,rope,False
nursery_social_hierarchy,analytical,0.849357,0.09844676564180828,0.04900906303716565,0.36663407905239626,0.03351113356605828,0.06308926297372938,piton,snare,False
nvidia_cuda_ecosystem_lockin,powerless,0.338,1.4785919229663673,1.6316463287952212,1.7393557930650063,0.7098545864278328,0.7624525886195913,snare,tangled_rope,False
nvidia_cuda_ecosystem_lockin,moderate,0.71922,0.02094672754120546,0.016945313346401793,0.193838928227743,0.009386031856438892,0.050638174873448794,snare,snare,True
nvidia_cuda_ecosystem_lockin,institutional,-0.027464,8.735648335031216,19.373538152395476,2.886929998418352,1.746024939453927,0.8987039305814551,snare,rope,False
nvidia_cuda_ecosystem_lockin,analytical,0.890455,0.14399735454308762,0.0716556082131382,0.44346772967798126,0.04896479612754114,0.09085893027300151,snare,snare,True
ny_private_school_discount,powerless,0.521705,0.009533664611522278,0.011055400395435072,0.14318085326349,0.005123000595560922,0.03829880908004174,tangled_rope,tangled_rope,True
ny_private_school_discount,moderate,0.531116,0.014718954957451371,0.01760115649061376,0.1792173480997879,0.008024342876703406,0.04927667508724938,tangled_rope,tangled_rope,True
ny_private_school_discount,institutional,-0.020281,2.1544878716799936,11.687730186767054,2.298907512310712,1.1820280567987498,0.7938412893592629,tangled_rope,rope,False
ny_private_school_discount,analytical,0.657567,0.24542321823768828,0.3840090317670695,0.7778158206495086,0.14935258386662878,0.29304352951044765,tangled_rope,tangled_rope,True
nyc_metrocard_art_licensing,powerless,0.521705,0.0010523750542615767,0.0012155310674461948,0.04747078631308865,0.0005633424400839169,0.0039459403661875735,tangled_rope,tangled_rope,True
nyc_metrocard_art_licensing,moderate,0.531116,0.0016261121967135446,0.001946066671352802,0.05948810004140216,0.0008846432877948333,0.005133392812628068,tangled_rope,tangled_rope,True
nyc_metrocard_art_licensing,institutional,-0.020281,1.9973634794340605,11.917652065813236,2.3659494522675133,1.2436546132900097,0.8533285439591795,tangled_rope,rope,False
nyc_metrocard_art_licensing,analytical,0.657567,0.030482903241517093,0.057714648928221896,0.2845617487885699,0.020209719142553276,0.04052617368815018,tangled_rope,tangled_rope,True
oc_donation_model,powerless,0.347803,0.004360737431209537,0.002945202615743748,0.08411331094216422,0.001768501574786846,0.006608880471065226,tangled_rope,tangled_rope,True
oc_donation_model,moderate,0.354077,0.006188581605823177,0.0038400679070269028,0.09776805584643258,0.002389172355697148,0.00738472854269856,tangled_rope,tangled_rope,True
oc_donation_model,institutional,-0.013521,2.02201730922237,3.9533997865229056,2.241651708347378,1.1301221078421109,0.864162958926035,tangled_rope,rope,False
oc_donation_model,analytical,0.438378,0.04331134758249382,0.012729805988809025,0.19313578168293502,0.009318112936072613,0.009517199993140157,tangled_rope,tangled_rope,True
olympic_legacy_curling_investment,powerless,0.38041,0.0016166004172779008,0.0010235133789484952,0.05024049971484776,0.0006309937706794676,0.0020124386134610095,tangled_rope,tangled_rope,True
olympic_legacy_curling_investment,moderate,0.387272,0.002272312394438797,0.0013105187153419824,0.057905154542380065,0.0008381931767829752,0.0022156276824675247,tangled_rope,tangled_rope,True
olympic_legacy_curling_investment,institutional,-0.014788,2.1897564582115754,5.296676058650916,2.3762068557897527,1.2531601570717963,0.8867662407248983,tangled_rope,rope,False
olympic_legacy_curling_investment,analytical,0.479476,0.015235681646701749,0.004708996664393311,0.11258385815860954,0.003167944603281962,0.0021915062775822447,tangled_rope,tangled_rope,True
olympic_medal_allocation,powerless,0.38041,0.00152955564671086,0.0011817595221614275,0.05130399493990203,0.0006579888919175384,0.0018630301952396264,tangled_rope,tangled_rope,True
olympic_medal_allocation,moderate,0.387272,0.0022078744249747484,0.001657359909374889,0.06088516197355616,0.0009266791671035314,0.002397958893358288,tangled_rope,tangled_rope,True
olympic_medal_allocation,institutional,-0.014788,1.8446888410810767,5.1986289803469425,2.245850038178622,1.1339044494709856,0.8358966513062387,tangled_rope,rope,False
olympic_medal_allocation,analytical,0.479476,0.021650426773077998,0.021745350577020713,0.19182454024819162,0.009192113671583912,0.016629328936726116,tangled_rope,tangled_rope,True
omega1_patching_process,powerless,0.521705,0.03488000278915505,0.03370226237344026,0.26184963444248044,0.017116836381186107,0.12811818014563758,snare,snare,True
omega1_patching_process,moderate,0.531116,0.05156591428009386,0.049157946398609494,0.31729536873876524,0.025116341777075366,0.15414708196241378,snare,snare,True
omega1_patching_process,institutional,-0.020281,5.426344186954014,12.879847497096106,2.61435857450857,1.4788513333090487,0.843274540445555,snare,rope,False
omega1_patching_process,analytical,0.657567,0.4720553455610552,0.33399758298287113,0.8870477891037897,0.1935098339111946,0.37559734952916357,snare,snare,True
omelet_perfection_complexity,powerless,0.271721,0.02607482793032119,0.020794554200261457,0.21543485274552868,0.011591829063644648,0.05899180150925798,tangled_rope,tangled_rope,True
omelet_perfection_complexity,moderate,0.276623,0.038093804329189296,0.02870632916266115,0.2564817940683324,0.016423201527343164,0.06806041752452063,tangled_rope,tangled_rope,True
omelet_perfection_complexity,institutional,-0.010563,1.546478771077661,1.567045263532696,1.7478323617227152,0.716343280279959,0.7621925359783143,tangled_rope,rope,False
omelet_perfection_complexity,analytical,0.342483,0.3208609392226271,0.10753365120439784,0.5817538239324843,0.08401449563141745,0.11370067974391329,tangled_rope,tangled_rope,True
ontological_friction_resolution,powerless,0.782557,0.011461825060460671,0.009515841747696369,0.1443669522331988,0.005208192214408461,0.03327211744179526,snare,snare,True
ontological_friction_resolution,moderate,0.796674,0.016348067651428797,0.013020639452090322,0.17054193309609036,0.007266733016737017,0.03829887908119989,snare,snare,True
ontological_friction_resolution,institutional,-0.030421,9.236240187795609,18.82490242845854,2.900168151087144,1.759161387885533,0.9257805426895462,snare,rope,False
ontological_friction_resolution,analytical,0.98635,0.10730467686630635,0.052283308991927936,0.380453102026505,0.036077152514486927,0.06686690330191325,snare,snare,True
open_culture_newsletter,powerless,0.413016,0.000822478135686662,0.0006524225510789409,0.037900611496438384,0.0003591033411691699,0.0011719592016396667,tangled_rope,tangled_rope,True
open_culture_newsletter,moderate,0.420467,0.0011912953774297092,0.0009215868907617352,0.045135486641503374,0.0005092814231595082,0.0013619655141616238,tangled_rope,tangled_rope,True
open_culture_newsletter,institutional,-0.016056,2.079695480605469,6.576240086712382,2.369842941302992,1.247260383549727,0.8720914305898422,tangled_rope,rope,False
open_culture_newsletter,analytical,0.520574,0.01174927637613067,0.011431848241290532,0.14136810802417327,0.004994155640567334,0.007547029812009026,tangled_rope,tangled_rope,True
open_source_commons,powerless,0.054344,2.9619199899433854e-06,2.945245044170359e-06,0.002430457971553054,1.4767813064343949e-06,0.0003161062266964221,rope,rope,True
open_source_commons,moderate,0.055325,4.318239880238403e-06,4.288948245121228e-06,0.002933786709886277,2.1517757288971764e-06,0.00038068944820845996,rope,rope,True
open_source_commons,institutional,-0.002113,0.001705391641838621,0.0019427686030479806,0.06030370736275145,0.0009090654054152302,0.00891736326621917,rope,rope,True
open_source_commons,analytical,0.068497,3.363065189569052e-05,3.302435224399546e-05,0.008163863535384201,1.6662143821000916e-05,0.0010180108135802168,rope,rope,True
openai_api_access,powerless,0.597787,0.0015001339665018827,0.001237610134499809,0.05213511764811083,0.0006794791452337589,0.004721852028500839,snare,snare,True
openai_api_access,moderate,0.608571,0.0021485953883988995,0.0017000105409105456,0.061707301785339556,0.0009518722587559662,0.005445062727708283,snare,snare,True
openai_api_access,institutional,-0.023239,9.923559418251534,20.360359600636087,3.1144072369733724,1.9728154205132309,0.9891114597356053,snare,rope,False
openai_api_access,analytical,0.753462,0.015011760731505647,0.007220971292580471,0.14167059267318216,0.005015541499370041,0.009719495543426104,snare,snare,True
openai_codex_app_constraint,powerless,0.597787,0.0014112281963859865,0.0011653130604139417,0.05058022732645818,0.0006395557602279035,0.004453521874305921,snare,snare,True
openai_codex_app_constraint,moderate,0.608571,0.0020214880692089785,0.0016010726316645614,0.05987310446768388,0.0008961302308698116,0.0051358352958270626,snare,snare,True
openai_codex_app_constraint,institutional,-0.023239,9.7474797455078,20.59185905353447,3.1131598569306673,1.9715681610709084,0.9897167265135054,snare,rope,False
openai_codex_app_constraint,analytical,0.753462,0.014132261773825254,0.006808520902948163,0.13754980826564625,0.004728123333976234,0.009168996150615172,snare,snare,True
openai_default_data_training,powerless,0.56518,0.03791788877600472,0.03871121564898576,0.2768049467861641,0.019124687208505436,0.13706325133490216,tangled_rope,snare,False
openai_default_data_training,moderate,0.575376,0.05667447715558636,0.057723798327540904,0.3382103975619575,0.028528486204252954,0.16770961292434694,tangled_rope,snare,False
openai_default_data_training,institutional,-0.021971,4.447386727902414,14.550401190752929,2.45907684607239,1.3306545547531052,0.7967481908468248,tangled_rope,rope,False
openai_default_data_training,analytical,0.712364,0.5749397148007569,0.47466932352648195,1.0199777885777574,0.2545001417051799,0.471854685078383,tangled_rope,snare,False
openai_health_review,powerless,0.597787,0.03200463678914902,0.029051135515933666,0.2468761714798375,0.015217623753082145,0.10624353685747223,snare,snare,True
openai_health_review,moderate,0.608571,0.0466386401267342,0.041241545642238156,0.29602249139417613,0.021867363792168935,0.12538285212331213,snare,snare,True
openai_health_review,institutional,-0.023239,6.783787424111803,17.650913499029386,2.6794166339117957,1.5419265059841774,0.8255272370283135,snare,rope,False
openai_health_review,analytical,0.753462,0.37088271971096337,0.21923889176156394,0.7479650954007206,0.13824038991989088,0.25962792530213485,snare,snare,True
openai_implicit_translator,powerless,0.56518,0.037898644576239836,0.03870363682593222,0.2767559144784847,0.019117923255597316,0.1370083438726823,tangled_rope,snare,False
openai_implicit_translator,moderate,0.575376,0.05664975437674146,0.057720749886712754,0.33816848896970997,0.028521433405113872,0.16766113322780568,tangled_rope,snare,False
openai_implicit_translator,institutional,-0.021971,4.51137668098493,14.70165130505196,2.4827059679792995,1.352967286120315,0.807825518859843,tangled_rope,rope,False
openai_implicit_translator,analytical,0.712364,0.5751454770606914,0.4753508132897759,1.0204436702628186,0.2547276173826253,0.4722420599603467,tangled_rope,snare,False
openai_prism_development,powerless,0.286,1.4340995128982732,1.3691728137883492,1.562584609374089,0.5799918133109585,0.6740410077921604,snare,tangled_rope,False
openai_prism_development,moderate,0.608571,0.0413093883179008,0.03587162963774966,0.27729299664668433,0.019192078053328804,0.11011225787365331,snare,snare,True
openai_prism_development,institutional,-0.023239,7.088178168013891,17.872265502284232,2.7264821562198036,1.5878635261983594,0.8282176242499791,snare,rope,False
openai_prism_development,analytical,0.753462,0.3208054756732387,0.18293547271279123,0.6885767566091077,0.11736823520759057,0.22161622270521064,snare,snare,True
openbsd_netiquette_protocol,powerless,0.652131,0.04422831164306974,0.044240022993386176,0.29743367659608094,0.02207596567161664,0.14816163292823847,tangled_rope,snare,False
openbsd_netiquette_protocol,moderate,0.663895,0.06565326557541662,0.06516484690774049,0.36168007208189723,0.032614091236169394,0.17976477756233655,tangled_rope,snare,False
openbsd_netiquette_protocol,institutional,-0.025351,5.370857979599293,18.703896684624596,2.5386097583399536,1.4061105764181436,0.8175064164171312,tangled_rope,rope,False
openbsd_netiquette_protocol,analytical,0.821958,0.6101479856771056,0.46213517915654895,1.026882736058744,0.25788130913174884,0.4591585428717856,tangled_rope,snare,False
openclaw_data_lock_in,powerless,0.56518,0.028614268372784888,0.025847245186407002,0.23314240525195765,0.013573464190500444,0.0974495032011149,snare,snare,True
openclaw_data_lock_in,moderate,0.575376,0.04169175644415112,0.03666665904268636,0.27949013932526534,0.01949692438252876,0.11491376895947603,snare,snare,True
openclaw_data_lock_in,institutional,-0.021971,6.747453571299426,15.987999094121967,2.7201237504229785,1.58164368017633,0.8456075227000485,snare,rope,False
openclaw_data_lock_in,analytical,0.712364,0.33301246135628343,0.1957294080393699,0.707659520782632,0.12389477859090169,0.23773631614761648,snare,snare,True
openclaw_regulation,powerless,0.597787,0.03200463678914902,0.029051135515933666,0.2468761714798375,0.015217623753082145,0.10624353685747223,snare,snare,True
openclaw_regulation,moderate,0.608571,0.0466386401267342,0.041241545642238156,0.29602249139417613,0.021867363792168935,0.12538285212331213,snare,snare,True
openclaw_regulation,institutional,-0.023239,6.783787424111803,17.650913499029386,2.6794166339117957,1.5419265059841774,0.8255272370283135,snare,rope,False
openclaw_regulation,analytical,0.753462,0.37088271971096337,0.21923889176156394,0.7479650954007206,0.13824038991989088,0.25962792530213485,snare,snare,True
openscholar_peer_review,powerless,0.597787,0.0010842709080383245,0.0008961387449961394,0.044348081492116956,0.0004916679369070267,0.0034340681489741787,snare,snare,True
openscholar_peer_review,moderate,0.608571,0.0015532902038554125,0.0012314921009315808,0.052501039617218415,0.0006890502207366257,0.003960033866494572,snare,snare,True
openscholar_peer_review,institutional,-0.023239,9.565571775760432,20.975616134182435,3.1142168793756557,1.972625080624062,0.9920505799486539,snare,rope,False
openscholar_peer_review,analytical,0.753462,0.010863189006290387,0.005241082289378106,0.12068393704787639,0.0036400484663993947,0.007067426795849485,snare,snare,True
opioid_political_realignment_2026,powerless,0.739082,0.009046621329382717,0.00749324599077089,0.12817991624546377,0.004106116946079414,0.026569141808269747,snare,snare,True
opioid_political_realignment_2026,moderate,0.752415,0.012915669918247764,0.010259430236371419,0.15147825060766051,0.005733673421231461,0.0305857607164709,snare,snare,True
opioid_political_realignment_2026,institutional,-0.028731,8.907317552180489,19.505225138923166,2.9367725969001928,1.795537774721834,0.9406590155441455,snare,rope,False
opioid_political_realignment_2026,analytical,0.931553,0.08604240612474648,0.04155607959961642,0.33980158061402904,0.028796906823794977,0.05350298611584803,snare,snare,True
optimal_stopping_marriage,powerless,0.108689,2.2123681831962972e-05,2.2626712134291962e-05,0.006689255804349591,1.1186525376001524e-05,0.0006515722997723072,mountain,mountain,True
optimal_stopping_marriage,moderate,0.110649,3.3729174441930636e-05,3.467604490584382e-05,0.008270149002177452,1.7098816765598966e-05,0.0008087389819650959,mountain,mountain,True
optimal_stopping_marriage,institutional,-0.004225,0.0013549981889576241,0.0011138723907058964,0.049509112075478694,0.0006127567528326736,0.004133163037203902,mountain,mountain,True
optimal_stopping_marriage,analytical,0.136993,0.0004984212055225496,0.0005521357050371207,0.03238029148722063,0.00026211509363929737,0.0033555375307979807,mountain,mountain,True
optimization_fragility,powerless,0.891246,0.0014655093070328618,0.0011894204771563915,0.05131592883481764,0.0006582950221802431,0.00417119379024667,snare,snare,True
optimization_fragility,moderate,0.907324,0.002074118475421921,0.001610236694483482,0.06033519450444271,0.0009100149050037005,0.004769851571500613,snare,snare,True
optimization_fragility,institutional,-0.034647,9.210624949261028,20.294466064988573,3.0554765667798036,1.9139105205239202,0.9910100602423701,snare,rope,False
optimization_fragility,analytical,1.123343,0.012621467157187276,0.006020403432331363,0.12968188342121012,0.004202874883362013,0.008022362667803255,snare,snare,True
oral_glp1_market_access,powerless,0.597787,0.04107462597505427,0.04048947647081864,0.28558593057321185,0.02035520904012348,0.14190184626321778,tangled_rope,snare,False
oral_glp1_market_access,moderate,0.608571,0.06087040764137415,0.05939039695021433,0.3467606324991056,0.029985505501032152,0.17155051531567922,tangled_rope,snare,False
oral_glp1_market_access,institutional,-0.023239,5.299999254926583,16.81303550886592,2.531804305789384,1.3996155367497165,0.8062978528619236,tangled_rope,rope,False
oral_glp1_market_access,analytical,0.753462,0.5619842196968383,0.41222321613590673,0.9771744069135524,0.23400624709707776,0.4285671676447014,tangled_rope,snare,False
orbital_data_center_2026,powerless,0.891246,0.0010801534251002293,0.0008760150711876898,0.04404699278303116,0.0004850147887604179,0.0030733552427109393,snare,snare,True
orbital_data_center_2026,moderate,0.907324,0.001528543580435399,0.0011856807922072908,0.051783988841770934,0.0006703579234318292,0.003513889141497119,snare,snare,True
orbital_data_center_2026,institutional,-0.034647,9.107957016297641,20.75385193723725,3.0685924340223267,1.9270159885407534,0.9933482263446605,snare,rope,False
orbital_data_center_2026,analytical,1.123343,0.009294459731699728,0.004427687490678099,0.11124114805879333,0.003092850782639583,0.005904861264678363,snare,snare,True
oscar_campaign_spending,powerless,0.434754,0.0013799720809606673,0.0015200309289599063,0.05362326388309654,0.0007188205446602964,0.0054387888075451436,tangled_rope,tangled_rope,True
oscar_campaign_spending,moderate,0.442597,0.0021139200238191676,0.002402343398555167,0.06681471735585964,0.0011159478200964133,0.007028067905126695,tangled_rope,tangled_rope,True
oscar_campaign_spending,institutional,-0.016901,1.9318854866585764,7.608219893929071,2.3215525366454526,1.2027445521065314,0.8384307119288796,tangled_rope,rope,False
oscar_campaign_spending,analytical,0.547972,0.036699007810967826,0.06386964111349468,0.30584666796109894,0.023340007939277933,0.05059670877351624,tangled_rope,tangled_rope,True
other_peoples_troubles_2026,powerless,0.815164,0.0006850792847538888,0.0006832141309456932,0.03698776796639166,0.0003420139965414561,0.018354363731449497,snare,snare,True
other_peoples_troubles_2026,moderate,0.829869,0.0014496454053720513,0.001446697765939333,0.053813782027193044,0.0007239371060569385,0.026774592501816685,snare,piton,False
other_peoples_troubles_2026,institutional,-0.031689,4.239564038250816,7.282965433520067,1.915051785684035,0.8489100071770421,0.5243110124881645,snare,piton,False
other_peoples_troubles_2026,analytical,1.027448,0.16490820864859662,0.15068661507221923,0.5612845745441994,0.0782445192523529,0.2695406322028321,snare,piton,False
overfitting_to_frameworks,powerless,0.84777,0.002428095063343981,0.0024053737334124997,0.06951508333109116,0.0012079650847394569,0.034286952311353924,piton,piton,True
overfitting_to_frameworks,moderate,0.863064,0.004456558352061414,0.004405981644294461,0.0941282292051447,0.00221462205002659,0.046467499544129875,piton,piton,True
overfitting_to_frameworks,institutional,-0.032957,4.284360666180363,12.227287894802368,2.1088422034162457,1.012537537416662,0.548186997214114,piton,rope,False
overfitting_to_frameworks,analytical,1.068546,0.25602759305963385,0.2098853815584876,0.6798305444090275,0.11443416445894118,0.3069123797196346,piton,piton,True
overton_window,powerless,0.521705,0.03045591618678675,0.028259946079520273,0.24218355924931043,0.014645310348467047,0.10970068968975277,snare,snare,True
overton_window,moderate,0.531116,0.04465307163252116,0.040557948108451015,0.29165071500614137,0.021227378116362525,0.13042127283906335,snare,snare,True
overton_window,institutional,-0.020281,6.470875502821373,13.591274678179333,2.763344154796506,1.624002336273215,0.8938871033258904,snare,rope,False
overton_window,analytical,0.657567,0.37896987905673063,0.2404385919032017,0.7713375625015031,0.1469058829621951,0.2886395916172666,snare,snare,True
p_g_golden_pear_surveillance,powerless,0.597787,0.0356851614322242,0.03303454278948256,0.26199615861362674,0.017135970594368864,0.11957032406074841,snare,snare,True
p_g_golden_pear_surveillance,moderate,0.608571,0.05220262184909676,0.04724593716215123,0.3150561957462394,0.024763828275224106,0.14187781233722596,snare,snare,True
p_g_golden_pear_surveillance,institutional,-0.023239,6.399378660219657,17.20284245872875,2.6265978288913376,1.4906774524974873,0.8071763472435554,snare,rope,False
p_g_golden_pear_surveillance,analytical,0.753462,0.4285839432466854,0.26568728045201373,0.8148559395828161,0.16371395322370733,0.3054354654208995,snare,snare,True
p_vs_np,powerless,0.054344,1.6475425488953838e-06,1.6615286157876774e-06,0.0018190730662644365,8.272566481227858e-07,0.00012922827439731943,mountain,mountain,True
p_vs_np,moderate,0.055325,2.4963205431777755e-06,2.5224038918878773e-06,0.002240228279010148,1.254655554450349e-06,0.0001593857063868498,mountain,mountain,True
p_vs_np,institutional,-0.002113,0.0001451697521570413,0.00013363495487321683,0.016686669583073053,6.961083163480539e-05,0.001107040841155267,mountain,mountain,True
p_vs_np,analytical,0.068497,3.365682285222307e-05,3.4946766064817735e-05,0.008281629718713244,1.7146323199761362e-05,0.0006017867609680039,mountain,mountain,True
panama_canal_ports,powerless,0.706475,0.020615086716800745,0.017613377138600554,0.1950667197936464,0.009505217639203754,0.06221472559328722,snare,snare,True
panama_canal_ports,moderate,0.71922,0.029620171049035852,0.024387966012995733,0.23157272487582756,0.013391510605637048,0.07217565807169246,snare,snare,True
panama_canal_ports,institutional,-0.027464,8.43055169919147,18.548941725229017,2.8048768822938013,1.664872642399786,0.8516687890808908,snare,rope,False
panama_canal_ports,analytical,0.890455,0.20754350653709513,0.10653743657208758,0.5372502358999492,0.07172658078679633,0.13232898682823457,snare,snare,True
pancreatic_cancer_lethality_v1,powerless,0.056775,2.8519016531048277e-06,2.8901720781876763e-06,0.002396222532617069,1.435470434842312e-06,0.0001425669728486456,mountain,mountain,True
pancreatic_cancer_lethality_v1,moderate,0.049999,5.869634930108096e-14,5.868917653147412e-14,3.4498682328433513e-07,2.933784350341166e-14,2.017760558636894e-08,mountain,mountain,True
pancreatic_cancer_lethality_v1,institutional,-0.005969,0.00011253302698555313,0.00010304908266927908,0.014672047270419548,5.381700141876007e-05,0.0008107047279635759,mountain,mountain,True
pancreatic_cancer_lethality_v1,analytical,0.069001,2.485658166963983e-05,2.5840834900787408e-05,0.007119205254158594,1.2670757483602041e-05,0.0004319148527800465,mountain,mountain,True
parable_fish_turtle,powerless,0.76082,0.005928979696480162,0.004870944830973754,0.10354673408333792,0.0026798828398883682,0.01722722126696663,snare,snare,True
parable_fish_turtle,moderate,0.774544,0.008447077749386994,0.006647087876937206,0.12219816936962825,0.003731936958675693,0.019788891113335372,snare,snare,True
parable_fish_turtle,institutional,-0.029576,9.316843644619432,20.582642969603473,3.0042313017631166,1.86274661242957,0.9621792627078616,snare,rope,False
parable_fish_turtle,analytical,0.958951,0.05526970834705887,0.026321500516901485,0.271214412921836,0.018361151138700085,0.0341715679247554,snare,snare,True
pareto_principle,powerless,0.056775,2.8519016531048277e-06,2.8901720781876763e-06,0.002396222532617069,1.435470434842312e-06,0.0001425669728486456,mountain,mountain,True
pareto_principle,moderate,0.049999,5.869634930108096e-14,5.868917653147412e-14,3.4498682328433513e-07,2.933784350341166e-14,2.017760558636894e-08,mountain,mountain,True
pareto_principle,institutional,-0.005969,0.00011253302698555313,0.00010304908266927908,0.014672047270419548,5.381700141876007e-05,0.0008107047279635759,mountain,mountain,True
pareto_principle,analytical,0.069001,2.485658166963983e-05,2.5840834900787408e-05,0.007119205254158594,1.2670757483602041e-05,0.0004319148527800465,mountain,mountain,True
paris_municipal_reform_2026,powerless,0.510836,0.00017350842613291667,0.00015113064713342784,0.017908214833350228,8.017550394751247e-05,0.00028897695209610435,tangled_rope,tangled_rope,True
paris_municipal_reform_2026,moderate,0.520051,0.0002547625239135366,0.00021836792109858734,0.021560543354632727,0.00011621313196174316,0.00032946898868152106,tangled_rope,tangled_rope,True
paris_municipal_reform_2026,institutional,-0.019858,2.389037049028168,11.731973282075998,2.516486755482282,1.385022202456354,0.9076951153509023,tangled_rope,rope,False
paris_municipal_reform_2026,analytical,0.643867,0.002756324247784141,0.003144588259015315,0.0719496865441937,0.0012940497773006267,0.0018978999325286604,tangled_rope,tangled_rope,True
parkinsons_law,powerless,0.543443,0.00040744632241670163,0.0004370664747096186,0.02893841979715334,0.00020935438254893434,0.0011770981136468614,tangled_rope,tangled_rope,True
parkinsons_law,moderate,0.553246,0.0006203283351577285,0.0006842153593880744,0.03589805761219266,0.00032215898584246486,0.0015345866880980797,tangled_rope,tangled_rope,True
parkinsons_law,institutional,-0.021126,2.265313058910487,13.386742765628808,2.473445742331251,1.3442120183570954,0.8933063670962744,tangled_rope,rope,False
parkinsons_law,analytical,0.684965,0.010379612321998759,0.018779684351301115,0.1624368782280758,0.006592809569936852,0.012622250610533991,tangled_rope,tangled_rope,True
participatory_observer_hypothesis,powerless,0.413016,0.0016721224620882967,0.0017629470380806417,0.05827778534535563,0.0008490149905179823,0.006274562370021636,tangled_rope,tangled_rope,True
participatory_observer_hypothesis,moderate,0.420467,0.002540273588623347,0.002753934625424179,0.07221012532691652,0.0013034339469841535,0.008090982394083065,tangled_rope,tangled_rope,True
participatory_observer_hypothesis,institutional,-0.016056,1.901684014475377,6.622840513139265,2.29431927939969,1.1778432638151388,0.8307627217389615,tangled_rope,rope,False
participatory_observer_hypothesis,analytical,0.520574,0.04138048278552987,0.06870423060506337,0.31987826602224023,0.025526042467207487,0.0564703241120245,tangled_rope,tangled_rope,True
path_dependence_lock_in,powerless,0.706475,0.004473597627708014,0.003680246411622159,0.08997648716704683,0.0020236007219706495,0.013270174709959948,snare,snare,True
path_dependence_lock_in,moderate,0.71922,0.006385490519662592,0.005032903503575786,0.10629049066631321,0.0028237523864418595,0.01525962704179884,snare,snare,True
path_dependence_lock_in,institutional,-0.027464,8.660452614404468,20.90752758966807,3.0154723593795705,1.8739632771234793,0.9704943627119915,snare,rope,False
path_dependence_lock_in,analytical,0.890455,0.04272855186073892,0.020330812542202568,0.23841074156158454,0.014193101571354024,0.026568572990471804,snare,snare,True
paxsilica_framework,powerless,0.521705,0.03071559845808582,0.0325822105480491,0.2515035307467793,0.015792678560329246,0.11821119043892442,tangled_rope,tangled_rope,True
paxsilica_framework,moderate,0.531116,0.04636586711102627,0.04953376877965207,0.3095407548314454,0.023906092231843853,0.14672618937803233,tangled_rope,tangled_rope,True
paxsilica_framework,institutional,-0.020281,3.5735005703414915,11.972075959819637,2.3938327662643646,1.2695398428081404,0.7967212917129285,tangled_rope,rope,False
paxsilica_framework,analytical,0.657567,0.5338434882190034,0.5159384342794681,1.023551430820891,0.256247463424917,0.4891524439414366,tangled_rope,snare,False
pe_fund_level_leverage,powerless,0.739082,0.005523955433948639,0.004541418024490911,0.09996603021392865,0.002497781716505599,0.016168734597910128,snare,snare,True
pe_fund_level_leverage,moderate,0.752415,0.007876400886597653,0.006203101077000646,0.11802389938618067,0.0034813997254793966,0.01858170444914997,snare,snare,True
pe_fund_level_leverage,institutional,-0.028731,8.848818007379132,20.217144018847495,2.9904591020837703,1.849010244698499,0.9643230017644727,snare,rope,False
pe_fund_level_leverage,analytical,0.931553,0.052020048009423094,0.02476152043042076,0.26308311157649855,0.01727824527946043,0.032195102143738774,snare,snare,True
pe_rental_market_lockin,powerless,0.706475,0.013926101263815422,0.011699081966796181,0.15962307409602922,0.006366500881360777,0.041703663969635874,snare,snare,True
pe_rental_market_lockin,moderate,0.71922,0.019949751353534547,0.01610803868279692,0.18907481054844064,0.008930666669769079,0.04818717528269023,snare,snare,True
pe_rental_market_lockin,institutional,-0.027464,8.630214675261243,19.076745449312757,2.879293062990201,1.7384517002334292,0.9038707954154755,snare,rope,False
pe_rental_market_lockin,analytical,0.890455,0.13686624801618458,0.06788087318429932,0.4319270708243825,0.04645925415248793,0.08626443353085711,snare,snare,True
peano_curve_mapping,powerless,0.271721,0.002491253942100968,0.002841615484491436,0.07286395986939491,0.0013271423604141659,0.015122013364992082,mountain,mountain,True
peano_curve_mapping,moderate,0.276623,0.003930796742724725,0.004638819681223523,0.09224426085311606,0.0021268738421183443,0.01943348258930666,mountain,mountain,True
peano_curve_mapping,institutional,-0.010563,0.057017202290689725,0.02821283451086293,0.27839511683947754,0.0193446948163137,0.03789928673019338,mountain,mountain,True
peano_curve_mapping,analytical,0.342483,0.12191902337142745,0.28927871344438405,0.5854581234730023,0.08508014637242811,0.16161709066460184,mountain,mountain,True
pele_microreactor_deployment,powerless,0.312,1.4469635820765299,0.910910047866214,1.4453786630102943,0.49994058282238135,0.5810067868848395,snare,tangled_rope,False
pele_microreactor_deployment,moderate,0.663895,0.05831456098548188,0.05309632473373259,0.3335029675391538,0.027741685627090534,0.15310173769196944,snare,snare,True
pele_microreactor_deployment,institutional,-0.025351,6.66720209137305,18.439482707453756,2.6214080076877293,1.4856604584579183,0.8036420185591578,snare,rope,False
pele_microreactor_deployment,analytical,0.821958,0.4728742736263886,0.29487902413210004,0.8572481591879387,0.18092305973927494,0.3287609461397356,snare,snare,True
permissive_software_licensing,powerless,0.217377,0.015004250451836973,0.016810349689968945,0.1781408490121357,0.007928296819798385,0.0652684231526911,rope,rope,True
permissive_software_licensing,moderate,0.221298,0.02369535371566701,0.027184721559825074,0.22514848355675485,0.012659581904972645,0.08411631664825159,rope,rope,True
permissive_software_licensing,institutional,-0.00845,0.15881530087659582,0.07745658827508944,0.4624631335548993,0.05323022575014754,0.10129094148032569,rope,rope,True
permissive_software_licensing,analytical,0.273986,0.5265024334842908,0.6786567766154993,1.0886724583266791,0.28905757363212087,0.4900931208259139,rope,tangled_rope,False
perovskite_self_etching,powerless,0.56518,0.03791788877600472,0.03871121564898576,0.2768049467861641,0.019124687208505436,0.13706325133490216,tangled_rope,snare,False
perovskite_self_etching,moderate,0.575376,0.05667447715558636,0.057723798327540904,0.3382103975619575,0.028528486204252954,0.16770961292434694,tangled_rope,snare,False
perovskite_self_etching,institutional,-0.021971,4.447386727902414,14.550401190752929,2.45907684607239,1.3306545547531052,0.7967481908468248,tangled_rope,rope,False
perovskite_self_etching,analytical,0.712364,0.5749397148007569,0.47466932352648195,1.0199777885777574,0.2545001417051799,0.471854685078383,tangled_rope,snare,False
perseverance_ai_drive,powerless,0.278589,0.024655035173970684,0.02933974556870428,0.23169703494604021,0.01340587571457093,0.07635396648348926,rope,rope,True
perseverance_ai_drive,moderate,0.252154,0.00010080212727810612,0.00010214322628897352,0.014245650572153915,5.0734425555958764e-05,0.0041023149978350465,rope,rope,True
perseverance_ai_drive,institutional,-0.010563,0.05819728364953772,0.04990105464733926,0.32153086672397424,0.02578990657077784,0.06437031380631981,rope,rope,True
perseverance_ai_drive,analytical,0.342483,0.5554188402659928,0.7816834533470371,1.1412616826025557,0.3168792290415035,0.49809668962654163,rope,scaffold,False
perseverance_rover_autonomy,powerless,0.108689,0.00015750200678899033,0.00016322829718978148,0.017906751679381633,8.016240342024008e-05,0.0030600834494247664,rope,rope,True
perseverance_rover_autonomy,moderate,0.110649,0.0002446898591774388,0.000255739880762082,0.02236609262372297,0.00012505922147388625,0.003856580401605636,rope,rope,True
perseverance_rover_autonomy,institutional,-0.004225,0.004518511277872252,0.004624321589284426,0.09539994445257623,0.002274855972062279,0.010694905233358133,rope,rope,True
perseverance_rover_autonomy,analytical,0.136993,0.0046343587303407305,0.005500993641453216,0.10038819645871436,0.0025189185735057145,0.019582654125585464,rope,rope,True
peter_principle,powerless,0.597787,0.03650628264136365,0.038590182798059425,0.2739549988951745,0.018733516697730605,0.13064262409610394,tangled_rope,tangled_rope,True
peter_principle,moderate,0.608571,0.054954627643314144,0.05839439751967065,0.3365505641879583,0.028249814587396487,0.1616836670677188,tangled_rope,tangled_rope,True
peter_principle,institutional,-0.023239,3.92126009231361,16.220168554939935,2.396420365813545,1.2719492946456281,0.7873949919350431,tangled_rope,rope,False
peter_principle,analytical,0.753462,0.601065360039587,0.5546524774878109,1.073255561980882,0.2811248392500459,0.5084186008953413,tangled_rope,snare,False
pfas_regulatory_framework,powerless,0.84777,0.0012930582828252271,0.0010491166498212993,0.04819808989730054,0.0005807358607488359,0.003679925746711405,snare,snare,True
pfas_regulatory_framework,moderate,0.863064,0.0018330539038022627,0.0014222169254373557,0.05671147573987752,0.0008039939971775237,0.00421045317154288,snare,snare,True
pfas_regulatory_framework,institutional,-0.032957,9.091064984675874,21.173644076075192,3.069802561030841,1.928225322824057,0.992049615320189,snare,rope,False
pfas_regulatory_framework,analytical,1.068546,0.011392515987062202,0.005372057107555277,0.12278068659912342,0.003767590760844217,0.007102287163091259,snare,snare,True
pla_aerial_carrier_doctrine,powerless,0.597787,0.02928806242196322,0.026268180653924375,0.2354405489744546,0.013842066590352128,0.09666582731513207,snare,snare,True
pla_aerial_carrier_doctrine,moderate,0.608571,0.04258172952207154,0.037126214335699174,0.28182523804056103,0.019823531665099123,0.11371437591046674,snare,snare,True
pla_aerial_carrier_doctrine,institutional,-0.023239,7.068922494278186,17.870986032683383,2.7256442714139557,1.587043660582776,0.8304730160595951,snare,rope,False
pla_aerial_carrier_doctrine,analytical,0.753462,0.33241072460682825,0.19106276347534393,0.7025015077072139,0.12211380513031371,0.23029334659146816,snare,snare,True
pla_loyalty_purge,powerless,0.815164,0.0030798805986638946,0.0025093017507488214,0.0744671076141595,0.0013861773755271,0.008810458340671623,snare,snare,True
pla_loyalty_purge,moderate,0.829869,0.00437410118298857,0.0034096027529311314,0.08771333028539965,0.0019230988059716245,0.010094386131289879,snare,snare,True
pla_loyalty_purge,institutional,-0.031689,9.919812896573454,21.67545936983357,3.063206335776314,1.9216337488974349,0.9810127069552294,snare,rope,False
pla_loyalty_purge,analytical,1.027448,0.027716336598429633,0.01308838579882318,0.1915844251507082,0.009169133328311119,0.017160149988649787,snare,snare,True
planetary_boundaries,powerless,0.869508,0.0027457924025727715,0.0022337431488560315,0.07028450609318192,0.0012348508568781017,0.007818628776165237,snare,snare,True
planetary_boundaries,moderate,0.885194,0.00389096779336659,0.003028453507126104,0.08269454561926763,0.001709353422523832,0.008948194305145596,snare,snare,True
planetary_boundaries,institutional,-0.033802,9.553677610831462,20.098931744659186,3.0344908142264155,1.8929493426392887,0.9831952514132072,snare,rope,False
planetary_boundaries,analytical,1.095945,0.02399990181176902,0.011432280417041108,0.1787469547023605,0.007982303031888368,0.015116000182281875,snare,snare,True
planetary_diet_constraint_2026,powerless,0.108689,0.0012646549357670904,0.0012893268072037272,0.05053509878924306,0.000638415085033061,0.0218752285665037,rope,rope,True
planetary_diet_constraint_2026,moderate,0.110649,0.0019524696103038024,0.0019992682463828636,0.06285941597500404,0.000987745230083704,0.02730701106840905,rope,rope,True
planetary_diet_constraint_2026,institutional,-0.004225,0.0201604933055766,0.018624928449384702,0.19666523996681373,0.009661515376678262,0.07614340010253695,rope,rope,True
planetary_diet_constraint_2026,analytical,0.136993,0.03344824038636036,0.036135458797470765,0.2636306675549691,0.017350138416126815,0.12015579548596134,rope,rope,True
planning_fallacy,powerless,0.597787,0.03578597776086003,0.03801671788211795,0.2715695427802166,0.018409193082691053,0.12837627635186227,tangled_rope,tangled_rope,True
planning_fallacy,moderate,0.608571,0.053933336601569966,0.05766212617975211,0.33391145158133745,0.027809526851769278,0.15916491825083223,tangled_rope,tangled_rope,True
planning_fallacy,institutional,-0.023239,3.9368869964910678,16.422656607150053,2.429311782094217,1.3026810709165304,0.8000458525704046,tangled_rope,rope,False
planning_fallacy,analytical,0.753462,0.5983993390105635,0.562729547547223,1.0760240139924335,0.2825418308732803,0.5107743757166316,tangled_rope,snare,False
plastic_asphalt_mandate,powerless,0.521705,0.011825454135758872,0.013628053429961333,0.15923404076953804,0.006335522203041227,0.04748307307135893,tangled_rope,tangled_rope,True
plastic_asphalt_mandate,moderate,0.531116,0.018225627826875743,0.02161615463528565,0.19904862281991612,0.009896915362297637,0.06089930583702108,tangled_rope,tangled_rope,True
plastic_asphalt_mandate,institutional,-0.020281,2.310438774042444,11.935769868455726,2.3273200923468704,1.2080373591456295,0.81644155656559,tangled_rope,rope,False
plastic_asphalt_mandate,analytical,0.657567,0.29217073566911955,0.433904598389201,0.8389590446119869,0.17339790630699267,0.3382743686472527,tangled_rope,tangled_rope,True
platform_app_store_duopoly,powerless,0.597787,0.019111376579053527,0.01655039218147937,0.1884762417939979,0.008874252956772133,0.06205474250557752,snare,snare,True
platform_app_store_duopoly,moderate,0.608571,0.027604615623879152,0.023101040411808195,0.22450849167784556,0.012587789132484041,0.07234356093152605,snare,snare,True
platform_app_store_duopoly,institutional,-0.023239,7.856405451900137,19.18485841778586,2.866644474862896,1.7259170499426943,0.8862651058662238,snare,rope,False
platform_app_store_duopoly,analytical,0.753462,0.20486709776616815,0.10887895346793351,0.5392650866558976,0.0722623129131072,0.13803335768540648,snare,snare,True
platform_cooperativism_governance,powerless,0.054344,1.0698187444115742e-05,1.0727635780269232e-05,0.00462878369596916,5.356407235282016e-06,0.0006257682118829648,rope,rope,True
platform_cooperativism_governance,moderate,0.055325,1.6227270267100697e-05,1.6287795626593066e-05,0.005702160661002513,8.128653544756664e-06,0.0007801124089117546,rope,rope,True
platform_cooperativism_governance,institutional,-0.002113,0.0022249905684806268,0.0025294465847534656,0.06884499020229855,0.001184791172995683,0.011429869519164467,rope,rope,True
platform_cooperativism_governance,analytical,0.068497,0.00023174788170533442,0.00023825066757679155,0.02167700311989153,0.00011747196607516991,0.003363261284341768,rope,rope,True
platonic_coparenting_decoupling,powerless,0.521705,0.0002222575374910365,0.0001880798271145779,0.020131314655630818,0.0001013166020084759,0.00038772367553919633,tangled_rope,tangled_rope,True
platonic_coparenting_decoupling,moderate,0.531116,0.0003247940297939455,0.000268105691217021,0.024128162244394534,0.0001455402881239152,0.00044110408481735675,tangled_rope,tangled_rope,True
platonic_coparenting_decoupling,institutional,-0.020281,2.425115133280945,12.220349097223867,2.5254117994373955,1.3935209380880922,0.9109010209899087,tangled_rope,rope,False
platonic_coparenting_decoupling,analytical,0.657567,0.0032742256255968378,0.003321392478672985,0.07551500867434957,0.0014254597736177346,0.0018906616084289883,tangled_rope,tangled_rope,True
plekha7_synaptic_pruning,powerless,0.056775,3.010026733265022e-06,3.0504029007103197e-06,0.002461753010252365,1.5150567795191886e-06,0.00015047113353561237,mountain,mountain,True
plekha7_synaptic_pruning,moderate,0.049999,6.198827449871778e-14,6.174745628838656e-14,3.513641989991549e-07,3.096466504460728e-14,2.1296464147724237e-08,mountain,mountain,True
plekha7_synaptic_pruning,institutional,-0.005969,0.00011877653873516396,0.0001087696493943697,0.01507368227230614,5.6803705420999966e-05,0.000855698308329652,mountain,mountain,True
plekha7_synaptic_pruning,analytical,0.069001,2.62344744784963e-05,2.727285049358132e-05,0.007313836882895639,1.3373037584035424e-05,0.0004558533261855846,mountain,mountain,True
pna,powerless,0.706475,0.0022640155296634813,0.0027566184127337415,0.0705914910391464,0.0012456603244984416,0.008146701577179507,tangled_rope,tangled_rope,True
pna,moderate,0.71922,0.003522506302955383,0.004474629921400118,0.08893533770970706,0.001977047761006484,0.010660512728065145,tangled_rope,tangled_rope,True
pna,institutional,-0.027464,2.2364063116073103,19.1807746706094,2.4457871113436465,1.3181460495504,0.8734565675153569,tangled_rope,rope,False
pna,analytical,0.890455,0.0677724016294795,0.13652380182152143,0.43140818143616555,0.046348127779349775,0.0860359372003022,tangled_rope,tangled_rope,True
po_investigation_protocol_bias,powerless,0.597787,0.011681721779731358,0.009913386172937747,0.14658165259040537,0.005369141191344153,0.03757992569492741,snare,snare,True
po_investigation_protocol_bias,moderate,0.608571,0.016811515731915267,0.013741427918433934,0.17412801410543166,0.0075753543218812815,0.04359364963083501,snare,snare,True
po_investigation_protocol_bias,institutional,-0.023239,8.176339814432335,20.11204107961983,2.950912992299252,1.8096090770735833,0.9188293365870537,snare,rope,False
po_investigation_protocol_bias,analytical,0.753462,0.12143694631155254,0.061817068398941265,0.4100312426317774,0.04188439117372429,0.08062657872198498,snare,snare,True
poetic_verse_and_past,powerless,0.815164,0.02998757879762141,0.02607380488183574,0.23633772251653112,0.013947638171045683,0.08837163172987894,snare,snare,True
poetic_verse_and_past,moderate,0.829869,0.04307165281141583,0.03618829217231606,0.2807288472394758,0.01966984469158369,0.10278892208419199,snare,snare,True
poetic_verse_and_past,institutional,-0.031689,8.964692761080457,18.123672861520895,2.7326180208084385,1.5938696306915505,0.7844506798240536,snare,rope,False
poetic_verse_and_past,analytical,1.027448,0.29493319844361565,0.15850522479488685,0.6490056926250694,0.10438129032583324,0.1906901902309739,snare,snare,True
poincare_conjecture,powerless,0.011355,6.987820173000652e-08,7.001350587209271e-08,0.00037402086815474457,3.4972902258919595e-08,2.38981574468616e-05,mountain,mountain,True
poincare_conjecture,moderate,0.01,0.0,0.0,0.0,0.0,0.0,mountain,mountain,True
poincare_conjecture,institutional,-0.001194,4.185051354012292e-06,4.122348749396973e-06,0.002882194410337045,2.0767607953559147e-06,0.00018182318172393734,mountain,mountain,True
poincare_conjecture,analytical,0.0138,5.634750356068519e-07,5.665732363183615e-07,0.001063034287528311,2.825104677849002e-07,6.81048885219802e-05,mountain,mountain,True
polar_bear_biobanking,powerless,0.2496,1.3768436021974353,2.8736598580014427,1.6103814693437333,0.6140525299621611,0.6333776196339187,snare,tangled_rope,False
polar_bear_biobanking,moderate,0.531116,0.04069883589358883,0.03634134671719161,0.27722506915306466,0.019182691430857886,0.11799079333516982,snare,snare,True
polar_bear_biobanking,institutional,-0.020281,6.9623706019357785,13.952384794007644,2.8329863092037906,1.6926168240850235,0.9283544183246101,snare,rope,False
polar_bear_biobanking,analytical,0.657567,0.33700028084298744,0.20620041525223,0.7200801920300679,0.12823460373466183,0.2532573737209831,snare,snare,True
policy_implementation_gap,powerless,0.521705,0.030696457348630454,0.03256838658526652,0.2514398608116682,0.01578469404446062,0.11822531495848176,tangled_rope,tangled_rope,True
policy_implementation_gap,moderate,0.531116,0.046338461331552734,0.04951516910424518,0.3094696603106636,0.02389513403065835,0.1467417886993868,tangled_rope,tangled_rope,True
policy_implementation_gap,institutional,-0.020281,3.6897490651631135,12.34027120243623,2.4394780946835652,1.3122184098277452,0.8323057893552961,tangled_rope,rope,False
policy_implementation_gap,analytical,0.657567,0.5336162204200359,0.5157976893685235,1.0234225150929708,0.2561843336350185,0.4891184085428538,tangled_rope,snare,False
policy_lag_catastrophe,powerless,0.956459,0.018808855136366556,0.018719614800330173,0.1937214796362104,0.009374670046781258,0.09663378398840372,snare,piton,False
policy_lag_catastrophe,moderate,0.973713,0.031062056289337156,0.030732962854497226,0.2485817963945459,0.015428350301898586,0.12370900849816835,snare,piton,False
policy_lag_catastrophe,institutional,-0.037182,4.352990586685287,9.319223171413704,2.021272981895835,0.9373567742533124,0.5303119949338219,snare,piton,False
policy_lag_catastrophe,analytical,1.205539,0.8115271936437891,0.5152048089277215,1.1272964741641927,0.3093768323878912,0.46818120341094194,snare,piton,False
politeness_face_negotiation,powerless,0.706475,0.02613725189551424,0.029762565466651247,0.23605550329811423,0.013914385981167864,0.0909641696633331,tangled_rope,tangled_rope,True
politeness_face_negotiation,moderate,0.71922,0.03993720946846346,0.04652035001991699,0.29339055302526207,0.02148094106737026,0.11552998349456214,tangled_rope,tangled_rope,True
politeness_face_negotiation,institutional,-0.027464,3.046605667768487,18.178650617039995,2.362175714530301,1.2401624804045814,0.7951022179382183,tangled_rope,rope,False
politeness_face_negotiation,analytical,0.890455,0.5262815837173186,0.6493931629453111,1.0784919318044495,0.28380777287381465,0.4953251549592722,tangled_rope,snare,False
political_art_factional_alignment,powerless,0.673869,0.0178043167978272,0.015163163357137414,0.1811303624344948,0.008196447443265113,0.05452629366545969,snare,snare,True
political_art_factional_alignment,moderate,0.686025,0.025589518078110017,0.020993758951315656,0.21503830275610286,0.011549235361513291,0.06323680576901058,snare,snare,True
political_art_factional_alignment,institutional,-0.026196,8.280563864223362,19.041466048505427,2.8397870789028636,1.6993385570616266,0.8699494376537403,snare,rope,False
political_art_factional_alignment,analytical,0.849357,0.18076911134106824,0.09219516750139392,0.5004749785229414,0.06229272279251603,0.11598615865836237,snare,snare,True
political_dissident_containment,powerless,0.923852,0.0012094588668323182,0.000981809342253372,0.04662050385321281,0.000543343241275978,0.003454037568870527,snare,snare,True
political_dissident_containment,moderate,0.940518,0.00170942830747009,0.0013277431652457855,0.05478157412034045,0.0007502083100412224,0.003947983410799827,snare,snare,True
political_dissident_containment,institutional,-0.035914,10.099920825456861,21.700307834777025,3.087544496296831,1.9459584210358174,0.992580839083844,snare,rope,False
political_dissident_containment,analytical,1.164441,0.010222290869277588,0.004926464624600097,0.11706979710008089,0.00342535614606883,0.006626446494953586,snare,snare,True
portugal_ad_stability_2026,powerless,0.38041,0.001411863559696803,0.0009495252485611328,0.04760800450665458,0.0005666037679360434,0.001065615543253795,tangled_rope,tangled_rope,True
portugal_ad_stability_2026,moderate,0.387272,0.0019996050858305105,0.0012551351956681042,0.05537596879406405,0.0007665755051306366,0.0011229946277925415,tangled_rope,tangled_rope,True
portugal_ad_stability_2026,institutional,-0.014788,2.0125654606243737,5.296907471865915,2.317002887400665,1.1985740768524984,0.8641372973100727,tangled_rope,rope,False
portugal_ad_stability_2026,analytical,0.479476,0.015382287772343604,0.009341515006447169,0.1353553039350257,0.004578516607427805,0.0060309927742458365,tangled_rope,tangled_rope,True
portugal_polarization_threshold_2026,powerless,0.597787,0.0410829655539297,0.040606134652252296,0.28580779944782636,0.02038679498270294,0.14215216257657348,tangled_rope,snare,False
portugal_polarization_threshold_2026,moderate,0.608571,0.060917399324220696,0.05962791795589841,0.3471774529414241,0.03005745521422709,0.17199288357342324,tangled_rope,snare,False
portugal_polarization_threshold_2026,institutional,-0.023239,5.389166284499893,17.476731604485323,2.571085891357449,1.4371987951840874,0.8523966995892098,tangled_rope,rope,False
portugal_polarization_threshold_2026,analytical,0.753462,0.5655181368820994,0.41800616922698913,0.9822857247457171,0.23641115622932835,0.43271857414005555,tangled_rope,snare,False
portuguese_presidential_term_limits,powerless,0.021738,3.5524484749629455e-07,3.5384632491825636e-07,0.0008420733491819357,1.7727187856726493e-07,4.608627025225664e-05,rope,rope,True
portuguese_presidential_term_limits,moderate,0.02213,5.312697262897301e-07,5.287302189657919e-07,0.0010295590259877248,2.6499794117243473e-07,5.621869875721596e-05,rope,rope,True
portuguese_presidential_term_limits,institutional,-0.000845,8.894185878491594e-05,9.38634675267027e-05,0.013515521982336262,4.5667159821877366e-05,0.0016720787342735521,rope,rope,True
portuguese_presidential_term_limits,analytical,0.027399,6.2166616189238415e-06,6.129274435247214e-06,0.003513526957111139,3.0862171257477e-06,0.00018346707559949334,rope,rope,True
postman_survival_protocol,powerless,0.167153,0.0008239312468534266,0.0008909990074217394,0.04138378874505889,0.00042813921658642047,0.007795894210906762,rope,rope,True
postman_survival_protocol,moderate,0.151292,3.616743345611533e-06,3.6366536989945156e-06,0.002693204046324203,1.8133367346809502e-06,0.00048294179753816113,rope,rope,True
postman_survival_protocol,institutional,-0.006338,0.003086704506791391,0.002383992850854189,0.07311924441032602,0.0013364571061227257,0.008170903098792287,rope,rope,True
postman_survival_protocol,analytical,0.20549,0.016036496339389264,0.021502426827559772,0.19197317314332993,0.009206353040779163,0.04244988667943517,rope,rope,True
power_set_axiomatic_extraction,powerless,0.445623,0.014513623039457121,0.01616889660455005,0.17493311011360985,0.007645522114346242,0.06260286881980519,tangled_rope,tangled_rope,True
power_set_axiomatic_extraction,moderate,0.453662,0.022219081605003622,0.025291430171890502,0.21756364414407459,0.011821820135046261,0.07942401160855968,tangled_rope,tangled_rope,True
power_set_axiomatic_extraction,institutional,-0.017323,2.5482014469467305,8.124085472457525,2.3512999612229195,1.2301134765769504,0.8129795255792641,tangled_rope,rope,False
power_set_axiomatic_extraction,analytical,0.561672,0.3243506119294508,0.4238182882648123,0.85813954638138,0.1812937185171346,0.37852213535464585,tangled_rope,snare,False
power_without_responsibility,powerless,0.999934,0.029175423127126718,0.027696168567112225,0.23841645029203207,0.01419378048024942,0.1130590329637916,piton,piton,True
power_without_responsibility,moderate,1.017973,0.04687394015482882,0.043585287264071515,0.3006130242902824,0.022549546226322312,0.14084093047053392,piton,piton,True
power_without_responsibility,institutional,-0.038872,3.1934347423123706,5.753092959156801,1.6673366263010883,0.6556714758909583,0.40242249700555816,piton,piton,True
power_without_responsibility,analytical,1.260336,0.8880572755195197,0.42037983623301783,1.081609458271753,0.28541067305027473,0.381221718100605,piton,piton,True
prestige_signal_inflation,powerless,0.880377,0.005360056517223252,0.00531773728019333,0.10333126762295401,0.0026687439896517333,0.05130474248822181,piton,piton,True
prestige_signal_inflation,moderate,0.896259,0.009335591752115388,0.009226505612030846,0.1362385737925964,0.004638443207963108,0.06750923213301274,piton,piton,True
prestige_signal_inflation,institutional,-0.034224,4.008987627123192,8.865153534555976,1.93023365586567,0.8613583316975258,0.4729454298874264,piton,piton,True
prestige_signal_inflation,analytical,1.109644,0.3787897506643104,0.28671896926559415,0.8094690132268814,0.16158605170532037,0.3530814145072876,piton,piton,True
price_signal_corruption,powerless,0.902115,0.008044396136940683,0.007926062070333244,0.12637104386333387,0.003991082080277358,0.06219702194659693,piton,piton,True
price_signal_corruption,moderate,0.918388,0.013681254178110142,0.013391443590461169,0.16452969942666026,0.00676368976499097,0.08066272816429099,piton,piton,True
price_signal_corruption,institutional,-0.035069,3.7176292838080567,7.577290437100846,1.8278659483874933,0.7787281742628952,0.4457230591084232,piton,piton,True
price_signal_corruption,analytical,1.137042,0.4553210635231807,0.315303213313018,0.8661444198830272,0.18463850511077948,0.35959688700849224,piton,piton,True
prime_age_male_unwork,powerless,0.673869,0.026362354178736367,0.023011363692144,0.22181605391353293,0.012287986901688542,0.08166028213857135,snare,snare,True
prime_age_male_unwork,moderate,0.686025,0.038058672340579185,0.03212970035194572,0.26421656881935146,0.017427230804473986,0.0952796819649161,snare,snare,True
prime_age_male_unwork,institutional,-0.026196,7.930897031228507,18.583554864092413,2.7551747039306154,1.6159817118939948,0.8057828347771808,snare,rope,False
prime_age_male_unwork,analytical,0.849357,0.2777500099109087,0.14920999230120507,0.6297683417982142,0.09833548340169167,0.18141972465951428,snare,snare,True
prime_number_theorem,powerless,0.09084,1.2983817403266436e-05,1.3321267855455393e-05,0.005128531797643256,6.5754559967212376e-06,0.00033872941830803693,mountain,mountain,True
prime_number_theorem,moderate,0.079998,4.062328536165972e-13,4.062776295746315e-13,9.014894641789378e-07,2.0312675658162885e-13,5.838924066470241e-08,mountain,mountain,True
prime_number_theorem,institutional,-0.00955,0.0003997901214675885,0.0003422109411635781,0.02717800188395624,0.00018465810497976902,0.0015771433731534318,mountain,mountain,True
prime_number_theorem,analytical,0.110402,0.00011897065800014144,0.00012831631377774848,0.015716932147382998,6.175517122016753e-05,0.0010792856556848252,mountain,mountain,True
prisoners_dilemma_equilibrium,powerless,0.11355,5.580062057761728e-05,5.780668638716529e-05,0.010657426357948037,2.8395116953326633e-05,0.0010510548944754339,mountain,mountain,True
prisoners_dilemma_equilibrium,moderate,0.099998,1.0985626370784921e-12,1.0982443188290538e-12,1.4823472637469975e-06,5.492245526290683e-13,1.4230366018885832e-07,mountain,mountain,True
prisoners_dilemma_equilibrium,institutional,-0.011938,0.0014842625174867972,0.0012090920530080673,0.051693339851671384,0.0006680131561446303,0.004305228460052879,mountain,mountain,True
prisoners_dilemma_equilibrium,analytical,0.138002,0.0005282777033789355,0.0005864860858963037,0.033353892362166127,0.00027811408806712606,0.0034745693001475564,mountain,mountain,True
private_credit_market_opacity,powerless,0.597787,0.02843156124286774,0.025412418445336142,0.2317675736168452,0.013414030484065729,0.09368919017462074,snare,snare,True
private_credit_market_opacity,moderate,0.608571,0.0413093883179008,0.03587162963774966,0.27729299664668433,0.019192078053328804,0.11011225787365331,snare,snare,True
private_credit_market_opacity,institutional,0.493689,0.05296663447737343,0.057379893828004916,0.33197862263625094,0.027489248078394448,0.15551564767662196,snare,snare,True
private_credit_market_opacity,analytical,0.753462,0.3208054756732387,0.18293547271279123,0.6885767566091077,0.11736823520759057,0.22161622270521064,snare,snare,True
private_identity_integration,powerless,0.434754,0.0011797010487530238,0.001246161746111397,0.04902044115035314,0.0006007208381081206,0.003989694036522399,tangled_rope,tangled_rope,True
private_identity_integration,moderate,0.442597,0.001792803290322657,0.0019432297373254714,0.06072937777246072,0.0009219434907993626,0.005157734628734568,tangled_rope,tangled_rope,True
private_identity_integration,institutional,-0.016901,1.9071329159688168,7.468630347622838,2.3098028660285697,1.1919825985283998,0.8391749251839042,tangled_rope,rope,False
private_identity_integration,analytical,0.547972,0.029018545018065063,0.048331340997007075,0.2674855373354744,0.01786048161680462,0.037574798137188704,tangled_rope,tangled_rope,True
procedural_compliance_theater,powerless,0.630393,0.005071294834919186,0.005116747280007328,0.10093384327298616,0.002546369662731961,0.04984508363002921,piton,piton,True
procedural_compliance_theater,moderate,0.641765,0.007020472380421534,0.007088907284099832,0.11877957634648179,0.003526110330683784,0.05871571991648561,piton,piton,True
procedural_compliance_theater,institutional,-0.024506,3.2006607672118297,7.3478210183924375,1.75747663060915,0.723753867471287,0.4037179637636468,piton,piton,True
procedural_compliance_theater,analytical,0.79456,0.01568858799107968,0.015704150181855905,0.177049449422515,0.007831510495129191,0.08732210243823868,piton,piton,True
procedural_legitimacy_decay,powerless,0.826033,0.0009878785688556269,0.0009698526815600551,0.04423922755193419,0.0004892573645657452,0.02017491145891004,piton,piton,True
procedural_legitimacy_decay,moderate,0.840934,0.001941613263613029,0.001897483557471602,0.061948863630521836,0.000959338722234773,0.028246676889618905,piton,piton,True
procedural_legitimacy_decay,institutional,-0.032112,3.0206458959345026,10.105356444954348,1.8291213456566346,0.7797225782928342,0.4597575234400036,piton,piton,True
procedural_legitimacy_decay,analytical,1.041147,0.14709705185106073,0.11436445608436263,0.5082016274648036,0.0642205598594642,0.20351202125590484,piton,piton,True
project_vault_2026,powerless,0.597787,0.0025963010332691727,0.00224213874365379,0.06940015861483428,0.001203974688291424,0.01226035563169825,snare,snare,True
project_vault_2026,moderate,0.608571,0.003689351942913148,0.0030850411895516506,0.08202647510744152,0.001681849883512069,0.014222734479781285,snare,snare,True
project_vault_2026,institutional,-0.023239,8.691173738139542,21.29830633001597,3.058679946387478,1.9171110401243032,0.9778199792266022,snare,rope,False
project_vault_2026,analytical,0.753462,0.022091797445860813,0.012222116865306117,0.17830803514891663,0.007943175437689558,0.025126451983102704,snare,snare,True
project_vault_extraction_2026,powerless,0.84777,0.00025797042119199117,0.00022952874415355378,0.022019344726730415,0.00012121166117318698,0.0013000128951480214,snare,snare,True
project_vault_extraction_2026,moderate,0.863064,0.000406119655765181,0.00036186209267573526,0.027612945112128494,0.00019061565650365102,0.0018112562991548144,snare,snare,True
project_vault_extraction_2026,institutional,-0.032957,8.426859221258088,22.296341937566034,3.08408739044235,1.9425026599243618,0.9899440479286176,snare,rope,False
project_vault_extraction_2026,analytical,1.068546,0.019032021044008827,0.028935004579151536,0.21406310945112395,0.011444821691111204,0.03019168015519591,snare,snare,True
proof_of_work_consensus,powerless,0.543443,0.028267467326111576,0.025683117470643738,0.23207043861339782,0.013449071903790981,0.0985432673219716,snare,snare,True
proof_of_work_consensus,moderate,0.553246,0.04125231241679268,0.03653834830477583,0.27852071492209624,0.019362125264845112,0.1164285628969387,snare,snare,True
proof_of_work_consensus,institutional,-0.021126,7.198011340859747,15.256961334097552,2.8373990608970363,1.6969778919366625,0.9177011644971763,snare,rope,False
proof_of_work_consensus,analytical,0.684965,0.33524694361827684,0.2007516725626323,0.7138013446310463,0.12603171963316967,0.24508350849901084,snare,snare,True
protocol_capture_eee,powerless,0.597787,0.011681721779731358,0.009913386172937747,0.14658165259040537,0.005369141191344153,0.03757992569492741,snare,snare,True
protocol_capture_eee,moderate,0.608571,0.016811515731915267,0.013741427918433934,0.17412801410543166,0.0075753543218812815,0.04359364963083501,snare,snare,True
protocol_capture_eee,institutional,-0.023239,8.176339814432335,20.11204107961983,2.950912992299252,1.8096090770735833,0.9188293365870537,snare,rope,False
protocol_capture_eee,analytical,0.753462,0.12143694631155254,0.061817068398941265,0.4100312426317774,0.04188439117372429,0.08062657872198498,snare,snare,True
protocol_drift_accumulation,powerless,0.902115,0.008014399193243364,0.007887635434636255,0.1260994579472493,0.003973951601615249,0.06191734021794315,piton,piton,True
protocol_drift_accumulation,moderate,0.918388,0.013625278439611463,0.013317470443987275,0.1641330930150997,0.006731138977389109,0.08026153948955583,piton,piton,True
protocol_drift_accumulation,institutional,-0.035069,3.7058583732581196,8.022811983314057,1.8441611414679102,0.7916729176756109,0.43936959859981334,piton,piton,True
protocol_drift_accumulation,analytical,1.137042,0.4509352749117235,0.31040964787566494,0.8605587737616839,0.18230150806477471,0.3552562758798311,piton,piton,True
public_domain_commons,powerless,0.0,0.0,0.0,2.9802322387695312e-08,0.0,0.0,rope,rope,True
public_domain_commons,moderate,0.0,0.0,0.0,2.9802322387695312e-08,0.0,0.0,rope,rope,True
public_domain_commons,institutional,-0.0,0.0,0.0,2.9802322387695312e-08,0.0,0.0,rope,rope,True
public_domain_commons,analytical,0.0,0.0,0.0,2.9802322387695312e-08,0.0,0.0,rope,rope,True
publishing_embargo,powerless,0.38041,0.00152955564671086,0.0011817595221614275,0.05130399493990203,0.0006579888919175384,0.0018630301952396264,tangled_rope,tangled_rope,True
publishing_embargo,moderate,0.387272,0.0022078744249747484,0.001657359909374889,0.06088516197355616,0.0009266791671035314,0.002397958893358288,tangled_rope,tangled_rope,True
publishing_embargo,institutional,-0.014788,1.8446888410810767,5.1986289803469425,2.245850038178622,1.1339044494709856,0.8358966513062387,tangled_rope,rope,False
publishing_embargo,analytical,0.479476,0.021650426773077998,0.021745350577020713,0.19182454024819162,0.009192113671583912,0.016629328936726116,tangled_rope,tangled_rope,True
pythagorean_geometric_constancy,powerless,0.02271,3.6997046640148644e-07,3.715387383753982e-07,0.0008611078424804886,1.8537667635302543e-07,5.789619280609226e-05,mountain,mountain,True
pythagorean_geometric_constancy,moderate,0.02,0.0,0.0,2.9802322387695312e-08,0.0,0.0,mountain,mountain,True
pythagorean_geometric_constancy,institutional,-0.002388,1.9696357724531223e-05,1.9087162260646616e-05,0.006227064879193615,9.694076421013998e-06,0.000407716043649615,mountain,mountain,True
pythagorean_geometric_constancy,analytical,0.0276,3.0494215440657117e-06,3.086528225045205e-06,0.0024770509592139567,1.533945167449772e-06,0.0001675357516825477,mountain,mountain,True
qualified_immunity,powerless,0.869508,0.00606204133710313,0.0049641647297607155,0.1046132966967485,0.0027353617169573984,0.017312819773862564,snare,snare,True
qualified_immunity,moderate,0.885194,0.008599715197828293,0.006744058688739715,0.1231853169756731,0.0037924564126943167,0.019842563252982504,snare,snare,True
qualified_immunity,institutional,-0.033802,9.850070022713307,19.08135241495202,2.9728827045156208,1.8314900630504576,0.962456845472311,snare,rope,False
qualified_immunity,analytical,1.095945,0.05342528910931598,0.025768261270453646,0.26767239294453227,0.017885406419034813,0.03378537687159444,snare,snare,True
quantum_entanglement_protocol,powerless,0.217377,0.033927956845517394,0.03480003736625772,0.26211769240392063,0.017151849452989046,0.12864592237891065,rope,rope,True
quantum_entanglement_protocol,moderate,0.221298,0.05227447604945654,0.053590014071623615,0.32529650106437075,0.0263961849621484,0.1598433763960581,rope,tangled_rope,False
quantum_entanglement_protocol,institutional,-0.00845,0.5551911422875057,0.31087791365344886,0.8959692601477299,0.19735622092790564,0.3300830867593312,rope,rope,True
quantum_entanglement_protocol,analytical,0.273986,0.762220585731454,0.6034997792232364,1.1563777654775906,0.32509237375053524,0.5094941245482948,rope,tangled_rope,False
quantum_measurement_gap,powerless,0.056775,2.9907330420895147e-06,3.030852301529026e-06,0.002453851027627503,1.5053460279094625e-06,0.00014950740695685028,mountain,mountain,True
quantum_measurement_gap,moderate,0.049999,6.155387024932804e-14,6.150362853585074e-14,3.4882724019049525e-07,3.0766131977946807e-14,2.1160004637366114e-08,mountain,mountain,True
quantum_measurement_gap,institutional,-0.005969,0.00011801595273047574,0.00010807297664285505,0.015025336218571422,5.6439916662910785e-05,0.0008502061608019378,mountain,mountain,True
quantum_measurement_gap,analytical,0.069001,2.6066423207153347e-05,2.709819797780639e-05,0.007290377323079196,1.328738566550132e-05,0.0004529360669764948,mountain,mountain,True
quantum_nonlocality_2026,powerless,0.0,0.0,0.0,0.0,0.0,0.0,mountain,mountain,True
quantum_nonlocality_2026,moderate,0.0,0.0,0.0,0.0,0.0,0.0,mountain,mountain,True
quantum_nonlocality_2026,institutional,-0.0,0.0,0.0,0.0,0.0,0.0,mountain,mountain,True
quantum_nonlocality_2026,analytical,0.0,0.0,0.0,0.0,0.0,0.0,mountain,mountain,True
quellcrist_falconer_justice,powerless,0.978197,0.0011038364571092424,0.0008981152048924048,0.0445650660394516,0.0004964907344943795,0.0031930614698070852,snare,snare,True
quellcrist_falconer_justice,moderate,0.995843,0.0015567183795969779,0.0012129214711804064,0.05232094230208203,0.0006843312215148056,0.003648230195063456,snare,snare,True
quellcrist_falconer_justice,institutional,-0.038027,9.721521738931365,20.188326114026903,3.0669454666336358,1.9253701430551906,0.9930649370400391,snare,rope,False
quellcrist_falconer_justice,analytical,1.232938,0.009025565277582866,0.004456337838139379,0.11080387238004312,0.0030685895255876763,0.0061165997765442424,snare,snare,True
quine_self_replication,powerless,0.217377,0.007710077114106374,0.00811917373958484,0.12567625938817073,0.003947331407524195,0.053272434860284545,rope,rope,True
quine_self_replication,moderate,0.221298,0.011915538588531956,0.012742419110098203,0.15675332502855424,0.006139757267749218,0.06563337163393351,rope,rope,True
quine_self_replication,institutional,-0.00845,0.3187631581506527,0.2689644999497771,0.7615301867623608,0.14323884999421457,0.35680501206374854,rope,mountain,False
quine_self_replication,analytical,0.273986,0.23945762024598669,0.36781956593176873,0.7506477257014106,0.139222097900322,0.2416202486355604,rope,rope,True
qwerty_vs_dvorak,powerless,0.434754,0.01943623902811277,0.021102093692595424,0.2011705821836365,0.010108873510385374,0.08421560754703603,tangled_rope,tangled_rope,True
qwerty_vs_dvorak,moderate,0.442597,0.02957025638888337,0.03258667156154471,0.24902469661128415,0.015483305804946307,0.1057674717818902,tangled_rope,tangled_rope,True
qwerty_vs_dvorak,institutional,-0.016901,2.927513522670379,7.753620866435395,2.3880911175511024,1.2641978602141195,0.8215682415850729,tangled_rope,rope,False
qwerty_vs_dvorak,analytical,0.547972,0.39055018511748396,0.44707418037824553,0.9126132351034417,0.20462789521658925,0.43017818707743927,tangled_rope,snare,False
raac_school_maintenance,powerless,0.597787,0.01757098779442682,0.015148943666929959,0.18051322266262182,0.008140727266702223,0.05693926169333696,snare,snare,True
raac_school_maintenance,moderate,0.608571,0.02535908147722384,0.021112338324282193,0.21489296625733084,0.011533644245229508,0.06630634742632868,snare,snare,True
raac_school_maintenance,institutional,-0.023239,7.77517949676029,19.19669858635009,2.8626527334640426,1.7219635179146882,0.8794277918681316,snare,rope,False
raac_school_maintenance,analytical,0.753462,0.187062363921057,0.0984676225616916,0.5138759874965406,0.06565474242856231,0.12562493641450145,snare,snare,True
radiologic_diagnostic_threshold,powerless,0.76082,0.03887440968629028,0.03508322980396963,0.2716814116262547,0.018424339633364453,0.11797108249636368,snare,snare,True
radiologic_diagnostic_threshold,moderate,0.774544,0.05632478061672089,0.04942644510537283,0.3246696149572892,0.026294768948673136,0.13864237397085832,snare,snare,True
radiologic_diagnostic_threshold,institutional,-0.029576,7.850874798734342,18.058438063530403,2.6493410192347726,1.512703263785754,0.7799482288166827,snare,rope,False
radiologic_diagnostic_threshold,analytical,0.958951,0.4159613425699524,0.24082389454392278,0.7873093011470862,0.15297313922518554,0.2750699508749087,snare,snare,True
rafah_crossing_lifeline,powerless,0.163033,0.0051597994462585645,0.005543438544171262,0.10340192189618404,0.002672394009992778,0.03652470141282782,rope,rope,True
rafah_crossing_lifeline,moderate,0.165974,0.008051988232423661,0.008790459982805615,0.1296758763760342,0.004202485662774454,0.04637350191291745,rope,rope,True
rafah_crossing_lifeline,institutional,-0.006338,0.07827259861764146,0.05074057835064246,0.3510003813918323,0.0307213430933344,0.09237634106754922,rope,rope,True
rafah_crossing_lifeline,analytical,0.20549,0.16101983503298875,0.20932789955953296,0.6039156210145322,0.09048782796557689,0.2541842856635702,rope,rope,True
railway_gauge_standard,powerless,0.326066,0.19460001656344306,0.1808974288373613,0.6124057039429043,0.09302989124199879,0.29688355229870333,rope,piton,False
railway_gauge_standard,moderate,0.331948,0.2927565518534053,0.2587189872675596,0.7413665195047028,0.13583989854177092,0.3519984548970725,rope,piton,False
railway_gauge_standard,institutional,-0.012676,1.9919172410131751,0.554603806395571,1.34659031874389,0.4364576672092201,0.4318712898493118,rope,rope,True
railway_gauge_standard,analytical,0.410979,2.6836017467332676,0.8169933502272675,1.6014758010072523,0.6076456354059055,0.5634107951859483,rope,piton,False
ramsey_numbers,powerless,0.170325,0.00024840481229855115,0.00026538103321139064,0.02265755597130169,0.0001283398380319233,0.0025252503735077036,mountain,mountain,True
ramsey_numbers,moderate,0.149996,8.312412174160868e-12,8.312364616977166e-12,4.077367246147041e-06,4.156193988717751e-12,4.3190213372401587e-07,mountain,mountain,True
ramsey_numbers,institutional,-0.017906,0.004727309945802308,0.0033257915037439283,0.08870416519009695,0.0019667847924230556,0.007463046153215025,mountain,mountain,True
ramsey_numbers,analytical,0.207004,0.002574233638416722,0.0031337823907559305,0.07527759149658289,0.0014165117050098078,0.009349768808456949,mountain,mountain,True
rare_earth_coop_2026,powerless,0.021738,2.1535396427118823e-06,2.143632654791805e-06,0.0020729580680343687,1.0742886918860403e-06,0.0002971248405609847,rope,rope,True
rare_earth_coop_2026,moderate,0.02213,3.2118101887949934e-06,3.193770740428424e-06,0.0025309173798624424,1.6013854822808491e-06,0.0003624514891054191,rope,rope,True
rare_earth_coop_2026,institutional,-0.000845,0.00047064848377064046,0.0005016879992466401,0.03117021728292412,0.0002428906948831411,0.005132369328614272,rope,rope,True
rare_earth_coop_2026,analytical,0.027399,3.5302313600392475e-05,3.465037805984515e-05,0.008363497865550759,1.7486998654031067e-05,0.0011828223590122262,rope,rope,True
rare_earth_dependency,powerless,0.652131,0.02874300129283235,0.025392905699625924,0.2323351365004351,0.013479734702193562,0.0906707784291968,snare,snare,True
rare_earth_dependency,moderate,0.663895,0.0416124651685377,0.035630615773479486,0.27729631086681356,0.01919253609031246,0.10615163297205787,snare,snare,True
rare_earth_dependency,institutional,-0.025351,7.55343481102209,18.488707546828625,2.721533528312985,1.5830223741414329,0.8046408701276485,snare,rope,False
rare_earth_dependency,analytical,0.821958,0.3113629726520393,0.17191519127846885,0.6720799601831811,0.11186422882923436,0.20694920818052243,snare,snare,True
rare_earth_export_restrictions,powerless,0.597787,0.0356851614322242,0.03303454278948256,0.26199615861362674,0.017135970594368864,0.11957032406074841,snare,snare,True
rare_earth_export_restrictions,moderate,0.608571,0.05220262184909676,0.04724593716215123,0.3150561957462394,0.024763828275224106,0.14187781233722596,snare,snare,True
rare_earth_export_restrictions,institutional,-0.023239,6.399378660219657,17.20284245872875,2.6265978288913376,1.4906774524974873,0.8071763472435554,snare,rope,False
rare_earth_export_restrictions,analytical,0.753462,0.4285839432466854,0.26568728045201373,0.8148559395828161,0.16371395322370733,0.3054354654208995,snare,snare,True
rare_earth_hydrogen_extraction,powerless,0.521705,0.009533664611522278,0.011055400395435072,0.14318085326349,0.005123000595560922,0.03829880908004174,tangled_rope,tangled_rope,True
rare_earth_hydrogen_extraction,moderate,0.531116,0.014718954957451371,0.01760115649061376,0.1792173480997879,0.008024342876703406,0.04927667508724938,tangled_rope,tangled_rope,True
rare_earth_hydrogen_extraction,institutional,-0.020281,2.1544878716799936,11.687730186767054,2.298907512310712,1.1820280567987498,0.7938412893592629,tangled_rope,rope,False
rare_earth_hydrogen_extraction,analytical,0.657567,0.24542321823768828,0.3840090317670695,0.7778158206495086,0.14935258386662878,0.29304352951044765,tangled_rope,tangled_rope,True
rare_earth_seabed_mining,powerless,0.706475,0.009340352777247632,0.011186267054530213,0.1428321550535791,0.005098088780094031,0.03339114635110682,tangled_rope,tangled_rope,True
rare_earth_seabed_mining,moderate,0.71922,0.014464227733130573,0.01797525923118417,0.1793090290657828,0.008032549389265568,0.04333529580526556,tangled_rope,tangled_rope,True
rare_earth_seabed_mining,institutional,-0.027464,2.3098567166180692,18.613135467300477,2.3733417576112203,1.2505030804070851,0.8126291770466298,tangled_rope,rope,False
rare_earth_seabed_mining,analytical,0.890455,0.24576610460505974,0.4201947220662709,0.7935867215601168,0.15539003884929378,0.28056218708828734,tangled_rope,tangled_rope,True
rational_inertia_trap,powerless,0.815164,0.0005757450120379226,0.0005197626952348107,0.03302422643177275,0.0002726436880807175,0.007155943085710978,snare,snare,True
rational_inertia_trap,moderate,0.829869,0.001005557244200964,0.0009178987945135195,0.04374061763157254,0.0004782913429309651,0.010546990687872598,snare,snare,True
rational_inertia_trap,institutional,-0.031689,8.033374800693416,20.57715466317779,2.921364524816361,1.7802166497689604,0.8968832629293935,snare,rope,False
rational_inertia_trap,analytical,1.027448,0.08951917393536521,0.11228490745045358,0.4460736395870066,0.049539547366521205,0.1688716781455905,snare,snare,True
recipe_scaling_ai,powerless,0.532574,0.0003198596660750416,0.0002425120437815628,0.023538106542420528,0.00013850901614247262,0.0006674531729808455,tangled_rope,tangled_rope,True
recipe_scaling_ai,moderate,0.542181,0.00045968674025130324,0.00032738146807816717,0.02774259770446509,0.0001924098466398044,0.000757735370239658,tangled_rope,tangled_rope,True
recipe_scaling_ai,institutional,-0.020703,3.1597779132028405,12.930632549229726,2.7121324157373157,1.5738324938079793,0.9567666008068804,tangled_rope,rope,False
recipe_scaling_ai,analytical,0.671266,0.0034181385272335327,0.0011366504769243753,0.05955278351308028,0.0008865679980604204,0.0011539120043943033,tangled_rope,tangled_rope,True
reciprocity_laws_math,powerless,0.056775,3.010026733265022e-06,3.0504029007103197e-06,0.002461753010252365,1.5150567795191886e-06,0.00015047113353561237,mountain,mountain,True
reciprocity_laws_math,moderate,0.049999,6.198827449871778e-14,6.174745628838656e-14,3.513641989991549e-07,3.096466504460728e-14,2.1296464147724237e-08,mountain,mountain,True
reciprocity_laws_math,institutional,-0.005969,0.00011877653873516396,0.0001087696493943697,0.01507368227230614,5.6803705420999966e-05,0.000855698308329652,mountain,mountain,True
reciprocity_laws_math,analytical,0.069001,2.62344744784963e-05,2.727285049358132e-05,0.007313836882895639,1.3373037584035424e-05,0.0004558533261855846,mountain,mountain,True
regional_military_deterrence_mideast,powerless,0.706475,0.010449531172934864,0.008708097310793972,0.1379801066877179,0.004757739922079843,0.031178088079809152,snare,snare,True
regional_military_deterrence_mideast,moderate,0.71922,0.014948477631159914,0.011958345617682338,0.16326787247177574,0.006660399515466333,0.03595797667631173,snare,snare,True
regional_military_deterrence_mideast,institutional,-0.027464,8.738366628290793,19.685914236556606,2.9292264574869407,1.7880326451656838,0.929214561465024,snare,rope,False
regional_military_deterrence_mideast,analytical,0.890455,0.10156103815228555,0.04956715983243002,0.3703204846549714,0.034186476020063195,0.0636736972122367,snare,snare,True
regulatory_capture,powerless,0.869508,0.011066916285723542,0.008568914659319221,0.139270027389271,0.004847076020459538,0.023930033975847587,piton,piton,True
regulatory_capture,moderate,0.885194,0.016141198398195833,0.011743558816077096,0.16540893865963252,0.006836131302613938,0.02739689797218714,piton,piton,True
regulatory_capture,institutional,-0.033802,5.788654700359618,22.884858302788196,3.0219964962292183,1.8804751054239601,0.9950516261060713,piton,rope,False
regulatory_capture,analytical,1.095945,0.13505358317214614,0.040752949156509705,0.3658619399565096,0.03337052531787164,0.042880666875528495,piton,piton,True
regulatory_pathway_psychedelic_therapy,powerless,0.521705,0.02595508727101142,0.023522404244636568,0.2222322160441613,0.012334091088276631,0.09248114905664229,snare,snare,True
regulatory_pathway_psychedelic_therapy,moderate,0.531116,0.03787743075172456,0.033456459095395595,0.26669588987113874,0.017755341035796242,0.10922658800754192,snare,snare,True
regulatory_pathway_psychedelic_therapy,institutional,0.139865,3.744401423278573,11.372111230537286,2.4860653927354512,1.3561469609580523,0.7349303765233937,snare,rope,False
regulatory_pathway_psychedelic_therapy,analytical,0.657567,0.3089750272498505,0.18484434687778648,0.6851359227228118,0.1162096479171906,0.2301782899101089,snare,snare,True
relativity_of_simultaneity,powerless,0.0,0.0,0.0,0.0,0.0,0.0,mountain,mountain,True
relativity_of_simultaneity,moderate,0.0,0.0,0.0,0.0,0.0,0.0,mountain,mountain,True
relativity_of_simultaneity,institutional,-0.0,0.0,0.0,0.0,0.0,0.0,mountain,mountain,True
relativity_of_simultaneity,analytical,0.0,0.0,0.0,0.0,0.0,0.0,mountain,mountain,True
relativity_physical_invariance,powerless,0.02271,3.6997046640148644e-07,3.715387383753982e-07,0.0008611078424804886,1.8537667635302543e-07,5.789619280609226e-05,mountain,mountain,True
relativity_physical_invariance,moderate,0.02,0.0,0.0,2.9802322387695312e-08,0.0,0.0,mountain,mountain,True
relativity_physical_invariance,institutional,-0.002388,1.9696357724531223e-05,1.9087162260646616e-05,0.006227064879193615,9.694076421013998e-06,0.000407716043649615,mountain,mountain,True
relativity_physical_invariance,analytical,0.0276,3.0494215440657117e-06,3.086528225045205e-06,0.0024770509592139567,1.533945167449772e-06,0.0001675357516825477,mountain,mountain,True
rent_seeking_equilibrium,powerless,0.912984,0.009810329281591312,0.009690065750607685,0.13964143449771507,0.004872952464976748,0.06916065245739844,piton,piton,True
rent_seeking_equilibrium,moderate,0.929453,0.016557642312509474,0.016253486736202236,0.18113188624192403,0.008196585259164033,0.0893991285148098,piton,piton,True
rent_seeking_equilibrium,institutional,-0.035492,3.8098056960004922,6.669888908751143,1.8107116388569182,0.7651885690233146,0.46953691893655264,piton,piton,True
rent_seeking_equilibrium,analytical,1.150742,0.5217466847641037,0.35744638994763267,0.9242709667657352,0.20979517737543715,0.38629024014769375,piton,piton,True
repair_probe_incomplete,powerless,0.624525,0.08993698459345933,0.05645113106416111,0.37440398482081083,0.03494236185681644,0.09134580875823639,tangled_rope,tangled_rope,True
repair_probe_incomplete,moderate,0.549987,3.8094258584446625e-09,3.809719777064709e-09,8.728772080912229e-05,1.9047863896319876e-09,2.7856789797664483e-05,tangled_rope,tangled_rope,True
repair_probe_incomplete,institutional,-0.065657,12.236377210277313,8.426124836586428,3.0885719214097564,1.9469854780924982,0.9908987749018507,tangled_rope,rope,False
repair_probe_incomplete,analytical,0.759013,0.4407055739631663,0.11886854721764256,0.6337744207047692,0.09958000550155525,0.11668563380452934,tangled_rope,tangled_rope,True
reputational_cascade_failure,powerless,0.989065,0.025551706469421898,0.0242637013363195,0.22313709992820707,0.012434634923443592,0.10519552010021649,piton,piton,True
reputational_cascade_failure,moderate,1.006908,0.04118350294251509,0.03833332306203552,0.2818495621664197,0.01982694805588355,0.1313037642545607,piton,piton,True
reputational_cascade_failure,institutional,-0.038449,3.131099005501125,5.861476496558983,1.6569041682843595,0.6479655864584727,0.38976841488087577,piton,piton,True
reputational_cascade_failure,analytical,1.246637,0.8080035615395849,0.39321712673794584,1.0408547607828451,0.2647865127980157,0.36636220718997914,piton,piton,True
requirement_invasive_diabetes_testing,powerless,0.815164,0.004360896863134261,0.00356201680608748,0.08866959103549599,0.0019652521579010523,0.012489199363599046,snare,snare,True
requirement_invasive_diabetes_testing,moderate,0.829869,0.006196045808556904,0.004843844528637317,0.10447516943346993,0.002728144800157553,0.014317192245809629,snare,snare,True
requirement_invasive_diabetes_testing,institutional,-0.031689,9.33531731438542,19.852467157182687,3.0054745332992927,1.8639869393725799,0.9729579868240436,snare,rope,False
requirement_invasive_diabetes_testing,analytical,1.027448,0.03937088274120856,0.018681750140719735,0.22866415762795386,0.013057591066540981,0.024413632827576914,snare,snare,True
responsibility_dilution,powerless,0.978197,0.022832818535094557,0.021826321850229716,0.2112864154499795,0.0111501114926062,0.10045257201166069,piton,piton,True
responsibility_dilution,moderate,0.995843,0.0369913727862384,0.03473845985930231,0.26772383498535246,0.0178922713465808,0.1259460098122439,piton,piton,True
responsibility_dilution,institutional,-0.038027,3.1830603686978893,5.465592755475979,1.646791215554092,0.6405308109207987,0.398936241088082,piton,piton,True
responsibility_dilution,analytical,1.232938,0.7675784247776452,0.3921250404065908,1.029599878328544,0.259217516371027,0.37076838683364455,piton,piton,True
responsibility_without_power,powerless,0.989065,0.02654191929211805,0.025472691544691714,0.22803043541342258,0.012985393784584819,0.10984342122515878,piton,piton,True
responsibility_without_power,moderate,1.006908,0.04289810157124534,0.040461651865502005,0.2886266313549996,0.020790213485405294,0.13765359865451765,piton,piton,True
responsibility_without_power,institutional,-0.038449,3.3689260575118447,5.820197298371175,1.7032713947085165,0.6824932076644405,0.42546675002950185,piton,piton,True
responsibility_without_power,analytical,1.246637,0.8685075547604905,0.43782852941757533,1.090314254232255,0.2899083546294651,0.3984248695039997,piton,piton,True
rfc9293_state_machine,powerless,0.217377,0.02701164373899621,0.02498269358342713,0.2278838571109434,0.012968723148626498,0.09957170033191143,tangled_rope,tangled_rope,True
rfc9293_state_machine,moderate,0.221298,0.04066552498798987,0.03674861139582309,0.2779494801397635,0.019282912570217376,0.11968738302066395,tangled_rope,tangled_rope,True
rfc9293_state_machine,institutional,-0.00845,0.7255864893680418,0.5998524509945031,1.1446781516704636,0.31872713421396204,0.5253672431947571,tangled_rope,rope,False
rfc9293_state_machine,analytical,0.273986,0.4609178216253797,0.2620185052719056,0.8230558245249596,0.1669785750858941,0.27985166739139433,tangled_rope,tangled_rope,True
rices_theorem_undecidability,powerless,0.056775,3.010026733265022e-06,3.0504029007103197e-06,0.002461753010252365,1.5150567795191886e-06,0.00015047113353561237,mountain,mountain,True
rices_theorem_undecidability,moderate,0.049999,6.198827449871778e-14,6.174745628838656e-14,3.513641989991549e-07,3.096466504460728e-14,2.1296464147724237e-08,mountain,mountain,True
rices_theorem_undecidability,institutional,-0.005969,0.00011877653873516396,0.0001087696493943697,0.01507368227230614,5.6803705420999966e-05,0.000855698308329652,mountain,mountain,True
rices_theorem_undecidability,analytical,0.069001,2.62344744784963e-05,2.727285049358132e-05,0.007313836882895639,1.3373037584035424e-05,0.0004558533261855846,mountain,mountain,True
riot_incentive_loop_2026,powerless,0.891246,0.006521945308662659,0.006426999153504712,0.11379091387105815,0.0032362198831863915,0.05583643772504321,piton,piton,True
riot_incentive_loop_2026,moderate,0.907324,0.011204220255937175,0.01097147740220468,0.14890853344718052,0.005540877497905728,0.07278439327755448,piton,piton,True
riot_incentive_loop_2026,institutional,-0.034647,3.503658356090145,5.505809985657604,1.6993276945142115,0.6795286928790218,0.43360419632097247,piton,piton,True
riot_incentive_loop_2026,analytical,1.123343,0.4016063441819156,0.2842886309650378,0.818480114555949,0.16515304355875454,0.3408367069350958,piton,piton,True
risk_socialization_threshold,powerless,0.956459,0.01831089671983975,0.01785668115483373,0.1901659032104688,0.00903395844824583,0.09313809383466964,piton,piton,True
risk_socialization_threshold,moderate,0.973713,0.03006831840389884,0.028987834499810197,0.24298289228741582,0.014742025194350403,0.11823489609799964,piton,piton,True
risk_socialization_threshold,institutional,-0.037182,3.7269210713330327,7.991516854206172,1.855246935752958,0.8005252644391428,0.450187086010205,piton,piton,True
risk_socialization_threshold,analytical,1.205539,0.724709516561104,0.42114391963404285,1.0391727545409988,0.2639507472884897,0.404356891001606,piton,piton,True
ritual_transition_scaffold,powerless,0.38041,0.015773469632374623,0.01540111380315154,0.17587009236148932,0.007727590908016131,0.07199498374445432,piton,piton,True
ritual_transition_scaffold,moderate,0.387272,0.023408577254848222,0.02290899112015326,0.21409771395804303,0.011448518695403757,0.08903491329550198,piton,piton,True
ritual_transition_scaffold,institutional,-0.014788,3.8674183059727785,5.426079117697186,2.587921963408761,1.4533742780515297,0.932443773661945,piton,rope,False
ritual_transition_scaffold,analytical,0.479476,0.24459890225299447,0.24125140191521088,0.6869841251804605,0.11683127621831088,0.3141116702609278,piton,snare,False
ritual_without_belief,powerless,0.902115,0.008168009490551298,0.008210446389011077,0.12797782559063475,0.004093184018631532,0.06382025360225135,snare,piton,False
ritual_without_belief,moderate,0.918388,0.013977337009012991,0.01404165774844511,0.16738806059169878,0.007000602854078924,0.08351895599923215,snare,piton,False
ritual_without_belief,institutional,-0.035069,4.498377177523611,7.731548349984536,1.9863157227745136,0.9079058499536679,0.5623068295143656,snare,piton,False
ritual_without_belief,analytical,1.137042,0.5191511376891262,0.40528431825761674,0.9551899884476576,0.223794123836645,0.4314027695035026,snare,piton,False
rn_proteus_adoption,powerless,0.217377,0.031517225343698725,0.0304269220284315,0.2488508953551337,0.015461728768725197,0.11986740761364911,tangled_rope,tangled_rope,True
rn_proteus_adoption,moderate,0.221298,0.04790711332821906,0.045597785866860065,0.30570366072603516,0.023318228986594074,0.14624277165126065,tangled_rope,tangled_rope,True
rn_proteus_adoption,institutional,-0.00845,0.6519209118363373,0.45034417296415835,1.0348679459778656,0.261817341880773,0.4407461894931681,tangled_rope,rope,False
rn_proteus_adoption,analytical,0.273986,0.5982930247188674,0.3841367430179295,0.9712504515116545,0.23123341851861745,0.394013436575139,tangled_rope,tangled_rope,True
robustness_vs_efficiency_tradeoff,powerless,0.912984,0.0011798624511385263,0.0009574422359322534,0.04604222927449682,0.0005299483137196922,0.003364198583942512,snare,snare,True
robustness_vs_efficiency_tradeoff,moderate,0.929453,0.0016682520438751776,0.0012951254074992538,0.05411070781596109,0.000731947525130199,0.003845614894958568,snare,snare,True
robustness_vs_efficiency_tradeoff,institutional,-0.035492,9.307918289095095,20.556759663980237,3.0657542167928935,1.9241797361623698,0.9927355887945318,snare,rope,False
robustness_vs_efficiency_tradeoff,analytical,1.150742,0.010033406846286685,0.004816182448522895,0.11584196258565241,0.0033539022661423375,0.006456825313618739,snare,snare,True
roc_african_exarchate,powerless,0.739082,0.0019525458137687132,0.0015936973786830127,0.059320489098756674,0.0008796656148650999,0.005699048989479594,snare,snare,True
roc_african_exarchate,moderate,0.752415,0.0027806246289833634,0.002171821270521219,0.0699717676128711,0.0012238872203497839,0.006538530384444963,snare,snare,True
roc_african_exarchate,institutional,-0.028731,8.711306208805981,21.630114711125945,3.0622936770052935,1.9207217991969563,0.9874300122723944,snare,rope,False
roc_african_exarchate,analytical,0.931553,0.01822057246013685,0.008557251574166466,0.15507635231290218,0.006009157184160361,0.011222283411905426,snare,snare,True
rogers_commission_institutional_analysis,powerless,0.923852,0.002403748248410814,0.0019558222632041233,0.065764266318634,0.0010811372622483995,0.006871873833265263,snare,snare,True
rogers_commission_institutional_analysis,moderate,0.940518,0.003398705782558797,0.002646816438316372,0.07729841374492376,0.0014935752575868744,0.00785850255203091,snare,snare,True
rogers_commission_institutional_analysis,institutional,-0.035914,9.771911816427107,19.62031470008425,3.0337600620145064,1.8922196451282833,0.9852082546669176,snare,rope,False
rogers_commission_institutional_analysis,analytical,1.164441,0.02037391839167187,0.009861539295469379,0.16548639738807533,0.006842531679897175,0.013225749422921762,snare,snare,True
rogue_wave_control_2026,powerless,0.163033,0.0013665451867672699,0.0014804848787841572,0.05332408860212062,0.0007108224966016596,0.011406079537702007,rope,rope,True
rogue_wave_control_2026,moderate,0.165974,0.0021438837446142636,0.002366803785692235,0.0670973881006921,0.0011254093111333202,0.014558685848651498,rope,rope,True
rogue_wave_control_2026,institutional,-0.006338,0.016959687648833204,0.011487430346930824,0.16608400059211625,0.006892011852750851,0.02096046502174043,rope,rope,True
rogue_wave_control_2026,analytical,0.20549,0.04768661368179147,0.06873041598786733,0.33676719642471664,0.028286108206816575,0.09199012505823656,rope,rope,True
roman_bath_system,powerless,0.521705,0.03009085702735852,0.03205237121576255,0.2491864001423746,0.015503394393808989,0.1160269079276352,tangled_rope,tangled_rope,True
roman_bath_system,moderate,0.531116,0.04546791449132861,0.048826096887877084,0.3069165368201922,0.02350326172824352,0.14423785510977316,tangled_rope,tangled_rope,True
roman_bath_system,institutional,-0.020281,3.5366474553646463,11.983517968973365,2.4007618883255772,1.275994653312855,0.7987680008304695,tangled_rope,rope,False
roman_bath_system,analytical,0.657567,0.5303052409188627,0.5213201807506843,1.0245151937275063,0.2567196458322423,0.48996406043744123,tangled_rope,snare,False
roman_colosseum_games,powerless,0.597787,0.021190435062000662,0.018466643971729757,0.19878661551634388,0.009870899369290958,0.06900333850236162,snare,snare,True
roman_colosseum_games,moderate,0.608571,0.030642999291336348,0.025832436038103656,0.2369942284589822,0.014025143304271188,0.08057156011088917,snare,snare,True
roman_colosseum_games,institutional,-0.023239,8.100649615093575,19.347784801157097,2.892398855844007,1.7514504654622889,0.9123177325745931,snare,rope,False
roman_colosseum_games,analytical,0.753462,0.22940714543121682,0.12360232086459268,0.5729048735408586,0.08149544571466853,0.15530206377236566,snare,snare,True
roman_monumental_construction,powerless,0.521705,0.03071559845808582,0.0325822105480491,0.2515035307467793,0.015792678560329246,0.11821119043892442,tangled_rope,tangled_rope,True
roman_monumental_construction,moderate,0.531116,0.04636586711102627,0.04953376877965207,0.3095407548314454,0.023906092231843853,0.14672618937803233,tangled_rope,tangled_rope,True
roman_monumental_construction,institutional,-0.020281,3.5735005703414915,11.972075959819637,2.3938327662643646,1.2695398428081404,0.7967212917129285,tangled_rope,rope,False
roman_monumental_construction,analytical,0.657567,0.5338434882190034,0.5159384342794681,1.023551430820891,0.256247463424917,0.4891524439414366,tangled_rope,snare,False
roman_road_network,powerless,0.597787,0.036373081855373295,0.033818789783623356,0.2648037292868315,0.017504659571122176,0.1221277159906089,snare,snare,True
roman_road_network,moderate,0.608571,0.05325522821309879,0.04844899389667606,0.3186389640052701,0.025329052641286407,0.1450912937819816,snare,snare,True
roman_road_network,institutional,-0.023239,6.355346686625792,17.211580449495433,2.62667673849289,1.4907537608709651,0.8094079203663441,snare,rope,False
roman_road_network,analytical,0.753462,0.44046301017515727,0.27603603835134355,0.8285800349505082,0.16919530473678998,0.31520815468306995,snare,snare,True
rosen_bridge_protocol,powerless,0.543443,0.0003934385371230516,0.000295341592961014,0.026039557886004445,0.00016951224913653188,0.0007961706655370017,tangled_rope,tangled_rope,True
rosen_bridge_protocol,moderate,0.553246,0.0005645382079545907,0.00039697314636617255,0.030644648023980307,0.00023476901994365338,0.0009019160390148144,tangled_rope,tangled_rope,True
rosen_bridge_protocol,institutional,-0.021126,3.5786741951787335,13.493834037537027,2.7909752207065845,1.6511757388699004,0.9710148720997981,tangled_rope,rope,False
rosen_bridge_protocol,analytical,0.684965,0.004125192375800702,0.001261630171533907,0.06418797825466738,0.0010299357286639177,0.0013523040067119137,tangled_rope,tangled_rope,True
rotation_seven_black_soil,powerless,1.032541,3.1504593736108754e-07,3.2408663619674274e-07,0.000788579214391514,1.5546429230294196e-07,8.509888080385566e-07,tangled_rope,tangled_rope,True
rotation_seven_black_soil,moderate,1.051168,4.67989697593053e-07,5.01757659137831e-07,0.000967659641784666,2.3409129101402925e-07,1.1048260504961975e-06,tangled_rope,tangled_rope,True
rotation_seven_black_soil,institutional,-0.040139,4.4819549593779175,22.246592923227386,2.9283657708531083,1.7871768256852965,0.9886876370638759,tangled_rope,rope,False
rotation_seven_black_soil,analytical,1.301434,5.328471601194425e-06,1.0025847963890485e-05,0.0037393546777366943,3.4956923328563545e-06,7.1692034800573075e-06,tangled_rope,tangled_rope,True
rotation_seven_isolation,powerless,0.923852,0.003876639313790982,0.003163396485669067,0.0835802582007737,0.00174616074127508,0.011097018215320498,snare,snare,True
rotation_seven_isolation,moderate,0.940518,0.0054838684525891235,0.004284840341897986,0.09827406043400227,0.002413961981152697,0.012698227759828096,snare,snare,True
rotation_seven_isolation,institutional,-0.035914,10.037388072348753,19.15346407192087,3.003820656304231,1.8623369380005887,0.9760378593704957,snare,rope,False
rotation_seven_isolation,analytical,1.164441,0.032975270038887707,0.016048147613378853,0.21087014016119218,0.011106259670398388,0.021444075328234113,snare,snare,True
rotation_seven_kubo_ranking,powerless,0.815164,0.0036487709382663305,0.0029761327622123135,0.08107719220760407,0.0016431527288529595,0.010443093825550642,snare,snare,True
rotation_seven_kubo_ranking,moderate,0.829869,0.0051830184115005595,0.0040453380376574985,0.09551254984087512,0.0022802283757087276,0.01196788474972954,snare,snare,True
rotation_seven_kubo_ranking,institutional,-0.031689,9.767665592488912,21.17570852909813,3.0456122419717215,1.9040564255785468,0.9774532971969387,snare,rope,False
rotation_seven_kubo_ranking,analytical,1.027448,0.032882521158021746,0.015561074094666883,0.20880842069876093,0.010890341467743871,0.020372618439505108,snare,snare,True
royal_navy_middle_east_withdrawal,powerless,0.869508,0.050381811493214655,0.05010833452395883,0.31699865438956837,0.025069487682188838,0.1577846382824714,tangled_rope,snare,False
royal_navy_middle_east_withdrawal,moderate,0.885194,0.07413011237809547,0.07301229683378443,0.3835772436275646,0.03667026527947986,0.19028434122632482,tangled_rope,snare,False
royal_navy_middle_east_withdrawal,institutional,-0.033802,6.290368296711845,18.217295050654872,2.5028768923828477,1.372086053332872,0.7853851282855159,tangled_rope,rope,False
royal_navy_middle_east_withdrawal,analytical,1.095945,0.6100173776127533,0.45637299057736513,1.0233860533361665,0.2561664796955547,0.4549408762212655,tangled_rope,snare,False
rule_update_failure,powerless,0.782557,0.0009736732804681882,0.0007937923002193188,0.041872807176620556,0.0004383169841286552,0.004337845447454358,snare,snare,True
rule_update_failure,moderate,0.796674,0.0014976912046389766,0.001187483852955253,0.05152944207658292,0.0006637841294832232,0.009043323359390731,snare,snare,True
rule_update_failure,institutional,-0.030421,6.455580294564163,19.956134671421555,2.6935273172263203,1.5556733829219294,0.8773340212732162,snare,rope,False
rule_update_failure,analytical,0.98635,0.09904814432025325,0.09267660514204826,0.4355590384833742,0.047240764471659376,0.2108681034118085,snare,piton,False
rules_based_international_order,powerless,0.815164,0.02998757879762141,0.02607380488183574,0.23633772251653112,0.013947638171045683,0.08837163172987894,snare,snare,True
rules_based_international_order,moderate,0.829869,0.04307165281141583,0.03618829217231606,0.2807288472394758,0.01966984469158369,0.10278892208419199,snare,snare,True
rules_based_international_order,institutional,-0.031689,8.964692761080457,18.123672861520895,2.7326180208084385,1.5938696306915505,0.7844506798240536,snare,rope,False
rules_based_international_order,analytical,1.027448,0.29493319844361565,0.15850522479488685,0.6490056926250694,0.10438129032583324,0.1906901902309739,snare,snare,True
russells_paradox_self_reference,powerless,0.76082,0.048070980803046955,0.04617845890275632,0.30693395609279583,0.023505924455176155,0.15007950504107515,snare,snare,True
russells_paradox_self_reference,moderate,0.774544,0.07051526580757093,0.06663424031824307,0.3701916992312198,0.03416277017892774,0.1795261912833659,snare,snare,True
russells_paradox_self_reference,institutional,-0.029576,11.182471213409189,22.224417580480726,3.079620692767115,1.9380379555678586,0.9571236723593095,snare,rope,False
russells_paradox_self_reference,analytical,0.958951,0.5765290599937513,0.3885325555740292,0.9668216180767546,0.2291705484553291,0.40380610148890683,snare,snare,True
russian_war_cannibalization,powerless,0.869508,0.003779424141318111,0.0030808541407978452,0.08250301709874487,0.0017014456597443726,0.010771681447775405,snare,snare,True
russian_war_cannibalization,moderate,0.885194,0.005357489248067937,0.00417956247220249,0.09709478497999346,0.0023563864590498275,0.012333313791517697,snare,snare,True
russian_war_cannibalization,institutional,-0.033802,9.571940217539955,19.336321143616345,3.005840144123096,1.864351706032595,0.9767946124208042,snare,rope,False
russian_war_cannibalization,analytical,1.095945,0.03311803474444003,0.01583608547553804,0.21021123543013598,0.011037024584018323,0.02088469950488414,snare,snare,True
sa_renewable_price_differential,powerless,0.456492,0.0038386945578328807,0.0044025656019302025,0.09055394026040535,0.002049653838393016,0.016106438426242122,tangled_rope,tangled_rope,True
sa_renewable_price_differential,moderate,0.464727,0.005924092510755903,0.007013247106135971,0.11333018932293724,0.0032100738707434595,0.0207810239813899,tangled_rope,tangled_rope,True
sa_renewable_price_differential,institutional,-0.017746,1.943771140052868,8.42732189650047,2.2915519537113007,1.1753213575181698,0.8058651817280609,tangled_rope,rope,False
sa_renewable_price_differential,analytical,0.575371,0.10464831716096494,0.17806289560256028,0.5164952763654169,0.06632201546835836,0.1402093020045433,tangled_rope,tangled_rope,True
sadhu_integrity_protocol,powerless,0.326066,0.00918204392145211,0.006391331904000025,0.12319133850184383,0.003792827069091842,0.015228308351035058,tangled_rope,tangled_rope,True
sadhu_integrity_protocol,moderate,0.331948,0.013099571723939496,0.00839401805721436,0.14376571636386173,0.005164920734376487,0.017141689477121025,tangled_rope,tangled_rope,True
sadhu_integrity_protocol,institutional,-0.012676,2.0605532159890294,3.1510470696604873,2.1750682403290504,1.0706594519910326,0.8644879179618943,tangled_rope,rope,False
sadhu_integrity_protocol,analytical,0.410979,0.09291571927000364,0.02317072684826732,0.27789129099799004,0.019274852594018385,0.025692828354910158,tangled_rope,tangled_rope,True
sapir_whorf_hypothesis,powerless,0.597787,0.03641896684611809,0.03387122407021622,0.26499007350766435,0.017529268476265483,0.12229643346788921,snare,snare,True
sapir_whorf_hypothesis,moderate,0.608571,0.05332550039368437,0.04852956455350182,0.3188769581410145,0.025366823521657325,0.1453038948411821,snare,snare,True
sapir_whorf_hypothesis,institutional,-0.023239,6.420638468166422,17.37954630473385,2.6442402241024823,1.5077577782512892,0.8201182057945249,snare,rope,False
sapir_whorf_hypothesis,analytical,0.753462,0.44126346783853443,0.2767393505642607,0.8294996815402975,0.1695656929155524,0.3158660955703795,snare,snare,True
sat_csp_complexity,powerless,0.434754,0.0012934324587617072,0.0013543961786477159,0.05119054032740096,0.0006550820905838406,0.004302215444327159,tangled_rope,tangled_rope,True
sat_csp_complexity,moderate,0.442597,0.0019623485980291714,0.0021077519777946817,0.06335035123770581,0.0010032328662488688,0.005561202398517527,tangled_rope,tangled_rope,True
sat_csp_complexity,institutional,-0.016901,2.144398096412443,7.630313920468724,2.4014367818502396,1.2766238147814826,0.8705423307848815,tangled_rope,rope,False
sat_csp_complexity,analytical,0.547972,0.03141237237472202,0.05196338645192935,0.2775907882030492,0.019233255615917634,0.040408472372061265,tangled_rope,tangled_rope,True
satellite_d2m_standard,powerless,0.489098,0.0013823962615623082,0.0015767958000381115,0.05423314592208077,0.0007352634737031054,0.005262195038231632,tangled_rope,tangled_rope,True
satellite_d2m_standard,moderate,0.497921,0.0021313925127278764,0.0025133594382006114,0.06785053781128841,0.0011508134890755083,0.006828361166596313,tangled_rope,tangled_rope,True
satellite_d2m_standard,institutional,-0.019013,1.964058654504134,10.09997653346849,2.343680970964103,1.2230872072798296,0.8444530412934933,tangled_rope,rope,False
satellite_d2m_standard,analytical,0.616469,0.03884769964732674,0.07098899614533423,0.31862249262847775,0.025326439584547878,0.05189953211303308,tangled_rope,tangled_rope,True
scam_compound_2026,powerless,0.923852,0.0008709769530427774,0.0009364900795491198,0.042463426911114606,0.00045076872253759957,0.005378292101581271,snare,snare,True
scam_compound_2026,moderate,0.940518,0.0014842331520018587,0.0016433180196691903,0.055820987073590095,0.0007789450812619066,0.0073068807829189605,snare,snare,True
scam_compound_2026,institutional,-0.035914,8.719612508501777,22.389804404580246,3.0844482446181596,1.9428633658828047,0.9841195341357162,snare,rope,False
scam_compound_2026,analytical,1.164441,0.10779179250606827,0.21138291320388983,0.5407449112571973,0.07265703221083979,0.13191587294396862,snare,snare,True
scam_doubt_manufacturing,powerless,0.815164,0.003217471865776037,0.0026221122783640235,0.0761177258876206,0.0014483022165373957,0.009205176965712214,snare,snare,True
scam_doubt_manufacturing,moderate,0.829869,0.004569716914578119,0.0035631881595284756,0.08966058097981834,0.0020094183750461285,0.010547251611529807,snare,snare,True
scam_doubt_manufacturing,institutional,-0.031689,9.125402700619338,20.04708321666704,3.0211006167844587,1.8795808392706375,0.9801081194228658,snare,rope,False
scam_doubt_manufacturing,analytical,1.027448,0.028964462449318846,0.01368480497356084,0.19588036893693722,0.009584614532432648,0.01793586083690546,snare,snare,True
scientific_paradigm_lifecycle,powerless,0.521705,0.010386080671640527,0.009973481622966122,0.14265575580350195,0.00508550950282413,0.0660405156402214,snare,snare,True
scientific_paradigm_lifecycle,moderate,0.531116,0.014925092405540297,0.014188821628459067,0.17057019260959655,0.007269140012525021,0.07849547074962082,snare,snare,True
scientific_paradigm_lifecycle,institutional,-0.020281,5.304432540664662,12.76274840985805,2.548574823170581,1.4156334962018258,0.780836020984268,snare,rope,False
scientific_paradigm_lifecycle,analytical,0.657567,0.09341550230033585,0.0780435832628531,0.41214346247329386,0.042315494002528986,0.17747547452982648,snare,snare,True
scurvy_maritime_extraction,powerless,0.978197,0.002488614222391013,0.0020303226455680758,0.06696241401823584,0.0011208865082565835,0.007207588226355255,snare,snare,True
scurvy_maritime_extraction,moderate,0.995843,0.003511200570819044,0.0027442627458127916,0.07864226814625858,0.0015459523796704361,0.008239833136413188,snare,snare,True
scurvy_maritime_extraction,institutional,-0.038027,10.165699979572913,19.225603308711147,3.027567397454416,1.8860365058637676,0.9843640799442736,snare,rope,False
scurvy_maritime_extraction,analytical,1.232938,0.02041526118371326,0.010131464731021982,0.1668951175374438,0.006959455146999005,0.013858733140238333,snare,snare,True
second_order_unintended_consequences,powerless,0.923852,0.011571726192474707,0.011371236849427702,0.1514646699359233,0.005732645862128929,0.07455567358782722,piton,piton,True
second_order_unintended_consequences,moderate,0.940518,0.019361525581147912,0.018873415600800886,0.19552495568745526,0.00954989234501218,0.0957960064301544,piton,piton,True
second_order_unintended_consequences,institutional,-0.035914,3.7039364311304834,6.9410774999661635,1.802224366526158,0.7585232381576453,0.4525792889567052,piton,piton,True
second_order_unintended_consequences,analytical,1.164441,0.5605048965667582,0.3646660655760077,0.9442369784502379,0.21878629295953508,0.38363777292993695,piton,piton,True
seedance_export_restriction,powerless,0.597787,0.03200463678914902,0.029051135515933666,0.2468761714798375,0.015217623753082145,0.10624353685747223,snare,snare,True
seedance_export_restriction,moderate,0.608571,0.0466386401267342,0.041241545642238156,0.29602249139417613,0.021867363792168935,0.12538285212331213,snare,snare,True
seedance_export_restriction,institutional,-0.023239,6.783787424111803,17.650913499029386,2.6794166339117957,1.5419265059841774,0.8255272370283135,snare,rope,False
seedance_export_restriction,analytical,0.753462,0.37088271971096337,0.21923889176156394,0.7479650954007206,0.13824038991989088,0.25962792530213485,snare,snare,True
self_surpassing,powerless,0.869508,0.00606204133710313,0.0049641647297607155,0.1046132966967485,0.0027353617169573984,0.017312819773862564,snare,snare,True
self_surpassing,moderate,0.885194,0.008599715197828293,0.006744058688739715,0.1231853169756731,0.0037924564126943167,0.019842563252982504,snare,snare,True
self_surpassing,institutional,-0.033802,9.850070022713307,19.08135241495202,2.9728827045156208,1.8314900630504576,0.962456845472311,snare,rope,False
self_surpassing,analytical,1.095945,0.05342528910931598,0.025768261270453646,0.26767239294453227,0.017885406419034813,0.03378537687159444,snare,snare,True
semantic_attack_surface,powerless,0.94559,0.01601882909917017,0.015735951861164568,0.17819316810613653,0.00793295142593557,0.08799766553264232,piton,piton,True
semantic_attack_surface,moderate,0.962648,0.026486789169339595,0.025785560817418327,0.2286154027873446,0.013052029550958952,0.11234089452201279,piton,piton,True
semantic_attack_surface,institutional,-0.036759,3.754861077975254,6.255308258595855,1.7893139528345554,0.7484271806014962,0.4702259164445695,piton,piton,True
semantic_attack_surface,analytical,1.19184,0.6883938516682858,0.42411772912061696,1.030025714549477,0.2594272208594811,0.413512960640504,piton,piton,True
semantic_overload_friction,powerless,0.597787,0.008823637697036047,0.007435289707467224,0.12716036849260445,0.00404107823562951,0.028294181098762805,snare,snare,True
semantic_overload_friction,moderate,0.608571,0.012682450881118993,0.010282037195067088,0.15091558968332275,0.005691177627098969,0.03276660050548896,snare,snare,True
semantic_overload_friction,institutional,-0.023239,8.558399792428991,20.612610202175887,3.0067602423416697,1.8652696998552774,0.949876042139882,snare,rope,False
semantic_overload_friction,analytical,0.753462,0.09078330323037477,0.045540270606765396,0.353010259805252,0.031073263535469128,0.05997897860202761,snare,snare,True
semiconductor_fabrication_chokepoint,powerless,0.286,1.4116086473800464,1.7716267894736464,1.6320560389116416,0.6297601698128177,0.7160818232342215,snare,tangled_rope,False
semiconductor_fabrication_chokepoint,moderate,0.608571,0.031047696813526347,0.026199815126721163,0.23861623735568951,0.014217550282210098,0.0816719516859965,snare,snare,True
semiconductor_fabrication_chokepoint,institutional,-0.023239,7.8927379120966865,19.106524269074043,2.864252156751562,1.723547499253762,0.8918072649160562,snare,rope,False
semiconductor_fabrication_chokepoint,analytical,0.753462,0.23271661204396718,0.12562160045393272,0.5773343616218151,0.08275170620558228,0.15764488395117682,snare,snare,True
semiconductor_mission_2026,powerless,0.521705,0.011825454135758872,0.013628053429961333,0.15923404076953804,0.006335522203041227,0.04748307307135893,tangled_rope,tangled_rope,True
semiconductor_mission_2026,moderate,0.531116,0.018225627826875743,0.02161615463528565,0.19904862281991612,0.009896915362297637,0.06089930583702108,tangled_rope,tangled_rope,True
semiconductor_mission_2026,institutional,-0.020281,2.310438774042444,11.935769868455726,2.3273200923468704,1.2080373591456295,0.81644155656559,tangled_rope,rope,False
semiconductor_mission_2026,analytical,0.657567,0.29217073566911955,0.433904598389201,0.8389590446119869,0.17339790630699267,0.3382743686472527,tangled_rope,tangled_rope,True
shadow_fleet_sanctions_evasion,powerless,0.597787,0.03200463678914902,0.029051135515933666,0.2468761714798375,0.015217623753082145,0.10624353685747223,snare,snare,True
shadow_fleet_sanctions_evasion,moderate,0.608571,0.0466386401267342,0.041241545642238156,0.29602249139417613,0.021867363792168935,0.12538285212331213,snare,snare,True
shadow_fleet_sanctions_evasion,institutional,-0.023239,6.783787424111803,17.650913499029386,2.6794166339117957,1.5419265059841774,0.8255272370283135,snare,rope,False
shadow_fleet_sanctions_evasion,analytical,0.753462,0.37088271971096337,0.21923889176156394,0.7479650954007206,0.13824038991989088,0.25962792530213485,snare,snare,True
shadow_pricing_failure,powerless,0.891246,0.0023919947820961462,0.0025240496410277383,0.07008052475006787,0.0012276943639593784,0.020581781158804324,snare,snare,True
shadow_pricing_failure,moderate,0.907324,0.00418487171907142,0.004500667607443928,0.09312592707682772,0.0021677178768619476,0.027856334648306197,snare,snare,True
shadow_pricing_failure,institutional,-0.034647,7.703706660839086,19.987483021571435,2.9080978044841457,1.767035210484063,0.9109130203428161,snare,rope,False
shadow_pricing_failure,analytical,1.123343,0.2759056931050314,0.393607345157143,0.8079552769662313,0.16099050724067915,0.332199366679097,snare,snare,True
shannon_entropy_limit,powerless,0.056775,5.430332981163111e-06,5.502726272040034e-06,0.003306463326985125,2.733174310659558e-06,0.0002714514880134411,mountain,mountain,True
shannon_entropy_limit,moderate,0.049999,1.1187485062745484e-13,1.1165267498114455e-13,4.730972011800879e-07,5.5867290238593475e-14,3.842371298912184e-08,mountain,mountain,True
shannon_entropy_limit,institutional,-0.005969,0.00021440252808467588,0.00019643037209999187,0.02025445186319985,0.0001025598285145119,0.0015449480478560169,mountain,mountain,True
shannon_entropy_limit,analytical,0.069001,4.7321445381907986e-05,4.9182310022742576e-05,0.009822262476495817,2.4119161561327556e-05,0.0008221611345593516,mountain,mountain,True
shannon_source_coding,powerless,0.170325,0.0002955194032967351,0.00031561404683327405,0.02471108003659397,0.00015265742708002906,0.003003570403472322,mountain,mountain,True
shannon_source_coding,moderate,0.149996,9.892174330412724e-12,9.891895017365708e-12,4.448040296270724e-06,4.94601832963493e-12,5.139602025083789e-07,mountain,mountain,True
shannon_source_coding,institutional,-0.017906,0.005631248830598815,0.003965561868366658,0.09683965650826049,0.002344021755172268,0.00889369269450535,mountain,mountain,True
shannon_source_coding,analytical,0.207004,0.003060055350094184,0.003720826967312581,0.08205113643871725,0.0016828611929362988,0.011106229271895418,mountain,mountain,True
shield_east_fortification,powerless,0.2496,1.3022846422036083,2.245885775767807,1.5226183903599617,0.5521330856364967,0.5969232839523173,snare,tangled_rope,False
shield_east_fortification,moderate,0.531116,0.04458480887251829,0.04048410585039317,0.2914061797787258,0.02119185971907829,0.13021039987682603,snare,snare,True
shield_east_fortification,institutional,-0.020281,6.399359971066892,13.549725250918454,2.749221782049082,1.6101412649120321,0.8867698215866984,snare,rope,False
shield_east_fortification,analytical,0.657567,0.37822314617499975,0.23981046108890405,0.7704426866785095,0.14656943508562217,0.2880085134674698,snare,snare,True
ship_of_theseus,powerless,0.38041,0.008841138817834637,0.005023401608296311,0.11425660131072973,0.0032627552186670007,0.008050978846156465,piton,piton,True
ship_of_theseus,moderate,0.387272,0.012274957739869391,0.006140901251524977,0.12970239118622068,0.004204203799491121,0.008661566613803684,piton,piton,True
ship_of_theseus,institutional,-0.014788,3.697566190942406,4.438763868974817,2.643682999129286,1.5072177131417164,0.9677919013224272,piton,rope,False
ship_of_theseus,analytical,0.479476,0.0728785485855767,0.010015895470416739,0.19521990698174108,0.009520140662170194,0.010293304141724802,piton,piton,True
shitty_feedback_handling,powerless,0.434754,0.0008240242306572594,0.0006039922904641335,0.037292882639303075,0.00034767969998916086,0.0019416685820949908,tangled_rope,tangled_rope,True
shitty_feedback_handling,moderate,0.442597,0.001179807844086136,0.0008161629045095142,0.043856437595040654,0.0004808275121384637,0.0022302372780220736,tangled_rope,tangled_rope,True
shitty_feedback_handling,institutional,-0.016901,2.719926198714186,7.559462765192846,2.577228828138784,1.4430961436756395,0.9316980996256247,tangled_rope,rope,False
shitty_feedback_handling,analytical,0.547972,0.008972194383819396,0.0033141087578129943,0.09879480173556751,0.0024396070775405546,0.0037945594979815755,tangled_rope,tangled_rope,True
shobies_existential_commitment,powerless,0.706475,0.02513793254184537,0.028722909524509697,0.23169042429193365,0.013405111602824827,0.08764196114276354,tangled_rope,tangled_rope,True
shobies_existential_commitment,moderate,0.71922,0.038444152036221826,0.04497669517257266,0.2881550196905581,0.020722444663018105,0.11146746664134496,tangled_rope,tangled_rope,True
shobies_existential_commitment,institutional,-0.027464,3.093201615137366,18.480301759578964,2.401705823399908,1.2768746485365257,0.8049498700673602,tangled_rope,rope,False
shobies_existential_commitment,analytical,0.890455,0.5138678750090713,0.6457513603572033,1.0702976695421313,0.2796145246551839,0.48855447776869354,tangled_rope,snare,False
shock_propagation_asymmetry,powerless,0.978197,0.022756451063345118,0.021735255770330447,0.2108884516690654,0.011108186853788546,0.10007442129716193,piton,piton,True
shock_propagation_asymmetry,moderate,0.995843,0.036859533575370806,0.03457868971371765,0.2671757410815975,0.017819195796582088,0.125432342428062,piton,piton,True
shock_propagation_asymmetry,institutional,-0.038027,3.1700009632158603,5.578068253100487,1.6492306309771434,0.6423210308711232,0.39597264780759356,piton,piton,True
shock_propagation_asymmetry,analytical,1.232938,0.7628841292576254,0.3886107640918113,1.025590071291896,0.2572467448398452,0.3681427489240292,piton,piton,True
sig_usd_protocol,powerless,0.434754,0.08150931396096217,0.05769552904721549,0.3663236444161058,0.03345456749469283,0.1383557116848496,tangled_rope,tangled_rope,True
sig_usd_protocol,moderate,0.442597,0.11634952365177681,0.07725893317851655,0.42859676038608957,0.04574831498441537,0.16167985988353517,tangled_rope,tangled_rope,True
sig_usd_protocol,institutional,-0.016901,6.089909717407703,3.0861978082522534,2.572122389191007,1.4381934840705874,0.9431701678043642,tangled_rope,rope,False
sig_usd_protocol,analytical,0.547972,0.8795621892061126,0.3153159128949016,0.94274835683455,0.21810979994256316,0.31559359389182695,tangled_rope,tangled_rope,True
signal_without_control,powerless,0.858639,0.002648051429691045,0.0025739491885757963,0.0722518276575578,0.0013049397196295597,0.03196992292818002,piton,piton,True
signal_without_control,moderate,0.874129,0.004722902131732272,0.004549683309840305,0.09627203018451662,0.002316628580103372,0.04239365236799686,piton,piton,True
signal_without_control,institutional,-0.033379,2.960996134773814,11.778643960120673,1.9108379794906825,0.8454666398278443,0.5344159134362917,piton,rope,False
signal_without_control,analytical,1.082245,0.20851005983063936,0.14507951115945655,0.5871384103885288,0.08556569624700536,0.21577266619208813,piton,piton,True
silent_dependency_activation,powerless,0.826033,0.0036463003887936556,0.002973186507542238,0.0810430703245966,0.001641770145292902,0.010419781669741002,snare,snare,True
silent_dependency_activation,moderate,0.840934,0.005177263673478586,0.00403953119286618,0.09545125752223327,0.002277303333496979,0.011938514654772692,snare,snare,True
silent_dependency_activation,institutional,-0.032112,9.383270860781352,20.104105094382298,3.0201096786829527,1.8785917137924661,0.9775071776847838,snare,rope,False
silent_dependency_activation,analytical,1.041147,0.032676383265768556,0.015484960831707842,0.20824000888482616,0.010831184968082668,0.020295322784428582,snare,snare,True
silicon_lexicon_overload,powerless,0.869508,0.00606204133710313,0.0049641647297607155,0.1046132966967485,0.0027353617169573984,0.017312819773862564,snare,snare,True
silicon_lexicon_overload,moderate,0.885194,0.008599715197828293,0.006744058688739715,0.1231853169756731,0.0037924564126943167,0.019842563252982504,snare,snare,True
silicon_lexicon_overload,institutional,-0.033802,9.850070022713307,19.08135241495202,2.9728827045156208,1.8314900630504576,0.962456845472311,snare,rope,False
silicon_lexicon_overload,analytical,1.095945,0.05342528910931598,0.025768261270453646,0.26767239294453227,0.017885406419034813,0.03378537687159444,snare,snare,True
silklink_2026,powerless,0.271721,0.04848366439694996,0.0541588973289749,0.3199155922675372,0.02553198731860552,0.1423796006823942,rope,rope,True
silklink_2026,moderate,0.276623,0.07649433690512147,0.08685214747547368,0.4033632963436475,0.04053779940583126,0.18185753357931433,rope,rope,True
silklink_2026,institutional,-0.010563,0.3941784943481929,0.1601287944054488,0.6789338425427196,0.11413538711530434,0.19495789430063337,rope,rope,True
silklink_2026,analytical,0.342483,1.3830720063364725,1.2173352756312448,1.5894951640704431,0.5990701285436973,0.6713170973613645,rope,tangled_rope,False
silver_scarcity_2026,powerless,0.04542,5.351429496855948e-09,5.2998017829682395e-09,0.00010320389766472743,2.6627608704379685e-09,3.6621665311376006e-07,rope,rope,True
silver_scarcity_2026,moderate,0.039999,2.6316445676605654e-16,2.6752383184220297e-16,0.0,1.0491823687087021e-16,7.322265016540541e-11,rope,rope,True
silver_scarcity_2026,institutional,-0.004775,1.1218557157028635e-06,1.2781533146867749e-06,0.001546727255547006,5.980912708529802e-07,6.126451833399216e-06,rope,rope,True
silver_scarcity_2026,analytical,0.055201,3.19362703518951e-08,3.118365773847543e-08,0.00025122340141390116,1.5778299254128115e-08,8.821543875381366e-07,rope,rope,True
sk_ai_act_2026,powerless,0.597787,0.02843156124286774,0.025412418445336142,0.2317675736168452,0.013414030484065729,0.09368919017462074,snare,snare,True
sk_ai_act_2026,moderate,0.608571,0.0413093883179008,0.03587162963774966,0.27729299664668433,0.019192078053328804,0.11011225787365331,snare,snare,True
sk_ai_act_2026,institutional,-0.023239,7.088178168013891,17.872265502284232,2.7264821562198036,1.5878635261983594,0.8282176242499791,snare,rope,False
sk_ai_act_2026,analytical,0.753462,0.3208054756732387,0.18293547271279123,0.6885767566091077,0.11736823520759057,0.22161622270521064,snare,snare,True
sk_dantongbeop,powerless,0.597787,0.01757098779442682,0.015148943666929959,0.18051322266262182,0.008140727266702223,0.05693926169333696,snare,snare,True
sk_dantongbeop,moderate,0.608571,0.02535908147722384,0.021112338324282193,0.21489296625733084,0.011533644245229508,0.06630634742632868,snare,snare,True
sk_dantongbeop,institutional,-0.023239,7.77517949676029,19.19669858635009,2.8626527334640426,1.7219635179146882,0.8794277918681316,snare,rope,False
sk_dantongbeop,analytical,0.753462,0.187062363921057,0.0984676225616916,0.5138759874965406,0.06565474242856231,0.12562493641450145,snare,snare,True
sk_newtro_aesthetic,powerless,0.521705,0.03331817196297548,0.034602466126356944,0.2605780051988332,0.0169512245954915,0.1269132283504255,tangled_rope,tangled_rope,True
sk_newtro_aesthetic,moderate,0.531116,0.050045642848397444,0.05208350794240978,0.31952301007631256,0.025469496223588135,0.15633443570240113,tangled_rope,tangled_rope,True
sk_newtro_aesthetic,institutional,-0.020281,3.9765346680789064,12.255137516784982,2.4409906380054345,1.3136388991534742,0.8164888562053494,tangled_rope,rope,False
sk_newtro_aesthetic,analytical,0.657567,0.542037345735828,0.4830132739154938,1.010315229168818,0.24980358310564404,0.47773415535451064,tangled_rope,snare,False
skills_based_hiring,powerless,0.271721,0.06792479631039468,0.06031945238822997,0.35759835726348055,0.031884068127295745,0.1575635474311634,tangled_rope,tangled_rope,True
skills_based_hiring,moderate,0.276623,0.10130068534102037,0.08652372418105246,0.43229569056214334,0.04653827837025548,0.18694256605079262,tangled_rope,tangled_rope,True
skills_based_hiring,institutional,-0.010563,1.5572006002334906,0.8411571750959375,1.4800872553448337,0.5231217191706335,0.5915328914407888,tangled_rope,rope,False
skills_based_hiring,analytical,0.342483,0.9842621633657757,0.4034192840393593,1.0846965352412168,0.28700202256968577,0.36443432833092704,tangled_rope,tangled_rope,True
skolems_paradox,powerless,0.217377,0.0014732720490337348,0.001577333448827962,0.0552031538511008,0.0007617986824281119,0.01398132402963026,mountain,mountain,True
skolems_paradox,moderate,0.221298,0.002280940665417196,0.002482163874799369,0.06895888389433162,0.0011887141448778276,0.01764219759308938,mountain,mountain,True
skolems_paradox,institutional,-0.00845,0.04956427310846274,0.03054798248462624,0.2768495132340177,0.019130836133831902,0.05063730544943279,mountain,mountain,True
skolems_paradox,analytical,0.273986,0.04341751435002011,0.0619685781328604,0.3193009529109476,0.025434182928753452,0.09463456261751879,mountain,mountain,True
sleep_debt_externality,powerless,0.891246,0.004959654499762218,0.004052974022493715,0.0945726623257091,0.002235580505637368,0.014159854182224985,snare,snare,True
sleep_debt_externality,moderate,0.907324,0.007027291110581894,0.005498517531896759,0.11128871360759196,0.0030954956066196106,0.016216201874481584,snare,snare,True
sleep_debt_externality,institutional,-0.034647,9.952063094852608,19.403791563040954,2.9901828204611367,1.8487347529727678,0.969393428496498,snare,rope,False
sleep_debt_externality,analytical,1.123343,0.043078619655382885,0.020815271663761126,0.24049551839886654,0.014442108836122673,0.02749618470960525,snare,snare,True
slow_crisis_invisibility,powerless,0.815164,0.028961619865959343,0.025102610079391085,0.23207051380304988,0.013449080608874736,0.08522349863597145,snare,snare,True
slow_crisis_invisibility,moderate,0.829869,0.041574515173525214,0.03480297977510114,0.2755437876952407,0.01895109022744082,0.09905085017311654,snare,snare,True
slow_crisis_invisibility,institutional,-0.031689,8.989194194550606,18.04307289988798,2.7341012309039923,1.595322049981398,0.7935317702807104,snare,rope,False
slow_crisis_invisibility,analytical,1.027448,0.28352776838419114,0.15137848225813264,0.6351298809230287,0.10000281724409113,0.18289668007398907,snare,snare,True
sludge_bureaucratic_friction,powerless,0.76082,0.03893835795470035,0.03515100982276598,0.2719247391700027,0.018457306522783677,0.11818106328328382,snare,snare,True
sludge_bureaucratic_friction,moderate,0.774544,0.056420499586285144,0.04952709278673463,0.3249735641486438,0.02634391684707187,0.13889966360986494,snare,snare,True
sludge_bureaucratic_friction,institutional,-0.029576,7.914219562372358,18.330577521773467,2.6658129219095965,1.5286951093967316,0.7912990343107191,snare,rope,False
sludge_bureaucratic_friction,analytical,0.958951,0.416843165730441,0.24149045554728654,0.7882877326779908,0.15334865339131168,0.2757182077323497,snare,snare,True
sm_addictive_design,powerless,0.739082,0.0034022299656110157,0.0027849797528865083,0.07836374836721868,0.0015350228664081924,0.009938962292481812,snare,snare,True
sm_addictive_design,moderate,0.752415,0.004847551985689701,0.0037987692321440974,0.09246867661301679,0.0021372332829569037,0.01141115706618745,snare,snare,True
sm_addictive_design,institutional,0.809116,0.012469871680739635,0.008185581157533458,0.14134963138474105,0.004992850809166638,0.01575754194301926,snare,snare,True
sm_addictive_design,analytical,0.931553,0.03185792438250491,0.015037900886326819,0.20537232592223245,0.010535185870950887,0.01966378253977341,snare,snare,True
smartphone_ubiquity,powerless,0.815164,0.04578248469237021,0.048180893575491095,0.3064572785822612,0.023433113154810687,0.14811693535504206,tangled_rope,tangled_rope,True
smartphone_ubiquity,moderate,0.829869,0.06835700356312042,0.07211635711677303,0.3746911826111527,0.03499583264251213,0.18217298595225695,tangled_rope,tangled_rope,True
smartphone_ubiquity,institutional,-0.031689,4.954874258025979,18.510912312926568,2.4753168987453207,1.3459800137469455,0.7986206844860424,tangled_rope,rope,False
smartphone_ubiquity,analytical,1.027448,0.6570366955610167,0.579435773445972,1.1089679484863337,0.2996555131675595,0.519988031735138,tangled_rope,snare,False
social_credit_architecture,powerless,0.869508,0.006041283774179631,0.004946958689718946,0.10443288429647528,0.002725937377575813,0.017253212549895425,snare,snare,True
social_credit_architecture,moderate,0.885194,0.008570208126794201,0.006720595444257823,0.12297223288934839,0.003779351623721571,0.01977406354139921,snare,snare,True
social_credit_architecture,institutional,-0.033802,9.778316711509042,18.836519389643918,2.9671459613590274,1.8257744194928693,0.9625862623205822,snare,rope,False
social_credit_architecture,analytical,1.095945,0.05323952882687151,0.025676612328415158,0.2672003499264544,0.01782247362073581,0.0336670297656132,snare,snare,True
social_loafing,powerless,0.597787,0.002578966299760452,0.003080556844213428,0.07498282830425264,0.0014054414987897796,0.009720800336343781,tangled_rope,tangled_rope,True
social_loafing,moderate,0.608571,0.0040066816002925654,0.0049775239069055986,0.09432731319868112,0.0022239982008852516,0.012674078538109913,tangled_rope,tangled_rope,True
social_loafing,institutional,-0.023239,2.1563842047874227,16.51453536590665,2.41015632625301,1.284759887767233,0.8592471345396405,tangled_rope,rope,False
social_loafing,analytical,0.753462,0.07703258136021043,0.14859450656908152,0.4555871173955364,0.05166591293694587,0.09903864738965582,tangled_rope,tangled_rope,True
social_media_participation_threshold,powerless,0.652131,0.015455125401135859,0.018069291102838354,0.18267377443902244,0.008336628905513472,0.05611480767115268,tangled_rope,tangled_rope,True
social_media_participation_threshold,moderate,0.663895,0.02382115958275958,0.02871811732301242,0.22845699524094007,0.013033967987217636,0.07216418655188228,tangled_rope,tangled_rope,True
social_media_participation_threshold,institutional,-0.025351,2.509218023809417,18.230704813017667,2.3532420670547496,1.2319062868961903,0.7979807657927394,tangled_rope,rope,False
social_media_participation_threshold,analytical,0.821958,0.36936965088597246,0.5461597115287984,0.9421644434893677,0.21784471439796832,0.39199900553717326,tangled_rope,tangled_rope,True
social_narrative_casting,powerless,0.326066,0.017524248336536784,0.012527604171118903,0.17119281257364538,0.007322272429189616,0.02237714202855768,tangled_rope,tangled_rope,True
social_narrative_casting,moderate,0.331948,0.025088156940707783,0.016685292282623665,0.20054456390363595,0.010046108885441636,0.024820477609463033,tangled_rope,tangled_rope,True
social_narrative_casting,institutional,-0.012676,2.609624784992276,2.963196903934815,2.274794143321564,1.1600836109703578,0.8961042364098211,tangled_rope,rope,False
social_narrative_casting,analytical,0.410979,0.19141419118211117,0.0829432971296816,0.4443457847552148,0.049158087221833305,0.04865284912836946,tangled_rope,tangled_rope,True
soe_property_bailout,powerless,0.597787,0.01757098779442682,0.015148943666929959,0.18051322266262182,0.008140727266702223,0.05693926169333696,snare,snare,True
soe_property_bailout,moderate,0.608571,0.02535908147722384,0.021112338324282193,0.21489296625733084,0.011533644245229508,0.06630634742632868,snare,snare,True
soe_property_bailout,institutional,-0.023239,7.77517949676029,19.19669858635009,2.8626527334640426,1.7219635179146882,0.8794277918681316,snare,rope,False
soe_property_bailout,analytical,0.753462,0.187062363921057,0.0984676225616916,0.5138759874965406,0.06565474242856231,0.12562493641450145,snare,snare,True
soft_authoritarian_drift,powerless,0.912984,0.009703727955741745,0.009546893492939676,0.13874270696563268,0.004810455073066514,0.06827012077869377,piton,piton,True
soft_authoritarian_drift,moderate,0.929453,0.01635845365342295,0.0159761682448889,0.1798080800461494,0.00807729366007238,0.08809580125744731,piton,piton,True
soft_authoritarian_drift,institutional,-0.035492,3.701199919240238,7.208018300819752,1.810975674863746,0.7653962823587896,0.44818275343126207,piton,piton,True
soft_authoritarian_drift,analytical,1.150742,0.5057288775449278,0.33929272302502544,0.9047639432276646,0.20118305338989312,0.3712721684313829,piton,piton,True
solar_system_weirdness,powerless,0.217377,0.003930837684185046,0.004647503221805786,0.09234901451859782,0.0021317063319802286,0.017591225578064917,rope,rope,True
solar_system_weirdness,moderate,0.221298,0.006298057138254893,0.007746548494966543,0.11798252744030568,0.003478960130224181,0.023108409705000277,rope,rope,True
solar_system_weirdness,institutional,-0.00845,0.0351244136569957,0.013571501555485206,0.19927976908462994,0.00991989536771258,0.020722294199553848,rope,rope,True
solar_system_weirdness,analytical,0.273986,0.20478354866521833,0.4173190145846475,0.7474717098133667,0.13806020019052917,0.2334592844533172,rope,rope,True
somatic_focusing_awareness,powerless,0.217377,0.03227497871325875,0.03198464742694596,0.25348618898204717,0.016042319674310773,0.12440508469135325,rope,tangled_rope,False
somatic_focusing_awareness,moderate,0.221298,0.04935888123162655,0.048508877992621255,0.31281595307906757,0.024413624055528164,0.15289163586087584,rope,tangled_rope,False
somatic_focusing_awareness,institutional,-0.00845,0.5844094770397114,0.370871772942714,0.9571433358701877,0.22469281647015796,0.3815363041398224,rope,rope,True
somatic_focusing_awareness,analytical,0.273986,0.6597944840899598,0.46170397654519524,1.0443332282293774,0.26651880772981745,0.4477652756031241,rope,tangled_rope,False
sorites_paradox,powerless,0.434754,0.019493248761987172,0.02115604403475219,0.2014454754536973,0.010136495924832779,0.08442723538633465,tangled_rope,tangled_rope,True
sorites_paradox,moderate,0.442597,0.02965445355018092,0.032664821349906205,0.24934955499067138,0.015523676429078013,0.10602252821069316,tangled_rope,tangled_rope,True
sorites_paradox,institutional,-0.016901,2.964228827315755,7.779187530036019,2.4005321155934216,1.2757804692222514,0.8267197300214554,tangled_rope,rope,False
sorites_paradox,analytical,0.547972,0.3912247955446487,0.44721889359872613,0.9130757910893731,0.20483176187611202,0.4305631526780771,tangled_rope,snare,False
south_china_sea_arbitration_2016_2026,powerless,0.597787,0.04096593956481331,0.04014456948864731,0.28478531697292,0.02024143377287558,0.1411136552631148,tangled_rope,snare,False
south_china_sea_arbitration_2016_2026,moderate,0.608571,0.06063279496290981,0.05873863547333717,0.34546311488701953,0.029762081484891692,0.17028283831963265,tangled_rope,snare,False
south_china_sea_arbitration_2016_2026,institutional,-0.023239,5.542206566916182,17.213853770159677,2.580553173489675,1.4462897795653873,0.8305912518720923,tangled_rope,rope,False
south_china_sea_arbitration_2016_2026,analytical,0.753462,0.5530050186483034,0.3987769556754726,0.9648869970413376,0.22827216162503114,0.41870251390318014,tangled_rope,snare,False
sovereignty_as_arbitrage,powerless,0.521705,0.0069674186234580625,0.007974006122624078,0.1220016079982837,0.003719944350739871,0.033964125880433294,tangled_rope,tangled_rope,True
sovereignty_as_arbitrage,moderate,0.531116,0.010797020243578573,0.012712063513634972,0.15290092870324834,0.005841827370092905,0.04352687228588592,tangled_rope,tangled_rope,True
sovereignty_as_arbitrage,institutional,-0.020281,3.9341319169006246,12.53152201767872,2.826223204139922,1.6859358425522777,0.9748818456534601,tangled_rope,rope,False
sovereignty_as_arbitrage,analytical,0.657567,0.19177045651095562,0.2929760235780309,0.6831835997534086,0.11555474669583371,0.25667896752584984,tangled_rope,tangled_rope,True
spain_digital_offensive_2026,powerless,0.782557,0.0027307151577730645,0.0022262436981995105,0.07013078273649695,0.001229455687714784,0.007862112966460777,snare,snare,True
spain_digital_offensive_2026,moderate,0.796674,0.0038828694999396337,0.003028704796325234,0.08265602515862831,0.0017077615309467305,0.009013197141441887,snare,snare,True
spain_digital_offensive_2026,institutional,-0.030421,8.909044414061087,20.68847133930084,3.036557985588202,1.895013607508181,0.9829237920775161,snare,rope,False
spain_digital_offensive_2026,analytical,0.98635,0.024965489111163315,0.011744995294583222,0.18162300374240314,0.008241063051693965,0.015381595869827125,snare,snare,True
spv_variations_us_cold,powerless,0.021738,2.052907050207156e-07,2.058409688453257e-07,0.0006411950677437444,1.0278277798130084e-07,5.0074408426433945e-05,mountain,mountain,True
spv_variations_us_cold,moderate,0.02213,3.09482464784398e-07,3.1050119332216117e-07,0.000787389604323837,1.549955952737982e-07,6.152235110805284e-05,mountain,mountain,True
spv_variations_us_cold,institutional,-0.000845,2.3793886409580563e-05,2.312268945697985e-05,0.006849008979441292,1.172721953943393e-05,0.0005203023530185183,mountain,mountain,True
spv_variations_us_cold,analytical,0.027399,3.924244562603728e-06,3.970347860428464e-06,0.002809695556625686,1.9735969557865354e-06,0.0002210396660078653,mountain,mountain,True
square_cube_law,powerless,0.011355,7.374741790543735e-08,7.389015105910491e-08,0.00038423620923333437,3.690936623562219e-08,2.522160469804486e-05,mountain,mountain,True
square_cube_law,moderate,0.01,0.0,0.0,0.0,0.0,0.0,mountain,mountain,True
square_cube_law,institutional,-0.001194,4.416791355694471e-06,4.350643854874804e-06,0.0029609222185362377,2.1917646958092886e-06,0.00019189450521363456,mountain,mountain,True
square_cube_law,analytical,0.0138,5.946746386445956e-07,5.979429207343352e-07,0.0010920672318366707,2.9815270224032433e-07,7.187626659398757e-05,mountain,mountain,True
st_petersburg_paradox,powerless,0.706475,0.002256892733560959,0.0027474615522118514,0.07047659135757348,0.0012416089949992219,0.008117770697768532,tangled_rope,tangled_rope,True
st_petersburg_paradox,moderate,0.71922,0.0035112998015968105,0.0044596037981986065,0.08878875722561577,0.0019705371826398465,0.010622751073172768,tangled_rope,tangled_rope,True
st_petersburg_paradox,institutional,-0.027464,2.3109995561897727,19.371139440575423,2.472202443628502,1.343037582805241,0.8819192360713212,tangled_rope,rope,False
st_petersburg_paradox,analytical,0.890455,0.06754991104472996,0.13608829711847703,0.43069807276077676,0.0461962626330405,0.08575473755125217,tangled_rope,tangled_rope,True
stable_marriage_coordination,powerless,0.434754,0.0006804235009647376,0.000607536176357225,0.035561987237357304,0.0003161554041962082,0.0011781605716337982,tangled_rope,tangled_rope,True
stable_marriage_coordination,moderate,0.442597,0.0010038133563172675,0.0008963917871451263,0.043056729044001193,0.000463452578861267,0.0015243382287519628,tangled_rope,tangled_rope,True
stable_marriage_coordination,institutional,-0.016901,2.2229073411616684,7.632667255424974,2.4355967838632795,1.308575118945762,0.8879695895354048,tangled_rope,rope,False
stable_marriage_coordination,analytical,0.547972,0.012211874589494544,0.01594392445006789,0.1589763532998119,0.006315044110855664,0.011367322327949087,tangled_rope,tangled_rope,True
star_formation_barrier_g0253,powerless,0.056775,3.010026733265022e-06,3.0504029007103197e-06,0.002461753010252365,1.5150567795191886e-06,0.00015047113353561237,mountain,mountain,True
star_formation_barrier_g0253,moderate,0.049999,6.198827449871778e-14,6.174745628838656e-14,3.513641989991549e-07,3.096466504460728e-14,2.1296464147724237e-08,mountain,mountain,True
star_formation_barrier_g0253,institutional,-0.005969,0.00011877653873516396,0.0001087696493943697,0.01507368227230614,5.6803705420999966e-05,0.000855698308329652,mountain,mountain,True
star_formation_barrier_g0253,analytical,0.069001,2.62344744784963e-05,2.727285049358132e-05,0.007313836882895639,1.3373037584035424e-05,0.0004558533261855846,mountain,mountain,True
star_to_black_hole_observational_limit,powerless,0.170325,0.0001740059884437676,0.00018599365109019225,0.018965759394093222,8.992433347501521e-05,0.0017693795622119035,mountain,mountain,True
star_to_black_hole_observational_limit,moderate,0.149996,5.819844504679169e-12,5.819800317178615e-12,3.4115524342670247e-06,2.909906012040652e-12,3.0238893689027435e-07,mountain,mountain,True
star_to_black_hole_observational_limit,institutional,-0.017906,0.0033042530996417554,0.0023211255624119745,0.07413023305401628,0.0013736655879249629,0.005213208743726105,mountain,mountain,True
star_to_black_hole_observational_limit,analytical,0.207004,0.0018056103979284678,0.0022022899936482844,0.063074072304093,0.0009945022187698165,0.006564881698847502,mountain,mountain,True
start_treaty,powerless,0.597787,0.0356851614322242,0.03303454278948256,0.26199615861362674,0.017135970594368864,0.11957032406074841,snare,snare,True
start_treaty,moderate,0.608571,0.05220262184909676,0.04724593716215123,0.3150561957462394,0.024763828275224106,0.14187781233722596,snare,snare,True
start_treaty,institutional,-0.023239,6.399378660219657,17.20284245872875,2.6265978288913376,1.4906774524974873,0.8071763472435554,snare,rope,False
start_treaty,analytical,0.753462,0.4285839432466854,0.26568728045201373,0.8148559395828161,0.16371395322370733,0.3054354654208995,snare,snare,True
starwars_evolutionary_mutation,powerless,0.815164,0.004360896863134261,0.00356201680608748,0.08866959103549599,0.0019652521579010523,0.012489199363599046,snare,snare,True
starwars_evolutionary_mutation,moderate,0.829869,0.006196045808556904,0.004843844528637317,0.10447516943346993,0.002728144800157553,0.014317192245809629,snare,snare,True
starwars_evolutionary_mutation,institutional,-0.031689,9.33531731438542,19.852467157182687,3.0054745332992927,1.8639869393725799,0.9729579868240436,snare,rope,False
starwars_evolutionary_mutation,analytical,1.027448,0.03937088274120856,0.018681750140719735,0.22866415762795386,0.013057591066540981,0.024413632827576914,snare,snare,True
statecraft_virtu,powerless,0.76082,0.005845920819248314,0.004801885281497326,0.10281426538628002,0.002642111357341775,0.016984573665901226,snare,snare,True
statecraft_virtu,moderate,0.774544,0.008328501451985031,0.006552490949262037,0.1213311377972596,0.003679182664012437,0.019509414997440966,snare,snare,True
statecraft_virtu,institutional,-0.029576,9.583377583519578,21.146927775843533,3.022579687204518,1.8810572590930323,0.9627358212872246,snare,rope,False
statecraft_virtu,analytical,0.958951,0.054483236638749544,0.025938378363729267,0.26925157907851954,0.018096746148017543,0.03368172577965067,snare,snare,True
status_flattening_effect,powerless,0.891246,0.0008578023003524282,0.000886563177615895,0.0417228231872644,0.00043518271076387706,0.006477145964567003,snare,snare,True
status_flattening_effect,moderate,0.907324,0.0014688846023711817,0.0015534271369017326,0.05489523764053751,0.0007533244826706986,0.008816653195735522,snare,snare,True
status_flattening_effect,institutional,-0.034647,8.333815006993627,21.793108151964578,3.0499791023737615,1.9084184836084688,0.9734119143316758,snare,rope,False
status_flattening_effect,analytical,1.123343,0.10322285004416212,0.1776970730977717,0.5148407598064345,0.06590013566608485,0.13874989774388907,snare,snare,True
steinmetz_valuation_asymmetry,powerless,0.978197,0.041428159817338085,0.03785082280127304,0.281348229439034,0.019756593680140978,0.12644791884041728,snare,snare,True
steinmetz_valuation_asymmetry,moderate,0.995843,0.05962170706629892,0.05312004774657137,0.3353464004699346,0.02804849594188602,0.14850588271337783,snare,snare,True
steinmetz_valuation_asymmetry,institutional,-0.038027,9.182843342783414,19.07137953387838,2.6877221906323925,1.5500152091690367,0.8088068381073056,snare,rope,False
steinmetz_valuation_asymmetry,analytical,1.232938,0.39777220941654384,0.24892261562703408,0.7871881202555854,0.15292666173512007,0.2933987360305512,snare,snare,True
sti_clinical_testing_bottleneck,powerless,0.543443,0.03449239172420947,0.0325577378104461,0.25885691336991046,0.016728353428605527,0.12246544057731201,snare,snare,True
sti_clinical_testing_bottleneck,moderate,0.553246,0.050720701660628295,0.047005294779737396,0.3124367016459919,0.024354583183624167,0.14626061071272656,snare,snare,True
sti_clinical_testing_bottleneck,institutional,-0.021126,5.875836753194064,14.163283899548418,2.632897770451538,1.4967722037395979,0.8326667032833892,snare,rope,False
sti_clinical_testing_bottleneck,analytical,0.684965,0.44008411038888895,0.29018513783257693,0.8400870056712907,0.17385759857533462,0.3339107134229665,snare,snare,True
stoic_logos_governance,powerless,0.815164,0.004376161976686414,0.003574593780430118,0.0888253533990342,0.0019721616478965832,0.01253308512507434,snare,snare,True
stoic_logos_governance,moderate,0.829869,0.006217766314570535,0.004860993530650194,0.10465909301211139,0.0027377566001586164,0.014367597571199875,snare,snare,True
stoic_logos_governance,institutional,-0.031689,9.410932899123969,20.048042554713692,3.01018718632263,1.8686890552597482,0.9728664367170788,snare,rope,False
stoic_logos_governance,analytical,1.027448,0.03951022090186476,0.018748951956382334,0.22907234852162356,0.01310420015356164,0.024500490047870915,snare,snare,True
strait_coercion_2025,powerless,0.597787,0.014279512812297472,0.012199870190883873,0.16234682649022975,0.0065855057672481974,0.04607883510158717,snare,snare,True
strait_coercion_2025,moderate,0.608571,0.020574897896467322,0.016949510495467855,0.1930298163790565,0.009307898781006145,0.053539896889505556,snare,snare,True
strait_coercion_2025,institutional,-0.023239,8.3400471705935,19.97303689496559,2.947949757238107,1.8066595092997944,0.9285535404734618,snare,rope,False
strait_coercion_2025,analytical,0.753462,0.14993930820115003,0.0774147823367534,0.4574964143338779,0.052097974598917844,0.10002828691766097,snare,snare,True
strange_attractor_dynamics,powerless,0.543443,0.025618556589497365,0.028187823217553743,0.23175683344395295,0.013412788684594328,0.09818179147048564,tangled_rope,tangled_rope,True
strange_attractor_dynamics,moderate,0.553246,0.03899523126287096,0.04359244087885909,0.2870343873620932,0.020561855477270127,0.12349867961119174,tangled_rope,tangled_rope,True
strange_attractor_dynamics,institutional,-0.021126,3.3639606860006217,13.583469126051618,2.4690875050948518,1.3400962886248395,0.8432092461972942,tangled_rope,rope,False
strange_attractor_dynamics,analytical,0.684965,0.5010799604306251,0.5617290714430151,1.0286430573814602,0.2587466145433892,0.4858396950218221,tangled_rope,snare,False
strange_attractor_systemic_risk,powerless,0.597787,0.03200463678914902,0.029051135515933666,0.2468761714798375,0.015217623753082145,0.10624353685747223,snare,snare,True
strange_attractor_systemic_risk,moderate,0.608571,0.0466386401267342,0.041241545642238156,0.29602249139417613,0.021867363792168935,0.12538285212331213,snare,snare,True
strange_attractor_systemic_risk,institutional,-0.023239,6.783787424111803,17.650913499029386,2.6794166339117957,1.5419265059841774,0.8255272370283135,snare,rope,False
strange_attractor_systemic_risk,analytical,0.753462,0.37088271971096337,0.21923889176156394,0.7479650954007206,0.13824038991989088,0.25962792530213485,snare,snare,True
strategic_deep_sea_rare_earth_mining,powerless,0.597787,0.0356851614322242,0.03303454278948256,0.26199615861362674,0.017135970594368864,0.11957032406074841,snare,snare,True
strategic_deep_sea_rare_earth_mining,moderate,0.608571,0.05220262184909676,0.04724593716215123,0.3150561957462394,0.024763828275224106,0.14187781233722596,snare,snare,True
strategic_deep_sea_rare_earth_mining,institutional,-0.023239,6.399378660219657,17.20284245872875,2.6265978288913376,1.4906774524974873,0.8071763472435554,snare,rope,False
strategic_deep_sea_rare_earth_mining,analytical,0.753462,0.4285839432466854,0.26568728045201373,0.8148559395828161,0.16371395322370733,0.3054354654208995,snare,snare,True
streaming_bundling_mandate,powerless,0.597787,0.03200463678914902,0.029051135515933666,0.2468761714798375,0.015217623753082145,0.10624353685747223,snare,snare,True
streaming_bundling_mandate,moderate,0.608571,0.0466386401267342,0.041241545642238156,0.29602249139417613,0.021867363792168935,0.12538285212331213,snare,snare,True
streaming_bundling_mandate,institutional,-0.023239,6.783787424111803,17.650913499029386,2.6794166339117957,1.5419265059841774,0.8255272370283135,snare,rope,False
streaming_bundling_mandate,analytical,0.753462,0.37088271971096337,0.21923889176156394,0.7479650954007206,0.13824038991989088,0.25962792530213485,snare,snare,True
structural_extraction_without_actor,powerless,0.84777,0.0023090881341990277,0.002278443974984709,0.06772589274993195,0.0011465895648059927,0.03281382279809564,piton,piton,True
structural_extraction_without_actor,moderate,0.863064,0.004238477955953071,0.0041643949120836465,0.09165783311062206,0.0020999220170041686,0.04433478266879931,piton,piton,True
structural_extraction_without_actor,institutional,-0.032957,3.6454730807513815,10.230547423301836,1.9273989147427013,0.8590289917783601,0.4620409624948555,piton,piton,True
structural_extraction_without_actor,analytical,1.068546,0.2338916940969847,0.18227421176878417,0.6411831531970564,0.10190167644243323,0.27429303894620016,piton,piton,True
sts86_ascent_checklist,powerless,0.054344,1.081244104327178e-05,1.0893564833223676e-05,0.004658929660584029,5.426403941829211e-06,0.0008773557960136888,rope,rope,True
sts86_ascent_checklist,moderate,0.055325,1.6702382353835378e-05,1.6858663531265123e-05,0.005793112518106993,8.390032295959368e-06,0.0010941995552400038,rope,rope,True
sts86_ascent_checklist,institutional,-0.002113,0.0003553467379177823,0.0003885737612802471,0.027213783393549656,0.00018514464503247637,0.001525465327691558,rope,rope,True
sts86_ascent_checklist,analytical,0.068497,0.00028687040894991104,0.00029822818111322304,0.02418421711741856,0.00014621730773562079,0.004736331255449568,rope,rope,True
student_loan_default_cliff,powerless,0.597787,0.03200463678914902,0.029051135515933666,0.2468761714798375,0.015217623753082145,0.10624353685747223,snare,snare,True
student_loan_default_cliff,moderate,0.608571,0.0466386401267342,0.041241545642238156,0.29602249139417613,0.021867363792168935,0.12538285212331213,snare,snare,True
student_loan_default_cliff,institutional,-0.023239,6.783787424111803,17.650913499029386,2.6794166339117957,1.5419265059841774,0.8255272370283135,snare,rope,False
student_loan_default_cliff,analytical,0.753462,0.37088271971096337,0.21923889176156394,0.7479650954007206,0.13824038991989088,0.25962792530213485,snare,snare,True
student_loan_interest_accrual,powerless,0.597787,0.03200463678914902,0.029051135515933666,0.2468761714798375,0.015217623753082145,0.10624353685747223,snare,snare,True
student_loan_interest_accrual,moderate,0.608571,0.0466386401267342,0.041241545642238156,0.29602249139417613,0.021867363792168935,0.12538285212331213,snare,snare,True
student_loan_interest_accrual,institutional,-0.023239,6.783787424111803,17.650913499029386,2.6794166339117957,1.5419265059841774,0.8255272370283135,snare,rope,False
student_loan_interest_accrual,analytical,0.753462,0.37088271971096337,0.21923889176156394,0.7479650954007206,0.13824038991989088,0.25962792530213485,snare,snare,True
sturgeons_law,powerless,0.11355,0.00019719831132902464,0.000203908796594132,0.020025556094624388,0.0001002548866266581,0.003710829895294032,mountain,mountain,True
sturgeons_law,moderate,0.099998,3.888813344811154e-12,3.88911683586172e-12,2.788866870489744e-06,1.9445076178028643e-12,5.038138690682814e-07,mountain,mountain,True
sturgeons_law,institutional,-0.011938,0.005297192953830909,0.00434825563525313,0.09785296060904437,0.0023933229896973608,0.015417902596632671,mountain,mountain,True
sturgeons_law,analytical,0.138002,0.0018592756715667031,0.002051562688000408,0.06247992216007555,0.000975855800076418,0.012189146298018594,mountain,mountain,True
suanne_coup_of_peace,powerless,0.869508,0.005799144794624218,0.004746354693439444,0.10230545010258708,0.002616030779745803,0.01655803729096139,snare,snare,True
suanne_coup_of_peace,moderate,0.885194,0.00822603627858612,0.006447084815935503,0.12045978438476108,0.00362654339849337,0.018975275206024156,snare,snare,True
suanne_coup_of_peace,institutional,-0.033802,9.931469599376411,19.468496408073907,2.984810497350424,1.8433783696985047,0.9641275173550532,snare,rope,False
suanne_coup_of_peace,analytical,1.095945,0.05107406609361809,0.024609324816739216,0.261638169113638,0.017089240433543228,0.03228788049629805,snare,snare,True
suanne_face_restoration,powerless,0.815164,0.01659099803726819,0.013915249695686338,0.17415393946318355,0.007577608804280951,0.04808814376120407,snare,snare,True
suanne_face_restoration,moderate,0.829869,0.02367905724128349,0.019082943142464538,0.2058872630996177,0.010588035856817175,0.055456275137669264,snare,snare,True
suanne_face_restoration,institutional,-0.031689,9.558979876765946,18.62982921901439,2.8584252000120585,1.7177776588233815,0.8909669724857263,snare,rope,False
suanne_face_restoration,analytical,1.027448,0.155080245453475,0.07746211685643896,0.46072244567725956,0.052832038407937175,0.0977940094487526,snare,snare,True
subscription_economy_model,powerless,0.56518,0.02495626800898402,0.022208170387763973,0.2168953860520157,0.011749380072247597,0.08438559230304266,snare,snare,True
subscription_economy_model,moderate,0.575376,0.03625818217171255,0.03133201197174718,0.25945886491868575,0.01680613557803914,0.09911420754539102,snare,snare,True
subscription_economy_model,institutional,-0.021971,7.28227290050673,16.61195157538478,2.8119877724490783,1.671885096922569,0.8837541029472608,snare,rope,False
subscription_economy_model,analytical,0.712364,0.28304547180880246,0.16065777160221406,0.6459805988056089,0.10341894538096026,0.19948944116418954,snare,snare,True
sunk_cost_fallacy,powerless,0.543443,0.02388394484121549,0.02647979516750611,0.2241875665451522,0.012551865121457617,0.0918815259234313,tangled_rope,tangled_rope,True
sunk_cost_fallacy,moderate,0.553246,0.03642409693579092,0.04111021945731105,0.2780548648001112,0.01929751402641285,0.11592147646824036,tangled_rope,tangled_rope,True
sunk_cost_fallacy,institutional,-0.021126,3.0178566054746874,13.106935177451794,2.3782840277332777,1.255087473867059,0.8026720957669293,tangled_rope,rope,False
sunk_cost_fallacy,analytical,0.684965,0.4817920585508857,0.5607421231701893,1.0178198412319917,0.25344771807283095,0.47654741131959966,tangled_rope,snare,False
superbowl_advertising_extraction,powerless,0.597787,0.0006868820447711088,0.0008097273991803341,0.038543212502544937,0.000371383313137755,0.0024805700378253215,tangled_rope,tangled_rope,True
superbowl_advertising_extraction,moderate,0.608571,0.0010645842598483875,0.0013055287595608622,0.0484202352819604,0.0005861011677378721,0.0032415116585104075,tangled_rope,tangled_rope,True
superbowl_advertising_extraction,institutional,-0.023239,2.15639698694982,16.703530819184394,2.4350355544173676,1.3080485218524336,0.8781006471521088,tangled_rope,rope,False
superbowl_advertising_extraction,analytical,0.753462,0.02069470927494295,0.04146860877028451,0.23747812747432634,0.014082407971785485,0.027125068557307192,tangled_rope,tangled_rope,True
suslin_hypothesis_proof_limits,powerless,0.163033,0.0003298772647823451,0.0003435926319029439,0.02594709380888112,0.00016831055852503467,0.005150795762573601,mountain,mountain,True
suslin_hypothesis_proof_limits,moderate,0.165974,0.0005063025953681967,0.0005323797735217058,0.032220640624082475,0.0002595368070827799,0.006440720256755683,mountain,mountain,True
suslin_hypothesis_proof_limits,institutional,-0.006338,0.01494104372855737,0.010778179135799969,0.1587733241293345,0.006298932954369952,0.02477688346590301,mountain,mountain,True
suslin_hypothesis_proof_limits,analytical,0.20549,0.008244383073282647,0.009958948510657668,0.1344279159076598,0.004516015586662057,0.029810426642820853,mountain,mountain,True
suslin_hypothesis_undecidability,powerless,0.056775,8.141142288925153e-06,8.248916256969056e-06,0.004048398082118552,4.097380358665822e-06,0.00040693937375035905,mountain,mountain,True
suslin_hypothesis_undecidability,moderate,0.049999,1.6744931385686738e-13,1.6766207077304002e-13,5.801892976144508e-07,8.376384308654838e-14,5.7609911063849495e-08,mountain,mountain,True
suslin_hypothesis_undecidability,institutional,-0.005969,0.00032163112245488977,0.00029482436413063424,0.024810896794411893,0.0001538931763026789,0.00231821712062361,mountain,mountain,True
suslin_hypothesis_undecidability,analytical,0.069001,7.093102007489941e-05,7.369980125855495e-05,0.012024602401533286,3.614765683992603e-05,0.0012321743003588237,mountain,mountain,True
swift_legacy_piton,powerless,0.532574,0.010541327542581413,0.010381677376395615,0.14463994317954068,0.00522789912437956,0.07124335240344692,snare,snare,True
swift_legacy_piton,moderate,0.542181,0.015159372918240918,0.014857778648905279,0.17323928074064482,0.007498272067637033,0.08511572637109632,snare,snare,True
swift_legacy_piton,institutional,-0.020703,4.5475189135935095,12.324031589251366,2.3841410714620785,1.2605262883177977,0.7233540712167473,snare,rope,False
swift_legacy_piton,analytical,0.671266,0.09219701005464803,0.08401767882101269,0.41908057521126346,0.04374671405171276,0.19887641077374618,snare,snare,True
swift_piton_snap,powerless,0.043475,3.612324706538843e-06,3.596396347242106e-06,0.0026848974248448623,1.8021682750042226e-06,0.0003090489263468908,rope,rope,True
swift_piton_snap,moderate,0.04426,5.3716585697629595e-06,5.343582593394852e-06,0.00327339860474246,2.6787840085501874e-06,0.0003745287784854591,rope,rope,True
swift_piton_snap,institutional,-0.00169,0.001161931130509929,0.001301870936476151,0.04957651234017909,0.0006144261814154769,0.006899504126229788,rope,rope,True
swift_piton_snap,analytical,0.054797,5.765357410267356e-05,5.714561914042316e-05,0.01071392793061062,2.869699429912361e-05,0.001108465107872894,rope,rope,True
sylow_theorems_group_theory,powerless,0.056775,4.315039697043086e-06,4.37272925815775e-06,0.002947453416406634,2.1718700175829424e-06,0.0002157037870914591,mountain,mountain,True
sylow_theorems_group_theory,moderate,0.049999,8.894683541411806e-14,8.867601634243823e-14,4.214684851089411e-07,4.439150791021235e-14,3.053098240890506e-08,mountain,mountain,True
sylow_theorems_group_theory,institutional,-0.005969,0.0001703234565888212,0.00015601264192465506,0.01805173368361732,8.146571918482396e-05,0.001227204450182139,mountain,mountain,True
sylow_theorems_group_theory,analytical,0.069001,3.760524907330905e-05,3.9088490656230234e-05,0.008756267640060012,1.91680251282209e-05,0.0006533885408513962,mountain,mountain,True
synthetic_data_feedback_loop,powerless,0.956459,0.01881049834583806,0.01876838215662016,0.1938514712649473,0.009387245657723885,0.09673944598376344,snare,piton,False
synthetic_data_feedback_loop,moderate,0.973713,0.03108617569523156,0.030856564925529753,0.24887947114398487,0.015465275359374517,0.12397887384850431,snare,piton,False
synthetic_data_feedback_loop,institutional,-0.037182,4.556194477355373,10.974329034766994,2.11538731018521,1.0182345350183415,0.5403090532824767,snare,piton,False
synthetic_data_feedback_loop,analytical,1.205539,0.8209555203020402,0.5274328911263357,1.1375759045099512,0.3148911671827981,0.4758031517084033,snare,piton,False
systemic_blindspot,powerless,0.934721,0.013916073154659592,0.013805224356436219,0.16649479736469103,0.006926128087350422,0.08292030592996186,snare,piton,False
systemic_blindspot,moderate,0.951583,0.02319974761138653,0.022883707880627213,0.21466445653959587,0.011509151873571925,0.10662741750213062,snare,piton,False
systemic_blindspot,institutional,-0.036337,4.3392215399167045,10.644456060474935,2.061959090923039,0.9720423304329884,0.5068386032401802,snare,piton,False
systemic_blindspot,analytical,1.17814,0.6628600857894924,0.4404438011362497,1.0325113380937951,0.2606528488022255,0.4326612191217342,snare,piton,False
tail_risk_compression,powerless,0.956459,0.001037844921494906,0.0011306929495450545,0.04648330202814506,0.0005401500266044894,0.0049177040680517745,snare,snare,True
tail_risk_compression,moderate,0.973713,0.0017407224412541696,0.0019650829775177854,0.06070457035817689,0.000921190490912367,0.006701934239392452,snare,snare,True
tail_risk_compression,institutional,-0.037182,8.75975563754403,22.101786016389283,3.088297760215913,1.946711413732148,0.9884683188438997,snare,rope,False
tail_risk_compression,analytical,1.205539,0.12706995065823787,0.2789764071534019,0.6000617120784143,0.08934525982452288,0.14266758725111092,snare,snare,True
taiwan_existential_sovereignty,powerless,0.76082,0.0069516277151130046,0.00572324609613038,0.11218417631080531,0.0031454974947838343,0.020218007414271266,snare,snare,True
taiwan_existential_sovereignty,moderate,0.774544,0.009907621344340365,0.007815437473477448,0.13242703073116388,0.004382628062025658,0.023235456505985796,snare,snare,True
taiwan_existential_sovereignty,institutional,-0.029576,9.119511513459416,19.799357300853444,2.972171050216413,1.8307809499141392,0.9554463945140165,snare,rope,False
taiwan_existential_sovereignty,analytical,0.958951,0.06498345799069992,0.031074871461441608,0.29443989752194566,0.02163459576268496,0.04023061027144248,snare,snare,True
taiwan_grand_bargain,powerless,0.706475,0.0062376418403752645,0.005150503214563298,0.10634878263141585,0.0028268497174094315,0.01853411239363756,snare,snare,True
taiwan_grand_bargain,moderate,0.71922,0.008909071228300612,0.007051899297674771,0.12569066716370206,0.003948236221282193,0.021330576537296864,snare,snare,True
taiwan_grand_bargain,institutional,-0.027464,8.887773475479973,20.897408781091244,3.0002894518773937,1.8588143249417828,0.9585954308617798,snare,rope,False
taiwan_grand_bargain,analytical,0.890455,0.059872867459191036,0.028695285355644976,0.28281939972781844,0.01996340307394817,0.03731606465132675,snare,snare,True
taiwan_ids_program,powerless,0.597787,0.02928806242196322,0.026268180653924375,0.2354405489744546,0.013842066590352128,0.09666582731513207,snare,snare,True
taiwan_ids_program,moderate,0.608571,0.04258172952207154,0.037126214335699174,0.28182523804056103,0.019823531665099123,0.11371437591046674,snare,snare,True
taiwan_ids_program,institutional,-0.023239,7.068922494278186,17.870986032683383,2.7256442714139557,1.587043660582776,0.8304730160595951,snare,rope,False
taiwan_ids_program,analytical,0.753462,0.33241072460682825,0.19106276347534393,0.7025015077072139,0.12211380513031371,0.23029334659146816,snare,snare,True
taiwan_storm_2026,powerless,0.891246,0.0008690634372659169,0.0007045347965801717,0.03950510279858711,0.0003901506013310188,0.002472294326117428,snare,snare,True
taiwan_storm_2026,moderate,0.907324,0.0012297451033464596,0.000953465616514441,0.046442004985163425,0.0005391907277986302,0.0028264266567939096,snare,snare,True
taiwan_storm_2026,institutional,-0.034647,9.001301956412288,20.973104090255426,3.0749962488069755,1.933415901220693,0.9946194686799436,snare,rope,False
taiwan_storm_2026,analytical,1.123343,0.0074744253196810835,0.003558045094348271,0.09973485211636088,0.002486244893032936,0.004747386155277382,snare,snare,True
taiwan_strait_hegemony_shift,powerless,0.978197,0.0011038364571092424,0.0008981152048924048,0.0445650660394516,0.0004964907344943795,0.0031930614698070852,snare,snare,True
taiwan_strait_hegemony_shift,moderate,0.995843,0.0015567183795969779,0.0012129214711804064,0.05232094230208203,0.0006843312215148056,0.003648230195063456,snare,snare,True
taiwan_strait_hegemony_shift,institutional,-0.038027,9.721521738931365,20.188326114026903,3.0669454666336358,1.9253701430551906,0.9930649370400391,snare,rope,False
taiwan_strait_hegemony_shift,analytical,1.232938,0.009025565277582866,0.004456337838139379,0.11080387238004312,0.0030685895255876763,0.0061165997765442424,snare,snare,True
taiwan_university_application_system,powerless,0.56518,0.03848017887419717,0.03744850700386898,0.2755308455690132,0.018949312843069263,0.1358622537776002,snare,snare,True
taiwan_university_application_system,moderate,0.575376,0.05691704238115483,0.054700061949621924,0.3340380763137528,0.02783057345185619,0.16368941400738735,snare,snare,True
taiwan_university_application_system,institutional,-0.021971,5.3959299551164985,15.251812610117215,2.56258406921197,1.4290456379654217,0.8336510847230483,snare,rope,False
taiwan_university_application_system,analytical,0.712364,0.519007044462881,0.36989392580335984,0.9318815442439721,0.21320138708169942,0.39967909128615264,snare,snare,True
taliban_slavery_law_2024,powerless,0.978197,0.0010556225196146052,0.0008588062801515445,0.043579856804500126,0.0004747821937414805,0.0030534647530451446,snare,snare,True
taliban_slavery_law_2024,moderate,0.995843,0.0014887004566491815,0.0011598008990112794,0.0511636877681204,0.0006543950473211967,0.0034886639194890777,snare,snare,True
taliban_slavery_law_2024,institutional,-0.038027,10.502077788241852,21.72324227729505,3.092747940990465,1.9511601428394467,0.9933962763881093,snare,rope,False
taliban_slavery_law_2024,analytical,1.232938,0.008630365309679741,0.004260460886623017,0.1083452714698835,0.0029339568398232085,0.005848434301521193,snare,snare,True
targeted_dream_incubation,powerless,0.111436,1.8595851561541274e-05,1.905722352021845e-05,0.00613566089958997,9.411576287138363e-06,0.0007861532257980031,rope,rope,True
targeted_dream_incubation,moderate,0.100861,7.071447840215963e-08,7.084684671401416e-08,0.00037624616362688364,3.5390293747902774e-08,4.563795983059116e-05,rope,rope,True
targeted_dream_incubation,institutional,-0.004225,0.0027525013098098194,0.0031953891856418976,0.07695165952199125,0.0014802068553920475,0.012050011940529577,rope,rope,True
targeted_dream_incubation,analytical,0.136993,0.0004276053259799715,0.0004670757672340831,0.02988041436396239,0.0002232056387871447,0.004169283807300195,rope,rope,True
taxonomy_drift,powerless,0.826033,0.0010476251041994476,0.0010262012105072896,0.045528350712388366,0.0005181853017673568,0.021026049802282287,piton,piton,True
taxonomy_drift,moderate,0.840934,0.00204967584904725,0.0020006607521095947,0.06362486578084287,0.001011945538743619,0.029457071106060995,piton,piton,True
taxonomy_drift,institutional,-0.032112,3.2919914597904247,11.200816965812583,1.9233586217907686,0.8557129985887982,0.5074099323952949,piton,rope,False
taxonomy_drift,analytical,1.041147,0.15548640747587653,0.1226501451241711,0.5244700861288129,0.06837404250260731,0.2163096071317573,piton,piton,True
tcp_rfc9293_interoperability,powerless,0.217377,0.02677092806841891,0.024706607070092482,0.226725933422869,0.01283740541828347,0.0968272991041289,tangled_rope,tangled_rope,True
tcp_rfc9293_interoperability,moderate,0.221298,0.040270725912769596,0.03630518013212825,0.27639807626364443,0.019068595918272396,0.1161750943771441,tangled_rope,tangled_rope,True
tcp_rfc9293_interoperability,institutional,-0.00845,0.748280839185519,0.6219718514793502,1.1612155148059016,0.327741140301191,0.5283656453271914,tangled_rope,rope,False
tcp_rfc9293_interoperability,analytical,0.273986,0.45400076991568644,0.2618473283982478,0.8176037909085382,0.1648045197847013,0.26810780741399487,tangled_rope,tangled_rope,True
teaching_horses_to_sing,powerless,0.815164,0.006674463426094383,0.00810825916260312,0.12115219850765059,0.003668341857665814,0.02329934326429281,tangled_rope,tangled_rope,True
teaching_horses_to_sing,moderate,0.829869,0.010331703382813725,0.013065233022645551,0.15217030016989763,0.00578615794037654,0.03033902560039007,tangled_rope,tangled_rope,True
teaching_horses_to_sing,institutional,-0.031689,2.480545174623739,19.389803526311642,2.4710366303481663,1.3419365715878908,0.8611592777080306,tangled_rope,rope,False
teaching_horses_to_sing,analytical,1.027448,0.1739988925245919,0.3191279596712739,0.677899122025699,0.11379109364176578,0.20737618356752202,tangled_rope,tangled_rope,True
tear_gas_repression_2026,powerless,0.956459,0.017612506104110845,0.018122449072384944,0.18902136075596077,0.008925621899465368,0.09199709892231567,snare,snare,True
tear_gas_repression_2026,moderate,0.973713,0.029367895559550744,0.030330974404838437,0.24430752548386822,0.01490299661085804,0.11949324427155972,snare,snare,True
tear_gas_repression_2026,institutional,-0.037182,5.386602106748535,12.402275060917601,2.311475378026066,1.1935128198327705,0.6562226103980371,snare,rope,False
tear_gas_repression_2026,analytical,1.205539,0.8983038242057462,0.6757446433533032,1.242229323877841,0.37353941318442013,0.5554447714822559,snare,piton,False
technocratic_overreach,powerless,0.695606,0.008340259381154496,0.006925705629169454,0.12315577965059246,0.003790638498088107,0.024970349082533483,snare,snare,True
technocratic_overreach,moderate,0.708155,0.011927411371183581,0.009502928684160432,0.14568342096787598,0.00530356914014321,0.028779385194248497,snare,snare,True
technocratic_overreach,institutional,-0.027041,8.616058514398992,20.056798831913795,2.9539332357196604,1.8126158203076317,0.9435398578300981,snare,rope,False
technocratic_overreach,analytical,0.876756,0.0810190411481054,0.03925616499645392,0.3300563316842529,0.027172542700290864,0.05079762323062542,snare,snare,True
technological_point_of_no_return,powerless,0.934721,0.001770740793755623,0.0014395294886545035,0.05643187328417207,0.000796086262205884,0.005068970187862565,snare,snare,True
technological_point_of_no_return,moderate,0.951583,0.0025021112666344003,0.0019468340470074205,0.06630772338812566,0.0010990778661285863,0.00579467404514189,snare,snare,True
technological_point_of_no_return,institutional,-0.036337,10.740436923549066,21.883704288812964,3.0870085090296366,1.945422631419747,0.9891142026896257,snare,rope,False
technological_point_of_no_return,analytical,1.17814,0.014892025529221052,0.007222754885298773,0.14156992830266202,0.0050084193974587006,0.009735177412310558,snare,snare,True
temporal_scale_arbitrage,powerless,0.826033,0.007347415564334493,0.008913838934544031,0.12707290791436504,0.004035523130175991,0.025594369934738244,tangled_rope,tangled_rope,True
temporal_scale_arbitrage,moderate,0.840934,0.011363648122322961,0.014344019745107045,0.1595207924310575,0.006358348895267333,0.03329633480935915,tangled_rope,tangled_rope,True
temporal_scale_arbitrage,institutional,-0.032112,2.5101590846251907,19.39274610392186,2.4711926857185533,1.3420839396222446,0.8580256389602304,tangled_rope,rope,False
temporal_scale_arbitrage,analytical,1.041147,0.18776860275348467,0.33940721982331346,0.7020387422377793,0.12195463054599215,0.22214943180724125,tangled_rope,tangled_rope,True
temporal_scarcity,powerless,0.163033,0.00058974008707124,0.0006444375652111395,0.03510495154531997,0.0003080814959073335,0.004483174938267109,rope,rope,True
temporal_scarcity,moderate,0.165974,0.0009281940070592111,0.001035987019566963,0.04426892976134348,0.0004899145328928502,0.005751298593163701,rope,rope,True
temporal_scarcity,institutional,-0.006338,0.005162834571709468,0.0037359989594049,0.09340101497383341,0.002180541054354749,0.008988606093343066,rope,rope,True
temporal_scarcity,analytical,0.20549,0.022022016845191842,0.033701281006130776,0.23207413738153512,0.013449500132099184,0.04043476557281089,rope,rope,True
terrain_inaccessibility_wheeled_vehicles,powerless,0.056775,5.430332981163111e-06,5.502726272040034e-06,0.003306463326985125,2.733174310659558e-06,0.0002714514880134411,mountain,mountain,True
terrain_inaccessibility_wheeled_vehicles,moderate,0.049999,1.1187485062745484e-13,1.1165267498114455e-13,4.730972011800879e-07,5.5867290238593475e-14,3.842371298912184e-08,mountain,mountain,True
terrain_inaccessibility_wheeled_vehicles,institutional,-0.005969,0.00021440252808467588,0.00019643037209999187,0.02025445186319985,0.0001025598285145119,0.0015449480478560169,mountain,mountain,True
terrain_inaccessibility_wheeled_vehicles,analytical,0.069001,4.7321445381907986e-05,4.9182310022742576e-05,0.009822262476495817,2.4119161561327556e-05,0.0008221611345593516,mountain,mountain,True
texas_insurance_market_instability,powerless,0.597787,0.03200463678914902,0.029051135515933666,0.2468761714798375,0.015217623753082145,0.10624353685747223,snare,snare,True
texas_insurance_market_instability,moderate,0.608571,0.0466386401267342,0.041241545642238156,0.29602249139417613,0.021867363792168935,0.12538285212331213,snare,snare,True
texas_insurance_market_instability,institutional,-0.023239,6.783787424111803,17.650913499029386,2.6794166339117957,1.5419265059841774,0.8255272370283135,snare,rope,False
texas_insurance_market_instability,analytical,0.753462,0.37088271971096337,0.21923889176156394,0.7479650954007206,0.13824038991989088,0.25962792530213485,snare,snare,True
thai_article_112_mountain,powerless,0.043475,4.346774630019446e-06,4.360639640518427e-06,0.0029508186050883223,2.1768322149893152e-06,0.0005519435867262362,rope,rope,True
thai_article_112_mountain,moderate,0.04426,6.698310959457642e-06,6.725551949246332e-06,0.0036638326032599425,3.355916397351005e-06,0.000689275517256567,rope,rope,True
thai_article_112_mountain,institutional,-0.00169,0.0002952944869715462,0.0003254616006037128,0.024876481622030967,0.0001547078398882781,0.001647625692476474,rope,rope,True
thai_article_112_mountain,analytical,0.054797,0.0001123578764705469,0.00011465753212512353,0.015065698501242095,5.67435495111242e-05,0.0030083322063132537,rope,rope,True
thai_senate_veto_2026,powerless,0.782557,3.7451579078140885e-05,3.4629149737818495e-05,0.008476817676176194,1.796408258650072e-05,0.0033809565789284513,snare,snare,True
thai_senate_veto_2026,moderate,0.796674,0.00015135903311801202,0.0001465190991598326,0.017245347624757545,7.435004300916898e-05,0.008078646907580256,snare,snare,True
thai_senate_veto_2026,institutional,-0.030421,4.212352116680162,7.350479029876541,1.9153143221903108,0.8491247116021511,0.5223593997637032,snare,piton,False
thai_senate_veto_2026,analytical,0.98635,0.08833344168604715,0.08429289034369378,0.4153527387842253,0.042974684455915534,0.203392967250272,snare,piton,False
the_bacchae_madness_protocol,powerless,1.032541,0.0005971309992533836,0.0004873754332475346,0.032804720494425704,0.00026903138997231066,0.0017647179426255265,snare,snare,True
the_bacchae_madness_protocol,moderate,1.051168,0.0008400731764286566,0.0006573430942983069,0.03847877611218802,0.00037014263507875424,0.00201564607382525,snare,snare,True
the_bacchae_madness_protocol,institutional,-0.040139,9.823539042347207,20.7322919264711,3.0866674219440164,1.9450816721521769,0.9960969476051416,snare,rope,False
the_bacchae_madness_protocol,analytical,1.301434,0.004696621275548814,0.00239010152118952,0.08065153198768606,0.0016259470465664362,0.0033776192303200453,snare,snare,True
the_calm_protocol_suppression,powerless,0.815164,0.004376161976686414,0.003574593780430118,0.0888253533990342,0.0019721616478965832,0.01253308512507434,snare,snare,True
the_calm_protocol_suppression,moderate,0.829869,0.006217766314570535,0.004860993530650194,0.10465909301211139,0.0027377566001586164,0.014367597571199875,snare,snare,True
the_calm_protocol_suppression,institutional,-0.031689,9.410932899123969,20.048042554713692,3.01018718632263,1.8686890552597482,0.9728664367170788,snare,rope,False
the_calm_protocol_suppression,analytical,1.027448,0.03951022090186476,0.018748951956382334,0.22907234852162356,0.01310420015356164,0.024500490047870915,snare,snare,True
the_churn_systemic_upheaval,powerless,0.978197,2.0448115429175032e-05,1.6602378252402478e-05,0.006062189195906861,9.187527427396164e-06,5.9094585577465316e-05,snare,snare,True
the_churn_systemic_upheaval,moderate,0.995843,2.882772433577276e-05,2.2407541447212367e-05,0.007115407590489127,1.2657242944161729e-05,6.748821281907401e-05,snare,snare,True
the_churn_systemic_upheaval,institutional,-0.038027,9.677534827210675,22.85509482008878,3.1245723092773905,1.982979861131005,0.9998105552921173,snare,rope,False
the_churn_systemic_upheaval,analytical,1.232938,0.000166773686053249,8.20217803007042e-05,0.015044663308500121,5.658520669057644e-05,0.00011287592566448857,snare,snare,True
the_wall_procedural_barrier,powerless,0.869508,0.002282520114544134,0.0018551932295389228,0.06406639114396973,0.00102603787707208,0.006496839923576636,snare,snare,True
the_wall_procedural_barrier,moderate,0.885194,0.003233998868093248,0.0025145264526673975,0.07537012859707222,0.0014199960069752903,0.0074339924602288,snare,snare,True
the_wall_procedural_barrier,institutional,-0.033802,9.889717793630245,21.204107267415054,3.0629810473196626,1.921408633949511,0.986062807442485,snare,rope,False
the_wall_procedural_barrier,analytical,1.095945,0.01992830957653977,0.00947671354425567,0.1627990442402787,0.006622224483078019,0.012544706911642445,snare,snare,True
theatrical_neutrality,powerless,0.739082,0.0004371569488159175,0.0004370047284154039,0.029566083390104286,0.00021853434186972862,0.014773565538298061,piton,snare,False
theatrical_neutrality,moderate,0.752415,0.00042682672424589757,0.00042659308660480434,0.02921304278458336,0.00021334667400839147,0.014593014469220178,piton,snare,False
theatrical_neutrality,institutional,-0.028731,4.088414341708515,8.78854443854537,1.950404411342175,0.8779986478751036,0.49477524053746347,piton,piton,True
theatrical_neutrality,analytical,0.931553,0.025445867008634715,0.02497608891977804,0.22453783998418797,0.012591076903863525,0.1111855936816748,piton,piton,True
theory_of_visitors,powerless,0.706475,0.02513793254184537,0.028722909524509697,0.23169042429193365,0.013405111602824827,0.08764196114276354,tangled_rope,tangled_rope,True
theory_of_visitors,moderate,0.71922,0.038444152036221826,0.04497669517257266,0.2881550196905581,0.020722444663018105,0.11146746664134496,tangled_rope,tangled_rope,True
theory_of_visitors,institutional,-0.027464,3.093201615137366,18.480301759578964,2.401705823399908,1.2768746485365257,0.8049498700673602,tangled_rope,rope,False
theory_of_visitors,analytical,0.890455,0.5138678750090713,0.6457513603572033,1.0702976695421313,0.2796145246551839,0.48855447776869354,tangled_rope,snare,False
thermodynamics_entropy,powerless,0.056775,5.430332981163111e-06,5.502726272040034e-06,0.003306463326985125,2.733174310659558e-06,0.0002714514880134411,mountain,mountain,True
thermodynamics_entropy,moderate,0.049999,1.1187485062745484e-13,1.1165267498114455e-13,4.730972011800879e-07,5.5867290238593475e-14,3.842371298912184e-08,mountain,mountain,True
thermodynamics_entropy,institutional,-0.005969,0.00021440252808467588,0.00019643037209999187,0.02025445186319985,0.0001025598285145119,0.0015449480478560169,mountain,mountain,True
thermodynamics_entropy,analytical,0.069001,4.7321445381907986e-05,4.9182310022742576e-05,0.009822262476495817,2.4119161561327556e-05,0.0008221611345593516,mountain,mountain,True
three_body_problem_predictability_limit,powerless,0.163033,0.0003298772647823451,0.0003435926319029439,0.02594709380888112,0.00016831055852503467,0.005150795762573601,mountain,mountain,True
three_body_problem_predictability_limit,moderate,0.165974,0.0005063025953681967,0.0005323797735217058,0.032220640624082475,0.0002595368070827799,0.006440720256755683,mountain,mountain,True
three_body_problem_predictability_limit,institutional,-0.006338,0.01494104372855737,0.010778179135799969,0.1587733241293345,0.006298932954369952,0.02477688346590301,mountain,mountain,True
three_body_problem_predictability_limit,analytical,0.20549,0.008244383073282647,0.009958948510657668,0.1344279159076598,0.004516015586662057,0.029810426642820853,mountain,mountain,True
three_body_unpredictability,powerless,0.056775,3.010026733265022e-06,3.0504029007103197e-06,0.002461753010252365,1.5150567795191886e-06,0.00015047113353561237,mountain,mountain,True
three_body_unpredictability,moderate,0.049999,6.198827449871778e-14,6.174745628838656e-14,3.513641989991549e-07,3.096466504460728e-14,2.1296464147724237e-08,mountain,mountain,True
three_body_unpredictability,institutional,-0.005969,0.00011877653873516396,0.0001087696493943697,0.01507368227230614,5.6803705420999966e-05,0.000855698308329652,mountain,mountain,True
three_body_unpredictability,analytical,0.069001,2.62344744784963e-05,2.727285049358132e-05,0.007313836882895639,1.3373037584035424e-05,0.0004558533261855846,mountain,mountain,True
tiktok_us_divestiture_mandate,powerless,0.521705,0.032451920539668444,0.030549002399694006,0.2509120677209802,0.015718583681594626,0.1177447286873522,snare,snare,True
tiktok_us_divestiture_mandate,moderate,0.531116,0.04771770598783853,0.04409073838283454,0.30281767332266496,0.02288087436090061,0.14056190188600037,snare,snare,True
tiktok_us_divestiture_mandate,institutional,-0.020281,5.808582912016025,13.103440221721655,2.6452371626628333,1.5087241111807925,0.8470939660980806,snare,rope,False
tiktok_us_divestiture_mandate,analytical,0.657567,0.4154825566234527,0.27364118376054125,0.8160660594103595,0.1641937982769509,0.321192119046552,snare,snare,True
toxic_social_infection,powerless,0.978197,0.002488614222391013,0.0020303226455680758,0.06696241401823584,0.0011208865082565835,0.007207588226355255,snare,snare,True
toxic_social_infection,moderate,0.995843,0.003511200570819044,0.0027442627458127916,0.07864226814625858,0.0015459523796704361,0.008239833136413188,snare,snare,True
toxic_social_infection,institutional,-0.038027,10.165699979572913,19.225603308711147,3.027567397454416,1.8860365058637676,0.9843640799442736,snare,rope,False
toxic_social_infection,analytical,1.232938,0.02041526118371326,0.010131464731021982,0.1668951175374438,0.006959455146999005,0.013858733140238333,snare,snare,True
toxoplasma_hub_2026,powerless,0.84777,2.133176447996145e-05,1.7265569265813526e-05,0.006186677490209449,9.568736962049036e-06,6.0642216418550296e-05,snare,snare,True
toxoplasma_hub_2026,moderate,0.863064,3.0228079983914504e-05,2.338836293433919e-05,0.007277281176345622,1.3239690722271532e-05,6.93485404854588e-05,snare,snare,True
toxoplasma_hub_2026,institutional,-0.032957,9.057593412905304,22.97629620924772,3.119101832009039,1.9775096524450388,0.9997548751343288,snare,rope,False
toxoplasma_hub_2026,analytical,1.068546,0.00018739274231005496,8.79784553987152e-05,0.015726296798517884,6.182878417943309e-05,0.00011664566044577006,snare,snare,True
tractarian_logic_limit,powerless,0.76082,0.006689316551095104,0.005504269413350441,0.11003144850774563,0.003025966567698427,0.019450280572113732,snare,snare,True
tractarian_logic_limit,moderate,0.774544,0.009532883370618122,0.0075151040540156,0.12987684554974557,0.004215517037574963,0.02235040440320679,snare,snare,True
tractarian_logic_limit,institutional,-0.029576,9.99961706208143,21.65178498657569,3.0354041870635218,1.8938614172809094,0.9572154937526167,snare,rope,False
tractarian_logic_limit,analytical,0.958951,0.062486423302535135,0.029849146517439362,0.28863720276285615,0.020791733818059814,0.03867145300609809,snare,snare,True
trade_secret_law,powerless,0.521705,0.03331817196297548,0.034602466126356944,0.2605780051988332,0.0169512245954915,0.1269132283504255,tangled_rope,tangled_rope,True
trade_secret_law,moderate,0.531116,0.050045642848397444,0.05208350794240978,0.31952301007631256,0.025469496223588135,0.15633443570240113,tangled_rope,tangled_rope,True
trade_secret_law,institutional,-0.020281,3.9765346680789064,12.255137516784982,2.4409906380054345,1.3136388991534742,0.8164888562053494,tangled_rope,rope,False
trade_secret_law,analytical,0.657567,0.542037345735828,0.4830132739154938,1.010315229168818,0.24980358310564404,0.47773415535451064,tangled_rope,snare,False
tragedy_of_the_commons,powerless,0.76082,0.003986826872840399,0.004861144839260639,0.09371458561902082,0.0021952041950677945,0.014104011326902616,tangled_rope,tangled_rope,True
tragedy_of_the_commons,moderate,0.774544,0.006191792402270123,0.007872148983730976,0.11794734024182173,0.00347688590562304,0.018427691587069566,tangled_rope,tangled_rope,True
tragedy_of_the_commons,institutional,-0.029576,2.3715630531471317,19.378162928624743,2.4711559146756747,1.3420492151997905,0.8736167845410343,tangled_rope,rope,False
tragedy_of_the_commons,analytical,0.958951,0.11294323738389483,0.2197107854108359,0.5529585252735884,0.07595508892218758,0.13930549766423428,tangled_rope,tangled_rope,True
trajans_bridge_lifecycle,powerless,0.195639,0.005292259179657113,0.00596132500740185,0.10594199152249789,0.0028052703513913755,0.027060581242935977,rope,rope,True
trajans_bridge_lifecycle,moderate,0.199169,0.00838863327248188,0.009710189972980385,0.13426198783706486,0.0045048781673493335,0.035097551457443976,rope,rope,True
trajans_bridge_lifecycle,institutional,-0.007605,0.04683912267384394,0.028238023763655078,0.2674803706065587,0.01785979266898588,0.04569031680572344,rope,rope,True
trajans_bridge_lifecycle,analytical,0.246588,0.2151584142998108,0.3380627102310452,0.7292659543553025,0.1314905864333903,0.26746860371321823,rope,rope,True
transformer_self_attention,powerless,0.815164,0.0069735703579025836,0.00846531799968097,0.1238151991619968,0.0038313270050521894,0.024333669373157327,tangled_rope,tangled_rope,True
transformer_self_attention,moderate,0.829869,0.010792482054700061,0.013634706437024706,0.15549115985799017,0.00604133127254572,0.031675103804183806,tangled_rope,tangled_rope,True
transformer_self_attention,institutional,-0.031689,2.604745244300937,19.749874244074825,2.508938615103536,1.3778441536837382,0.8715229047310806,tangled_rope,rope,False
transformer_self_attention,analytical,1.027448,0.1808717379521391,0.3296116693805844,0.6902142423783815,0.11792156164612268,0.21467534311041028,tangled_rope,tangled_rope,True
transient_event_detection,powerless,0.489098,0.002138862772022812,0.0024671087209235344,0.06767524017833969,0.001144875288336573,0.008468347379624331,tangled_rope,tangled_rope,True
transient_event_detection,moderate,0.497921,0.0033047157334413855,0.003943454923369424,0.08478365260125945,0.0017967978324252476,0.010977994255753026,tangled_rope,tangled_rope,True
transient_event_detection,institutional,-0.019013,1.986946081363789,10.096512742403606,2.3420397658771037,1.221575152529146,0.8381976497012513,tangled_rope,rope,False
transient_event_detection,analytical,0.616469,0.060642117736511875,0.10988817275666019,0.39812159980849104,0.03949452837691553,0.08115345973314057,tangled_rope,tangled_rope,True
traveling_salesperson_problem,powerless,0.652131,0.03926796801379206,0.03640338718169324,0.2749343047057268,0.018867477977656824,0.1267352871997527,snare,snare,True
traveling_salesperson_problem,moderate,0.663895,0.057378311601188565,0.05199588268689289,0.330412232065808,0.027231041291361932,0.15030294679187306,snare,snare,True
traveling_salesperson_problem,institutional,-0.025351,6.850506884214784,18.88630541255862,2.656031946035358,1.5191952652174838,0.8233915439571209,snare,rope,False
traveling_salesperson_problem,analytical,0.821958,0.46219600533036753,0.2853970964155205,0.8451857282831505,0.17594279056303921,0.32012805684735735,snare,snare,True
treaty_land_entrenchment,powerless,0.086951,5.918120286576903e-06,6.015195750612167e-06,0.0034543774490218087,2.9831801484870648e-06,0.00024209973243205507,mountain,mountain,True
treaty_land_entrenchment,moderate,0.088519,8.999397289752433e-06,9.181419437760681e-06,0.004263736558587288,4.5448606389557115e-06,0.00029967697856181363,mountain,mountain,True
treaty_land_entrenchment,institutional,-0.00338,0.0004151377222759498,0.0003580632936054826,0.027749517269264213,0.0001925058388814977,0.0017262888760466604,mountain,mountain,True
treaty_land_entrenchment,analytical,0.109594,0.00012822685899556083,0.00013800480273466393,0.01630834111059177,6.649012903036515e-05,0.0011946791931752854,mountain,mountain,True
trillion_bond_rush_2026,powerless,0.56518,0.02985146749738419,0.02292642041974071,0.2282217603426487,0.0130071695989709,0.05742646891525993,tangled_rope,tangled_rope,True
trillion_bond_rush_2026,moderate,0.575376,0.04299632717884752,0.030966581702604266,0.26920088917696816,0.018089943211536567,0.0652954183980653,tangled_rope,tangled_rope,True
trillion_bond_rush_2026,institutional,-0.021971,7.761576377524312,10.704623303566105,2.9916564779401944,1.8502042304593556,0.9609588291135532,tangled_rope,rope,False
trillion_bond_rush_2026,analytical,0.712364,0.31867072006143793,0.0967181384269241,0.5625380477155242,0.07859207471689146,0.09818393514421742,tangled_rope,tangled_rope,True
trivial_topology_info_asymmetry,powerless,0.521705,0.009533664611522278,0.011055400395435072,0.14318085326349,0.005123000595560922,0.03829880908004174,tangled_rope,tangled_rope,True
trivial_topology_info_asymmetry,moderate,0.531116,0.014718954957451371,0.01760115649061376,0.1792173480997879,0.008024342876703406,0.04927667508724938,tangled_rope,tangled_rope,True
trivial_topology_info_asymmetry,institutional,-0.020281,2.1544878716799936,11.687730186767054,2.298907512310712,1.1820280567987498,0.7938412893592629,tangled_rope,rope,False
trivial_topology_info_asymmetry,analytical,0.657567,0.24542321823768828,0.3840090317670695,0.7778158206495086,0.14935258386662878,0.29304352951044765,tangled_rope,tangled_rope,True
trojan_war_spoils,powerless,0.52,0.3335341375347311,1.077955202731473,1.0364270204442347,0.2625890686987241,0.2945242532508836,snare,snare,True
trojan_war_spoils,moderate,1.106492,0.000724957257837082,0.0005713925878380046,0.035814076032293016,0.00032065344192652257,0.001799337844243039,snare,snare,True
trojan_war_spoils,institutional,-0.042252,11.436447616849392,22.34627636820939,3.1147580103032553,1.9731661618551783,0.9964794773044952,snare,rope,False
trojan_war_spoils,analytical,1.369931,0.003884148937798539,0.0020561617680788695,0.07420079074133282,0.001376281461799699,0.0030183145502790778,snare,snare,True
trump_critical_minerals,powerless,0.706475,0.04432769916065007,0.046057288265346906,0.3005973448874916,0.022547198434567362,0.14709181431085072,tangled_rope,tangled_rope,True
trump_critical_minerals,moderate,0.71922,0.06625111039118646,0.06884501160245034,0.36749771857696134,0.03366875150802938,0.18053529526068113,tangled_rope,snare,False
trump_critical_minerals,institutional,-0.027464,4.673752047956538,17.93930919342113,2.4283406122294084,1.3017709247180504,0.7843284355885068,tangled_rope,rope,False
trump_critical_minerals,analytical,0.890455,0.65451136241629,0.5543651373909472,1.0953197933442707,0.29250934235936915,0.5093204361917876,tangled_rope,snare,False
trump_epa_greenhouse_gas_reversal,powerless,0.597787,0.03200463678914902,0.029051135515933666,0.2468761714798375,0.015217623753082145,0.10624353685747223,snare,snare,True
trump_epa_greenhouse_gas_reversal,moderate,0.608571,0.0466386401267342,0.041241545642238156,0.29602249139417613,0.021867363792168935,0.12538285212331213,snare,snare,True
trump_epa_greenhouse_gas_reversal,institutional,0.106429,4.798115236446476,16.116278428818244,2.5498486026284097,1.4168518093548712,0.7573203172055774,snare,rope,False
trump_epa_greenhouse_gas_reversal,analytical,0.753462,0.37088271971096337,0.21923889176156394,0.7479650954007206,0.13824038991989088,0.25962792530213485,snare,snare,True
trump_indian_tariffs_2026,powerless,0.597787,0.0356851614322242,0.03303454278948256,0.26199615861362674,0.017135970594368864,0.11957032406074841,snare,snare,True
trump_indian_tariffs_2026,moderate,0.608571,0.05220262184909676,0.04724593716215123,0.3150561957462394,0.024763828275224106,0.14187781233722596,snare,snare,True
trump_indian_tariffs_2026,institutional,-0.023239,6.399378660219657,17.20284245872875,2.6265978288913376,1.4906774524974873,0.8071763472435554,snare,rope,False
trump_indian_tariffs_2026,analytical,0.753462,0.4285839432466854,0.26568728045201373,0.8148559395828161,0.16371395322370733,0.3054354654208995,snare,snare,True
trump_making_china_great_2026,powerless,0.706475,0.0022640155296634813,0.0027566184127337415,0.0705914910391464,0.0012456603244984416,0.008146701577179507,tangled_rope,tangled_rope,True
trump_making_china_great_2026,moderate,0.71922,0.003522506302955383,0.004474629921400118,0.08893533770970706,0.001977047761006484,0.010660512728065145,tangled_rope,tangled_rope,True
trump_making_china_great_2026,institutional,-0.027464,2.2364063116073103,19.1807746706094,2.4457871113436465,1.3181460495504,0.8734565675153569,tangled_rope,rope,False
trump_making_china_great_2026,analytical,0.890455,0.0677724016294795,0.13652380182152143,0.43140818143616555,0.046348127779349775,0.0860359372003022,tangled_rope,tangled_rope,True
trump_second_term_authoritarianism_2026,powerless,0.442,0.5755608610997021,1.514938424244962,1.3121376523221961,0.41520722018927164,0.45576846863041387,snare,snare,True
trump_second_term_authoritarianism_2026,moderate,0.940518,0.002032851340589339,0.0015797459173171973,0.059747524703099845,0.0008923753079989291,0.004695972519479841,snare,snare,True
trump_second_term_authoritarianism_2026,institutional,-0.035914,9.97391375614566,21.23197922273967,3.0761272845141243,1.9345463205432776,0.9911722459802995,snare,rope,False
trump_second_term_authoritarianism_2026,analytical,1.164441,0.012162002717110758,0.005866113276569742,0.12772584215727598,0.0040770867155072756,0.00788595126494085,snare,snare,True
tsp_computational_complexity,powerless,0.510836,0.01720776871341915,0.0193984351750391,0.19105823185164483,0.00911887406330193,0.06902982704273421,tangled_rope,tangled_rope,True
tsp_computational_complexity,moderate,0.520051,0.02637725681023325,0.03042495056582043,0.23785700147928265,0.014127325112299211,0.08776648922846643,tangled_rope,tangled_rope,True
tsp_computational_complexity,institutional,-0.019858,2.632580841011993,11.287001652883902,2.3555578360608442,1.2340449823364956,0.8041805162656965,tangled_rope,rope,False
tsp_computational_complexity,analytical,0.643867,0.3834259208222112,0.5010670527842178,0.9332389730489344,0.2138116417781031,0.41614225649020287,tangled_rope,snare,False
tsp_duplicate_elimination,powerless,0.163033,0.0013665451867672699,0.0014804848787841572,0.05332408860212062,0.0007108224966016596,0.011406079537702007,rope,rope,True
tsp_duplicate_elimination,moderate,0.165974,0.0021438837446142636,0.002366803785692235,0.0670973881006921,0.0011254093111333202,0.014558685848651498,rope,rope,True
tsp_duplicate_elimination,institutional,-0.006338,0.016959687648833204,0.011487430346930824,0.16608400059211625,0.006892011852750851,0.02096046502174043,rope,rope,True
tsp_duplicate_elimination,analytical,0.20549,0.04768661368179147,0.06873041598786733,0.33676719642471664,0.028286108206816575,0.09199012505823656,rope,rope,True
two_domain_ancestry,powerless,0.056775,3.245406400549294e-06,3.288913862264619e-06,0.002556189154965093,1.6335255263034423e-06,0.0001622377591652402,mountain,mountain,True
two_domain_ancestry,moderate,0.049999,6.682373291063525e-14,6.66340632370349e-14,3.6500241499888623e-07,3.338628713073785e-14,2.296205203755619e-08,mountain,mountain,True
two_domain_ancestry,institutional,-0.005969,0.00012807274780014376,0.00011728813796198838,0.015652638797280412,6.125096268705682e-05,0.0009226803228983742,mountain,mountain,True
two_domain_ancestry,analytical,0.069001,2.828558996484113e-05,2.9404443560537873e-05,0.007594324005491976,1.441842195116753e-05,0.0004914899027379516,mountain,mountain,True
tx_hispanic_pivot,powerless,0.76082,0.03887440968629028,0.03508322980396963,0.2716814116262547,0.018424339633364453,0.11797108249636368,snare,snare,True
tx_hispanic_pivot,moderate,0.774544,0.05632478061672089,0.04942644510537283,0.3246696149572892,0.026294768948673136,0.13864237397085832,snare,snare,True
tx_hispanic_pivot,institutional,-0.029576,7.850874798734342,18.058438063530403,2.6493410192347726,1.512703263785754,0.7799482288166827,snare,rope,False
tx_hispanic_pivot,analytical,0.958951,0.4159613425699524,0.24082389454392278,0.7873093011470862,0.15297313922518554,0.2750699508749087,snare,snare,True
ua_mobilization_protector_cert,powerless,0.706475,0.00942530297163735,0.00783655678963141,0.13096497096113874,0.004286423909878328,0.028092688955130618,snare,snare,True
ua_mobilization_protector_cert,moderate,0.71922,0.01347793452486794,0.010753498946536693,0.15492120618707472,0.005997145486560402,0.03238247608756473,snare,snare,True
ua_mobilization_protector_cert,institutional,-0.027464,9.02713090610371,20.54301541176878,2.9689542767228736,1.8275759314338642,0.9365027229419755,snare,rope,False
ua_mobilization_protector_cert,analytical,0.890455,0.091319735506498,0.04436663835650561,0.3506839246603931,0.03066611418887061,0.0571675221944834,snare,snare,True
ua_wartime_mobilization,powerless,0.923852,0.0014381841015449269,0.001167997295529977,0.05084391251895854,0.0006462410547681546,0.004108053998644223,snare,snare,True
ua_wartime_mobilization,moderate,0.940518,0.002032851340589339,0.0015797459173171973,0.059747524703099845,0.0008923753079989291,0.004695972519479841,snare,snare,True
ua_wartime_mobilization,institutional,-0.035914,9.97391375614566,21.23197922273967,3.0761272845141243,1.9345463205432776,0.9911722459802995,snare,rope,False
ua_wartime_mobilization,analytical,1.164441,0.012162002717110758,0.005866113276569742,0.12772584215727598,0.0040770867155072756,0.00788595126494085,snare,snare,True
udhr_1948,powerless,0.108689,0.00030403167877376166,0.00031461875094490523,0.024869906586500606,0.00015462607092946797,0.005637407951068041,rope,rope,True
udhr_1948,moderate,0.110649,0.0004717077102053388,0.0004920995311628858,0.031039941401601306,0.00024086465574996128,0.007091652322132935,rope,rope,True
udhr_1948,institutional,-0.004225,0.007159152802423102,0.007082820922636509,0.11907593589767378,0.0035437226352190467,0.0166938729662002,rope,rope,True
udhr_1948,analytical,0.136993,0.008765335863570013,0.010313077577886843,0.13777419210098052,0.004743555705344944,0.03519669204281439,rope,rope,True
uk_artist_resale_right,powerless,0.521705,0.02976116666043927,0.027501265963171685,0.2391535268931054,0.014281572972250026,0.10700108214491066,snare,snare,True
uk_artist_resale_right,moderate,0.531116,0.04359834574293618,0.03940583671179955,0.2878239172747935,0.020674932247658036,0.12706123361053245,snare,snare,True
uk_artist_resale_right,institutional,-0.020281,6.426048940441357,13.578652434722535,2.749105542776682,1.6100272560832702,0.8849716706480178,snare,rope,False
uk_artist_resale_right,analytical,0.657567,0.36736517167542493,0.2306261652216795,0.7572137416243837,0.1416390512770174,0.2786844489059247,snare,snare,True
uk_graduate_visa_salary_threshold,powerless,0.815164,0.00204531992837782,0.0016630404497716695,0.060652338473156,0.0009196060589812387,0.005845644890100088,snare,snare,True
uk_graduate_visa_salary_threshold,moderate,0.829869,0.0029038222232503105,0.0022582966679853852,0.07142324232573068,0.0012751843551073764,0.006694557822779612,snare,snare,True
uk_graduate_visa_salary_threshold,institutional,-0.031689,8.972530500616315,20.70269703344843,3.0481906513790453,1.9066319454580896,0.9873629360712687,snare,rope,False
uk_graduate_visa_salary_threshold,analytical,1.027448,0.018359268861381093,0.00863661964652079,0.15575014784808613,0.0060614628840570525,0.011352937670539536,snare,snare,True
uk_help_to_buy_scheme,powerless,0.597787,0.039707724040251705,0.03800363170052924,0.2787154673004437,0.01938916836337954,0.13522303641680677,snare,snare,True
uk_help_to_buy_scheme,moderate,0.608571,0.05848004528249113,0.055069160975079245,0.33685224682729625,0.02830036350390852,0.1620028723626027,snare,snare,True
uk_help_to_buy_scheme,institutional,-0.023239,5.785640714692806,17.052570851608984,2.562111227037718,1.428592488839694,0.8133867511057072,snare,rope,False
uk_help_to_buy_scheme,analytical,0.753462,0.5092739608059533,0.3439626578044873,0.9095982494940807,0.20330142568277268,0.37538421924756427,snare,snare,True
uk_hicbc_2024,powerless,0.706475,0.02152296921169997,0.0184343411274588,0.1994431022456068,0.009936149585553672,0.06502790900900546,snare,snare,True
uk_hicbc_2024,moderate,0.71922,0.030938218667957276,0.02554590380796835,0.23684573661550237,0.014007594073140794,0.07548407614530617,snare,snare,True
uk_hicbc_2024,institutional,-0.027464,8.507996301836625,18.873458968178813,2.8145962821009793,1.6744585416635647,0.8441701657536153,snare,rope,False
uk_hicbc_2024,analytical,0.890455,0.2174633083084424,0.11219908958800141,0.5507532613080777,0.07535428706026205,0.13889319604097639,snare,snare,True
uk_hicbc_trap,powerless,0.597787,0.036373081855373295,0.033818789783623356,0.2648037292868315,0.017504659571122176,0.1221277159906089,snare,snare,True
uk_hicbc_trap,moderate,0.608571,0.05325522821309879,0.04844899389667606,0.3186389640052701,0.025329052641286407,0.1450912937819816,snare,snare,True
uk_hicbc_trap,institutional,-0.023239,6.355346686625792,17.211580449495433,2.62667673849289,1.4907537608709651,0.8094079203663441,snare,rope,False
uk_hicbc_trap,analytical,0.753462,0.44046301017515727,0.27603603835134355,0.8285800349505082,0.16919530473678998,0.31520815468306995,snare,snare,True
uk_necc_formation,powerless,0.521705,0.030052565369248573,0.032018986871017056,0.24904146137793715,0.015485387905651295,0.11587816079117669,tangled_rope,tangled_rope,True
uk_necc_formation,moderate,0.531116,0.04541269710307489,0.04878113710990903,0.3067514121564514,0.023478028058829477,0.14406768282519156,tangled_rope,tangled_rope,True
uk_necc_formation,institutional,-0.020281,3.6018824769892483,12.099967844977868,2.4265863755820463,1.3001273333319148,0.8097849579996876,tangled_rope,rope,False
uk_necc_formation,analytical,0.657567,0.5300908608600488,0.5216739130813914,1.0245766607398257,0.25674977448459896,0.4900022453221548,tangled_rope,snare,False
uk_ssp_eligibility,powerless,0.673869,0.0178043167978272,0.015163163357137414,0.1811303624344948,0.008196447443265113,0.05452629366545969,snare,snare,True
uk_ssp_eligibility,moderate,0.686025,0.025589518078110017,0.020993758951315656,0.21503830275610286,0.011549235361513291,0.06323680576901058,snare,snare,True
uk_ssp_eligibility,institutional,-0.026196,8.280563864223362,19.041466048505427,2.8397870789028636,1.6993385570616266,0.8699494376537403,snare,rope,False
uk_ssp_eligibility,analytical,0.849357,0.18076911134106824,0.09219516750139392,0.5004749785229414,0.06229272279251603,0.11598615865836237,snare,snare,True
uk_student_visa_dependents,powerless,0.597787,0.02475975571088211,0.021833265487675727,0.21553329862086176,0.011602415313620426,0.08108096972247814,snare,snare,True
uk_student_visa_dependents,moderate,0.608571,0.035882874398981815,0.030669461163152948,0.25737968930463134,0.016538232959933234,0.09495792166063899,snare,snare,True
uk_student_visa_dependents,institutional,-0.023239,7.433862551204705,18.58050114631683,2.7882111707816515,1.648454388243763,0.8644379751618342,snare,rope,False
uk_student_visa_dependents,analytical,0.753462,0.2731628182418985,0.15106428987388076,0.6298618833659659,0.09836445589814966,0.1866473669116202,snare,snare,True
uk_unpaid_care_system,powerless,0.923852,0.001357972508795373,0.001102684304644021,0.049403708857359036,0.0006101505860464472,0.0038786676071825843,snare,snare,True
uk_unpaid_care_system,moderate,0.940518,0.001919424850765145,0.001491337938100518,0.05805401911041457,0.000842508125410356,0.0044336103586906095,snare,snare,True
uk_unpaid_care_system,institutional,-0.035914,9.810470124765603,21.057817209581977,3.0735447278521084,1.9319652025563445,0.991657367592334,snare,rope,False
uk_unpaid_care_system,analytical,1.164441,0.01148152632126542,0.005536295004322106,0.12409063688219535,0.003848386733417179,0.007444022950708007,snare,snare,True
ukr_mobilization,powerless,0.706475,0.013926101263815422,0.011699081966796181,0.15962307409602922,0.006366500881360777,0.041703663969635874,snare,snare,True
ukr_mobilization,moderate,0.71922,0.019949751353534547,0.01610803868279692,0.18907481054844064,0.008930666669769079,0.04818717528269023,snare,snare,True
ukr_mobilization,institutional,-0.027464,8.630214675261243,19.076745449312757,2.879293062990201,1.7384517002334292,0.9038707954154755,snare,rope,False
ukr_mobilization,analytical,0.890455,0.13686624801618458,0.06788087318429932,0.4319270708243825,0.04645925415248793,0.08626443353085711,snare,snare,True
ukraine_tight_gas_pilot,powerless,0.521705,0.03009085702735852,0.03205237121576255,0.2491864001423746,0.015503394393808989,0.1160269079276352,tangled_rope,tangled_rope,True
ukraine_tight_gas_pilot,moderate,0.531116,0.04546791449132861,0.048826096887877084,0.3069165368201922,0.02350326172824352,0.14423785510977316,tangled_rope,tangled_rope,True
ukraine_tight_gas_pilot,institutional,-0.020281,3.5366474553646463,11.983517968973365,2.4007618883255772,1.275994653312855,0.7987680008304695,tangled_rope,rope,False
ukraine_tight_gas_pilot,analytical,0.657567,0.5303052409188627,0.5213201807506843,1.0245151937275063,0.2567196458322423,0.48996406043744123,tangled_rope,snare,False
ulysses_aeolus_1904,powerless,0.554311,0.008600939397576446,0.008806482001328643,0.1319288369980049,0.004349726915836248,0.06341475549095821,piton,piton,True
ulysses_aeolus_1904,moderate,0.564311,0.012379110403706081,0.012715750742163426,0.158400202881666,0.006269377902552482,0.07638310920455438,piton,piton,True
ulysses_aeolus_1904,institutional,-0.021549,2.6669865969547484,7.350597899411558,1.7336767614121134,0.7055203249186657,0.38287835477378,piton,piton,True
ulysses_aeolus_1904,analytical,0.698665,0.07050282082383102,0.07284666647634971,0.37846257746380996,0.03570175415574017,0.18553560242125078,piton,snare,False
ulysses_calypso_1904,powerless,0.510836,0.013054420402694507,0.013100524253534723,0.1616947380238582,0.006532737586803018,0.0763959689564585,piton,piton,True
ulysses_calypso_1904,moderate,0.520051,0.019066142998148003,0.019095253595470485,0.19529465427821668,0.009527426552145776,0.09241471526986766,piton,piton,True
ulysses_calypso_1904,institutional,-0.019858,4.383759690047125,12.565819220168123,2.567341015084748,1.433606236628519,0.8763754964114963,piton,rope,False
ulysses_calypso_1904,analytical,0.643867,0.14443126814712223,0.1323762670939265,0.5236363688979144,0.06815807762504691,0.24495577596957901,piton,snare,False
ulysses_circe_1904,powerless,0.630393,0.0051723631248646595,0.005153392091724218,0.10161544298172862,0.002580869298143034,0.050705061131325,snare,snare,True
ulysses_circe_1904,moderate,0.641765,0.007141589161884988,0.007105715921525049,0.1193615084318071,0.003560735352182386,0.05951947463456475,snare,snare,True
ulysses_circe_1904,institutional,-0.024506,3.9294138745132035,8.977664311495529,1.9633247520463046,0.8887176423559353,0.5008505455738116,snare,piton,False
ulysses_circe_1904,analytical,0.79456,0.015598017221656893,0.015412328462466554,0.17607951466778435,0.007745993666118437,0.0875005018714744,snare,snare,True
ulysses_cyclops_1904,powerless,0.586918,0.006469949940668379,0.006667477274965805,0.11460861239705354,0.003282885004405012,0.053242363595026654,piton,piton,True
ulysses_cyclops_1904,moderate,0.597506,0.009210798646342805,0.00953652920965907,0.13690484324357885,0.004683904636362174,0.06386086537990632,piton,piton,True
ulysses_cyclops_1904,institutional,-0.022816,2.274296931165452,5.82172445235344,1.5141207684680866,0.5462839192189802,0.2897284107064187,piton,piton,True
ulysses_cyclops_1904,analytical,0.739763,0.040623437619415614,0.04297902152692051,0.2890308872950583,0.020848391142184675,0.13792474134324573,piton,piton,True
ulysses_eumaeus_1904,powerless,0.510836,0.008841647784896663,0.009248772415552609,0.1344731945986062,0.004519057167085195,0.059650467561802756,piton,piton,True
ulysses_eumaeus_1904,moderate,0.520051,0.012928095152301852,0.013626400421352117,0.1629097816918301,0.0066312315632959026,0.07275466458711899,piton,piton,True
ulysses_eumaeus_1904,institutional,-0.019858,2.0905814325140284,6.779706347547668,1.7030591607285088,0.6823335389522408,0.4360143198780481,piton,piton,True
ulysses_eumaeus_1904,analytical,0.643867,0.09551249890969316,0.10490924151417763,0.4471719435317905,0.049782777758800245,0.209970601408556,piton,piton,True
ulysses_hades_1904,powerless,0.532574,0.004644979037961992,0.00498289283757581,0.09807601262284771,0.002404244209338278,0.0333444729488801,piton,piton,True
ulysses_hades_1904,moderate,0.542181,0.006791285274229897,0.007382354386062433,0.11897474207063026,0.0035377038747367658,0.04089424505554129,piton,piton,True
ulysses_hades_1904,institutional,-0.020703,1.0745841867488943,4.552378184643705,1.2634193536839118,0.3859618385524445,0.2665010413930412,piton,piton,True
ulysses_hades_1904,analytical,0.671266,0.04784090316873893,0.05760664850413509,0.32364860650353866,0.026130007943891385,0.12214730412537037,piton,piton,True
ulysses_ithaca_1904,powerless,0.499967,0.005781234605193697,0.0062106361897886694,0.10945439460422711,0.0029943186640802896,0.039023622825223925,piton,piton,True
ulysses_ithaca_1904,moderate,0.508986,0.008519004013218374,0.009277116335101525,0.13331069820318717,0.0044412908344175234,0.04807064498644692,piton,piton,True
ulysses_ithaca_1904,institutional,-0.019436,1.1741039066447567,4.445061721440266,1.3442955281445796,0.4350277446543558,0.30128825286923455,piton,piton,True
ulysses_ithaca_1904,analytical,0.630168,0.06961926828118516,0.08455470398519405,0.3912403278905621,0.038145372237189175,0.15640672178744222,piton,piton,True
ulysses_lestrygonians_1904,powerless,0.543443,0.008830455265739091,0.008455182204647069,0.1314441239847016,0.004317834895940408,0.05941937278851739,snare,snare,True
ulysses_lestrygonians_1904,moderate,0.553246,0.012609339506797101,0.011950790472460386,0.15666070994584344,0.0061325079739374,0.07037582693600763,snare,snare,True
ulysses_lestrygonians_1904,institutional,-0.021126,5.446508719830697,13.705366371209545,2.540239799688615,1.407667291295905,0.753442545327946,snare,rope,False
ulysses_lestrygonians_1904,analytical,0.684965,0.07106688301911585,0.05985612377223226,0.36027277055607,0.03236146672032347,0.1519441958436466,snare,snare,True
ulysses_lotus_1904,powerless,0.521705,0.008784171082669039,0.009152218354240078,0.13390373158292168,0.004480878143512019,0.06038473978501474,piton,piton,True
ulysses_lotus_1904,moderate,0.531116,0.012801800254566523,0.013428482307702591,0.16191944385118956,0.006550897259436823,0.07346358882576237,piton,piton,True
ulysses_lotus_1904,institutional,-0.020281,2.200589821496862,7.117527426898711,1.71817650143536,0.6937436814002838,0.43498712789240335,piton,piton,True
ulysses_lotus_1904,analytical,0.657567,0.08961532908408618,0.09722653602967116,0.43183441297882097,0.04643940072154405,0.20451788656027442,piton,piton,True
ulysses_nausicaa_1904,powerless,0.532574,0.008779239007595259,0.009099102992909176,0.13369303560615323,0.004466793264596298,0.06183279028043659,piton,piton,True
ulysses_nausicaa_1904,moderate,0.542181,0.012742901912478649,0.013282323577001737,0.1612958256665169,0.0065005613475030664,0.07498254892474104,piton,piton,True
ulysses_nausicaa_1904,institutional,-0.020703,2.217762460532521,5.96623062195562,1.6062243861873973,0.6110584235600138,0.3404949527739231,piton,piton,True
ulysses_nausicaa_1904,analytical,0.671266,0.0835343727133655,0.08935516961956405,0.4155552639774539,0.043016452502337106,0.1998473437495415,piton,piton,True
ulysses_oxen_1904,powerless,0.597787,0.006046354071466545,0.006215549032482184,0.11072543673089957,0.003064247797084329,0.05181001981008837,piton,piton,True
ulysses_oxen_1904,moderate,0.608571,0.008560481642147871,0.008837257759504752,0.13188771611275138,0.004347016789100285,0.061939634804842936,piton,piton,True
ulysses_oxen_1904,institutional,-0.023239,2.4985806520483775,7.99007088230622,1.6680527589869736,0.6562017881719562,0.365773185324485,piton,piton,True
ulysses_oxen_1904,analytical,0.753462,0.03332675100777534,0.03504421006906984,0.2614052109108589,0.017058865355962634,0.1250966190273266,piton,piton,True
ulysses_penelope_1904,powerless,0.543443,0.0064259530258493555,0.006781177561154192,0.11489095337212345,0.0032990754009708787,0.04697079842762983,piton,piton,True
ulysses_penelope_1904,moderate,0.553246,0.009333495692359861,0.009944261738520643,0.13879181172774852,0.004813859406700716,0.05719987377423982,piton,piton,True
ulysses_penelope_1904,institutional,-0.021126,1.6597510188994027,6.14636557666257,1.4934403823568874,0.5321588515091261,0.34208859140660197,piton,piton,True
ulysses_penelope_1904,analytical,0.684965,0.059694484883642554,0.06784592757950933,0.3565658380915591,0.031700698915899016,0.1562997394302267,piton,piton,True
ulysses_proteus_1904,powerless,0.56518,0.005702685024533201,0.005313880981349654,0.1048985459176748,0.0027502956588065096,0.038590472747263904,snare,snare,True
ulysses_proteus_1904,moderate,0.575376,0.008075886199756847,0.007411331179484025,0.12433922591785321,0.0038638160446045934,0.04531332241088126,snare,snare,True
ulysses_proteus_1904,institutional,-0.021971,6.676359049085743,17.094082594025227,2.7898142019103234,1.6500325741478998,0.8620395781356462,snare,rope,False
ulysses_proteus_1904,analytical,0.712364,0.04108284309326854,0.03193891802239683,0.2677216981837503,0.017891986164835377,0.08954366299944483,snare,snare,True
ulysses_rocks_1904,powerless,0.521705,0.010235381901424506,0.010468115862617158,0.14387806133149703,0.005172992606044496,0.06962259185695369,piton,piton,True
ulysses_rocks_1904,moderate,0.531116,0.014859832677488957,0.015240186252294369,0.17347909610776474,0.007519033145977834,0.08420477068696552,piton,piton,True
ulysses_rocks_1904,institutional,-0.020281,2.80439701443108,7.786806820142609,1.865528933316275,0.8087687017876499,0.4707626185044881,piton,piton,True
ulysses_rocks_1904,analytical,0.657567,0.10026924259901501,0.10233851761696594,0.4499307402997856,0.05039633475135817,0.2213841209864571,piton,snare,False
ulysses_school_1904,powerless,0.532574,0.010746867498702004,0.010655546657256112,0.1462881703903893,0.0053476723650412545,0.07243728757641132,piton,snare,False
ulysses_school_1904,moderate,0.542181,0.01548199011382155,0.015295679102300924,0.17542136264861607,0.007688232819101488,0.08673654969340627,piton,snare,False
ulysses_school_1904,institutional,-0.020703,4.141016986609036,11.416928416959827,2.271978863387657,1.1575294550744364,0.6663906991462625,piton,rope,False
ulysses_school_1904,analytical,0.671266,0.09585285962631493,0.08873649181881624,0.4289124649159464,0.04581547765978025,0.20645866513916256,piton,snare,False
ulysses_scylla_1904,powerless,0.543443,0.008098968157341777,0.008410216215471951,0.12846999126915915,0.0041247161103527274,0.058559300008333426,piton,piton,True
ulysses_scylla_1904,moderate,0.553246,0.011726108928226037,0.012251417573254958,0.15481715084542436,0.0059890960537730825,0.07095297764087055,piton,piton,True
ulysses_scylla_1904,institutional,-0.021126,2.209999426291241,6.8379639930136396,1.643457830336423,0.6380878016550523,0.3768120854429447,piton,piton,True
ulysses_scylla_1904,analytical,0.684965,0.07290422951904374,0.0785612991862841,0.3889058620706685,0.037692947208390115,0.18486188959444927,piton,piton,True
ulysses_sirens_1904,powerless,0.576049,0.007397481666497438,0.007582892118446309,0.12238676841621351,0.0037434618953652186,0.05842926618371469,piton,piton,True
ulysses_sirens_1904,moderate,0.586441,0.01056751834404282,0.010871163059649122,0.14640752346637514,0.005356398106135116,0.07012916208856967,piton,piton,True
ulysses_sirens_1904,institutional,-0.022394,2.5028811657528265,6.084549118207825,1.5882195905012462,0.5981600534935235,0.324300036406566,piton,piton,True
ulysses_sirens_1904,analytical,0.726063,0.05123275938662425,0.05338631648380007,0.32335330825408587,0.026082451317849847,0.15765849211241167,piton,piton,True
ulysses_tower_1904,powerless,0.521705,0.00866782303559812,0.00903875595044528,0.13303890274138755,0.004423206052448392,0.05892363007585524,piton,piton,True
ulysses_tower_1904,moderate,0.531116,0.01264473247038645,0.013276827121732615,0.16095618347218943,0.006473228342073054,0.07174814601327936,piton,piton,True
ulysses_tower_1904,institutional,-0.020281,2.430846069789597,9.304398826320243,1.9391282910585226,0.8686819848394963,0.5824532333450259,piton,rope,False
ulysses_tower_1904,analytical,0.657567,0.0898071230923557,0.09727929421716733,0.43188352771356725,0.046449923819718145,0.20146628934288532,piton,piton,True
un_high_seas_treaty_2026,powerless,0.434754,0.00289090471065851,0.003248710219869609,0.07811969353825034,0.0015254776666652754,0.011937446136001846,tangled_rope,tangled_rope,True
un_high_seas_treaty_2026,moderate,0.442597,0.00444491071382278,0.005149680913248544,0.09753663170264941,0.002377877289825523,0.01539539678465951,tangled_rope,tangled_rope,True
un_high_seas_treaty_2026,institutional,-0.016901,1.9015506292410567,7.437034675524549,2.2814959257137355,1.1661704737903276,0.8123346313693784,tangled_rope,rope,False
un_high_seas_treaty_2026,analytical,0.547972,0.07715447458589218,0.13070001477407936,0.44206629432516076,0.04865706955639529,0.10517065897755482,tangled_rope,tangled_rope,True
unclos_2026,powerless,0.326066,0.03354828730804332,0.023886048121460585,0.2369490781552194,0.0140198061416642,0.054475163901705925,tangled_rope,tangled_rope,True
unclos_2026,moderate,0.331948,0.04803456936806848,0.03153977204322257,0.2772044059539342,0.01917983652114914,0.061550000042487785,tangled_rope,tangled_rope,True
unclos_2026,institutional,-0.012676,2.9335214716545317,2.39064633300965,2.2236772962260773,1.1139722172915711,0.8711509747855221,tangled_rope,rope,False
unclos_2026,analytical,0.410979,0.34601409928601856,0.08621725220740496,0.5375801190562142,0.07181416002291588,0.09373668523013834,tangled_rope,tangled_rope,True
unconditional_university_offers_uk,powerless,0.597787,0.02475975571088211,0.021833265487675727,0.21553329862086176,0.011602415313620426,0.08108096972247814,snare,snare,True
unconditional_university_offers_uk,moderate,0.608571,0.035882874398981815,0.030669461163152948,0.25737968930463134,0.016538232959933234,0.09495792166063899,snare,snare,True
unconditional_university_offers_uk,institutional,-0.023239,7.433862551204705,18.58050114631683,2.7882111707816515,1.648454388243763,0.8644379751618342,snare,rope,False
unconditional_university_offers_uk,analytical,0.753462,0.2731628182418985,0.15106428987388076,0.6298618833659659,0.09836445589814966,0.1866473669116202,snare,snare,True
uneven_risk_distribution,powerless,0.056775,8.245610788022727e-06,8.354737738218503e-06,0.0040742864999805785,4.149951185962876e-06,0.00041216359679108194,mountain,mountain,True
uneven_risk_distribution,moderate,0.049999,1.6964642809827945e-13,1.6956682712699098e-13,5.817181258184673e-07,8.483886407890988e-14,5.8349632237053584e-08,mountain,mountain,True
uneven_risk_distribution,institutional,-0.005969,0.00032577192223502753,0.00029862709463314386,0.024970247822867074,0.00015587629425703966,0.0023480363547565683,mountain,mountain,True
uneven_risk_distribution,analytical,0.069001,7.184101835015307e-05,7.464450528575163e-05,0.012101457691378742,3.661120786519913e-05,0.0012479855716481802,mountain,mountain,True
union_protection_underperformance,powerless,0.652131,0.015455125401135859,0.018069291102838354,0.18267377443902244,0.008336628905513472,0.05611480767115268,tangled_rope,tangled_rope,True
union_protection_underperformance,moderate,0.663895,0.02382115958275958,0.02871811732301242,0.22845699524094007,0.013033967987217636,0.07216418655188228,tangled_rope,tangled_rope,True
union_protection_underperformance,institutional,-0.025351,2.509218023809417,18.230704813017667,2.3532420670547496,1.2319062868961903,0.7979807657927394,tangled_rope,rope,False
union_protection_underperformance,analytical,0.821958,0.36936965088597246,0.5461597115287984,0.9421644434893677,0.21784471439796832,0.39199900553717326,tangled_rope,tangled_rope,True
universal_mathematics_communication,powerless,0.111436,3.911853624781894e-05,4.0300605155589536e-05,0.008911000292087025,1.985144871124886e-05,0.0008728416713772447,mountain,mountain,True
universal_mathematics_communication,moderate,0.100861,2.046546378914459e-07,2.051021023893436e-07,0.0006401221545747791,1.0243909250830005e-07,6.141161723605126e-05,mountain,mountain,True
universal_mathematics_communication,institutional,-0.004225,0.0013548252931773856,0.0011137504912713324,0.0495062024798097,0.0006126847365550946,0.00413288825481295,mountain,mountain,True
universal_mathematics_communication,analytical,0.136993,0.0004981924512915322,0.0005518291745737312,0.03237215697868242,0.00026198341705435007,0.0033549414794148413,mountain,mountain,True
unrequited_love_protocol,powerless,0.739082,0.00010402378890324758,8.459496880145545e-05,0.013678905331251118,4.677793041606334e-05,0.00030297984225580166,snare,snare,True
unrequited_love_protocol,moderate,0.752415,0.00014805155284396818,0.00011515202249943681,0.016127732033698067,6.502558277417838e-05,0.0003473550791105451,snare,snare,True
unrequited_love_protocol,institutional,-0.063203,9.499369301260158,22.919145683009177,3.1214237066890522,1.979831394949758,0.999271605794763,snare,rope,False
unrequited_love_protocol,analytical,0.931553,0.0009658236858880331,0.00045023371368328236,0.03562657322237526,0.0003173047893431703,0.0005937424440838214,snare,snare,True
unrwa_eviction_order,powerless,0.815164,0.0017234644940065378,0.0014004674035393739,0.0556668786989136,0.0007746503339260212,0.004924385878815385,snare,snare,True
unrwa_eviction_order,moderate,0.829869,0.0024466175488299866,0.0019013722773296964,0.06554736783101435,0.0010740182173647687,0.005638744642379678,snare,snare,True
unrwa_eviction_order,institutional,-0.031689,9.046288062856103,21.16342677019544,3.0617504582037767,1.9201790102626488,0.9893539027782322,snare,rope,False
unrwa_eviction_order,analytical,1.027448,0.015458075939784313,0.007263262810996797,0.14286536772519184,0.005100458958173907,0.009555304472234587,snare,snare,True
us_ai_chip_export_controls,powerless,0.597787,0.02928806242196322,0.026268180653924375,0.2354405489744546,0.013842066590352128,0.09666582731513207,snare,snare,True
us_ai_chip_export_controls,moderate,0.608571,0.04258172952207154,0.037126214335699174,0.28182523804056103,0.019823531665099123,0.11371437591046674,snare,snare,True
us_ai_chip_export_controls,institutional,-0.023239,7.068922494278186,17.870986032683383,2.7256442714139557,1.587043660582776,0.8304730160595951,snare,rope,False
us_ai_chip_export_controls,analytical,0.753462,0.33241072460682825,0.19106276347534393,0.7025015077072139,0.12211380513031371,0.23029334659146816,snare,snare,True
us_arms_transfer_policy,powerless,0.597787,0.03200463678914902,0.029051135515933666,0.2468761714798375,0.015217623753082145,0.10624353685747223,snare,snare,True
us_arms_transfer_policy,moderate,0.608571,0.0466386401267342,0.041241545642238156,0.29602249139417613,0.021867363792168935,0.12538285212331213,snare,snare,True
us_arms_transfer_policy,institutional,-0.023239,6.783787424111803,17.650913499029386,2.6794166339117957,1.5419265059841774,0.8255272370283135,snare,rope,False
us_arms_transfer_policy,analytical,0.753462,0.37088271971096337,0.21923889176156394,0.7479650954007206,0.13824038991989088,0.25962792530213485,snare,snare,True
us_canada_geopolitical_asymmetry,powerless,0.521705,0.02976116666043927,0.027501265963171685,0.2391535268931054,0.014281572972250026,0.10700108214491066,snare,snare,True
us_canada_geopolitical_asymmetry,moderate,0.531116,0.04359834574293618,0.03940583671179955,0.2878239172747935,0.020674932247658036,0.12706123361053245,snare,snare,True
us_canada_geopolitical_asymmetry,institutional,-0.020281,6.426048940441357,13.578652434722535,2.749105542776682,1.6100272560832702,0.8849716706480178,snare,rope,False
us_canada_geopolitical_asymmetry,analytical,0.657567,0.36736517167542493,0.2306261652216795,0.7572137416243837,0.1416390512770174,0.2786844489059247,snare,snare,True
us_china_chip_tariffs_v2,powerless,0.56518,0.032294387988721494,0.029704411095773264,0.2488305863246631,0.015459208426058345,0.11092304571658107,snare,snare,True
us_china_chip_tariffs_v2,moderate,0.575376,0.047220313469770375,0.04242627732900274,0.29908473902152827,0.02232127631537734,0.13145353579158092,snare,snare,True
us_china_chip_tariffs_v2,institutional,-0.021971,6.410379278656869,15.605164751915636,2.6706884903111017,1.5334347648376228,0.829538279122317,snare,rope,False
us_china_chip_tariffs_v2,analytical,0.712364,0.38837171320920094,0.23847896303401497,0.7736819069510765,0.14778904868936973,0.281828629749891,snare,snare,True
us_debt_ceiling,powerless,0.543443,0.011522868646411027,0.00988720139921042,0.14599961840600592,0.0053266060686588445,0.03931874718399786,snare,snare,True
us_debt_ceiling,moderate,0.553246,0.01663315972486532,0.013777851731239008,0.17380653666195628,0.0075474262935112555,0.045768941912342376,snare,snare,True
us_debt_ceiling,institutional,-0.021126,8.069935416103037,16.45984930647812,2.980074583297404,1.8386574431908147,0.9509313947917196,snare,rope,False
us_debt_ceiling,analytical,0.684965,0.1239173409647797,0.06518239413285101,0.41818321483180804,0.043560250798232156,0.08710342398925819,snare,snare,True
us_embargo_cuba,powerless,0.338,1.3387978504104547,1.6932252522742104,1.712427287513197,0.6893955071999056,0.7456403196922258,snare,tangled_rope,False
us_embargo_cuba,moderate,0.71922,0.015929858139840596,0.012766231937258848,0.16862161543291274,0.007104102620057522,0.0383493905124791,snare,snare,True
us_embargo_cuba,institutional,-0.027464,8.647004837230918,19.40514753858196,2.9109484811112085,1.7698667175470806,0.9243124998578667,snare,rope,False
us_embargo_cuba,analytical,0.890455,0.10843004210897778,0.05308306405948455,0.3829858094181353,0.0365576148790558,0.06804943946814468,snare,snare,True
us_employer_health_insurance,powerless,0.597787,0.03784740316071203,0.03557247988367768,0.2708618847943034,0.01831352295145219,0.12776068708523058,snare,snare,True
us_employer_health_insurance,moderate,0.608571,0.05553414903772998,0.05117600306696748,0.32645689672367845,0.02658442240946226,0.1522510519760456,snare,snare,True
us_employer_health_insurance,institutional,-0.023239,6.19900486522385,17.465605587204497,2.617472044931076,1.481857875390345,0.8324321364512902,snare,rope,False
us_employer_health_insurance,analytical,0.753462,0.4679609297706157,0.30139143537032603,0.8605752607811387,0.1823083852702271,0.3384862626028524,snare,snare,True
us_foreign_policy_america_first,powerless,0.815164,0.003217471865776037,0.0026221122783640235,0.0761177258876206,0.0014483022165373957,0.009205176965712214,snare,snare,True
us_foreign_policy_america_first,moderate,0.829869,0.004569716914578119,0.0035631881595284756,0.08966058097981834,0.0020094183750461285,0.010547251611529807,snare,snare,True
us_foreign_policy_america_first,institutional,-0.031689,9.125402700619338,20.04708321666704,3.0211006167844587,1.8795808392706375,0.9801081194228658,snare,rope,False
us_foreign_policy_america_first,analytical,1.027448,0.028964462449318846,0.01368480497356084,0.19588036893693722,0.009584614532432648,0.01793586083690546,snare,snare,True
us_greenland_envoy,powerless,0.706475,0.0073352928554262595,0.006071082156309063,0.11539791841782183,0.003328246381932967,0.021818492758827746,snare,snare,True
us_greenland_envoy,moderate,0.71922,0.010481039080869312,0.008318602417071708,0.13642659283025857,0.004651249845157989,0.025123934657846014,snare,snare,True
us_greenland_envoy,institutional,-0.027464,8.698231925385723,20.19822114964636,2.9683744468582454,1.8269982676393879,0.9510541376148924,snare,rope,False
us_greenland_envoy,analytical,0.890455,0.07063148997919094,0.03400792519578618,0.30759765124002036,0.02360748922312506,0.04408732649561753,snare,snare,True
us_iran_drone_conflict,powerless,0.652131,0.02874300129283235,0.025392905699625924,0.2323351365004351,0.013479734702193562,0.0906707784291968,snare,snare,True
us_iran_drone_conflict,moderate,0.663895,0.0416124651685377,0.035630615773479486,0.27729631086681356,0.01919253609031246,0.10615163297205787,snare,snare,True
us_iran_drone_conflict,institutional,-0.025351,7.55343481102209,18.488707546828625,2.721533528312985,1.5830223741414329,0.8046408701276485,snare,rope,False
us_iran_drone_conflict,analytical,0.821958,0.3113629726520393,0.17191519127846885,0.6720799601831811,0.11186422882923436,0.20694920818052243,snare,snare,True
us_isolationism_policy_2026,powerless,0.739082,0.010733819521918382,0.008923711556252954,0.13975729191545655,0.004881038489715182,0.03157707206327365,snare,snare,True
us_isolationism_policy_2026,moderate,0.752415,0.015334189885684595,0.012232540470938417,0.16523833844378896,0.006822045232835417,0.03638149085795017,snare,snare,True
us_isolationism_policy_2026,institutional,-0.028731,8.90235460119786,19.112961946651144,2.9134111103270515,1.772313163262717,0.9290075702985661,snare,rope,False
us_isolationism_policy_2026,analytical,0.931553,0.10259911323707097,0.04991413710083675,0.37185149255585165,0.03446891671076531,0.06394970378426779,snare,snare,True
us_israel_faa_502b_nonenforcement,powerless,0.815164,0.00044692464785014226,0.0003627272537225746,0.02833758451247156,0.00020075131548628148,0.0012693623716859494,snare,snare,True
us_israel_faa_502b_nonenforcement,moderate,0.829869,0.0006357753227446936,0.0004938942574168824,0.033407967937889575,0.0002790165926716646,0.0014527391130615096,snare,snare,True
us_israel_faa_502b_nonenforcement,institutional,-0.031689,8.558753596569245,22.183287774976726,3.0924800714792506,1.950892353648704,0.9963377765417739,snare,rope,False
us_israel_faa_502b_nonenforcement,analytical,1.027448,0.004791908675934745,0.0030559882736536123,0.0848017257726753,0.001797563839303706,0.0024548383257751907,snare,snare,True
us_labor_mobility,powerless,0.521705,0.0058442582741853955,0.0068473421317415285,0.11237740249514142,0.0031563395916880004,0.023561607346389027,tangled_rope,tangled_rope,True
us_labor_mobility,moderate,0.531116,0.009048492907590957,0.010967197964034468,0.1409622990104791,0.00496553636151352,0.030463815620568664,tangled_rope,tangled_rope,True
us_labor_mobility,institutional,-0.020281,2.0312901852069754,11.804359540034776,2.308887865290806,1.191145681489519,0.8075615646340074,tangled_rope,rope,False
us_labor_mobility,analytical,0.657567,0.1612662337583733,0.2755143337762723,0.6427282918786192,0.10238915938791025,0.2032858073206054,tangled_rope,tangled_rope,True
us_legal_standard_reasonable_doubt,powerless,0.521705,0.02976116666043927,0.027501265963171685,0.2391535268931054,0.014281572972250026,0.10700108214491066,snare,snare,True
us_legal_standard_reasonable_doubt,moderate,0.531116,0.04359834574293618,0.03940583671179955,0.2878239172747935,0.020674932247658036,0.12706123361053245,snare,snare,True
us_legal_standard_reasonable_doubt,institutional,-0.020281,6.426048940441357,13.578652434722535,2.749105542776682,1.6100272560832702,0.8849716706480178,snare,rope,False
us_legal_standard_reasonable_doubt,analytical,0.657567,0.36736517167542493,0.2306261652216795,0.7572137416243837,0.1416390512770174,0.2786844489059247,snare,snare,True
us_military_recruitment_advertising,powerless,0.597787,0.02475975571088211,0.021833265487675727,0.21553329862086176,0.011602415313620426,0.08108096972247814,snare,snare,True
us_military_recruitment_advertising,moderate,0.608571,0.035882874398981815,0.030669461163152948,0.25737968930463134,0.016538232959933234,0.09495792166063899,snare,snare,True
us_military_recruitment_advertising,institutional,-0.023239,7.433862551204705,18.58050114631683,2.7882111707816515,1.648454388243763,0.8644379751618342,snare,rope,False
us_military_recruitment_advertising,analytical,0.753462,0.2731628182418985,0.15106428987388076,0.6298618833659659,0.09836445589814966,0.1866473669116202,snare,snare,True
us_sanctions_belarus_2022,powerless,0.706475,0.01096187706154659,0.009145637923568564,0.1413649855186311,0.004993935115389907,0.032723871183627073,snare,snare,True
us_sanctions_belarus_2022,moderate,0.71922,0.01568455300700733,0.012563927779178167,0.16729813460368023,0.006993087383763939,0.03775083457891104,snare,snare,True
us_sanctions_belarus_2022,institutional,-0.027464,8.785750366662393,19.746421458904,2.928293443946584,1.7871049095779643,0.9255503834109229,snare,rope,False
us_sanctions_belarus_2022,analytical,0.890455,0.10671011547422946,0.05220014133345191,0.3798482974409038,0.03596288503769028,0.06695227598386921,snare,snare,True
us_sanctions_icc_israel_case,powerless,0.652131,0.01676694691183005,0.01428621295213662,0.17579527348331617,0.007721021576317276,0.05201016071932141,snare,snare,True
us_sanctions_icc_israel_case,moderate,0.663895,0.024114496165808498,0.019796203564892215,0.2087835126533993,0.010887745838974339,0.060344509400564905,snare,snare,True
us_sanctions_icc_israel_case,institutional,-0.025351,8.270720623848133,19.69504473467698,2.8713869962955307,1.7306155933221277,0.8751619480352509,snare,rope,False
us_sanctions_icc_israel_case,analytical,0.821958,0.1718032468174404,0.08778079062372289,0.4881773324788546,0.05928405630802778,0.11115885138230797,snare,snare,True
us_sanctions_moex_2024,powerless,0.815164,0.004376161976686414,0.003574593780430118,0.0888253533990342,0.0019721616478965832,0.01253308512507434,snare,snare,True
us_sanctions_moex_2024,moderate,0.829869,0.006217766314570535,0.004860993530650194,0.10465909301211139,0.0027377566001586164,0.014367597571199875,snare,snare,True
us_sanctions_moex_2024,institutional,-0.031689,9.410932899123969,20.048042554713692,3.01018718632263,1.8686890552597482,0.9728664367170788,snare,rope,False
us_sanctions_moex_2024,analytical,1.027448,0.03951022090186476,0.018748951956382334,0.22907234852162356,0.01310420015356164,0.024500490047870915,snare,snare,True
us_sdf_alliance_abandonment_2026,powerless,0.706475,0.0073352928554262595,0.006071082156309063,0.11539791841782183,0.003328246381932967,0.021818492758827746,snare,snare,True
us_sdf_alliance_abandonment_2026,moderate,0.71922,0.010481039080869312,0.008318602417071708,0.13642659283025857,0.004651249845157989,0.025123934657846014,snare,snare,True
us_sdf_alliance_abandonment_2026,institutional,-0.027464,8.698231925385723,20.19822114964636,2.9683744468582454,1.8269982676393879,0.9510541376148924,snare,rope,False
us_sdf_alliance_abandonment_2026,analytical,0.890455,0.07063148997919094,0.03400792519578618,0.30759765124002036,0.02360748922312506,0.04408732649561753,snare,snare,True
us_suburban_zoning_2025,powerless,0.76082,0.024075833232497228,0.02064913815342476,0.21101486633113004,0.011121495835656553,0.07134173842057157,snare,snare,True
us_suburban_zoning_2025,moderate,0.774544,0.034558374301715565,0.028577588741535688,0.2504168789217845,0.01565668291741347,0.08277293436060007,snare,snare,True
us_suburban_zoning_2025,institutional,-0.029576,8.798463170177245,18.292906252553625,2.7792473257266077,1.6396336638423015,0.8300546132029731,snare,rope,False
us_suburban_zoning_2025,analytical,0.958951,0.23811657394840374,0.12355038902173951,0.5772443992415148,0.08272609812205257,0.15147097053073877,snare,snare,True
us_taiwan_arms_sales,powerless,0.56518,0.030857007066172924,0.028168314638112816,0.24276042711502274,0.014715076300038663,0.10560957661950388,snare,snare,True
us_taiwan_arms_sales,moderate,0.575376,0.045051572789554795,0.040117028189983486,0.29146503469959156,0.02120040561033892,0.12489430327088136,snare,snare,True
us_taiwan_arms_sales,institutional,-0.021971,6.538458897655205,15.737700007614759,2.687571306749757,1.5498681951514446,0.8345020608369568,snare,rope,False
us_taiwan_arms_sales,analytical,0.712364,0.3659537537364655,0.2205919097809143,0.7471327389810903,0.13793647005884338,0.2637172658370377,snare,snare,True
us_tariffs_2025,powerless,0.521705,0.034544242764829466,0.03321598314413013,0.2602675506686494,0.0169109140166911,0.1266057732853516,snare,snare,True
us_tariffs_2025,moderate,0.531116,0.05101732680874364,0.04835164769358131,0.3151376700746198,0.024776611394432446,0.1520995545670898,snare,snare,True
us_tariffs_2025,institutional,-0.020281,5.404044532760501,12.795722670595275,2.5939739313213246,1.4591983121882368,0.831229502980362,snare,rope,False
us_tariffs_2025,analytical,0.657567,0.46250811982898815,0.3227597961409234,0.8747577113046171,0.1882699944744347,0.36594943697572835,snare,snare,True
us_two_party_duopoly,powerless,0.815164,0.004360896863134261,0.00356201680608748,0.08866959103549599,0.0019652521579010523,0.012489199363599046,snare,snare,True
us_two_party_duopoly,moderate,0.829869,0.006196045808556904,0.004843844528637317,0.10447516943346993,0.002728144800157553,0.014317192245809629,snare,snare,True
us_two_party_duopoly,institutional,-0.031689,9.33531731438542,19.852467157182687,3.0054745332992927,1.8639869393725799,0.9729579868240436,snare,rope,False
us_two_party_duopoly,analytical,1.027448,0.03937088274120856,0.018681750140719735,0.22866415762795386,0.013057591066540981,0.024413632827576914,snare,snare,True
us_usmca_china_leverage,powerless,0.286,1.4339540612091246,1.3607915937713844,1.5542513453746933,0.5741358924475088,0.6670878796463116,snare,tangled_rope,False
us_usmca_china_leverage,moderate,0.608571,0.04258172952207154,0.037126214335699174,0.28182523804056103,0.019823531665099123,0.11371437591046674,snare,snare,True
us_usmca_china_leverage,institutional,-0.023239,7.068922494278186,17.870986032683383,2.7256442714139557,1.587043660582776,0.8304730160595951,snare,rope,False
us_usmca_china_leverage,analytical,0.753462,0.33241072460682825,0.19106276347534393,0.7025015077072139,0.12211380513031371,0.23029334659146816,snare,snare,True
us_vaccine_recommendation_dismantling_2026,powerless,0.815164,0.00204531992837782,0.0016630404497716695,0.060652338473156,0.0009196060589812387,0.005845644890100088,snare,snare,True
us_vaccine_recommendation_dismantling_2026,moderate,0.829869,0.0029038222232503105,0.0022582966679853852,0.07142324232573068,0.0012751843551073764,0.006694557822779612,snare,snare,True
us_vaccine_recommendation_dismantling_2026,institutional,-0.031689,8.972530500616315,20.70269703344843,3.0481906513790453,1.9066319454580896,0.9873629360712687,snare,rope,False
us_vaccine_recommendation_dismantling_2026,analytical,1.027448,0.018359268861381093,0.00863661964652079,0.15575014784808613,0.0060614628840570525,0.011352937670539536,snare,snare,True
us_venezuela_blockade,powerless,0.923852,0.001565653233187284,0.0012718320458799447,0.053052713797386616,0.0007036063512879838,0.004472652206779171,snare,snare,True
us_venezuela_blockade,moderate,0.940518,0.002213116316056844,0.0017203145180118464,0.062345001774774825,0.000971646126697036,0.005113020358406328,snare,snare,True
us_venezuela_blockade,institutional,-0.035914,10.27086580073298,21.579461056772814,3.081411955574506,1.9398283831328271,0.9903993872364389,snare,rope,False
us_venezuela_blockade,analytical,1.164441,0.013243924758304843,0.006390902289437048,0.13330409763224108,0.004440851207640137,0.00858876705975431,snare,snare,True
us_venezuela_oil_pressure,powerless,0.739082,0.0034022299656110157,0.0027849797528865083,0.07836374836721868,0.0015350228664081924,0.009938962292481812,snare,snare,True
us_venezuela_oil_pressure,moderate,0.752415,0.004847551985689701,0.0037987692321440974,0.09246867661301679,0.0021372332829569037,0.01141115706618745,snare,snare,True
us_venezuela_oil_pressure,institutional,-0.028731,8.892457731942036,21.13683710950694,3.0364867457621405,1.894942465968386,0.9781900647846354,snare,rope,False
us_venezuela_oil_pressure,analytical,0.931553,0.03185792438250491,0.015037900886326819,0.20537232592223245,0.010535185870950887,0.01966378253977341,snare,snare,True
us_venezuela_plausible_deniability_2025,powerless,0.782557,0.004647716315013431,0.0038036010884661617,0.09158533870784243,0.002096602152406539,0.013404392997527048,snare,snare,True
us_venezuela_plausible_deniability_2025,moderate,0.796674,0.006612936865601803,0.005180829318143661,0.10799399763253589,0.0029149675195253247,0.015379891309539429,snare,snare,True
us_venezuela_plausible_deniability_2025,institutional,-0.030421,9.25383993038706,20.381381143767253,3.01150964096913,1.870008685124124,0.9708124838540034,snare,rope,False
us_venezuela_plausible_deniability_2025,analytical,0.98635,0.04270040664949345,0.02023548367263921,0.2380420333228059,0.01414928733302089,0.026369949310903307,snare,snare,True
us_visa_lottery,powerless,0.597787,0.039707724040251705,0.03800363170052924,0.2787154673004437,0.01938916836337954,0.13522303641680677,snare,snare,True
us_visa_lottery,moderate,0.608571,0.05848004528249113,0.055069160975079245,0.33685224682729625,0.02830036350390852,0.1620028723626027,snare,snare,True
us_visa_lottery,institutional,-0.023239,5.785640714692806,17.052570851608984,2.562111227037718,1.428592488839694,0.8133867511057072,snare,rope,False
us_visa_lottery,analytical,0.753462,0.5092739608059533,0.3439626578044873,0.9095982494940807,0.20330142568277268,0.37538421924756427,snare,snare,True
us_wind_project_ban_2025,powerless,0.815164,0.004139268514274773,0.0033794972095066134,0.08637703005449343,0.0018649579191621793,0.01185212961315274,snare,snare,True
us_wind_project_ban_2025,moderate,0.829869,0.005880718101430774,0.004595010100793028,0.10176834804037814,0.0025886405512375874,0.01358555770630654,snare,snare,True
us_wind_project_ban_2025,institutional,-0.031689,9.264023324875767,19.787666634383097,3.005911808297057,1.8644232052719072,0.9743479903108121,snare,rope,False
us_wind_project_ban_2025,analytical,1.027448,0.03734901498404393,0.017707483023974107,0.22266008141902294,0.012381581535094768,0.023153631889377135,snare,snare,True
usc_26_469_passive_loss,powerless,0.630393,0.015113885503958376,0.012866840247472743,0.16686796265542575,0.006957191951066038,0.04753048827977102,snare,snare,True
usc_26_469_passive_loss,moderate,0.641765,0.021745906738195653,0.01783646228456161,0.19822048533716852,0.009814802151639252,0.05515308712330136,snare,snare,True
usc_26_469_passive_loss,institutional,-0.024506,8.251664480353172,20.34128031906582,2.9034225078220652,1.7623923804629376,0.8854275023343446,snare,rope,False
usc_26_469_passive_loss,analytical,0.79456,0.1559613789124414,0.07966151644168651,0.46510180923487837,0.05383664231791784,0.10186004543688687,snare,snare,True
utopia_apocalypse_fragility,powerless,0.76082,0.03893835795470035,0.03515100982276598,0.2719247391700027,0.018457306522783677,0.11818106328328382,snare,snare,True
utopia_apocalypse_fragility,moderate,0.774544,0.056420499586285144,0.04952709278673463,0.3249735641486438,0.02634391684707187,0.13889966360986494,snare,snare,True
utopia_apocalypse_fragility,institutional,-0.029576,7.914219562372358,18.330577521773467,2.6658129219095965,1.5286951093967316,0.7912990343107191,snare,rope,False
utopia_apocalypse_fragility,analytical,0.958951,0.416843165730441,0.24149045554728654,0.7882877326779908,0.15334865339131168,0.2757182077323497,snare,snare,True
value_alignment_drift,powerless,0.663,0.00510340968973043,0.004224007641484071,0.09625507713246394,0.0023158129146082906,0.015528872649294923,snare,snare,True
value_alignment_drift,moderate,0.67496,0.007300368481076565,0.005795281485189593,0.11386537489386164,0.003240455475685786,0.01789198053126173,snare,snare,True
value_alignment_drift,institutional,-0.025774,8.641631812648441,21.478748955851525,3.0236181652455483,1.8820939150274403,0.9647676721619701,snare,rope,False
value_alignment_drift,analytical,0.835658,0.04997218692387574,0.02406192654641946,0.2587477636869032,0.01671426871621848,0.03158072407643986,snare,snare,True
value_extraction_plateau,powerless,0.967328,0.021417816732437964,0.021051049297690458,0.20607366048049747,0.010607199046849283,0.10205428103072334,piton,piton,True
value_extraction_plateau,moderate,0.984778,0.035095131848437655,0.034153265504321725,0.2631316182156056,0.017284608116397614,0.12964765989452298,piton,piton,True
value_extraction_plateau,institutional,-0.037604,3.8766778641104342,6.661085695453063,1.8350490403309967,0.7844244116669759,0.4890275137154976,piton,piton,True
value_extraction_plateau,analytical,1.219238,0.8332447055552494,0.4859153453074859,1.1148682204328626,0.3027694286344801,0.4427525338558226,piton,piton,True
van_der_waerden_theorem,powerless,0.056775,4.315039697043086e-06,4.37272925815775e-06,0.002947453416406634,2.1718700175829424e-06,0.0002157037870914591,mountain,mountain,True
van_der_waerden_theorem,moderate,0.049999,8.894683541411806e-14,8.867601634243823e-14,4.214684851089411e-07,4.439150791021235e-14,3.053098240890506e-08,mountain,mountain,True
van_der_waerden_theorem,institutional,-0.005969,0.0001703234565888212,0.00015601264192465506,0.01805173368361732,8.146571918482396e-05,0.001227204450182139,mountain,mountain,True
van_der_waerden_theorem,analytical,0.069001,3.760524907330905e-05,3.9088490656230234e-05,0.008756267640060012,1.91680251282209e-05,0.0006533885408513962,mountain,mountain,True
venezuela_oil_privatization_v1,powerless,0.815164,0.00204531992837782,0.0016630404497716695,0.060652338473156,0.0009196060589812387,0.005845644890100088,snare,snare,True
venezuela_oil_privatization_v1,moderate,0.829869,0.0029038222232503105,0.0022582966679853852,0.07142324232573068,0.0012751843551073764,0.006694557822779612,snare,snare,True
venezuela_oil_privatization_v1,institutional,-0.031689,8.972530500616315,20.70269703344843,3.0481906513790453,1.9066319454580896,0.9873629360712687,snare,rope,False
venezuela_oil_privatization_v1,analytical,1.027448,0.018359268861381093,0.00863661964652079,0.15575014784808613,0.0060614628840570525,0.011352937670539536,snare,snare,True
verification_bottleneck,powerless,0.3744,0.8149816088809078,1.6701924628152836,1.488626850908574,0.528893585444026,0.582852207096032,snare,tangled_rope,False
verification_bottleneck,moderate,0.796674,0.004823720402796823,0.0037682245405203586,0.09216411240316641,0.0021231801395589054,0.011204521050113936,snare,snare,True
verification_bottleneck,institutional,-0.030421,8.950847565518117,20.341431100157134,3.021317685593259,1.879797514972801,0.9787665765366563,snare,rope,False
verification_bottleneck,analytical,0.98635,0.031059965182335638,0.014648607553253762,0.20273163609300185,0.010266234062483918,0.0191517719880947,snare,snare,True
vertebrate_turning_point_2026,powerless,0.054344,2.3169363848549456e-05,2.3274001410270116e-05,0.006814911171683441,1.1610742335428842e-05,0.0017610816125614576,rope,rope,True
vertebrate_turning_point_2026,moderate,0.055325,3.558256766324013e-05,3.578781971149515e-05,0.008448050675217141,1.7842363523218295e-05,0.002194853494229876,rope,rope,True
vertebrate_turning_point_2026,institutional,-0.002113,0.001993456622519459,0.002264009051728612,0.06514679614506287,0.0010609324505820735,0.010000952787918207,rope,rope,True
vertebrate_turning_point_2026,analytical,0.068497,0.0005774191029167959,0.0005944053151240359,0.03422867425018681,0.00029289338607395743,0.00941744647121899,rope,rope,True
vienna_quantum_superposition_2026,powerless,0.652131,0.014242471016595018,0.012057045036496473,0.16174928489347679,0.006537143496532739,0.04404850322368559,snare,snare,True
vienna_quantum_superposition_2026,moderate,0.663895,0.02046022356062643,0.016671036890992783,0.191936984874497,0.009202885109755378,0.05102793711426945,snare,snare,True
vienna_quantum_superposition_2026,institutional,-0.025351,8.65803302591087,20.71377559772246,2.9341614617979137,1.7929404951976606,0.900000906978559,snare,rope,False
vienna_quantum_superposition_2026,analytical,0.821958,0.1445690189190914,0.07288556177624274,0.4460758321209643,0.04954003233918398,0.09311832832819333,snare,snare,True
viral_emergence_covid19_exemplar,powerless,0.163033,0.0038304599402089017,0.004107739142970586,0.08905576541299995,0.001982404757680836,0.028836407749729287,rope,rope,True
viral_emergence_covid19_exemplar,moderate,0.165974,0.0059984900487542805,0.006536156919101199,0.11188087054579071,0.003128516323587344,0.036704064557446014,rope,rope,True
viral_emergence_covid19_exemplar,institutional,-0.006338,0.03577476850024194,0.02690797523502595,0.24844528981774963,0.015411432049506782,0.06316948365206565,rope,rope,True
viral_emergence_covid19_exemplar,analytical,0.20549,0.12651384384618075,0.16643749552980075,0.5373760681380807,0.07175998124855024,0.21262668170657473,rope,rope,True
viral_transmission_rates,powerless,0.76082,0.0033141343785135294,0.002708316729447266,0.0773084469938463,0.0014939629633143213,0.009606616859791917,snare,snare,True
viral_transmission_rates,moderate,0.774544,0.00471745566096535,0.0036896958159460804,0.09117272962260331,0.0020777568009006544,0.011022083741128674,snare,snare,True
viral_transmission_rates,institutional,-0.029576,8.857385581596457,20.67852809634391,3.0275948182956194,1.8860638821628555,0.9790279431886694,snare,rope,False
viral_transmission_rates,analytical,0.958951,0.030682005232198783,0.014463577322048797,0.20146606662562053,0.010138566524471216,0.018907668539383304,snare,snare,True
visa_ipo_regulatory_compliance,powerless,0.489098,0.03158537663094598,0.030231350644903062,0.24857879143348785,0.015427977775711678,0.11991358677480912,snare,snare,True
visa_ipo_regulatory_compliance,moderate,0.497921,0.04663750167059804,0.043976615093213066,0.3009139147206027,0.022594624297563728,0.14395299040507736,snare,snare,True
visa_ipo_regulatory_compliance,institutional,-0.019013,6.093092975289517,11.565787884959944,2.781204361632155,1.6415588413053699,0.9234937845673376,snare,rope,False
visa_ipo_regulatory_compliance,analytical,0.616469,0.4246481502055671,0.2958520552621753,0.8378594893706618,0.17295034985238772,0.3468284490055066,snare,snare,True
visa_judgment_sharing_agreement,powerless,0.434754,0.01946685386890774,0.021134154886127243,0.20132773103001778,0.010124659874981488,0.0843721994063388,tangled_rope,tangled_rope,True
visa_judgment_sharing_agreement,moderate,0.442597,0.029616176119756022,0.032634140770512125,0.24921452771030114,0.015506890033792206,0.10595625069023121,tangled_rope,tangled_rope,True
visa_judgment_sharing_agreement,institutional,-0.016901,2.9038520397345544,7.73547164711907,2.378416448001491,1.2552103680960918,0.8176902363804147,tangled_rope,rope,False
visa_judgment_sharing_agreement,analytical,0.547972,0.3909341240335863,0.4471440396066925,0.9128994658362238,0.2047540370595356,0.43046069582920765,tangled_rope,snare,False
visibility_bias_governance,powerless,0.586918,0.007978946410196967,0.00785193083990094,0.12580626030334602,0.003955499263598315,0.061569225935189764,snare,snare,True
visibility_bias_governance,moderate,0.597506,0.011298751099439883,0.0110667858083639,0.14952394072655834,0.0055867492927500345,0.07301460570966767,snare,snare,True
visibility_bias_governance,institutional,-0.022816,4.645060860214982,14.899613775594181,2.3516415509642576,1.2304287547221573,0.6998774917573751,snare,rope,False
visibility_bias_governance,analytical,0.739763,0.05050067666274537,0.04592839525356619,0.30936431844359247,0.023878901683028184,0.14639082592372665,snare,snare,True
vision_of_the_cross,powerless,0.815164,0.0036889989002290833,0.0030091848145743943,0.08152461663347929,0.0016613357253143627,0.010558610231105603,snare,snare,True
vision_of_the_cross,moderate,0.829869,0.005240231294471825,0.004090365992744144,0.09604059009358236,0.002305505653808112,0.012100479187824753,snare,snare,True
vision_of_the_cross,institutional,-0.031689,9.426079938213615,20.4589294476838,3.02678857206924,1.885258954558762,0.9771837194677758,snare,rope,False
vision_of_the_cross,analytical,0.807854,0.0029913038815674886,0.002494813759702461,0.07383988352372402,0.0013629272739998618,0.009700715395296822,snare,snare,True
vns_implant_for_trd,powerless,0.597787,0.02146689372804045,0.018723623471099606,0.20012347754222665,0.010004000421493903,0.06993051326773325,snare,snare,True
vns_implant_for_trd,moderate,0.608571,0.031047696813526347,0.026199815126721163,0.23861623735568951,0.014217550282210098,0.0816719516859965,snare,snare,True
vns_implant_for_trd,institutional,-0.023239,7.8927379120966865,19.106524269074043,2.864252156751562,1.723547499253762,0.8918072649160562,snare,rope,False
vns_implant_for_trd,analytical,0.753462,0.23271661204396718,0.12562160045393272,0.5773343616218151,0.08275170620558228,0.15764488395117682,snare,snare,True
weierstrass_proof_limits,powerless,0.170325,0.00016495197974822034,0.00017632719081782256,0.018466038745053828,8.524804112427104e-05,0.0016773491005033225,mountain,mountain,True
weierstrass_proof_limits,moderate,0.149996,5.516753501142966e-12,5.516482275768917e-12,3.3217225212135334e-06,2.758316107247137e-12,2.8663348639046404e-07,mountain,mountain,True
weierstrass_proof_limits,institutional,-0.017906,0.003131439657902472,0.00219932873585975,0.07216210424302873,0.0013017010955381045,0.004940191114743087,mountain,mountain,True
weierstrass_proof_limits,analytical,0.207004,0.0017119490894886972,0.002088553351082027,0.06141987902571202,0.0009430262673517692,0.006225037835123848,mountain,mountain,True
whitehead_incompleteness,powerless,0.054344,1.738560864815927e-06,1.7533113376751083e-06,0.001868642678968927,8.729563018241024e-07,0.0001363613124562013,mountain,mountain,True
whitehead_incompleteness,moderate,0.055325,2.6342219977761725e-06,2.6617308110510828e-06,0.0023012704362092447,1.3239612588491597e-06,0.0001681826218055127,mountain,mountain,True
whitehead_incompleteness,institutional,-0.002113,0.00015318512941952874,0.0001410172590251763,0.01714126913046493,7.34553272058422e-05,0.0011683021729888285,mountain,mountain,True
whitehead_incompleteness,analytical,0.068497,3.551449714856209e-05,3.687484471994571e-05,0.008507065403603523,1.8092513166835765e-05,0.0006349639436640242,mountain,mountain,True
whitehead_problem_undecidability,powerless,0.056775,4.0105217303115716e-06,4.064181706782814e-06,0.0028415552059578102,2.0186086571931498e-06,0.00020048265714234237,mountain,mountain,True
whitehead_problem_undecidability,moderate,0.049999,8.237811392331658e-14,8.250826908954909e-14,4.0644948771553874e-07,4.1258303103302536e-14,2.8376109462158183e-08,mountain,mountain,True
whitehead_problem_undecidability,institutional,-0.005969,0.0001582930347207082,0.00014498468549700477,0.01740228178639312,7.570937517926537e-05,0.0011404866148118338,mountain,mountain,True
whitehead_problem_undecidability,analytical,0.069001,3.495214946179857e-05,3.633187348857471e-05,0.00844180027218658,1.7815971507655666e-05,0.0006073018333976332,mountain,mountain,True
wikipedia_crowdsourcing_2026,powerless,0.054344,2.4679940568746314e-05,2.47883517913675e-05,0.007033343813250671,1.2366968553520528e-05,0.0018650467999672404,rope,rope,True
wikipedia_crowdsourcing_2026,moderate,0.055325,3.7890014643723576e-05,3.810285775841392e-05,0.008717339504112196,1.8997971930592684e-05,0.002324237473082677,rope,rope,True
wikipedia_crowdsourcing_2026,institutional,-0.002113,0.0021789678248629266,0.0024735581437244324,0.06810318306885685,0.0011593988515664867,0.010933016293350428,rope,rope,True
wikipedia_crowdsourcing_2026,analytical,0.068497,0.000612695399269388,0.0006303965037343874,0.03525424683178606,0.00031070743466000674,0.009962029456013113,rope,rope,True
wikipedia_noncommercial_model,powerless,0.130426,0.0030545116128007877,0.003127535465727092,0.0786217262559712,0.0015451449627883029,0.03563535991729472,rope,rope,True
wikipedia_noncommercial_model,moderate,0.132779,0.004718081170056817,0.004855149739779076,0.09783506737372763,0.0023924479658532756,0.04452876515622206,rope,rope,True
wikipedia_noncommercial_model,institutional,-0.00507,0.052863050393312475,0.0463141978770454,0.3142008351177488,0.024629822179391383,0.12402564040523226,rope,rope,True
wikipedia_noncommercial_model,analytical,0.164392,0.08059186573368084,0.08660771534254037,0.4086730559080079,0.04160833971853504,0.19490454396966717,rope,rope,True
wikipedia_notability_requirement_2026,powerless,0.434754,0.019869553701361595,0.021520084677385126,0.2032755622468983,0.010321348794253367,0.08595117678997646,tangled_rope,tangled_rope,True
wikipedia_notability_requirement_2026,moderate,0.442597,0.030211877300533527,0.03319421514933835,0.2515221918068055,0.015795019128006956,0.10785693227264989,tangled_rope,tangled_rope,True
wikipedia_notability_requirement_2026,institutional,-0.016901,3.0776729714394233,7.8486750069813604,2.433266077262271,1.306388592519532,0.8405130652443559,tangled_rope,rope,False
wikipedia_notability_requirement_2026,analytical,0.547972,0.39567640475601573,0.4480242756505127,0.9161256639188803,0.2061783643992289,0.43323523796844665,tangled_rope,snare,False
winners_curse,powerless,0.706475,0.00665502855264548,0.005521893131928006,0.10998347586553242,0.0030233292236969563,0.021264149875017457,snare,snare,True
winners_curse,moderate,0.71922,0.009489096801223357,0.007551025766834526,0.12989125764384077,0.004216452330409992,0.024383188145384316,snare,snare,True
winners_curse,institutional,-0.027464,9.619795639359825,22.01243642827494,3.0308998638290814,1.8893637143754727,0.9582927837393087,snare,rope,False
winners_curse,analytical,0.890455,0.06379616367283057,0.030815018371893252,0.29244497150041443,0.021342946827985695,0.039451853558159826,snare,snare,True
womens_sizing_chaos,powerless,0.239115,0.019345417583291932,0.016428041896196392,0.18858506962454888,0.008884496461606566,0.05187025560622835,piton,piton,True
womens_sizing_chaos,moderate,0.243428,0.028616228410836136,0.02333565386772645,0.22688518122227314,0.012855425878772527,0.060567152661643725,piton,piton,True
womens_sizing_chaos,institutional,-0.009295,0.7607233314504753,0.892593781551537,1.2648046803259825,0.3867802961976373,0.5663859080070526,piton,rope,False
womens_sizing_chaos,analytical,0.301385,0.2747889857762233,0.129419048925682,0.590292364433029,0.08648073779524507,0.11016975758185925,piton,piton,True
working_dog_training,powerless,0.38041,0.0017150050840311357,0.0011538949285861085,0.05257648165496553,0.0006910318083900544,0.0027379269794267636,tangled_rope,tangled_rope,True
working_dog_training,moderate,0.387272,0.0024293162859965636,0.0015136674123302565,0.06111582176700551,0.0009337132568142084,0.003072558139592396,tangled_rope,tangled_rope,True
working_dog_training,institutional,-0.014788,2.092896741719938,5.203107909696493,2.3357557069215527,1.2157904559775923,0.8746291030211921,tangled_rope,rope,False
working_dog_training,analytical,0.479476,0.017438995203794095,0.006632584898400343,0.13078094477265223,0.004274390476094465,0.004162626824112639,tangled_rope,tangled_rope,True
world_factbook_sunset_2026,powerless,0.76082,0.0001732205308257683,0.0001454316867684326,0.017790582266121773,7.912568259705206e-05,0.002524455554099747,snare,snare,True
world_factbook_sunset_2026,moderate,0.774544,0.0002199404402265042,0.0001729259216609806,0.019708439054267477,9.710485669921956e-05,0.001733962965629221,snare,snare,True
world_factbook_sunset_2026,institutional,-0.029576,7.481876464778504,19.549261441935712,2.871629709950024,1.7308560972281872,0.8983132005344909,snare,rope,False
world_factbook_sunset_2026,analytical,0.958951,0.02379995111106349,0.026822569757068843,0.22398822472042837,0.012529576778922486,0.07530137077142549,snare,snare,True
worldscale_vlsfo_benchmark,powerless,0.706475,0.010997026054712578,0.009175684514666318,0.14159434760195244,0.005010146622286563,0.03282990846796208,snare,snare,True
worldscale_vlsfo_benchmark,moderate,0.71922,0.015735060234193774,0.012605528597002195,0.16757128041568206,0.007015927726697745,0.03787385651672226,snare,snare,True
worldscale_vlsfo_benchmark,institutional,-0.027464,8.860002206095043,19.94605655092514,2.9356989205559882,1.7944697532312561,0.9253029413293936,snare,rope,False
worldscale_vlsfo_benchmark,analytical,0.890455,0.10706394576492079,0.0523814345830566,0.3804949267587136,0.03608506122134729,0.06717763100070961,snare,snare,True
wpl_scotland,powerless,0.56518,0.03791788877600472,0.03871121564898576,0.2768049467861641,0.019124687208505436,0.13706325133490216,tangled_rope,snare,False
wpl_scotland,moderate,0.575376,0.05667447715558636,0.057723798327540904,0.3382103975619575,0.028528486204252954,0.16770961292434694,tangled_rope,snare,False
wpl_scotland,institutional,-0.021971,4.447386727902414,14.550401190752929,2.45907684607239,1.3306545547531052,0.7967481908468248,tangled_rope,rope,False
wpl_scotland,analytical,0.712364,0.5749397148007569,0.47466932352648195,1.0199777885777574,0.2545001417051799,0.471854685078383,tangled_rope,snare,False
xi_mao_ideological_centralization,powerless,0.815164,0.0006859575691535308,0.0006839651892183024,0.03700887060267922,0.00034240435531304655,0.01827976096192463,snare,snare,True
xi_mao_ideological_centralization,moderate,0.829869,0.001449343830812043,0.0014471304970609389,0.05381366408329119,0.0007239339329391284,0.026683178135951502,snare,snare,True
xi_mao_ideological_centralization,institutional,-0.031689,4.460563383692939,8.480663130396618,1.9995336634692054,0.9190030089823094,0.5451150885760933,snare,piton,False
xi_mao_ideological_centralization,analytical,1.027448,0.1665617558769537,0.1544755727587693,0.5662267194868452,0.07961922521212018,0.2741465137194814,snare,piton,False
yangtze_fishing_ban,powerless,0.597787,0.03200463678914902,0.029051135515933666,0.2468761714798375,0.015217623753082145,0.10624353685747223,snare,snare,True
yangtze_fishing_ban,moderate,0.608571,0.0466386401267342,0.041241545642238156,0.29602249139417613,0.021867363792168935,0.12538285212331213,snare,snare,True
yangtze_fishing_ban,institutional,-0.023239,6.783787424111803,17.650913499029386,2.6794166339117957,1.5419265059841774,0.8255272370283135,snare,rope,False
yangtze_fishing_ban,analytical,0.753462,0.37088271971096337,0.21923889176156394,0.7479650954007206,0.13824038991989088,0.25962792530213485,snare,snare,True
yc_equity_squeeze,powerless,0.521705,0.009533664611522278,0.011055400395435072,0.14318085326349,0.005123000595560922,0.03829880908004174,tangled_rope,tangled_rope,True
yc_equity_squeeze,moderate,0.531116,0.014718954957451371,0.01760115649061376,0.1792173480997879,0.008024342876703406,0.04927667508724938,tangled_rope,tangled_rope,True
yc_equity_squeeze,institutional,-0.020281,2.1544878716799936,11.687730186767054,2.298907512310712,1.1820280567987498,0.7938412893592629,tangled_rope,rope,False
yc_equity_squeeze,analytical,0.657567,0.24542321823768828,0.3840090317670695,0.7778158206495086,0.14935258386662878,0.29304352951044765,tangled_rope,tangled_rope,True
yt_ai_slop_incentive,powerless,0.815164,0.004139268514274773,0.0033794972095066134,0.08637703005449343,0.0018649579191621793,0.01185212961315274,snare,snare,True
yt_ai_slop_incentive,moderate,0.829869,0.005880718101430774,0.004595010100793028,0.10176834804037814,0.0025886405512375874,0.01358555770630654,snare,snare,True
yt_ai_slop_incentive,institutional,-0.031689,9.264023324875767,19.787666634383097,3.005911808297057,1.8644232052719072,0.9743479903108121,snare,rope,False
yt_ai_slop_incentive,analytical,1.027448,0.03734901498404393,0.017707483023974107,0.22266008141902294,0.012381581535094768,0.023153631889377135,snare,snare,True
zipfs_law,powerless,0.815164,0.0006285972845578213,0.0005147257049705197,0.03367952082410216,0.00028357082944745015,0.0017241799997260864,snare,snare,True
zipfs_law,moderate,0.829869,0.0009098405614522739,0.0007186076794314861,0.0401244572467959,0.0004024795174662248,0.001973568634869735,snare,snare,True
zipfs_law,institutional,-0.031689,8.855444517060462,22.079246929386148,3.0808087940725177,1.9392254974156977,0.9874779757647857,snare,rope,False
zipfs_law,analytical,1.027448,0.014458240075044183,0.015653396769929207,0.16942933376339342,0.007172283875988486,0.018944404103621797,snare,snare,True
zombie_reasoning_2026,powerless,0.804295,0.000350091797160227,0.0003499448501422843,0.02645816193259362,0.00017500603089387688,0.013224025072754886,piton,piton,True
zombie_reasoning_2026,moderate,0.818804,0.0008302710989513996,0.000829627085990034,0.04074178616582,0.00041495893495786785,0.020360396851598073,piton,piton,True
zombie_reasoning_2026,institutional,-0.031266,3.9929282443357135,6.398183962935331,1.8338498525194977,0.7834723558041071,0.49685635522642246,piton,piton,True
zombie_reasoning_2026,analytical,1.013749,0.134112174207103,0.12248190277490059,0.5061333378695124,0.0637016783620469,0.24201462329805057,piton,piton,True
