constraint_id,h1,max_tvd,t13_fires,worst_context,d_FR_worst,KL_fwd_worst,KL_rev_worst,asymmetry_ratio,argmax_cl,argmax_idx
26usc469_real_estate_exemption,3,0.9728664367170788,True,institutional,3.01018718632263,9.410932899123969,20.048042554713692,0.5305809595405476,snare,rope
absorbing_markov_chain_trap,5,0.9793367078454215,True,institutional,3.111509644237687,10.410639467021683,19.701683626867716,0.47158630378043354,snare,rope
abstraction_boundary_overrun,3,0.43280036442971664,True,institutional,1.8384843105967572,3.674453500056167,8.0658018776098,0.5444403971468432,piton,piton
abstraction_leakage,3,0.9610437704000386,True,institutional,3.010987331238654,9.86375664230326,22.06665194504912,0.5530016666385906,snare,rope
academic_fashion_modernism_2026,0,0.5161505798682751,False,institutional,1.9237666945055554,4.150100808594225,7.718188252046786,0.4622959853960987,snare,piton
academic_peer_review_gatekeeping,3,0.8745841405360851,True,institutional,2.825051215414885,9.503605019744773,19.993403888132086,0.5246629802048849,snare,rope
academic_tenure_system,3,0.947850099753752,True,institutional,2.9934656353927216,10.082232840383579,20.855396915200203,0.5165648066359616,snare,rope
access_arbitrage,3,0.8487105688678283,True,institutional,2.3734646520403535,2.0967484015226074,10.417721530015875,0.7987325351823441,tangled_rope,rope
acip_hep_b_infant_mandate,0,0.47574538962972734,False,analytical,0.9990515176725705,0.5115822385328392,0.4899718753276393,0.04224220775759542,rope,piton
ad_fus_coordination,3,0.9729579868240436,True,institutional,3.0054745332992927,9.33531731438542,19.852467157182687,0.5297653817798725,snare,rope
ad_synaptic_deficit,3,0.9898363268264496,True,institutional,3.0836919485157814,10.435688930522172,21.709699723501537,0.519307541631948,snare,rope
adaptive_lag_trap,3,0.4453102991711896,True,institutional,1.8195355587606115,3.7046691114280184,7.433803144106715,0.5016455185035451,piton,piton
adversarial_surface_inflation,3,0.44818275343126207,True,institutional,1.810975674863746,3.701199919240238,7.208018300819752,0.48651629827031534,piton,piton
adversarial_truth_decay,0,0.4890275137154976,False,institutional,1.8350490403309967,3.8766778641104342,6.661085695453063,0.4180111108979275,piton,piton
adverse_possession,3,0.970186375876329,True,institutional,2.8730542562572507,6.8404663757800614,22.221835475972217,0.6921736558091052,tangled_rope,rope
advice_as_dangerous_gift,3,0.8835094937222011,True,institutional,2.3600406465920676,2.1698542094632463,5.198059530213205,0.5825645710959668,tangled_rope,rope
agency_atrophy,3,0.4583350705774517,True,institutional,1.764066817979031,3.651549685625031,6.089720595095722,0.40037484009270313,piton,piton
agent_opt_2026,0,0.8743539188653167,False,institutional,2.803216785250916,7.396094490207948,19.95350233513568,0.6293335191995679,snare,rope
agg1_genetic_determinism,3,0.9729579868240436,True,institutional,3.0054745332992927,9.33531731438542,19.852467157182687,0.5297653817798725,snare,rope
aging_longevity_tests,3,0.8633134201367992,True,institutional,2.421469508586659,2.187368458281621,14.939119700980031,0.8535811679627867,tangled_rope,rope
ai_adoption_stigma,5,0.8318042392346054,True,institutional,2.6705509809366124,6.376598208299551,15.600802833998962,0.5912647396323106,snare,rope
ai_auditability_gap,5,0.8415514290526382,True,institutional,2.6126192830344577,5.585847103395217,16.045027529286465,0.6518642867268658,snare,rope
ai_banal_capture,3,0.9900977289756817,True,institutional,3.072164966089999,8.660670989879621,21.868719342158858,0.6039699053989209,snare,rope
ai_cognitive_diversity_arbitrage,0,0.9729660030458106,False,institutional,2.924521409294696,7.77676903216766,22.307577503364993,0.6513844216838618,snare,rope
ai_compute_capital_moat,5,0.8636587213663934,True,institutional,2.838432569928442,8.300151518038568,19.1085459712302,0.565631444143617,snare,rope
ai_driven_surveillance_sensor_layer,3,0.9887307948213903,True,institutional,3.0539832447487343,8.938329268864843,20.86058061952851,0.5715205903474576,snare,rope
ai_edu_decentralization,3,0.893849654670797,True,institutional,2.48506935788372,2.2889073664739543,13.792541371086346,0.8340474532654113,tangled_rope,rope
ai_evaluators_matching,3,0.9906480024039215,True,institutional,3.062458267500751,8.884266009262348,21.10361719146282,0.5790169083972792,snare,rope
ai_nonconsensual_content_facilitation,3,0.9873629360712687,True,institutional,3.0481906513790453,8.972530500616315,20.70269703344843,0.5666008884678264,snare,rope
ai_performance_watermark,6,0.7931763594544361,True,institutional,2.5074619376096416,5.297317568074446,16.616574522581082,0.6812027917742216,tangled_rope,rope
ai_professional_displacement,3,0.9933179880993795,True,institutional,3.0791234605717115,8.636765712270375,21.872021599013557,0.6051226598706405,snare,rope
ai_religion_regulation,5,0.8232933530930758,True,institutional,2.769189083829762,7.811047792008782,18.869229786212216,0.5860431040107249,snare,rope
ai_scholar_citation_trap,3,0.9897167265135054,True,institutional,3.1131598569306673,9.7474797455078,20.59185905353447,0.526634301440855,snare,rope
ai_superpowers_2026,3,0.9986495615566725,True,institutional,3.1195786981062943,9.347571375891755,22.94588229601924,0.5926253235634605,snare,rope
ai_task_horizon_reliability,3,0.8036829691688989,True,institutional,2.3625986370877747,2.7480628640593396,11.879746235990595,0.7686766358919458,tangled_rope,rope
ai_training_data_dependency,3,0.7967212917129285,True,institutional,2.3938327662643646,3.5735005703414915,11.972075959819637,0.7015137072020944,tangled_rope,rope
airbnb_str_regulation,5,0.8751619480352509,True,institutional,2.8713869962955307,8.270720623848133,19.69504473467698,0.5800608358463938,snare,rope
airport_slot_use_it_or_lose_it,3,0.9771068172237787,True,institutional,3.0308817151183005,9.503918999795099,20.622267577805836,0.5391428724344826,snare,rope
algeria_france_colonial_legacy,3,0.9743479903108121,True,institutional,3.005911808297057,9.264023324875767,19.787666634383097,0.5318284113004725,snare,rope
algorithmic_bias,3,0.9924922490586879,True,institutional,3.085943641766486,8.978734367834173,21.998611892563467,0.591849958002605,snare,rope
algorithmic_epistemic_capture,0,0.5494972234830809,False,institutional,2.06900300797229,4.556751934693759,9.814555584869714,0.5357148986227633,snare,piton
alignment_tax_tradeoff,0,0.8096789134650173,False,institutional,2.5984876938138584,6.158001550701336,18.370950816542976,0.6647967972808421,snare,rope
alternative_sovereignty_scaffold,0,0.565114689506796,False,institutional,1.3024281587526891,1.0249145841273903,0.723186111475959,0.29439377419760515,tangled_rope,rope
altruistic_misery_paradox_2026,0,0.8151986186976383,False,institutional,2.6946657196356094,6.6660493311669775,18.55590226704465,0.6407585448967413,snare,rope
alzheimers_levetiracetam,3,0.8704311261589028,True,institutional,2.3259154734946135,2.064344145987918,5.204765061418472,0.6033741923741481,tangled_rope,rope
alzheimers_nlrp3_inflammasome,3,0.9998037683619254,True,institutional,3.127780243624698,10.09033402935612,22.920283456027143,0.5597639946855564,snare,rope
amish_technological_renunciation,3,0.9766084070678207,True,institutional,3.007981717055158,9.615983331939956,19.45298895729418,0.5056809340173761,snare,rope
ancestral_pueblo_hydrology,3,0.9806998368726406,True,institutional,3.0163047318629124,9.628092530041616,19.361851790880618,0.5027287351421406,snare,rope
ancient_antibiotic_resistance,0,0.0024974769908280535,False,institutional,0.02575250186579124,0.00034648516845982985,0.0003176460982246195,0.08323320263145358,mountain,mountain
ancient_grudge_verona,3,0.9884905812857478,True,institutional,3.0853018730788246,8.890609160728328,22.08035989417318,0.5973521625852446,snare,rope
anticipatory_capacity_failure,0,0.44923652522031304,False,institutional,1.821613918403433,3.7276888529644494,7.38043274618343,0.4949227259211714,piton,piton
antifragility,3,0.9812755572695665,True,institutional,3.0513571761676808,9.61173077200641,21.285143771431965,0.5484300752101625,snare,rope
antikythera_knowledge_loss,0,0.0009605091906096192,False,institutional,0.01597022608674527,0.00013332093771977081,0.00012209733962325657,0.08418481214185043,mountain,mountain
antikythera_planetary_model,5,0.4528226655763126,True,institutional,1.866426996187539,3.494714087778325,8.262084700101163,0.5770178817295912,piton,piton
apartheid_nuclear_program,3,0.991657367592334,True,institutional,3.0735447278521084,9.810470124765603,21.057817209581977,0.5341174240841293,snare,rope
ape_cognition_framework,5,0.8794277918681316,True,institutional,2.8626527334640426,7.77517949676029,19.19669858635009,0.5949730907225438,snare,rope
appropriations_brinkmanship,3,0.9911322413603009,True,institutional,3.0781846258400876,8.456899927051822,22.168567101468756,0.6185184234802655,snare,rope
arctic_geopolitical_flashpoint,3,0.9906480024039215,True,institutional,3.062458267500751,8.884266009262348,21.10361719146282,0.5790169083972792,snare,rope
arctic_maritime_control,5,0.8071763472435554,True,institutional,2.6265978288913376,6.399378660219657,17.20284245872875,0.6280045768266277,snare,rope
arg_ev_tariff,5,0.8282176242499791,True,institutional,2.7264821562198036,7.088178168013891,17.872265502284232,0.6033978922757186,snare,rope
armra_colostrum_regulation,3,0.81644155656559,True,institutional,2.3273200923468704,2.310438774042444,11.935769868455726,0.8064273356887893,tangled_rope,rope
arrows_impossibility_theorem,3,0.8741753714772319,True,institutional,2.4336618383344844,2.1698990447568316,19.18113867296865,0.8868732935122982,tangled_rope,rope
art_market_decoupling,0,0.4914422720642903,False,institutional,1.8464244025961425,3.964606091433803,6.7968645037766295,0.41670073175198685,piton,piton
artificial_scarcity_scaffold,3,0.831229502980362,True,institutional,2.5939739313213246,5.404044532760501,12.795722670595275,0.5776678916948504,snare,rope
artificial_snow_2026,3,0.9544755942263808,True,institutional,2.7097426935865467,3.090929871583167,13.131472771042876,0.7646166636845798,piton,rope
asce_7_22_seismic_design,3,0.82774776991096,True,institutional,2.3145967648345467,2.397301956598274,5.3606475732978875,0.5527962016119917,tangled_rope,rope
asean_ceasefire_2011,0,0.26217479955815415,False,analytical,0.594661058961357,0.16041648087090563,0.1961176948019662,0.18203973877579274,rope,rope
asshole_filter_2015,3,0.9589010261050095,True,institutional,3.0186246451724035,10.13313066125965,21.19649131338254,0.5219430182361345,snare,rope
astm_d638_tensile_testing,3,0.10977074324754243,True,analytical,0.2515547945181094,0.030237116950028783,0.033147289966576954,0.08779520194509277,rope,rope
asymmetric_burden_distribution,0,0.42788882693324115,False,institutional,1.7358430334658983,3.4491622997411517,6.333289613991589,0.45539166689594995,piton,piton
asymmetric_computational_difficulty,0,0.7925687709852355,False,institutional,2.6967757188065615,6.863734943934097,18.05819769859545,0.619910300103318,snare,rope
atrophied_optimization_piton,0,0.3418378918243818,False,institutional,1.6793590605036837,2.5415281698188394,5.802883589570733,0.5620232371390982,piton,piton
attention_as_bottleneck_resource,3,0.4907907647054135,True,institutional,1.906957187098608,4.011729779915284,8.007297248148184,0.498990776089515,piton,piton
attention_market_cannibalization,3,0.36628038411633007,True,institutional,1.601146678634754,2.945848255484357,5.4677412182691105,0.4612312218358962,piton,piton
attribution_ambiguity_triplet_sc,3,0.8771581526609279,True,institutional,2.4333114494175403,2.208693811613141,8.889314373466686,0.7515338395269525,tangled_rope,rope
attritional_warfare_doctrine_ru_ua_2026,3,0.9729579868240436,True,institutional,3.0054745332992927,9.33531731438542,19.852467157182687,0.5297653817798725,snare,rope
au_social_media_ban_u16,3,0.8470939660980806,True,institutional,2.6452371626628333,5.808582912016025,13.103440221721655,0.5567131368762914,snare,rope
australia_social_ban_2026,3,0.9950298318986531,True,institutional,3.092575475618753,8.86409685474372,22.24947750397073,0.6016042689918539,snare,rope
authoritarian_power_paradox,3,0.9854924968607933,True,institutional,3.084685532028076,8.7092158133196,22.396912285101983,0.61114212073274,snare,rope
automatic_enrollment_defaults,0,0.007816484003236014,False,institutional,0.05684944999108897,0.0015151310443303808,0.0017272031011396991,0.12278350859223335,rope,rope
autonomous_toolchain_sprawl,3,0.6235938247887416,True,institutional,2.333422152709683,5.302820678205682,14.056462864047546,0.6227485727032512,snare,rope
availability_heuristic,3,0.8162425291325632,True,institutional,2.3746466665253636,2.8968993682073236,7.729391905392539,0.6252099254811684,tangled_rope,rope
average_is_over_2026,3,0.9681376224069561,True,institutional,3.0012061112637873,8.840321407299525,20.405614444594367,0.5667701440060577,snare,rope
awareness_without_leverage,3,0.9359362658110927,True,institutional,2.93502838042681,9.478359101508598,19.560397728486258,0.5154311669386433,snare,rope
axiom_of_choice,4,0.16541363231707873,True,analytical,0.5890541667083965,0.12410795681266859,0.29061943259121775,0.5729536882441115,mountain,mountain
axiom_reasoner_2026,3,0.9206810793236464,True,institutional,2.5604930219327846,2.543173469644812,12.26990787628697,0.7927308423757776,tangled_rope,rope
banach_fixed_point,0,0.00020688386987246284,False,institutional,0.0030744862917602366,4.762064656335711e-06,4.6908049315597594e-06,0.014964039742959697,mountain,mountain
banach_fixed_point_theorem,0,0.00408054207437436,False,institutional,0.05032604666231657,0.0014068952544549083,0.0011458943701563844,0.1855155054877535,mountain,mountain
banach_tarski_paradox,0,0.0015449480478560169,False,institutional,0.02025445186319985,0.00021440252808467588,0.00019643037209999187,0.08382436599621676,mountain,mountain
bangladesh_july_national_charter,5,0.8636709935465046,True,institutional,2.8298974420165868,7.626874751024628,18.83382993147488,0.5950438769610698,snare,rope
base_pair_complementarity,0,0.03785824973076868,False,analytical,0.19172226696598677,0.015900043779509734,0.02149567602565732,0.2603143180734868,mountain,mountain
basel_problem_convergence,0,0.000383352324601835,False,institutional,0.005867342815138813,1.746504057004328e-05,1.6966304911361903e-05,0.028556226748011535,mountain,mountain
bay_of_pigs_operational_silo,3,0.8853890662309607,True,institutional,2.860650188230294,7.388326079751339,19.513852824740653,0.6213804548948917,snare,rope
bayes_theorem_cognitive_bias,3,0.836199243750821,True,institutional,2.3602306379464837,2.0639242513226472,11.860087488696813,0.8259773165004342,tangled_rope,rope
bedouin_sedentary_transition,3,0.9589010261050095,True,institutional,3.0186246451724035,10.13313066125965,21.19649131338254,0.5219430182361345,snare,rope
beehiiv_platform_model,3,0.7948001259326546,True,institutional,2.3119539717321516,2.1686281701725005,11.699077844663487,0.814632554893058,tangled_rope,rope
belief_argument_conclusion,3,0.6465858257391571,True,institutional,2.240218743381934,5.246099872976325,11.039815967079418,0.5248018727286647,snare,piton
berkshire_compounding_culture,0,0.004125671985668711,False,analytical,0.04791121413738563,0.00104923731952289,0.0012608447158174883,0.16782986329716207,rope,rope
bgs_eigenvector_thermalization,3,0.8730166299668269,True,institutional,2.413606310326308,2.120876122154956,8.822352966245658,0.7596019871037316,tangled_rope,rope
bgs_spectral_universality,0,0.004207746519537023,False,institutional,0.04439452527337716,0.001065750882398891,0.0009138776837506947,0.1425034697661671,mountain,mountain
bh_merger_gravitational_infall,0,0.000855698308329652,False,institutional,0.01507368227230614,0.00011877653873516396,0.0001087696493943697,0.0842497133470661,mountain,mountain
big_data_astrophysics_arbitrage,3,0.956756804912572,True,institutional,2.8620734903750096,8.507989441143692,21.88853020277764,0.6113037576152996,snare,rope
biological_curiosity,4,0.012355204576542489,False,analytical,0.08634394538003494,0.0033834134799478766,0.004131844618340832,0.1811372903692328,mountain,mountain
biological_specification,0,0.017305832893287798,False,analytical,0.10243456344690126,0.004779219921215924,0.005785836050079186,0.17397937310191935,mountain,mountain
bip_narrative_illusion,3,0.9852082546669176,True,institutional,3.0337600620145064,9.771911816427107,19.62031470008425,0.5019492823738885,snare,rope
birthday_paradox_collision,0,0.00231821712062361,False,institutional,0.024810896794411893,0.00032163112245488977,0.00029482436413063424,0.08334628228652004,mountain,mountain
blackstone_carried_interest_taxation,4,0.8190517956064771,True,institutional,2.141048862081568,2.0295100558314787,3.31649718668827,0.38805615033309543,tangled_rope,rope
blackstone_conflicts_of_interest,3,0.9771068172237787,True,institutional,3.0308817151183005,9.503918999795099,20.622267577805836,0.5391428724344826,snare,rope
blackstone_smd_control,3,0.986062807442485,True,institutional,3.0629810473196626,9.889717793630245,21.204107267415054,0.5335942386582786,snare,rope
blackstone_tra,3,0.9903014657581009,True,institutional,3.08796151300142,10.51782888503636,21.85730781688546,0.5187957742485099,snare,rope
bnpl_payment_systems,3,0.7987680008304695,True,institutional,2.4007618883255772,3.5366474553646463,11.983517968973365,0.7048740224263516,tangled_rope,rope
board_of_peace_2026,3,0.5497718499178266,True,institutional,2.0370934332206048,3.3315106076897663,9.066516017185208,0.6325478715997385,piton,rope
boe_base_rate_policy_2024,3,0.7987680008304695,True,institutional,2.4007618883255772,3.5366474553646463,11.983517968973365,0.7048740224263516,tangled_rope,rope
boiled_pineapple_trend_2026,0,0.5628211215347451,False,institutional,1.8652834186772183,2.1744264791274053,12.245430363510234,0.8224295582450978,piton,rope
boltzmann_universality_2026,3,0.32702513597857397,True,analytical,0.675145522288498,0.2320368124034522,0.22428556485537465,0.03340524922657584,rope,tangled_rope
bonbon_drop_sticker_craze,3,0.9743479903108121,True,institutional,3.005911808297057,9.264023324875767,19.787666634383097,0.5318284113004725,snare,rope
boom_bust_path_dependency,3,0.20535453289409467,True,analytical,0.7567509888069545,0.197216058705716,0.4606529919137763,0.5718771783368112,rope,rope
bor_tax_exemption_nl,3,0.9873629360712687,True,institutional,3.0481906513790453,8.972530500616315,20.70269703344843,0.5666008884678264,snare,rope
boundary_dissolution_risk,3,0.4450380057550192,True,institutional,1.7648148329458426,3.597709591873534,6.4353238143143034,0.44094350250549486,piton,piton
boundary_protocol,0,0.0,False,powerless,2.9802322387695312e-08,0.0,0.0,0.0,rope,rope
brain_network_paradigm_2026,5,0.8224643911599134,True,institutional,2.5528549891019297,5.0973068386930125,13.783558761086836,0.6301893489884836,tangled_rope,rope
brazil_2026_general_elections,3,0.9614171233863664,True,institutional,2.7548079576142657,3.495193408554575,16.1097604474473,0.7830387720564516,piton,rope
brazil_hiv_vtn_elimination,0,0.0134036352844772,False,institutional,0.08151513970171599,0.003094454198771659,0.0035794991688469415,0.13550637874055702,rope,rope
brazil_mexico_financial_requirement,3,0.9873629360712687,True,institutional,3.0481906513790453,8.972530500616315,20.70269703344843,0.5666008884678264,snare,rope
broke_vs_poor_grocery_math,3,0.8555780364939923,True,institutional,2.815918621915778,9.873714706008974,18.46807247731414,0.4653630086118802,snare,rope
brouwer_fixed_point,0,0.001227204450182139,False,institutional,0.01805173368361732,0.0001703234565888212,0.00015601264192465506,0.08402139641114705,mountain,mountain
buffons_needle_pi_estimation,3,0.8682697994597923,True,institutional,2.407135521477954,2.1049559177468673,11.981642699752083,0.8243182533067506,tangled_rope,rope
burali_forti_paradox,4,0.03626498678047052,False,analytical,0.1941567827427018,0.0158684568824579,0.023135020406762956,0.314093672559755,mountain,mountain
burden_of_proof_engineering_safety,3,0.9930649370400391,True,institutional,3.0669454666336358,9.721521738931365,20.188326114026903,0.5184582573105541,snare,rope
burden_of_proof_legal_criminal,3,0.029323536536573935,False,analytical,0.12506773931567022,0.007209769498089599,0.008515816000401088,0.1533671585024824,rope,rope
burden_of_proof_scientific,3,0.7987680008304695,True,institutional,2.4007618883255772,3.5366474553646463,11.983517968973365,0.7048740224263516,tangled_rope,rope
bureaucratic_legibility_collapse,3,0.47160573819302387,True,institutional,1.8243667092098876,3.818015264998857,6.890544819163772,0.4459051693009368,piton,piton
bureaucratic_self_preservation,0,0.5223593997637032,False,institutional,1.9153143221903108,4.212352116680162,7.350479029876541,0.42692821793535374,snare,piton
bushman_money_magic,3,0.9930649370400391,True,institutional,3.0669454666336358,9.721521738931365,20.188326114026903,0.5184582573105541,snare,rope
busy_beaver_noncomputability,0,0.0015449480478560169,False,institutional,0.02025445186319985,0.00021440252808467588,0.00019643037209999187,0.08382436599621676,mountain,mountain
bwb_adeg_rewesale_conditions,3,0.8097849579996876,True,institutional,2.4265863755820463,3.6018824769892483,12.099967844977868,0.7023229711734961,tangled_rope,rope
c_physical_blue_wavelength,0,0.000407716043649615,False,institutional,0.006227064879193615,1.9696357724531223e-05,1.9087162260646616e-05,0.030929346044820907,mountain,mountain
canada_germany_ai_pact,5,0.7967212917129285,True,institutional,2.3938327662643646,3.5735005703414915,11.972075959819637,0.7015137072020944,tangled_rope,rope
canada_goose_realignment_2026,0,0.01629821980392332,False,analytical,0.2198221870188248,0.014900043358037332,0.04792016558990356,0.689065278163883,rope,rope
canal_panama_influence,5,0.8232933530930758,True,institutional,2.769189083829762,7.811047792008782,18.869229786212216,0.5860431040107249,snare,rope
cancer_chronotherapy_timing,0,0.013832098280134202,False,institutional,0.07532994492137737,0.0026648707218832647,0.0030270427463828433,0.11964549391724154,rope,rope
cancer_prevention,5,0.8255272370283135,True,institutional,2.6794166339117957,6.783787424111803,17.650913499029386,0.6156693292681514,snare,rope
cantor_set_topology,0,0.0011683021729888285,False,institutional,0.01714126913046493,0.00015318512941952874,0.0001410172590251763,0.07943245170376986,mountain,mountain
cantors_diagonal_argument,0,0.004168454715504533,False,institutional,0.04972397499428856,0.0013667698525961591,0.0011235720040711048,0.1779362107403113,mountain,mountain
cap_theorem,0,0.001227204450182139,False,institutional,0.01805173368361732,0.0001703234565888212,0.00015601264192465506,0.08402139641114705,mountain,mountain
capability_eval_overhang,3,0.4492318574684235,True,institutional,1.8502627104818883,3.222296742428342,9.897694424402848,0.6744396619798908,piton,piton
capital_misallocation_spiral,3,0.4380062642047846,True,institutional,1.7724973940767053,3.5709142850824804,6.7504143412069535,0.471008133043873,piton,piton
capital_rotation_ai_narrative,3,0.7987680008304695,True,institutional,2.4007618883255772,3.5366474553646463,11.983517968973365,0.7048740224263516,tangled_rope,rope
car_ownership_norm_us,5,0.8071763472435554,True,institutional,2.6265978288913376,6.399378660219657,17.20284245872875,0.6280045768266277,snare,rope
carbon_credit_markets_2026,5,0.7889384461346736,True,institutional,2.403479745386424,3.872668058405033,16.241813323887065,0.7615618415765533,tangled_rope,rope
carrier_deployment_deterrence,5,0.8282176242499791,True,institutional,2.7264821562198036,7.088178168013891,17.872265502284232,0.6033978922757186,snare,rope
carrying_capacity,3,0.7912990343107191,True,institutional,2.6658129219095965,7.914219562372358,18.330577521773467,0.5682503972953568,snare,rope
cartel_drone_surveillance_el_paso,3,0.9728664367170788,True,institutional,3.01018718632263,9.410932899123969,20.048042554713692,0.5305809595405476,snare,rope
cascading_constraint_failure,3,0.9935652302782001,True,institutional,3.064213783335442,9.45952524379806,19.961941692959623,0.526121988066204,snare,rope
cascading_uncertainty_2026,3,0.5633715784387339,True,institutional,2.091950837069136,4.6926023817109295,9.955374701224079,0.5286362871772227,snare,piton
castration_longevity_choice,3,0.7952217288903008,True,institutional,2.529650202879417,6.2551480109776305,18.545130969172977,0.6627067222455653,tangled_rope,rope
cb_far_beyond_human,3,0.8516687890808908,True,institutional,2.8048768822938013,8.43055169919147,18.548941725229017,0.5454968901150408,snare,rope
cbdc_implementation,3,0.962456845472311,True,institutional,2.9728827045156208,9.850070022713307,19.08135241495202,0.48378554053669387,snare,rope
central_limit_theorem,0,0.003003623694015179,False,institutional,0.03750739099292982,0.0007610519839066335,0.0006520679017617783,0.14320188955479476,mountain,mountain
cfius_hiefo_emcore_divestment,3,0.9374050372065564,True,institutional,2.992090538208238,9.29770144127866,21.11808970594182,0.5597281017959383,snare,rope
cg_israelgaza_20231012,3,0.929214561465024,True,institutional,2.9292264574869407,8.738366628290793,19.685914236556606,0.5561107031512051,snare,rope
chaitins_omega_undecidability,0,0.0011628509579717857,False,institutional,0.01757206138751449,0.00016139555717845192,0.00014782853470240054,0.08406069357318544,mountain,mountain
challenger_o_ring_integrity,3,0.962456845472311,True,institutional,2.9728827045156208,9.850070022713307,19.08135241495202,0.48378554053669387,snare,rope
champions_bass_fishing_exclusion,3,0.7910686469291585,True,institutional,2.3235293008742266,2.6918537865611096,11.747524465164094,0.7708577841618048,tangled_rope,rope
child_marriage,3,0.9783602515670039,True,institutional,3.0270247934509777,9.351751576733669,20.404858207186503,0.5416899504138665,snare,rope
china_africa_zero_tariff_2026,3,0.8522065050451378,True,institutional,2.2139985919229743,1.925246346060761,3.981581007033599,0.5164618420020219,tangled_rope,rope
china_contraceptive_tax,5,0.8255272370283135,True,institutional,2.6794166339117957,6.783787424111803,17.650913499029386,0.6156693292681514,snare,rope
china_critical_mineral_chokepoint,3,0.9760378593704957,True,institutional,3.003820656304231,10.037388072348753,19.15346407192087,0.4759492050806807,snare,rope
china_ev_export_oversupply,5,0.8133867511057072,True,institutional,2.562111227037718,5.785640714692806,17.052570851608984,0.6607173918208992,snare,rope
china_export_led_growth,3,0.7967212917129285,True,institutional,2.3938327662643646,3.5735005703414915,11.972075959819637,0.7015137072020944,tangled_rope,rope
china_taiwan_reunification_mandate,3,0.986062807442485,True,institutional,3.0629810473196626,9.889717793630245,21.204107267415054,0.5335942386582786,snare,rope
china_vactrain_standard,5,0.7931763594544361,True,institutional,2.5074619376096416,5.297317568074446,16.616574522581082,0.6812027917742216,tangled_rope,rope
choice_architecture_design,3,0.7948001259326546,True,institutional,2.3119539717321516,2.1686281701725005,11.699077844663487,0.814632554893058,tangled_rope,rope
cholesterol_pill_cost,3,0.9083266570481768,True,institutional,2.8730829455113227,9.040489984282862,18.61488635913466,0.5143408447483467,snare,rope
chrome_imagen2_integration,3,0.8990324344768131,True,institutional,2.8779950272998636,8.66407645192167,19.144964166699573,0.5474488029080871,snare,rope
church_turing_thesis,0,0.000407716043649615,False,institutional,0.006227064879193615,1.9696357724531223e-05,1.9087162260646616e-05,0.030929346044820907,mountain,mountain
cia_fbi_legal_wall,3,0.9621792627078616,True,institutional,3.0042313017631166,9.316843644619432,20.582642969603473,0.5473446409006568,snare,rope
cinderella_midnight_deadline,0,0.004307027608403291,False,analytical,0.05538477720096536,0.0013236142461548377,0.001808002700773696,0.2679135680558301,rope,rope
circadian_decoupling_arbitrage,3,0.8057828347771808,True,institutional,2.7551747039306154,7.930897031228507,18.583554864092413,0.573230359356445,snare,rope
citation_collapse_dynamics,0,0.4760109530681177,False,institutional,1.821817119835794,3.8365785763851217,6.727698287294566,0.4297338536077635,piton,piton
civilizational_lifecycle_solara,3,0.482279112315119,True,institutional,1.9723213935823307,4.088599986695006,9.471892102449326,0.5683439018865365,piton,piton
civilizational_maintenance_debt,3,0.8745882492342802,True,institutional,2.4492134904327356,2.2385729797019827,19.641847537280523,0.8860304268499622,tangled_rope,rope
clawderberg_recursive_slop,0,0.8492159408870318,False,institutional,2.3485900802077815,1.9775873732864349,19.131575667423316,0.8966322791355961,piton,rope
click_chemistry_paradigm_2026,4,0.0044930073743136845,False,institutional,0.05161900022101226,0.0014727605526786494,0.0012109736556105623,0.1777525182840825,mountain,mountain
climate_attribution_2026,4,0.06361166896105774,True,analytical,0.2605357651584673,0.028633164552073532,0.041681797954004535,0.3130535159814854,mountain,mountain
climate_catastrophe_belief,5,0.7947297098502673,True,institutional,2.4546091255067877,4.501761802967921,14.535811196534413,0.6902985501049147,tangled_rope,rope
climate_event_attribution,5,0.8304730160595951,True,institutional,2.7256442714139557,7.068922494278186,17.870986032683383,0.6044469800742849,snare,rope
climate_policy_extraction,3,0.7960807791338215,True,institutional,2.6596040659111075,7.317192110567676,18.237204450376634,0.5987766584249395,snare,rope
climate_target_one_point_five,4,0.813216094882629,True,institutional,2.0961510960091836,1.7939772030020869,3.2603654979056724,0.44976193492586475,tangled_rope,rope
cloudflare_dual_class_asymmetry,3,0.986062807442485,True,institutional,3.0629810473196626,9.889717793630245,21.204107267415054,0.5335942386582786,snare,rope
clt_convergence_2026,0,0.00020688386987246284,False,institutional,0.0030744862917602366,4.762064656335711e-06,4.6908049315597594e-06,0.014964039742959697,mountain,mountain
cma,3,0.7846812714897591,True,institutional,2.706315845494681,9.20458590193511,18.429191255087062,0.5005431451369663,snare,rope
cmr_001,3,0.8781006471521088,True,institutional,2.4350355544173676,2.15639698694982,16.703530819184394,0.8709017266892369,tangled_rope,rope
cn_tech_decoupling_security_software,5,0.8918072649160562,True,institutional,2.864252156751562,7.8927379120966865,19.106524269074043,0.5869087542587781,snare,rope
coalition_disinfo_framework_2026,3,0.7967212917129285,True,institutional,2.3938327662643646,3.5735005703414915,11.972075959819637,0.7015137072020944,tangled_rope,rope
cobra_effect,3,0.887399354151206,True,institutional,2.473467673631804,2.28084374628008,19.36811846264662,0.8822372059176053,tangled_rope,rope
codex_access,5,0.8255272370283135,True,institutional,2.6794166339117957,6.783787424111803,17.650913499029386,0.6156693292681514,snare,rope
coe_ukraine_reparations_register,3,0.9255503834109229,True,institutional,2.928293443946584,8.785750366662393,19.746421458904,0.5550712626615822,snare,rope
coffee_cardiovascular_2026,0,0.017305792998816627,False,analytical,0.09453389289182051,0.0040665663459967995,0.004946807975699418,0.17794133793482517,rope,rope
cognac_geopolitical_risk,5,0.7900479653402943,True,institutional,2.3406238752072746,2.972656505379348,12.955423495681414,0.7705473305160376,tangled_rope,rope
cognitive_bicycle_scaffold,0,0.2597538492765187,False,analytical,0.7016280920841198,0.199419024931988,0.31630018148297717,0.36952604959943586,rope,rope
cognitive_diversity_arbitrage,0,0.8071393438344059,False,institutional,2.3988977690139346,2.756480518318603,18.646071451139317,0.852168295850321,tangled_rope,rope
cognitive_energy_budget,3,0.9850549916924559,True,institutional,3.040794774016486,9.582149314571188,20.312716979324982,0.5282684574237781,snare,rope
cognitive_hacking_2026,3,0.9650528793015163,True,institutional,3.0443969594711757,10.093259983827576,21.659633449004655,0.5340059651705971,snare,rope
cognitive_induction_gap,3,0.7912990343107191,True,institutional,2.6658129219095965,7.914219562372358,18.330577521773467,0.5682503972953568,snare,rope
cognitive_surrender_to_system_3,3,0.8987039305814551,True,institutional,2.886929998418352,8.735648335031216,19.373538152395476,0.549093806907383,snare,rope
coinbase_crypto_volatility,3,0.8884806018231302,True,institutional,2.6492666455745217,4.923202074713142,9.50198592601121,0.4818765137047695,tangled_rope,rope
coinbase_regulatory_uncertainty,3,0.9627358212872246,True,institutional,3.022579687204518,9.583377583519578,21.146927775843533,0.5468193921545984,snare,rope
cold_dark_matter_paradigm,3,0.8164888562053494,True,institutional,2.4409906380054345,3.9765346680789064,12.255137516784982,0.6755210080154113,tangled_rope,rope
collatz_conjecture_determinism,0,0.000407716043649615,False,institutional,0.006227064879193615,1.9696357724531223e-05,1.9087162260646616e-05,0.030929346044820907,mountain,mountain
collective_action_deadlock,3,0.9073310384431864,True,institutional,2.9175715095339902,8.166478019815404,20.80085854657681,0.6073970696195442,snare,rope
collective_stupidity_2026,3,0.4577353853793361,True,institutional,1.792858465032811,3.683904194209265,6.656795114183482,0.4465949257834218,piton,piton
college_admissions_market,3,0.7918090489348418,True,institutional,2.4057892186225582,3.814350018741709,18.236130500463172,0.7908355602826581,tangled_rope,rope
colombia_2026_presidential_election,3,0.8822565598149741,True,institutional,2.431354414862541,2.153772389778497,10.320751802416726,0.7913163274332238,tangled_rope,rope
colorado_sbe_decentralization_friction,3,0.7799482288166827,True,institutional,2.6493410192347726,7.850874798734342,18.058438063530403,0.5652517249213576,snare,rope
colossus_nero_inertia,3,0.5497718499178266,True,institutional,2.0370934332206048,3.3315106076897663,9.066516017185208,0.6325478715997385,piton,rope
comitatus_bond,3,0.8701773961832224,True,institutional,2.557871085053018,4.09505933916676,8.17675703462543,0.49918294969194343,tangled_rope,rope
commercial_data_brokerage,3,0.9783602515670039,True,institutional,3.0270247934509777,9.351751576733669,20.404858207186503,0.5416899504138665,snare,rope
communal_narcissism_social_trap,0,0.41495905353898405,False,institutional,1.8353291866426087,3.3729333962484778,9.155543967445485,0.6315966142217578,piton,piton
complexity_debt,3,0.9948555346949443,True,institutional,3.0752097940240097,9.086248440193142,20.83107158035258,0.5638127205725174,snare,rope
compounding_logic,3,0.9043694806820389,True,institutional,2.511200266724416,2.378420927894128,13.52848310804791,0.824191603086732,tangled_rope,rope
condiment_tyranny,3,0.811197000990369,True,institutional,2.391859765441075,3.064767285529538,10.307555517673011,0.7026678847109012,tangled_rope,rope
confidential_ai_whatsapp,3,0.7967212917129285,True,institutional,2.3938327662643646,3.5735005703414915,11.972075959819637,0.7015137072020944,tangled_rope,rope
confirmation_bias,3,0.8675956470228445,True,institutional,2.697446256624631,6.0426285609243795,13.286243939479192,0.5451966267931367,snare,rope
consensus_without_truth,3,0.9889110150061453,True,institutional,3.085236696358291,8.427759665272848,22.252141348595064,0.621260734720034,snare,rope
constitutional_consecration,5,0.9167199476428316,True,institutional,2.9522104183018496,8.852524985940189,21.089869609799674,0.5802475240611847,snare,rope
constitutional_supremacy,5,0.9416601925837509,True,institutional,2.908067220104793,8.058457058931497,17.69837362593098,0.5446781026746688,snare,rope
constraint_borsuk_ulam,0,0.0011683021729888285,False,institutional,0.01714126913046493,0.00015318512941952874,0.0001410172590251763,0.07943245170376986,mountain,mountain
constraint_ftc,0,0.010863869693443773,False,analytical,0.0807879295402641,0.0029629748000279013,0.003615243067661427,0.18042169099724048,mountain,mountain
constraint_galois_solvability,0,0.04058142369730233,False,analytical,0.1985691486128847,0.017068837768049776,0.023040398204657756,0.2591778311974136,mountain,mountain
constraint_interaction_explosion,3,0.9892805811519418,True,institutional,3.0488390419212057,9.24329798501578,20.207126242245106,0.542572364115205,snare,rope
constraint_lagrange_multipliers,3,0.8704311261589028,True,institutional,2.3259154734946135,2.064344145987918,5.204765061418472,0.6033741923741481,tangled_rope,rope
constraint_lorenz_sensitivity,0,0.005608805589512045,False,analytical,0.057984872808152774,0.0015243658655221507,0.0018649403319373759,0.18261949756935258,mountain,mountain
constraint_nonstandard_arithmetic,0,0.010863869693443773,False,analytical,0.0807879295402641,0.0029629748000279013,0.003615243067661427,0.18042169099724048,mountain,mountain
constraint_pythagorean,0,0.0011683021729888285,False,institutional,0.01714126913046493,0.00015318512941952874,0.0001410172590251763,0.07943245170376986,mountain,mountain
constraint_riemann_mapping,3,0.8511387022468453,True,institutional,2.2824033696822075,1.9456764627810912,5.202569646304406,0.6260162582997455,tangled_rope,rope
constraint_sylow,0,0.0033125461240012255,False,institutional,0.04432694963460893,0.0010865007289245355,0.0008926603333602183,0.17840797562666033,mountain,mountain
constraint_tarski_undefinability,0,0.001227204450182139,False,institutional,0.01805173368361732,0.0001703234565888212,0.00015601264192465506,0.08402139641114705,mountain,mountain
constraint_twin_prime_conjecture,0,0.00020945033134034396,False,institutional,0.01428419259281484,8.649322426481999e-05,0.00012227428528476485,0.2926294840866522,rope,rope
constraint_yoneda,3,0.8721549512444601,True,institutional,2.3859089375329736,2.084792636630856,7.5553996012479,0.7240658672393029,tangled_rope,rope
consumer_debt_slavery,3,0.8884299432087102,True,institutional,2.895547507287359,9.569523719480252,19.991330316364873,0.5213163122192697,snare,rope
container_capacity_mismatch,3,0.5494972234830809,True,institutional,2.06900300797229,4.556751934693759,9.814555584869714,0.5357148986227633,snare,piton
continuum_hypothesis_undecidability,0,0.000383352324601835,False,institutional,0.005867342815138813,1.746504057004328e-05,1.6966304911361903e-05,0.028556226748011535,mountain,mountain
conversational_dogmas_interruption,5,0.7873949919350431,True,institutional,2.396420365813545,3.92126009231361,16.220168554939935,0.758247882626388,tangled_rope,rope
conways_game_of_life_dynamics,0,0.0015449480478560169,False,institutional,0.02025445186319985,0.00021440252808467588,0.00019643037209999187,0.08382436599621676,mountain,mountain
coordination_attack_vulnerability,0,0.4740703302730362,False,institutional,1.807220362680689,3.818827379019244,6.490799073353776,0.41165527759187476,piton,piton
coordination_fatigue,3,0.8744039466975407,True,institutional,2.783268780758209,7.367044778410137,19.956091640878153,0.6308372946474425,snare,rope
coordination_threshold_failure,3,0.9210914747549194,True,institutional,2.8993285565780407,9.869037713016318,18.946081509654558,0.47909874091973864,snare,rope
copyleft_viral_licensing,0,0.011314873789067807,False,institutional,0.06848697893926636,0.002201800331543881,0.0025033355550225823,0.12045337784369904,rope,rope
copyright_protection,3,0.8496450150594013,True,institutional,2.3380436283129615,1.9779051341088727,7.5109243670916515,0.7366628876234114,tangled_rope,rope
corporate_social_responsibility_theater,0,0.6494065287516282,False,institutional,2.1801136555483542,3.7738734423989735,14.299264056562047,0.7360791836928758,piton,rope
cosmological_evolution_alpha_omega,0,0.00017958619454132036,False,institutional,0.0027837673481867498,3.9013992734556925e-06,3.848255251644254e-06,0.013621784925480367,mountain,mountain
cost_of_observation,3,0.8454784928889773,True,institutional,2.514834412095133,3.0889831694974856,19.783941923514476,0.8438641206368468,tangled_rope,rope
countable_infinity_cardinality,0,0.001227204450182139,False,institutional,0.01805173368361732,0.0001703234565888212,0.00015601264192465506,0.08402139641114705,mountain,mountain
couples_residency_match,5,0.9421714784424293,True,institutional,2.875753424357107,7.4096539361250935,15.224792425829598,0.5133165872557804,snare,rope
cow_field_poop,3,0.8721549512444601,True,institutional,2.3859089375329736,2.084792636630856,7.5553996012479,0.7240658672393029,tangled_rope,rope
creative_commons_licensing,3,0.8850408252600446,True,institutional,2.4260608140385007,2.1957915672054047,7.617799603850858,0.7117551417215786,tangled_rope,rope
credentialism_national_security,5,0.8837541029472608,True,institutional,2.8119877724490783,7.28227290050673,16.61195157538478,0.5616244805759343,snare,rope
credibility_inflation,3,0.45115055660482034,True,institutional,1.8288120803618655,3.753148462286026,7.4662094449311835,0.49731540616851544,piton,piton
crisis_signal_saturation,0,0.4478293256511603,False,institutional,1.7388733120482691,3.55453461230878,5.894940585061988,0.39701943369605613,piton,piton
crispr_genomic_rewrite_2026,3,0.8854935771488266,True,institutional,2.421974846164733,2.184103920011706,7.580722509408827,0.711887103465283,tangled_rope,rope
critical_actor_overcentralization,3,0.4777931035762004,True,institutional,1.8076361396398997,3.8019568916436666,6.415745521217592,0.40740216720408134,piton,piton
crop_defense_dependency,5,0.8338974479285081,True,institutional,2.8090186637234056,8.005708906316034,19.085201361857347,0.5805279308021444,snare,rope
cross_domain_coupling_spiral,3,0.4457079486517637,True,institutional,1.7407542864351033,3.5597624175344267,5.97755702585241,0.40447871895846976,piton,piton
cs_ecmo_bridge,3,0.9383884610890779,True,institutional,2.633971024258411,2.7912872449413024,17.185516607030415,0.8375790900694009,tangled_rope,rope
cuba_mandatrophic_collapse,5,0.9960969476051416,True,institutional,3.0866674219440164,9.823539042347207,20.7322919264711,0.5261720663982904,snare,rope
cuban_missile_crisis_excomm_deliberation,3,0.539522925064736,True,analytical,1.1592046790639061,0.655925128439576,0.694531331347292,0.05558597742858548,rope,tangled_rope
cultural_homogenization_social_media,5,0.8255272370283135,True,institutional,2.6794166339117957,6.783787424111803,17.650913499029386,0.6156693292681514,snare,rope
cultural_memory_decay,3,0.9048905256211198,True,institutional,2.9132437878555146,8.13875156573653,20.75198586993065,0.6078085433968287,snare,rope
cultural_refragmentation_2026,3,0.684987390914288,True,institutional,2.351673645739493,5.629695549949854,12.598284327350108,0.5531379191269618,snare,rope
cumbria_mine_rejection,3,0.9644185274879225,True,institutional,3.0000120231544085,8.68187595584075,20.652253435759715,0.5796160461207618,snare,rope
cuny_light_2026,0,0.010175563762215845,False,institutional,0.0596951786015969,0.001683315237277749,0.0018895242058462923,0.10913274777349842,rope,rope
currys_paradox,4,0.2396890207923515,True,analytical,0.5219172600193863,0.12634291727532207,0.15148264160966896,0.16595778940220335,mountain,rope
cz_plea_agreement_2026,3,0.9898325423851383,True,institutional,3.0465272299921993,9.43810710369285,19.71177425387865,0.5211944403312284,snare,rope
damped_harmonics,4,0.16541363231707873,True,analytical,0.5890541667083965,0.12410795681266859,0.29061943259121775,0.5729536882441115,mountain,mountain
dark_patterns_manipulation,3,0.9911722459802995,True,institutional,3.0761272845141243,9.97391375614566,21.23197922273967,0.5302409798205014,snare,rope
data_laundering_pipeline,3,0.5488539433970232,True,institutional,2.03153828025336,4.4798164849016855,9.058664226311366,0.5054661070348735,snare,piton
data_privacy_regulation,5,0.8071763472435554,True,institutional,2.6265978288913376,6.399378660219657,17.20284245872875,0.6280045768266277,snare,rope
data_replication_paradox,3,0.810500223525368,True,institutional,2.492727399064331,4.565455415298429,12.344250304797603,0.6301553109690217,tangled_rope,rope
dead_sea_effect,3,0.9448636404300813,True,institutional,2.9842221172980756,6.557203713583218,11.389329238249669,0.4242677881712602,tangled_rope,rope
debt_service_squeeze,3,0.9453559879065435,True,institutional,2.95603430596876,9.00330716083258,19.778105639609837,0.5447841504698228,snare,rope
debt_trap_microfinance,5,0.8255272370283135,True,institutional,2.6794166339117957,6.783787424111803,17.650913499029386,0.6156693292681514,snare,rope
decentralized_infrastructure_rope,0,0.01664768839010089,False,analytical,0.07532461163493348,0.002693988700777827,0.002991584325856795,0.09947759871142398,rope,rope
decision_latency_mismatch,3,0.8066809368561109,True,institutional,2.521500325363608,6.065825083830391,18.382834159032345,0.6700277535360364,tangled_rope,rope
deep_earth_hydrogen_availability,0,0.00607575653816117,False,analytical,0.060324995534852974,0.0016504215461548915,0.0020176968340102496,0.18202699318578222,mountain,mountain
deferential_realism_framework,3,0.42943060394600363,True,institutional,1.0202840722615605,0.6398056590528388,0.4342821192345196,0.3212280743539749,tangled_rope,rope
deferred_risk_realization,3,0.9552932712358958,True,institutional,2.9807552513411038,10.372960369535548,20.02961953228427,0.4821189512453725,snare,rope
delayed_feedback_instability,3,0.975508562792899,True,institutional,3.017543662116905,9.834226639974895,20.16867897250209,0.5124010524743416,snare,rope
delta_force_selection_2026,3,0.7251687030500642,True,institutional,2.5334586866355835,6.049912458586157,15.737500067266494,0.6155734752834229,snare,rope
demand_response_cost_shift,3,0.833509583613807,True,institutional,2.595346354218145,5.3596052133083205,12.78886666962638,0.5809163273210589,snare,rope
demographic_inertia_trap,3,0.9601988372467904,True,institutional,2.9753564037936124,9.77494111600019,19.59101501623558,0.501049786961041,snare,rope
denmark_asylum_outsourcing,3,0.9873629360712687,True,institutional,3.0481906513790453,8.972530500616315,20.70269703344843,0.5666008884678264,snare,rope
devotional_transformation,3,0.9836714131519118,True,institutional,2.9117922726131247,4.701464637333081,9.36772030972063,0.4981207292819686,tangled_rope,rope
dexy_gold_protocol,3,0.5347091227177194,True,analytical,1.1582352038144512,0.7022621192427291,0.6467766424809457,0.07900963933753838,rope,tangled_rope
digital_credentialing_verification,5,0.8987039305814551,True,institutional,2.886929998418352,8.735648335031216,19.373538152395476,0.549093806907383,snare,rope
digital_euro_cbdc,5,0.8332421023893136,True,institutional,2.742600703655645,7.186816584122916,18.023124953980986,0.6012447007678612,snare,rope
digital_identity_tether,5,0.9366656438074243,True,institutional,2.982386635067894,8.776446062412127,21.50395680863344,0.5918683179791104,snare,rope
dionysiac_frenzy,5,0.986062807442485,True,institutional,3.0629810473196626,9.889717793630245,21.204107267415054,0.5335942386582786,snare,rope
discover_core_2026,5,0.947259432513843,True,institutional,2.991592403103459,8.368344338863675,21.194278593775024,0.6051602180353738,snare,rope
disney_openai_ip_exclusivity,5,0.8403508052544587,True,institutional,2.739943105546898,7.137176805152684,18.017843845166492,0.6038828582107332,snare,rope
djia_as_economic_barometer,3,0.843741520995888,True,institutional,2.5710547878235586,5.018099037211445,13.187450378554592,0.6194792099182517,snare,rope
dk_foreign_convict_expulsion,3,0.9879697521134938,True,institutional,3.081260484700727,9.783774502030441,21.994032145197266,0.5551623077823464,snare,rope
dk_us_alliance_espionage,6,0.8304730160595951,True,institutional,2.7256442714139557,7.068922494278186,17.870986032683383,0.6044469800742849,snare,rope
dldr_information_policy,3,0.5353900812637918,True,analytical,1.1526017195624456,0.6392708121949375,0.6970241296780628,0.08285698446307739,rope,tangled_rope
dn_paywall,5,0.8416325673989039,True,institutional,2.686837661058221,6.4439572132431335,15.722568292214824,0.5901460185462244,snare,rope
doomsday_clock_framework,5,0.9642639375573546,True,institutional,3.0367539038247324,8.303108389201622,21.278821810380485,0.6097947309680886,snare,rope
drc_rwanda_peace_deal_2024,5,0.8550662516812058,True,institutional,2.687007086471083,6.69748664226829,17.97040312719249,0.627304596626785,snare,rope
dsa_transparency_requirements,5,0.8542981410272533,True,institutional,2.801124152071365,7.504738404069763,18.518818385456136,0.5947506883072166,snare,rope
dunbars_number,0,0.0008784072507080102,False,institutional,0.014867277209099455,0.00011524451241004077,0.0001060779858310116,0.07953980963895799,mountain,mountain
dunning_kruger_effect,5,0.8570816986379809,True,institutional,2.7680365592011027,7.294725079464877,18.29299027361029,0.6012283956664896,snare,rope
dutch_minority_govt_2026,3,0.8164888562053494,True,institutional,2.4409906380054345,3.9765346680789064,12.255137516784982,0.6755210080154113,tangled_rope,rope
dwp_carers_allowance_cliff,3,0.9911722459802995,True,institutional,3.0761272845141243,9.97391375614566,21.23197922273967,0.5302409798205014,snare,rope
e2ee_digital_privacy_2026,0,0.014677593829439506,False,analytical,0.042429346890869274,0.0008888170128710187,0.0009116940673239474,0.025092907010000276,rope,rope
ec_meta_manus_block,5,0.8918072649160562,True,institutional,2.864252156751562,7.8927379120966865,19.106524269074043,0.5869087542587781,snare,rope
edelman_2026_developed_stagnation,5,0.984240652140881,True,institutional,3.0732622569870425,8.376230518996445,22.383340824352327,0.6257828272943338,snare,rope
edelman_2026_developing_volatility,3,0.8633134201367992,True,institutional,2.421469508586659,2.187368458281621,14.939119700980031,0.8535811679627867,tangled_rope,rope
edelman_2026_insularity,5,0.8647301767812097,True,institutional,2.7175332391408604,6.912164670006814,18.190508441218523,0.6200125635661567,snare,rope
education_unbundling_implementation,3,0.9373298964315615,True,institutional,2.599852577342623,2.8166296443050802,7.527841880495483,0.6258383625720245,tangled_rope,rope
ehrenfest_barrier,0,0.0009226803228983742,False,institutional,0.015652638797280412,0.00012807274780014376,0.00011728813796198838,0.08420690602332244,mountain,mountain
electrification_scale_2026,3,0.32238695220220365,True,analytical,0.6673922582561979,0.23006732974137997,0.21588969119061582,0.061623867094477584,rope,tangled_rope
elencher_identity_transformation,0,0.005053339635600951,False,institutional,0.05474325933623932,0.0016561049361678085,0.0013622450604221844,0.17744037187982156,mountain,mountain
elite_capture_2026,0,0.5420215595115409,False,institutional,1.902818130167398,4.308463876350657,6.52298964506141,0.33949552110471043,snare,piton
elite_identity_capture_2026,3,0.5420156241173512,True,institutional,1.9028897552388127,4.308650900564598,6.521793253288725,0.33934567790969333,snare,piton
elite_overproduction_instability,5,0.886523886366377,True,institutional,2.890538871215542,8.192674810775975,20.308121126349846,0.5965813499041054,snare,rope
elliq_ai_companion,5,0.8550662516812058,True,institutional,2.687007086471083,6.69748664226829,17.97040312719249,0.627304596626785,snare,rope
em_clinical_guidelines,3,0.80694689366067,True,institutional,2.344555218874861,2.5781628556307763,18.334284948160885,0.8593802341940043,tangled_rope,rope
emergency_bridge_scaffold,5,0.9490310097848174,True,institutional,2.884814956142969,7.353264325103382,14.452226527819962,0.49120197424606926,snare,rope
emergency_mode_lock_in,3,0.4144624057805882,True,institutional,1.68640968835805,3.293167778227871,5.791023376489922,0.43133232865242915,piton,piton
emergency_oversight_bureau,0,0.8132636944113745,False,institutional,2.0442126060637142,1.9968032445497088,2.632625031198754,0.24151627334468,tangled_rope,rope
emergency_powers_ratchet,3,0.9905936596076591,True,institutional,3.0860462274341507,8.456285562222796,22.19103160707454,0.6189322915692249,snare,rope
emergent_goal_misalignment,3,0.9054667114069358,True,institutional,2.890990415746957,7.568772162952145,19.735201375765044,0.6164836619176004,snare,rope
emotional_cycles_2026,3,0.9735861080769163,True,institutional,2.847451206230833,4.877658165087567,18.314406712231996,0.7336709705245417,piton,rope
empty_tomb_transformation,3,0.898442463189618,True,institutional,2.461628919074169,2.3032592783432118,7.606055627577343,0.6971808528467418,tangled_rope,rope
endocrine_disruption_society,3,0.9953138838860218,True,institutional,3.080829999332325,9.207949284915449,21.064540609208183,0.5628696843789571,snare,rope
endowment_effect,4,0.029810426642820853,False,analytical,0.1344279159076598,0.008244383073282647,0.009958948510657668,0.17216329972387767,mountain,mountain
english_chinese_tense_structure,0,0.0009226803228983742,False,institutional,0.015652638797280412,0.00012807274780014376,0.00011728813796198838,0.08420690602332244,mountain,mountain
epigenetics_complexity_2026,0,0.004168454715504533,False,institutional,0.04972397499428856,0.0013667698525961591,0.0011235720040711048,0.1779362107403113,mountain,mountain
epistemic_free_rider_problem,3,0.506017530059354,True,institutional,1.9759379661990524,4.18527460903658,8.99278660537885,0.5345964724067572,snare,piton
epistemic_overload_collapse,3,0.43834679989473335,True,institutional,1.7215510782570906,3.4860509980526757,5.816500455915953,0.400661785471534,piton,piton
epistemic_process_of_verification,3,0.8908278677369913,True,institutional,2.3810696131792755,2.241269029012678,5.187409836322287,0.5679406293832244,tangled_rope,rope
epstein_document_release_2026,4,0.11115885138230797,True,analytical,0.4881773324788546,0.1718032468174404,0.08778079062372289,0.489062097196571,snare,snare
epstein_espionage_2026,0,0.665087979665298,False,institutional,2.4254817191123412,5.703687762477089,14.740229336403383,0.6130529836200778,snare,rope
epstein_files_2026,0,0.5953822827267657,False,institutional,2.239951770870565,4.975206158228975,12.367087985658717,0.5977059301269314,snare,rope
epstein_honeytrap,0,0.3863652115525253,False,institutional,1.7542909193816125,3.2094596404010254,7.616871132564201,0.5786380543213197,piton,piton
erasmus_rejoining_scaffold,0,0.8090908710215059,False,institutional,1.9941494122717618,2.5296706181937676,1.7290054636652936,0.31650964705443113,tangled_rope,rope
ergo_autolykos_asic_resistance,0,0.47037372321703286,False,institutional,1.0929809333409852,0.745602798765739,0.5044998839036569,0.32336642949999744,tangled_rope,rope
ergo_lets_protocol,0,0.011398578101741053,False,institutional,0.10222579868148633,0.004520896243215424,0.00614712105776506,0.26455064074187773,rope,rope
ergo_mixer_protocol,3,0.8348963935436684,True,institutional,2.5646024670094896,5.149884864845888,12.749971736704323,0.5960865662140631,snare,rope
ergo_nipopows,4,0.011281223809668228,False,institutional,0.08180261485401213,0.0036896482778015793,0.0030479939387798765,0.17390664115117846,mountain,mountain
ergo_storage_rent,3,0.9715477446279803,True,institutional,2.795961981308708,3.573061153153125,17.20915004903095,0.7923743390595677,tangled_rope,rope
ergo_storage_rent_mechanism,0,0.3370098760020489,False,analytical,0.6957792915713619,0.23927154807678938,0.24610850881264262,0.027780269641380344,rope,tangled_rope
ergodic_theorems,3,0.8112461525526939,True,institutional,2.2504887977467094,1.9423595021261142,5.22254787585766,0.6280820112525757,tangled_rope,rope
ergot_grain_poisoning,3,0.962456845472311,True,institutional,2.9728827045156208,9.850070022713307,19.08135241495202,0.48378554053669387,snare,rope
erised_expectation,3,0.4567005078589605,True,institutional,1.9302477286474247,3.8295722623833357,9.267142078909055,0.5867580069697,piton,piton
eu_affordable_housing_initiative,3,0.8030872295806355,True,institutional,2.407058714914646,3.7171599720982846,12.066082488397605,0.6919331543048377,tangled_rope,rope
eu_asylum_outsourcing_framework,3,0.9743479903108121,True,institutional,3.005911808297057,9.264023324875767,19.787666634383097,0.5318284113004725,snare,rope
eu_deforestation_regulation,3,0.8284484875390941,True,institutional,2.5449976811222523,5.00723221923595,12.646153062399648,0.6040509556915159,tangled_rope,rope
eu_digital_services_act,5,0.8304730160595951,True,institutional,2.7256442714139557,7.068922494278186,17.870986032683383,0.6044469800742849,snare,rope
eu_ev_tariff_wall,5,0.8403508052544587,True,institutional,2.739943105546898,7.137176805152684,18.017843845166492,0.6038828582107332,snare,rope
eu_irgc_terrorist_designation,5,0.8981075974490164,True,institutional,2.915555751910323,8.466004762590359,20.2862789782525,0.5826733541589283,snare,rope
eu_mercosur_trade_agreement,5,0.7967212917129285,True,institutional,2.3938327662643646,3.5735005703414915,11.972075959819637,0.7015137072020944,tangled_rope,rope
eu_renewable_energy_mandate,3,0.8470939660980806,True,institutional,2.6452371626628333,5.808582912016025,13.103440221721655,0.5567131368762914,snare,rope
eu_russian_asset_freeze_2025,3,0.9911722459802995,True,institutional,3.0761272845141243,9.97391375614566,21.23197922273967,0.5302409798205014,snare,rope
eu_unanimity_rule_foreign_policy,5,0.8304730160595951,True,institutional,2.7256442714139557,7.068922494278186,17.870986032683383,0.6044469800742849,snare,rope
euler_characteristic_topology,0,0.000407716043649615,False,institutional,0.006227064879193615,1.9696357724531223e-05,1.9087162260646616e-05,0.030929346044820907,mountain,mountain
eurozone_fragmentation_2026,3,0.9616083485598351,True,institutional,3.0035622183313833,7.94502784134789,15.250206197095414,0.4790216119922945,snare,rope
event_fragmentation,0,0.019536714234537622,False,analytical,0.10885453816238314,0.005400910573709552,0.006528740235679706,0.1727484355720787,mountain,mountain
evfta_trade_agreement,3,0.7967212917129285,True,institutional,2.3938327662643646,3.5735005703414915,11.972075959819637,0.7015137072020944,tangled_rope,rope
evidence_half_life,3,0.5664358777653654,True,institutional,2.150698656931578,4.77420817548672,11.092362860570983,0.5695950235763414,snare,piton
evolutionary_knowledge,5,0.8398475952330214,True,institutional,2.640085911440263,5.95222506372161,18.32713980922111,0.6752234595423989,snare,rope
evolutionary_mismatch_load,3,0.9828830089642762,True,institutional,3.0218080840274055,9.618705886378137,19.455880138282,0.5056144559889599,snare,rope
exoplanetary_habitability_arbitrage,3,0.9547491706150849,True,institutional,3.0228686374916913,9.620206544717977,9.535072624167237,0.00884948988932921,snare,rope
expert_disempowerment,3,0.5531950979834395,True,institutional,2.11929854398095,4.317493517514285,12.34273782066989,0.6501996898707554,piton,rope
exploration_vs_exploitation,5,0.8062978528619236,True,institutional,2.531804305789384,5.299999254926583,16.81303550886592,0.6847684493301781,tangled_rope,rope
extraordinary_narrative_shift,3,0.8897021714511468,True,institutional,2.4420108817002864,2.215995229784881,7.749647634872474,0.7140521306009875,tangled_rope,rope
faa_boeing_regulatory_capture,3,0.8688943566919465,True,institutional,2.4032788903325066,2.2716373127091973,7.70351587535001,0.7051168129635372,tangled_rope,rope
factional_instability,3,0.8018624742994062,True,institutional,2.4323062861396556,3.8797790445654057,18.489893555142785,0.7901675835507294,tangled_rope,rope
faint_blue_neural_bifurcation,3,0.9930649370400391,True,institutional,3.0669454666336358,9.721521738931365,20.188326114026903,0.5184582573105541,snare,rope
fair_use_doctrine,0,0.0926882123389533,False,analytical,0.22991236655029448,0.025015692083509854,0.02797059787646267,0.10564328320773493,rope,rope
family_estrangement_ratio,3,0.962456845472311,True,institutional,2.9728827045156208,9.850070022713307,19.08135241495202,0.48378554053669387,snare,rope
family_succession_system,3,0.986062807442485,True,institutional,3.0629810473196626,9.889717793630245,21.204107267415054,0.5335942386582786,snare,rope
fast_growing_hierarchy,0,0.001227204450182139,False,institutional,0.01805173368361732,0.0001703234565888212,0.00015601264192465506,0.08402139641114705,mountain,mountain
fatf_grey_list_russia,3,0.929214561465024,True,institutional,2.9292264574869407,8.738366628290793,19.685914236556606,0.5561107031512051,snare,rope
fb_creator_monetization_indonesia,3,0.9643230017644727,True,institutional,2.9904591020837703,8.848818007379132,20.217144018847495,0.5623111751526431,snare,rope
fcc_dji_covered_list,5,0.829538279122317,True,institutional,2.6706884903111017,6.410379278656869,15.605164751915636,0.5892142517835351,snare,rope
fda_accelerated_approval_alz,3,0.7967212917129285,True,institutional,2.3938327662643646,3.5735005703414915,11.972075959819637,0.7015137072020944,tangled_rope,rope
fda_component_efficacy_standard,5,0.8403508052544587,True,institutional,2.739943105546898,7.137176805152684,18.017843845166492,0.6038828582107332,snare,rope
fda_gonorrhea_efficacy_standard,3,0.8938871033258904,True,institutional,2.763344154796506,6.470875502821373,13.591274678179333,0.523894876967625,snare,rope
fed_shutdown_2026,5,0.5288990105096761,True,institutional,1.8711588565227875,2.591276759224175,11.629687427044798,0.7771843159603611,piton,rope
feedback_loop_desynchronization,3,0.9294353246567345,True,institutional,2.925627596009794,9.402520075200382,19.554088032219568,0.5191532297641441,snare,rope
feigenbaum_universality,0,0.001227204450182139,False,institutional,0.01805173368361732,0.0001703234565888212,0.00015601264192465506,0.08402139641114705,mountain,mountain
fermat_proof_barrier,0,0.04058142369730233,False,analytical,0.1985691486128847,0.017068837768049776,0.023040398204657756,0.2591778311974136,mountain,mountain
fgh_hierarchy_2026,0,0.0005247559112829519,False,institutional,0.004896623824642513,1.2078037607755846e-05,1.1899882182241925e-05,0.014750361879939786,mountain,mountain
fiat_currency_lifecycle,3,0.6758604459551432,True,institutional,2.4010655017596747,5.283660321860176,15.253931041152507,0.653619758237679,snare,rope
fiber_optic_chip_tech,5,0.8062978528619236,True,institutional,2.531804305789384,5.299999254926583,16.81303550886592,0.6847684493301781,tangled_rope,rope
financial_drag,3,0.68467672272011,True,institutional,2.4275195027112404,5.818045336789471,14.2569101392886,0.5919140066151961,snare,rope
fine_particle_policy,5,0.8071763472435554,True,institutional,2.6265978288913376,6.399378660219657,17.20284245872875,0.6280045768266277,snare,rope
finite_pool_of_worry,3,0.891320541187645,True,institutional,2.848845051424772,9.490508309834903,18.36685467540029,0.48328069897857645,snare,rope
finite_simple_group_classification,0,0.0011628509579717857,False,institutional,0.01757206138751449,0.00016139555717845192,0.00014782853470240054,0.08406069357318544,mountain,mountain
finnish_debt_adjustment,3,0.9253318400206851,True,institutional,2.9122403414152225,8.9480652734136,19.182543531319872,0.5335308240638763,snare,rope
finnish_ubi_experiment,0,0.4407461894931681,False,institutional,1.0348679459778656,0.6519209118363373,0.45034417296415835,0.309204284158297,tangled_rope,rope
fiscal_dominance_trap,0,0.4518838001359047,False,institutional,1.870196409855549,3.768248490748189,8.226721589661159,0.5419501620811025,piton,piton
fiscal_equalization_friction,0,0.7839911293241317,False,analytical,2.05670981358027,3.63952597541815,1.5714781263612172,0.5682190106691937,rope,tangled_rope
fitts_law_industrial_application,5,0.8362805690067308,True,institutional,2.7627956608691644,7.755627031573618,19.23131988345885,0.5967189418837368,snare,rope
floating_wall_2026,3,0.9445851829978268,True,institutional,2.954542692966344,8.701434273368545,19.96962675096402,0.5642665543086083,snare,rope
fmeca_procedures_1980,3,0.8449405562443394,True,institutional,2.3249444679004667,1.944964489498942,7.488536500873425,0.7402744195381712,tangled_rope,rope
fmt_oncology_2026,0,0.1737028533622641,False,analytical,0.5256996614419486,0.11277866696442249,0.17509043774091873,0.3558833456610518,rope,rope
fnl_shadow_probe,4,0.8384799570428279,True,institutional,2.1204090468116887,1.8495215751884602,3.222711549671522,0.426097698574055,tangled_rope,rope
fossil_fuel_lock_in,0,0.01719787702102571,False,analytical,0.10186594685862087,0.00471726240776129,0.0057398972397962765,0.17816256795414032,mountain,mountain
four_color_theorem_topological_bound,0,0.00048649450101756996,False,institutional,0.006802238433093715,2.3502315053307332e-05,2.2776675236897233e-05,0.030875248449534536,mountain,mountain
fptp_electoral_system,3,0.9801081194228658,True,institutional,3.0211006167844587,9.125402700619338,20.04708321666704,0.5448014755067947,snare,rope
fragile_middle_layer_collapse,3,0.48635429254018653,True,institutional,1.9318042473927974,4.038051777885773,8.593323728016824,0.5300943027759436,piton,piton
framing_effect,3,0.8008414035601863,True,institutional,2.340995987117484,2.202194136224555,16.168835306911237,0.8638000762316352,tangled_rope,rope
france_2027_presidential_election,3,0.9163394669383014,True,institutional,2.5575976038071375,2.5092603257300277,12.660235781353554,0.8017998741045759,tangled_rope,rope
france_cordon_sanitaire_2026,0,0.5883990128978012,False,institutional,1.874265492343941,1.8356207407327125,6.739141099539784,0.7276179985520608,piton,rope
france_local_elections_march_2026,3,0.8641372973100727,True,institutional,2.317002887400665,2.0125654606243737,5.296907471865915,0.6200489679470619,tangled_rope,rope
franchisee_corporate_squeeze,3,0.8130461699324267,True,institutional,2.388207090205921,3.3481549669368666,12.087018160676378,0.7229957858564592,tangled_rope,rope
frankenstein_creation_hubris,3,0.9941628350013375,True,institutional,3.0777732254369994,9.7758426576057,20.726377491037262,0.5283380966194848,snare,rope
fraser_river_salmon_regulation,5,0.8644379751618342,True,institutional,2.7882111707816515,7.433862551204705,18.58050114631683,0.5999105464021188,snare,rope
french_ag_land_concentration,5,0.8794277918681316,True,institutional,2.8626527334640426,7.77517949676029,19.19669858635009,0.5949730907225438,snare,rope
frontex_pushback_coordination,3,0.9941178603690654,True,institutional,3.089419803811256,8.568063652481777,22.345026884641467,0.6165561269308245,snare,rope
fundamental_material_limits_nbre,0,0.0007912366821623768,False,institutional,0.01429546988582516,0.00010669910383218858,9.794255856567752e-05,0.08206765522869758,mountain,mountain
fundamental_theorem_of_algebra,0,0.00019189450521363456,False,institutional,0.0029609222185362377,4.416791355694471e-06,4.350643854874804e-06,0.014976369833359806,mountain,mountain
fungal_shift_grassland_loss,0,0.001601077909564656,False,institutional,0.026723828235092156,0.00038503295538514805,0.0003320690141154728,0.13755690397123407,mountain,mountain
fused_quartz_5d_archival,3,0.8056778836672894,True,institutional,2.3743860270327,2.9087333007165825,11.350080139256397,0.7437257477455002,tangled_rope,rope
future_dsm_integration,5,0.8644379751618342,True,institutional,2.7882111707816515,7.433862551204705,18.58050114631683,0.5999105464021188,snare,rope
g7_debt_trap,5,0.8255272370283135,True,institutional,2.6794166339117957,6.783787424111803,17.650913499029386,0.6156693292681514,snare,rope
gale_shapley,3,0.9831952514132072,True,institutional,3.0344908142264155,9.553677610831462,20.098931744659186,0.5246673936603559,snare,rope
galois_theory_symmetry,4,0.03851275865786197,False,analytical,0.19915212848110453,0.016756877684611118,0.024205287652983458,0.30771830003244255,mountain,mountain
gamblers_ruin_stochastic_extinction,3,0.9902617588228333,True,institutional,3.128696304700504,13.780349372396133,22.484158807494815,0.3871085198080604,snare,rope
gauss_bonnet_topology,0,0.0040024312710562615,False,institutional,0.049841932726103905,0.0013799962401655228,0.0011239263507222084,0.18555839645809488,mountain,mountain
gaza_aid_permit_revocation,5,0.9912005768102509,True,institutional,3.0736315847688016,9.89365200276226,21.104025764944424,0.5311959854031048,snare,rope
gaza_border_control_rafah,5,0.9109136573171324,True,institutional,2.8930487570751215,8.089876046678485,19.385774479600514,0.5826900774487296,snare,rope
gbff_funding_mechanism,3,0.8574841065517061,True,institutional,2.5664156549076798,4.87572376634169,12.847115044433036,0.6204810380012546,tangled_rope,rope
gemini_scientific_advancement,3,0.8704311261589028,True,institutional,2.3259154734946135,2.064344145987918,5.204765061418472,0.6033741923741481,tangled_rope,rope
genai_mil_platform,3,0.881482061132592,True,institutional,2.7557689889099106,6.540371504047038,13.72245048283282,0.5233816647960048,snare,rope
gender_performance_cost,5,0.4812178345022445,True,institutional,1.7759276435351088,2.352780880517022,10.530627915435456,0.7765773418821121,piton,piton
generational_replacement_inertia,3,0.9740871831139098,True,institutional,3.019595668672635,9.492152756585059,20.356845349647003,0.5337119974362994,snare,rope
genetic_algorithms_evolution,4,0.014924724245424348,False,institutional,0.09410215010571807,0.004876150636553323,0.00403831476610909,0.17182321320500726,mountain,mountain
genetic_predisposition,3,0.8078898476931127,True,institutional,2.381991286635778,2.5783455716042223,18.479830591242234,0.8604778567166019,tangled_rope,rope
genetic_predisposition_mania,0,0.000855698308329652,False,institutional,0.01507368227230614,0.00011877653873516396,0.0001087696493943697,0.0842497133470661,mountain,mountain
genie_ip_constraint,3,0.9939909410876236,True,institutional,3.1186746425183633,9.993751118689605,22.471464649849704,0.5552692592845101,snare,rope
geocentric_cosmology,5,0.8403508052544587,True,institutional,2.739943105546898,7.137176805152684,18.017843845166492,0.6038828582107332,snare,rope
geophysics_superionic_core,0,0.0008107047279635759,False,institutional,0.014672047270419548,0.00011253302698555313,0.00010304908266927908,0.08427698579094998,mountain,mountain
geopolitical_insularity_2026,5,0.9515799923609096,True,institutional,3.0065106213519672,8.675309812111657,21.396653861910487,0.59454829394819,snare,rope
german_board_gender_quota,3,0.8889789806814548,True,institutional,2.613504777781274,4.453189149807277,8.293726596040738,0.46306535448936287,tangled_rope,rope
germany_tennet_takeover,3,0.8324823212624897,True,institutional,2.2556751350105197,1.8973857341858904,5.202385592531479,0.6352854473321299,tangled_rope,rope
germline_regulation_threshold_2026,5,0.8668948809852676,True,institutional,2.731631871092704,6.526142399332214,14.732588231607576,0.5570267561452031,snare,rope
ghost_fishing_gear,3,0.9729579868240436,True,institutional,3.0054745332992927,9.33531731438542,19.852467157182687,0.5297653817798725,snare,rope
gig_economy_algorithmic_management,3,0.962456845472311,True,institutional,2.9728827045156208,9.850070022713307,19.08135241495202,0.48378554053669387,snare,rope
gilgamesh_mortality_limit,3,0.9973663191351883,True,institutional,3.099781768923419,10.119300285344565,21.25365806337064,0.5238795949773677,snare,rope
gita_kurukshetra,3,0.4501344752760641,True,analytical,1.105052869650522,0.7363287205498658,0.5316311124394212,0.2779975877588792,rope,tangled_rope
glen_canyon_water_allocation,5,0.8550662516812058,True,institutional,2.687007086471083,6.69748664226829,17.97040312719249,0.627304596626785,snare,rope
global_digital_divide,5,0.8255272370283135,True,institutional,2.6794166339117957,6.783787424111803,17.650913499029386,0.6156693292681514,snare,rope
global_economic_anxiety_2026,0,0.815699857575579,False,institutional,2.7246934585565885,6.925095414455551,18.085952018330172,0.6171008632867684,snare,rope
global_food_market_fragility,5,0.8255272370283135,True,institutional,2.6794166339117957,6.783787424111803,17.650913499029386,0.6156693292681514,snare,rope
global_hoarding_scaling_laws,3,0.9974509029391143,True,institutional,3.1076740184655067,8.96497328422044,22.515267396261258,0.6018269236407512,snare,rope
global_protocol_entrenchment,3,0.9882784199918275,True,institutional,3.0770642870987035,10.025957459522765,21.688457567329873,0.5377284240523754,snare,rope
global_stimulus_spree,3,0.8398842309650925,True,institutional,2.3907577927558945,2.3134439608684314,19.080342239943562,0.8787524913454972,tangled_rope,rope
global_trade_externalities_neobiota,5,0.8282176242499791,True,institutional,2.7264821562198036,7.088178168013891,17.872265502284232,0.6033978922757186,snare,rope
global_water_bankruptcy,3,0.9538102593454865,True,institutional,2.9643087291854515,10.493886262808719,19.45316996076723,0.46055649110285973,snare,rope
glp1_payload_efficiency_pivot,3,0.8055554072539007,True,institutional,2.0227844765279084,3.508815002384581,1.6597400773609685,0.5269798845955077,scaffold,rope
goal_boundary_poisoning,3,0.48871045172493455,True,institutional,1.8576271832246571,3.9458363602127347,7.098617459064242,0.4441401606767404,piton,piton
goedels_incompleteness_theorems,0,0.030535603555806423,False,analytical,0.17211113049726506,0.012783593430494978,0.017369479808027742,0.26401978805452087,mountain,mountain
gold_fomo_cycle,3,0.9223271771758472,True,institutional,2.920143103720804,8.755510778732383,19.803743846439676,0.5578860822163961,snare,rope
gold_piton_2026,0,0.23901096140718137,False,analytical,0.7579391651781159,0.21397893705808646,0.40886202721466336,0.47664756613423076,rope,rope
goldbach_conjecture,0,0.003003623694015179,False,institutional,0.03750739099292982,0.0007610519839066335,0.0006520679017617783,0.14320188955479476,mountain,mountain
golden_handcuffs,0,0.9671698002763055,False,institutional,2.7442134306158734,3.513373772483141,7.332313740791103,0.520836955879622,tangled_rope,rope
goodharts_law,5,0.8224643911599134,True,institutional,2.5528549891019297,5.0973068386930125,13.783558761086836,0.6301893489884836,tangled_rope,rope
goodstein_theorem_finite_proof,3,0.9361685086833785,True,institutional,2.5949743105633534,2.7964193305334835,7.531317794533694,0.6286945516277175,tangled_rope,rope
google_ai_search_overview,5,0.8918072649160562,True,institutional,2.864252156751562,7.8927379120966865,19.106524269074043,0.5869087542587781,snare,rope
google_universal_commerce_protocol,5,0.6025357136002738,True,powerless,1.465474267327214,1.3245895206931215,1.3975422840908722,0.052200755732559355,snare,tangled_rope
governance_latency_gap,3,0.8219991168445698,True,institutional,2.7041001765401647,6.924199589076413,18.728387043561,0.6302831860014865,snare,rope
governance_overfitting,3,0.9707683759572637,True,institutional,3.0075644678084057,9.385491375093569,20.28144672132926,0.5372375795448957,snare,rope
gpt5_codex_dev_cycle,3,0.843559831632034,True,institutional,2.367993572436823,2.0519170190801246,16.397979592370692,0.8748676928446235,tangled_rope,rope
gpt_store_marketplace,3,0.833509583613807,True,institutional,2.595346354218145,5.3596052133083205,12.78886666962638,0.5809163273210589,snare,rope
gradient_descent_optimization,0,0.7538655222240709,False,analytical,1.9593038331479717,2.4931745162768073,1.725088048328641,0.3080756934316782,rope,tangled_rope
graph_coloring_complexity,3,0.8705423307848815,True,institutional,2.4014367818502396,2.144398096412443,7.630313920468724,0.7189633193648847,tangled_rope,rope
gravitational_lensing_cosmic_dawn,0,0.000407716043649615,False,institutional,0.006227064879193615,1.9696357724531223e-05,1.9087162260646616e-05,0.030929346044820907,mountain,mountain
great_awakening_rekindling,5,0.791638045666424,True,institutional,2.350390540619735,2.9517053445444126,12.972272600678638,0.7724604288388146,tangled_rope,rope
great_mongolian_road_economic_dependency,5,0.7864798765127373,True,institutional,2.5049602184291615,5.550178657459635,17.948139336749115,0.690765791744465,tangled_rope,rope
greenland_defence_pact_2026,5,0.7967481908468248,True,institutional,2.45907684607239,4.447386727902414,14.550401190752929,0.6943461098015072,tangled_rope,rope
greenland_seizure_trade_war,3,0.9852082546669176,True,institutional,3.0337600620145064,9.771911816427107,19.62031470008425,0.5019492823738885,snare,rope
greshams_law,5,0.8176417848649032,True,institutional,2.734559795349923,7.600488677098482,18.813362758202263,0.5960058403814695,snare,rope
grete_samsa_transition,3,0.7986206844860424,True,institutional,2.4753168987453207,4.954874258025979,18.510912312926568,0.7323268473069324,tangled_rope,rope
grievance_stack_overflow,3,0.4531021193690764,True,institutional,1.8143399135884748,3.721992177326291,7.15703660697678,0.47995345256470523,piton,piton
gs1_gln_identification,4,0.8125139429413758,True,institutional,2.1277512061961494,1.9868642872107425,3.3190211490323476,0.40137040470802426,tangled_rope,rope
gs1_standardized_identification,3,0.9991853062052097,True,institutional,3.099298321433871,9.714785049956426,8.663353345203458,0.10823005340274451,snare,rope
gs_market_clearing,3,0.8615581887553694,True,institutional,2.3021648141065825,1.9939854979615381,5.201749471489489,0.6166702166472133,tangled_rope,rope
guano_wealth_extraction,5,0.8071763472435554,True,institutional,2.6265978288913376,6.399378660219657,17.20284245872875,0.6280045768266277,snare,rope
guinea_junta_legitimization_2024,3,0.9620384909365598,True,institutional,3.020937153219364,9.08929419633902,21.33379768888495,0.5739486082651565,snare,rope
guinea_worm_eradication,3,0.7128307015996865,True,institutional,1.6780282929959693,1.6913562167750127,1.233978124599075,0.2704209128979593,tangled_rope,rope
guthrie_kidnapping_2026,3,0.41640121933218005,True,institutional,1.7996403726088859,3.5113742989573606,7.737917382430312,0.5462119682318817,piton,piton
hagia_sophia_status,3,0.881482061132592,True,institutional,2.7557689889099106,6.540371504047038,13.72245048283282,0.5233816647960048,snare,rope
halting_problem_undecidability,0,0.001227204450182139,False,institutional,0.01805173368361732,0.0001703234565888212,0.00015601264192465506,0.08402139641114705,mountain,mountain
hamiltonian_path_complexity,0,0.005921683280614154,False,institutional,0.05927032223239532,0.0019407379289305673,0.001597311793353607,0.17695647127698663,mountain,mountain
hammurabi_lex_talionis,5,0.8668948809852676,True,institutional,2.731631871092704,6.526142399332214,14.732588231607576,0.5570267561452031,snare,rope
hanlons_razor,3,0.8910014719649686,True,institutional,2.474230524426824,2.2684611695401316,16.765346192619862,0.8646934490062178,tangled_rope,rope
happiness_of_others,3,0.7884900270319743,True,institutional,2.4506975654551524,4.891527158146883,18.255087974405786,0.7320458184038905,tangled_rope,rope
harlequin_historical_line_discontinuation,3,0.9801081194228658,True,institutional,3.0211006167844587,9.125402700619338,20.04708321666704,0.5448014755067947,snare,rope
harm_principle_liberty,5,0.8668948809852676,True,institutional,2.731631871092704,6.526142399332214,14.732588231607576,0.5570267561452031,snare,rope
hasbro_licensing_restriction,3,0.7938412893592629,True,institutional,2.298907512310712,2.1544878716799936,11.687730186767054,0.8156624222794497,tangled_rope,rope
hawthorne_effect,5,0.7901412685897706,True,institutional,2.6015212834146872,6.6375713768183795,18.09782860449119,0.6332393503179058,snare,rope
hd101584_stellar_evolution,0,0.000407716043649615,False,institutional,0.006227064879193615,1.9696357724531223e-05,1.9087162260646616e-05,0.030929346044820907,mountain,mountain
hedonic_adaptation_baseline,3,0.9612473334768429,True,institutional,2.885074112607676,6.930063563589059,13.380505419242166,0.48207759374895437,snare,rope
hegemonic_entropy_2026,3,0.8295491671867227,True,institutional,2.4516687504968853,4.301641916542675,18.714726765988566,0.7701466887371118,piton,rope
heglig_oil_field_control,3,0.9898363268264496,True,institutional,3.0836919485157814,10.435688930522172,21.709699723501537,0.519307541631948,snare,rope
heine_borel,0,0.011106229271895418,False,analytical,0.08205113643871725,0.003060055350094184,0.003720826967312581,0.1775873006251749,mountain,mountain
heisenberg_uncertainty,0,0.0008107047279635759,False,institutional,0.014672047270419548,0.00011253302698555313,0.00010304908266927908,0.08427698579094998,mountain,mountain
help_to_buy_uk,5,0.8803300613527038,True,institutional,2.819945240240576,7.31389189615071,16.76032557873383,0.5636187458416161,snare,rope
helsinki_bus_theory,3,0.916610635444354,True,institutional,2.587760965416836,2.9454990185231815,7.824064580200339,0.6235333964424205,tangled_rope,rope
hershey_salt_strategy,3,0.8164888562053494,True,institutional,2.4409906380054345,3.9765346680789064,12.255137516784982,0.6755210080154113,tangled_rope,rope
heuristic_optimization,4,0.09463456261751879,True,analytical,0.3193009529109476,0.04341751435002011,0.0619685781328604,0.29936242434136345,mountain,mountain
hhs_fetal_tissue_research_ban_2019,3,0.9873629360712687,True,institutional,3.0481906513790453,8.972530500616315,20.70269703344843,0.5666008884678264,snare,rope
hicbc_uk,3,0.8516687890808908,True,institutional,2.8048768822938013,8.43055169919147,18.548941725229017,0.5454968901150408,snare,rope
hidden_interdependency_risk,3,0.8001735089188644,True,institutional,2.709570919902221,6.976768053217949,18.25443900053724,0.6178043021200148,snare,rope
hilbert_hotel_infinite_capacity,0,0.0001701609821350451,False,institutional,0.0027106868028878945,3.6992113219682654e-06,3.648890795822378e-06,0.013603041774621554,mountain,mountain
hilberts_hotel_infinity,4,0.011434581841825664,False,analytical,0.08283473314507483,0.003116306067806455,0.00379882782096914,0.17966640904208267,mountain,mountain
hiv_prep_prevention_2026,0,0.22318562235173522,False,institutional,0.48076131732714705,0.12287808814842499,0.10891176737786236,0.11365997779598142,mountain,mountain
hk_nsl_civic_party_disbandment,3,0.9898363268264496,True,institutional,3.0836919485157814,10.435688930522172,21.709699723501537,0.519307541631948,snare,rope
hoa_covenants,0,0.9868160317892212,False,institutional,2.915340058346735,4.402619412837545,17.98239238667717,0.7551705402614078,piton,rope
hollow_state_syndrome,3,0.4952900293906711,True,institutional,1.8882386595176857,4.006837046096826,7.539363019217416,0.4685443536962444,piton,piton
hollywood_four_quadrant_model,5,0.8318042392346054,True,institutional,2.6705509809366124,6.376598208299551,15.600802833998962,0.5912647396323106,snare,rope
hominin_evolutionary_bottleneck,3,0.7880799462625754,True,institutional,2.7461276527708818,9.029721239807095,18.3947660370691,0.5091146458938147,snare,rope
horizon_liability_contract,0,0.02605203363951738,False,analytical,0.2414272994169056,0.021481449312160745,0.0433931774584935,0.504957908816237,snare,snare
hp_liberalism,3,0.9172866892054512,True,institutional,2.5701615523577273,2.7476016606608673,16.064183123212995,0.8289610097453047,piton,rope
hu_2026_election_rules,5,0.87660601801249,True,institutional,2.749002487958388,7.373705805777159,19.973948010018955,0.6308338340483063,snare,rope
huang_expectation_resilience_2026,0,0.5519549468695686,False,institutional,2.1178414703799713,4.318810487489149,12.31505029772558,0.6493063054491321,piton,rope
hub_short_form_tv_market_fragmentation,5,0.8133867511057072,True,institutional,2.562111227037718,5.785640714692806,17.052570851608984,0.6607173918208992,snare,rope
humanities_phd_funding_model,5,0.9188293365870537,True,institutional,2.950912992299252,8.176339814432335,20.11204107961983,0.5934604656949671,snare,rope
hydra_game,3,0.84884578237479,True,institutional,2.5297594586826566,4.367783794875429,19.504450766820142,0.7760622000027987,tangled_rope,rope
hygiene_disposal_protocol,3,0.9998709701217855,True,institutional,3.1306210137179185,10.541537597049771,22.946346111662727,0.5406006016926624,snare,rope
hypercompression_of_time_horizons,3,0.4612502503883594,True,institutional,1.8169615949757512,3.7323538498422346,7.010833506343493,0.46763051119882504,piton,piton
hypernormie_equilibrium,3,0.5414795706384634,True,institutional,2.0574763276625534,4.490074201912085,9.775939001213061,0.5407014915544248,snare,piton
ia_digital_preservation,5,0.8147290208544007,True,institutional,2.730372473927256,7.412826120586057,18.686938977486992,0.6033151213520509,snare,rope
ibm_shield_2026,3,0.8699494376537403,True,institutional,2.8397870789028636,8.280563864223362,19.041466048505427,0.5651299199793859,snare,rope
ibm_shield_contract_2026,3,0.8901262843773278,True,institutional,2.8748954809789846,8.405913540041311,19.40995947644967,0.566927816091512,snare,rope
ice_memory_archive,0,0.0024976629339736878,False,analytical,0.04143605822130823,0.0007425852853755812,0.0010094371489253295,0.26435708635633737,rope,rope
ice_raids_minnesota_2026,3,0.9958993154926806,True,institutional,3.091724247987473,9.435564024836289,21.62328113955403,0.563638655764576,snare,rope
ice_safe_departure,3,0.9832314584909193,True,institutional,3.039490172304521,9.205760034218944,20.621848674595306,0.5535919121761472,snare,rope
identity_stack_incompatibility,3,0.8542753767518303,True,institutional,2.7716595646668027,7.148544069326948,18.128001200292662,0.605662864297938,snare,rope
idf_knock_on_roof_policy,5,0.8828019930473421,True,institutional,2.854753145698454,7.80940411908115,19.049500910811506,0.5900467862310798,snare,rope
incentive_surface_warping,3,0.4760109530681177,True,institutional,1.821817119835794,3.8365785763851217,6.727698287294566,0.4297338536077635,piton,piton
incumbent_steel_production,5,0.8542981410272533,True,institutional,2.801124152071365,7.504738404069763,18.518818385456136,0.5947506883072166,snare,rope
independent_criticism_patronage,3,0.7967212917129285,True,institutional,2.3938327662643646,3.5735005703414915,11.972075959819637,0.7015137072020944,tangled_rope,rope
indexical_relativity_core,0,0.0590749516190487,False,institutional,0.1917593279530608,0.01998927196888963,0.016968248939065893,0.15113221904857352,mountain,mountain
india_france_horizon_2047,3,0.81644155656559,True,institutional,2.3273200923468704,2.310438774042444,11.935769868455726,0.8064273356887893,tangled_rope,rope
india_nuclear_liability_act_2010,5,0.8282176242499791,True,institutional,2.7264821562198036,7.088178168013891,17.872265502284232,0.6033978922757186,snare,rope
india_semi_mission,3,0.7951022179382183,True,institutional,2.362175714530301,3.046605667768487,18.178650617039995,0.8324074909656545,tangled_rope,rope
indian_ai_licensing_regime,3,0.7967212917129285,True,institutional,2.3938327662643646,3.5735005703414915,11.972075959819637,0.7015137072020944,tangled_rope,rope
indian_import_tariffs_eu,5,0.8403508052544587,True,institutional,2.739943105546898,7.137176805152684,18.017843845166492,0.6038828582107332,snare,rope
individual_revolution_autonomy,3,0.9906480024039215,True,institutional,3.062458267500751,8.884266009262348,21.10361719146282,0.5790169083972792,snare,rope
individual_vs_systemic_causation,3,0.9643230017644727,True,institutional,2.9904591020837703,8.848818007379132,20.217144018847495,0.5623111751526431,snare,rope
indo_german_defense_pact,5,0.8164888562053494,True,institutional,2.4409906380054345,3.9765346680789064,12.255137516784982,0.6755210080154113,tangled_rope,rope
indo_russian_submarine_lease_2025,3,0.8990324344768131,True,institutional,2.8779950272998636,8.66407645192167,19.144964166699573,0.5474488029080871,snare,rope
indonesia_penal_code_2023,5,0.9743479903108121,True,institutional,3.005911808297057,9.264023324875767,19.787666634383097,0.5318284113004725,snare,rope
inference_cost_scaling_law,3,0.9090298670753751,True,institutional,2.905764606152879,7.691490740937363,19.973638222336096,0.6149178905054897,snare,rope
information_foraging_theory,4,0.06361166896105774,True,analytical,0.2605357651584673,0.028633164552073532,0.041681797954004535,0.3130535159814854,mountain,mountain
informational_time_2026,3,0.9704541842879775,True,institutional,3.006875049852968,9.765994896586434,20.160127606511445,0.5155787162065307,snare,rope
infrastructure_interoperability_decay,0,0.46631354615245624,False,institutional,1.7800847330399592,3.735640650600403,6.175974101081684,0.39513336852463027,piton,piton
inner_model_confirmation_bias,5,0.8071763472435554,True,institutional,2.6265978288913376,6.399378660219657,17.20284245872875,0.6280045768266277,snare,rope
inner_model_theory_constraints,4,0.8662442852347053,True,institutional,2.1862055961455575,2.080214815915393,3.190811495981417,0.3480608871645146,tangled_rope,rope
innovators_dilemma,5,0.8201182057945249,True,institutional,2.6442402241024823,6.420638468166422,17.37954630473385,0.6305635167002279,snare,rope
institutional_inertia_lock,3,0.8531859319951544,True,institutional,2.364088019966634,2.062376686463969,15.352898908990195,0.8656685816346837,piton,rope
institutional_memory_loss,0,0.4681975846642887,False,institutional,1.8264887891651196,3.823259549789211,7.010227383747419,0.45461689892497725,piton,piton
institutional_mutation_domestication,3,0.9790279431886694,True,institutional,3.0275948182956194,8.857385581596457,20.67852809634391,0.5716626666884237,snare,rope
institutional_mutation_without_selection,3,0.5327578436760229,True,institutional,1.9188847403363911,4.258963315373305,7.1411791818607835,0.4036050339989448,snare,piton
institutional_trust_decay,0,0.5851619697377187,False,institutional,1.8706072143749017,2.0397334945732317,12.866154874393544,0.8414651840828726,piton,rope
insult_wisdom_training,3,0.8186888674550622,True,institutional,2.515790711446537,5.160472801897212,18.944603946567888,0.7276019695923961,tangled_rope,rope
integrated_digital_governance_stack,3,0.9936997540190428,True,institutional,3.096283453895146,10.582056826143262,21.86874765691649,0.5161105248385613,snare,rope
interface_contract_breakdown,3,0.4690847562672564,True,institutional,1.8768664882235748,3.9027513171457535,7.943091245848194,0.508660898339082,piton,piton
international_seabed_mining_regime,5,0.8034721237561504,True,institutional,2.672467996069525,5.230181661653295,17.232797491715857,0.6964983970729335,snare,rope
internet_evolution_lifecycle,3,0.9901864487025039,True,institutional,3.076215032172931,8.442628745739276,22.16684229237041,0.6191325478665431,snare,rope
interpretive_frame_fragmentation,3,0.4008581652139885,True,institutional,1.6772115234686424,3.1793519108328856,5.970446053977103,0.46748502840671025,piton,piton
intertemporal_responsibility_gap,3,0.3432990325761768,True,institutional,1.561267538444416,2.7661215103119705,5.3454153378974345,0.48252449333525566,piton,piton
inverse_spin_valve_signature,3,0.8640880381037188,True,institutional,2.3566258258456694,2.022695694823786,6.6625312023791095,0.696407321274307,tangled_rope,rope
invisible_infrastructure_dependency,3,0.4379011029614191,True,institutional,1.7135116169029396,3.500125174508008,5.669983701639673,0.3826921983045868,piton,piton
iran_guardian_council_vetting,3,0.9895341211240596,True,institutional,3.072522723967349,9.315737627434864,21.603807263900784,0.5687918562853901,snare,rope
iran_hijab_law,3,0.9743479903108121,True,institutional,3.005911808297057,9.264023324875767,19.787666634383097,0.5318284113004725,snare,rope
iran_mandatrophic_collapse,3,0.9944786625415444,True,institutional,3.0752311997447266,9.613049246295628,20.50154872942048,0.531106192358017,snare,rope
iran_nin_repression,3,0.9898707768946539,True,institutional,3.0814320604881513,10.353579094489858,21.613480557598354,0.5209665992065312,snare,rope
iran_nuclear_deal_informal_2023,5,0.8550662516812058,True,institutional,2.687007086471083,6.69748664226829,17.97040312719249,0.627304596626785,snare,rope
iran_war_room_2026,3,0.9908489067974698,True,institutional,3.0855926342450326,8.449286787165002,22.192367223094664,0.6192705941540033,snare,rope
iron_law_of_oligarchy,5,0.786093472331223,True,institutional,2.475247696874775,5.112711723677583,17.97000705826153,0.715486381997437,tangled_rope,rope
irreversible_policy_commitment,3,0.9814892750761604,True,institutional,3.038436175606234,9.061448964472545,20.850099498826793,0.5654002051653317,snare,rope
isa_education_scaffold,3,0.8573740259899431,True,institutional,2.3563873980077363,1.9812391475689277,8.561269469339601,0.7685811485476164,tangled_rope,rope
israel_egypt_gas_deal,3,0.7987680008304695,True,institutional,2.4007618883255772,3.5366474553646463,11.983517968973365,0.7048740224263516,tangled_rope,rope
israel_electoral_threshold,3,0.7987680008304695,True,institutional,2.4007618883255772,3.5366474553646463,11.983517968973365,0.7048740224263516,tangled_rope,rope
israel_gaza_ceasefire_violation,5,0.8046408701276485,True,institutional,2.721533528312985,7.55343481102209,18.488707546828625,0.5914568505185894,snare,rope
israel_norwegian_law,5,0.8143554824413177,True,institutional,2.5854581279476507,5.779950647524452,15.158579585860421,0.6187010389208327,snare,rope
israel_override_clause,3,0.9863026239210256,True,institutional,3.0500170912816387,9.128987267135463,20.864076278026502,0.562454280482579,snare,rope
israel_surplus_vote_agreements,3,0.8844258835875798,True,institutional,2.4435936424541205,2.1896324585042732,11.462178781328035,0.8089689141761425,tangled_rope,rope
israeli_settlement_policy_authority_restriction,5,0.806660940509738,True,institutional,2.6432416471440185,6.124304999490734,17.99440090893817,0.6596549654260137,snare,rope
iss_ped_ban,5,0.9188293365870537,True,institutional,2.950912992299252,8.176339814432335,20.11204107961983,0.5934604656949671,snare,rope
iterated_function_system_convergence,3,0.8717390962571888,True,institutional,2.3956887724709257,2.088762680538922,8.585817419890736,0.7567194154746534,tangled_rope,rope
ivt_accessibility_barrier,3,0.8781006471521088,True,institutional,2.4350355544173676,2.15639698694982,16.703530819184394,0.8709017266892369,tangled_rope,rope
japanese_energy_scaffold_2025,5,0.7889384461346736,True,institutional,2.403479745386424,3.872668058405033,16.241813323887065,0.7615618415765533,tangled_rope,rope
jevons_paradox,3,0.8078898476931127,True,institutional,2.381991286635778,2.5783455716042223,18.479830591242234,0.8604778567166019,tangled_rope,rope
job_hunt_volume_system_2026,3,0.7880799462625754,True,institutional,2.7461276527708818,9.029721239807095,18.3947660370691,0.5091146458938147,snare,rope
jordan_microfinance,5,0.9164018069480292,True,institutional,2.922294665112166,8.336305259535179,20.165794659520635,0.5866116163391826,snare,rope
jp_eez_enforcement,5,0.8650697482835356,True,institutional,2.8121288542566822,7.575573275643964,18.62353507051983,0.5932258163147694,snare,rope
jp_nativist_politics,5,0.944425780413848,True,institutional,2.9409453345623935,8.867729349227739,19.433302227699247,0.5436838656999774,snare,rope
jupiter_composition_knowledge_gap,3,0.8704311261589028,True,institutional,2.3259154734946135,2.064344145987918,5.204765061418472,0.6033741923741481,tangled_rope,rope
juvenile_underclass_2026,0,0.5230640709307212,False,institutional,2.036629033762973,4.418596167177641,9.797588101940038,0.5490118464663046,snare,piton
kardashev_scale_progress_narrative,3,0.7967212917129285,True,institutional,2.3938327662643646,3.5735005703414915,11.972075959819637,0.7015137072020944,tangled_rope,rope
keltner_relationship_evaluation,3,0.883082656059894,True,institutional,2.3626408387282054,2.173598878834828,5.221392587645733,0.5837128041324164,tangled_rope,rope
khantivadin_radical_patience,3,0.9977216321997242,True,institutional,3.1062659543614,10.262256330466185,21.68163923091704,0.5266844807641357,snare,rope
kidney_exchange_market,0,0.07169762159586412,False,analytical,0.20477469476127294,0.01954440363102794,0.02256566475143389,0.13388753017851912,rope,rope
kim_jong_un_succession,5,0.844445165866262,True,institutional,2.7727403117428397,7.349808499170978,18.31054511779957,0.5986024199778589,snare,rope
kirby_paris_theorem,0,0.04058142369730233,False,analytical,0.1985691486128847,0.017068837768049776,0.023040398204657756,0.2591778311974136,mountain,mountain
kjv_linguistic_residue,3,0.014613421521916026,False,analytical,0.0986504595933463,0.00438645060751041,0.005428793710901082,0.1920027097912442,rope,rope
kjv_puritan_new_world_exit,3,0.5312058449661823,True,institutional,1.1478946665594916,0.719176556830573,0.6096798051870164,0.15225294902007272,tangled_rope,rope
kjv_textual_authority,3,0.8215682415850729,True,institutional,2.3880911175511024,2.927513522670379,7.753620866435395,0.6224327223241886,tangled_rope,rope
kleene_recursion_theorem,0,0.00038632126150964403,False,institutional,0.006061509328221017,1.866309637949869e-05,1.808561135144576e-05,0.030942616182773074,mountain,mountain
knowledge_action_gap,3,0.7891230462158937,True,institutional,2.5327205040473992,6.5455624360361,18.093089299569655,0.6382285895094882,snare,rope
kolmogorov_complexity,0,0.011106229271895418,False,analytical,0.08205113643871725,0.003060055350094184,0.003720826967312581,0.1775873006251749,mountain,mountain
labor_union_dues,3,0.8574841065517061,True,institutional,2.5664156549076798,4.87572376634169,12.847115044433036,0.6204810380012546,tangled_rope,rope
landscape_of_fear_2026,3,0.8267197300214554,True,institutional,2.4005321155934216,2.964228827315755,7.779187530036019,0.6189539311308992,tangled_rope,rope
large_cardinal_foundations,4,0.8852903344669208,True,institutional,2.2276884275481863,2.3095324954251066,3.05677114432478,0.244453579813131,tangled_rope,rope
large_cardinals_inaccessibility,0,0.029810426642820853,False,analytical,0.1344279159076598,0.008244383073282647,0.009958948510657668,0.17216329972387767,mountain,mountain
latent_goal_activation,3,0.46391799600306954,True,institutional,1.770049666190032,3.7112795917728842,6.047295419332454,0.3862910054123727,piton,piton
latent_regulatory_bomb,3,0.9788062416123212,True,institutional,3.0126079613216934,9.891077885957406,19.316656310309217,0.48795082714814464,snare,rope
lavender_ai_targeting,3,0.9774532971969387,True,institutional,3.0456122419717215,9.767665592488912,21.17570852909813,0.5387325255697163,snare,rope
law_of_diminishing_returns,3,0.8769261187313246,True,institutional,2.4004086495787136,2.1243962420165934,7.577172772570625,0.7196320704594581,tangled_rope,rope
layered_brain_processing,3,0.9752936296400299,True,institutional,2.8467315515978844,9.538993755353948,4.113858250315555,0.5687324726461246,snare,rope
lcdm_hubble_tension,3,0.843673676355226,True,institutional,2.596499779505917,5.167721744139748,12.209598931525333,0.576749263172222,tangled_rope,rope
lcdm_small_scale_anomalies,3,0.8016181642154063,True,institutional,2.3334991671983336,2.590191476382699,8.578077075786911,0.6980452083260061,tangled_rope,rope
legacy_identity_lock_in,0,0.003903259348619348,False,institutional,0.05421363380213732,0.001672233079035049,0.0013016947011196905,0.22158297342687142,mountain,mountain
legacy_system_technical_debt,0,0.00010994204005854158,False,institutional,0.0036375010463070303,6.485152717080846e-06,6.75024440075109e-06,0.03927142010454422,rope,rope
legal_formalism_overhang,0,0.49365657780490046,False,institutional,1.859438686392156,4.000869179472176,6.993471240276631,0.4279136866352626,piton,piton
legibility_trap,3,0.4583350705774517,True,institutional,1.764066817979031,3.651549685625031,6.089720595095722,0.40037484009270313,piton,piton
legitimacy_without_capacity,3,0.4509456955279851,True,institutional,1.8237367766729398,3.731771918291209,7.382683291696884,0.4945236344503308,piton,piton
legitimacy_without_effectiveness,0,0.49532448334567286,False,institutional,1.8123909445396458,3.962382437004538,6.0056307050184525,0.3402220962914896,piton,piton
lehman_repo_105,3,0.9941628350013375,True,institutional,3.0777732254369994,9.7758426576057,20.726377491037262,0.5283380966194848,snare,rope
lethal_targeting_of_journalists,3,0.15530206377236566,True,analytical,0.5729048735408586,0.22940714543121682,0.12360232086459268,0.4612098039393791,snare,snare
liar_paradox,0,0.001227204450182139,False,institutional,0.01805173368361732,0.0001703234565888212,0.00015601264192465506,0.08402139641114705,mountain,mountain
lindy_effect,3,0.5227197860972002,True,institutional,1.1374794074175842,0.7168272134444273,0.5905465599823421,0.17616609845947945,tangled_rope,rope
linguistic_relativity_cultural_framing,3,0.8384450290371617,True,institutional,2.345003538032391,2.1421491433833912,8.718567701252143,0.7543003373047455,tangled_rope,rope
liquidity_illusion,3,0.41806912529480594,True,institutional,1.8227930954114464,3.5497005598776257,8.119445375051574,0.5628148973346497,piton,piton
litany_of_the_real,0,0.10459257904855374,False,institutional,0.2171128557034076,0.02400967951938027,0.023140993079984726,0.03618067615997762,mountain,mountain
litchfield_sensitive_locations_2026,0,0.27319614028580647,False,institutional,1.4569459957748065,2.3526313837829504,5.235228215150556,0.5506153147298293,piton,piton
lln_convergence,4,0.16541363231707873,True,analytical,0.5890541667083965,0.12410795681266859,0.29061943259121775,0.5729536882441115,mountain,mountain
lobs_theorem,0,0.00040416179672632044,False,institutional,0.006199972748197261,1.9525342939377305e-05,1.8921441043240016e-05,0.030929131335223993,mountain,mountain
local_vs_global_optima,0,0.0015449480478560169,False,institutional,0.02025445186319985,0.00021440252808467588,0.00019643037209999187,0.08382436599621676,mountain,mountain
logistic_map_dynamics,3,0.9144924557986168,True,institutional,2.4571355060704683,2.5057072192251395,5.1769667823544845,0.5159893187327843,tangled_rope,rope
lorenz_attractor_dynamics,3,0.8739687215378209,True,institutional,2.412532540675601,2.1751102755781346,7.649912506812817,0.7156686074983163,tangled_rope,rope
lowenheim_skolem_theorem,0,0.00231821712062361,False,institutional,0.024810896794411893,0.00032163112245488977,0.00029482436413063424,0.08334628228652004,mountain,mountain
lp_pikachu_illustrator,3,0.5958508469807169,True,institutional,2.1510596521216336,4.860713118339724,10.422030597864707,0.5336117014149239,snare,piton
lsd_microdosing_professional_openness,3,0.8337538054272876,True,institutional,2.3037429570783825,1.8884708963810048,7.53946589173065,0.7495219258896979,tangled_rope,rope
lula_hemisphere_2026,3,0.9771068172237787,True,institutional,3.0308817151183005,9.503918999795099,20.622267577805836,0.5391428724344826,snare,rope
lung_transplant_protocol,5,0.8071763472435554,True,institutional,2.6265978288913376,6.399378660219657,17.20284245872875,0.6280045768266277,snare,rope
lyapunov_stability,0,0.011106229271895418,False,analytical,0.08205113643871725,0.003060055350094184,0.003720826967312581,0.1775873006251749,mountain,mountain
m82_outflow_suppression,0,0.000407716043649615,False,institutional,0.006227064879193615,1.9696357724531223e-05,1.9087162260646616e-05,0.030929346044820907,mountain,mountain
magna_carta_liberties,3,0.8601099775913051,True,institutional,2.5337958376329106,4.026526841409713,8.15674138354282,0.506355951221685,tangled_rope,rope
maha_recovery_2026,3,0.994845244864945,True,institutional,2.955819989034151,7.405745663932031,5.41520180260275,0.26878371897427744,piton,rope
maintenance_capacity_shortfall,0,0.4525792889567052,False,institutional,1.802224366526158,3.7039364311304834,6.9410774999661635,0.4663744308936848,piton,piton
maladaptive_selection_process,3,0.45063324539022137,True,institutional,1.788530467573459,3.6667560121039378,6.735689370185141,0.455622756545979,piton,piton
mandatrophic_margin_collapse,3,0.9888859128298696,True,institutional,3.0463676732867455,9.573143225781315,19.923544769210675,0.5195060248226812,snare,rope
mandatrophy_systemic_collapse,3,0.995522016002193,True,institutional,3.07520895082127,9.303439748161173,20.319445452967642,0.5421410604095787,snare,rope
manga_distribution_duopoly,3,0.810500223525368,True,institutional,2.492727399064331,4.565455415298429,12.344250304797603,0.6301553109690217,tangled_rope,rope
manganese_catalysis_2026,0,0.10999247769162601,False,analytical,0.3863867247113721,0.06168455175583212,0.0929992814957063,0.3367201255347328,rope,rope
marriage_market_asymmetry_2026,3,0.9742395260103562,True,institutional,3.0282174063538934,8.690146064661398,21.168131657863825,0.589470331859304,snare,rope
mars_rovers_navigational_autonomy,3,0.8428394083900429,True,institutional,2.319287013312135,1.9308202189706376,7.480003994045934,0.7418690925155166,tangled_rope,rope
martian_signal_latency,0,0.002155690801437006,False,institutional,0.02392538182637253,0.00029909916195037617,0.0002741403443144805,0.08344663178974944,mountain,mountain
mass_market_extinction_2026,3,0.9857651839955203,True,institutional,3.052140489094291,8.803584239299097,21.242024482460412,0.5855581351688849,snare,rope
matching_market_congestion_externality,3,0.8358966513062387,True,institutional,2.245850038178622,1.8446888410810767,5.1986289803469425,0.645158589302142,tangled_rope,rope
matching_markets_general,0,0.834518812911636,False,institutional,2.417624625574574,3.2603361695549857,7.913394008315861,0.587997745830824,tangled_rope,rope
material_tensile_strength,0,0.000407716043649615,False,institutional,0.006227064879193615,1.9696357724531223e-05,1.9087162260646616e-05,0.030929346044820907,mountain,mountain
max_flow_min_cut,5,0.8224858766266083,True,institutional,2.422751258622288,3.1720831372337286,13.34367583727089,0.7622781626353943,tangled_rope,rope
mco_unit_system_discontinuity,0,0.5011491289748218,False,institutional,1.4728441502834255,2.270864770115284,0.6817841827747093,0.6997689198639083,piton,rope
med_diet_consensus_2026,3,0.7968796327990141,True,institutional,2.3956420714496414,3.538993891915949,11.966019693474351,0.7042463590590669,tangled_rope,rope
medical_residency_match,5,0.940394828859254,True,institutional,2.9726491071090284,9.180942740397319,21.61327887528747,0.5752174950699049,snare,rope
medieval_church_hegemony,3,0.9627358212872246,True,institutional,3.022579687204518,9.583377583519578,21.146927775843533,0.5468193921545984,snare,rope
memetic_fitness_vs_truth,0,0.4514920465381678,False,institutional,1.7909484921417427,3.6742180419695907,6.757365380926274,0.4562647074937447,piton,piton
meta_governance_overload,3,0.5425269216800895,True,institutional,1.9431535463424476,4.354393791366989,7.369521864755524,0.4091348297381785,snare,piton
meta_model_lock_in,3,0.45209523662833917,True,institutional,1.7612468505961045,3.640724384852163,6.185633977921356,0.41142259664132175,piton,piton
meta_nda,5,0.8809929491968568,True,institutional,2.872480946140262,8.244343914166837,19.635951802121493,0.5801403467859344,snare,rope
meta_nuclear_power_agreement,3,0.8058651817280609,True,institutional,2.2915519537113007,1.943771140052868,8.42732189650047,0.7693488911512876,tangled_rope,rope
meta_pay_or_okay_model,5,0.9771837194677758,True,institutional,3.02678857206924,9.426079938213615,20.4589294476838,0.5392681732288411,snare,rope
metabolic_constraint_cognition,3,0.8811158808349606,True,institutional,2.83554840352204,9.826924387937478,18.4718626072735,0.46800576656151516,snare,rope
metamorphosis_samsa,3,0.962456845472311,True,institutional,2.9728827045156208,9.850070022713307,19.08135241495202,0.48378554053669387,snare,rope
mexican_airline_merger,5,0.8255272370283135,True,institutional,2.6794166339117957,6.783787424111803,17.650913499029386,0.6156693292681514,snare,rope
micro_robot_electronics_integration,5,0.9117205399931162,True,institutional,2.6340283745027673,3.8104741218415046,14.150408970162538,0.7307163255933983,tangled_rope,rope
microbiome_symbiosis,3,0.9156436676855261,True,institutional,2.638170839628668,3.9179592991918413,10.96605166625794,0.6427192376589625,tangled_rope,rope
microrobot_manipulation,0,0.00852984815997233,False,institutional,0.059344114059461,0.0016513342317428618,0.001881732263840601,0.12243932706319151,rope,rope
microwave_weapon_1,5,0.8046408701276485,True,institutional,2.721533528312985,7.55343481102209,18.488707546828625,0.5914568505185894,snare,rope
migration_decision_threshold,4,0.8721295109623887,True,institutional,2.193757041735847,2.1457872889687497,3.1173282288396247,0.31165821131145865,tangled_rope,rope
mil_std_461g_emi_control,3,0.8933063670962744,True,institutional,2.473445742331251,2.265313058910487,13.386742765628808,0.8307793689196148,tangled_rope,rope
mil_std_810f_tailoring,3,0.855558384299069,True,institutional,2.380890458502973,2.0476660734652103,13.753049736794967,0.8511118542684482,tangled_rope,rope
milano_cortina_2026,3,0.0017814815917821525,False,analytical,0.038071406574561366,0.0006353833462457773,0.0008343663847264111,0.23848400669434977,rope,rope
minimax_decision_rule,0,0.0007569273838519222,False,institutional,0.013799164174449043,9.928628520027016e-05,9.1378041986936e-05,0.07965091248385879,mountain,mountain
minimax_theorem_game_equilibrium,3,0.7923157764142884,True,institutional,2.346677762027859,3.011876609855337,11.817223521841425,0.7451282355547753,tangled_rope,rope
minnesota_sovereignty_2026,0,0.7036655768921651,False,institutional,2.511736482833688,6.029880558470472,15.947566719741427,0.6218933794453979,snare,rope
misunderstanding_as_mismatch,3,0.9401045518083818,True,institutional,2.9325911475851094,9.569261455095981,19.009844601655402,0.49661548236629577,snare,rope
mit_tfus_2026,3,0.9939473279783015,True,institutional,3.1158746201841807,9.445153786352117,18.321028322846832,0.4844637746357421,snare,rope
mltt_economic_model,3,0.8591237258434671,True,institutional,2.429388945974768,2.7924515534099528,12.405417111010642,0.7749006318432079,tangled_rope,rope
model_autonomy_creep,3,0.4209415136221474,True,institutional,1.8041248595880308,3.541281161135706,7.715176077646516,0.5409980115170672,piton,piton
model_collapse_feedback_loop,3,0.4720086753839741,True,institutional,1.8702670715140828,3.841608890844986,7.765087495240222,0.5052716542859583,piton,piton
model_of_models_regression,3,0.43464030688687105,True,institutional,1.8251412127716087,3.6560849975070497,7.7832668736619315,0.5302634411934398,piton,piton
moltbook_agent_theater,0,0.753317747007188,False,institutional,2.1196910863711467,1.6254360499808111,16.796129378258545,0.9032255579023565,piton,rope
moltbook_breach_2026,3,0.4666550972168461,True,institutional,1.997013922244818,4.062267410511759,10.286125039157378,0.6050731062428799,piton,piton
moltbot_religion,5,0.8046408701276485,True,institutional,2.721533528312985,7.55343481102209,18.488707546828625,0.5914568505185894,snare,rope
mom_z14_2026,0,0.010460983307343456,False,institutional,0.06553826475064117,0.002014917471069756,0.0022939515661755568,0.1216390525502692,rope,rope
monetary_regime_transition,3,0.8910014719649686,True,institutional,2.474230524426824,2.2684611695401316,16.765346192619862,0.8646934490062178,tangled_rope,rope
monopoly_fp_house_rule,3,0.8164888562053494,True,institutional,2.4409906380054345,3.9765346680789064,12.255137516784982,0.6755210080154113,tangled_rope,rope
monty_hall_conditional_probability,0,0.000407716043649615,False,institutional,0.006227064879193615,1.9696357724531223e-05,1.9087162260646616e-05,0.030929346044820907,mountain,mountain
moores_law,4,0.8599985665060604,True,institutional,2.1709830574213234,2.0222855850543615,3.2024779794682883,0.36852474926615286,tangled_rope,rope
moral_outsourcing,3,0.46953691893655264,True,institutional,1.8107116388569182,3.8098056960004922,6.669888908751143,0.42880522477639993,piton,piton
mrna_melanoma_therapy,5,0.8403508052544587,True,institutional,2.739943105546898,7.137176805152684,18.017843845166492,0.6038828582107332,snare,rope
msgs_asset_bundling,3,0.7987680008304695,True,institutional,2.4007618883255772,3.5366474553646463,11.983517968973365,0.7048740224263516,tangled_rope,rope
multi_agent_reward_hacking,3,0.4552844708843085,True,institutional,1.7550598478479198,3.6113376925534695,6.005199845172762,0.39863155504201614,piton,piton
multi_planetary_latency_lock,3,0.9775299965831439,True,institutional,3.041962007658302,9.687761709544173,21.046071505803397,0.539687883942008,snare,rope
mutual_defection_equilibrium,3,0.9688137827646457,True,institutional,2.980974126283426,9.862023253614613,18.866047386138032,0.4772607609975152,snare,rope
mvt_theorem_constraint,4,0.011282093257654724,False,institutional,0.08180824137060909,0.0036901990604891414,0.003048384546851106,0.1739240900334959,mountain,mountain
naming_as_control,3,0.9965682278271951,True,institutional,3.091128025786441,8.699767911006449,21.978656242961705,0.6041719832716159,snare,rope
narcissistic_ego_maintenance,0,0.53948211006211,False,institutional,1.9241370059209684,3.0152612331562874,11.897238759782523,0.7465578951521853,piton,rope
narrative_capacity_exhaustion,3,0.4487818589308444,True,institutional,1.759117868412645,3.597389383120762,6.241327572962429,0.4236179176518897,piton,piton
narrative_engineering_2026,0,0.050645793024141406,False,analytical,0.22360232534733798,0.021358909492399353,0.02982382632627349,0.2838306775685893,rope,rope
narrative_overfitting,3,0.508539248352695,True,institutional,1.880396055738723,4.058760106351756,7.032209329287015,0.4228328657043451,snare,piton
nasa_faster_better_cheaper,3,0.9724324553054429,True,institutional,2.9891095803041834,9.599489834510873,19.06754913668142,0.49655355464411827,snare,rope
nash_equilibrium_coordination,3,0.8639314346634497,True,institutional,2.4092502496251234,2.1275864346523186,14.497052079658479,0.8532400640515295,tangled_rope,rope
nato_arctic_defense_cooperation,3,0.8384307119288796,True,institutional,2.3215525366454526,1.9318854866585764,7.608219893929071,0.7460791731059047,tangled_rope,rope
ncaa_eligibility_rules,5,0.8255272370283135,True,institutional,2.6794166339117957,6.783787424111803,17.650913499029386,0.6156693292681514,snare,rope
nds_2022_pacing_challenge,3,0.831229502980362,True,institutional,2.5939739313213246,5.404044532760501,12.795722670595275,0.5776678916948504,snare,rope
necessary_day_job,3,0.8441701657536153,True,institutional,2.8145962821009793,8.507996301836625,18.873458968178813,0.5492084245828309,snare,rope
negative_emissions_arbitrage,3,0.7735776934114896,True,institutional,2.6912743474856367,9.141047064732323,18.15962956147594,0.49662810941230584,snare,rope
nero_imperial_expropriation,3,0.9954980913236762,True,institutional,3.0859714424524185,8.679466457707813,21.879975042434214,0.603314608866108,snare,rope
net_zero_stabilization,3,0.8073793336257997,True,institutional,2.4819888900030973,4.654091530655295,18.928257111004665,0.7541193833451543,tangled_rope,rope
network_effects,5,0.8000458525704046,True,institutional,2.429311782094217,3.9368869964910678,16.422656607150053,0.7602770921498148,tangled_rope,rope
neural_interoperability,3,0.7813682798938476,True,institutional,2.571685955202476,7.583156986461706,18.333885663393122,0.5863857162803827,snare,rope
neural_substrate_2026,5,0.8855468233599627,True,institutional,2.811403419274231,7.2750952816766,16.584279902700345,0.5613258263633124,snare,rope
neurodiversity_spectrum,3,0.7799060646623747,True,institutional,2.531875705280585,6.5995232712917655,17.97588269445174,0.6328679162259604,snare,rope
neuroplasticity_plateau,3,0.8607264588553929,True,institutional,2.8543379675194744,9.665605224708843,19.6142960027669,0.5072163067516999,snare,rope
new_start_expiration,5,0.8046408701276485,True,institutional,2.721533528312985,7.55343481102209,18.488707546828625,0.5914568505185894,snare,rope
news_paywall_inequality,3,0.7938412893592629,True,institutional,2.298907512310712,2.1544878716799936,11.687730186767054,0.8156624222794497,tangled_rope,rope
newtons_method_convergence,0,0.0028888008633918385,False,institutional,0.0358978478352048,0.0006944525280686122,0.0005994443343423077,0.13681020643777916,mountain,mountain
nfl_superbowl_halftime_exclusivity,3,0.81644155656559,True,institutional,2.3273200923468704,2.310438774042444,11.935769868455726,0.8064273356887893,tangled_rope,rope
nfl_superbowl_marketing_regulation,5,0.8071763472435554,True,institutional,2.6265978288913376,6.399378660219657,17.20284245872875,0.6280045768266277,snare,rope
nine_day_buffer,5,0.8620395781356462,True,institutional,2.7898142019103234,6.676359049085743,17.094082594025227,0.6094344921780545,snare,rope
no_cloning_theorem,0,0.0008107047279635759,False,institutional,0.014672047270419548,0.00011253302698555313,0.00010304908266927908,0.08427698579094998,mountain,mountain
noether_isomorphism_access,3,0.8705446649669499,True,institutional,2.4052050930544024,2.079953023578191,12.028249649523701,0.8270776643166403,tangled_rope,rope
noether_theorem,0,0.011434581841825664,False,analytical,0.08283473314507483,0.003116306067806455,0.00379882782096914,0.17966640904208267,mountain,mountain
noethers_theorem_symmetry,0,0.0014707674965513682,False,institutional,0.019235701643349597,0.00019288258822049173,0.0001776048436334022,0.07920748434599466,mountain,mountain
non_compete_agreements,3,0.962456845472311,True,institutional,2.9728827045156208,9.850070022713307,19.08135241495202,0.48378554053669387,snare,rope
noncentrosymmetric_asoc_coupling,0,0.0017948062400239234,False,institutional,0.028992972766784475,0.00045493519842339957,0.0003894707471221327,0.14389840910999446,mountain,mountain
nonstandard_arithmetic_models,4,0.16541363231707873,True,analytical,0.5890541667083965,0.12410795681266859,0.29061943259121775,0.5729536882441115,mountain,mountain
norm_erosion_threshold,3,0.6598982433427527,True,institutional,2.420843987005565,5.7176835442538065,14.643828181138815,0.6095499432574498,snare,rope
north_korea_songun_mandatrophy,3,0.995593857168162,True,institutional,3.099701328278071,10.551985295950917,21.72399648183797,0.5142705300669353,snare,rope
north_sea_wind_grid,3,0.8347369991577736,True,institutional,2.540616699306459,4.594284510879362,10.8489407554106,0.5765222970188962,tangled_rope,rope
notary_ink_dependency,0,0.2825754472210561,False,institutional,1.2068228860998844,0.6997082236313165,2.1182010562973104,0.669668645688228,piton,piton
nsl_hk,3,0.9903993872364389,True,institutional,3.081411955574506,10.27086580073298,21.579461056772814,0.5240443784155852,snare,rope
nsw_transmission_bottleneck,3,0.9941916775858701,True,institutional,3.115960836874824,9.632477907959244,22.56047862035103,0.573037519723978,snare,rope
nuclear_order_2026,5,0.8567158978345203,True,institutional,2.786264551255354,6.809165524719422,19.266258546157207,0.646575617761677,snare,rope
nuclear_site_safety_norms,3,0.8867698215866984,True,institutional,2.749221782049082,6.399359971066892,13.549725250918454,0.5277129349443364,snare,rope
nuclear_vacuum_2026,5,0.9417392647871693,True,institutional,2.988395170198366,8.444767029446814,21.228977534176774,0.6022056636570703,snare,rope
nursery_social_hierarchy,3,0.9987748506056423,True,institutional,3.092084124573812,10.19880466107518,22.989427000996155,0.5563697755218843,piton,rope
nvidia_cuda_ecosystem_lockin,5,0.8987039305814551,True,institutional,2.886929998418352,8.735648335031216,19.373538152395476,0.549093806907383,snare,rope
ny_private_school_discount,3,0.7938412893592629,True,institutional,2.298907512310712,2.1544878716799936,11.687730186767054,0.8156624222794497,tangled_rope,rope
nyc_metrocard_art_licensing,3,0.8533285439591795,True,institutional,2.3659494522675133,1.9973634794340605,11.917652065813236,0.8324029373903554,tangled_rope,rope
oc_donation_model,3,0.864162958926035,True,institutional,2.241651708347378,2.02201730922237,3.9533997865229056,0.48853710264380457,tangled_rope,rope
olympic_legacy_curling_investment,3,0.8867662407248983,True,institutional,2.3762068557897527,2.1897564582115754,5.296676058650916,0.5865791235929737,tangled_rope,rope
olympic_medal_allocation,3,0.8358966513062387,True,institutional,2.245850038178622,1.8446888410810767,5.1986289803469425,0.645158589302142,tangled_rope,rope
omega1_patching_process,3,0.843274540445555,True,institutional,2.61435857450857,5.426344186954014,12.879847497096106,0.5786949971125481,snare,rope
omelet_perfection_complexity,3,0.7621925359783143,True,institutional,1.7478323617227152,1.546478771077661,1.567045263532696,0.013124376770502724,tangled_rope,rope
ontological_friction_resolution,3,0.9257805426895462,True,institutional,2.900168151087144,9.236240187795609,18.82490242845854,0.5093605280082235,snare,rope
open_culture_newsletter,3,0.8720914305898422,True,institutional,2.369842941302992,2.079695480605469,6.576240086712382,0.6837561504471839,tangled_rope,rope
open_source_commons,0,0.00891736326621917,False,institutional,0.06030370736275145,0.001705391641838621,0.0019427686030479806,0.12218488647435542,rope,rope
openai_api_access,3,0.9891114597356053,True,institutional,3.1144072369733724,9.923559418251534,20.360359600636087,0.5126039218903822,snare,rope
openai_codex_app_constraint,3,0.9897167265135054,True,institutional,3.1131598569306673,9.7474797455078,20.59185905353447,0.526634301440855,snare,rope
openai_default_data_training,5,0.7967481908468248,True,institutional,2.45907684607239,4.447386727902414,14.550401190752929,0.6943461098015072,tangled_rope,rope
openai_health_review,5,0.8255272370283135,True,institutional,2.6794166339117957,6.783787424111803,17.650913499029386,0.6156693292681514,snare,rope
openai_implicit_translator,5,0.807825518859843,True,institutional,2.4827059679792995,4.51137668098493,14.70165130505196,0.6931380980696585,tangled_rope,rope
openai_prism_development,6,0.8282176242499791,True,institutional,2.7264821562198036,7.088178168013891,17.872265502284232,0.6033978922757186,snare,rope
openbsd_netiquette_protocol,5,0.8175064164171312,True,institutional,2.5386097583399536,5.370857979599293,18.703896684624596,0.7128481797050147,tangled_rope,rope
openclaw_data_lock_in,5,0.8456075227000485,True,institutional,2.7201237504229785,6.747453571299426,15.987999094121967,0.5779676036021202,snare,rope
openclaw_regulation,5,0.8255272370283135,True,institutional,2.6794166339117957,6.783787424111803,17.650913499029386,0.6156693292681514,snare,rope
openscholar_peer_review,3,0.9920505799486539,True,institutional,3.1142168793756557,9.565571775760432,20.975616134182435,0.5439670656361738,snare,rope
opioid_political_realignment_2026,3,0.9406590155441455,True,institutional,2.9367725969001928,8.907317552180489,19.505225138923166,0.5433368500625141,snare,rope
optimal_stopping_marriage,0,0.004133163037203902,False,institutional,0.049509112075478694,0.0013549981889576241,0.0011138723907058964,0.17795285648110093,mountain,mountain
optimization_fragility,3,0.9910100602423701,True,institutional,3.0554765667798036,9.210624949261028,20.294466064988573,0.5461509103138745,snare,rope
oral_glp1_market_access,5,0.8062978528619236,True,institutional,2.531804305789384,5.299999254926583,16.81303550886592,0.6847684493301781,tangled_rope,rope
orbital_data_center_2026,3,0.9933482263446605,True,institutional,3.0685924340223267,9.107957016297641,20.75385193723725,0.5611437797744021,snare,rope
oscar_campaign_spending,3,0.8384307119288796,True,institutional,2.3215525366454526,1.9318854866585764,7.608219893929071,0.7460791731059047,tangled_rope,rope
other_peoples_troubles_2026,0,0.5243110124881645,False,institutional,1.915051785684035,4.239564038250816,7.282965433520067,0.4178794232994577,snare,piton
overfitting_to_frameworks,3,0.548186997214114,True,institutional,2.1088422034162457,4.284360666180363,12.227287894802368,0.6496066255214634,piton,rope
overton_window,3,0.8938871033258904,True,institutional,2.763344154796506,6.470875502821373,13.591274678179333,0.523894876967625,snare,rope
p_g_golden_pear_surveillance,5,0.8071763472435554,True,institutional,2.6265978288913376,6.399378660219657,17.20284245872875,0.6280045768266277,snare,rope
p_vs_np,0,0.001107040841155267,False,institutional,0.016686669583073053,0.0001451697521570413,0.00013363495487321683,0.07945730506825133,mountain,mountain
panama_canal_ports,3,0.8516687890808908,True,institutional,2.8048768822938013,8.43055169919147,18.548941725229017,0.5454968901150408,snare,rope
pancreatic_cancer_lethality_v1,0,0.0008107047279635759,False,institutional,0.014672047270419548,0.00011253302698555313,0.00010304908266927908,0.08427698579094998,mountain,mountain
parable_fish_turtle,3,0.9621792627078616,True,institutional,3.0042313017631166,9.316843644619432,20.582642969603473,0.5473446409006568,snare,rope
pareto_principle,0,0.0008107047279635759,False,institutional,0.014672047270419548,0.00011253302698555313,0.00010304908266927908,0.08427698579094998,mountain,mountain
paris_municipal_reform_2026,3,0.9076951153509023,True,institutional,2.516486755482282,2.389037049028168,11.731973282075998,0.7963652838625095,tangled_rope,rope
parkinsons_law,3,0.8933063670962744,True,institutional,2.473445742331251,2.265313058910487,13.386742765628808,0.8307793689196148,tangled_rope,rope
participatory_observer_hypothesis,3,0.8307627217389615,True,institutional,2.29431927939969,1.901684014475377,6.622840513139265,0.7128597599923228,tangled_rope,rope
path_dependence_lock_in,3,0.9704943627119915,True,institutional,3.0154723593795705,8.660452614404468,20.90752758966807,0.5857734695189771,snare,rope
paxsilica_framework,3,0.7967212917129285,True,institutional,2.3938327662643646,3.5735005703414915,11.972075959819637,0.7015137072020944,tangled_rope,rope
pe_fund_level_leverage,3,0.9643230017644727,True,institutional,2.9904591020837703,8.848818007379132,20.217144018847495,0.5623111751526431,snare,rope
pe_rental_market_lockin,3,0.9038707954154755,True,institutional,2.879293062990201,8.630214675261243,19.076745449312757,0.5476055023016441,snare,rope
peano_curve_mapping,4,0.16161709066460184,True,analytical,0.5854581234730023,0.12191902337142745,0.28927871344438405,0.5785413246631184,mountain,mountain
pele_microreactor_deployment,5,0.8036420185591578,True,institutional,2.6214080076877293,6.66720209137305,18.439482707453756,0.6384279213712444,snare,rope
permissive_software_licensing,0,0.4900931208259139,False,analytical,1.0886724583266791,0.5265024334842908,0.6786567766154993,0.22419925413551603,rope,tangled_rope
perovskite_self_etching,5,0.7967481908468248,True,institutional,2.45907684607239,4.447386727902414,14.550401190752929,0.6943461098015072,tangled_rope,rope
perseverance_ai_drive,0,0.49809668962654163,False,analytical,1.1412616826025557,0.5554188402659928,0.7816834533470371,0.2894581075142596,rope,scaffold
perseverance_rover_autonomy,0,0.019582654125585464,False,analytical,0.10038819645871436,0.0046343587303407305,0.005500993641453216,0.1575415220591936,rope,rope
peter_principle,5,0.7873949919350431,True,institutional,2.396420365813545,3.92126009231361,16.220168554939935,0.758247882626388,tangled_rope,rope
pfas_regulatory_framework,3,0.992049615320189,True,institutional,3.069802561030841,9.091064984675874,21.173644076075192,0.5706424009012141,snare,rope
pla_aerial_carrier_doctrine,5,0.8304730160595951,True,institutional,2.7256442714139557,7.068922494278186,17.870986032683383,0.6044469800742849,snare,rope
pla_loyalty_purge,3,0.9810127069552294,True,institutional,3.063206335776314,9.919812896573454,21.67545936983357,0.5423482046069494,snare,rope
planetary_boundaries,3,0.9831952514132072,True,institutional,3.0344908142264155,9.553677610831462,20.098931744659186,0.5246673936603559,snare,rope
planetary_diet_constraint_2026,0,0.12015579548596134,False,analytical,0.2636306675549691,0.03344824038636036,0.036135458797470765,0.0743651388563107,rope,rope
planning_fallacy,5,0.8000458525704046,True,institutional,2.429311782094217,3.9368869964910678,16.422656607150053,0.7602770921498148,tangled_rope,rope
plastic_asphalt_mandate,3,0.81644155656559,True,institutional,2.3273200923468704,2.310438774042444,11.935769868455726,0.8064273356887893,tangled_rope,rope
platform_app_store_duopoly,5,0.8862651058662238,True,institutional,2.866644474862896,7.856405451900137,19.18485841778586,0.5904892660236347,snare,rope
platform_cooperativism_governance,0,0.011429869519164467,False,institutional,0.06884499020229855,0.0022249905684806268,0.0025294465847534656,0.12036467506686363,rope,rope
platonic_coparenting_decoupling,3,0.9109010209899087,True,institutional,2.5254117994373955,2.425115133280945,12.220349097223867,0.8015510756700178,tangled_rope,rope
plekha7_synaptic_pruning,0,0.000855698308329652,False,institutional,0.01507368227230614,0.00011877653873516396,0.0001087696493943697,0.0842497133470661,mountain,mountain
pna,3,0.8734565675153569,True,institutional,2.4457871113436465,2.2364063116073103,19.1807746706094,0.8834037545400006,tangled_rope,rope
po_investigation_protocol_bias,5,0.9188293365870537,True,institutional,2.950912992299252,8.176339814432335,20.11204107961983,0.5934604656949671,snare,rope
poetic_verse_and_past,3,0.7844506798240536,True,institutional,2.7326180208084385,8.964692761080457,18.123672861520895,0.5053600432110116,snare,rope
poincare_conjecture,0,0.00018182318172393734,False,institutional,0.002882194410337045,4.185051354012292e-06,4.122348749396973e-06,0.014982517372266975,mountain,mountain
polar_bear_biobanking,5,0.9283544183246101,True,institutional,2.8329863092037906,6.9623706019357785,13.952384794007644,0.5009906403293851,snare,rope
policy_implementation_gap,3,0.8323057893552961,True,institutional,2.4394780946835652,3.6897490651631135,12.34027120243623,0.7009993536904863,tangled_rope,rope
policy_lag_catastrophe,3,0.5303119949338219,True,institutional,2.021272981895835,4.352990586685287,9.319223171413704,0.5329019912262764,snare,piton
politeness_face_negotiation,3,0.7951022179382183,True,institutional,2.362175714530301,3.046605667768487,18.178650617039995,0.8324074909656545,tangled_rope,rope
political_art_factional_alignment,3,0.8699494376537403,True,institutional,2.8397870789028636,8.280563864223362,19.041466048505427,0.5651299199793859,snare,rope
political_dissident_containment,3,0.992580839083844,True,institutional,3.087544496296831,10.099920825456861,21.700307834777025,0.5345724631025429,snare,rope
portugal_ad_stability_2026,3,0.8641372973100727,True,institutional,2.317002887400665,2.0125654606243737,5.296907471865915,0.6200489679470619,tangled_rope,rope
portugal_polarization_threshold_2026,5,0.8523966995892098,True,institutional,2.571085891357449,5.389166284499893,17.476731604485323,0.691637635316389,tangled_rope,rope
portuguese_presidential_term_limits,0,0.0016720787342735521,False,institutional,0.013515521982336262,8.894185878491594e-05,9.38634675267027e-05,0.052433698343678135,rope,rope
postman_survival_protocol,3,0.04244988667943517,False,analytical,0.19197317314332993,0.016036496339389264,0.021502426827559772,0.2542006319567983,rope,rope
power_set_axiomatic_extraction,3,0.8129795255792641,True,institutional,2.3512999612229195,2.5482014469467305,8.124085472457525,0.686339901815939,tangled_rope,rope
power_without_responsibility,3,0.40242249700555816,True,institutional,1.6673366263010883,3.1934347423123706,5.753092959156801,0.4449186263834654,piton,piton
prestige_signal_inflation,3,0.4729454298874264,True,institutional,1.93023365586567,4.008987627123192,8.865153534555976,0.5477813653766587,piton,piton
price_signal_corruption,3,0.4457230591084232,True,institutional,1.8278659483874933,3.7176292838080567,7.577290437100846,0.5093722070352021,piton,piton
prime_age_male_unwork,3,0.8057828347771808,True,institutional,2.7551747039306154,7.930897031228507,18.583554864092413,0.573230359356445,snare,rope
prime_number_theorem,0,0.0015771433731534318,False,institutional,0.02717800188395624,0.0003997901214675885,0.0003422109411635781,0.14402351937222252,mountain,mountain
prisoners_dilemma_equilibrium,0,0.004305228460052879,False,institutional,0.051693339851671384,0.0014842625174867972,0.0012090920530080673,0.18539204570405626,mountain,mountain
private_credit_market_opacity,3,0.22161622270521064,True,analytical,0.6885767566091077,0.3208054756732387,0.18293547271279123,0.4297620003870416,snare,snare
private_identity_integration,3,0.8391749251839042,True,institutional,2.3098028660285697,1.9071329159688168,7.468630347622838,0.744647568938014,tangled_rope,rope
procedural_compliance_theater,0,0.4037179637636468,False,institutional,1.75747663060915,3.2006607672118297,7.3478210183924375,0.5644068140472925,piton,piton
procedural_legitimacy_decay,3,0.4597575234400036,True,institutional,1.8291213456566346,3.0206458959345026,10.105356444954348,0.7010846759945093,piton,piton
project_vault_2026,5,0.9778199792266022,True,institutional,3.058679946387478,8.691173738139542,21.29830633001597,0.5919312266679646,snare,rope
project_vault_extraction_2026,3,0.9899440479286176,True,institutional,3.08408739044235,8.426859221258088,22.296341937566034,0.6220519381674857,snare,rope
proof_of_work_consensus,5,0.9177011644971763,True,institutional,2.8373990608970363,7.198011340859747,15.256961334097552,0.5282146173646636,snare,rope
protocol_capture_eee,5,0.9188293365870537,True,institutional,2.950912992299252,8.176339814432335,20.11204107961983,0.5934604656949671,snare,rope
protocol_drift_accumulation,3,0.43936959859981334,True,institutional,1.8441611414679102,3.7058583732581196,8.022811983314057,0.5380848534197723,piton,piton
public_domain_commons,0,0.0,False,powerless,2.9802322387695312e-08,0.0,0.0,0.0,rope,rope
publishing_embargo,3,0.8358966513062387,True,institutional,2.245850038178622,1.8446888410810767,5.1986289803469425,0.645158589302142,tangled_rope,rope
pythagorean_geometric_constancy,0,0.000407716043649615,False,institutional,0.006227064879193615,1.9696357724531223e-05,1.9087162260646616e-05,0.030929346044820907,mountain,mountain
qualified_immunity,3,0.962456845472311,True,institutional,2.9728827045156208,9.850070022713307,19.08135241495202,0.48378554053669387,snare,rope
quantum_entanglement_protocol,3,0.5094941245482948,True,analytical,1.1563777654775906,0.762220585731454,0.6034997792232364,0.20823474133265962,rope,tangled_rope
quantum_measurement_gap,0,0.0008502061608019378,False,institutional,0.015025336218571422,0.00011801595273047574,0.00010807297664285505,0.0842511190866578,mountain,mountain
quantum_nonlocality_2026,0,0.0,False,powerless,0.0,0.0,0.0,0.0,mountain,mountain
quellcrist_falconer_justice,3,0.9930649370400391,True,institutional,3.0669454666336358,9.721521738931365,20.188326114026903,0.5184582573105541,snare,rope
quine_self_replication,4,0.35680501206374854,True,institutional,0.7615301867623608,0.3187631581506527,0.2689644999497771,0.1562246355249747,rope,mountain
qwerty_vs_dvorak,3,0.8215682415850729,True,institutional,2.3880911175511024,2.927513522670379,7.753620866435395,0.6224327223241886,tangled_rope,rope
raac_school_maintenance,5,0.8794277918681316,True,institutional,2.8626527334640426,7.77517949676029,19.19669858635009,0.5949730907225438,snare,rope
radiologic_diagnostic_threshold,3,0.7799482288166827,True,institutional,2.6493410192347726,7.850874798734342,18.058438063530403,0.5652517249213576,snare,rope
rafah_crossing_lifeline,0,0.2541842856635702,False,analytical,0.6039156210145322,0.16101983503298875,0.20932789955953296,0.2307769992829139,rope,rope
railway_gauge_standard,0,0.5634107951859483,False,analytical,1.6014758010072523,2.6836017467332676,0.8169933502272675,0.6955608814825863,rope,piton
ramsey_numbers,0,0.009349768808456949,False,analytical,0.07527759149658289,0.002574233638416722,0.0031337823907559305,0.1785537993926357,mountain,mountain
rare_earth_coop_2026,0,0.005132369328614272,False,institutional,0.03117021728292412,0.00047064848377064046,0.0005016879992466401,0.06187015739385858,rope,rope
rare_earth_dependency,5,0.8046408701276485,True,institutional,2.721533528312985,7.55343481102209,18.488707546828625,0.5914568505185894,snare,rope
rare_earth_export_restrictions,5,0.8071763472435554,True,institutional,2.6265978288913376,6.399378660219657,17.20284245872875,0.6280045768266277,snare,rope
rare_earth_hydrogen_extraction,3,0.7938412893592629,True,institutional,2.298907512310712,2.1544878716799936,11.687730186767054,0.8156624222794497,tangled_rope,rope
rare_earth_seabed_mining,3,0.8126291770466298,True,institutional,2.3733417576112203,2.3098567166180692,18.613135467300477,0.8759017941562818,tangled_rope,rope
rational_inertia_trap,3,0.8968832629293935,True,institutional,2.921364524816361,8.033374800693416,20.57715466317779,0.6095973941883762,snare,rope
recipe_scaling_ai,3,0.9567666008068804,True,institutional,2.7121324157373157,3.1597779132028405,12.930632549229726,0.7556362458547268,tangled_rope,rope
reciprocity_laws_math,0,0.000855698308329652,False,institutional,0.01507368227230614,0.00011877653873516396,0.0001087696493943697,0.0842497133470661,mountain,mountain
regional_military_deterrence_mideast,3,0.929214561465024,True,institutional,2.9292264574869407,8.738366628290793,19.685914236556606,0.5561107031512051,snare,rope
regulatory_capture,3,0.9950516261060713,True,institutional,3.0219964962292183,5.788654700359618,22.884858302788196,0.7470530678507914,piton,rope
regulatory_pathway_psychedelic_therapy,3,0.7349303765233937,True,institutional,2.4860653927354512,3.744401423278573,11.372111230537286,0.6707382343197794,snare,rope
relativity_of_simultaneity,0,0.0,False,powerless,0.0,0.0,0.0,0.0,mountain,mountain
relativity_physical_invariance,0,0.000407716043649615,False,institutional,0.006227064879193615,1.9696357724531223e-05,1.9087162260646616e-05,0.030929346044820907,mountain,mountain
rent_seeking_equilibrium,3,0.46953691893655264,True,institutional,1.8107116388569182,3.8098056960004922,6.669888908751143,0.42880522477639993,piton,piton
repair_probe_incomplete,3,0.9908987749018507,True,institutional,3.0885719214097564,12.236377210277313,8.426124836586428,0.3113872928411082,tangled_rope,rope
reputational_cascade_failure,3,0.38976841488087577,True,institutional,1.6569041682843595,3.131099005501125,5.861476496558983,0.4658173572240276,piton,piton
requirement_invasive_diabetes_testing,3,0.9729579868240436,True,institutional,3.0054745332992927,9.33531731438542,19.852467157182687,0.5297653817798725,snare,rope
responsibility_dilution,3,0.398936241088082,True,institutional,1.646791215554092,3.1830603686978893,5.465592755475979,0.4176184521781685,piton,piton
responsibility_without_power,3,0.42546675002950185,True,institutional,1.7032713947085165,3.3689260575118447,5.820197298371175,0.4211663480111468,piton,piton
rfc9293_state_machine,3,0.5253672431947571,True,institutional,1.1446781516704636,0.7255864893680418,0.5998524509945031,0.17328607990351122,tangled_rope,rope
rices_theorem_undecidability,0,0.000855698308329652,False,institutional,0.01507368227230614,0.00011877653873516396,0.0001087696493943697,0.0842497133470661,mountain,mountain
riot_incentive_loop_2026,0,0.43360419632097247,False,institutional,1.6993276945142115,3.503658356090145,5.505809985657604,0.3636434302642076,piton,piton
risk_socialization_threshold,3,0.450187086010205,True,institutional,1.855246935752958,3.7269210713330327,7.991516854206172,0.533640341461403,piton,piton
ritual_transition_scaffold,5,0.932443773661945,True,institutional,2.587921963408761,3.8674183059727785,5.426079117697186,0.2872536094508513,piton,rope
ritual_without_belief,3,0.5623068295143656,True,institutional,1.9863157227745136,4.498377177523611,7.731548349984536,0.4181790019417509,snare,piton
rn_proteus_adoption,0,0.4407461894931681,False,institutional,1.0348679459778656,0.6519209118363373,0.45034417296415835,0.309204284158297,tangled_rope,rope
robustness_vs_efficiency_tradeoff,3,0.9927355887945318,True,institutional,3.0657542167928935,9.307918289095095,20.556759663980237,0.547208877214023,snare,rope
roc_african_exarchate,3,0.9874300122723944,True,institutional,3.0622936770052935,8.711306208805981,21.630114711125945,0.5972602861729105,snare,rope
rogers_commission_institutional_analysis,3,0.9852082546669176,True,institutional,3.0337600620145064,9.771911816427107,19.62031470008425,0.5019492823738885,snare,rope
rogue_wave_control_2026,0,0.09199012505823656,False,analytical,0.33676719642471664,0.04768661368179147,0.06873041598786733,0.3061788875218015,rope,rope
roman_bath_system,3,0.7987680008304695,True,institutional,2.4007618883255772,3.5366474553646463,11.983517968973365,0.7048740224263516,tangled_rope,rope
roman_colosseum_games,5,0.9123177325745931,True,institutional,2.892398855844007,8.100649615093575,19.347784801157097,0.5813138455721756,snare,rope
roman_monumental_construction,3,0.7967212917129285,True,institutional,2.3938327662643646,3.5735005703414915,11.972075959819637,0.7015137072020944,tangled_rope,rope
roman_road_network,5,0.8094079203663441,True,institutional,2.62667673849289,6.355346686625792,17.211580449495433,0.6307517078240132,snare,rope
rosen_bridge_protocol,3,0.9710148720997981,True,institutional,2.7909752207065845,3.5786741951787335,13.493834037537027,0.7347918919690571,tangled_rope,rope
rotation_seven_black_soil,3,0.9886876370638759,True,institutional,2.9283657708531083,4.4819549593779175,22.246592923227386,0.7985329719995745,tangled_rope,rope
rotation_seven_isolation,3,0.9760378593704957,True,institutional,3.003820656304231,10.037388072348753,19.15346407192087,0.4759492050806807,snare,rope
rotation_seven_kubo_ranking,3,0.9774532971969387,True,institutional,3.0456122419717215,9.767665592488912,21.17570852909813,0.5387325255697163,snare,rope
royal_navy_middle_east_withdrawal,3,0.7853851282855159,True,institutional,2.5028768923828477,6.290368296711845,18.217295050654872,0.6547034958142307,tangled_rope,rope
rule_update_failure,0,0.8773340212732162,False,institutional,2.6935273172263203,6.455580294564163,19.956134671421555,0.676511488779991,snare,rope
rules_based_international_order,3,0.7844506798240536,True,institutional,2.7326180208084385,8.964692761080457,18.123672861520895,0.5053600432110116,snare,rope
russells_paradox_self_reference,3,0.9571236723593095,True,institutional,3.079620692767115,11.182471213409189,22.224417580480726,0.49683850328520934,snare,rope
russian_war_cannibalization,3,0.9767946124208042,True,institutional,3.005840144123096,9.571940217539955,19.336321143616345,0.5049761458528518,snare,rope
sa_renewable_price_differential,3,0.8058651817280609,True,institutional,2.2915519537113007,1.943771140052868,8.42732189650047,0.7693488911512876,tangled_rope,rope
sadhu_integrity_protocol,4,0.8644879179618943,True,institutional,2.1750682403290504,2.0605532159890294,3.1510470696604873,0.34607348908594826,tangled_rope,rope
sapir_whorf_hypothesis,5,0.8201182057945249,True,institutional,2.6442402241024823,6.420638468166422,17.37954630473385,0.6305635167002279,snare,rope
sat_csp_complexity,3,0.8705423307848815,True,institutional,2.4014367818502396,2.144398096412443,7.630313920468724,0.7189633193648847,tangled_rope,rope
satellite_d2m_standard,3,0.8444530412934933,True,institutional,2.343680970964103,1.964058654504134,10.09997653346849,0.8055382952627865,tangled_rope,rope
scam_compound_2026,3,0.9841195341357162,True,institutional,3.0844482446181596,8.719612508501777,22.389804404580246,0.6105543241495214,snare,rope
scam_doubt_manufacturing,3,0.9801081194228658,True,institutional,3.0211006167844587,9.125402700619338,20.04708321666704,0.5448014755067947,snare,rope
scientific_paradigm_lifecycle,3,0.780836020984268,True,institutional,2.548574823170581,5.304432540664662,12.76274840985805,0.5843816417655404,snare,rope
scurvy_maritime_extraction,3,0.9843640799442736,True,institutional,3.027567397454416,10.165699979572913,19.225603308711147,0.47124156176847665,snare,rope
second_order_unintended_consequences,0,0.4525792889567052,False,institutional,1.802224366526158,3.7039364311304834,6.9410774999661635,0.4663744308936848,piton,piton
seedance_export_restriction,5,0.8255272370283135,True,institutional,2.6794166339117957,6.783787424111803,17.650913499029386,0.6156693292681514,snare,rope
self_surpassing,3,0.962456845472311,True,institutional,2.9728827045156208,9.850070022713307,19.08135241495202,0.48378554053669387,snare,rope
semantic_attack_surface,3,0.4702259164445695,True,institutional,1.7893139528345554,3.754861077975254,6.255308258595855,0.399732047926585,piton,piton
semantic_overload_friction,5,0.949876042139882,True,institutional,3.0067602423416697,8.558399792428991,20.612610202175887,0.5847978636143054,snare,rope
semiconductor_fabrication_chokepoint,6,0.8918072649160562,True,institutional,2.864252156751562,7.8927379120966865,19.106524269074043,0.5869087542587781,snare,rope
semiconductor_mission_2026,3,0.81644155656559,True,institutional,2.3273200923468704,2.310438774042444,11.935769868455726,0.8064273356887893,tangled_rope,rope
shadow_fleet_sanctions_evasion,5,0.8255272370283135,True,institutional,2.6794166339117957,6.783787424111803,17.650913499029386,0.6156693292681514,snare,rope
shadow_pricing_failure,0,0.9109130203428161,False,institutional,2.9080978044841457,7.703706660839086,19.987483021571435,0.6145734481662908,snare,rope
shannon_entropy_limit,0,0.0015449480478560169,False,institutional,0.02025445186319985,0.00021440252808467588,0.00019643037209999187,0.08382436599621676,mountain,mountain
shannon_source_coding,0,0.011106229271895418,False,analytical,0.08205113643871725,0.003060055350094184,0.003720826967312581,0.1775873006251749,mountain,mountain
shield_east_fortification,5,0.8867698215866984,True,institutional,2.749221782049082,6.399359971066892,13.549725250918454,0.5277129349443364,snare,rope
ship_of_theseus,5,0.9677919013224272,True,institutional,2.643682999129286,3.697566190942406,4.438763868974817,0.16698290332880428,piton,rope
shitty_feedback_handling,3,0.9316980996256247,True,institutional,2.577228828138784,2.719926198714186,7.559462765192846,0.6401958335931034,tangled_rope,rope
shobies_existential_commitment,3,0.8049498700673602,True,institutional,2.401705823399908,3.093201615137366,18.480301759578964,0.8326216933371202,tangled_rope,rope
shock_propagation_asymmetry,3,0.39597264780759356,True,institutional,1.6492306309771434,3.1700009632158603,5.578068253100487,0.4317027294433226,piton,piton
sig_usd_protocol,3,0.9431701678043642,True,institutional,2.572122389191007,6.089909717407703,3.0861978082522534,0.4932276582967213,tangled_rope,rope
signal_without_control,3,0.5344159134362917,True,institutional,1.9108379794906825,2.960996134773814,11.778643960120673,0.7486131557419554,piton,rope
silent_dependency_activation,3,0.9775071776847838,True,institutional,3.0201096786829527,9.383270860781352,20.104105094382298,0.5332659266985564,snare,rope
silicon_lexicon_overload,3,0.962456845472311,True,institutional,2.9728827045156208,9.850070022713307,19.08135241495202,0.48378554053669387,snare,rope
silklink_2026,0,0.6713170973613645,False,analytical,1.5894951640704431,1.3830720063364725,1.2173352756312448,0.11983232250086297,rope,tangled_rope
silver_scarcity_2026,0,6.126451833399216e-06,False,institutional,0.001546727255547006,1.1218557157028635e-06,1.2781533146867749e-06,0.1222839210194544,rope,rope
sk_ai_act_2026,5,0.8282176242499791,True,institutional,2.7264821562198036,7.088178168013891,17.872265502284232,0.6033978922757186,snare,rope
sk_dantongbeop,5,0.8794277918681316,True,institutional,2.8626527334640426,7.77517949676029,19.19669858635009,0.5949730907225438,snare,rope
sk_newtro_aesthetic,3,0.8164888562053494,True,institutional,2.4409906380054345,3.9765346680789064,12.255137516784982,0.6755210080154113,tangled_rope,rope
skills_based_hiring,3,0.5915328914407888,True,institutional,1.4800872553448337,1.5572006002334906,0.8411571750959375,0.4598273498161944,tangled_rope,rope
skolems_paradox,4,0.09463456261751879,True,analytical,0.3193009529109476,0.04341751435002011,0.0619685781328604,0.29936242434136345,mountain,mountain
sleep_debt_externality,3,0.969393428496498,True,institutional,2.9901828204611367,9.952063094852608,19.403791563040954,0.48710729743105297,snare,rope
slow_crisis_invisibility,3,0.7935317702807104,True,institutional,2.7341012309039923,8.989194194550606,18.04307289988798,0.5017925026170894,snare,rope
sludge_bureaucratic_friction,3,0.7912990343107191,True,institutional,2.6658129219095965,7.914219562372358,18.330577521773467,0.5682503972953568,snare,rope
sm_addictive_design,0,0.01966378253977341,False,analytical,0.20537232592223245,0.03185792438250491,0.015037900886326819,0.5279698480738115,snare,snare
smartphone_ubiquity,3,0.7986206844860424,True,institutional,2.4753168987453207,4.954874258025979,18.510912312926568,0.7323268473069324,tangled_rope,rope
social_credit_architecture,3,0.9625862623205822,True,institutional,2.9671459613590274,9.778316711509042,18.836519389643918,0.48088516199627424,snare,rope
social_loafing,3,0.8592471345396405,True,institutional,2.41015632625301,2.1563842047874227,16.51453536590665,0.8694250757281881,tangled_rope,rope
social_media_participation_threshold,3,0.7979807657927394,True,institutional,2.3532420670547496,2.509218023809417,18.230704813017667,0.8623630819792713,tangled_rope,rope
social_narrative_casting,3,0.8961042364098211,True,institutional,2.274794143321564,2.609624784992276,2.963196903934815,0.11932116913089118,tangled_rope,rope
soe_property_bailout,5,0.8794277918681316,True,institutional,2.8626527334640426,7.77517949676029,19.19669858635009,0.5949730907225438,snare,rope
soft_authoritarian_drift,3,0.44818275343126207,True,institutional,1.810975674863746,3.701199919240238,7.208018300819752,0.48651629827031534,piton,piton
solar_system_weirdness,0,0.2334592844533172,False,analytical,0.7474717098133667,0.20478354866521833,0.4173190145846475,0.5092877594637357,rope,rope
somatic_focusing_awareness,3,0.4477652756031241,True,analytical,1.0443332282293774,0.6597944840899598,0.46170397654519524,0.30023062077881185,rope,tangled_rope
sorites_paradox,3,0.8267197300214554,True,institutional,2.4005321155934216,2.964228827315755,7.779187530036019,0.6189539311308992,tangled_rope,rope
south_china_sea_arbitration_2016_2026,5,0.8305912518720923,True,institutional,2.580553173489675,5.542206566916182,17.213853770159677,0.6780380128171164,tangled_rope,rope
sovereignty_as_arbitrage,3,0.9748818456534601,True,institutional,2.826223204139922,3.9341319169006246,12.53152201767872,0.6860611255878906,tangled_rope,rope
spain_digital_offensive_2026,3,0.9829237920775161,True,institutional,3.036557985588202,8.909044414061087,20.68847133930084,0.5693715466962981,snare,rope
spv_variations_us_cold,0,0.0005203023530185183,False,institutional,0.006849008979441292,2.3793886409580563e-05,2.312268945697985e-05,0.02820879872446804,mountain,mountain
square_cube_law,0,0.00019189450521363456,False,institutional,0.0029609222185362377,4.416791355694471e-06,4.350643854874804e-06,0.014976369833359806,mountain,mountain
st_petersburg_paradox,3,0.8819192360713212,True,institutional,2.472202443628502,2.3109995561897727,19.371139440575423,0.8806988322354916,tangled_rope,rope
stable_marriage_coordination,3,0.8879695895354048,True,institutional,2.4355967838632795,2.2229073411616684,7.632667255424974,0.7087640182949518,tangled_rope,rope
star_formation_barrier_g0253,0,0.000855698308329652,False,institutional,0.01507368227230614,0.00011877653873516396,0.0001087696493943697,0.0842497133470661,mountain,mountain
star_to_black_hole_observational_limit,0,0.006564881698847502,False,analytical,0.063074072304093,0.0018056103979284678,0.0022022899936482844,0.18012141764431416,mountain,mountain
start_treaty,5,0.8071763472435554,True,institutional,2.6265978288913376,6.399378660219657,17.20284245872875,0.6280045768266277,snare,rope
starwars_evolutionary_mutation,3,0.9729579868240436,True,institutional,3.0054745332992927,9.33531731438542,19.852467157182687,0.5297653817798725,snare,rope
statecraft_virtu,3,0.9627358212872246,True,institutional,3.022579687204518,9.583377583519578,21.146927775843533,0.5468193921545984,snare,rope
status_flattening_effect,3,0.9734119143316758,True,institutional,3.0499791023737615,8.333815006993627,21.793108151964578,0.617594014177259,snare,rope
steinmetz_valuation_asymmetry,3,0.8088068381073056,True,institutional,2.6877221906323925,9.182843342783414,19.07137953387838,0.5185013582016434,snare,rope
sti_clinical_testing_bottleneck,5,0.8326667032833892,True,institutional,2.632897770451538,5.875836753194064,14.163283899548418,0.5851359900099573,snare,rope
stoic_logos_governance,3,0.9728664367170788,True,institutional,3.01018718632263,9.410932899123969,20.048042554713692,0.5305809595405476,snare,rope
strait_coercion_2025,5,0.9285535404734618,True,institutional,2.947949757238107,8.3400471705935,19.97303689496559,0.5824346986163282,snare,rope
strange_attractor_dynamics,5,0.8432092461972942,True,institutional,2.4690875050948518,3.3639606860006217,13.583469126051618,0.7523489283345952,tangled_rope,rope
strange_attractor_systemic_risk,5,0.8255272370283135,True,institutional,2.6794166339117957,6.783787424111803,17.650913499029386,0.6156693292681514,snare,rope
strategic_deep_sea_rare_earth_mining,5,0.8071763472435554,True,institutional,2.6265978288913376,6.399378660219657,17.20284245872875,0.6280045768266277,snare,rope
streaming_bundling_mandate,5,0.8255272370283135,True,institutional,2.6794166339117957,6.783787424111803,17.650913499029386,0.6156693292681514,snare,rope
structural_extraction_without_actor,0,0.4620409624948555,False,institutional,1.9273989147427013,3.6454730807513815,10.230547423301836,0.6436678381013915,piton,piton
sts86_ascent_checklist,0,0.004736331255449568,False,analytical,0.02418421711741856,0.00028687040894991104,0.00029822818111322304,0.03808416803843228,rope,rope
student_loan_default_cliff,5,0.8255272370283135,True,institutional,2.6794166339117957,6.783787424111803,17.650913499029386,0.6156693292681514,snare,rope
student_loan_interest_accrual,5,0.8255272370283135,True,institutional,2.6794166339117957,6.783787424111803,17.650913499029386,0.6156693292681514,snare,rope
sturgeons_law,0,0.015417902596632671,False,institutional,0.09785296060904437,0.005297192953830909,0.00434825563525313,0.17913965506797547,mountain,mountain
suanne_coup_of_peace,3,0.9641275173550532,True,institutional,2.984810497350424,9.931469599376411,19.468496408073907,0.4898697161195424,snare,rope
suanne_face_restoration,3,0.8909669724857263,True,institutional,2.8584252000120585,9.558979876765946,18.62982921901439,0.4868992214373255,snare,rope
subscription_economy_model,5,0.8837541029472608,True,institutional,2.8119877724490783,7.28227290050673,16.61195157538478,0.5616244805759343,snare,rope
sunk_cost_fallacy,5,0.8026720957669293,True,institutional,2.3782840277332777,3.0178566054746874,13.106935177451794,0.769751161151206,tangled_rope,rope
superbowl_advertising_extraction,3,0.8781006471521088,True,institutional,2.4350355544173676,2.15639698694982,16.703530819184394,0.8709017266892369,tangled_rope,rope
suslin_hypothesis_proof_limits,0,0.029810426642820853,False,analytical,0.1344279159076598,0.008244383073282647,0.009958948510657668,0.17216329972387767,mountain,mountain
suslin_hypothesis_undecidability,0,0.00231821712062361,False,institutional,0.024810896794411893,0.00032163112245488977,0.00029482436413063424,0.08334628228652004,mountain,mountain
swift_legacy_piton,0,0.7233540712167473,False,institutional,2.3841410714620785,4.5475189135935095,12.324031589251366,0.6310039551051043,snare,rope
swift_piton_snap,0,0.006899504126229788,False,institutional,0.04957651234017909,0.001161931130509929,0.001301870936476151,0.10749130504826017,rope,rope
sylow_theorems_group_theory,0,0.001227204450182139,False,institutional,0.01805173368361732,0.0001703234565888212,0.00015601264192465506,0.08402139641114705,mountain,mountain
synthetic_data_feedback_loop,3,0.5403090532824767,True,institutional,2.11538731018521,4.556194477355373,10.974329034766994,0.5848316135846469,snare,piton
systemic_blindspot,3,0.5068386032401802,True,institutional,2.061959090923039,4.3392215399167045,10.644456060474935,0.5923491519656763,snare,piton
tail_risk_compression,3,0.9884683188438997,True,institutional,3.088297760215913,8.75975563754403,22.101786016389283,0.6036629966895729,snare,rope
taiwan_existential_sovereignty,3,0.9554463945140165,True,institutional,2.972171050216413,9.119511513459416,19.799357300853444,0.5394036596800885,snare,rope
taiwan_grand_bargain,3,0.9585954308617798,True,institutional,3.0002894518773937,8.887773475479973,20.897408781091244,0.5746949505279352,snare,rope
taiwan_ids_program,5,0.8304730160595951,True,institutional,2.7256442714139557,7.068922494278186,17.870986032683383,0.6044469800742849,snare,rope
taiwan_storm_2026,3,0.9946194686799436,True,institutional,3.0749962488069755,9.001301956412288,20.973104090255426,0.5708168939763907,snare,rope
taiwan_strait_hegemony_shift,3,0.9930649370400391,True,institutional,3.0669454666336358,9.721521738931365,20.188326114026903,0.5184582573105541,snare,rope
taiwan_university_application_system,5,0.8336510847230483,True,institutional,2.56258406921197,5.3959299551164985,15.251812610117215,0.6462105788306673,snare,rope
taliban_slavery_law_2024,3,0.9933962763881093,True,institutional,3.092747940990465,10.502077788241852,21.72324227729505,0.516551090570005,snare,rope
targeted_dream_incubation,3,0.012050011940529577,False,institutional,0.07695165952199125,0.0027525013098098194,0.0031953891856418976,0.13860217022143728,rope,rope
taxonomy_drift,0,0.5074099323952949,False,institutional,1.9233586217907686,3.2919914597904247,11.200816965812583,0.7060936296130609,piton,rope
tcp_rfc9293_interoperability,3,0.5283656453271914,True,institutional,1.1612155148059016,0.748280839185519,0.6219718514793502,0.16879890689657687,tangled_rope,rope
teaching_horses_to_sing,3,0.8611592777080306,True,institutional,2.4710366303481663,2.480545174623739,19.389803526311642,0.8720696075513256,tangled_rope,rope
tear_gas_repression_2026,3,0.6562226103980371,True,institutional,2.311475378026066,5.386602106748535,12.402275060917601,0.5656762908183719,snare,rope
technocratic_overreach,3,0.9435398578300981,True,institutional,2.9539332357196604,8.616058514398992,20.056798831913795,0.5704170647267315,snare,rope
technological_point_of_no_return,3,0.9891142026896257,True,institutional,3.0870085090296366,10.740436923549066,21.883704288812964,0.5092038906301791,snare,rope
temporal_scale_arbitrage,3,0.8580256389602304,True,institutional,2.4711926857185533,2.5101590846251907,19.39274610392186,0.8705619580035882,tangled_rope,rope
temporal_scarcity,0,0.04043476557281089,False,analytical,0.23207413738153512,0.022022016845191842,0.033701281006130776,0.3465525289324847,rope,rope
terrain_inaccessibility_wheeled_vehicles,0,0.0015449480478560169,False,institutional,0.02025445186319985,0.00021440252808467588,0.00019643037209999187,0.08382436599621676,mountain,mountain
texas_insurance_market_instability,5,0.8255272370283135,True,institutional,2.6794166339117957,6.783787424111803,17.650913499029386,0.6156693292681514,snare,rope
thai_article_112_mountain,0,0.0030083322063132537,False,analytical,0.015065698501242095,0.0001123578764705469,0.00011465753212512353,0.02005673427600949,rope,rope
thai_senate_veto_2026,3,0.5223593997637032,True,institutional,1.9153143221903108,4.212352116680162,7.350479029876541,0.42692821793535374,snare,piton
the_bacchae_madness_protocol,3,0.9960969476051416,True,institutional,3.0866674219440164,9.823539042347207,20.7322919264711,0.5261720663982904,snare,rope
the_calm_protocol_suppression,3,0.9728664367170788,True,institutional,3.01018718632263,9.410932899123969,20.048042554713692,0.5305809595405476,snare,rope
the_churn_systemic_upheaval,3,0.9998105552921173,True,institutional,3.1245723092773905,9.677534827210675,22.85509482008878,0.5765699112871551,snare,rope
the_wall_procedural_barrier,3,0.986062807442485,True,institutional,3.0629810473196626,9.889717793630245,21.204107267415054,0.5335942386582786,snare,rope
theatrical_neutrality,3,0.49477524053746347,True,institutional,1.950404411342175,4.088414341708515,8.78854443854537,0.5348018809830123,piton,piton
theory_of_visitors,3,0.8049498700673602,True,institutional,2.401705823399908,3.093201615137366,18.480301759578964,0.8326216933371202,tangled_rope,rope
thermodynamics_entropy,0,0.0015449480478560169,False,institutional,0.02025445186319985,0.00021440252808467588,0.00019643037209999187,0.08382436599621676,mountain,mountain
three_body_problem_predictability_limit,0,0.029810426642820853,False,analytical,0.1344279159076598,0.008244383073282647,0.009958948510657668,0.17216329972387767,mountain,mountain
three_body_unpredictability,0,0.000855698308329652,False,institutional,0.01507368227230614,0.00011877653873516396,0.0001087696493943697,0.0842497133470661,mountain,mountain
tiktok_us_divestiture_mandate,3,0.8470939660980806,True,institutional,2.6452371626628333,5.808582912016025,13.103440221721655,0.5567131368762914,snare,rope
toxic_social_infection,3,0.9843640799442736,True,institutional,3.027567397454416,10.165699979572913,19.225603308711147,0.47124156176847665,snare,rope
toxoplasma_hub_2026,3,0.9997548751343288,True,institutional,3.119101832009039,9.057593412905304,22.97629620924772,0.6057853132455824,snare,rope
tractarian_logic_limit,3,0.9572154937526167,True,institutional,3.0354041870635218,9.99961706208143,21.65178498657569,0.5381620005795695,snare,rope
trade_secret_law,3,0.8164888562053494,True,institutional,2.4409906380054345,3.9765346680789064,12.255137516784982,0.6755210080154113,tangled_rope,rope
tragedy_of_the_commons,3,0.8736167845410343,True,institutional,2.4711559146756747,2.3715630531471317,19.378162928624743,0.8776167244602975,tangled_rope,rope
trajans_bridge_lifecycle,0,0.26746860371321823,False,analytical,0.7292659543553025,0.2151584142998108,0.3380627102310452,0.3635547258295268,rope,rope
transformer_self_attention,3,0.8715229047310806,True,institutional,2.508938615103536,2.604745244300937,19.749874244074825,0.8681133250718096,tangled_rope,rope
transient_event_detection,3,0.8381976497012513,True,institutional,2.3420397658771037,1.986946081363789,10.096512742403606,0.803204717108021,tangled_rope,rope
traveling_salesperson_problem,5,0.8233915439571209,True,institutional,2.656031946035358,6.850506884214784,18.88630541255862,0.6372764956104396,snare,rope
treaty_land_entrenchment,0,0.0017262888760466604,False,institutional,0.027749517269264213,0.0004151377222759498,0.0003580632936054826,0.13748311851200262,mountain,mountain
trillion_bond_rush_2026,3,0.9609588291135532,True,institutional,2.9916564779401944,7.761576377524312,10.704623303566105,0.2749323206040661,tangled_rope,rope
trivial_topology_info_asymmetry,3,0.7938412893592629,True,institutional,2.298907512310712,2.1544878716799936,11.687730186767054,0.8156624222794497,tangled_rope,rope
trojan_war_spoils,5,0.9964794773044952,True,institutional,3.1147580103032553,11.436447616849392,22.34627636820939,0.4882168541905581,snare,rope
trump_critical_minerals,3,0.7843284355885068,True,institutional,2.4283406122294084,4.673752047956538,17.93930919342113,0.7394686719781529,tangled_rope,rope
trump_epa_greenhouse_gas_reversal,5,0.7573203172055774,True,institutional,2.5498486026284097,4.798115236446476,16.116278428818244,0.7022814381348271,snare,rope
trump_indian_tariffs_2026,5,0.8071763472435554,True,institutional,2.6265978288913376,6.399378660219657,17.20284245872875,0.6280045768266277,snare,rope
trump_making_china_great_2026,3,0.8734565675153569,True,institutional,2.4457871113436465,2.2364063116073103,19.1807746706094,0.8834037545400006,tangled_rope,rope
trump_second_term_authoritarianism_2026,5,0.9911722459802995,True,institutional,3.0761272845141243,9.97391375614566,21.23197922273967,0.5302409798205014,snare,rope
tsp_computational_complexity,3,0.8041805162656965,True,institutional,2.3555578360608442,2.632580841011993,11.287001652883902,0.7667599490127344,tangled_rope,rope
tsp_duplicate_elimination,3,0.09199012505823656,True,analytical,0.33676719642471664,0.04768661368179147,0.06873041598786733,0.3061788875218015,rope,rope
two_domain_ancestry,0,0.0009226803228983742,False,institutional,0.015652638797280412,0.00012807274780014376,0.00011728813796198838,0.08420690602332244,mountain,mountain
tx_hispanic_pivot,3,0.7799482288166827,True,institutional,2.6493410192347726,7.850874798734342,18.058438063530403,0.5652517249213576,snare,rope
ua_mobilization_protector_cert,3,0.9365027229419755,True,institutional,2.9689542767228736,9.02713090610371,20.54301541176878,0.5605742036813055,snare,rope
ua_wartime_mobilization,3,0.9911722459802995,True,institutional,3.0761272845141243,9.97391375614566,21.23197922273967,0.5302409798205014,snare,rope
udhr_1948,3,0.03519669204281439,False,analytical,0.13777419210098052,0.008765335863570013,0.010313077577886843,0.15007563965537077,rope,rope
uk_artist_resale_right,3,0.8849716706480178,True,institutional,2.749105542776682,6.426048940441357,13.578652434722535,0.5267535588429202,snare,rope
uk_graduate_visa_salary_threshold,3,0.9873629360712687,True,institutional,3.0481906513790453,8.972530500616315,20.70269703344843,0.5666008884678264,snare,rope
uk_help_to_buy_scheme,5,0.8133867511057072,True,institutional,2.562111227037718,5.785640714692806,17.052570851608984,0.6607173918208992,snare,rope
uk_hicbc_2024,3,0.8441701657536153,True,institutional,2.8145962821009793,8.507996301836625,18.873458968178813,0.5492084245828309,snare,rope
uk_hicbc_trap,5,0.8094079203663441,True,institutional,2.62667673849289,6.355346686625792,17.211580449495433,0.6307517078240132,snare,rope
uk_necc_formation,3,0.8097849579996876,True,institutional,2.4265863755820463,3.6018824769892483,12.099967844977868,0.7023229711734961,tangled_rope,rope
uk_ssp_eligibility,3,0.8699494376537403,True,institutional,2.8397870789028636,8.280563864223362,19.041466048505427,0.5651299199793859,snare,rope
uk_student_visa_dependents,5,0.8644379751618342,True,institutional,2.7882111707816515,7.433862551204705,18.58050114631683,0.5999105464021188,snare,rope
uk_unpaid_care_system,3,0.991657367592334,True,institutional,3.0735447278521084,9.810470124765603,21.057817209581977,0.5341174240841293,snare,rope
ukr_mobilization,3,0.9038707954154755,True,institutional,2.879293062990201,8.630214675261243,19.076745449312757,0.5476055023016441,snare,rope
ukraine_tight_gas_pilot,3,0.7987680008304695,True,institutional,2.4007618883255772,3.5366474553646463,11.983517968973365,0.7048740224263516,tangled_rope,rope
ulysses_aeolus_1904,0,0.38287835477378,False,institutional,1.7336767614121134,2.6669865969547484,7.350597899411558,0.6371741954258918,piton,piton
ulysses_calypso_1904,0,0.8763754964114963,False,institutional,2.567341015084748,4.383759690047125,12.565819220168123,0.6511361803605136,piton,rope
ulysses_circe_1904,0,0.5008505455738116,False,institutional,1.9633247520463046,3.9294138745132035,8.977664311495529,0.5623122297542634,snare,piton
ulysses_cyclops_1904,0,0.2897284107064187,False,institutional,1.5141207684680866,2.274296931165452,5.82172445235344,0.6093430821436311,piton,piton
ulysses_eumaeus_1904,0,0.4360143198780481,False,institutional,1.7030591607285088,2.0905814325140284,6.779706347547668,0.6916413004716309,piton,piton
ulysses_hades_1904,0,0.2665010413930412,False,institutional,1.2634193536839118,1.0745841867488943,4.552378184643705,0.7639510288548231,piton,piton
ulysses_ithaca_1904,0,0.30128825286923455,False,institutional,1.3442955281445796,1.1741039066447567,4.445061721440266,0.7358633062435116,piton,piton
ulysses_lestrygonians_1904,0,0.753442545327946,False,institutional,2.540239799688615,5.446508719830697,13.705366371209545,0.6026002828153492,snare,rope
ulysses_lotus_1904,0,0.43498712789240335,False,institutional,1.71817650143536,2.200589821496862,7.117527426898711,0.6908210268104698,piton,piton
ulysses_nausicaa_1904,0,0.3404949527739231,False,institutional,1.6062243861873973,2.217762460532521,5.96623062195562,0.628280802225245,piton,piton
ulysses_oxen_1904,0,0.365773185324485,False,institutional,1.6680527589869736,2.4985806520483775,7.99007088230622,0.6872893008269286,piton,piton
ulysses_penelope_1904,0,0.34208859140660197,False,institutional,1.4934403823568874,1.6597510188994027,6.14636557666257,0.7299622031593124,piton,piton
ulysses_proteus_1904,0,0.8620395781356462,False,institutional,2.7898142019103234,6.676359049085743,17.094082594025227,0.6094344921780545,snare,rope
ulysses_rocks_1904,0,0.4707626185044881,False,institutional,1.865528933316275,2.80439701443108,7.786806820142609,0.6398527561802644,piton,piton
ulysses_school_1904,0,0.6663906991462625,False,institutional,2.271978863387657,4.141016986609036,11.416928416959827,0.6372914994844355,piton,rope
ulysses_scylla_1904,0,0.3768120854429447,False,institutional,1.643457830336423,2.209999426291241,6.8379639930136396,0.6768044656934139,piton,piton
ulysses_sirens_1904,0,0.324300036406566,False,institutional,1.5882195905012462,2.5028811657528265,6.084549118207825,0.5886496900381604,piton,piton
ulysses_tower_1904,0,0.5824532333450259,False,institutional,1.9391282910585226,2.430846069789597,9.304398826320243,0.7387422750072546,piton,rope
un_high_seas_treaty_2026,3,0.8123346313693784,True,institutional,2.2814959257137355,1.9015506292410567,7.437034675524549,0.7443133302176063,tangled_rope,rope
unclos_2026,4,0.8711509747855221,True,institutional,2.2236772962260773,2.9335214716545317,2.39064633300965,0.1850592006537097,tangled_rope,rope
unconditional_university_offers_uk,5,0.8644379751618342,True,institutional,2.7882111707816515,7.433862551204705,18.58050114631683,0.5999105464021188,snare,rope
uneven_risk_distribution,0,0.0023480363547565683,False,institutional,0.024970247822867074,0.00032577192223502753,0.00029862709463314386,0.0833246383409927,mountain,mountain
union_protection_underperformance,3,0.7979807657927394,True,institutional,2.3532420670547496,2.509218023809417,18.230704813017667,0.8623630819792713,tangled_rope,rope
universal_mathematics_communication,0,0.00413288825481295,False,institutional,0.0495062024798097,0.0013548252931773856,0.0011137504912713324,0.17793792536945915,mountain,mountain
unrequited_love_protocol,3,0.999271605794763,True,institutional,3.1214237066890522,9.499369301260158,22.919145683009177,0.5855269025885901,snare,rope
unrwa_eviction_order,3,0.9893539027782322,True,institutional,3.0617504582037767,9.046288062856103,21.16342677019544,0.5725508840753504,snare,rope
us_ai_chip_export_controls,5,0.8304730160595951,True,institutional,2.7256442714139557,7.068922494278186,17.870986032683383,0.6044469800742849,snare,rope
us_arms_transfer_policy,5,0.8255272370283135,True,institutional,2.6794166339117957,6.783787424111803,17.650913499029386,0.6156693292681514,snare,rope
us_canada_geopolitical_asymmetry,3,0.8849716706480178,True,institutional,2.749105542776682,6.426048940441357,13.578652434722535,0.5267535588429202,snare,rope
us_china_chip_tariffs_v2,5,0.829538279122317,True,institutional,2.6706884903111017,6.410379278656869,15.605164751915636,0.5892142517835351,snare,rope
us_debt_ceiling,5,0.9509313947917196,True,institutional,2.980074583297404,8.069935416103037,16.45984930647812,0.5097199697370896,snare,rope
us_embargo_cuba,5,0.9243124998578667,True,institutional,2.9109484811112085,8.647004837230918,19.40514753858196,0.554396336330932,snare,rope
us_employer_health_insurance,5,0.8324321364512902,True,institutional,2.617472044931076,6.19900486522385,17.465605587204497,0.6450735799412926,snare,rope
us_foreign_policy_america_first,3,0.9801081194228658,True,institutional,3.0211006167844587,9.125402700619338,20.04708321666704,0.5448014755067947,snare,rope
us_greenland_envoy,3,0.9510541376148924,True,institutional,2.9683744468582454,8.698231925385723,20.19822114964636,0.5693565358582077,snare,rope
us_iran_drone_conflict,5,0.8046408701276485,True,institutional,2.721533528312985,7.55343481102209,18.488707546828625,0.5914568505185894,snare,rope
us_isolationism_policy_2026,3,0.9290075702985661,True,institutional,2.9134111103270515,8.90235460119786,19.112961946651144,0.53422422824644,snare,rope
us_israel_faa_502b_nonenforcement,3,0.9963377765417739,True,institutional,3.0924800714792506,8.558753596569245,22.183287774976726,0.6141801123716332,snare,rope
us_labor_mobility,3,0.8075615646340074,True,institutional,2.308887865290806,2.0312901852069754,11.804359540034776,0.8279203392341783,tangled_rope,rope
us_legal_standard_reasonable_doubt,3,0.8849716706480178,True,institutional,2.749105542776682,6.426048940441357,13.578652434722535,0.5267535588429202,snare,rope
us_military_recruitment_advertising,5,0.8644379751618342,True,institutional,2.7882111707816515,7.433862551204705,18.58050114631683,0.5999105464021188,snare,rope
us_sanctions_belarus_2022,3,0.9255503834109229,True,institutional,2.928293443946584,8.785750366662393,19.746421458904,0.5550712626615822,snare,rope
us_sanctions_icc_israel_case,5,0.8751619480352509,True,institutional,2.8713869962955307,8.270720623848133,19.69504473467698,0.5800608358463938,snare,rope
us_sanctions_moex_2024,3,0.9728664367170788,True,institutional,3.01018718632263,9.410932899123969,20.048042554713692,0.5305809595405476,snare,rope
us_sdf_alliance_abandonment_2026,3,0.9510541376148924,True,institutional,2.9683744468582454,8.698231925385723,20.19822114964636,0.5693565358582077,snare,rope
us_suburban_zoning_2025,3,0.8300546132029731,True,institutional,2.7792473257266077,8.798463170177245,18.292906252553625,0.5190232186889926,snare,rope
us_taiwan_arms_sales,5,0.8345020608369568,True,institutional,2.687571306749757,6.538458897655205,15.737700007614759,0.5845352945797962,snare,rope
us_tariffs_2025,3,0.831229502980362,True,institutional,2.5939739313213246,5.404044532760501,12.795722670595275,0.5776678916948504,snare,rope
us_two_party_duopoly,3,0.9729579868240436,True,institutional,3.0054745332992927,9.33531731438542,19.852467157182687,0.5297653817798725,snare,rope
us_usmca_china_leverage,6,0.8304730160595951,True,institutional,2.7256442714139557,7.068922494278186,17.870986032683383,0.6044469800742849,snare,rope
us_vaccine_recommendation_dismantling_2026,3,0.9873629360712687,True,institutional,3.0481906513790453,8.972530500616315,20.70269703344843,0.5666008884678264,snare,rope
us_venezuela_blockade,3,0.9903993872364389,True,institutional,3.081411955574506,10.27086580073298,21.579461056772814,0.5240443784155852,snare,rope
us_venezuela_oil_pressure,3,0.9781900647846354,True,institutional,3.0364867457621405,8.892457731942036,21.13683710950694,0.5792909939234768,snare,rope
us_venezuela_plausible_deniability_2025,3,0.9708124838540034,True,institutional,3.01150964096913,9.25383993038706,20.381381143767253,0.5459660037211492,snare,rope
us_visa_lottery,5,0.8133867511057072,True,institutional,2.562111227037718,5.785640714692806,17.052570851608984,0.6607173918208992,snare,rope
us_wind_project_ban_2025,3,0.9743479903108121,True,institutional,3.005911808297057,9.264023324875767,19.787666634383097,0.5318284113004725,snare,rope
usc_26_469_passive_loss,5,0.8854275023343446,True,institutional,2.9034225078220652,8.251664480353172,20.34128031906582,0.594338982064029,snare,rope
utopia_apocalypse_fragility,3,0.7912990343107191,True,institutional,2.6658129219095965,7.914219562372358,18.330577521773467,0.5682503972953568,snare,rope
value_alignment_drift,3,0.9647676721619701,True,institutional,3.0236181652455483,8.641631812648441,21.478748955851525,0.5976659613457527,snare,rope
value_extraction_plateau,3,0.4890275137154976,True,institutional,1.8350490403309967,3.8766778641104342,6.661085695453063,0.4180111108979275,piton,piton
van_der_waerden_theorem,0,0.001227204450182139,False,institutional,0.01805173368361732,0.0001703234565888212,0.00015601264192465506,0.08402139641114705,mountain,mountain
venezuela_oil_privatization_v1,3,0.9873629360712687,True,institutional,3.0481906513790453,8.972530500616315,20.70269703344843,0.5666008884678264,snare,rope
verification_bottleneck,5,0.9787665765366563,True,institutional,3.021317685593259,8.950847565518117,20.341431100157134,0.5599696244848292,snare,rope
vertebrate_turning_point_2026,0,0.010000952787918207,False,institutional,0.06514679614506287,0.001993456622519459,0.002264009051728612,0.11950147858401061,rope,rope
vienna_quantum_superposition_2026,5,0.900000906978559,True,institutional,2.9341614617979137,8.65803302591087,20.71377559772246,0.5820156984387315,snare,rope
viral_emergence_covid19_exemplar,3,0.21262668170657473,True,analytical,0.5373760681380807,0.12651384384618075,0.16643749552980075,0.23987174017811172,rope,rope
viral_transmission_rates,3,0.9790279431886694,True,institutional,3.0275948182956194,8.857385581596457,20.67852809634391,0.5716626666884237,snare,rope
visa_ipo_regulatory_compliance,3,0.9234937845673376,True,institutional,2.781204361632155,6.093092975289517,11.565787884959944,0.4731796021252538,snare,rope
visa_judgment_sharing_agreement,3,0.8176902363804147,True,institutional,2.378416448001491,2.9038520397345544,7.73547164711907,0.6246056902275585,tangled_rope,rope
visibility_bias_governance,5,0.6998774917573751,True,institutional,2.3516415509642576,4.645060860214982,14.899613775594181,0.6882428678907322,snare,rope
vision_of_the_cross,3,0.9771837194677758,True,institutional,3.02678857206924,9.426079938213615,20.4589294476838,0.5392681732288411,snare,rope
vns_implant_for_trd,5,0.8918072649160562,True,institutional,2.864252156751562,7.8927379120966865,19.106524269074043,0.5869087542587781,snare,rope
weierstrass_proof_limits,0,0.006225037835123848,False,analytical,0.06141987902571202,0.0017119490894886972,0.002088553351082027,0.18031823864983898,mountain,mountain
whitehead_incompleteness,0,0.0011683021729888285,False,institutional,0.01714126913046493,0.00015318512941952874,0.0001410172590251763,0.07943245170376986,mountain,mountain
whitehead_problem_undecidability,0,0.0011404866148118338,False,institutional,0.01740228178639312,0.0001582930347207082,0.00014498468549700477,0.08407413028112483,mountain,mountain
wikipedia_crowdsourcing_2026,0,0.010933016293350428,False,institutional,0.06810318306885685,0.0021789678248629266,0.0024735581437244324,0.11909577286828664,rope,rope
wikipedia_noncommercial_model,0,0.19490454396966717,False,analytical,0.4086730559080079,0.08059186573368084,0.08660771534254037,0.06946089716217976,rope,rope
wikipedia_notability_requirement_2026,3,0.8405130652443559,True,institutional,2.433266077262271,3.0776729714394233,7.8486750069813604,0.6078735622634588,tangled_rope,rope
winners_curse,3,0.9582927837393087,True,institutional,3.0308998638290814,9.619795639359825,22.01243642827494,0.5629836038048376,snare,rope
womens_sizing_chaos,0,0.5663859080070526,False,institutional,1.2648046803259825,0.7607233314504753,0.892593781551537,0.14773848174456242,piton,rope
working_dog_training,3,0.8746291030211921,True,institutional,2.3357557069215527,2.092896741719938,5.203107909696493,0.5977602659711088,tangled_rope,rope
world_factbook_sunset_2026,0,0.8983132005344909,False,institutional,2.871629709950024,7.481876464778504,19.549261441935712,0.6172808631670911,snare,rope
worldscale_vlsfo_benchmark,3,0.9253029413293936,True,institutional,2.9356989205559882,8.860002206095043,19.94605655092514,0.5558018105747274,snare,rope
wpl_scotland,5,0.7967481908468248,True,institutional,2.45907684607239,4.447386727902414,14.550401190752929,0.6943461098015072,tangled_rope,rope
xi_mao_ideological_centralization,3,0.5451150885760933,True,institutional,1.9995336634692054,4.460563383692939,8.480663130396618,0.474031297422336,snare,piton
yangtze_fishing_ban,5,0.8255272370283135,True,institutional,2.6794166339117957,6.783787424111803,17.650913499029386,0.6156693292681514,snare,rope
yc_equity_squeeze,3,0.7938412893592629,True,institutional,2.298907512310712,2.1544878716799936,11.687730186767054,0.8156624222794497,tangled_rope,rope
yt_ai_slop_incentive,3,0.9743479903108121,True,institutional,3.005911808297057,9.264023324875767,19.787666634383097,0.5318284113004725,snare,rope
zipfs_law,3,0.9874779757647857,True,institutional,3.0808087940725177,8.855444517060462,22.079246929386148,0.5989245219557557,snare,rope
zombie_reasoning_2026,3,0.49685635522642246,True,institutional,1.8338498525194977,3.9929282443357135,6.398183962935331,0.3759278777436316,piton,piton
