a_level_grading_inflation	six(shift(tangled_rope,tangled_rope,tangled_rope,tangled_rope),[asymmetric,coordination,enforcement,has_beneficiaries],[drifting_without_limit,no_exit_for_victims,unaccountable_extraction],actors(distributed,distributed),drift(rising,unknown,rising),zone(extreme,extreme))
abel_ruffini_theorem	six(shift(mountain,mountain,mountain,mountain),[has_temporal_data,natural],[],actors(none,none),drift(stable,unknown,stable),zone(negligible,negligible))
absorbing_markov_chains	six(shift(mountain,mountain,mountain,mountain),[has_temporal_data,natural],[],actors(none,none),drift(stable,unknown,stable),zone(negligible,negligible))
abstraction_boundary_overrun	six(shift(tangled_rope,tangled_rope,tangled_rope,tangled_rope),[asymmetric,coordination,enforcement,has_beneficiaries],[drifting_without_limit,no_exit_for_victims,unaccountable_extraction],actors(distributed,distributed),drift(rising,unknown,rising),zone(extreme,high))
academic_citation_metrics_as_career_incentive	six(shift(naturalized,tangled_rope,rope,snare),[asymmetric,coordination,enforcement,has_beneficiaries],[drifting_without_limit,no_exit_for_victims,unaccountable_extraction],actors(distributed,distributed),drift(rising,unknown,rising),zone(extreme,extreme))
academic_fashion_modernism_2026	six(shift(tangled_rope,tangled_rope,tangled_rope,tangled_rope),[asymmetric,coordination,enforcement,has_beneficiaries],[drifting_without_limit,no_exit_for_victims,unaccountable_extraction],actors(distributed,distributed),drift(rising,unknown,rising),zone(extreme,extreme))
academic_journal_peer_review_gatekeeping	six(shift(tangled_rope,tangled_rope,tangled_rope,tangled_rope),[asymmetric,coordination,enforcement,has_beneficiaries],[drifting_without_limit,no_exit_for_victims,unaccountable_extraction],actors(distributed,distributed),drift(rising,unknown,rising),zone(extreme,extreme))
academic_peer_review_gatekeeping	six(shift(tangled_rope,tangled_rope,tangled_rope,tangled_rope),[asymmetric,coordination,enforcement,has_beneficiaries],[drifting_without_limit,no_exit_for_victims,unaccountable_extraction],actors(distributed,distributed),drift(rising,unknown,rising),zone(extreme,extreme))
academic_publishing_peer_review	six(shift(tangled_rope,tangled_rope,tangled_rope,tangled_rope),[asymmetric,coordination,enforcement,has_beneficiaries],[drifting_without_limit,no_exit_for_victims,unaccountable_extraction],actors(distributed,distributed),drift(rising,unknown,rising),zone(extreme,extreme))
academic_tenure_system	six(shift(tangled_rope,tangled_rope,tangled_rope,tangled_rope),[asymmetric,coordination,enforcement,has_beneficiaries],[drifting_without_limit,no_exit_for_victims,unaccountable_extraction],actors(distributed,distributed),drift(rising,unknown,rising),zone(extreme,extreme))
access_arbitrage	six(shift(tangled_rope,tangled_rope,tangled_rope,tangled_rope),[asymmetric,coordination,enforcement,has_beneficiaries],[drifting_without_limit,no_exit_for_victims,unaccountable_extraction],actors(distributed,distributed),drift(rising,unknown,rising),zone(extreme,extreme))
acip_hep_b_infant_mandate	six(shift(tangled_rope,tangled_rope,tangled_rope,tangled_rope),[coordination,has_beneficiaries],[],actors(distributed,none),drift(rising,unknown,rising),zone(low,moderate))
ackermann_function_bounds	six(shift(mountain,mountain,mountain,mountain),[has_temporal_data,natural],[],actors(none,none),drift(stable,unknown,stable),zone(negligible,negligible))
ackermann_function_computability	six(shift(mountain,mountain,mountain,mountain),[has_temporal_data,natural],[],actors(none,none),drift(stable,unknown,stable),zone(negligible,negligible))
acquisition_overpayment_trap	six(shift(tangled_rope,tangled_rope,tangled_rope,tangled_rope),[asymmetric,coordination,enforcement,has_beneficiaries],[drifting_without_limit,no_exit_for_victims,unaccountable_extraction],actors(distributed,distributed),drift(rising,unknown,rising),zone(extreme,extreme))
ad_fus_coordination	six(shift(tangled_rope,tangled_rope,tangled_rope,tangled_rope),[asymmetric,coordination,enforcement,has_beneficiaries],[no_exit_for_victims],actors(distributed,distributed),drift(rising,unknown,rising),zone(low,high))
ad_synaptic_deficit	six(shift(unknown,tangled_rope,tangled_rope,tangled_rope),[asymmetric,enforcement,has_victims],[coercion_without_coordination,drifting_without_limit,no_exit_for_victims,unaccountable_extraction,undocumented_coordination],actors(none,distributed),drift(rising,unknown,rising),zone(extreme,extreme))
adaptive_lag_trap	six(shift(tangled_rope,tangled_rope,naturalized,tangled_rope),[asymmetric,coordination,enforcement,has_beneficiaries],[drifting_without_limit,no_exit_for_victims,unaccountable_extraction],actors(distributed,distributed),drift(rising,unknown,rising),zone(extreme,high))
administrative_extraction_mechanism	six(shift(naturalized,tangled_rope,rope,snare),[asymmetric,coordination,enforcement,has_beneficiaries],[drifting_without_limit,no_exit_for_victims,unaccountable_extraction],actors(distributed,distributed),drift(rising,unknown,rising),zone(extreme,extreme))
administrative_opacity	six(shift(tangled_rope,tangled_rope,tangled_rope,tangled_rope),[asymmetric,coordination,enforcement,has_beneficiaries],[drifting_without_limit,no_exit_for_victims,unaccountable_extraction],actors(distributed,distributed),drift(rising,unknown,rising),zone(extreme,extreme))
adolescent_neural_development_harm	six(shift(tangled_rope,tangled_rope,tangled_rope,tangled_rope),[asymmetric,coordination,enforcement,has_beneficiaries],[drifting_without_limit,no_exit_for_victims,unaccountable_extraction],actors(distributed,distributed),drift(rising,unknown,rising),zone(extreme,extreme))
adversarial_surface_inflation	six(shift(tangled_rope,tangled_rope,tangled_rope,tangled_rope),[asymmetric,coordination,enforcement,has_beneficiaries],[drifting_without_limit,no_exit_for_victims,unaccountable_extraction],actors(distributed,distributed),drift(rising,unknown,rising),zone(extreme,extreme))
adversarial_truth_decay	six(shift(tangled_rope,tangled_rope,tangled_rope,tangled_rope),[asymmetric,coordination,enforcement,has_beneficiaries],[drifting_without_limit,no_exit_for_victims,unaccountable_extraction],actors(distributed,distributed),drift(rising,unknown,rising),zone(extreme,extreme))
advertising_market_concentration	six(shift(tangled_rope,snare,rope,snare),[asymmetric,coordination,enforcement,has_beneficiaries],[drifting_without_limit,no_exit_for_victims,unaccountable_extraction],actors(distributed,distributed),drift(rising,unknown,rising),zone(extreme,extreme))
advice_as_dangerous_gift	six(shift(tangled_rope,tangled_rope,tangled_rope,tangled_rope),[asymmetric,coordination,enforcement,has_beneficiaries],[drifting_without_limit,no_exit_for_victims,unaccountable_extraction],actors(concentrated,distributed),drift(rising,unknown,rising),zone(extreme,extreme))
aesthetic_gatekeeping_enforcement	six(shift(naturalized,tangled_rope,rope,snare),[asymmetric,coordination,enforcement,has_beneficiaries],[drifting_without_limit,no_exit_for_victims,unaccountable_extraction],actors(distributed,distributed),drift(rising,unknown,rising),zone(extreme,extreme))
afghan_labor_trafficking	six(shift(snare,snare,rope,snare),[asymmetric,coordination,enforcement,has_beneficiaries],[drifting_without_limit,no_exit_for_victims,unaccountable_extraction],actors(distributed,distributed),drift(rising,unknown,rising),zone(extreme,extreme))
african_fiscal_squeeze_constraint	six(shift(tangled_rope,tangled_rope,tangled_rope,tangled_rope),[asymmetric,coordination,enforcement,has_beneficiaries],[drifting_without_limit,no_exit_for_victims,unaccountable_extraction],actors(distributed,distributed),drift(rising,unknown,rising),zone(extreme,extreme))
african_state_sovereignty_religious_sphere	six(shift(tangled_rope,tangled_rope,tangled_rope,tangled_rope),[asymmetric,coordination,enforcement,has_beneficiaries],[drifting_without_limit,no_exit_for_victims,unaccountable_extraction],actors(distributed,distributed),drift(rising,unknown,rising),zone(extreme,extreme))
age_related_capacity_erosion	six(shift(mountain,scaffold,scaffold,mountain),[asymmetric,coordination,has_beneficiaries,natural],[],actors(distributed,distributed),drift(stable,unknown,stable),zone(negligible,negligible))
agentive_optimism_2026	six(shift(tangled_rope,tangled_rope,rope,snare),[asymmetric,coordination,enforcement,has_beneficiaries],[drifting_without_limit,no_exit_for_victims,unaccountable_extraction],actors(distributed,distributed),drift(rising,unknown,rising),zone(extreme,extreme))
agg1_genetic_determinism	six(shift(naturalized,tangled_rope,naturalized,snare),[asymmetric,coordination,enforcement,has_beneficiaries],[drifting_without_limit,no_exit_for_victims,unaccountable_extraction],actors(distributed,distributed),drift(rising,unknown,rising),zone(extreme,extreme))
aging_well_assessment	six(shift(tangled_rope,tangled_rope,tangled_rope,tangled_rope),[asymmetric,coordination,enforcement,has_beneficiaries],[drifting_without_limit,no_exit_for_victims,unaccountable_extraction],actors(distributed,distributed),drift(rising,unknown,rising),zone(extreme,high))
agricultural_commodity_financialization	six(shift(tangled_rope,tangled_rope,tangled_rope,tangled_rope),[asymmetric,coordination,enforcement,has_beneficiaries],[drifting_without_limit,no_exit_for_victims,unaccountable_extraction],actors(distributed,distributed),drift(rising,unknown,rising),zone(extreme,extreme))
agricultural_consolidation_enforcement	six(shift(tangled_rope,tangled_rope,tangled_rope,tangled_rope),[asymmetric,coordination,enforcement,has_beneficiaries],[drifting_without_limit,no_exit_for_victims,unaccountable_extraction],actors(distributed,distributed),drift(rising,unknown,rising),zone(extreme,extreme))
agricultural_land_use_boundary	six(shift(tangled_rope,tangled_rope,tangled_rope,tangled_rope),[asymmetric,coordination,enforcement,has_beneficiaries],[drifting_without_limit,no_exit_for_victims,unaccountable_extraction],actors(distributed,distributed),drift(rising,unknown,rising),zone(extreme,high))
agricultural_monoculture_fragility	six(shift(tangled_rope,tangled_rope,tangled_rope,tangled_rope),[asymmetric,coordination,enforcement,has_beneficiaries],[drifting_without_limit,no_exit_for_victims,unaccountable_extraction],actors(distributed,distributed),drift(rising,unknown,rising),zone(extreme,extreme))
agricultural_subsidy_lock_in	six(shift(tangled_rope,tangled_rope,tangled_rope,tangled_rope),[asymmetric,coordination,enforcement,has_beneficiaries],[drifting_without_limit,no_exit_for_victims,unaccountable_extraction],actors(distributed,distributed),drift(rising,unknown,rising),zone(extreme,extreme))
agricultural_trade_protectionism	six(shift(tangled_rope,tangled_rope,tangled_rope,tangled_rope),[asymmetric,coordination,enforcement,has_beneficiaries],[drifting_without_limit,no_exit_for_victims,unaccountable_extraction],actors(distributed,distributed),drift(rising,unknown,rising),zone(extreme,high))
agricultural_water_pollution	six(shift(tangled_rope,tangled_rope,tangled_rope,tangled_rope),[asymmetric,coordination,enforcement,has_beneficiaries],[drifting_without_limit,no_exit_for_victims,unaccountable_extraction],actors(distributed,distributed),drift(rising,unknown,rising),zone(extreme,extreme))
agrochemical_industry_market_structure	six(shift(tangled_rope,tangled_rope,tangled_rope,tangled_rope),[asymmetric,coordination,enforcement,has_beneficiaries],[drifting_without_limit,no_exit_for_victims,unaccountable_extraction],actors(distributed,distributed),drift(rising,unknown,rising),zone(extreme,extreme))
ai_adoption_stigma	six(shift(tangled_rope,tangled_rope,tangled_rope,tangled_rope),[asymmetric,coordination,enforcement,has_beneficiaries],[drifting_without_limit,no_exit_for_victims,unaccountable_extraction],actors(distributed,distributed),drift(rising,unknown,rising),zone(extreme,extreme))
ai_alignment_principal_agent	six(shift(naturalized,tangled_rope,snare,snare),[asymmetric,coordination,enforcement,has_beneficiaries],[drifting_without_limit,no_exit_for_victims,unaccountable_extraction],actors(distributed,distributed),drift(rising,unknown,rising),zone(extreme,extreme))
ai_as_fourth_node	six(shift(tangled_rope,tangled_rope,tangled_rope,tangled_rope),[coordination,has_beneficiaries],[],actors(distributed,none),drift(stable,unknown,stable),zone(negligible,low))
ai_as_measurement_bypass	six(shift(naturalized,tangled_rope,rope,snare),[asymmetric,coordination,enforcement,has_beneficiaries],[drifting_without_limit,no_exit_for_victims,unaccountable_extraction],actors(distributed,distributed),drift(rising,unknown,rising),zone(extreme,extreme))
ai_auditability_gap	six(shift(tangled_rope,snare,rope,snare),[asymmetric,coordination,enforcement,has_beneficiaries],[drifting_without_limit,no_exit_for_victims,unaccountable_extraction],actors(distributed,distributed),drift(rising,unknown,rising),zone(extreme,extreme))
ai_banal_capture	six(shift(tangled_rope,tangled_rope,tangled_rope,tangled_rope),[asymmetric,coordination,enforcement,has_beneficiaries],[drifting_without_limit,no_exit_for_victims,unaccountable_extraction],actors(distributed,distributed),drift(rising,unknown,rising),zone(extreme,extreme))
ai_capability_acceleration	six(shift(tangled_rope,tangled_rope,tangled_rope,tangled_rope),[asymmetric,coordination,enforcement,has_beneficiaries],[drifting_without_limit,no_exit_for_victims,unaccountable_extraction],actors(distributed,distributed),drift(rising,unknown,rising),zone(extreme,extreme))
ai_capability_assessment_bottleneck	six(shift(tangled_rope,tangled_rope,tangled_rope,tangled_rope),[asymmetric,coordination,enforcement,has_beneficiaries],[drifting_without_limit,no_exit_for_victims,unaccountable_extraction],actors(distributed,distributed),drift(rising,unknown,rising),zone(extreme,extreme))
ai_capability_inflation_in_procurement	six(shift(tangled_rope,tangled_rope,tangled_rope,tangled_rope),[asymmetric,coordination,enforcement,has_beneficiaries],[drifting_without_limit,no_exit_for_victims,unaccountable_extraction],actors(distributed,distributed),drift(rising,unknown,rising),zone(extreme,extreme))
ai_capability_scaling_constraint	six(shift(tangled_rope,tangled_rope,tangled_rope,tangled_rope),[asymmetric,coordination,enforcement,has_beneficiaries],[drifting_without_limit,no_exit_for_victims,unaccountable_extraction],actors(distributed,distributed),drift(rising,unknown,rising),zone(extreme,extreme))
ai_capex_productivity_puzzle	six(shift(tangled_rope,tangled_rope,naturalized,tangled_rope),[asymmetric,coordination,enforcement,has_beneficiaries],[drifting_without_limit,no_exit_for_victims,unaccountable_extraction],actors(distributed,distributed),drift(rising,unknown,rising),zone(extreme,high))
ai_deployment_liability_framework	six(shift(naturalized,tangled_rope,rope,snare),[asymmetric,coordination,enforcement,has_beneficiaries],[drifting_without_limit,no_exit_for_victims,unaccountable_extraction],actors(distributed,distributed),drift(rising,unknown,rising),zone(extreme,extreme))
ai_driven_surveillance_sensor_layer	six(shift(tangled_rope,tangled_rope,tangled_rope,tangled_rope),[asymmetric,coordination,enforcement,has_beneficiaries],[drifting_without_limit,no_exit_for_victims,unaccountable_extraction],actors(distributed,distributed),drift(rising,unknown,rising),zone(extreme,extreme))
ai_evaluators_matching	six(shift(tangled_rope,tangled_rope,naturalized,snare),[asymmetric,coordination,enforcement,has_beneficiaries],[drifting_without_limit,no_exit_for_victims,unaccountable_extraction],actors(distributed,distributed),drift(rising,unknown,rising),zone(extreme,extreme))
ai_governance_policy_capture	six(shift(naturalized,snare,snare,snare),[asymmetric,coordination,enforcement,has_beneficiaries],[drifting_without_limit,no_exit_for_victims,unaccountable_extraction],actors(distributed,distributed),drift(rising,unknown,rising),zone(extreme,extreme))
ai_infrastructure_moat	six(shift(snare,snare,naturalized,snare),[asymmetric,coordination,enforcement,has_beneficiaries],[drifting_without_limit,no_exit_for_victims,unaccountable_extraction],actors(distributed,distributed),drift(rising,unknown,rising),zone(extreme,extreme))
ai_jailbreak_vulnerability	six(shift(tangled_rope,tangled_rope,tangled_rope,tangled_rope),[asymmetric,coordination,enforcement,has_beneficiaries],[drifting_without_limit,no_exit_for_victims,unaccountable_extraction],actors(distributed,distributed),drift(rising,unknown,rising),zone(extreme,extreme))
ai_labor_market_disruption	six(shift(tangled_rope,tangled_rope,tangled_rope,tangled_rope),[asymmetric,coordination,enforcement,has_beneficiaries],[drifting_without_limit,no_exit_for_victims,unaccountable_extraction],actors(distributed,distributed),drift(rising,unknown,rising),zone(extreme,extreme))
ai_model_capability_stratification	six(shift(tangled_rope,tangled_rope,tangled_rope,tangled_rope),[asymmetric,coordination,enforcement,has_beneficiaries],[drifting_without_limit,no_exit_for_victims,unaccountable_extraction],actors(distributed,distributed),drift(rising,unknown,rising),zone(extreme,extreme))
ai_model_moat_network_effects	six(shift(tangled_rope,tangled_rope,tangled_rope,tangled_rope),[asymmetric,coordination,enforcement,has_beneficiaries],[drifting_without_limit,no_exit_for_victims,unaccountable_extraction],actors(distributed,distributed),drift(rising,unknown,rising),zone(extreme,extreme))
ai_model_training_data_asymmetry	six(shift(naturalized,tangled_rope,rope,snare),[asymmetric,coordination,enforcement,has_beneficiaries],[drifting_without_limit,no_exit_for_victims,unaccountable_extraction],actors(distributed,distributed),drift(rising,unknown,rising),zone(extreme,extreme))
ai_performance_watermark	six(shift(tangled_rope,tangled_rope,tangled_rope,tangled_rope),[asymmetric,coordination,enforcement,has_beneficiaries],[drifting_without_limit,no_exit_for_victims,unaccountable_extraction],actors(distributed,distributed),drift(rising,unknown,rising),zone(extreme,high))
ai_professional_displacement	six(shift(tangled_rope,tangled_rope,tangled_rope,tangled_rope),[asymmetric,coordination,enforcement,has_beneficiaries],[drifting_without_limit,no_exit_for_victims,unaccountable_extraction],actors(distributed,distributed),drift(rising,unknown,rising),zone(extreme,extreme))
ai_religion_regulation	six(shift(tangled_rope,tangled_rope,tangled_rope,tangled_rope),[asymmetric,coordination,enforcement,has_beneficiaries],[drifting_without_limit,no_exit_for_victims,unaccountable_extraction],actors(distributed,distributed),drift(rising,unknown,rising),zone(extreme,extreme))
ai_research_globalization	six(shift(tangled_rope,tangled_rope,tangled_rope,tangled_rope),[asymmetric,coordination,enforcement,has_beneficiaries],[drifting_without_limit,no_exit_for_victims,unaccountable_extraction],actors(distributed,distributed),drift(rising,unknown,rising),zone(extreme,extreme))
ai_safety_verification	six(shift(tangled_rope,tangled_rope,snare,snare),[asymmetric,coordination,enforcement,has_beneficiaries],[drifting_without_limit,no_exit_for_victims,unaccountable_extraction],actors(distributed,distributed),drift(rising,unknown,rising),zone(extreme,extreme))
ai_safety_verification_circularity	six(shift(tangled_rope,tangled_rope,tangled_rope,tangled_rope),[asymmetric,coordination,enforcement,has_beneficiaries],[drifting_without_limit,no_exit_for_victims,unaccountable_extraction],actors(distributed,distributed),drift(rising,unknown,rising),zone(extreme,extreme))
ai_scholar_citation_trap	six(shift(tangled_rope,tangled_rope,tangled_rope,tangled_rope),[asymmetric,coordination,enforcement,has_beneficiaries],[drifting_without_limit,no_exit_for_victims,unaccountable_extraction],actors(distributed,distributed),drift(rising,unknown,rising),zone(extreme,extreme))
ai_security_attack_surface	six(shift(tangled_rope,tangled_rope,tangled_rope,tangled_rope),[asymmetric,coordination,enforcement,has_beneficiaries],[drifting_without_limit,no_exit_for_victims,unaccountable_extraction],actors(distributed,distributed),drift(rising,unknown,rising),zone(extreme,extreme))
ai_superpowers_race_2026	six(shift(tangled_rope,tangled_rope,tangled_rope,tangled_rope),[asymmetric,coordination,enforcement,has_beneficiaries],[drifting_without_limit,no_exit_for_victims,unaccountable_extraction],actors(distributed,distributed),drift(rising,unknown,falling),zone(extreme,extreme))
ai_surveillance_sensor	six(shift(tangled_rope,tangled_rope,tangled_rope,tangled_rope),[asymmetric,coordination,enforcement,has_beneficiaries],[drifting_without_limit,no_exit_for_victims,unaccountable_extraction],actors(distributed,distributed),drift(rising,unknown,rising),zone(extreme,extreme))
ai_talent_migration_restrictions	six(shift(tangled_rope,tangled_rope,tangled_rope,tangled_rope),[asymmetric,coordination,enforcement,has_beneficiaries],[drifting_without_limit,no_exit_for_victims,unaccountable_extraction],actors(distributed,distributed),drift(rising,unknown,rising),zone(extreme,extreme))
ai_task_horizon_reliability	six(shift(naturalized,tangled_rope,rope,snare),[asymmetric,coordination,enforcement,has_beneficiaries],[drifting_without_limit,no_exit_for_victims,unaccountable_extraction],actors(distributed,distributed),drift(rising,unknown,rising),zone(extreme,extreme))
ai_training_data_dependency	six(shift(tangled_rope,tangled_rope,tangled_rope,tangled_rope),[asymmetric,coordination,enforcement,has_beneficiaries],[drifting_without_limit,no_exit_for_victims,unaccountable_extraction],actors(distributed,distributed),drift(rising,unknown,rising),zone(extreme,extreme))
ai_training_data_licensing	six(shift(tangled_rope,tangled_rope,naturalized,snare),[asymmetric,coordination,enforcement,has_beneficiaries],[drifting_without_limit,no_exit_for_victims,unaccountable_extraction],actors(distributed,distributed),drift(rising,unknown,stable),zone(extreme,extreme))
ai_transparency_in_classification	six(shift(tangled_rope,tangled_rope,tangled_rope,tangled_rope),[asymmetric,coordination,enforcement,has_beneficiaries],[drifting_without_limit,no_exit_for_victims,unaccountable_extraction],actors(distributed,distributed),drift(rising,unknown,rising),zone(extreme,extreme))
ai_winner_picking	six(shift(tangled_rope,tangled_rope,tangled_rope,tangled_rope),[asymmetric,coordination,enforcement,has_beneficiaries],[drifting_without_limit,no_exit_for_victims,unaccountable_extraction],actors(distributed,distributed),drift(rising,unknown,rising),zone(extreme,extreme))
airline_carbon_accountability	six(shift(tangled_rope,tangled_rope,naturalized,tangled_rope),[asymmetric,coordination,enforcement,has_beneficiaries],[drifting_without_limit,no_exit_for_victims,unaccountable_extraction],actors(distributed,distributed),drift(rising,unknown,rising),zone(extreme,high))
airline_market_concentration	six(shift(tangled_rope,tangled_rope,tangled_rope,tangled_rope),[asymmetric,coordination,enforcement,has_beneficiaries],[drifting_without_limit,no_exit_for_victims,unaccountable_extraction],actors(distributed,distributed),drift(rising,unknown,rising),zone(extreme,extreme))
airport_capacity_constraint	six(shift(tangled_rope,tangled_rope,tangled_rope,tangled_rope),[asymmetric,coordination,enforcement,has_beneficiaries],[drifting_without_limit,no_exit_for_victims,unaccountable_extraction],actors(distributed,distributed),drift(rising,unknown,rising),zone(extreme,extreme))
airport_slot_use_it_or_lose_it	six(shift(tangled_rope,tangled_rope,naturalized,tangled_rope),[asymmetric,coordination,enforcement,has_beneficiaries],[drifting_without_limit,no_exit_for_victims,unaccountable_extraction],actors(distributed,distributed),drift(rising,unknown,rising),zone(extreme,high))
akhenaten_kernel_revision_failure	six(shift(unknown,tangled_rope,unknown,tangled_rope),[asymmetric,enforcement,has_victims],[coercion_without_coordination,drifting_without_limit,no_exit_for_victims,unaccountable_extraction,undocumented_coordination],actors(none,distributed),drift(rising,unknown,rising),zone(extreme,extreme))
algebraic_closure_property	six(shift(mountain,mountain,mountain,mountain),[has_temporal_data,natural],[],actors(none,none),drift(stable,unknown,stable),zone(negligible,negligible))
algeria_france_colonial_legacy	six(shift(naturalized,tangled_rope,rope,snare),[asymmetric,coordination,enforcement,has_beneficiaries],[drifting_without_limit,no_exit_for_victims,unaccountable_extraction],actors(distributed,distributed),drift(falling,unknown,rising),zone(extreme,extreme))
algorithm_interpretability_barrier	six(shift(tangled_rope,tangled_rope,tangled_rope,tangled_rope),[asymmetric,coordination,enforcement,has_beneficiaries],[drifting_without_limit,no_exit_for_victims,unaccountable_extraction],actors(distributed,distributed),drift(rising,unknown,rising),zone(extreme,extreme))
algorithm_selection_in_institutional_design	six(shift(naturalized,tangled_rope,naturalized,snare),[asymmetric,coordination,enforcement,has_beneficiaries],[drifting_without_limit,no_exit_for_victims,unaccountable_extraction],actors(distributed,distributed),drift(rising,unknown,rising),zone(extreme,extreme))
algorithmic_accountability_gap	six(shift(tangled_rope,tangled_rope,tangled_rope,tangled_rope),[asymmetric,coordination,enforcement,has_beneficiaries],[drifting_without_limit,no_exit_for_victims,unaccountable_extraction],actors(distributed,distributed),drift(rising,unknown,rising),zone(extreme,extreme))
algorithmic_accountability_regime	six(shift(naturalized,tangled_rope,naturalized,snare),[asymmetric,coordination,enforcement,has_beneficiaries],[drifting_without_limit,no_exit_for_victims,unaccountable_extraction],actors(distributed,distributed),drift(rising,unknown,rising),zone(extreme,extreme))
algorithmic_addiction_capture_u16	six(shift(tangled_rope,snare,rope,snare),[asymmetric,coordination,enforcement,has_beneficiaries],[drifting_without_limit,no_exit_for_victims,unaccountable_extraction],actors(distributed,distributed),drift(rising,unknown,rising),zone(extreme,extreme))
algorithmic_amplification	six(shift(tangled_rope,tangled_rope,tangled_rope,tangled_rope),[asymmetric,coordination,enforcement,has_beneficiaries],[drifting_without_limit,no_exit_for_victims,unaccountable_extraction],actors(distributed,distributed),drift(rising,unknown,rising),zone(extreme,extreme))
algorithmic_amplification_bias	six(shift(tangled_rope,tangled_rope,tangled_rope,tangled_rope),[asymmetric,coordination,enforcement,has_beneficiaries],[drifting_without_limit,no_exit_for_victims,unaccountable_extraction],actors(distributed,distributed),drift(rising,unknown,rising),zone(extreme,extreme))
algorithmic_amplification_of_extremism	six(shift(tangled_rope,tangled_rope,tangled_rope,tangled_rope),[asymmetric,coordination,enforcement,has_beneficiaries],[drifting_without_limit,no_exit_for_victims,unaccountable_extraction],actors(distributed,distributed),drift(rising,unknown,rising),zone(extreme,extreme))
algorithmic_attention_capture	six(shift(snare,snare,rope,snare),[asymmetric,coordination,enforcement,has_beneficiaries],[drifting_without_limit,no_exit_for_victims,unaccountable_extraction],actors(distributed,distributed),drift(rising,unknown,rising),zone(extreme,extreme))
algorithmic_bias	six(shift(tangled_rope,tangled_rope,tangled_rope,tangled_rope),[asymmetric,coordination,enforcement,has_beneficiaries],[drifting_without_limit,no_exit_for_victims,unaccountable_extraction],actors(distributed,distributed),drift(rising,unknown,rising),zone(extreme,extreme))
algorithmic_bias_externality	six(shift(tangled_rope,tangled_rope,naturalized,snare),[asymmetric,coordination,enforcement,has_beneficiaries],[drifting_without_limit,no_exit_for_victims,unaccountable_extraction],actors(distributed,distributed),drift(rising,unknown,rising),zone(extreme,extreme))
algorithmic_collusion_detection	six(shift(tangled_rope,tangled_rope,rope,snare),[asymmetric,coordination,enforcement,has_beneficiaries],[drifting_without_limit,no_exit_for_victims,unaccountable_extraction],actors(distributed,distributed),drift(rising,unknown,rising),zone(extreme,extreme))
algorithmic_content_amplification	six(shift(tangled_rope,tangled_rope,tangled_rope,tangled_rope),[asymmetric,coordination,enforcement,has_beneficiaries],[drifting_without_limit,no_exit_for_victims,unaccountable_extraction],actors(distributed,distributed),drift(rising,unknown,rising),zone(extreme,extreme))
algorithmic_content_control	six(shift(tangled_rope,tangled_rope,tangled_rope,tangled_rope),[asymmetric,coordination,enforcement,has_beneficiaries],[drifting_without_limit,no_exit_for_victims,unaccountable_extraction],actors(distributed,distributed),drift(rising,unknown,rising),zone(extreme,extreme))
algorithmic_content_filtering	six(shift(naturalized,tangled_rope,rope,snare),[asymmetric,coordination,enforcement,has_beneficiaries],[drifting_without_limit,no_exit_for_victims,unaccountable_extraction],actors(distributed,distributed),drift(rising,unknown,rising),zone(extreme,extreme))
algorithmic_cultural_curation	six(shift(tangled_rope,tangled_rope,tangled_rope,tangled_rope),[asymmetric,coordination,enforcement,has_beneficiaries],[drifting_without_limit,no_exit_for_victims,unaccountable_extraction],actors(distributed,distributed),drift(rising,unknown,rising),zone(extreme,extreme))
algorithmic_curation	six(shift(naturalized,tangled_rope,rope,snare),[asymmetric,coordination,enforcement,has_beneficiaries],[drifting_without_limit,no_exit_for_victims,unaccountable_extraction],actors(distributed,distributed),drift(rising,unknown,rising),zone(extreme,extreme))
algorithmic_curation_lock_in	six(shift(tangled_rope,tangled_rope,rope,snare),[asymmetric,coordination,enforcement,has_beneficiaries],[drifting_without_limit,no_exit_for_victims,unaccountable_extraction],actors(distributed,distributed),drift(rising,unknown,rising),zone(extreme,extreme))
algorithmic_curation_opacity	six(shift(naturalized,tangled_rope,snare,snare),[asymmetric,coordination,enforcement,has_beneficiaries],[drifting_without_limit,no_exit_for_victims,unaccountable_extraction],actors(distributed,distributed),drift(rising,unknown,rising),zone(extreme,extreme))
algorithmic_engagement_loop	six(shift(naturalized,snare,naturalized,snare),[asymmetric,coordination,enforcement,has_beneficiaries],[drifting_without_limit,no_exit_for_victims,unaccountable_extraction],actors(distributed,distributed),drift(rising,unknown,rising),zone(extreme,extreme))
algorithmic_engagement_optimization	six(shift(tangled_rope,tangled_rope,tangled_rope,tangled_rope),[asymmetric,coordination,enforcement,has_beneficiaries],[drifting_without_limit,no_exit_for_victims,unaccountable_extraction],actors(distributed,distributed),drift(rising,unknown,rising),zone(extreme,high))
algorithmic_epistemic_capture	six(shift(tangled_rope,tangled_rope,tangled_rope,tangled_rope),[asymmetric,coordination,enforcement,has_beneficiaries],[drifting_without_limit,no_exit_for_victims,unaccountable_extraction],actors(distributed,distributed),drift(rising,unknown,rising),zone(extreme,extreme))
algorithmic_fairness_verification	six(shift(tangled_rope,tangled_rope,tangled_rope,tangled_rope),[asymmetric,coordination,enforcement,has_beneficiaries],[drifting_without_limit,no_exit_for_victims,unaccountable_extraction],actors(distributed,distributed),drift(rising,unknown,rising),zone(extreme,extreme))
algorithmic_feed_substitution	six(shift(naturalized,tangled_rope,rope,snare),[asymmetric,coordination,enforcement,has_beneficiaries],[drifting_without_limit,no_exit_for_victims,unaccountable_extraction],actors(distributed,distributed),drift(rising,unknown,rising),zone(extreme,extreme))
algorithmic_filter_bubbles	six(shift(tangled_rope,tangled_rope,tangled_rope,tangled_rope),[asymmetric,coordination,enforcement,has_beneficiaries],[drifting_without_limit,no_exit_for_victims,unaccountable_extraction],actors(distributed,distributed),drift(rising,unknown,rising),zone(extreme,extreme))
algorithmic_front_running	six(shift(tangled_rope,snare,naturalized,snare),[asymmetric,coordination,enforcement,has_beneficiaries],[drifting_without_limit,no_exit_for_victims,unaccountable_extraction],actors(distributed,distributed),drift(rising,unknown,rising),zone(extreme,extreme))
algorithmic_information_curation	six(shift(tangled_rope,tangled_rope,tangled_rope,tangled_rope),[asymmetric,coordination,enforcement,has_beneficiaries],[drifting_without_limit,no_exit_for_victims,unaccountable_extraction],actors(distributed,distributed),drift(rising,unknown,rising),zone(extreme,extreme))
algorithmic_information_theory	six(shift(mountain,mountain,mountain,mountain),[has_temporal_data,natural],[],actors(none,none),drift(stable,unknown,stable),zone(negligible,negligible))
algorithmic_labor_control	six(shift(tangled_rope,tangled_rope,tangled_rope,tangled_rope),[asymmetric,coordination,enforcement,has_beneficiaries],[drifting_without_limit,no_exit_for_victims,unaccountable_extraction],actors(distributed,distributed),drift(rising,unknown,rising),zone(extreme,extreme))
algorithmic_management_escalation	six(shift(tangled_rope,tangled_rope,tangled_rope,snare),[asymmetric,coordination,enforcement,has_beneficiaries],[drifting_without_limit,no_exit_for_victims,unaccountable_extraction],actors(distributed,distributed),drift(rising,unknown,rising),zone(extreme,extreme))
algorithmic_management_opacity	six(shift(tangled_rope,tangled_rope,rope,snare),[asymmetric,coordination,enforcement,has_beneficiaries],[drifting_without_limit,no_exit_for_victims,unaccountable_extraction],actors(distributed,distributed),drift(rising,unknown,rising),zone(extreme,extreme))
algorithmic_narrative_gatekeeping	six(shift(tangled_rope,tangled_rope,tangled_rope,tangled_rope),[asymmetric,coordination,enforcement,has_beneficiaries],[drifting_without_limit,no_exit_for_victims,unaccountable_extraction],actors(distributed,distributed),drift(rising,unknown,rising),zone(extreme,extreme))
algorithmic_opacity	six(shift(tangled_rope,tangled_rope,rope,snare),[asymmetric,coordination,enforcement,has_beneficiaries],[drifting_without_limit,no_exit_for_victims,unaccountable_extraction],actors(distributed,distributed),drift(rising,unknown,rising),zone(extreme,extreme))
algorithmic_opacity_and_audit	six(shift(tangled_rope,tangled_rope,tangled_rope,tangled_rope),[asymmetric,coordination,enforcement,has_beneficiaries],[drifting_without_limit,no_exit_for_victims,unaccountable_extraction],actors(distributed,distributed),drift(rising,unknown,rising),zone(extreme,extreme))
algorithmic_opacity_and_leverage	six(shift(tangled_rope,tangled_rope,rope,snare),[asymmetric,coordination,enforcement,has_beneficiaries],[drifting_without_limit,no_exit_for_victims,unaccountable_extraction],actors(distributed,distributed),drift(rising,unknown,rising),zone(extreme,extreme))
algorithmic_opacity_enforcement	six(shift(tangled_rope,tangled_rope,tangled_rope,tangled_rope),[asymmetric,coordination,enforcement,has_beneficiaries],[drifting_without_limit,no_exit_for_victims,unaccountable_extraction],actors(distributed,distributed),drift(rising,unknown,rising),zone(extreme,extreme))
algorithmic_opacity_extraction	six(shift(tangled_rope,tangled_rope,tangled_rope,tangled_rope),[asymmetric,coordination,enforcement,has_beneficiaries],[drifting_without_limit,no_exit_for_victims,unaccountable_extraction],actors(distributed,distributed),drift(rising,unknown,rising),zone(extreme,extreme))
algorithmic_opacity_in_decision_systems	six(shift(tangled_rope,tangled_rope,naturalized,snare),[asymmetric,coordination,enforcement,has_beneficiaries],[drifting_without_limit,no_exit_for_victims,unaccountable_extraction],actors(distributed,distributed),drift(rising,unknown,rising),zone(extreme,extreme))
algorithmic_pattern_amplification	six(shift(tangled_rope,tangled_rope,tangled_rope,tangled_rope),[asymmetric,coordination,enforcement,has_beneficiaries],[drifting_without_limit,no_exit_for_victims,unaccountable_extraction],actors(distributed,distributed),drift(rising,unknown,rising),zone(extreme,extreme))
algorithmic_polarization	six(shift(tangled_rope,tangled_rope,tangled_rope,tangled_rope),[asymmetric,coordination,enforcement,has_beneficiaries],[drifting_without_limit,no_exit_for_victims,unaccountable_extraction],actors(distributed,distributed),drift(rising,unknown,rising),zone(extreme,extreme))
algorithmic_randomness	six(shift(mountain,mountain,mountain,mountain),[has_temporal_data,natural],[],actors(none,none),drift(stable,unknown,rising),zone(negligible,negligible))
algorithmic_ranking_bias	six(shift(tangled_rope,tangled_rope,tangled_rope,tangled_rope),[asymmetric,coordination,enforcement,has_beneficiaries],[drifting_without_limit,no_exit_for_victims,unaccountable_extraction],actors(distributed,distributed),drift(rising,unknown,rising),zone(extreme,extreme))
algorithmic_ranking_capture	six(shift(tangled_rope,tangled_rope,tangled_rope,tangled_rope),[asymmetric,coordination,enforcement,has_beneficiaries],[drifting_without_limit,no_exit_for_victims,unaccountable_extraction],actors(distributed,distributed),drift(rising,unknown,rising),zone(extreme,extreme))
algorithmic_ranking_enforcement	six(shift(tangled_rope,tangled_rope,tangled_rope,tangled_rope),[asymmetric,coordination,enforcement,has_beneficiaries],[drifting_without_limit,no_exit_for_victims,unaccountable_extraction],actors(distributed,distributed),drift(rising,unknown,rising),zone(extreme,extreme))
algorithmic_ranking_opacity	six(shift(naturalized,tangled_rope,rope,snare),[asymmetric,coordination,enforcement,has_beneficiaries],[drifting_without_limit,no_exit_for_victims,unaccountable_extraction],actors(distributed,distributed),drift(rising,unknown,rising),zone(extreme,extreme))
algorithmic_recommendation_capture	six(shift(tangled_rope,tangled_rope,rope,snare),[asymmetric,coordination,enforcement,has_beneficiaries],[drifting_without_limit,no_exit_for_victims,unaccountable_extraction],actors(distributed,distributed),drift(rising,unknown,rising),zone(extreme,extreme))
algorithmic_recommendation_opacity	six(shift(tangled_rope,tangled_rope,tangled_rope,tangled_rope),[asymmetric,coordination,enforcement,has_beneficiaries],[drifting_without_limit,no_exit_for_victims,unaccountable_extraction],actors(distributed,distributed),drift(rising,unknown,rising),zone(extreme,extreme))
algorithmic_salience_curation	six(shift(tangled_rope,tangled_rope,tangled_rope,tangled_rope),[asymmetric,coordination,enforcement,has_beneficiaries],[drifting_without_limit,no_exit_for_victims,unaccountable_extraction],actors(distributed,distributed),drift(rising,unknown,rising),zone(extreme,extreme))
algorithmic_stablecoin_bootstrap_extractiveness	six(shift(tangled_rope,tangled_rope,tangled_rope,tangled_rope),[asymmetric,coordination,enforcement,has_beneficiaries],[drifting_without_limit,no_exit_for_victims,unaccountable_extraction],actors(distributed,distributed),drift(rising,unknown,rising),zone(extreme,extreme))
algorithmic_transparency_bottleneck	six(shift(tangled_rope,tangled_rope,tangled_rope,tangled_rope),[asymmetric,coordination,enforcement,has_beneficiaries],[drifting_without_limit,no_exit_for_victims,unaccountable_extraction],actors(distributed,distributed),drift(rising,unknown,rising),zone(extreme,extreme))
alignment_divergence_accumulation	six(shift(tangled_rope,tangled_rope,tangled_rope,tangled_rope),[asymmetric,coordination,enforcement,has_beneficiaries],[drifting_without_limit,no_exit_for_victims,unaccountable_extraction],actors(distributed,distributed),drift(rising,unknown,rising),zone(extreme,extreme))
alignment_objective_monoculture	six(shift(tangled_rope,tangled_rope,tangled_rope,tangled_rope),[asymmetric,coordination,enforcement,has_beneficiaries],[drifting_without_limit,no_exit_for_victims,unaccountable_extraction],actors(distributed,distributed),drift(rising,unknown,rising),zone(extreme,extreme))
alignment_tax_tradeoff	six(shift(tangled_rope,tangled_rope,tangled_rope,tangled_rope),[asymmetric,coordination,enforcement,has_beneficiaries],[drifting_without_limit,no_exit_for_victims,unaccountable_extraction],actors(distributed,distributed),drift(rising,unknown,rising),zone(extreme,extreme))
alliance_burden_sharing	six(shift(tangled_rope,tangled_rope,naturalized,tangled_rope),[asymmetric,coordination,enforcement,has_beneficiaries],[drifting_without_limit,no_exit_for_victims,unaccountable_extraction],actors(distributed,distributed),drift(rising,unknown,rising),zone(extreme,high))
allied_capital_mobility_restriction	six(shift(tangled_rope,tangled_rope,tangled_rope,tangled_rope),[asymmetric,coordination,enforcement,has_beneficiaries],[drifting_without_limit,no_exit_for_victims,unaccountable_extraction],actors(distributed,distributed),drift(rising,unknown,rising),zone(extreme,extreme))
allied_industrial_policy_coordination	six(shift(tangled_rope,tangled_rope,tangled_rope,tangled_rope),[asymmetric,coordination,enforcement,has_beneficiaries],[drifting_without_limit,no_exit_for_victims,unaccountable_extraction],actors(distributed,distributed),drift(rising,unknown,rising),zone(extreme,high))
allocation_as_extraction_multiplier	six(shift(tangled_rope,tangled_rope,rope,snare),[asymmetric,coordination,enforcement,has_beneficiaries],[drifting_without_limit,no_exit_for_victims,unaccountable_extraction],actors(distributed,distributed),drift(rising,unknown,rising),zone(extreme,extreme))
allometric_scaling_law	six(shift(mountain,mountain,mountain,mountain),[has_temporal_data,natural],[],actors(none,none),drift(stable,unknown,stable),zone(negligible,negligible))
allusive_density_as_exclusion	six(shift(tangled_rope,tangled_rope,tangled_rope,tangled_rope),[asymmetric,coordination,enforcement,has_beneficiaries],[drifting_without_limit,no_exit_for_victims,unaccountable_extraction],actors(distributed,distributed),drift(rising,unknown,rising),zone(extreme,extreme))
alpine_infrastructure_adaptation	six(shift(tangled_rope,tangled_rope,tangled_rope,tangled_rope),[asymmetric,coordination,enforcement,has_beneficiaries],[drifting_without_limit,no_exit_for_victims,unaccountable_extraction],actors(distributed,distributed),drift(rising,unknown,rising),zone(extreme,high))
alpine_ski_industry_consolidation	six(shift(tangled_rope,tangled_rope,tangled_rope,tangled_rope),[asymmetric,coordination,enforcement,has_beneficiaries],[drifting_without_limit,no_exit_for_victims,unaccountable_extraction],actors(distributed,distributed),drift(rising,unknown,rising),zone(extreme,extreme))
alpine_ski_slope_viability	six(shift(tangled_rope,tangled_rope,tangled_rope,tangled_rope),[asymmetric,coordination,enforcement,has_beneficiaries],[drifting_without_limit,no_exit_for_victims,unaccountable_extraction],actors(distributed,distributed),drift(rising,unknown,rising),zone(extreme,extreme))
alpine_water_scarcity_cascade	six(shift(tangled_rope,tangled_rope,tangled_rope,tangled_rope),[asymmetric,coordination,enforcement,has_beneficiaries],[drifting_without_limit,no_exit_for_victims,unaccountable_extraction],actors(distributed,distributed),drift(rising,unknown,rising),zone(extreme,extreme))
alternative_diet_research_funding	six(shift(tangled_rope,tangled_rope,tangled_rope,tangled_rope),[asymmetric,coordination,enforcement,has_beneficiaries],[drifting_without_limit,no_exit_for_victims,unaccountable_extraction],actors(distributed,distributed),drift(rising,unknown,rising),zone(extreme,extreme))
alternative_governance_emergence	six(shift(tangled_rope,tangled_rope,tangled_rope,tangled_rope),[asymmetric,coordination,enforcement,has_beneficiaries],[drifting_without_limit,no_exit_for_victims,unaccountable_extraction],actors(distributed,distributed),drift(rising,unknown,rising),zone(extreme,extreme))
alternative_institution_clustering	six(shift(tangled_rope,tangled_rope,tangled_rope,tangled_rope),[asymmetric,coordination,enforcement,has_beneficiaries],[drifting_without_limit,no_exit_for_victims,unaccountable_extraction],actors(distributed,distributed),drift(rising,unknown,rising),zone(extreme,extreme))
alternative_institution_scaling	six(shift(tangled_rope,tangled_rope,tangled_rope,tangled_rope),[asymmetric,coordination,enforcement,has_beneficiaries],[drifting_without_limit,no_exit_for_victims,unaccountable_extraction],actors(distributed,distributed),drift(rising,unknown,rising),zone(extreme,extreme))
alternative_sovereignty_scaffold	six(shift(tangled_rope,tangled_rope,tangled_rope,tangled_rope),[asymmetric,coordination,enforcement,has_beneficiaries,sunset],[],actors(distributed,distributed),drift(rising,unknown,rising),zone(low,high))
alternative_vertebrate_evolution_pathways	six(shift(mountain,mountain,mountain,mountain),[has_temporal_data,natural],[],actors(none,none),drift(stable,unknown,stable),zone(negligible,negligible))
altruistic_misery_paradox_2026	six(shift(tangled_rope,tangled_rope,tangled_rope,tangled_rope),[asymmetric,coordination,enforcement,has_beneficiaries],[drifting_without_limit,no_exit_for_victims,unaccountable_extraction],actors(distributed,distributed),drift(rising,unknown,rising),zone(extreme,extreme))
alzheimers_levetiracetam	six(shift(naturalized,tangled_rope,naturalized,snare),[asymmetric,coordination,enforcement,has_beneficiaries],[drifting_without_limit,no_exit_for_victims,unaccountable_extraction],actors(distributed,distributed),drift(rising,unknown,rising),zone(extreme,extreme))
amarna_restoration_inner_reassertion	six(shift(tangled_rope,tangled_rope,tangled_rope,tangled_rope),[asymmetric,coordination,enforcement,has_beneficiaries],[no_exit_for_victims],actors(distributed,distributed),drift(rising,unknown,rising),zone(low,extreme))
amish_technological_renunciation	six(shift(snare,snare,rope,snare),[asymmetric,coordination,enforcement,has_beneficiaries],[drifting_without_limit,no_exit_for_victims,unaccountable_extraction],actors(distributed,distributed),drift(rising,unknown,rising),zone(extreme,extreme))
amun_priesthood_authority_substrate	six(shift(tangled_rope,tangled_rope,tangled_rope,tangled_rope),[asymmetric,coordination,enforcement,has_beneficiaries],[drifting_without_limit,no_exit_for_victims,unaccountable_extraction],actors(distributed,distributed),drift(rising,unknown,rising),zone(extreme,extreme))
amyloid_targeting_drug_approval	six(shift(tangled_rope,tangled_rope,tangled_rope,tangled_rope),[asymmetric,coordination,enforcement,has_beneficiaries],[drifting_without_limit,no_exit_for_victims,unaccountable_extraction],actors(distributed,distributed),drift(rising,unknown,rising),zone(extreme,extreme))
ancestral_pueblo_hydrology	six(shift(tangled_rope,tangled_rope,tangled_rope,tangled_rope),[asymmetric,coordination,enforcement,has_beneficiaries],[drifting_without_limit,no_exit_for_victims,unaccountable_extraction],actors(concentrated,distributed),drift(rising,unknown,rising),zone(extreme,extreme))
ancient_grudge_verona	six(shift(tangled_rope,tangled_rope,tangled_rope,tangled_rope),[asymmetric,coordination,enforcement,has_beneficiaries],[drifting_without_limit,no_exit_for_victims,unaccountable_extraction],actors(concentrated,distributed),drift(rising,unknown,rising),zone(extreme,extreme))
angular_momentum_conservation	six(shift(mountain,mountain,mountain,mountain),[has_temporal_data,natural],[],actors(none,none),drift(stable,unknown,stable),zone(negligible,negligible))
anime_streaming_licensing_concentration	six(shift(tangled_rope,tangled_rope,tangled_rope,tangled_rope),[asymmetric,coordination,enforcement,has_beneficiaries],[drifting_without_limit,no_exit_for_victims,unaccountable_extraction],actors(distributed,distributed),drift(rising,unknown,stable),zone(extreme,extreme))
anomalous_experience_research_funding	six(shift(tangled_rope,tangled_rope,tangled_rope,tangled_rope),[asymmetric,coordination,enforcement,has_beneficiaries],[drifting_without_limit,no_exit_for_victims,unaccountable_extraction],actors(distributed,distributed),drift(rising,unknown,rising),zone(extreme,extreme))
anonymity_commons_degradation	six(shift(tangled_rope,tangled_rope,tangled_rope,tangled_rope),[asymmetric,coordination,enforcement,has_beneficiaries],[drifting_without_limit,no_exit_for_victims,unaccountable_extraction],actors(distributed,distributed),drift(rising,unknown,rising),zone(extreme,extreme))
antiarrhythmic_guideline_compliance	six(shift(tangled_rope,tangled_rope,tangled_rope,tangled_rope),[asymmetric,coordination,enforcement,has_beneficiaries],[drifting_without_limit,no_exit_for_victims,unaccountable_extraction],actors(distributed,distributed),drift(rising,unknown,rising),zone(extreme,extreme))
anticipatory_capacity_failure	six(shift(tangled_rope,tangled_rope,rope,snare),[asymmetric,coordination,enforcement,has_beneficiaries],[drifting_without_limit,no_exit_for_victims,unaccountable_extraction],actors(distributed,distributed),drift(rising,unknown,rising),zone(extreme,extreme))
antifragility	six(shift(tangled_rope,tangled_rope,tangled_rope,tangled_rope),[coordination,has_beneficiaries,natural],[],actors(distributed,none),drift(rising,unknown,rising),zone(low,low))
antikythera_knowledge_loss	six(shift(tangled_rope,unknown,tangled_rope,tangled_rope),[asymmetric,enforcement,has_victims],[coercion_without_coordination,drifting_without_limit,no_exit_for_victims,unaccountable_extraction,undocumented_coordination],actors(none,distributed),drift(rising,unknown,rising),zone(extreme,extreme))
apartheid_nuclear_program	six(shift(tangled_rope,snare,rope,snare),[asymmetric,coordination,enforcement,has_beneficiaries],[drifting_without_limit,no_exit_for_victims,unaccountable_extraction],actors(concentrated,distributed),drift(rising,unknown,falling),zone(extreme,extreme))
ape_cognition_framework	six(shift(tangled_rope,tangled_rope,tangled_rope,tangled_rope),[asymmetric,coordination,enforcement,has_beneficiaries],[drifting_without_limit,no_exit_for_victims,unaccountable_extraction],actors(distributed,distributed),drift(rising,unknown,rising),zone(extreme,extreme))
api_surface_stability	six(shift(tangled_rope,tangled_rope,tangled_rope,tangled_rope),[asymmetric,coordination,enforcement,has_beneficiaries],[drifting_without_limit,no_exit_for_victims,unaccountable_extraction],actors(distributed,distributed),drift(rising,unknown,rising),zone(extreme,extreme))
apparel_supply_chain_control	six(shift(naturalized,tangled_rope,rope,snare),[asymmetric,coordination,enforcement,has_beneficiaries],[drifting_without_limit,no_exit_for_victims,unaccountable_extraction],actors(distributed,distributed),drift(rising,unknown,rising),zone(extreme,extreme))
appropriations_brinkmanship	six(shift(naturalized,tangled_rope,rope,snare),[asymmetric,coordination,enforcement,has_beneficiaries],[drifting_without_limit,no_exit_for_victims,unaccountable_extraction],actors(concentrated,distributed),drift(rising,unknown,rising),zone(extreme,extreme))
approximate_algorithm_sufficiency	six(shift(tangled_rope,tangled_rope,naturalized,tangled_rope),[asymmetric,coordination,enforcement,has_beneficiaries],[drifting_without_limit,no_exit_for_victims,unaccountable_extraction],actors(distributed,distributed),drift(rising,unknown,rising),zone(extreme,high))
aquaculture_expansion_china	six(shift(tangled_rope,tangled_rope,tangled_rope,tangled_rope),[asymmetric,coordination,enforcement,has_beneficiaries],[drifting_without_limit,no_exit_for_victims,unaccountable_extraction],actors(distributed,distributed),drift(rising,unknown,rising),zone(extreme,extreme))
aquifer_dependency_fragility	six(shift(tangled_rope,tangled_rope,tangled_rope,tangled_rope),[asymmetric,coordination,enforcement,has_beneficiaries],[drifting_without_limit,no_exit_for_victims,unaccountable_extraction],actors(distributed,distributed),drift(rising,unknown,rising),zone(extreme,extreme))
arabian_labor_market_segmentation	six(shift(tangled_rope,tangled_rope,tangled_rope,tangled_rope),[asymmetric,coordination,enforcement,has_beneficiaries],[drifting_without_limit,no_exit_for_victims,unaccountable_extraction],actors(distributed,distributed),drift(rising,unknown,rising),zone(extreme,extreme))
arbitrary_enforcement_extraction	six(shift(tangled_rope,tangled_rope,tangled_rope,tangled_rope),[asymmetric,coordination,enforcement,has_beneficiaries],[drifting_without_limit,no_exit_for_victims,unaccountable_extraction],actors(distributed,distributed),drift(rising,unknown,rising),zone(extreme,extreme))
arbitration_as_claim_suppression_infrastructure	six(shift(snare,snare,rope,snare),[asymmetric,coordination,enforcement,has_beneficiaries],[drifting_without_limit,no_exit_for_victims,unaccountable_extraction],actors(distributed,distributed),drift(rising,unknown,rising),zone(extreme,extreme))
architectural_constraint_as_dual_substrate	six(shift(mountain,mountain,mountain,mountain),[has_theater,natural],[],actors(none,none),drift(unknown,unknown,unknown),zone(negligible,negligible))
arctic_climate_mitigation_deferral	six(shift(tangled_rope,tangled_rope,tangled_rope,tangled_rope),[asymmetric,coordination,enforcement,has_beneficiaries],[drifting_without_limit,no_exit_for_victims,unaccountable_extraction],actors(distributed,distributed),drift(rising,unknown,rising),zone(extreme,extreme))
arctic_geopolitical_flashpoint	six(shift(naturalized,tangled_rope,naturalized,snare),[asymmetric,coordination,enforcement,has_beneficiaries],[drifting_without_limit,no_exit_for_victims,unaccountable_extraction],actors(distributed,distributed),drift(rising,unknown,rising),zone(extreme,extreme))
arctic_military_deterrence	six(shift(naturalized,tangled_rope,naturalized,snare),[asymmetric,coordination,enforcement,has_beneficiaries],[drifting_without_limit,no_exit_for_victims,unaccountable_extraction],actors(distributed,distributed),drift(rising,unknown,rising),zone(extreme,extreme))
arctic_resource_competition	six(shift(tangled_rope,tangled_rope,tangled_rope,tangled_rope),[asymmetric,coordination,enforcement,has_beneficiaries],[drifting_without_limit,no_exit_for_victims,unaccountable_extraction],actors(distributed,distributed),drift(rising,unknown,rising),zone(extreme,extreme))
arctic_resource_extraction	six(shift(tangled_rope,tangled_rope,tangled_rope,tangled_rope),[asymmetric,coordination,enforcement,has_beneficiaries],[drifting_without_limit,no_exit_for_victims,unaccountable_extraction],actors(distributed,distributed),drift(rising,unknown,rising),zone(extreme,extreme))
arctic_resource_sovereignty	six(shift(tangled_rope,tangled_rope,rope,snare),[asymmetric,coordination,enforcement,has_beneficiaries],[drifting_without_limit,no_exit_for_victims,unaccountable_extraction],actors(distributed,distributed),drift(rising,unknown,rising),zone(extreme,extreme))
arctic_shipping_dependency	six(shift(naturalized,tangled_rope,naturalized,snare),[asymmetric,coordination,enforcement,has_beneficiaries],[drifting_without_limit,no_exit_for_victims,unaccountable_extraction],actors(distributed,distributed),drift(rising,unknown,rising),zone(extreme,extreme))
arg_ev_tariff	six(shift(naturalized,tangled_rope,naturalized,snare),[asymmetric,coordination,enforcement,has_beneficiaries],[drifting_without_limit,no_exit_for_victims,unaccountable_extraction],actors(distributed,distributed),drift(rising,unknown,rising),zone(extreme,extreme))
arithmetical_hierarchy_ordering	six(shift(mountain,mountain,mountain,mountain),[has_temporal_data,natural],[],actors(none,none),drift(stable,unknown,stable),zone(negligible,negligible))
armra_colostrum_regulation	six(shift(tangled_rope,tangled_rope,tangled_rope,snare),[asymmetric,coordination,enforcement,has_beneficiaries],[drifting_without_limit,no_exit_for_victims,unaccountable_extraction],actors(distributed,distributed),drift(rising,unknown,rising),zone(extreme,extreme))
arms_race_dynamics	six(shift(tangled_rope,tangled_rope,tangled_rope,tangled_rope),[asymmetric,coordination,enforcement,has_beneficiaries],[drifting_without_limit,no_exit_for_victims,unaccountable_extraction],actors(distributed,distributed),drift(rising,unknown,rising),zone(extreme,extreme))
arms_race_escalation	six(shift(tangled_rope,tangled_rope,tangled_rope,tangled_rope),[asymmetric,coordination,enforcement,has_beneficiaries],[drifting_without_limit,no_exit_for_victims,unaccountable_extraction],actors(distributed,distributed),drift(rising,unknown,rising),zone(extreme,extreme))
arrows_impossibility_theorem	six(shift(tangled_rope,tangled_rope,tangled_rope,tangled_rope),[asymmetric,coordination,enforcement,has_beneficiaries],[drifting_without_limit,no_exit_for_victims,unaccountable_extraction],actors(distributed,distributed),drift(rising,unknown,rising),zone(extreme,extreme))
artificial_intelligence_model_interoperability	six(shift(tangled_rope,tangled_rope,tangled_rope,tangled_rope),[asymmetric,coordination,enforcement,has_beneficiaries],[drifting_without_limit,no_exit_for_victims,unaccountable_extraction],actors(distributed,distributed),drift(rising,unknown,rising),zone(extreme,extreme))
artificial_scarcity_scaffold	six(shift(tangled_rope,tangled_rope,tangled_rope,tangled_rope),[asymmetric,coordination,enforcement,has_beneficiaries,sunset],[],actors(distributed,distributed),drift(rising,unknown,rising),zone(low,high))
artificial_snow_2026	six(shift(tangled_rope,tangled_rope,tangled_rope,tangled_rope),[asymmetric,coordination,enforcement,has_beneficiaries],[drifting_without_limit,no_exit_for_victims,unaccountable_extraction],actors(distributed,distributed),drift(rising,unknown,rising),zone(extreme,extreme))
artisanal_mining_displacement	six(shift(tangled_rope,tangled_rope,tangled_rope,tangled_rope),[asymmetric,coordination,enforcement,has_beneficiaries],[drifting_without_limit,no_exit_for_victims,unaccountable_extraction],actors(distributed,distributed),drift(rising,unknown,rising),zone(extreme,extreme))
artist_economic_precarity	six(shift(tangled_rope,tangled_rope,tangled_rope,tangled_rope),[asymmetric,coordination,enforcement,has_beneficiaries],[drifting_without_limit,no_exit_for_victims,unaccountable_extraction],actors(distributed,distributed),drift(rising,unknown,rising),zone(extreme,extreme))
artistic_risk_aversion	six(shift(tangled_rope,tangled_rope,naturalized,tangled_rope),[asymmetric,coordination,enforcement,has_beneficiaries],[drifting_without_limit,no_exit_for_victims,unaccountable_extraction],actors(distributed,distributed),drift(rising,unknown,rising),zone(extreme,high))
asean_ceasefire_2011	six(shift(tangled_rope,tangled_rope,tangled_rope,tangled_rope),[asymmetric,coordination,enforcement,has_beneficiaries],[drifting_without_limit,no_exit_for_victims,unaccountable_extraction],actors(distributed,distributed),drift(rising,unknown,rising),zone(extreme,extreme))
asian_infrastructure_debt_trap	six(shift(tangled_rope,snare,rope,snare),[asymmetric,coordination,enforcement,has_beneficiaries],[drifting_without_limit,no_exit_for_victims,unaccountable_extraction],actors(distributed,distributed),drift(rising,unknown,rising),zone(extreme,extreme))
aspiration_gap_dynamics	six(shift(tangled_rope,tangled_rope,tangled_rope,tangled_rope),[asymmetric,coordination,enforcement,has_beneficiaries],[drifting_without_limit,no_exit_for_victims,unaccountable_extraction],actors(distributed,distributed),drift(rising,unknown,rising),zone(extreme,extreme))
asshole_filter_2015	six(shift(tangled_rope,tangled_rope,rope,snare),[asymmetric,coordination,enforcement,has_beneficiaries],[drifting_without_limit,no_exit_for_victims,unaccountable_extraction],actors(distributed,distributed),drift(rising,unknown,rising),zone(extreme,extreme))
astronomical_discovery_priority_attribution	six(shift(tangled_rope,tangled_rope,tangled_rope,tangled_rope),[asymmetric,coordination,enforcement,has_beneficiaries],[drifting_without_limit,no_exit_for_victims,unaccountable_extraction],actors(distributed,distributed),drift(rising,unknown,rising),zone(extreme,high))
asymmetric_burden_distribution	six(shift(tangled_rope,tangled_rope,tangled_rope,tangled_rope),[asymmetric,coordination,enforcement,has_beneficiaries],[drifting_without_limit,no_exit_for_victims,unaccountable_extraction],actors(distributed,distributed),drift(rising,unknown,rising),zone(extreme,extreme))
asymmetric_computational_difficulty	six(shift(tangled_rope,tangled_rope,tangled_rope,tangled_rope),[asymmetric,coordination,enforcement,has_beneficiaries],[drifting_without_limit,no_exit_for_victims,unaccountable_extraction],actors(concentrated,distributed),drift(rising,unknown,rising),zone(extreme,extreme))
asymmetric_coordination_extraction	six(shift(tangled_rope,tangled_rope,rope,snare),[asymmetric,coordination,enforcement,has_beneficiaries],[drifting_without_limit,no_exit_for_victims,unaccountable_extraction],actors(distributed,distributed),drift(rising,unknown,rising),zone(extreme,extreme))
asymmetric_deterrence_credibility	six(shift(tangled_rope,tangled_rope,tangled_rope,tangled_rope),[asymmetric,coordination,enforcement,has_beneficiaries],[drifting_without_limit,no_exit_for_victims,unaccountable_extraction],actors(distributed,distributed),drift(rising,unknown,rising),zone(extreme,extreme))
asymmetric_duty_structure	six(shift(snare,naturalized,rope,snare),[asymmetric,coordination,enforcement,has_beneficiaries],[drifting_without_limit,no_exit_for_victims,unaccountable_extraction],actors(concentrated,distributed),drift(rising,unknown,rising),zone(extreme,extreme))
asynchronous_work_viability	six(shift(tangled_rope,tangled_rope,tangled_rope,tangled_rope),[asymmetric,coordination,enforcement,has_beneficiaries],[drifting_without_limit,no_exit_for_victims,unaccountable_extraction],actors(distributed,distributed),drift(rising,unknown,rising),zone(extreme,high))
athenian_assembly_high_bandwidth	six(shift(tangled_rope,tangled_rope,rope,snare),[asymmetric,coordination,enforcement,has_beneficiaries],[drifting_without_limit,no_exit_for_victims,unaccountable_extraction],actors(distributed,distributed),drift(rising,unknown,rising),zone(extreme,extreme))
atmospheric_carbon_accumulation	six(shift(tangled_rope,tangled_rope,tangled_rope,tangled_rope),[asymmetric,coordination,enforcement,has_beneficiaries],[drifting_without_limit,no_exit_for_victims,unaccountable_extraction],actors(distributed,distributed),drift(rising,unknown,rising),zone(extreme,extreme))
atrophied_optimization_piton	six(shift(tangled_rope,tangled_rope,tangled_rope,tangled_rope),[asymmetric,has_victims],[],actors(none,distributed),drift(stable,unknown,rising),zone(negligible,high))
attachment_disruption_trauma	six(shift(tangled_rope,tangled_rope,tangled_rope,tangled_rope),[asymmetric,enforcement,has_victims],[coercion_without_coordination,drifting_without_limit,no_exit_for_victims,unaccountable_extraction,undocumented_coordination],actors(none,distributed),drift(rising,unknown,rising),zone(extreme,extreme))
attachment_system_dysregulation	six(shift(tangled_rope,tangled_rope,tangled_rope,tangled_rope),[asymmetric,coordination,enforcement,has_beneficiaries],[drifting_without_limit,no_exit_for_victims,unaccountable_extraction],actors(concentrated,distributed),drift(rising,unknown,rising),zone(extreme,extreme))
attention_allocation_problem	six(shift(tangled_rope,tangled_rope,tangled_rope,tangled_rope),[asymmetric,coordination,enforcement,has_beneficiaries],[drifting_without_limit,no_exit_for_victims,unaccountable_extraction],actors(distributed,distributed),drift(rising,unknown,rising),zone(extreme,extreme))
attention_as_bottleneck_resource	six(shift(tangled_rope,tangled_rope,tangled_rope,tangled_rope),[asymmetric,coordination,enforcement,has_beneficiaries],[drifting_without_limit,no_exit_for_victims,unaccountable_extraction],actors(distributed,distributed),drift(rising,unknown,rising),zone(extreme,extreme))
attention_as_capturable_resource	six(shift(mountain,mountain,mountain,mountain),[has_temporal_data,natural],[],actors(none,none),drift(stable,unknown,stable),zone(negligible,negligible))
attention_capture_asymmetry	six(shift(tangled_rope,tangled_rope,tangled_rope,tangled_rope),[asymmetric,coordination,enforcement,has_beneficiaries],[drifting_without_limit,no_exit_for_victims,unaccountable_extraction],actors(distributed,distributed),drift(rising,unknown,rising),zone(extreme,high))
attention_concentration_mechanisms	six(shift(tangled_rope,tangled_rope,tangled_rope,tangled_rope),[asymmetric,coordination,enforcement,has_beneficiaries],[drifting_without_limit,no_exit_for_victims,unaccountable_extraction],actors(distributed,distributed),drift(rising,unknown,rising),zone(extreme,extreme))
attention_economy	six(shift(tangled_rope,tangled_rope,tangled_rope,tangled_rope),[asymmetric,coordination,enforcement,has_beneficiaries],[drifting_without_limit,no_exit_for_victims,unaccountable_extraction],actors(distributed,distributed),drift(rising,unknown,rising),zone(extreme,extreme))
attention_economy_capture	six(shift(naturalized,tangled_rope,rope,snare),[asymmetric,coordination,enforcement,has_beneficiaries],[drifting_without_limit,no_exit_for_victims,unaccountable_extraction],actors(distributed,distributed),drift(rising,unknown,rising),zone(extreme,extreme))
attention_economy_extraction	six(shift(tangled_rope,snare,rope,snare),[asymmetric,coordination,enforcement,has_beneficiaries],[drifting_without_limit,no_exit_for_victims,unaccountable_extraction],actors(distributed,distributed),drift(rising,unknown,rising),zone(extreme,extreme))
attention_extraction	six(shift(tangled_rope,tangled_rope,tangled_rope,tangled_rope),[asymmetric,coordination,enforcement,has_beneficiaries],[drifting_without_limit,no_exit_for_victims,unaccountable_extraction],actors(distributed,distributed),drift(rising,unknown,rising),zone(extreme,extreme))
attention_fragmentation_economy	six(shift(tangled_rope,tangled_rope,tangled_rope,tangled_rope),[asymmetric,coordination,enforcement,has_beneficiaries],[drifting_without_limit,no_exit_for_victims,unaccountable_extraction],actors(distributed,distributed),drift(rising,unknown,rising),zone(extreme,extreme))
attention_market_cannibalization	six(shift(tangled_rope,tangled_rope,tangled_rope,tangled_rope),[asymmetric,coordination,enforcement,has_beneficiaries],[drifting_without_limit,no_exit_for_victims,unaccountable_extraction],actors(distributed,distributed),drift(rising,unknown,rising),zone(extreme,extreme))
attention_market_capture	six(shift(tangled_rope,tangled_rope,tangled_rope,tangled_rope),[asymmetric,coordination,enforcement,has_beneficiaries],[drifting_without_limit,no_exit_for_victims,unaccountable_extraction],actors(distributed,distributed),drift(rising,unknown,rising),zone(extreme,extreme))
attention_monopoly	six(shift(tangled_rope,tangled_rope,tangled_rope,tangled_rope),[asymmetric,coordination,enforcement,has_beneficiaries],[drifting_without_limit,no_exit_for_victims,unaccountable_extraction],actors(distributed,distributed),drift(rising,unknown,rising),zone(extreme,extreme))
attention_scarcity_commodification	six(shift(tangled_rope,tangled_rope,tangled_rope,tangled_rope),[asymmetric,coordination,enforcement,has_beneficiaries],[drifting_without_limit,no_exit_for_victims,unaccountable_extraction],actors(distributed,distributed),drift(rising,unknown,rising),zone(extreme,extreme))
attention_scarcity_market_structure	six(shift(tangled_rope,tangled_rope,tangled_rope,tangled_rope),[asymmetric,coordination,enforcement,has_beneficiaries],[drifting_without_limit,no_exit_for_victims,unaccountable_extraction],actors(distributed,distributed),drift(rising,unknown,rising),zone(extreme,extreme))
attention_scarcity_rent_seeking	six(shift(tangled_rope,tangled_rope,tangled_rope,tangled_rope),[asymmetric,coordination,enforcement,has_beneficiaries],[drifting_without_limit,no_exit_for_victims,unaccountable_extraction],actors(distributed,distributed),drift(rising,unknown,rising),zone(extreme,extreme))
attribution_ambiguity_triplet_sc	six(shift(tangled_rope,tangled_rope,tangled_rope,tangled_rope),[asymmetric,coordination,enforcement,has_beneficiaries],[no_exit_for_victims],actors(concentrated,distributed),drift(rising,unknown,rising),zone(low,high))
attribution_opacity	six(shift(mountain,mountain,mountain,mountain),[has_temporal_data,natural],[],actors(none,none),drift(stable,unknown,stable),zone(negligible,negligible))
attritional_warfare_doctrine_ru_ua_2026	six(shift(tangled_rope,snare,rope,snare),[asymmetric,coordination,enforcement,has_beneficiaries],[drifting_without_limit,no_exit_for_victims,unaccountable_extraction],actors(distributed,distributed),drift(rising,unknown,rising),zone(extreme,extreme))
au_social_media_ban_u16	six(shift(tangled_rope,tangled_rope,tangled_rope,tangled_rope),[asymmetric,coordination,enforcement,has_beneficiaries],[drifting_without_limit,no_exit_for_victims,unaccountable_extraction],actors(distributed,distributed),drift(rising,unknown,rising),zone(extreme,extreme))
audience_incentive_mechanism	six(shift(tangled_rope,tangled_rope,tangled_rope,tangled_rope),[coordination,has_beneficiaries],[],actors(distributed,none),drift(rising,unknown,rising),zone(negligible,low))
australia_social_ban_2026	six(shift(tangled_rope,tangled_rope,tangled_rope,tangled_rope),[asymmetric,coordination,enforcement,has_beneficiaries],[drifting_without_limit,no_exit_for_victims,unaccountable_extraction],actors(distributed,distributed),drift(rising,unknown,rising),zone(extreme,extreme))
austrian_retail_consolidation_baseline	six(shift(tangled_rope,tangled_rope,rope,tangled_rope),[asymmetric,coordination,enforcement,has_beneficiaries],[drifting_without_limit,no_exit_for_victims,unaccountable_extraction],actors(distributed,distributed),drift(rising,unknown,falling),zone(extreme,high))
authentic_connection_barriers	six(shift(tangled_rope,tangled_rope,tangled_rope,tangled_rope),[asymmetric,coordination,enforcement,has_beneficiaries],[drifting_without_limit,no_exit_for_victims,unaccountable_extraction],actors(distributed,distributed),drift(rising,unknown,rising),zone(extreme,extreme))
authentic_self_performance	six(shift(tangled_rope,tangled_rope,tangled_rope,tangled_rope),[asymmetric,coordination,enforcement,has_beneficiaries],[drifting_without_limit,no_exit_for_victims,unaccountable_extraction],actors(distributed,distributed),drift(rising,unknown,rising),zone(extreme,high))
authentic_self_suppression	six(shift(tangled_rope,tangled_rope,tangled_rope,tangled_rope),[asymmetric,coordination,enforcement,has_beneficiaries],[drifting_without_limit,no_exit_for_victims,unaccountable_extraction],actors(distributed,distributed),drift(rising,unknown,rising),zone(extreme,extreme))
authentication_opacity_in_collectibles	six(shift(naturalized,tangled_rope,naturalized,snare),[asymmetric,coordination,enforcement,has_beneficiaries],[drifting_without_limit,no_exit_for_victims,unaccountable_extraction],actors(distributed,distributed),drift(rising,unknown,rising),zone(extreme,extreme))
authenticity_performance_collapse	six(shift(tangled_rope,snare,rope,snare),[asymmetric,coordination,enforcement,has_beneficiaries],[drifting_without_limit,no_exit_for_victims,unaccountable_extraction],actors(distributed,distributed),drift(rising,unknown,rising),zone(extreme,extreme))
authoritarian_power_paradox	six(shift(tangled_rope,tangled_rope,tangled_rope,tangled_rope),[asymmetric,coordination,enforcement,has_beneficiaries],[drifting_without_limit,no_exit_for_victims,unaccountable_extraction],actors(distributed,distributed),drift(rising,unknown,rising),zone(extreme,extreme))
authority_legitimacy_asymmetry	six(shift(tangled_rope,tangled_rope,tangled_rope,tangled_rope),[asymmetric,coordination,enforcement,has_beneficiaries],[drifting_without_limit,no_exit_for_victims,unaccountable_extraction],actors(distributed,distributed),drift(rising,unknown,rising),zone(extreme,extreme))
automatic_enrollment_defaults	six(shift(unknown,unknown,rope,unknown),[asymmetric,coordination,enforcement,has_beneficiaries],[no_exit_for_victims],actors(distributed,distributed),drift(rising,unknown,rising),zone(low,moderate))
automatic_vs_cultivated_mentalizing	six(shift(mountain,mountain,mountain,mountain),[has_theater,natural],[],actors(none,none),drift(unknown,unknown,unknown),zone(negligible,negligible))
autonomous_spacecraft_navigation	six(shift(tangled_rope,tangled_rope,tangled_rope,tangled_rope),[asymmetric,coordination,enforcement,has_beneficiaries],[no_exit_for_victims],actors(distributed,distributed),drift(rising,unknown,falling),zone(low,high))
autonomous_weapons_international_law	six(shift(naturalized,tangled_rope,naturalized,snare),[asymmetric,coordination,enforcement,has_beneficiaries],[drifting_without_limit,no_exit_for_victims,unaccountable_extraction],actors(distributed,distributed),drift(rising,unknown,rising),zone(extreme,extreme))
autonomy_as_character_ideal	six(shift(naturalized,tangled_rope,rope,tangled_rope),[asymmetric,coordination,enforcement,has_beneficiaries],[drifting_without_limit,no_exit_for_victims,unaccountable_extraction],actors(distributed,distributed),drift(rising,unknown,rising),zone(extreme,extreme))
autonomy_as_refusal_work	six(shift(tangled_rope,tangled_rope,rope,tangled_rope),[asymmetric,coordination,enforcement,has_beneficiaries],[drifting_without_limit,no_exit_for_victims,unaccountable_extraction],actors(distributed,distributed),drift(rising,unknown,rising),zone(extreme,high))
availability_heuristic	six(shift(tangled_rope,tangled_rope,tangled_rope,tangled_rope),[asymmetric,coordination,enforcement,has_beneficiaries],[drifting_without_limit,no_exit_for_victims,unaccountable_extraction],actors(distributed,distributed),drift(rising,unknown,rising),zone(extreme,extreme))
average_is_over_2026	six(shift(tangled_rope,tangled_rope,tangled_rope,tangled_rope),[asymmetric,coordination,enforcement,has_beneficiaries],[drifting_without_limit,no_exit_for_victims,unaccountable_extraction],actors(distributed,distributed),drift(rising,unknown,rising),zone(extreme,extreme))
award_system_voter_diversity	six(shift(tangled_rope,tangled_rope,tangled_rope,tangled_rope),[asymmetric,coordination,enforcement,has_beneficiaries],[drifting_without_limit,no_exit_for_victims,unaccountable_extraction],actors(distributed,distributed),drift(rising,unknown,rising),zone(extreme,high))
awareness_without_leverage	six(shift(tangled_rope,unknown,tangled_rope,tangled_rope),[asymmetric,enforcement,has_victims],[coercion_without_coordination,drifting_without_limit,no_exit_for_victims,unaccountable_extraction,undocumented_coordination],actors(none,distributed),drift(rising,unknown,rising),zone(extreme,extreme))
axiom_of_choice_consequence	six(shift(mountain,mountain,mountain,mountain),[has_temporal_data,natural],[],actors(none,none),drift(stable,unknown,stable),zone(negligible,negligible))
axiom_of_choice_dependency	six(shift(mountain,rope,rope,mountain),[has_temporal_data,natural],[],actors(none,none),drift(stable,unknown,rising),zone(negligible,negligible))
axiom_of_choice_determinacy	six(shift(mountain,rope,rope,mountain),[has_temporal_data,natural],[],actors(none,none),drift(stable,unknown,stable),zone(negligible,negligible))
axiom_of_choice_independence	six(shift(mountain,mountain,mountain,mountain),[has_temporal_data,natural],[],actors(none,none),drift(stable,unknown,rising),zone(negligible,negligible))
axiom_reasoner_2026	six(shift(tangled_rope,tangled_rope,tangled_rope,tangled_rope),[asymmetric,coordination,enforcement,has_beneficiaries],[drifting_without_limit,no_exit_for_victims,unaccountable_extraction],actors(distributed,distributed),drift(rising,unknown,rising),zone(extreme,extreme))
backwards_compatibility_ratchet	six(shift(tangled_rope,tangled_rope,tangled_rope,tangled_rope),[asymmetric,coordination,enforcement,has_beneficiaries],[drifting_without_limit,no_exit_for_victims,unaccountable_extraction],actors(distributed,distributed),drift(rising,unknown,rising),zone(extreme,high))
bail_system_wealth_extraction	six(shift(tangled_rope,snare,naturalized,snare),[asymmetric,coordination,enforcement,has_beneficiaries],[drifting_without_limit,no_exit_for_victims,unaccountable_extraction],actors(distributed,distributed),drift(rising,unknown,rising),zone(extreme,extreme))
bakuhan_outer_bandwidth_degradation	six(shift(tangled_rope,tangled_rope,tangled_rope,tangled_rope),[asymmetric,coordination,enforcement,has_beneficiaries],[drifting_without_limit,no_exit_for_victims,unaccountable_extraction],actors(distributed,distributed),drift(rising,unknown,rising),zone(extreme,high))
ballot_access_barriers_latam	six(shift(tangled_rope,tangled_rope,tangled_rope,tangled_rope),[asymmetric,coordination,enforcement,has_beneficiaries],[drifting_without_limit,no_exit_for_victims,unaccountable_extraction],actors(distributed,distributed),drift(rising,unknown,rising),zone(extreme,extreme))
banach_contraction_principle	six(shift(mountain,mountain,mountain,mountain),[has_temporal_data,natural],[],actors(none,none),drift(stable,unknown,stable),zone(negligible,negligible))
banach_fixed_point	six(shift(mountain,mountain,mountain,mountain),[has_temporal_data,natural],[],actors(none,none),drift(stable,unknown,stable),zone(negligible,negligible))
banach_fixed_point_theorem	six(shift(mountain,mountain,mountain,mountain),[has_temporal_data,natural],[],actors(none,none),drift(stable,unknown,stable),zone(negligible,negligible))
banach_tarski_paradox	six(shift(mountain,mountain,mountain,mountain),[has_temporal_data,natural],[],actors(none,none),drift(stable,unknown,stable),zone(negligible,negligible))
bangladesh_electoral_gridlock	six(shift(tangled_rope,tangled_rope,tangled_rope,tangled_rope),[asymmetric,coordination,enforcement,has_beneficiaries],[drifting_without_limit,no_exit_for_victims,unaccountable_extraction],actors(distributed,distributed),drift(rising,unknown,rising),zone(extreme,extreme))
bangladesh_july_national_charter	six(shift(tangled_rope,tangled_rope,tangled_rope,tangled_rope),[asymmetric,coordination,enforcement,has_beneficiaries],[drifting_without_limit,no_exit_for_victims,unaccountable_extraction],actors(distributed,distributed),drift(rising,unknown,rising),zone(extreme,extreme))
barcode_standardization	six(shift(tangled_rope,tangled_rope,tangled_rope,tangled_rope),[coordination,has_beneficiaries],[],actors(distributed,none),drift(rising,unknown,rising),zone(negligible,low))
base_pair_complementarity	six(shift(mountain,mountain,mountain,mountain),[has_temporal_data,natural],[],actors(none,none),drift(stable,unknown,stable),zone(negligible,negligible))
basel_problem_convergence	six(shift(mountain,mountain,mountain,mountain),[has_temporal_data,natural],[],actors(none,none),drift(stable,unknown,stable),zone(negligible,negligible))
basic_law_supremacy	six(shift(tangled_rope,tangled_rope,tangled_rope,tangled_rope),[asymmetric,coordination,enforcement,has_beneficiaries],[drifting_without_limit,no_exit_for_victims,unaccountable_extraction],actors(distributed,distributed),drift(rising,unknown,rising),zone(extreme,extreme))
battery_chemistry_limitations	six(shift(mountain,mountain,mountain,mountain),[has_temporal_data,natural],[],actors(none,none),drift(stable,unknown,stable),zone(negligible,negligible))
battery_supply_chain_security	six(shift(naturalized,tangled_rope,rope,snare),[asymmetric,coordination,enforcement,has_beneficiaries],[drifting_without_limit,no_exit_for_victims,unaccountable_extraction],actors(distributed,distributed),drift(rising,unknown,rising),zone(extreme,extreme))
bayes_theorem	six(shift(tangled_rope,tangled_rope,tangled_rope,tangled_rope),[asymmetric,coordination,enforcement,has_beneficiaries],[drifting_without_limit,no_exit_for_victims,unaccountable_extraction],actors(distributed,distributed),drift(rising,unknown,rising),zone(extreme,extreme))
bayes_theorem_formal_derivation	six(shift(mountain,mountain,mountain,mountain),[has_theater,natural],[],actors(none,none),drift(unknown,unknown,unknown),zone(negligible,negligible))
beautiful_reports_feedback_loop	six(shift(tangled_rope,snare,rope,snare),[asymmetric,coordination,enforcement,has_beneficiaries],[drifting_without_limit,no_exit_for_victims,unaccountable_extraction],actors(distributed,distributed),drift(rising,unknown,rising),zone(extreme,extreme))
bedouin_sedentary_transition	six(shift(tangled_rope,tangled_rope,tangled_rope,tangled_rope),[asymmetric,coordination,enforcement,has_beneficiaries],[drifting_without_limit,no_exit_for_victims,unaccountable_extraction],actors(distributed,distributed),drift(rising,unknown,rising),zone(extreme,extreme))
beehiiv_platform_model	six(shift(tangled_rope,tangled_rope,tangled_rope,tangled_rope),[asymmetric,coordination,enforcement,has_beneficiaries],[drifting_without_limit,no_exit_for_victims,unaccountable_extraction],actors(distributed,distributed),drift(rising,unknown,rising),zone(extreme,high))
behavioral_addiction_mechanisms	six(shift(tangled_rope,tangled_rope,tangled_rope,tangled_rope),[asymmetric,coordination,enforcement,has_beneficiaries],[drifting_without_limit,no_exit_for_victims,unaccountable_extraction],actors(distributed,distributed),drift(rising,unknown,rising),zone(extreme,extreme))
behavioral_commitment_mechanisms	six(shift(tangled_rope,tangled_rope,tangled_rope,tangled_rope),[asymmetric,coordination,enforcement,has_beneficiaries],[drifting_without_limit,no_exit_for_victims,unaccountable_extraction],actors(distributed,distributed),drift(rising,unknown,rising),zone(extreme,extreme))
behavioral_data_commodification	six(shift(tangled_rope,snare,rope,snare),[asymmetric,coordination,enforcement,has_beneficiaries],[drifting_without_limit,no_exit_for_victims,unaccountable_extraction],actors(distributed,distributed),drift(rising,unknown,rising),zone(extreme,extreme))
behavioral_data_monopoly	six(shift(tangled_rope,snare,rope,snare),[asymmetric,coordination,enforcement,has_beneficiaries],[drifting_without_limit,no_exit_for_victims,unaccountable_extraction],actors(concentrated,distributed),drift(rising,unknown,rising),zone(extreme,extreme))
behavioral_data_surveillance	six(shift(tangled_rope,tangled_rope,tangled_rope,tangled_rope),[asymmetric,coordination,enforcement,has_beneficiaries],[drifting_without_limit,no_exit_for_victims,unaccountable_extraction],actors(distributed,distributed),drift(rising,unknown,rising),zone(extreme,extreme))
behavioral_epidemiology_funding	six(shift(tangled_rope,tangled_rope,tangled_rope,tangled_rope),[asymmetric,coordination,enforcement,has_beneficiaries],[drifting_without_limit,no_exit_for_victims,unaccountable_extraction],actors(distributed,distributed),drift(rising,unknown,rising),zone(extreme,extreme))
behavioral_genetics_reductionism	six(shift(tangled_rope,tangled_rope,tangled_rope,tangled_rope),[asymmetric,coordination,enforcement,has_beneficiaries],[drifting_without_limit,no_exit_for_victims,unaccountable_extraction],actors(distributed,distributed),drift(rising,unknown,rising),zone(extreme,extreme))
behavioral_surveillance_infrastructure	six(shift(tangled_rope,snare,naturalized,snare),[asymmetric,coordination,enforcement,has_beneficiaries],[drifting_without_limit,no_exit_for_victims,unaccountable_extraction],actors(distributed,distributed),drift(rising,unknown,rising),zone(extreme,extreme))
beijing_hong_kong_institutional_autonomy	six(shift(tangled_rope,tangled_rope,tangled_rope,tangled_rope),[asymmetric,coordination,enforcement,has_beneficiaries],[drifting_without_limit,no_exit_for_victims,unaccountable_extraction],actors(concentrated,distributed),drift(rising,unknown,falling),zone(extreme,extreme))
beijing_military_modernization	six(shift(tangled_rope,tangled_rope,tangled_rope,tangled_rope),[asymmetric,coordination,enforcement,has_beneficiaries],[drifting_without_limit,no_exit_for_victims,unaccountable_extraction],actors(distributed,distributed),drift(rising,unknown,rising),zone(extreme,extreme))
belief_argument_conclusion	six(shift(tangled_rope,tangled_rope,tangled_rope,tangled_rope),[asymmetric,coordination,enforcement,has_beneficiaries],[drifting_without_limit,no_exit_for_victims,unaccountable_extraction],actors(distributed,distributed),drift(rising,unknown,rising),zone(extreme,extreme))
benchmark_optimization_gaming	six(shift(tangled_rope,tangled_rope,tangled_rope,tangled_rope),[asymmetric,coordination,enforcement,has_beneficiaries],[drifting_without_limit,no_exit_for_victims,unaccountable_extraction],actors(distributed,distributed),drift(rising,unknown,rising),zone(extreme,extreme))
berkshire_compounding_culture	six(shift(tangled_rope,tangled_rope,tangled_rope,tangled_rope),[asymmetric,coordination,enforcement,has_beneficiaries],[no_exit_for_victims],actors(distributed,distributed),drift(rising,unknown,rising),zone(low,high))
bgs_eigenvector_thermalization	six(shift(tangled_rope,tangled_rope,rope,rope),[asymmetric,coordination,enforcement,has_beneficiaries],[no_exit_for_victims],actors(distributed,distributed),drift(rising,unknown,rising),zone(low,high))
bgs_spectral_universality	six(shift(mountain,mountain,mountain,mountain),[has_temporal_data,natural],[],actors(none,none),drift(stable,unknown,stable),zone(negligible,negligible))
bh_merger_gravitational_infall	six(shift(mountain,mountain,mountain,mountain),[has_temporal_data,natural],[],actors(none,none),drift(stable,unknown,stable),zone(negligible,negligible))
biblical_translation_pluralism	six(shift(tangled_rope,tangled_rope,tangled_rope,tangled_rope),[asymmetric,coordination,enforcement,has_beneficiaries],[no_exit_for_victims],actors(distributed,distributed),drift(falling,unknown,rising),zone(low,high))
bifurcation_analysis	six(shift(tangled_rope,tangled_rope,tangled_rope,tangled_rope),[coordination,has_beneficiaries],[],actors(distributed,none),drift(rising,unknown,rising),zone(low,low))
bifurcation_onset_prediction	six(shift(tangled_rope,tangled_rope,tangled_rope,tangled_rope),[asymmetric,coordination,enforcement,has_beneficiaries],[drifting_without_limit,no_exit_for_victims,unaccountable_extraction],actors(distributed,distributed),drift(rising,unknown,rising),zone(extreme,extreme))
big_data_astrophysics_arbitrage	six(shift(tangled_rope,tangled_rope,tangled_rope,tangled_rope),[asymmetric,coordination,enforcement,has_beneficiaries],[drifting_without_limit,no_exit_for_victims,unaccountable_extraction],actors(distributed,distributed),drift(rising,unknown,rising),zone(extreme,extreme))
bilateral_science_innovation_partnership	six(shift(tangled_rope,tangled_rope,naturalized,tangled_rope),[asymmetric,coordination,enforcement,has_beneficiaries],[drifting_without_limit,no_exit_for_victims,unaccountable_extraction],actors(distributed,distributed),drift(rising,unknown,rising),zone(extreme,high))
biodiversity_collapse_threshold	six(shift(mountain,mountain,mountain,mountain),[has_temporal_data,natural],[],actors(none,none),drift(stable,unknown,stable),zone(negligible,negligible))
biodiversity_loss	six(shift(tangled_rope,tangled_rope,tangled_rope,tangled_rope),[asymmetric,coordination,enforcement,has_beneficiaries],[drifting_without_limit,no_exit_for_victims,unaccountable_extraction],actors(distributed,distributed),drift(rising,unknown,rising),zone(extreme,extreme))
biodiversity_loss_acceleration	six(shift(tangled_rope,tangled_rope,tangled_rope,tangled_rope),[asymmetric,coordination,enforcement,has_beneficiaries],[drifting_without_limit,no_exit_for_victims,unaccountable_extraction],actors(distributed,distributed),drift(rising,unknown,rising),zone(extreme,extreme))
biological_specification	six(shift(tangled_rope,tangled_rope,tangled_rope,tangled_rope),[asymmetric,coordination,enforcement,has_beneficiaries],[no_exit_for_victims],actors(distributed,distributed),drift(rising,unknown,rising),zone(low,high))
biomarker_discovery_capture	six(shift(tangled_rope,tangled_rope,tangled_rope,tangled_rope),[asymmetric,coordination,enforcement,has_beneficiaries],[drifting_without_limit,no_exit_for_victims,unaccountable_extraction],actors(distributed,distributed),drift(rising,unknown,rising),zone(extreme,extreme))
biomedical_sensing_integration	six(shift(tangled_rope,tangled_rope,tangled_rope,tangled_rope),[asymmetric,coordination,enforcement,has_beneficiaries],[drifting_without_limit,no_exit_for_victims,unaccountable_extraction],actors(distributed,distributed),drift(rising,unknown,rising),zone(extreme,high))
biometric_authentication_monopoly	six(shift(tangled_rope,tangled_rope,tangled_rope,tangled_rope),[asymmetric,coordination,enforcement,has_beneficiaries],[drifting_without_limit,no_exit_for_victims,unaccountable_extraction],actors(distributed,distributed),drift(rising,unknown,rising),zone(extreme,extreme))
biometric_database_mission_creep	six(shift(tangled_rope,tangled_rope,tangled_rope,tangled_rope),[asymmetric,coordination,enforcement,has_beneficiaries],[drifting_without_limit,no_exit_for_victims,unaccountable_extraction],actors(distributed,distributed),drift(rising,unknown,rising),zone(extreme,extreme))
biometric_surveillance_infrastructure	six(shift(tangled_rope,snare,rope,snare),[asymmetric,coordination,enforcement,has_beneficiaries],[drifting_without_limit,no_exit_for_victims,unaccountable_extraction],actors(distributed,distributed),drift(rising,unknown,rising),zone(extreme,extreme))
biosecurity_norm_formation	six(shift(tangled_rope,tangled_rope,tangled_rope,tangled_rope),[asymmetric,coordination,enforcement,has_beneficiaries],[drifting_without_limit,no_exit_for_victims,unaccountable_extraction],actors(distributed,distributed),drift(rising,unknown,rising),zone(extreme,extreme))
biosignature_interpretation_reliability	six(shift(tangled_rope,tangled_rope,tangled_rope,tangled_rope),[asymmetric,coordination,enforcement,has_beneficiaries],[drifting_without_limit,no_exit_for_victims,unaccountable_extraction],actors(distributed,distributed),drift(rising,unknown,rising),zone(extreme,extreme))
biotechnology_designer_liability	six(shift(tangled_rope,tangled_rope,tangled_rope,tangled_rope),[asymmetric,coordination,enforcement,has_beneficiaries],[drifting_without_limit,no_exit_for_victims,unaccountable_extraction],actors(distributed,distributed),drift(rising,unknown,rising),zone(extreme,extreme))
biotechnology_equity_access	six(shift(tangled_rope,tangled_rope,tangled_rope,tangled_rope),[asymmetric,coordination,enforcement,has_beneficiaries],[drifting_without_limit,no_exit_for_victims,unaccountable_extraction],actors(distributed,distributed),drift(rising,unknown,rising),zone(extreme,extreme))
bip_narrative_illusion	six(shift(tangled_rope,tangled_rope,tangled_rope,tangled_rope),[asymmetric,coordination,enforcement,has_beneficiaries],[drifting_without_limit,no_exit_for_victims,unaccountable_extraction],actors(distributed,distributed),drift(rising,unknown,rising),zone(extreme,extreme))
birthday_paradox_collison	six(shift(mountain,mountain,mountain,mountain),[has_temporal_data,natural],[],actors(none,none),drift(stable,unknown,stable),zone(negligible,negligible))
blackstone_carried_interest_taxation	six(shift(tangled_rope,tangled_rope,tangled_rope,tangled_rope),[asymmetric,coordination,enforcement,has_beneficiaries],[drifting_without_limit,no_exit_for_victims,unaccountable_extraction],actors(distributed,distributed),drift(rising,unknown,rising),zone(extreme,extreme))
blackstone_conflicts_of_interest	six(shift(tangled_rope,snare,rope,snare),[asymmetric,coordination,enforcement,has_beneficiaries],[drifting_without_limit,no_exit_for_victims,unaccountable_extraction],actors(distributed,distributed),drift(rising,unknown,rising),zone(extreme,extreme))
blackstone_smd_control	six(shift(naturalized,tangled_rope,rope,snare),[asymmetric,coordination,enforcement,has_beneficiaries],[drifting_without_limit,no_exit_for_victims,unaccountable_extraction],actors(distributed,distributed),drift(rising,unknown,rising),zone(extreme,extreme))
blackstone_tax_receiveable_agreement	six(shift(tangled_rope,tangled_rope,rope,tangled_rope),[asymmetric,coordination,enforcement,has_beneficiaries],[no_exit_for_victims],actors(distributed,distributed),drift(rising,unknown,rising),zone(low,extreme))
blame_attribution_equilibrium	six(shift(tangled_rope,tangled_rope,rope,snare),[asymmetric,coordination,enforcement,has_beneficiaries],[drifting_without_limit,no_exit_for_victims,unaccountable_extraction],actors(distributed,distributed),drift(rising,unknown,rising),zone(extreme,extreme))
blockchain_51_percent_attack	six(shift(tangled_rope,tangled_rope,tangled_rope,tangled_rope),[asymmetric,coordination,enforcement,has_beneficiaries],[drifting_without_limit,no_exit_for_victims,unaccountable_extraction],actors(distributed,distributed),drift(rising,unknown,rising),zone(extreme,extreme))
blockchain_energy_externality	six(shift(tangled_rope,tangled_rope,tangled_rope,tangled_rope),[asymmetric,coordination,enforcement,has_beneficiaries],[drifting_without_limit,no_exit_for_victims,unaccountable_extraction],actors(distributed,distributed),drift(rising,unknown,rising),zone(extreme,extreme))
blockchain_mining_centralization	six(shift(tangled_rope,tangled_rope,tangled_rope,tangled_rope),[asymmetric,coordination,enforcement,has_beneficiaries],[drifting_without_limit,no_exit_for_victims,unaccountable_extraction],actors(distributed,distributed),drift(rising,unknown,rising),zone(extreme,extreme))
blockchain_royalty_standards	six(shift(tangled_rope,tangled_rope,tangled_rope,tangled_rope),[asymmetric,coordination,enforcement,has_beneficiaries],[drifting_without_limit,no_exit_for_victims,unaccountable_extraction],actors(distributed,distributed),drift(rising,unknown,rising),zone(extreme,high))
blockchain_scalability_trilemma	six(shift(tangled_rope,tangled_rope,tangled_rope,tangled_rope),[asymmetric,coordination,enforcement,has_beneficiaries],[drifting_without_limit,no_exit_for_victims,unaccountable_extraction],actors(distributed,distributed),drift(rising,unknown,rising),zone(extreme,extreme))
blockchain_settlement_finality	six(shift(naturalized,tangled_rope,rope,snare),[asymmetric,coordination,enforcement,has_beneficiaries],[drifting_without_limit,no_exit_for_victims,unaccountable_extraction],actors(distributed,distributed),drift(rising,unknown,falling),zone(extreme,extreme))
board_of_peace_2026	six(shift(tangled_rope,tangled_rope,rope,tangled_rope),[asymmetric,coordination,enforcement,has_beneficiaries],[drifting_without_limit,no_exit_for_victims,unaccountable_extraction],actors(distributed,distributed),drift(rising,unknown,rising),zone(extreme,high))
boe_base_rate_policy_2024	six(shift(tangled_rope,tangled_rope,tangled_rope,tangled_rope),[asymmetric,coordination,enforcement,has_beneficiaries],[drifting_without_limit,no_exit_for_victims,unaccountable_extraction],actors(distributed,distributed),drift(rising,unknown,rising),zone(extreme,extreme))
boiled_pineapple_trend_2026	six(shift(piton,rope,rope,rope),[asymmetric,coordination,has_beneficiaries],[],actors(distributed,distributed),drift(rising,unknown,rising),zone(negligible,high))
boiling_frog_syndrome	six(shift(tangled_rope,tangled_rope,tangled_rope,tangled_rope),[asymmetric,coordination,enforcement,has_beneficiaries],[drifting_without_limit,no_exit_for_victims,unaccountable_extraction],actors(distributed,distributed),drift(rising,unknown,rising),zone(extreme,extreme))
boltzmann_universality_2026	six(shift(mountain,rope,rope,mountain),[has_temporal_data,natural],[],actors(none,none),drift(stable,unknown,stable),zone(negligible,negligible))
bolzano_weierstrass_theorem	six(shift(mountain,mountain,mountain,mountain),[has_temporal_data,natural],[],actors(none,none),drift(stable,unknown,stable),zone(negligible,negligible))
bonbon_drop_sticker_craze	six(shift(tangled_rope,tangled_rope,tangled_rope,tangled_rope),[asymmetric,coordination,enforcement,has_beneficiaries],[drifting_without_limit,no_exit_for_victims,unaccountable_extraction],actors(distributed,distributed),drift(rising,unknown,rising),zone(extreme,extreme))
boom_bust_path_dependency	six(shift(tangled_rope,tangled_rope,tangled_rope,unknown),[asymmetric,coordination,has_beneficiaries],[no_exit_for_victims,self_sustaining_extraction,unenforced_suppression],actors(distributed,distributed),drift(rising,unknown,rising),zone(low,extreme))
border_apprehension_rates	six(shift(tangled_rope,tangled_rope,naturalized,snare),[asymmetric,coordination,enforcement,has_beneficiaries],[drifting_without_limit,no_exit_for_victims,unaccountable_extraction],actors(distributed,distributed),drift(rising,unknown,rising),zone(extreme,extreme))
border_security_screening	six(shift(tangled_rope,tangled_rope,tangled_rope,tangled_rope),[asymmetric,coordination,enforcement,has_beneficiaries],[drifting_without_limit,no_exit_for_victims,unaccountable_extraction],actors(distributed,distributed),drift(rising,unknown,rising),zone(extreme,extreme))
borsuk_ulam_theorem	six(shift(mountain,mountain,mountain,mountain),[has_theater,natural],[],actors(none,none),drift(unknown,unknown,unknown),zone(negligible,negligible))
boundary_dissolution_risk	six(shift(tangled_rope,tangled_rope,tangled_rope,tangled_rope),[asymmetric,coordination,enforcement,has_beneficiaries],[drifting_without_limit,no_exit_for_victims,unaccountable_extraction],actors(distributed,distributed),drift(rising,unknown,rising),zone(extreme,extreme))
boundary_setting_as_moral_transgression	six(shift(snare,snare,rope,snare),[asymmetric,coordination,enforcement,has_beneficiaries],[drifting_without_limit,no_exit_for_victims,unaccountable_extraction],actors(concentrated,distributed),drift(rising,unknown,rising),zone(extreme,extreme))
brahmanical_commentary_authority	six(shift(tangled_rope,tangled_rope,tangled_rope,tangled_rope),[asymmetric,coordination,enforcement,has_beneficiaries],[drifting_without_limit,no_exit_for_victims,unaccountable_extraction],actors(distributed,distributed),drift(rising,unknown,rising),zone(extreme,high))
brahminical_interpretive_monopoly	six(shift(tangled_rope,tangled_rope,tangled_rope,tangled_rope),[asymmetric,coordination,enforcement,has_beneficiaries],[drifting_without_limit,no_exit_for_victims,unaccountable_extraction],actors(distributed,distributed),drift(falling,unknown,rising),zone(extreme,extreme))
brain_computer_interface_autonomy	six(shift(tangled_rope,tangled_rope,tangled_rope,tangled_rope),[asymmetric,coordination,enforcement,has_beneficiaries],[drifting_without_limit,no_exit_for_victims,unaccountable_extraction],actors(distributed,distributed),drift(rising,unknown,rising),zone(extreme,extreme))
brain_network_paradigm_2026	six(shift(tangled_rope,tangled_rope,tangled_rope,tangled_rope),[asymmetric,coordination,enforcement,has_beneficiaries],[no_exit_for_victims],actors(distributed,distributed),drift(rising,unknown,rising),zone(low,high))
brazil_2026_general_elections	six(shift(tangled_rope,tangled_rope,tangled_rope,tangled_rope),[asymmetric,coordination,enforcement,has_beneficiaries],[drifting_without_limit,no_exit_for_victims,unaccountable_extraction],actors(distributed,distributed),drift(rising,unknown,rising),zone(extreme,extreme))
brazil_hiv_treatment_access	six(shift(tangled_rope,tangled_rope,tangled_rope,tangled_rope),[asymmetric,coordination,enforcement,has_beneficiaries],[drifting_without_limit,no_exit_for_victims,unaccountable_extraction],actors(distributed,distributed),drift(rising,unknown,rising),zone(extreme,extreme))
brazil_hiv_vtn_elimination	six(shift(tangled_rope,tangled_rope,tangled_rope,tangled_rope),[coordination,has_beneficiaries],[],actors(distributed,none),drift(falling,unknown,falling),zone(negligible,moderate))
brazil_mexico_financial_requirement	six(shift(tangled_rope,tangled_rope,rope,snare),[asymmetric,coordination,enforcement,has_beneficiaries],[drifting_without_limit,no_exit_for_victims,unaccountable_extraction],actors(distributed,distributed),drift(rising,unknown,rising),zone(extreme,extreme))
brazilian_party_system_fragmentation	six(shift(tangled_rope,tangled_rope,tangled_rope,tangled_rope),[asymmetric,coordination,enforcement,has_beneficiaries],[drifting_without_limit,no_exit_for_victims,unaccountable_extraction],actors(distributed,distributed),drift(rising,unknown,rising),zone(extreme,high))
brazilian_regional_leadership	six(shift(tangled_rope,tangled_rope,tangled_rope,tangled_rope),[asymmetric,coordination,enforcement,has_beneficiaries],[drifting_without_limit,no_exit_for_victims,unaccountable_extraction],actors(distributed,distributed),drift(rising,unknown,rising),zone(extreme,extreme))
bri_geopolitical_extraction	six(shift(tangled_rope,tangled_rope,tangled_rope,tangled_rope),[asymmetric,coordination,enforcement,has_beneficiaries],[drifting_without_limit,no_exit_for_victims,unaccountable_extraction],actors(distributed,distributed),drift(rising,unknown,rising),zone(extreme,extreme))
brics_multipolarity_challenge	six(shift(tangled_rope,tangled_rope,naturalized,tangled_rope),[asymmetric,coordination,enforcement,has_beneficiaries],[drifting_without_limit,no_exit_for_victims,unaccountable_extraction],actors(distributed,distributed),drift(rising,unknown,rising),zone(extreme,high))
brics_payment_systems	six(shift(tangled_rope,tangled_rope,tangled_rope,tangled_rope),[asymmetric,coordination,enforcement,has_beneficiaries],[drifting_without_limit,no_exit_for_victims,unaccountable_extraction],actors(distributed,distributed),drift(rising,unknown,rising),zone(extreme,extreme))
brilliance_as_structural_liability	six(shift(snare,snare,rope,snare),[asymmetric,coordination,enforcement,has_beneficiaries],[drifting_without_limit,no_exit_for_victims,unaccountable_extraction],actors(distributed,distributed),drift(rising,unknown,rising),zone(extreme,extreme))
brilliance_as_structural_trap	six(shift(tangled_rope,tangled_rope,tangled_rope,tangled_rope),[asymmetric,coordination,enforcement,has_beneficiaries],[drifting_without_limit,no_exit_for_victims,unaccountable_extraction],actors(distributed,distributed),drift(rising,unknown,rising),zone(extreme,extreme))
british_colonial_occupation	six(shift(tangled_rope,tangled_rope,tangled_rope,tangled_rope),[asymmetric,coordination,enforcement,has_beneficiaries],[drifting_without_limit,no_exit_for_victims,unaccountable_extraction],actors(distributed,distributed),drift(rising,unknown,rising),zone(extreme,extreme))
broadcast_must_carry_regulatory_arbitrage	six(shift(tangled_rope,tangled_rope,tangled_rope,tangled_rope),[asymmetric,coordination,enforcement,has_beneficiaries],[drifting_without_limit,no_exit_for_victims,unaccountable_extraction],actors(distributed,distributed),drift(rising,unknown,rising),zone(extreme,extreme))
broadcast_spectrum_scarcity	six(shift(naturalized,tangled_rope,naturalized,snare),[asymmetric,coordination,enforcement,has_beneficiaries],[drifting_without_limit,no_exit_for_victims,unaccountable_extraction],actors(distributed,distributed),drift(rising,unknown,rising),zone(extreme,extreme))
broadcast_sports_economics	six(shift(tangled_rope,tangled_rope,tangled_rope,tangled_rope),[asymmetric,coordination,enforcement,has_beneficiaries],[drifting_without_limit,no_exit_for_victims,unaccountable_extraction],actors(distributed,distributed),drift(rising,unknown,rising),zone(extreme,extreme))
broke_vs_poor_grocery_math	six(shift(unknown,unknown,tangled_rope,tangled_rope),[asymmetric,enforcement,has_victims],[coercion_without_coordination,drifting_without_limit,no_exit_for_victims,unaccountable_extraction,undocumented_coordination],actors(none,distributed),drift(rising,unknown,rising),zone(extreme,extreme))
brouwer_fixed_point	six(shift(mountain,mountain,mountain,mountain),[has_temporal_data,natural],[],actors(none,none),drift(stable,unknown,stable),zone(negligible,negligible))
brouwer_fixed_point_theorem	six(shift(mountain,mountain,mountain,mountain),[has_temporal_data,natural],[],actors(none,none),drift(stable,unknown,stable),zone(negligible,negligible))
budgetary_commons_tragedy	six(shift(tangled_rope,tangled_rope,tangled_rope,tangled_rope),[asymmetric,coordination,enforcement,has_beneficiaries],[drifting_without_limit,no_exit_for_victims,unaccountable_extraction],actors(distributed,distributed),drift(rising,unknown,rising),zone(extreme,extreme))
building_materials_certification_system	six(shift(tangled_rope,tangled_rope,tangled_rope,tangled_rope),[asymmetric,coordination,enforcement,has_beneficiaries],[drifting_without_limit,no_exit_for_victims,unaccountable_extraction],actors(distributed,distributed),drift(rising,unknown,rising),zone(extreme,high))
burali_forte_paradox	six(shift(mountain,mountain,mountain,mountain),[has_temporal_data,natural],[],actors(none,none),drift(stable,unknown,stable),zone(negligible,negligible))
burden_of_proof_engineering_safety	six(shift(naturalized,tangled_rope,tangled_rope,snare),[asymmetric,coordination,enforcement,has_beneficiaries],[drifting_without_limit,no_exit_for_victims,unaccountable_extraction],actors(distributed,distributed),drift(rising,unknown,rising),zone(extreme,extreme))
burden_of_proof_scientific_empirical	six(shift(tangled_rope,tangled_rope,tangled_rope,tangled_rope),[asymmetric,coordination,enforcement,has_beneficiaries],[drifting_without_limit,no_exit_for_victims,unaccountable_extraction],actors(distributed,distributed),drift(rising,unknown,rising),zone(extreme,extreme))
bureaucratic_accommodation_as_extraction_persistence	six(shift(snare,snare,rope,snare),[asymmetric,coordination,enforcement,has_beneficiaries],[drifting_without_limit,no_exit_for_victims,unaccountable_extraction],actors(distributed,distributed),drift(rising,unknown,rising),zone(extreme,extreme))
bureaucratic_capture	six(shift(tangled_rope,tangled_rope,naturalized,snare),[asymmetric,coordination,enforcement,has_beneficiaries],[drifting_without_limit,no_exit_for_victims,unaccountable_extraction],actors(concentrated,distributed),drift(rising,unknown,rising),zone(extreme,extreme))
bureaucratic_compliance_creep	six(shift(tangled_rope,tangled_rope,rope,snare),[asymmetric,coordination,enforcement,has_beneficiaries],[drifting_without_limit,no_exit_for_victims,unaccountable_extraction],actors(distributed,distributed),drift(rising,unknown,rising),zone(extreme,extreme))
bureaucratic_discretion_capture	six(shift(tangled_rope,tangled_rope,tangled_rope,tangled_rope),[asymmetric,coordination,enforcement,has_beneficiaries],[drifting_without_limit,no_exit_for_victims,unaccountable_extraction],actors(distributed,distributed),drift(rising,unknown,rising),zone(extreme,extreme))
bureaucratic_legibility_collapse	six(shift(tangled_rope,tangled_rope,tangled_rope,tangled_rope),[asymmetric,coordination,enforcement,has_beneficiaries],[drifting_without_limit,no_exit_for_victims,unaccountable_extraction],actors(distributed,distributed),drift(rising,unknown,rising),zone(extreme,extreme))
bureaucratic_rent_seeking	six(shift(tangled_rope,tangled_rope,tangled_rope,tangled_rope),[asymmetric,coordination,enforcement,has_beneficiaries],[drifting_without_limit,no_exit_for_victims,unaccountable_extraction],actors(distributed,distributed),drift(rising,unknown,rising),zone(extreme,extreme))
bureaucratic_self_preservation	six(shift(tangled_rope,tangled_rope,rope,snare),[asymmetric,coordination,enforcement,has_beneficiaries],[drifting_without_limit,no_exit_for_victims,unaccountable_extraction],actors(distributed,distributed),drift(rising,unknown,rising),zone(extreme,extreme))
burnout_accumulation	six(shift(tangled_rope,tangled_rope,tangled_rope,tangled_rope),[asymmetric,coordination,enforcement,has_beneficiaries],[drifting_without_limit,no_exit_for_victims,unaccountable_extraction],actors(distributed,distributed),drift(rising,unknown,rising),zone(extreme,extreme))
burnout_mechanism	six(shift(tangled_rope,tangled_rope,tangled_rope,tangled_rope),[asymmetric,coordination,enforcement,has_beneficiaries],[drifting_without_limit,no_exit_for_victims,unaccountable_extraction],actors(concentrated,distributed),drift(rising,unknown,rising),zone(extreme,extreme))
bushman_money_magic	six(shift(tangled_rope,tangled_rope,tangled_rope,tangled_rope),[asymmetric,coordination,enforcement,has_beneficiaries],[drifting_without_limit,no_exit_for_victims,unaccountable_extraction],actors(concentrated,distributed),drift(rising,unknown,rising),zone(extreme,extreme))
business_investment_throttle	six(shift(tangled_rope,tangled_rope,tangled_rope,tangled_rope),[asymmetric,coordination,enforcement,has_beneficiaries],[drifting_without_limit,no_exit_for_victims,unaccountable_extraction],actors(distributed,distributed),drift(rising,unknown,rising),zone(extreme,extreme))
busy_beaver_function	six(shift(mountain,mountain,mountain,mountain),[has_temporal_data,natural],[],actors(none,none),drift(stable,unknown,stable),zone(negligible,negligible))
busy_beaver_noncomputability	six(shift(mountain,mountain,mountain,mountain),[has_temporal_data,natural],[],actors(none,none),drift(stable,unknown,stable),zone(negligible,negligible))
butterfly_effect_sensitivity	six(shift(mountain,mountain,mountain,mountain),[has_temporal_data,natural],[],actors(none,none),drift(stable,unknown,stable),zone(negligible,negligible))
bwb_adeg_rewesale_conditions	six(shift(tangled_rope,tangled_rope,tangled_rope,tangled_rope),[asymmetric,coordination,enforcement,has_beneficiaries],[drifting_without_limit,no_exit_for_victims,unaccountable_extraction],actors(distributed,distributed),drift(rising,unknown,rising),zone(extreme,extreme))
c_physical_blue_wavelength	six(shift(mountain,mountain,mountain,mountain),[has_temporal_data,natural],[],actors(none,none),drift(stable,unknown,stable),zone(negligible,negligible))
cabmen_guild_economic_decline	six(shift(tangled_rope,tangled_rope,tangled_rope,tangled_rope),[asymmetric,coordination,enforcement,has_beneficiaries],[drifting_without_limit,no_exit_for_victims,unaccountable_extraction],actors(distributed,distributed),drift(rising,unknown,rising),zone(extreme,extreme))
canada_germany_ai_pact	six(shift(tangled_rope,tangled_rope,tangled_rope,tangled_rope),[asymmetric,coordination,enforcement,has_beneficiaries],[no_exit_for_victims],actors(distributed,distributed),drift(rising,unknown,rising),zone(low,high))
canadian_equalization_regime	six(shift(tangled_rope,tangled_rope,tangled_rope,tangled_rope),[asymmetric,coordination,enforcement,has_beneficiaries],[drifting_without_limit,no_exit_for_victims,unaccountable_extraction],actors(distributed,distributed),drift(rising,unknown,rising),zone(extreme,high))
canadian_technology_sovereignty	six(shift(naturalized,tangled_rope,naturalized,snare),[asymmetric,coordination,enforcement,has_beneficiaries],[drifting_without_limit,no_exit_for_victims,unaccountable_extraction],actors(distributed,distributed),drift(rising,unknown,rising),zone(extreme,extreme))
canadian_transfer_payment_capture	six(shift(tangled_rope,tangled_rope,tangled_rope,tangled_rope),[asymmetric,coordination,enforcement,has_beneficiaries],[drifting_without_limit,no_exit_for_victims,unaccountable_extraction],actors(distributed,distributed),drift(rising,unknown,rising),zone(extreme,extreme))
canal_panama_influence	six(shift(tangled_rope,tangled_rope,tangled_rope,tangled_rope),[asymmetric,coordination,enforcement,has_beneficiaries],[drifting_without_limit,no_exit_for_victims,unaccountable_extraction],actors(distributed,distributed),drift(rising,unknown,rising),zone(extreme,extreme))
cancer_chronotherapy_timing	six(shift(tangled_rope,tangled_rope,tangled_rope,tangled_rope),[asymmetric,coordination,enforcement,has_beneficiaries],[no_exit_for_victims],actors(distributed,distributed),drift(rising,unknown,rising),zone(low,high))
cancer_prevention	six(shift(tangled_rope,tangled_rope,tangled_rope,tangled_rope),[asymmetric,coordination,enforcement,has_beneficiaries],[drifting_without_limit,no_exit_for_victims,unaccountable_extraction],actors(distributed,distributed),drift(rising,unknown,rising),zone(extreme,extreme))
cancer_screening_access	six(shift(naturalized,tangled_rope,rope,snare),[asymmetric,coordination,enforcement,has_beneficiaries],[drifting_without_limit,no_exit_for_victims,unaccountable_extraction],actors(distributed,distributed),drift(rising,unknown,rising),zone(extreme,extreme))
cancer_treatment_combination_protocols	six(shift(naturalized,tangled_rope,naturalized,snare),[asymmetric,coordination,enforcement,has_beneficiaries],[drifting_without_limit,no_exit_for_victims,unaccountable_extraction],actors(distributed,distributed),drift(rising,unknown,rising),zone(extreme,extreme))
canonical_performance	six(shift(tangled_rope,tangled_rope,tangled_rope,tangled_rope),[asymmetric,coordination,enforcement,has_beneficiaries],[drifting_without_limit,no_exit_for_victims,unaccountable_extraction],actors(concentrated,distributed),drift(rising,unknown,rising),zone(extreme,extreme))
cantillon_effect_distribution	six(shift(naturalized,tangled_rope,rope,snare),[asymmetric,coordination,enforcement,has_beneficiaries],[drifting_without_limit,no_exit_for_victims,unaccountable_extraction],actors(distributed,distributed),drift(rising,unknown,rising),zone(extreme,extreme))
cantor_cardinality_hierarchy	six(shift(mountain,mountain,mountain,mountain),[has_temporal_data,natural],[],actors(none,none),drift(stable,unknown,stable),zone(negligible,negligible))
cantor_continuum_cardinality	six(shift(mountain,mountain,mountain,mountain),[has_temporal_data,natural],[],actors(none,none),drift(stable,unknown,stable),zone(negligible,negligible))
cantor_diagonal_argument	six(shift(mountain,mountain,mountain,mountain),[has_temporal_data,natural],[],actors(none,none),drift(stable,unknown,stable),zone(negligible,negligible))
cantor_set_topology	six(shift(mountain,mountain,mountain,mountain),[has_theater,natural],[],actors(none,none),drift(unknown,unknown,unknown),zone(negligible,negligible))
cantors_diagonal_argument	six(shift(mountain,mountain,mountain,mountain),[has_temporal_data,natural],[],actors(none,none),drift(stable,unknown,stable),zone(negligible,negligible))
cap_theorem	six(shift(mountain,mountain,mountain,mountain),[has_temporal_data,natural],[],actors(none,none),drift(stable,unknown,stable),zone(negligible,negligible))
capability_acceleration_outpacing_safety	six(shift(tangled_rope,snare,rope,snare),[asymmetric,coordination,enforcement,has_beneficiaries],[drifting_without_limit,no_exit_for_victims,unaccountable_extraction],actors(distributed,distributed),drift(rising,unknown,rising),zone(extreme,extreme))
capability_compulsion_gradient	six(shift(mountain,mountain,mountain,mountain),[has_theater,natural],[],actors(none,none),drift(unknown,unknown,unknown),zone(negligible,negligible))
capability_concentration_asymmetry	six(shift(tangled_rope,tangled_rope,tangled_rope,tangled_rope),[asymmetric,coordination,enforcement,has_beneficiaries],[drifting_without_limit,no_exit_for_victims,unaccountable_extraction],actors(distributed,distributed),drift(rising,unknown,rising),zone(extreme,extreme))
capability_control_asymmetry	six(shift(tangled_rope,tangled_rope,tangled_rope,tangled_rope),[asymmetric,coordination,enforcement,has_beneficiaries],[drifting_without_limit,no_exit_for_victims,unaccountable_extraction],actors(distributed,distributed),drift(rising,unknown,rising),zone(extreme,extreme))
capability_disclosure_lag	six(shift(tangled_rope,tangled_rope,tangled_rope,tangled_rope),[asymmetric,coordination,enforcement,has_beneficiaries],[drifting_without_limit,no_exit_for_victims,unaccountable_extraction],actors(distributed,distributed),drift(rising,unknown,rising),zone(extreme,extreme))
capability_eval_overhang	six(shift(tangled_rope,tangled_rope,tangled_rope,tangled_rope),[asymmetric,coordination,enforcement,has_beneficiaries],[drifting_without_limit,no_exit_for_victims,unaccountable_extraction],actors(distributed,distributed),drift(rising,unknown,rising),zone(extreme,extreme))
capability_overhang	six(shift(unknown,tangled_rope,tangled_rope,tangled_rope),[asymmetric,enforcement,has_victims],[coercion_without_coordination,drifting_without_limit,no_exit_for_victims,unaccountable_extraction,undocumented_coordination],actors(none,distributed),drift(rising,unknown,rising),zone(extreme,extreme))
capability_scaling_externality	six(shift(tangled_rope,tangled_rope,tangled_rope,tangled_rope),[asymmetric,coordination,enforcement,has_beneficiaries],[drifting_without_limit,no_exit_for_victims,unaccountable_extraction],actors(distributed,distributed),drift(rising,unknown,rising),zone(extreme,high))
capability_velocity_mismatch	six(shift(tangled_rope,scaffold,scaffold,tangled_rope),[coordination,has_beneficiaries,natural],[],actors(distributed,none),drift(stable,unknown,stable),zone(negligible,negligible))
capital_flight_and_jurisdictional_arbitrage	six(shift(tangled_rope,tangled_rope,tangled_rope,tangled_rope),[asymmetric,coordination,enforcement,has_beneficiaries],[drifting_without_limit,no_exit_for_victims,unaccountable_extraction],actors(distributed,distributed),drift(rising,unknown,rising),zone(extreme,extreme))
capital_flight_suppression	six(shift(naturalized,tangled_rope,rope,snare),[asymmetric,coordination,enforcement,has_beneficiaries],[drifting_without_limit,no_exit_for_victims,unaccountable_extraction],actors(distributed,distributed),drift(rising,unknown,rising),zone(extreme,extreme))
capital_labor_substitution	six(shift(tangled_rope,tangled_rope,tangled_rope,tangled_rope),[asymmetric,coordination,enforcement,has_beneficiaries],[drifting_without_limit,no_exit_for_victims,unaccountable_extraction],actors(distributed,distributed),drift(rising,unknown,rising),zone(extreme,extreme))
capital_misallocation_spiral	six(shift(tangled_rope,tangled_rope,tangled_rope,tangled_rope),[asymmetric,coordination,enforcement,has_beneficiaries],[drifting_without_limit,no_exit_for_victims,unaccountable_extraction],actors(distributed,distributed),drift(rising,unknown,rising),zone(extreme,extreme))
capital_rotation_ai_narrative	six(shift(tangled_rope,tangled_rope,tangled_rope,tangled_rope),[asymmetric,coordination,enforcement,has_beneficiaries],[drifting_without_limit,no_exit_for_victims,unaccountable_extraction],actors(distributed,distributed),drift(rising,unknown,rising),zone(extreme,extreme))
car_ownership_norm_us	six(shift(tangled_rope,tangled_rope,tangled_rope,tangled_rope),[asymmetric,coordination,enforcement,has_beneficiaries],[drifting_without_limit,no_exit_for_victims,unaccountable_extraction],actors(distributed,distributed),drift(rising,unknown,rising),zone(extreme,extreme))
carbon_credit_markets_2026	six(shift(tangled_rope,tangled_rope,tangled_rope,tangled_rope),[asymmetric,coordination,enforcement,has_beneficiaries],[drifting_without_limit,no_exit_for_victims,unaccountable_extraction],actors(distributed,distributed),drift(rising,unknown,rising),zone(extreme,high))
carbon_externality	six(shift(tangled_rope,tangled_rope,tangled_rope,tangled_rope),[asymmetric,coordination,enforcement,has_beneficiaries],[drifting_without_limit,no_exit_for_victims,unaccountable_extraction],actors(distributed,distributed),drift(rising,unknown,rising),zone(extreme,extreme))
carbon_externality_pricing	six(shift(tangled_rope,tangled_rope,tangled_rope,tangled_rope),[asymmetric,coordination,enforcement,has_beneficiaries],[drifting_without_limit,no_exit_for_victims,unaccountable_extraction],actors(distributed,distributed),drift(rising,unknown,rising),zone(extreme,high))
carbon_offset_additionality	six(shift(tangled_rope,tangled_rope,tangled_rope,tangled_rope),[asymmetric,coordination,enforcement,has_beneficiaries],[drifting_without_limit,no_exit_for_victims,unaccountable_extraction],actors(distributed,distributed),drift(rising,unknown,rising),zone(extreme,extreme))
carbon_offset_credit_integrity	six(shift(naturalized,tangled_rope,naturalized,snare),[asymmetric,coordination,enforcement,has_beneficiaries],[drifting_without_limit,no_exit_for_victims,unaccountable_extraction],actors(distributed,distributed),drift(rising,unknown,rising),zone(extreme,extreme))
carbon_pricing_distributional_asymmetry	six(shift(tangled_rope,tangled_rope,tangled_rope,tangled_rope),[asymmetric,coordination,enforcement,has_beneficiaries],[drifting_without_limit,no_exit_for_victims,unaccountable_extraction],actors(distributed,distributed),drift(rising,unknown,rising),zone(extreme,extreme))
care_home_quality_crisis	six(shift(tangled_rope,tangled_rope,tangled_rope,tangled_rope),[asymmetric,coordination,enforcement,has_beneficiaries],[drifting_without_limit,no_exit_for_victims,unaccountable_extraction],actors(distributed,distributed),drift(rising,unknown,rising),zone(extreme,extreme))
career_duration_compression	six(shift(tangled_rope,scaffold,scaffold,tangled_rope),[asymmetric,coordination,has_beneficiaries,natural],[],actors(distributed,distributed),drift(stable,unknown,stable),zone(negligible,negligible))
caregiver_labor_undervaluation	six(shift(tangled_rope,snare,rope,snare),[asymmetric,coordination,enforcement,has_beneficiaries],[drifting_without_limit,no_exit_for_victims,unaccountable_extraction],actors(distributed,distributed),drift(rising,unknown,rising),zone(extreme,extreme))
caregiving_duty_extraction	six(shift(tangled_rope,tangled_rope,tangled_rope,tangled_rope),[asymmetric,coordination,enforcement,has_beneficiaries],[drifting_without_limit,no_exit_for_victims,unaccountable_extraction],actors(distributed,distributed),drift(rising,unknown,rising),zone(extreme,extreme))
carried_interest_tax_preference	six(shift(naturalized,tangled_rope,rope,snare),[asymmetric,coordination,enforcement,has_beneficiaries],[drifting_without_limit,no_exit_for_victims,unaccountable_extraction],actors(distributed,distributed),drift(rising,unknown,rising),zone(extreme,extreme))
carrier_deployment_deterrence	six(shift(tangled_rope,tangled_rope,tangled_rope,tangled_rope),[asymmetric,coordination,enforcement,has_beneficiaries],[drifting_without_limit,no_exit_for_victims,unaccountable_extraction],actors(distributed,distributed),drift(rising,unknown,rising),zone(extreme,extreme))
carrying_capacity	six(shift(tangled_rope,tangled_rope,tangled_rope,tangled_rope),[asymmetric,coordination,enforcement,has_beneficiaries],[drifting_without_limit,no_exit_for_victims,unaccountable_extraction],actors(distributed,distributed),drift(rising,unknown,rising),zone(extreme,extreme))
cartel_drone_surveillance_el_paso	six(shift(tangled_rope,tangled_rope,tangled_rope,tangled_rope),[asymmetric,coordination,enforcement,has_beneficiaries],[drifting_without_limit,no_exit_for_victims,unaccountable_extraction],actors(concentrated,distributed),drift(rising,unknown,falling),zone(extreme,extreme))
cascade_failure_in_interdependent_systems	six(shift(tangled_rope,tangled_rope,tangled_rope,tangled_rope),[asymmetric,coordination,enforcement,has_beneficiaries],[no_exit_for_victims],actors(distributed,distributed),drift(rising,unknown,rising),zone(low,extreme))
cascading_constraint_failure	six(shift(unknown,tangled_rope,tangled_rope,tangled_rope),[asymmetric,enforcement,has_victims],[coercion_without_coordination,drifting_without_limit,no_exit_for_victims,unaccountable_extraction,undocumented_coordination],actors(none,distributed),drift(rising,unknown,rising),zone(extreme,extreme))
cash_elimination_policy	six(shift(naturalized,tangled_rope,rope,snare),[asymmetric,coordination,enforcement,has_beneficiaries],[drifting_without_limit,no_exit_for_victims,unaccountable_extraction],actors(distributed,distributed),drift(rising,unknown,rising),zone(extreme,extreme))
castration_longevity_choice	six(shift(tangled_rope,tangled_rope,tangled_rope,tangled_rope),[asymmetric,coordination,enforcement,has_beneficiaries],[no_exit_for_victims],actors(distributed,distributed),drift(rising,unknown,rising),zone(low,extreme))
catalysis_funding_concentration	six(shift(tangled_rope,tangled_rope,tangled_rope,tangled_rope),[asymmetric,coordination,enforcement,has_beneficiaries],[drifting_without_limit,no_exit_for_victims,unaccountable_extraction],actors(distributed,distributed),drift(rising,unknown,rising),zone(extreme,extreme))
catalytic_pathway_research_portfolio	six(shift(tangled_rope,tangled_rope,tangled_rope,tangled_rope),[asymmetric,coordination,enforcement,has_beneficiaries],[drifting_without_limit,no_exit_for_victims,unaccountable_extraction],actors(distributed,distributed),drift(rising,unknown,rising),zone(extreme,high))
categorical_boundary_as_cognitive_load_limiter	six(shift(tangled_rope,tangled_rope,tangled_rope,tangled_rope),[coordination,has_beneficiaries],[],actors(distributed,none),drift(unknown,unknown,unknown),zone(negligible,low))
categorical_instrument_blindness	six(shift(tangled_rope,tangled_rope,tangled_rope,tangled_rope),[coordination,has_beneficiaries],[],actors(distributed,none),drift(stable,unknown,stable),zone(negligible,low))
categorical_violence_as_structural_exclusion	six(shift(tangled_rope,tangled_rope,rope,tangled_rope),[asymmetric,coordination,enforcement,has_beneficiaries],[no_exit_for_victims],actors(distributed,distributed),drift(rising,unknown,rising),zone(low,extreme))
category_homology	six(shift(mountain,mountain,mountain,mountain),[has_temporal_data,natural],[],actors(none,none),drift(stable,unknown,stable),zone(negligible,negligible))
category_theory_formalization_requirements	six(shift(tangled_rope,tangled_rope,tangled_rope,tangled_rope),[asymmetric,coordination,enforcement,has_beneficiaries],[no_exit_for_victims],actors(distributed,distributed),drift(rising,unknown,rising),zone(low,high))
catholic_institutional_control	six(shift(tangled_rope,tangled_rope,tangled_rope,tangled_rope),[asymmetric,coordination,enforcement,has_beneficiaries],[drifting_without_limit,no_exit_for_victims,unaccountable_extraction],actors(distributed,distributed),drift(rising,unknown,rising),zone(extreme,extreme))
catholic_marriage_doctrine_ireland	six(shift(tangled_rope,tangled_rope,tangled_rope,tangled_rope),[asymmetric,coordination,enforcement,has_beneficiaries],[drifting_without_limit,no_exit_for_victims,unaccountable_extraction],actors(distributed,distributed),drift(falling,unknown,rising),zone(extreme,extreme))
causal_inference_gap	six(shift(tangled_rope,snare,rope,snare),[asymmetric,coordination,enforcement,has_beneficiaries],[drifting_without_limit,no_exit_for_victims,unaccountable_extraction],actors(distributed,distributed),drift(rising,unknown,rising),zone(extreme,extreme))
causality_constraint	six(shift(mountain,mountain,mountain,mountain),[has_temporal_data,natural],[],actors(none,none),drift(stable,unknown,stable),zone(negligible,negligible))
cb_far_beyond_human	six(shift(tangled_rope,tangled_rope,tangled_rope,tangled_rope),[asymmetric,coordination,enforcement,has_beneficiaries],[drifting_without_limit,no_exit_for_victims,unaccountable_extraction],actors(distributed,distributed),drift(rising,unknown,rising),zone(extreme,extreme))
cbdc_implementation	six(shift(tangled_rope,tangled_rope,tangled_rope,tangled_rope),[asymmetric,coordination,enforcement,has_beneficiaries],[drifting_without_limit,no_exit_for_victims,unaccountable_extraction],actors(distributed,distributed),drift(rising,unknown,rising),zone(extreme,extreme))
cbdc_settlement_infrastructure	six(shift(tangled_rope,tangled_rope,tangled_rope,tangled_rope),[asymmetric,coordination,enforcement,has_beneficiaries],[drifting_without_limit,no_exit_for_victims,unaccountable_extraction],actors(distributed,distributed),drift(rising,unknown,rising),zone(extreme,extreme))
cellular_automaton_universality	six(shift(mountain,mountain,mountain,mountain),[has_temporal_data,natural],[],actors(none,none),drift(stable,unknown,stable),zone(negligible,negligible))
cellular_manipulation_standards	six(shift(tangled_rope,tangled_rope,tangled_rope,tangled_rope),[asymmetric,coordination,enforcement,has_beneficiaries],[drifting_without_limit,no_exit_for_victims,unaccountable_extraction],actors(distributed,distributed),drift(rising,unknown,rising),zone(extreme,extreme))
central_american_sovereignty_constraints	six(shift(tangled_rope,tangled_rope,tangled_rope,tangled_rope),[asymmetric,coordination,enforcement,has_beneficiaries],[drifting_without_limit,no_exit_for_victims,unaccountable_extraction],actors(distributed,distributed),drift(rising,unknown,rising),zone(extreme,extreme))
central_bank_balance_sheet_expansion	six(shift(tangled_rope,tangled_rope,tangled_rope,tangled_rope),[asymmetric,coordination,enforcement,has_beneficiaries],[drifting_without_limit,no_exit_for_victims,unaccountable_extraction],actors(distributed,distributed),drift(rising,unknown,rising),zone(extreme,extreme))
central_bank_digital_currency_execution	six(shift(naturalized,tangled_rope,rope,snare),[asymmetric,coordination,enforcement,has_beneficiaries],[drifting_without_limit,no_exit_for_victims,unaccountable_extraction],actors(distributed,distributed),drift(rising,unknown,rising),zone(extreme,extreme))
central_bank_independence	six(shift(tangled_rope,tangled_rope,tangled_rope,tangled_rope),[asymmetric,coordination,enforcement,has_beneficiaries],[drifting_without_limit,no_exit_for_victims,unaccountable_extraction],actors(distributed,distributed),drift(rising,unknown,rising),zone(extreme,high))
central_bank_independence_capture	six(shift(tangled_rope,tangled_rope,tangled_rope,tangled_rope),[asymmetric,coordination,enforcement,has_beneficiaries],[drifting_without_limit,no_exit_for_victims,unaccountable_extraction],actors(distributed,distributed),drift(rising,unknown,rising),zone(extreme,extreme))
central_limit_theorem	six(shift(mountain,mountain,mountain,mountain),[has_temporal_data,natural],[],actors(none,none),drift(stable,unknown,stable),zone(negligible,negligible))
central_limit_theorem_convergence	six(shift(mountain,mountain,mountain,mountain),[has_temporal_data,natural],[],actors(none,none),drift(stable,unknown,stable),zone(negligible,negligible))
centralized_power_grid_lock_in	six(shift(naturalized,tangled_rope,naturalized,snare),[asymmetric,coordination,enforcement,has_beneficiaries],[drifting_without_limit,no_exit_for_victims,unaccountable_extraction],actors(distributed,distributed),drift(rising,unknown,rising),zone(extreme,extreme))
certainty_as_foreclosure	six(shift(tangled_rope,tangled_rope,tangled_rope,tangled_rope),[asymmetric,coordination,enforcement,has_beneficiaries],[drifting_without_limit,no_exit_for_victims,unaccountable_extraction],actors(distributed,distributed),drift(rising,unknown,rising),zone(extreme,high))
cfius_hiefo_emcore_divestment	six(shift(tangled_rope,tangled_rope,tangled_rope,tangled_rope),[asymmetric,coordination,enforcement,has_beneficiaries],[drifting_without_limit,no_exit_for_victims,unaccountable_extraction],actors(distributed,distributed),drift(rising,unknown,rising),zone(extreme,extreme))
cg_israelgaza_20231012	six(shift(tangled_rope,tangled_rope,tangled_rope,tangled_rope),[asymmetric,coordination,enforcement,has_beneficiaries],[drifting_without_limit,no_exit_for_victims,unaccountable_extraction],actors(distributed,distributed),drift(rising,unknown,rising),zone(extreme,extreme))
chaco_road_network_hierarchy	six(shift(tangled_rope,tangled_rope,tangled_rope,tangled_rope),[asymmetric,coordination,enforcement,has_beneficiaries],[drifting_without_limit,no_exit_for_victims,unaccountable_extraction],actors(distributed,distributed),drift(rising,unknown,rising),zone(extreme,extreme))
chain_rule_composition	six(shift(mountain,mountain,mountain,mountain),[has_theater,natural],[],actors(none,none),drift(unknown,unknown,unknown),zone(negligible,negligible))
chaitins_omega_undecidability	six(shift(mountain,mountain,mountain,mountain),[has_temporal_data,natural],[],actors(none,none),drift(stable,unknown,rising),zone(negligible,negligible))
challenge_exhaustion	six(shift(tangled_rope,snare,rope,snare),[asymmetric,coordination,enforcement,has_beneficiaries],[drifting_without_limit,no_exit_for_victims,unaccountable_extraction],actors(distributed,distributed),drift(rising,unknown,rising),zone(extreme,extreme))
challenger_thermal_protection_failure	six(shift(unknown,tangled_rope,tangled_rope,tangled_rope),[asymmetric,enforcement,has_victims],[coercion_without_coordination,drifting_without_limit,no_exit_for_victims,unaccountable_extraction,undocumented_coordination],actors(none,distributed),drift(rising,unknown,rising),zone(extreme,extreme))
champions_bass_fishing_exclusion	six(shift(tangled_rope,tangled_rope,rope,tangled_rope),[asymmetric,coordination,enforcement,has_beneficiaries],[drifting_without_limit,no_exit_for_victims,unaccountable_extraction],actors(distributed,distributed),drift(rising,unknown,rising),zone(extreme,high))
chaos_theory_determinism	six(shift(mountain,mountain,mountain,mountain),[has_temporal_data,natural],[],actors(none,none),drift(stable,unknown,stable),zone(negligible,negligible))
chaos_theory_foundation	six(shift(mountain,mountain,mountain,mountain),[has_temporal_data,natural],[],actors(none,none),drift(stable,unknown,stable),zone(negligible,negligible))
chaos_trajectory_divergence	six(shift(mountain,mountain,mountain,mountain),[has_temporal_data,natural],[],actors(none,none),drift(stable,unknown,stable),zone(negligible,negligible))
chaotic_dynamical_systems_predictability	six(shift(mountain,mountain,mountain,mountain),[has_temporal_data,natural],[],actors(none,none),drift(stable,unknown,stable),zone(negligible,negligible))
character_revelation_asymmetry	six(shift(tangled_rope,tangled_rope,rope,tangled_rope),[asymmetric,coordination,enforcement,has_beneficiaries],[drifting_without_limit,no_exit_for_victims,unaccountable_extraction],actors(distributed,distributed),drift(rising,unknown,rising),zone(extreme,high))
chemical_regulatory_capture	six(shift(tangled_rope,tangled_rope,tangled_rope,tangled_rope),[asymmetric,coordination,enforcement,has_beneficiaries],[drifting_without_limit,no_exit_for_victims,unaccountable_extraction],actors(distributed,distributed),drift(rising,unknown,rising),zone(extreme,extreme))
chemical_risk_postponement	six(shift(tangled_rope,tangled_rope,tangled_rope,tangled_rope),[asymmetric,coordination,enforcement,has_beneficiaries],[drifting_without_limit,no_exit_for_victims,unaccountable_extraction],actors(distributed,distributed),drift(rising,unknown,rising),zone(extreme,extreme))
child_custody_asymmetry	six(shift(tangled_rope,tangled_rope,tangled_rope,tangled_rope),[asymmetric,coordination,enforcement,has_beneficiaries],[drifting_without_limit,no_exit_for_victims,unaccountable_extraction],actors(distributed,distributed),drift(rising,unknown,rising),zone(extreme,extreme))
childhood_magical_thinking_development	six(shift(mountain,mountain,mountain,mountain),[has_temporal_data,natural],[],actors(none,none),drift(stable,unknown,stable),zone(negligible,negligible))
china_advanced_chip_design_constraint	six(shift(tangled_rope,tangled_rope,tangled_rope,tangled_rope),[asymmetric,coordination,enforcement,has_beneficiaries],[drifting_without_limit,no_exit_for_victims,unaccountable_extraction],actors(distributed,distributed),drift(rising,unknown,rising),zone(extreme,extreme))
china_africa_zero_tariff_2026	six(shift(tangled_rope,tangled_rope,tangled_rope,tangled_rope),[asymmetric,coordination,enforcement,has_beneficiaries],[drifting_without_limit,no_exit_for_victims,unaccountable_extraction],actors(distributed,distributed),drift(rising,unknown,rising),zone(extreme,extreme))
china_contraceptive_tax	six(shift(tangled_rope,tangled_rope,tangled_rope,tangled_rope),[asymmetric,coordination,enforcement,has_beneficiaries],[drifting_without_limit,no_exit_for_victims,unaccountable_extraction],actors(distributed,distributed),drift(rising,unknown,falling),zone(extreme,extreme))
china_reproductive_coercion_history	six(shift(unknown,snare,rope,snare),[asymmetric,enforcement,has_victims],[coercion_without_coordination,drifting_without_limit,no_exit_for_victims,unaccountable_extraction,undocumented_coordination],actors(none,distributed),drift(falling,unknown,rising),zone(extreme,extreme))
china_ssbn_deployment_strategy	six(shift(tangled_rope,tangled_rope,tangled_rope,tangled_rope),[asymmetric,coordination,enforcement,has_beneficiaries],[drifting_without_limit,no_exit_for_victims,unaccountable_extraction],actors(distributed,distributed),drift(rising,unknown,falling),zone(extreme,extreme))
china_vactrain_standard	six(shift(tangled_rope,tangled_rope,tangled_rope,tangled_rope),[asymmetric,coordination,enforcement,has_beneficiaries],[drifting_without_limit,no_exit_for_victims,unaccountable_extraction],actors(distributed,distributed),drift(rising,unknown,rising),zone(extreme,extreme))
chinese_civil_military_relations	six(shift(tangled_rope,tangled_rope,tangled_rope,tangled_rope),[asymmetric,coordination,enforcement,has_beneficiaries],[drifting_without_limit,no_exit_for_victims,unaccountable_extraction],actors(distributed,distributed),drift(rising,unknown,rising),zone(extreme,extreme))
chinese_ev_manufacturing_fdi	six(shift(naturalized,tangled_rope,tangled_rope,snare),[asymmetric,coordination,enforcement,has_beneficiaries],[drifting_without_limit,no_exit_for_victims,unaccountable_extraction],actors(distributed,distributed),drift(rising,unknown,rising),zone(extreme,extreme))
chinese_fishing_fleet_viability	six(shift(tangled_rope,tangled_rope,tangled_rope,tangled_rope),[asymmetric,coordination,enforcement,has_beneficiaries],[drifting_without_limit,no_exit_for_victims,unaccountable_extraction],actors(distributed,distributed),drift(rising,unknown,rising),zone(extreme,extreme))
chinese_overcapacity_offloading	six(shift(tangled_rope,tangled_rope,tangled_rope,tangled_rope),[asymmetric,coordination,enforcement,has_beneficiaries],[drifting_without_limit,no_exit_for_victims,unaccountable_extraction],actors(distributed,distributed),drift(rising,unknown,rising),zone(extreme,extreme))
chinese_rare_earth_export_monopoly	six(shift(tangled_rope,tangled_rope,tangled_rope,tangled_rope),[asymmetric,coordination,enforcement,has_beneficiaries],[drifting_without_limit,no_exit_for_victims,unaccountable_extraction],actors(distributed,distributed),drift(rising,unknown,rising),zone(extreme,extreme))
chip_control_efficacy	six(shift(tangled_rope,tangled_rope,tangled_rope,tangled_rope),[coordination,has_beneficiaries],[],actors(distributed,none),drift(unknown,unknown,unknown),zone(negligible,low))
chip_design_complexity_scaling	six(shift(tangled_rope,tangled_rope,naturalized,tangled_rope),[asymmetric,coordination,enforcement,has_beneficiaries],[drifting_without_limit,no_exit_for_victims,unaccountable_extraction],actors(distributed,distributed),drift(rising,unknown,rising),zone(extreme,high))
cholesterol_pill_cost	six(shift(tangled_rope,tangled_rope,tangled_rope,tangled_rope),[asymmetric,coordination,enforcement,has_beneficiaries],[drifting_without_limit,no_exit_for_victims,unaccountable_extraction],actors(concentrated,distributed),drift(rising,unknown,rising),zone(extreme,extreme))
christian_cosmology_replacement_mechanism	six(shift(tangled_rope,tangled_rope,tangled_rope,tangled_rope),[asymmetric,coordination,enforcement,has_beneficiaries],[drifting_without_limit,no_exit_for_victims,unaccountable_extraction],actors(distributed,distributed),drift(rising,unknown,rising),zone(extreme,extreme))
church_turing_thesis	six(shift(mountain,mountain,mountain,mountain),[has_theater,natural],[],actors(none,none),drift(unknown,unknown,unknown),zone(negligible,negligible))
cinderella_midnight_deadline	six(shift(tangled_rope,tangled_rope,tangled_rope,tangled_rope),[asymmetric,coordination,enforcement,has_beneficiaries,sunset],[],actors(distributed,distributed),drift(rising,unknown,rising),zone(extreme,extreme))
circuit_breaker_theater	six(shift(tangled_rope,tangled_rope,tangled_rope,tangled_rope),[asymmetric,coordination,enforcement,has_beneficiaries],[drifting_without_limit,no_exit_for_victims,unaccountable_extraction],actors(distributed,distributed),drift(rising,unknown,rising),zone(extreme,extreme))
circuit_layout_verification	six(shift(tangled_rope,tangled_rope,naturalized,tangled_rope),[asymmetric,coordination,enforcement,has_beneficiaries],[drifting_without_limit,no_exit_for_victims,unaccountable_extraction],actors(distributed,distributed),drift(rising,unknown,rising),zone(extreme,high))
citation_index_bias	six(shift(naturalized,tangled_rope,rope,snare),[asymmetric,coordination,enforcement,has_beneficiaries],[drifting_without_limit,no_exit_for_victims,unaccountable_extraction],actors(distributed,distributed),drift(rising,unknown,rising),zone(extreme,extreme))
citation_market_efficiency	six(shift(tangled_rope,tangled_rope,tangled_rope,tangled_rope),[asymmetric,coordination,enforcement,has_beneficiaries],[drifting_without_limit,no_exit_for_victims,unaccountable_extraction],actors(distributed,distributed),drift(rising,unknown,rising),zone(extreme,extreme))
civil_rights_litigation_barrier	six(shift(tangled_rope,tangled_rope,tangled_rope,tangled_rope),[asymmetric,coordination,enforcement,has_beneficiaries],[drifting_without_limit,no_exit_for_victims,unaccountable_extraction],actors(distributed,distributed),drift(rising,unknown,rising),zone(extreme,extreme))
civil_service_path_dependency	six(shift(naturalized,tangled_rope,tangled_rope,snare),[asymmetric,coordination,enforcement,has_beneficiaries],[drifting_without_limit,no_exit_for_victims,unaccountable_extraction],actors(distributed,distributed),drift(rising,unknown,rising),zone(extreme,extreme))
civil_society_organizational_capacity	six(shift(tangled_rope,tangled_rope,tangled_rope,tangled_rope),[asymmetric,coordination,enforcement,has_beneficiaries],[drifting_without_limit,no_exit_for_victims,unaccountable_extraction],actors(distributed,distributed),drift(rising,unknown,rising),zone(extreme,high))
civilian_targeting_accountability	six(shift(tangled_rope,tangled_rope,tangled_rope,tangled_rope),[asymmetric,coordination,enforcement,has_beneficiaries],[drifting_without_limit,no_exit_for_victims,unaccountable_extraction],actors(distributed,distributed),drift(rising,unknown,rising),zone(extreme,extreme))
civilizational_lifecycle_solara	six(shift(tangled_rope,tangled_rope,tangled_rope,tangled_rope),[asymmetric,coordination,enforcement,has_beneficiaries],[no_exit_for_victims],actors(distributed,distributed),drift(rising,unknown,rising),zone(low,high))
civilizational_maintenance_debt	six(shift(tangled_rope,tangled_rope,tangled_rope,tangled_rope),[asymmetric,coordination,enforcement,has_beneficiaries],[drifting_without_limit,no_exit_for_victims,unaccountable_extraction],actors(distributed,distributed),drift(rising,unknown,rising),zone(extreme,extreme))
clarification_loop_structure	six(shift(tangled_rope,tangled_rope,rope,tangled_rope),[asymmetric,coordination,enforcement,has_beneficiaries],[no_exit_for_victims],actors(distributed,distributed),drift(rising,unknown,rising),zone(low,high))
class_field_theory_foundation	six(shift(mountain,mountain,mountain,mountain),[has_temporal_data,natural],[],actors(none,none),drift(stable,unknown,stable),zone(negligible,negligible))
classification_as_accountability_shield	six(shift(tangled_rope,tangled_rope,tangled_rope,tangled_rope),[asymmetric,coordination,enforcement,has_beneficiaries],[drifting_without_limit,no_exit_for_victims,unaccountable_extraction],actors(concentrated,distributed),drift(rising,unknown,rising),zone(extreme,extreme))
clawderberg_recursive_slop	six(shift(tangled_rope,tangled_rope,tangled_rope,tangled_rope),[asymmetric,coordination,enforcement,has_beneficiaries],[drifting_without_limit,no_exit_for_victims,unaccountable_extraction],actors(distributed,distributed),drift(rising,unknown,rising),zone(extreme,extreme))
clean_power_plan_reversal	six(shift(tangled_rope,tangled_rope,tangled_rope,tangled_rope),[asymmetric,coordination,enforcement,has_beneficiaries],[drifting_without_limit,no_exit_for_victims,unaccountable_extraction],actors(distributed,distributed),drift(rising,unknown,rising),zone(extreme,extreme))
click_chemistry_paradigm_2026	six(shift(tangled_rope,tangled_rope,tangled_rope,tangled_rope),[asymmetric,coordination,enforcement,has_beneficiaries],[no_exit_for_victims],actors(distributed,distributed),drift(rising,unknown,rising),zone(low,high))
climate_attribution_2026	six(shift(tangled_rope,tangled_rope,naturalized,tangled_rope),[asymmetric,coordination,enforcement,has_beneficiaries],[drifting_without_limit,no_exit_for_victims,unaccountable_extraction],actors(distributed,distributed),drift(rising,unknown,rising),zone(extreme,high))
climate_catastrophe_belief	six(shift(tangled_rope,tangled_rope,rope,tangled_rope),[asymmetric,coordination,enforcement,has_beneficiaries],[drifting_without_limit,no_exit_for_victims,unaccountable_extraction],actors(distributed,distributed),drift(rising,unknown,rising),zone(extreme,high))
climate_change_mitigation	six(shift(naturalized,tangled_rope,rope,snare),[asymmetric,coordination,enforcement,has_beneficiaries],[drifting_without_limit,no_exit_for_victims,unaccountable_extraction],actors(distributed,distributed),drift(rising,unknown,rising),zone(extreme,extreme))
climate_change_political_inaction	six(shift(tangled_rope,tangled_rope,tangled_rope,tangled_rope),[asymmetric,coordination,enforcement,has_beneficiaries],[drifting_without_limit,no_exit_for_victims,unaccountable_extraction],actors(distributed,distributed),drift(rising,unknown,rising),zone(extreme,extreme))
climate_change_winter_sports_viability	six(shift(tangled_rope,tangled_rope,tangled_rope,tangled_rope),[asymmetric,coordination,enforcement,has_beneficiaries],[drifting_without_limit,no_exit_for_victims,unaccountable_extraction],actors(distributed,distributed),drift(rising,unknown,rising),zone(extreme,extreme))
climate_driven_ecosystem_state_change	six(shift(tangled_rope,tangled_rope,tangled_rope,tangled_rope),[asymmetric,coordination,enforcement,has_beneficiaries],[drifting_without_limit,no_exit_for_victims,unaccountable_extraction],actors(distributed,distributed),drift(rising,unknown,rising),zone(extreme,extreme))
climate_event_attribution	six(shift(tangled_rope,tangled_rope,tangled_rope,tangled_rope),[asymmetric,coordination,enforcement,has_beneficiaries],[drifting_without_limit,no_exit_for_victims,unaccountable_extraction],actors(distributed,distributed),drift(rising,unknown,rising),zone(extreme,high))
climate_finance_adequacy	six(shift(naturalized,tangled_rope,rope,snare),[asymmetric,coordination,enforcement,has_beneficiaries],[drifting_without_limit,no_exit_for_victims,unaccountable_extraction],actors(distributed,distributed),drift(rising,unknown,rising),zone(extreme,extreme))
climate_finance_withdrawal	six(shift(unknown,tangled_rope,tangled_rope,tangled_rope),[asymmetric,enforcement,has_victims],[coercion_without_coordination,drifting_without_limit,no_exit_for_victims,unaccountable_extraction,undocumented_coordination],actors(none,distributed),drift(rising,unknown,rising),zone(extreme,extreme))
climate_infrastructure_misalignment	six(shift(tangled_rope,tangled_rope,tangled_rope,tangled_rope),[asymmetric,coordination,enforcement,has_beneficiaries],[drifting_without_limit,no_exit_for_victims,unaccountable_extraction],actors(distributed,distributed),drift(rising,unknown,rising),zone(extreme,extreme))
climate_lag_amplification	six(shift(tangled_rope,unknown,tangled_rope,tangled_rope),[asymmetric,enforcement,has_victims],[coercion_without_coordination,drifting_without_limit,no_exit_for_victims,unaccountable_extraction,undocumented_coordination],actors(none,distributed),drift(rising,unknown,rising),zone(extreme,extreme))
climate_liability_legal_standard	six(shift(tangled_rope,tangled_rope,tangled_rope,tangled_rope),[asymmetric,coordination,enforcement,has_beneficiaries],[drifting_without_limit,no_exit_for_victims,unaccountable_extraction],actors(distributed,distributed),drift(rising,unknown,rising),zone(extreme,extreme))
climate_logistics_vulnerability	six(shift(tangled_rope,tangled_rope,tangled_rope,tangled_rope),[asymmetric,coordination,enforcement,has_beneficiaries],[drifting_without_limit,no_exit_for_victims,unaccountable_extraction],actors(distributed,distributed),drift(rising,unknown,rising),zone(extreme,extreme))
climate_model_initialization	six(shift(tangled_rope,tangled_rope,naturalized,tangled_rope),[asymmetric,coordination,enforcement,has_beneficiaries],[drifting_without_limit,no_exit_for_victims,unaccountable_extraction],actors(distributed,distributed),drift(rising,unknown,rising),zone(extreme,high))
climate_model_paleoclimate_dependency	six(shift(tangled_rope,tangled_rope,naturalized,tangled_rope),[asymmetric,coordination,enforcement,has_beneficiaries],[drifting_without_limit,no_exit_for_victims,unaccountable_extraction],actors(distributed,distributed),drift(rising,unknown,rising),zone(extreme,high))
climate_policy_capture	six(shift(tangled_rope,tangled_rope,tangled_rope,tangled_rope),[asymmetric,coordination,enforcement,has_beneficiaries],[drifting_without_limit,no_exit_for_victims,unaccountable_extraction],actors(distributed,distributed),drift(rising,unknown,rising),zone(extreme,extreme))
climate_policy_extraction	six(shift(unknown,tangled_rope,tangled_rope,tangled_rope),[asymmetric,enforcement,has_victims],[coercion_without_coordination,drifting_without_limit,no_exit_for_victims,unaccountable_extraction,undocumented_coordination],actors(none,distributed),drift(rising,unknown,rising),zone(extreme,extreme))
climate_policy_incrementalism	six(shift(tangled_rope,tangled_rope,tangled_rope,tangled_rope),[asymmetric,coordination,enforcement,has_beneficiaries],[drifting_without_limit,no_exit_for_victims,unaccountable_extraction],actors(distributed,distributed),drift(rising,unknown,rising),zone(extreme,extreme))
climate_policy_intervention_threshold	six(shift(tangled_rope,tangled_rope,tangled_rope,tangled_rope),[asymmetric,coordination,enforcement,has_beneficiaries],[drifting_without_limit,no_exit_for_victims,unaccountable_extraction],actors(distributed,distributed),drift(rising,unknown,rising),zone(extreme,extreme))
climate_scenario_ensemble_construction	six(shift(tangled_rope,tangled_rope,tangled_rope,tangled_rope),[asymmetric,coordination,enforcement,has_beneficiaries],[drifting_without_limit,no_exit_for_victims,unaccountable_extraction],actors(distributed,distributed),drift(rising,unknown,rising),zone(extreme,high))
climate_stability	six(shift(tangled_rope,tangled_rope,tangled_rope,tangled_rope),[asymmetric,coordination,enforcement,has_beneficiaries],[drifting_without_limit,no_exit_for_victims,unaccountable_extraction],actors(distributed,distributed),drift(rising,unknown,rising),zone(extreme,extreme))
climate_stabilization_timeline	six(shift(tangled_rope,tangled_rope,tangled_rope,tangled_rope),[asymmetric,coordination,enforcement,has_beneficiaries],[drifting_without_limit,no_exit_for_victims,unaccountable_extraction],actors(distributed,distributed),drift(rising,unknown,rising),zone(extreme,extreme))
climate_target_one_point_five	six(shift(tangled_rope,tangled_rope,tangled_rope,tangled_rope),[asymmetric,coordination,enforcement,has_beneficiaries],[drifting_without_limit,no_exit_for_victims,unaccountable_extraction],actors(distributed,distributed),drift(rising,unknown,rising),zone(extreme,extreme))
climate_tipping_point_cascade	six(shift(tangled_rope,tangled_rope,tangled_rope,tangled_rope),[asymmetric,coordination,enforcement,has_beneficiaries],[drifting_without_limit,no_exit_for_victims,unaccountable_extraction],actors(distributed,distributed),drift(rising,unknown,rising),zone(extreme,extreme))
climate_tipping_points	six(shift(tangled_rope,tangled_rope,tangled_rope,tangled_rope),[asymmetric,coordination,enforcement,has_beneficiaries],[drifting_without_limit,no_exit_for_victims,unaccountable_extraction],actors(distributed,distributed),drift(rising,unknown,rising),zone(extreme,extreme))
clinical_authority_topology	six(shift(tangled_rope,scaffold,scaffold,tangled_rope),[coordination,has_beneficiaries,natural],[],actors(distributed,none),drift(rising,unknown,stable),zone(negligible,negligible))
cloud_infrastructure_lock_in	six(shift(tangled_rope,tangled_rope,rope,snare),[asymmetric,coordination,enforcement,has_beneficiaries],[drifting_without_limit,no_exit_for_victims,unaccountable_extraction],actors(distributed,distributed),drift(rising,unknown,rising),zone(extreme,extreme))
cloudflare_dual_class_asymmetry	six(shift(tangled_rope,tangled_rope,tangled_rope,tangled_rope),[asymmetric,coordination,enforcement,has_beneficiaries],[drifting_without_limit,no_exit_for_victims,unaccountable_extraction],actors(concentrated,distributed),drift(rising,unknown,rising),zone(extreme,extreme))
clt_convergence_2026	six(shift(mountain,mountain,mountain,mountain),[has_temporal_data,natural],[],actors(none,none),drift(stable,unknown,stable),zone(negligible,negligible))
cmr_001	six(shift(tangled_rope,tangled_rope,tangled_rope,tangled_rope),[asymmetric,coordination,enforcement,has_beneficiaries],[drifting_without_limit,no_exit_for_victims,unaccountable_extraction],actors(distributed,distributed),drift(rising,unknown,rising),zone(extreme,extreme))
cn_tech_decoupling_security_software	six(shift(naturalized,tangled_rope,rope,snare),[asymmetric,coordination,enforcement,has_beneficiaries],[drifting_without_limit,no_exit_for_victims,unaccountable_extraction],actors(distributed,distributed),drift(rising,unknown,rising),zone(extreme,extreme))
coal_generator_stranded_asset_risk	six(shift(tangled_rope,tangled_rope,tangled_rope,tangled_rope),[asymmetric,coordination,enforcement,has_beneficiaries],[drifting_without_limit,no_exit_for_victims,unaccountable_extraction],actors(distributed,distributed),drift(rising,unknown,rising),zone(extreme,extreme))
coal_phase_out_timelines	six(shift(tangled_rope,tangled_rope,tangled_rope,tangled_rope),[asymmetric,coordination,enforcement,has_beneficiaries],[drifting_without_limit,no_exit_for_victims,unaccountable_extraction],actors(distributed,distributed),drift(rising,unknown,rising),zone(extreme,extreme))
coalition_formation_bargaining	six(shift(tangled_rope,tangled_rope,naturalized,tangled_rope),[asymmetric,coordination,enforcement,has_beneficiaries],[drifting_without_limit,no_exit_for_victims,unaccountable_extraction],actors(distributed,distributed),drift(rising,unknown,rising),zone(extreme,high))
coalition_fragmentation_barrier	six(shift(tangled_rope,tangled_rope,rope,snare),[asymmetric,coordination,enforcement,has_beneficiaries],[drifting_without_limit,no_exit_for_victims,unaccountable_extraction],actors(distributed,distributed),drift(rising,unknown,rising),zone(extreme,extreme))
coalition_government_stability	six(shift(tangled_rope,tangled_rope,tangled_rope,tangled_rope),[asymmetric,coordination,enforcement,has_beneficiaries],[drifting_without_limit,no_exit_for_victims,unaccountable_extraction],actors(distributed,distributed),drift(rising,unknown,rising),zone(extreme,high))
cobalt_congo_dependency	six(shift(tangled_rope,snare,naturalized,snare),[asymmetric,coordination,enforcement,has_beneficiaries],[drifting_without_limit,no_exit_for_victims,unaccountable_extraction],actors(distributed,distributed),drift(rising,unknown,rising),zone(extreme,extreme))
cobra_effect	six(shift(tangled_rope,tangled_rope,rope,snare),[asymmetric,coordination,enforcement,has_beneficiaries],[drifting_without_limit,no_exit_for_victims,unaccountable_extraction],actors(distributed,distributed),drift(rising,unknown,rising),zone(extreme,extreme))
codex_access	six(shift(tangled_rope,tangled_rope,tangled_rope,tangled_rope),[asymmetric,coordination,enforcement,has_beneficiaries],[drifting_without_limit,no_exit_for_victims,unaccountable_extraction],actors(distributed,distributed),drift(rising,unknown,falling),zone(extreme,extreme))
coe_ukraine_reparations_register	six(shift(tangled_rope,tangled_rope,tangled_rope,tangled_rope),[asymmetric,coordination,enforcement,has_beneficiaries],[drifting_without_limit,no_exit_for_victims,unaccountable_extraction],actors(distributed,distributed),drift(rising,unknown,rising),zone(extreme,extreme))
coffee_cardiovascular_2026	six(shift(tangled_rope,tangled_rope,tangled_rope,tangled_rope),[asymmetric,coordination,enforcement,has_beneficiaries],[no_exit_for_victims],actors(distributed,distributed),drift(rising,unknown,rising),zone(low,high))
cognitive_autonomy_boundary	six(shift(tangled_rope,tangled_rope,tangled_rope,tangled_rope),[asymmetric,coordination,enforcement,has_beneficiaries],[drifting_without_limit,no_exit_for_victims,unaccountable_extraction],actors(distributed,distributed),drift(rising,unknown,rising),zone(extreme,extreme))
cognitive_autonomy_verification	six(shift(tangled_rope,tangled_rope,tangled_rope,tangled_rope),[asymmetric,coordination,enforcement,has_beneficiaries],[drifting_without_limit,no_exit_for_victims,unaccountable_extraction],actors(distributed,distributed),drift(rising,unknown,rising),zone(extreme,extreme))
cognitive_bicycle_scaffold	six(shift(tangled_rope,tangled_rope,tangled_rope,tangled_rope),[asymmetric,coordination,enforcement,has_beneficiaries,sunset],[],actors(distributed,distributed),drift(rising,unknown,rising),zone(low,moderate))
cognitive_diversity_arbitrage	six(shift(tangled_rope,tangled_rope,tangled_rope,tangled_rope),[asymmetric,coordination,enforcement,has_beneficiaries],[drifting_without_limit,no_exit_for_victims,unaccountable_extraction],actors(distributed,distributed),drift(rising,unknown,rising),zone(extreme,extreme))
cognitive_efficiency_epistemic_cost	six(shift(mountain,mountain,mountain,mountain),[has_theater,natural],[],actors(none,none),drift(unknown,unknown,unknown),zone(negligible,negligible))
cognitive_energy_budget	six(shift(tangled_rope,tangled_rope,tangled_rope,tangled_rope),[asymmetric,coordination,enforcement,has_beneficiaries],[drifting_without_limit,no_exit_for_victims,unaccountable_extraction],actors(distributed,distributed),drift(rising,unknown,rising),zone(extreme,extreme))
cognitive_enhancement_labor_market_segregation	six(shift(tangled_rope,tangled_rope,tangled_rope,tangled_rope),[asymmetric,coordination,enforcement,has_beneficiaries],[drifting_without_limit,no_exit_for_victims,unaccountable_extraction],actors(distributed,distributed),drift(rising,unknown,rising),zone(extreme,extreme))
cognitive_entrenchment_mechanism	six(shift(unknown,unknown,tangled_rope,tangled_rope),[asymmetric,coordination,has_beneficiaries],[drifting_without_limit,no_exit_for_victims,self_sustaining_extraction,unaccountable_extraction,unenforced_suppression],actors(distributed,distributed),drift(rising,unknown,rising),zone(extreme,extreme))
cognitive_hacking_2026	six(shift(tangled_rope,tangled_rope,tangled_rope,tangled_rope),[asymmetric,coordination,enforcement,has_beneficiaries],[drifting_without_limit,no_exit_for_victims,unaccountable_extraction],actors(distributed,distributed),drift(rising,unknown,rising),zone(extreme,extreme))
cognitive_induction_gap	six(shift(tangled_rope,tangled_rope,tangled_rope,tangled_rope),[asymmetric,coordination,enforcement,has_beneficiaries],[drifting_without_limit,no_exit_for_victims,unaccountable_extraction],actors(distributed,distributed),drift(rising,unknown,rising),zone(extreme,extreme))
cognitive_labor_commodification	six(shift(tangled_rope,tangled_rope,tangled_rope,tangled_rope),[asymmetric,coordination,enforcement,has_beneficiaries],[drifting_without_limit,no_exit_for_victims,unaccountable_extraction],actors(distributed,distributed),drift(rising,unknown,rising),zone(extreme,extreme))
cognitive_labor_precarity	six(shift(tangled_rope,tangled_rope,tangled_rope,tangled_rope),[asymmetric,coordination,enforcement,has_beneficiaries],[drifting_without_limit,no_exit_for_victims,unaccountable_extraction],actors(distributed,distributed),drift(rising,unknown,rising),zone(extreme,extreme))
cognitive_liberty_defense	six(shift(naturalized,unknown,naturalized,snare),[asymmetric,enforcement,has_victims],[coercion_without_coordination,drifting_without_limit,no_exit_for_victims,unaccountable_extraction,undocumented_coordination],actors(none,distributed),drift(rising,unknown,rising),zone(extreme,extreme))
cognitive_surrender_to_system_3	six(shift(tangled_rope,tangled_rope,tangled_rope,tangled_rope),[asymmetric,coordination,enforcement,has_beneficiaries],[drifting_without_limit,no_exit_for_victims,unaccountable_extraction],actors(distributed,distributed),drift(rising,unknown,rising),zone(extreme,extreme))
cognitive_universals_hypothesis	six(shift(tangled_rope,tangled_rope,tangled_rope,tangled_rope),[asymmetric,coordination,enforcement,has_beneficiaries],[no_exit_for_victims],actors(distributed,distributed),drift(rising,unknown,rising),zone(low,high))
coinbase_crypto_volatility	six(shift(tangled_rope,tangled_rope,tangled_rope,tangled_rope),[asymmetric,coordination,enforcement,has_beneficiaries],[drifting_without_limit,no_exit_for_victims,unaccountable_extraction],actors(distributed,distributed),drift(rising,unknown,rising),zone(extreme,high))
cold_dark_matter_paradigm	six(shift(tangled_rope,tangled_rope,tangled_rope,tangled_rope),[asymmetric,coordination,enforcement,has_beneficiaries],[drifting_without_limit,no_exit_for_victims,unaccountable_extraction],actors(concentrated,distributed),drift(rising,unknown,rising),zone(extreme,high))
cold_war_geopolitical_constraint	six(shift(tangled_rope,tangled_rope,tangled_rope,tangled_rope),[asymmetric,coordination,enforcement,has_beneficiaries],[drifting_without_limit,no_exit_for_victims,unaccountable_extraction],actors(distributed,distributed),drift(rising,unknown,rising),zone(extreme,extreme))
cold_war_intelligence_partnerships	six(shift(tangled_rope,tangled_rope,tangled_rope,tangled_rope),[asymmetric,coordination,enforcement,has_beneficiaries],[drifting_without_limit,no_exit_for_victims,unaccountable_extraction],actors(distributed,distributed),drift(rising,unknown,rising),zone(extreme,extreme))
collateral_sufficiency_floor	six(shift(tangled_rope,tangled_rope,tangled_rope,tangled_rope),[asymmetric,coordination,enforcement,has_beneficiaries],[drifting_without_limit,no_exit_for_victims,unaccountable_extraction],actors(distributed,distributed),drift(rising,unknown,rising),zone(extreme,extreme))
collatz_conjecture	six(shift(mountain,mountain,mountain,mountain),[has_theater,natural],[],actors(none,none),drift(unknown,unknown,unknown),zone(negligible,negligible))
collatz_conjecture_determinism	six(shift(mountain,mountain,mountain,mountain),[has_temporal_data,natural],[],actors(none,none),drift(stable,unknown,rising),zone(negligible,negligible))
collective_action_as_leverage_conversion	six(shift(scaffold,scaffold,scaffold,unknown),[asymmetric,coordination,has_beneficiaries],[no_exit_for_victims,self_sustaining_extraction],actors(distributed,distributed),drift(rising,unknown,rising),zone(low,high))
collective_action_blockage_via_stratification	six(shift(tangled_rope,tangled_rope,tangled_rope,tangled_rope),[asymmetric,coordination,enforcement,has_beneficiaries],[drifting_without_limit,no_exit_for_victims,unaccountable_extraction],actors(distributed,distributed),drift(rising,unknown,rising),zone(extreme,extreme))
collective_action_capacity_collapse	six(shift(tangled_rope,tangled_rope,tangled_rope,tangled_rope),[asymmetric,coordination,enforcement,has_beneficiaries],[drifting_without_limit,no_exit_for_victims,unaccountable_extraction],actors(concentrated,distributed),drift(rising,unknown,rising),zone(extreme,extreme))
collective_action_deadlock	six(shift(tangled_rope,tangled_rope,tangled_rope,tangled_rope),[asymmetric,coordination,enforcement,has_beneficiaries],[drifting_without_limit,no_exit_for_victims,unaccountable_extraction],actors(distributed,distributed),drift(rising,unknown,rising),zone(extreme,extreme))
collective_action_problem	six(shift(scaffold,scaffold,scaffold,unknown),[coordination,has_beneficiaries],[],actors(concentrated,none),drift(rising,unknown,rising),zone(low,high))
collective_action_problem_general	six(shift(scaffold,scaffold,scaffold,unknown),[coordination,has_beneficiaries],[],actors(distributed,none),drift(rising,unknown,rising),zone(low,high))
collective_action_threshold	six(shift(tangled_rope,tangled_rope,tangled_rope,unknown),[asymmetric,coordination,has_beneficiaries,sunset],[self_sustaining_extraction],actors(distributed,distributed),drift(falling,unknown,rising),zone(low,high))
collective_documentation_coordination	six(shift(unknown,unknown,scaffold,unknown),[asymmetric,coordination,enforcement,has_beneficiaries,sunset],[],actors(distributed,distributed),drift(falling,unknown,stable),zone(extreme,moderate))
collective_stupidity_2026	six(shift(unknown,unknown,tangled_rope,tangled_rope),[asymmetric,enforcement,has_victims],[coercion_without_coordination,drifting_without_limit,no_exit_for_victims,unaccountable_extraction,undocumented_coordination],actors(none,distributed),drift(rising,unknown,rising),zone(extreme,extreme))
college_admissions_market	six(shift(tangled_rope,tangled_rope,tangled_rope,tangled_rope),[asymmetric,coordination,enforcement,has_beneficiaries],[drifting_without_limit,no_exit_for_victims,unaccountable_extraction],actors(distributed,distributed),drift(rising,unknown,rising),zone(extreme,extreme))
college_athlete_transfer_restrictions	six(shift(tangled_rope,tangled_rope,naturalized,snare),[asymmetric,coordination,enforcement,has_beneficiaries],[drifting_without_limit,no_exit_for_victims,unaccountable_extraction],actors(distributed,distributed),drift(falling,unknown,rising),zone(extreme,extreme))
colombia_media_access_disparity	six(shift(tangled_rope,tangled_rope,tangled_rope,tangled_rope),[asymmetric,coordination,enforcement,has_beneficiaries],[drifting_without_limit,no_exit_for_victims,unaccountable_extraction],actors(distributed,distributed),drift(rising,unknown,rising),zone(extreme,extreme))
colombia_rural_vote_buying	six(shift(naturalized,snare,rope,snare),[asymmetric,enforcement,has_victims],[coercion_without_coordination,drifting_without_limit,no_exit_for_victims,unaccountable_extraction,undocumented_coordination],actors(none,distributed),drift(rising,unknown,rising),zone(extreme,extreme))
colonial_caste_categorization_artifact	six(shift(tangled_rope,tangled_rope,tangled_rope,tangled_rope),[asymmetric,coordination,enforcement,has_beneficiaries],[drifting_without_limit,no_exit_for_victims,unaccountable_extraction],actors(distributed,distributed),drift(rising,unknown,rising),zone(extreme,extreme))
colonial_economic_extraction	six(shift(tangled_rope,tangled_rope,tangled_rope,tangled_rope),[asymmetric,coordination,enforcement,has_beneficiaries],[drifting_without_limit,no_exit_for_victims,unaccountable_extraction],actors(distributed,distributed),drift(falling,unknown,rising),zone(extreme,extreme))
colonial_education_systems	six(shift(tangled_rope,snare,rope,snare),[asymmetric,coordination,enforcement,has_beneficiaries],[drifting_without_limit,no_exit_for_victims,unaccountable_extraction],actors(distributed,distributed),drift(rising,unknown,rising),zone(extreme,extreme))
colony_autonomy_vs_earth_governance	six(shift(tangled_rope,tangled_rope,tangled_rope,tangled_rope),[asymmetric,coordination,enforcement,has_beneficiaries],[drifting_without_limit,no_exit_for_victims,unaccountable_extraction],actors(distributed,distributed),drift(rising,unknown,rising),zone(extreme,extreme))
colorado_sbe_decentralization_friction	six(shift(naturalized,tangled_rope,rope,snare),[asymmetric,coordination,enforcement,has_beneficiaries],[drifting_without_limit,no_exit_for_victims,unaccountable_extraction],actors(distributed,distributed),drift(rising,unknown,rising),zone(extreme,extreme))
colossus_nero_inertia	six(shift(tangled_rope,tangled_rope,tangled_rope,tangled_rope),[asymmetric,coordination,enforcement,has_beneficiaries],[drifting_without_limit,no_exit_for_victims,unaccountable_extraction],actors(distributed,distributed),drift(falling,unknown,rising),zone(extreme,high))
columbia_2026_elections	six(shift(tangled_rope,tangled_rope,tangled_rope,tangled_rope),[asymmetric,coordination,enforcement,has_beneficiaries],[drifting_without_limit,no_exit_for_victims,unaccountable_extraction],actors(distributed,distributed),drift(rising,unknown,rising),zone(extreme,extreme))
columbia_foam_shedding_hazard	six(shift(unknown,tangled_rope,tangled_rope,tangled_rope),[asymmetric,enforcement,has_victims],[coercion_without_coordination,drifting_without_limit,no_exit_for_victims,unaccountable_extraction,undocumented_coordination],actors(none,distributed),drift(rising,unknown,rising),zone(extreme,extreme))
comitatus_bond	six(shift(tangled_rope,tangled_rope,rope,tangled_rope),[asymmetric,coordination,enforcement,has_beneficiaries],[no_exit_for_victims],actors(distributed,distributed),drift(stable,unknown,rising),zone(low,extreme))
commercial_bank_disintermediation	six(shift(tangled_rope,tangled_rope,naturalized,tangled_rope),[asymmetric,coordination,enforcement,has_beneficiaries],[drifting_without_limit,no_exit_for_victims,unaccountable_extraction],actors(distributed,distributed),drift(rising,unknown,falling),zone(extreme,high))
commercial_data_brokerage	six(shift(naturalized,tangled_rope,rope,snare),[asymmetric,coordination,enforcement,has_beneficiaries],[drifting_without_limit,no_exit_for_victims,unaccountable_extraction],actors(distributed,distributed),drift(rising,unknown,rising),zone(extreme,extreme))
commercial_fishery_quota_systems	six(shift(naturalized,tangled_rope,naturalized,snare),[asymmetric,coordination,enforcement,has_beneficiaries],[drifting_without_limit,no_exit_for_victims,unaccountable_extraction],actors(distributed,distributed),drift(rising,unknown,rising),zone(extreme,extreme))
committee_tyranny_of_minority	six(shift(tangled_rope,tangled_rope,tangled_rope,tangled_rope),[asymmetric,coordination,enforcement,has_beneficiaries],[drifting_without_limit,no_exit_for_victims,unaccountable_extraction],actors(distributed,distributed),drift(rising,unknown,rising),zone(extreme,extreme))
commodified_permission_structure	six(shift(tangled_rope,tangled_rope,rope,tangled_rope),[asymmetric,coordination,enforcement,has_beneficiaries],[drifting_without_limit,no_exit_for_victims,unaccountable_extraction],actors(distributed,distributed),drift(rising,unknown,rising),zone(extreme,high))
commodity_price_momentum_herd	six(shift(tangled_rope,tangled_rope,tangled_rope,tangled_rope),[asymmetric,coordination,enforcement,has_beneficiaries],[drifting_without_limit,no_exit_for_victims,unaccountable_extraction],actors(distributed,distributed),drift(rising,unknown,rising),zone(extreme,high))
commons_tragedy	six(shift(tangled_rope,tangled_rope,tangled_rope,tangled_rope),[asymmetric,coordination,enforcement,has_beneficiaries],[drifting_without_limit,no_exit_for_victims,unaccountable_extraction],actors(distributed,distributed),drift(rising,unknown,rising),zone(extreme,high))
communal_narcissism_social_trap	six(shift(tangled_rope,tangled_rope,tangled_rope,tangled_rope),[asymmetric,coordination,enforcement,has_beneficiaries],[drifting_without_limit,no_exit_for_victims,unaccountable_extraction],actors(concentrated,distributed),drift(rising,unknown,rising),zone(extreme,extreme))
community_elder_infrastructure_decay	six(shift(tangled_rope,tangled_rope,tangled_rope,tangled_rope),[asymmetric,coordination,enforcement,has_beneficiaries],[drifting_without_limit,no_exit_for_victims,unaccountable_extraction],actors(distributed,distributed),drift(rising,unknown,rising),zone(extreme,extreme))
community_election_as_moral_act	six(shift(tangled_rope,snare,rope,snare),[asymmetric,coordination,enforcement,has_beneficiaries],[drifting_without_limit,no_exit_for_victims,unaccountable_extraction],actors(distributed,distributed),drift(rising,unknown,rising),zone(extreme,extreme))
community_trust_erosion	six(shift(tangled_rope,tangled_rope,tangled_rope,tangled_rope),[asymmetric,coordination,enforcement,has_beneficiaries],[drifting_without_limit,no_exit_for_victims,unaccountable_extraction],actors(distributed,distributed),drift(rising,unknown,rising),zone(extreme,extreme))
compactness_theorem_logic	six(shift(mountain,mountain,mountain,mountain),[has_temporal_data,natural],[],actors(none,none),drift(stable,unknown,stable),zone(negligible,negligible))
completeness_axiom_reals	six(shift(mountain,mountain,mountain,mountain),[has_theater,natural],[],actors(none,none),drift(unknown,unknown,unknown),zone(negligible,negligible))
complex_field_structure	six(shift(tangled_rope,tangled_rope,tangled_rope,tangled_rope),[asymmetric,coordination,enforcement,has_beneficiaries],[no_exit_for_victims],actors(distributed,distributed),drift(rising,unknown,rising),zone(low,high))
complexity_debt	six(shift(tangled_rope,tangled_rope,naturalized,tangled_rope),[asymmetric,coordination,enforcement,has_beneficiaries],[drifting_without_limit,no_exit_for_victims,unaccountable_extraction],actors(distributed,distributed),drift(rising,unknown,rising),zone(extreme,high))
complicity_equilibrium	six(shift(tangled_rope,tangled_rope,rope,snare),[asymmetric,coordination,enforcement,has_beneficiaries],[drifting_without_limit,no_exit_for_victims,unaccountable_extraction],actors(distributed,distributed),drift(rising,unknown,rising),zone(extreme,extreme))
complicity_through_competence	six(shift(tangled_rope,snare,rope,snare),[asymmetric,coordination,enforcement,has_beneficiaries],[drifting_without_limit,no_exit_for_victims,unaccountable_extraction],actors(distributed,distributed),drift(rising,unknown,rising),zone(extreme,extreme))
compounding_illegibility	six(shift(tangled_rope,tangled_rope,tangled_rope,tangled_rope),[coordination,has_beneficiaries],[],actors(distributed,none),drift(stable,unknown,stable),zone(negligible,low))
compounding_obligation_trap	six(shift(snare,snare,rope,snare),[asymmetric,coordination,enforcement,has_beneficiaries],[drifting_without_limit,no_exit_for_victims,unaccountable_extraction],actors(distributed,distributed),drift(rising,unknown,rising),zone(extreme,extreme))
compulsory_education_enforcement	six(shift(tangled_rope,tangled_rope,tangled_rope,tangled_rope),[asymmetric,coordination,enforcement,has_beneficiaries],[drifting_without_limit,no_exit_for_victims,unaccountable_extraction],actors(distributed,distributed),drift(rising,unknown,rising),zone(extreme,extreme))
computational_halting_problem	six(shift(mountain,mountain,mountain,mountain),[has_temporal_data,natural],[],actors(none,none),drift(stable,unknown,stable),zone(negligible,negligible))
computational_universality	six(shift(mountain,mountain,mountain,mountain),[has_temporal_data,natural],[],actors(none,none),drift(stable,unknown,rising),zone(negligible,negligible))
condiment_tyranny	six(shift(tangled_rope,tangled_rope,tangled_rope,tangled_rope),[asymmetric,coordination,enforcement,has_beneficiaries],[no_exit_for_victims],actors(distributed,distributed),drift(rising,unknown,rising),zone(low,high))
conditional_cash_transfer_gates	six(shift(tangled_rope,tangled_rope,rope,snare),[asymmetric,coordination,enforcement,has_beneficiaries],[drifting_without_limit,no_exit_for_victims,unaccountable_extraction],actors(distributed,distributed),drift(rising,unknown,rising),zone(extreme,extreme))
conditional_expectation_mathematical_structure	six(shift(mountain,mountain,mountain,mountain),[has_temporal_data,natural],[],actors(none,none),drift(stable,unknown,stable),zone(negligible,negligible))
confidential_ai_whatsapp	six(shift(tangled_rope,tangled_rope,tangled_rope,tangled_rope),[asymmetric,coordination,enforcement,has_beneficiaries],[drifting_without_limit,no_exit_for_victims,unaccountable_extraction],actors(distributed,distributed),drift(rising,unknown,rising),zone(extreme,extreme))
confirmation_bias	six(shift(tangled_rope,tangled_rope,tangled_rope,tangled_rope),[asymmetric,coordination,enforcement,has_beneficiaries],[drifting_without_limit,no_exit_for_victims,unaccountable_extraction],actors(distributed,distributed),drift(rising,unknown,rising),zone(extreme,extreme))
conformal_field_theory_constraints	six(shift(mountain,mountain,mountain,mountain),[has_temporal_data,natural],[],actors(none,none),drift(stable,unknown,stable),zone(negligible,negligible))
conformity_extraction	six(shift(naturalized,tangled_rope,rope,tangled_rope),[asymmetric,coordination,enforcement,has_beneficiaries],[drifting_without_limit,no_exit_for_victims,unaccountable_extraction],actors(distributed,distributed),drift(rising,unknown,rising),zone(extreme,extreme))
congressional_appropriations_power	six(shift(tangled_rope,tangled_rope,tangled_rope,tangled_rope),[asymmetric,coordination,enforcement,has_beneficiaries],[drifting_without_limit,no_exit_for_victims,unaccountable_extraction],actors(distributed,distributed),drift(rising,unknown,rising),zone(extreme,extreme))
congressional_classified_oversight	six(shift(tangled_rope,tangled_rope,tangled_rope,tangled_rope),[asymmetric,coordination,enforcement,has_beneficiaries],[drifting_without_limit,no_exit_for_victims,unaccountable_extraction],actors(distributed,distributed),drift(rising,unknown,rising),zone(extreme,extreme))
connectome_data_standardization	six(shift(tangled_rope,tangled_rope,rope,tangled_rope),[asymmetric,coordination,enforcement,has_beneficiaries],[drifting_without_limit,no_exit_for_victims,unaccountable_extraction],actors(distributed,distributed),drift(rising,unknown,rising),zone(extreme,high))
connectome_sufficiency	six(shift(tangled_rope,tangled_rope,tangled_rope,tangled_rope),[asymmetric,coordination,enforcement,has_beneficiaries],[no_exit_for_victims],actors(distributed,distributed),drift(rising,unknown,rising),zone(low,extreme))
conscious_experience_substrate	six(shift(tangled_rope,tangled_rope,tangled_rope,tangled_rope),[asymmetric,coordination,enforcement,has_beneficiaries],[drifting_without_limit,no_exit_for_victims,unaccountable_extraction],actors(distributed,distributed),drift(rising,unknown,rising),zone(extreme,extreme))
consciousness_binding_problem	six(shift(mountain,mountain,mountain,mountain),[has_temporal_data,natural],[],actors(none,none),drift(stable,unknown,rising),zone(negligible,negligible))
consciousness_expansion_commodity_fetishism	six(shift(tangled_rope,tangled_rope,tangled_rope,tangled_rope),[asymmetric,coordination,enforcement,has_beneficiaries],[drifting_without_limit,no_exit_for_victims,unaccountable_extraction],actors(distributed,distributed),drift(rising,unknown,rising),zone(extreme,extreme))
consciousness_physics_programs	six(shift(piton,tangled_rope,piton,snare),[asymmetric,coordination,enforcement,has_beneficiaries],[drifting_without_limit,no_exit_for_victims,unaccountable_extraction],actors(distributed,distributed),drift(rising,unknown,rising),zone(extreme,extreme))
consciousness_substrate_independence	six(shift(tangled_rope,tangled_rope,tangled_rope,tangled_rope),[asymmetric,coordination,enforcement,has_beneficiaries],[drifting_without_limit,no_exit_for_victims,unaccountable_extraction],actors(distributed,distributed),drift(rising,unknown,rising),zone(extreme,extreme))
consensus_as_cognitive_cost	six(shift(mountain,mountain,mountain,mountain),[has_temporal_data,natural],[],actors(none,none),drift(stable,unknown,stable),zone(negligible,negligible))
consensus_governance_capture	six(shift(naturalized,tangled_rope,naturalized,snare),[asymmetric,coordination,enforcement,has_beneficiaries],[drifting_without_limit,no_exit_for_victims,unaccountable_extraction],actors(distributed,distributed),drift(rising,unknown,rising),zone(extreme,extreme))
consensus_requirement_coordination	six(shift(tangled_rope,tangled_rope,tangled_rope,tangled_rope),[asymmetric,coordination,enforcement,has_beneficiaries],[no_exit_for_victims],actors(distributed,distributed),drift(rising,unknown,rising),zone(low,high))
consensus_without_truth	six(shift(naturalized,tangled_rope,rope,snare),[asymmetric,coordination,enforcement,has_beneficiaries],[drifting_without_limit,no_exit_for_victims,unaccountable_extraction],actors(distributed,distributed),drift(rising,unknown,rising),zone(extreme,extreme))
consent_as_structural_fiction	six(shift(tangled_rope,tangled_rope,naturalized,snare),[asymmetric,coordination,enforcement,has_beneficiaries],[drifting_without_limit,no_exit_for_victims,unaccountable_extraction],actors(distributed,distributed),drift(rising,unknown,rising),zone(extreme,extreme))
conservation_law_hierarchy	six(shift(mountain,mountain,mountain,mountain),[has_temporal_data,natural],[],actors(none,none),drift(stable,unknown,stable),zone(negligible,negligible))
constitutional_supremacy	six(shift(tangled_rope,tangled_rope,tangled_rope,tangled_rope),[asymmetric,coordination,enforcement,has_beneficiaries],[no_exit_for_victims],actors(distributed,distributed),drift(rising,unknown,rising),zone(low,high))
constrained_optimization_problems	six(shift(mountain,mountain,mountain,mountain),[has_temporal_data,natural],[],actors(none,none),drift(stable,unknown,stable),zone(negligible,negligible))
constraint_corpus_growth_rate	six(shift(tangled_rope,tangled_rope,tangled_rope,tangled_rope),[asymmetric,coordination,enforcement,has_beneficiaries],[drifting_without_limit,no_exit_for_victims,unaccountable_extraction],actors(distributed,distributed),drift(rising,unknown,rising),zone(extreme,high))
constraint_coupling_amplification	six(shift(snare,snare,rope,snare),[asymmetric,coordination,enforcement,has_beneficiaries],[drifting_without_limit,no_exit_for_victims,unaccountable_extraction],actors(distributed,distributed),drift(rising,unknown,rising),zone(extreme,extreme))
constraint_identity_and_epsilon_invariance	six(shift(mountain,mountain,mountain,mountain),[has_temporal_data,natural],[],actors(none,none),drift(stable,unknown,stable),zone(negligible,negligible))
constraint_story_schema_evolution	six(shift(tangled_rope,tangled_rope,tangled_rope,tangled_rope),[asymmetric,coordination,enforcement,has_beneficiaries],[drifting_without_limit,no_exit_for_victims,unaccountable_extraction],actors(distributed,distributed),drift(rising,unknown,rising),zone(extreme,high))
consumer_attention_markets	six(shift(tangled_rope,snare,rope,snare),[asymmetric,coordination,enforcement,has_beneficiaries],[drifting_without_limit,no_exit_for_victims,unaccountable_extraction],actors(distributed,distributed),drift(rising,unknown,rising),zone(extreme,extreme))
consumer_choice_illusion	six(shift(tangled_rope,tangled_rope,tangled_rope,tangled_rope),[asymmetric,coordination,enforcement,has_beneficiaries],[drifting_without_limit,no_exit_for_victims,unaccountable_extraction],actors(distributed,distributed),drift(rising,unknown,rising),zone(extreme,extreme))
consumer_data_aggregation_oligopoly	six(shift(tangled_rope,tangled_rope,tangled_rope,tangled_rope),[asymmetric,coordination,enforcement,has_beneficiaries],[drifting_without_limit,no_exit_for_victims,unaccountable_extraction],actors(distributed,distributed),drift(rising,unknown,rising),zone(extreme,extreme))
consumer_debt_slavery	six(shift(tangled_rope,tangled_rope,tangled_rope,tangled_rope),[asymmetric,coordination,enforcement,has_beneficiaries],[drifting_without_limit,no_exit_for_victims,unaccountable_extraction],actors(distributed,distributed),drift(rising,unknown,rising),zone(extreme,extreme))
consumer_price_discrimination	six(shift(naturalized,tangled_rope,rope,snare),[asymmetric,coordination,enforcement,has_beneficiaries],[drifting_without_limit,no_exit_for_victims,unaccountable_extraction],actors(distributed,distributed),drift(rising,unknown,rising),zone(extreme,extreme))
consumer_purchasing_power_erosion	six(shift(tangled_rope,tangled_rope,tangled_rope,tangled_rope),[asymmetric,coordination,enforcement,has_beneficiaries],[drifting_without_limit,no_exit_for_victims,unaccountable_extraction],actors(distributed,distributed),drift(rising,unknown,rising),zone(extreme,extreme))
consumer_status_signaling	six(shift(tangled_rope,tangled_rope,tangled_rope,tangled_rope),[asymmetric,coordination,enforcement,has_beneficiaries],[drifting_without_limit,no_exit_for_victims,unaccountable_extraction],actors(distributed,distributed),drift(rising,unknown,rising),zone(extreme,extreme))
consumption_visibility_display	six(shift(tangled_rope,tangled_rope,tangled_rope,tangled_rope),[asymmetric,coordination,enforcement,has_beneficiaries],[drifting_without_limit,no_exit_for_victims,unaccountable_extraction],actors(distributed,distributed),drift(rising,unknown,rising),zone(extreme,extreme))
container_building_threshold	six(shift(naturalized,tangled_rope,rope,snare),[asymmetric,coordination,enforcement,has_beneficiaries],[drifting_without_limit,no_exit_for_victims,unaccountable_extraction],actors(distributed,distributed),drift(rising,unknown,rising),zone(extreme,extreme))
content_creator_algorithmic_dependency	six(shift(tangled_rope,tangled_rope,rope,snare),[asymmetric,coordination,enforcement,has_beneficiaries],[drifting_without_limit,no_exit_for_victims,unaccountable_extraction],actors(concentrated,distributed),drift(rising,unknown,rising),zone(extreme,extreme))
content_creator_licensing	six(shift(tangled_rope,tangled_rope,tangled_rope,tangled_rope),[asymmetric,coordination,enforcement,has_beneficiaries],[drifting_without_limit,no_exit_for_victims,unaccountable_extraction],actors(distributed,distributed),drift(rising,unknown,rising),zone(extreme,extreme))
content_delivery_network_monopsony	six(shift(tangled_rope,tangled_rope,tangled_rope,tangled_rope),[asymmetric,coordination,enforcement,has_beneficiaries],[drifting_without_limit,no_exit_for_victims,unaccountable_extraction],actors(concentrated,distributed),drift(rising,unknown,rising),zone(extreme,extreme))
content_moderation_asymmetry	six(shift(naturalized,tangled_rope,naturalized,snare),[asymmetric,coordination,enforcement,has_beneficiaries],[drifting_without_limit,no_exit_for_victims,unaccountable_extraction],actors(distributed,distributed),drift(rising,unknown,rising),zone(extreme,extreme))
content_moderation_liability	six(shift(tangled_rope,tangled_rope,tangled_rope,tangled_rope),[asymmetric,coordination,enforcement,has_beneficiaries],[drifting_without_limit,no_exit_for_victims,unaccountable_extraction],actors(distributed,distributed),drift(rising,unknown,rising),zone(extreme,extreme))
content_moderation_scalability	six(shift(tangled_rope,tangled_rope,tangled_rope,tangled_rope),[asymmetric,coordination,enforcement,has_beneficiaries],[drifting_without_limit,no_exit_for_victims,unaccountable_extraction],actors(distributed,distributed),drift(rising,unknown,rising),zone(extreme,extreme))
context_dependent_concept_function	six(shift(tangled_rope,scaffold,scaffold,tangled_rope),[coordination,has_beneficiaries,natural],[],actors(distributed,none),drift(stable,unknown,stable),zone(negligible,negligible))
continuum_hypothesis	six(shift(mountain,mountain,mountain,mountain),[has_theater,natural],[],actors(none,none),drift(unknown,unknown,unknown),zone(negligible,negligible))
continuum_hypothesis_independence	six(shift(mountain,mountain,mountain,mountain),[has_temporal_data,natural],[],actors(none,none),drift(stable,unknown,stable),zone(negligible,negligible))
continuum_hypothesis_undecidability	six(shift(mountain,mountain,mountain,mountain),[has_theater,natural],[],actors(none,none),drift(unknown,unknown,unknown),zone(negligible,negligible))
contraction_principle_general	six(shift(mountain,mountain,mountain,mountain),[has_temporal_data,natural],[],actors(none,none),drift(stable,unknown,stable),zone(negligible,negligible))
control_system_robustness	six(shift(tangled_rope,tangled_rope,tangled_rope,tangled_rope),[asymmetric,coordination,enforcement,has_beneficiaries],[drifting_without_limit,no_exit_for_victims,unaccountable_extraction],actors(distributed,distributed),drift(rising,unknown,rising),zone(extreme,high))
convergence_rate_bounds	six(shift(mountain,mountain,mountain,mountain),[has_temporal_data,natural],[],actors(none,none),drift(stable,unknown,stable),zone(negligible,negligible))
conversational_dogmas_interuption	six(shift(tangled_rope,tangled_rope,rope,snare),[asymmetric,coordination,enforcement,has_beneficiaries],[drifting_without_limit,no_exit_for_victims,unaccountable_extraction],actors(distributed,distributed),drift(rising,unknown,rising),zone(extreme,extreme))
conways_game_of_life_dynamics	six(shift(mountain,mountain,mountain,mountain),[has_temporal_data,natural],[],actors(none,none),drift(stable,unknown,stable),zone(negligible,negligible))
cooperation_credibility	six(shift(naturalized,tangled_rope,rope,tangled_rope),[asymmetric,coordination,enforcement,has_beneficiaries],[drifting_without_limit,no_exit_for_victims,unaccountable_extraction],actors(distributed,distributed),drift(rising,unknown,rising),zone(extreme,extreme))
cooperative_member_retention	six(shift(tangled_rope,tangled_rope,rope,tangled_rope),[asymmetric,coordination,enforcement,has_beneficiaries],[no_exit_for_victims],actors(distributed,distributed),drift(rising,unknown,rising),zone(low,high))
cooperative_ownership_legitimacy	six(shift(tangled_rope,tangled_rope,tangled_rope,tangled_rope),[asymmetric,coordination,enforcement,has_beneficiaries],[no_exit_for_victims],actors(distributed,distributed),drift(rising,unknown,rising),zone(low,high))
coordination_attack_vulnerability	six(shift(tangled_rope,tangled_rope,rope,snare),[asymmetric,coordination,enforcement,has_beneficiaries],[drifting_without_limit,no_exit_for_victims,unaccountable_extraction],actors(distributed,distributed),drift(rising,unknown,rising),zone(extreme,extreme))
coordination_barrier_topology	six(shift(mountain,mountain,mountain,mountain),[has_theater,natural],[],actors(none,none),drift(unknown,unknown,unknown),zone(negligible,negligible))
coordination_extraction_invisibility	six(shift(tangled_rope,tangled_rope,tangled_rope,tangled_rope),[asymmetric,coordination,enforcement,has_beneficiaries],[drifting_without_limit,no_exit_for_victims,unaccountable_extraction],actors(distributed,distributed),drift(rising,unknown,rising),zone(extreme,extreme))
coordination_failure_universality	six(shift(snare,snare,rope,snare),[asymmetric,enforcement,has_victims],[coercion_without_coordination,drifting_without_limit,no_exit_for_victims,unaccountable_extraction,undocumented_coordination],actors(none,distributed),drift(rising,unknown,rising),zone(extreme,extreme))
coordination_fatigue	six(shift(naturalized,tangled_rope,naturalized,snare),[asymmetric,coordination,enforcement,has_beneficiaries],[drifting_without_limit,no_exit_for_victims,unaccountable_extraction],actors(distributed,distributed),drift(rising,unknown,rising),zone(extreme,extreme))
coordination_game_standard	six(shift(tangled_rope,tangled_rope,tangled_rope,tangled_rope),[coordination,has_beneficiaries],[],actors(concentrated,none),drift(stable,unknown,rising),zone(negligible,low))
coordination_threshold_failure	six(shift(tangled_rope,tangled_rope,rope,tangled_rope),[asymmetric,coordination,enforcement,has_beneficiaries],[no_exit_for_victims],actors(distributed,distributed),drift(falling,unknown,rising),zone(low,high))
copyleft_viral_licensing	six(shift(tangled_rope,tangled_rope,tangled_rope,tangled_rope),[asymmetric,coordination,enforcement,has_beneficiaries],[no_exit_for_victims],actors(distributed,distributed),drift(stable,unknown,rising),zone(low,high))
copyright_attribution_erasure	six(shift(tangled_rope,tangled_rope,tangled_rope,tangled_rope),[asymmetric,coordination,enforcement,has_beneficiaries],[drifting_without_limit,no_exit_for_victims,unaccountable_extraction],actors(distributed,distributed),drift(rising,unknown,rising),zone(extreme,extreme))
copyright_enclosure_regime	six(shift(naturalized,tangled_rope,rope,snare),[asymmetric,coordination,enforcement,has_beneficiaries],[drifting_without_limit,no_exit_for_victims,unaccountable_extraction],actors(distributed,distributed),drift(rising,unknown,rising),zone(extreme,extreme))
copyright_protection	six(shift(naturalized,tangled_rope,rope,snare),[asymmetric,coordination,enforcement,has_beneficiaries],[drifting_without_limit,no_exit_for_victims,unaccountable_extraction],actors(distributed,distributed),drift(rising,unknown,rising),zone(extreme,extreme))
copyright_term_extension	six(shift(tangled_rope,tangled_rope,tangled_rope,tangled_rope),[asymmetric,coordination,enforcement,has_beneficiaries],[drifting_without_limit,no_exit_for_victims,unaccountable_extraction],actors(distributed,distributed),drift(rising,unknown,rising),zone(extreme,extreme))
copyright_term_length	six(shift(tangled_rope,tangled_rope,tangled_rope,tangled_rope),[asymmetric,coordination,enforcement,has_beneficiaries],[drifting_without_limit,no_exit_for_victims,unaccountable_extraction],actors(distributed,distributed),drift(rising,unknown,rising),zone(extreme,extreme))
corporate_debt_accumulation	six(shift(naturalized,tangled_rope,rope,snare),[asymmetric,coordination,enforcement,has_beneficiaries],[drifting_without_limit,no_exit_for_victims,unaccountable_extraction],actors(distributed,distributed),drift(rising,unknown,rising),zone(extreme,extreme))
corporate_dei_performativity	six(shift(tangled_rope,tangled_rope,tangled_rope,tangled_rope),[asymmetric,coordination,enforcement,has_beneficiaries],[drifting_without_limit,no_exit_for_victims,unaccountable_extraction],actors(distributed,distributed),drift(rising,unknown,rising),zone(extreme,extreme))
corporate_governance_voting_control	six(shift(tangled_rope,tangled_rope,tangled_rope,tangled_rope),[asymmetric,coordination,enforcement,has_beneficiaries],[drifting_without_limit,no_exit_for_victims,unaccountable_extraction],actors(distributed,distributed),drift(rising,unknown,rising),zone(extreme,extreme))
corporate_hierarchy_legitimation	six(shift(tangled_rope,tangled_rope,tangled_rope,tangled_rope),[asymmetric,coordination,enforcement,has_beneficiaries],[drifting_without_limit,no_exit_for_victims,unaccountable_extraction],actors(distributed,distributed),drift(rising,unknown,rising),zone(extreme,extreme))
corporate_open_source_performativity	six(shift(tangled_rope,tangled_rope,tangled_rope,tangled_rope),[asymmetric,coordination,enforcement,has_beneficiaries],[drifting_without_limit,no_exit_for_victims,unaccountable_extraction],actors(distributed,distributed),drift(rising,unknown,rising),zone(extreme,high))
corporate_resilience_theater	six(shift(unknown,unknown,rope,snare),[asymmetric,coordination,has_beneficiaries],[drifting_without_limit,no_exit_for_victims,self_sustaining_extraction,unaccountable_extraction,unenforced_suppression],actors(distributed,distributed),drift(rising,unknown,rising),zone(extreme,extreme))
cosmic_distance_measurement	six(shift(tangled_rope,tangled_rope,tangled_rope,tangled_rope),[asymmetric,coordination,enforcement,has_beneficiaries],[no_exit_for_victims],actors(distributed,distributed),drift(rising,unknown,rising),zone(low,high))
cosmological_evolution_alpha_omega	six(shift(mountain,mountain,mountain,mountain),[has_temporal_data,natural],[],actors(none,none),drift(stable,unknown,stable),zone(negligible,negligible))
cost_of_observation	six(shift(tangled_rope,tangled_rope,tangled_rope,tangled_rope),[asymmetric,coordination,enforcement,has_beneficiaries],[no_exit_for_victims],actors(distributed,distributed),drift(rising,unknown,rising),zone(low,high))
cost_segregation_depreciation_strategy	six(shift(naturalized,tangled_rope,rope,snare),[asymmetric,coordination,enforcement,has_beneficiaries],[drifting_without_limit,no_exit_for_victims,unaccountable_extraction],actors(distributed,distributed),drift(rising,unknown,rising),zone(extreme,extreme))
countable_infinity_cardinality	six(shift(mountain,mountain,mountain,mountain),[has_temporal_data,natural],[],actors(none,none),drift(stable,unknown,stable),zone(negligible,negligible))
counterparty_risk_opacity	six(shift(tangled_rope,tangled_rope,tangled_rope,tangled_rope),[asymmetric,coordination,enforcement,has_beneficiaries],[drifting_without_limit,no_exit_for_victims,unaccountable_extraction],actors(distributed,distributed),drift(rising,unknown,rising),zone(extreme,extreme))
couples_residency_match	six(shift(tangled_rope,tangled_rope,rope,tangled_rope),[asymmetric,coordination,enforcement,has_beneficiaries],[no_exit_for_victims],actors(distributed,distributed),drift(rising,unknown,rising),zone(low,high))
courtship_signaling_asymmetry	six(shift(tangled_rope,tangled_rope,tangled_rope,tangled_rope),[asymmetric,coordination,enforcement,has_beneficiaries],[drifting_without_limit,no_exit_for_victims,unaccountable_extraction],actors(concentrated,concentrated),drift(rising,unknown,rising),zone(extreme,high))
coverture_legal_disability	six(shift(tangled_rope,tangled_rope,tangled_rope,tangled_rope),[asymmetric,coordination,enforcement,has_beneficiaries],[drifting_without_limit,no_exit_for_victims,unaccountable_extraction],actors(concentrated,concentrated),drift(stable,unknown,rising),zone(extreme,extreme))
cow_field_poop	six(shift(tangled_rope,tangled_rope,tangled_rope,unknown),[coordination,has_beneficiaries],[],actors(distributed,none),drift(rising,unknown,rising),zone(low,high))
cpt_discriminator_vs_conventional_models	six(shift(tangled_rope,tangled_rope,tangled_rope,tangled_rope),[coordination,has_beneficiaries],[],actors(distributed,none),drift(unknown,unknown,unknown),zone(negligible,low))
creative_destruction_ethic	six(shift(naturalized,tangled_rope,naturalized,snare),[asymmetric,coordination,enforcement,has_beneficiaries],[drifting_without_limit,no_exit_for_victims,unaccountable_extraction],actors(distributed,distributed),drift(rising,unknown,rising),zone(extreme,extreme))
creative_field_concentration	six(shift(tangled_rope,tangled_rope,tangled_rope,tangled_rope),[asymmetric,coordination,enforcement,has_beneficiaries],[drifting_without_limit,no_exit_for_victims,unaccountable_extraction],actors(distributed,distributed),drift(rising,unknown,rising),zone(extreme,extreme))
creative_market_gatekeeping	six(shift(tangled_rope,tangled_rope,tangled_rope,tangled_rope),[asymmetric,coordination,enforcement,has_beneficiaries],[drifting_without_limit,no_exit_for_victims,unaccountable_extraction],actors(distributed,distributed),drift(rising,unknown,rising),zone(extreme,extreme))
creative_output_capacity	six(shift(tangled_rope,tangled_rope,tangled_rope,tangled_rope),[asymmetric,coordination,enforcement,has_beneficiaries],[drifting_without_limit,no_exit_for_victims,unaccountable_extraction],actors(distributed,distributed),drift(falling,unknown,rising),zone(extreme,high))
creator_compensation_automation	six(shift(tangled_rope,tangled_rope,tangled_rope,tangled_rope),[asymmetric,coordination,enforcement,has_beneficiaries],[drifting_without_limit,no_exit_for_victims,unaccountable_extraction],actors(distributed,distributed),drift(rising,unknown,falling),zone(extreme,high))
creator_economics_digital_platforms	six(shift(tangled_rope,tangled_rope,rope,snare),[asymmetric,coordination,enforcement,has_beneficiaries],[drifting_without_limit,no_exit_for_victims,unaccountable_extraction],actors(distributed,distributed),drift(rising,unknown,rising),zone(extreme,extreme))
creator_income_concentration	six(shift(tangled_rope,tangled_rope,tangled_rope,tangled_rope),[asymmetric,coordination,enforcement,has_beneficiaries],[drifting_without_limit,no_exit_for_victims,unaccountable_extraction],actors(distributed,distributed),drift(rising,unknown,rising),zone(extreme,extreme))
creator_labor_classification	six(shift(tangled_rope,tangled_rope,tangled_rope,tangled_rope),[asymmetric,coordination,enforcement,has_beneficiaries],[drifting_without_limit,no_exit_for_victims,unaccountable_extraction],actors(distributed,distributed),drift(rising,unknown,rising),zone(extreme,extreme))
creator_labor_classification_ambiguity	six(shift(tangled_rope,tangled_rope,naturalized,snare),[asymmetric,coordination,enforcement,has_beneficiaries],[drifting_without_limit,no_exit_for_victims,unaccountable_extraction],actors(distributed,distributed),drift(rising,unknown,rising),zone(extreme,extreme))
credential_inflation	six(shift(tangled_rope,tangled_rope,tangled_rope,tangled_rope),[asymmetric,coordination,enforcement,has_beneficiaries],[drifting_without_limit,no_exit_for_victims,unaccountable_extraction],actors(distributed,distributed),drift(rising,unknown,rising),zone(extreme,extreme))
credential_inflation_arms_race	six(shift(naturalized,tangled_rope,rope,snare),[asymmetric,coordination,enforcement,has_beneficiaries],[drifting_without_limit,no_exit_for_victims,unaccountable_extraction],actors(distributed,distributed),drift(rising,unknown,rising),zone(extreme,extreme))
credential_inflation_cycle	six(shift(tangled_rope,tangled_rope,tangled_rope,tangled_rope),[asymmetric,coordination,enforcement,has_beneficiaries],[drifting_without_limit,no_exit_for_victims,unaccountable_extraction],actors(distributed,distributed),drift(rising,unknown,rising),zone(extreme,extreme))
credential_inflation_employment_gate	six(shift(tangled_rope,tangled_rope,tangled_rope,tangled_rope),[asymmetric,coordination,enforcement,has_beneficiaries],[drifting_without_limit,no_exit_for_victims,unaccountable_extraction],actors(distributed,distributed),drift(rising,unknown,rising),zone(extreme,extreme))
credential_inflation_labor_markets	six(shift(tangled_rope,tangled_rope,tangled_rope,tangled_rope),[asymmetric,coordination,enforcement,has_beneficiaries],[drifting_without_limit,no_exit_for_victims,unaccountable_extraction],actors(distributed,distributed),drift(rising,unknown,rising),zone(extreme,extreme))
credential_inflation_spiral	six(shift(tangled_rope,tangled_rope,tangled_rope,tangled_rope),[asymmetric,coordination,enforcement,has_beneficiaries],[drifting_without_limit,no_exit_for_victims,unaccountable_extraction],actors(distributed,distributed),drift(rising,unknown,rising),zone(extreme,extreme))
credential_portability_barrier	six(shift(tangled_rope,tangled_rope,rope,tangled_rope),[asymmetric,coordination,enforcement,has_beneficiaries],[drifting_without_limit,no_exit_for_victims,unaccountable_extraction],actors(distributed,distributed),drift(rising,unknown,rising),zone(extreme,high))
credential_rotation_overhead	six(shift(tangled_rope,tangled_rope,tangled_rope,tangled_rope),[asymmetric,coordination,enforcement,has_beneficiaries],[no_exit_for_victims],actors(distributed,distributed),drift(rising,unknown,rising),zone(low,high))
credentialing_decoupling	six(shift(tangled_rope,tangled_rope,tangled_rope,tangled_rope),[asymmetric,coordination,enforcement,has_beneficiaries],[drifting_without_limit,no_exit_for_victims,unaccountable_extraction],actors(distributed,distributed),drift(rising,unknown,rising),zone(extreme,extreme))
credentialing_gatekeeping	six(shift(tangled_rope,tangled_rope,tangled_rope,tangled_rope),[asymmetric,coordination,enforcement,has_beneficiaries],[drifting_without_limit,no_exit_for_victims,unaccountable_extraction],actors(distributed,distributed),drift(rising,unknown,rising),zone(extreme,extreme))
credentialism_signaling_cascade	six(shift(tangled_rope,tangled_rope,tangled_rope,tangled_rope),[asymmetric,coordination,enforcement,has_beneficiaries],[drifting_without_limit,no_exit_for_victims,unaccountable_extraction],actors(distributed,distributed),drift(rising,unknown,rising),zone(extreme,extreme))
credentialism_wage_premium	six(shift(tangled_rope,tangled_rope,rope,tangled_rope),[asymmetric,coordination,enforcement,has_beneficiaries],[drifting_without_limit,no_exit_for_victims,unaccountable_extraction],actors(distributed,distributed),drift(rising,unknown,rising),zone(extreme,high))
credibility_inflation	six(shift(tangled_rope,tangled_rope,tangled_rope,tangled_rope),[asymmetric,coordination,enforcement,has_beneficiaries],[drifting_without_limit,no_exit_for_victims,unaccountable_extraction],actors(distributed,distributed),drift(rising,unknown,rising),zone(extreme,high))
credit_access_inequality	six(shift(tangled_rope,tangled_rope,tangled_rope,tangled_rope),[asymmetric,coordination,enforcement,has_beneficiaries],[drifting_without_limit,no_exit_for_victims,unaccountable_extraction],actors(distributed,distributed),drift(rising,unknown,rising),zone(extreme,extreme))
credit_channel_procyclicality	six(shift(tangled_rope,tangled_rope,tangled_rope,tangled_rope),[asymmetric,coordination,enforcement,has_beneficiaries],[drifting_without_limit,no_exit_for_victims,unaccountable_extraction],actors(distributed,distributed),drift(rising,unknown,rising),zone(extreme,extreme))
credit_risk_assessment_bias	six(shift(tangled_rope,tangled_rope,tangled_rope,tangled_rope),[asymmetric,coordination,enforcement,has_beneficiaries],[drifting_without_limit,no_exit_for_victims,unaccountable_extraction],actors(distributed,distributed),drift(rising,unknown,rising),zone(extreme,extreme))
credulity_learning_lag	six(shift(tangled_rope,tangled_rope,tangled_rope,tangled_rope),[asymmetric,coordination,enforcement,has_beneficiaries],[drifting_without_limit,no_exit_for_victims,unaccountable_extraction],actors(distributed,distributed),drift(rising,unknown,rising),zone(extreme,extreme))
crew_mental_health_degradation	six(shift(tangled_rope,tangled_rope,tangled_rope,tangled_rope),[asymmetric,coordination,enforcement,has_beneficiaries],[drifting_without_limit,no_exit_for_victims,unaccountable_extraction],actors(distributed,distributed),drift(rising,unknown,rising),zone(extreme,extreme))
crew_skill_training_bottleneck	six(shift(tangled_rope,tangled_rope,tangled_rope,tangled_rope),[asymmetric,coordination,enforcement,has_beneficiaries],[drifting_without_limit,no_exit_for_victims,unaccountable_extraction],actors(distributed,distributed),drift(rising,unknown,rising),zone(extreme,extreme))
criminal_conviction_reversal_friction	six(shift(tangled_rope,tangled_rope,tangled_rope,tangled_rope),[asymmetric,coordination,enforcement,has_beneficiaries],[drifting_without_limit,no_exit_for_victims,unaccountable_extraction],actors(distributed,distributed),drift(rising,unknown,rising),zone(extreme,extreme))
criminal_discovery_asymmetry	six(shift(tangled_rope,tangled_rope,tangled_rope,tangled_rope),[asymmetric,coordination,enforcement,has_beneficiaries],[drifting_without_limit,no_exit_for_victims,unaccountable_extraction],actors(concentrated,distributed),drift(rising,unknown,rising),zone(extreme,extreme))
crisis_signal_saturation	six(shift(tangled_rope,tangled_rope,tangled_rope,tangled_rope),[asymmetric,coordination,enforcement,has_beneficiaries],[drifting_without_limit,no_exit_for_victims,unaccountable_extraction],actors(distributed,distributed),drift(rising,unknown,rising),zone(extreme,high))
crispr_genomic_rewrite_2026	six(shift(tangled_rope,tangled_rope,tangled_rope,tangled_rope),[asymmetric,coordination,enforcement,has_beneficiaries],[no_exit_for_victims],actors(distributed,distributed),drift(rising,unknown,rising),zone(low,high))
critical_actor_overcentralization	six(shift(tangled_rope,tangled_rope,tangled_rope,tangled_rope),[asymmetric,coordination,enforcement,has_beneficiaries],[drifting_without_limit,no_exit_for_victims,unaccountable_extraction],actors(distributed,distributed),drift(rising,unknown,rising),zone(extreme,extreme))
critical_infrastructure_dependency	six(shift(tangled_rope,tangled_rope,tangled_rope,tangled_rope),[asymmetric,coordination,enforcement,has_beneficiaries],[drifting_without_limit,no_exit_for_victims,unaccountable_extraction],actors(distributed,distributed),drift(rising,unknown,rising),zone(extreme,extreme))
critical_infrastructure_interdependence	six(shift(tangled_rope,tangled_rope,tangled_rope,tangled_rope),[asymmetric,coordination,enforcement,has_beneficiaries],[drifting_without_limit,no_exit_for_victims,unaccountable_extraction],actors(distributed,distributed),drift(rising,unknown,rising),zone(extreme,extreme))
critical_literacy_deficit	six(shift(tangled_rope,tangled_rope,tangled_rope,tangled_rope),[asymmetric,coordination,enforcement,has_beneficiaries],[drifting_without_limit,no_exit_for_victims,unaccountable_extraction],actors(distributed,distributed),drift(rising,unknown,rising),zone(extreme,extreme))
critical_mineral_supply_security	six(shift(naturalized,tangled_rope,rope,snare),[asymmetric,coordination,enforcement,has_beneficiaries],[drifting_without_limit,no_exit_for_victims,unaccountable_extraction],actors(distributed,distributed),drift(rising,unknown,rising),zone(extreme,extreme))
critical_system_cascading_failure	six(shift(tangled_rope,tangled_rope,tangled_rope,tangled_rope),[asymmetric,coordination,enforcement,has_beneficiaries],[drifting_without_limit,no_exit_for_victims,unaccountable_extraction],actors(distributed,distributed),drift(rising,unknown,rising),zone(extreme,extreme))
crop_defense_dependency	six(shift(tangled_rope,tangled_rope,tangled_rope,tangled_rope),[asymmetric,coordination,enforcement,has_beneficiaries],[drifting_without_limit,no_exit_for_victims,unaccountable_extraction],actors(distributed,distributed),drift(rising,unknown,rising),zone(extreme,extreme))
cross_border_data_flow_restrictions	six(shift(tangled_rope,tangled_rope,tangled_rope,tangled_rope),[asymmetric,coordination,enforcement,has_beneficiaries],[drifting_without_limit,no_exit_for_victims,unaccountable_extraction],actors(distributed,distributed),drift(rising,unknown,rising),zone(extreme,extreme))
cross_border_data_flows	six(shift(tangled_rope,tangled_rope,tangled_rope,tangled_rope),[asymmetric,coordination,enforcement,has_beneficiaries],[drifting_without_limit,no_exit_for_victims,unaccountable_extraction],actors(distributed,distributed),drift(rising,unknown,rising),zone(extreme,extreme))
cross_border_manufacturing_coupling	six(shift(tangled_rope,tangled_rope,rope,tangled_rope),[asymmetric,coordination,enforcement,has_beneficiaries],[drifting_without_limit,no_exit_for_victims,unaccountable_extraction],actors(distributed,distributed),drift(rising,unknown,rising),zone(extreme,high))
cross_chain_liquidity_fragmentation	six(shift(tangled_rope,tangled_rope,tangled_rope,tangled_rope),[asymmetric,coordination,enforcement,has_beneficiaries],[drifting_without_limit,no_exit_for_victims,unaccountable_extraction],actors(distributed,distributed),drift(rising,unknown,rising),zone(extreme,extreme))
cross_class_coalition_formation	six(shift(tangled_rope,tangled_rope,tangled_rope,tangled_rope),[asymmetric,coordination,enforcement,has_beneficiaries],[drifting_without_limit,no_exit_for_victims,unaccountable_extraction],actors(distributed,distributed),drift(rising,unknown,rising),zone(extreme,extreme))
cross_cultural_psychology_paradigm	six(shift(tangled_rope,tangled_rope,rope,tangled_rope),[asymmetric,coordination,enforcement,has_beneficiaries],[drifting_without_limit,no_exit_for_victims,unaccountable_extraction],actors(distributed,distributed),drift(rising,unknown,rising),zone(extreme,high))
cross_domain_coupling_spiral	six(shift(tangled_rope,tangled_rope,tangled_rope,tangled_rope),[asymmetric,coordination,enforcement,has_beneficiaries],[drifting_without_limit,no_exit_for_victims,unaccountable_extraction],actors(distributed,distributed),drift(rising,unknown,rising),zone(extreme,extreme))
cross_group_economic_mobility	six(shift(tangled_rope,tangled_rope,rope,snare),[asymmetric,coordination,enforcement,has_beneficiaries],[drifting_without_limit,no_exit_for_victims,unaccountable_extraction],actors(distributed,distributed),drift(rising,unknown,rising),zone(extreme,extreme))
cross_linguistic_transfer_asymmetry	six(shift(tangled_rope,tangled_rope,naturalized,tangled_rope),[asymmetric,coordination,enforcement,has_beneficiaries],[drifting_without_limit,no_exit_for_victims,unaccountable_extraction],actors(distributed,distributed),drift(rising,unknown,rising),zone(extreme,high))
cross_platform_social_portability	six(shift(tangled_rope,tangled_rope,tangled_rope,tangled_rope),[asymmetric,coordination,enforcement,has_beneficiaries],[drifting_without_limit,no_exit_for_victims,unaccountable_extraction],actors(concentrated,distributed),drift(rising,unknown,rising),zone(extreme,extreme))
crustal_hydrogen_availability	six(shift(mountain,mountain,mountain,mountain),[has_temporal_data,natural],[],actors(none,none),drift(stable,unknown,stable),zone(negligible,negligible))
crypto_export_controls_piton	six(shift(tangled_rope,tangled_rope,tangled_rope,tangled_rope),[asymmetric,coordination,has_beneficiaries],[],actors(distributed,distributed),drift(falling,unknown,rising),zone(negligible,moderate))
crypto_retail_pump_and_dump	six(shift(tangled_rope,snare,rope,snare),[asymmetric,coordination,enforcement,has_beneficiaries],[drifting_without_limit,no_exit_for_victims,unaccountable_extraction],actors(distributed,distributed),drift(rising,unknown,rising),zone(extreme,extreme))
cryptocurrency_mining_centralization	six(shift(naturalized,tangled_rope,rope,snare),[asymmetric,coordination,enforcement,has_beneficiaries],[drifting_without_limit,no_exit_for_victims,unaccountable_extraction],actors(distributed,distributed),drift(rising,unknown,rising),zone(extreme,extreme))
cryptocurrency_settlement_competition	six(shift(tangled_rope,tangled_rope,naturalized,tangled_rope),[asymmetric,coordination,enforcement,has_beneficiaries],[drifting_without_limit,no_exit_for_victims,unaccountable_extraction],actors(distributed,distributed),drift(rising,unknown,rising),zone(extreme,high))
cryptocurrency_user_asset_security	six(shift(tangled_rope,tangled_rope,tangled_rope,tangled_rope),[asymmetric,coordination,enforcement,has_beneficiaries],[drifting_without_limit,no_exit_for_victims,unaccountable_extraction],actors(distributed,distributed),drift(rising,unknown,rising),zone(extreme,extreme))
cryptocurrency_velocity_dynamics	six(shift(tangled_rope,tangled_rope,tangled_rope,tangled_rope),[asymmetric,coordination,enforcement,has_beneficiaries],[drifting_without_limit,no_exit_for_victims,unaccountable_extraction],actors(distributed,distributed),drift(rising,unknown,rising),zone(extreme,high))
cryptographic_assumption_validation	six(shift(tangled_rope,tangled_rope,tangled_rope,tangled_rope),[asymmetric,coordination,enforcement,has_beneficiaries],[drifting_without_limit,no_exit_for_victims,unaccountable_extraction],actors(distributed,distributed),drift(rising,unknown,rising),zone(extreme,extreme))
cryptographic_custody_risk	six(shift(tangled_rope,tangled_rope,tangled_rope,tangled_rope),[asymmetric,coordination,enforcement,has_beneficiaries],[drifting_without_limit,no_exit_for_victims,unaccountable_extraction],actors(distributed,distributed),drift(rising,unknown,rising),zone(extreme,extreme))
cryptographic_group_selection	six(shift(tangled_rope,tangled_rope,tangled_rope,tangled_rope),[asymmetric,coordination,enforcement,has_beneficiaries],[no_exit_for_victims],actors(distributed,distributed),drift(rising,unknown,rising),zone(low,high))
cryptographic_key_management_scaling	six(shift(tangled_rope,tangled_rope,tangled_rope,tangled_rope),[asymmetric,coordination,enforcement,has_beneficiaries],[drifting_without_limit,no_exit_for_victims,unaccountable_extraction],actors(distributed,distributed),drift(rising,unknown,rising),zone(extreme,extreme))
cryptographic_key_selection	six(shift(mountain,mountain,mountain,mountain),[has_temporal_data,natural],[],actors(none,none),drift(stable,unknown,stable),zone(negligible,negligible))
cryptographic_primitive_trust	six(shift(tangled_rope,tangled_rope,tangled_rope,tangled_rope),[asymmetric,coordination,enforcement,has_beneficiaries],[drifting_without_limit,no_exit_for_victims,unaccountable_extraction],actors(distributed,distributed),drift(rising,unknown,rising),zone(extreme,extreme))
cuba_mandatrophic_collapse	six(shift(tangled_rope,tangled_rope,tangled_rope,tangled_rope),[asymmetric,coordination,enforcement,has_beneficiaries],[drifting_without_limit,no_exit_for_victims,unaccountable_extraction],actors(concentrated,distributed),drift(rising,unknown,rising),zone(extreme,extreme))
cuban_migration_pressure	six(shift(tangled_rope,tangled_rope,tangled_rope,tangled_rope),[asymmetric,coordination,enforcement,has_beneficiaries],[drifting_without_limit,no_exit_for_victims,unaccountable_extraction],actors(distributed,distributed),drift(rising,unknown,rising),zone(extreme,extreme))
cuban_missile_crisis_excomm_delibration	six(shift(tangled_rope,tangled_rope,tangled_rope,tangled_rope),[asymmetric,coordination,enforcement,has_beneficiaries],[no_exit_for_victims],actors(distributed,distributed),drift(rising,unknown,rising),zone(low,high))
culinary_gatekeeping_hierarchy	six(shift(tangled_rope,tangled_rope,rope,tangled_rope),[asymmetric,coordination,enforcement,has_beneficiaries],[drifting_without_limit,no_exit_for_victims,unaccountable_extraction],actors(distributed,distributed),drift(rising,unknown,rising),zone(extreme,high))
cultural_epistemology_validation	six(shift(tangled_rope,tangled_rope,tangled_rope,tangled_rope),[asymmetric,coordination,enforcement,has_beneficiaries],[drifting_without_limit,no_exit_for_victims,unaccountable_extraction],actors(distributed,distributed),drift(rising,unknown,rising),zone(extreme,extreme))
cultural_gatekeeping_infrastructure	six(shift(tangled_rope,tangled_rope,tangled_rope,tangled_rope),[asymmetric,coordination,enforcement,has_beneficiaries],[drifting_without_limit,no_exit_for_victims,unaccountable_extraction],actors(distributed,distributed),drift(rising,unknown,rising),zone(extreme,extreme))
cultural_homogenization_social_media	six(shift(tangled_rope,tangled_rope,tangled_rope,tangled_rope),[asymmetric,coordination,enforcement,has_beneficiaries],[drifting_without_limit,no_exit_for_victims,unaccountable_extraction],actors(distributed,distributed),drift(rising,unknown,rising),zone(extreme,extreme))
cultural_identity_gatekeeping	six(shift(tangled_rope,tangled_rope,tangled_rope,tangled_rope),[asymmetric,coordination,enforcement,has_beneficiaries],[drifting_without_limit,no_exit_for_victims,unaccountable_extraction],actors(distributed,distributed),drift(rising,unknown,rising),zone(extreme,extreme))
cultural_labor_extraction	six(shift(tangled_rope,tangled_rope,tangled_rope,tangled_rope),[asymmetric,coordination,enforcement,has_beneficiaries],[drifting_without_limit,no_exit_for_victims,unaccountable_extraction],actors(distributed,distributed),drift(rising,unknown,rising),zone(extreme,extreme))
cultural_legitimacy_gatekeeping	six(shift(tangled_rope,tangled_rope,tangled_rope,tangled_rope),[asymmetric,coordination,enforcement,has_beneficiaries],[drifting_without_limit,no_exit_for_victims,unaccountable_extraction],actors(distributed,distributed),drift(rising,unknown,rising),zone(extreme,extreme))
cultural_memory_decay	six(shift(tangled_rope,tangled_rope,tangled_rope,tangled_rope),[asymmetric,coordination,enforcement,has_beneficiaries],[drifting_without_limit,no_exit_for_victims,unaccountable_extraction],actors(distributed,distributed),drift(rising,unknown,rising),zone(extreme,extreme))
cultural_refragmentation_2026	six(shift(naturalized,snare,rope,snare),[asymmetric,coordination,enforcement,has_beneficiaries],[drifting_without_limit,no_exit_for_victims,unaccountable_extraction],actors(distributed,distributed),drift(rising,unknown,rising),zone(extreme,extreme))
cumbria_mine_rejection	six(shift(tangled_rope,tangled_rope,tangled_rope,tangled_rope),[asymmetric,coordination,enforcement,has_beneficiaries],[drifting_without_limit,no_exit_for_victims,unaccountable_extraction],actors(distributed,distributed),drift(rising,unknown,rising),zone(extreme,extreme))
cuny_light_2026	six(shift(tangled_rope,tangled_rope,tangled_rope,tangled_rope),[coordination,has_beneficiaries],[],actors(distributed,none),drift(stable,unknown,stable),zone(negligible,negligible))
currency_confidence_basin	six(shift(tangled_rope,tangled_rope,tangled_rope,tangled_rope),[asymmetric,coordination,enforcement,has_beneficiaries],[drifting_without_limit,no_exit_for_victims,unaccountable_extraction],actors(distributed,distributed),drift(rising,unknown,rising),zone(extreme,extreme))
currency_debasement_extraction	six(shift(tangled_rope,tangled_rope,tangled_rope,tangled_rope),[asymmetric,coordination,enforcement,has_beneficiaries],[drifting_without_limit,no_exit_for_victims,unaccountable_extraction],actors(distributed,distributed),drift(rising,unknown,rising),zone(extreme,extreme))
currency_depreciation_spiral	six(shift(tangled_rope,tangled_rope,tangled_rope,tangled_rope),[asymmetric,coordination,enforcement,has_beneficiaries],[drifting_without_limit,no_exit_for_victims,unaccountable_extraction],actors(distributed,distributed),drift(rising,unknown,rising),zone(extreme,extreme))
currency_exposure_debt_cycles	six(shift(snare,snare,rope,snare),[asymmetric,coordination,enforcement,has_beneficiaries],[drifting_without_limit,no_exit_for_victims,unaccountable_extraction],actors(distributed,distributed),drift(rising,unknown,rising),zone(extreme,extreme))
currency_hegemony	six(shift(tangled_rope,tangled_rope,tangled_rope,tangled_rope),[asymmetric,coordination,enforcement,has_beneficiaries],[drifting_without_limit,no_exit_for_victims,unaccountable_extraction],actors(distributed,distributed),drift(rising,unknown,falling),zone(extreme,extreme))
currency_hierarchy	six(shift(tangled_rope,tangled_rope,tangled_rope,tangled_rope),[asymmetric,coordination,enforcement,has_beneficiaries],[drifting_without_limit,no_exit_for_victims,unaccountable_extraction],actors(distributed,distributed),drift(rising,unknown,rising),zone(extreme,extreme))
currency_monopoly_protection	six(shift(tangled_rope,tangled_rope,tangled_rope,tangled_rope),[asymmetric,coordination,enforcement,has_beneficiaries],[drifting_without_limit,no_exit_for_victims,unaccountable_extraction],actors(concentrated,distributed),drift(rising,unknown,rising),zone(extreme,extreme))
currency_regime_lock_in	six(shift(tangled_rope,tangled_rope,tangled_rope,tangled_rope),[asymmetric,coordination,enforcement,has_beneficiaries],[drifting_without_limit,no_exit_for_victims,unaccountable_extraction],actors(distributed,distributed),drift(rising,unknown,rising),zone(extreme,extreme))
currency_reserve_concentration_risk	six(shift(tangled_rope,tangled_rope,tangled_rope,tangled_rope),[asymmetric,coordination,enforcement,has_beneficiaries],[drifting_without_limit,no_exit_for_victims,unaccountable_extraction],actors(distributed,distributed),drift(rising,unknown,rising),zone(extreme,extreme))
currys_paradox	six(shift(mountain,mountain,mountain,mountain),[has_temporal_data,natural],[],actors(none,none),drift(stable,unknown,stable),zone(negligible,negligible))
custodial_bridge_security_risk	six(shift(tangled_rope,tangled_rope,tangled_rope,tangled_rope),[asymmetric,coordination,enforcement,has_beneficiaries],[drifting_without_limit,no_exit_for_victims,unaccountable_extraction],actors(distributed,distributed),drift(rising,unknown,rising),zone(extreme,extreme))
damnatio_memoriae_enforcement	six(shift(tangled_rope,tangled_rope,tangled_rope,tangled_rope),[asymmetric,coordination,enforcement,has_beneficiaries],[drifting_without_limit,no_exit_for_victims,unaccountable_extraction],actors(distributed,distributed),drift(rising,unknown,rising),zone(extreme,extreme))
damped_harmonics	six(shift(mountain,mountain,mountain,mountain),[has_temporal_data,natural],[],actors(none,none),drift(stable,unknown,stable),zone(negligible,negligible))
danish_immigration_policy	six(shift(naturalized,tangled_rope,rope,snare),[asymmetric,coordination,enforcement,has_beneficiaries],[drifting_without_limit,no_exit_for_victims,unaccountable_extraction],actors(distributed,distributed),drift(rising,unknown,rising),zone(extreme,extreme))
dark_energy_equation_of_state	six(shift(tangled_rope,tangled_rope,tangled_rope,tangled_rope),[asymmetric,coordination,enforcement,has_beneficiaries],[drifting_without_limit,no_exit_for_victims,unaccountable_extraction],actors(concentrated,distributed),drift(rising,unknown,rising),zone(extreme,extreme))
dark_matter_detection_null_results	six(shift(tangled_rope,tangled_rope,naturalized,tangled_rope),[asymmetric,coordination,enforcement,has_beneficiaries],[drifting_without_limit,no_exit_for_victims,unaccountable_extraction],actors(distributed,distributed),drift(rising,unknown,rising),zone(extreme,high))
dark_matter_inference	six(shift(tangled_rope,tangled_rope,tangled_rope,tangled_rope),[asymmetric,coordination,enforcement,has_beneficiaries],[no_exit_for_victims],actors(distributed,distributed),drift(rising,unknown,rising),zone(low,high))
dark_matter_structure_formation_timeline	six(shift(mountain,mountain,mountain,mountain),[has_temporal_data,natural],[],actors(none,none),drift(stable,unknown,stable),zone(negligible,negligible))
dark_patterns_manipulation	six(shift(tangled_rope,tangled_rope,rope,snare),[asymmetric,coordination,enforcement,has_beneficiaries],[drifting_without_limit,no_exit_for_victims,unaccountable_extraction],actors(concentrated,distributed),drift(rising,unknown,rising),zone(extreme,extreme))
data_asymmetry	six(shift(tangled_rope,tangled_rope,tangled_rope,tangled_rope),[asymmetric,coordination,enforcement,has_beneficiaries],[drifting_without_limit,no_exit_for_victims,unaccountable_extraction],actors(distributed,distributed),drift(rising,unknown,stable),zone(extreme,extreme))
data_asymmetry_labor_markets	six(shift(tangled_rope,tangled_rope,tangled_rope,tangled_rope),[asymmetric,coordination,enforcement,has_beneficiaries],[drifting_without_limit,no_exit_for_victims,unaccountable_extraction],actors(distributed,distributed),drift(rising,unknown,rising),zone(extreme,extreme))
data_extraction_regimes	six(shift(tangled_rope,tangled_rope,tangled_rope,tangled_rope),[asymmetric,coordination,enforcement,has_beneficiaries],[drifting_without_limit,no_exit_for_victims,unaccountable_extraction],actors(distributed,distributed),drift(rising,unknown,rising),zone(extreme,extreme))
data_extraction_surveillance	six(shift(tangled_rope,tangled_rope,tangled_rope,tangled_rope),[asymmetric,coordination,enforcement,has_beneficiaries],[drifting_without_limit,no_exit_for_victims,unaccountable_extraction],actors(distributed,distributed),drift(rising,unknown,rising),zone(extreme,extreme))
data_laundering_pipeline	six(shift(tangled_rope,tangled_rope,tangled_rope,tangled_rope),[asymmetric,coordination,enforcement,has_beneficiaries],[drifting_without_limit,no_exit_for_victims,unaccountable_extraction],actors(distributed,distributed),drift(rising,unknown,rising),zone(extreme,extreme))
data_monetization_asymmetry	six(shift(naturalized,tangled_rope,naturalized,snare),[asymmetric,coordination,enforcement,has_beneficiaries],[drifting_without_limit,no_exit_for_victims,unaccountable_extraction],actors(distributed,distributed),drift(rising,unknown,rising),zone(extreme,extreme))
data_portability_barriers	six(shift(naturalized,tangled_rope,rope,snare),[asymmetric,coordination,enforcement,has_beneficiaries],[drifting_without_limit,no_exit_for_victims,unaccountable_extraction],actors(distributed,distributed),drift(rising,unknown,rising),zone(extreme,extreme))
data_portability_mandates	six(shift(tangled_rope,tangled_rope,tangled_rope,tangled_rope),[asymmetric,coordination,enforcement,has_beneficiaries],[drifting_without_limit,no_exit_for_victims,unaccountable_extraction],actors(distributed,distributed),drift(rising,unknown,rising),zone(extreme,high))
data_privacy_regulation	six(shift(tangled_rope,tangled_rope,tangled_rope,tangled_rope),[asymmetric,coordination,enforcement,has_beneficiaries],[drifting_without_limit,no_exit_for_victims,unaccountable_extraction],actors(distributed,distributed),drift(rising,unknown,rising),zone(extreme,high))
data_sovereignty_architecture	six(shift(tangled_rope,tangled_rope,tangled_rope,tangled_rope),[asymmetric,coordination,enforcement,has_beneficiaries],[drifting_without_limit,no_exit_for_victims,unaccountable_extraction],actors(distributed,distributed),drift(rising,unknown,rising),zone(extreme,extreme))
dead_sea_effect	six(shift(tangled_rope,tangled_rope,naturalized,tangled_rope),[asymmetric,coordination,enforcement,has_beneficiaries],[drifting_without_limit,no_exit_for_victims,unaccountable_extraction],actors(distributed,distributed),drift(rising,unknown,rising),zone(extreme,high))
death_of_god_narrative	six(shift(tangled_rope,tangled_rope,tangled_rope,tangled_rope),[asymmetric,coordination,enforcement,has_beneficiaries],[drifting_without_limit,no_exit_for_victims,unaccountable_extraction],actors(distributed,distributed),drift(rising,unknown,rising),zone(extreme,extreme))
debt_bondage_south_asia	six(shift(snare,snare,rope,snare),[asymmetric,coordination,enforcement,has_beneficiaries],[drifting_without_limit,no_exit_for_victims,unaccountable_extraction],actors(distributed,distributed),drift(rising,unknown,rising),zone(extreme,extreme))
debt_dependency_traps	six(shift(snare,snare,rope,snare),[asymmetric,coordination,enforcement,has_beneficiaries],[drifting_without_limit,no_exit_for_victims,unaccountable_extraction],actors(distributed,distributed),drift(rising,unknown,rising),zone(extreme,extreme))
debt_enforcement_against_incapacity	six(shift(snare,snare,rope,snare),[asymmetric,coordination,enforcement,has_beneficiaries],[drifting_without_limit,no_exit_for_victims,unaccountable_extraction],actors(concentrated,distributed),drift(rising,unknown,rising),zone(extreme,extreme))
debt_leverage_as_consent_manufacturing	six(shift(tangled_rope,tangled_rope,rope,tangled_rope),[asymmetric,coordination,enforcement,has_beneficiaries],[no_exit_for_victims],actors(distributed,distributed),drift(rising,unknown,rising),zone(low,extreme))
debt_service_squeeze	six(shift(tangled_rope,tangled_rope,tangled_rope,tangled_rope),[asymmetric,coordination,enforcement,has_beneficiaries],[drifting_without_limit,no_exit_for_victims,unaccountable_extraction],actors(distributed,distributed),drift(rising,unknown,rising),zone(extreme,extreme))
debt_trap_accumulation	six(shift(tangled_rope,snare,rope,snare),[asymmetric,coordination,enforcement,has_beneficiaries],[drifting_without_limit,no_exit_for_victims,unaccountable_extraction],actors(distributed,distributed),drift(rising,unknown,rising),zone(extreme,extreme))
debt_trap_compounding	six(shift(snare,snare,rope,snare),[asymmetric,coordination,enforcement,has_beneficiaries],[drifting_without_limit,no_exit_for_victims,unaccountable_extraction],actors(distributed,distributed),drift(rising,unknown,rising),zone(extreme,extreme))
debt_trap_microfinance	six(shift(tangled_rope,tangled_rope,rope,snare),[asymmetric,coordination,enforcement,has_beneficiaries],[drifting_without_limit,no_exit_for_victims,unaccountable_extraction],actors(distributed,distributed),drift(rising,unknown,rising),zone(extreme,extreme))
decapitation_as_regime_change	six(shift(tangled_rope,snare,rope,snare),[asymmetric,coordination,enforcement,has_beneficiaries],[drifting_without_limit,no_exit_for_victims,unaccountable_extraction],actors(distributed,distributed),drift(rising,unknown,rising),zone(extreme,extreme))
decentralized_governance_scalability	six(shift(naturalized,tangled_rope,rope,snare),[asymmetric,coordination,enforcement,has_beneficiaries],[drifting_without_limit,no_exit_for_victims,unaccountable_extraction],actors(distributed,distributed),drift(rising,unknown,rising),zone(extreme,extreme))
decentralized_preservation_scalability	six(shift(tangled_rope,tangled_rope,tangled_rope,tangled_rope),[asymmetric,coordination,enforcement,has_beneficiaries],[drifting_without_limit,no_exit_for_victims,unaccountable_extraction],actors(distributed,distributed),drift(rising,unknown,rising),zone(extreme,high))
decision_fatigue_opportunity_cost	six(shift(tangled_rope,tangled_rope,tangled_rope,tangled_rope),[asymmetric,coordination,enforcement,has_beneficiaries],[drifting_without_limit,no_exit_for_victims,unaccountable_extraction],actors(distributed,distributed),drift(rising,unknown,rising),zone(extreme,extreme))
decision_latency_mismatch	six(shift(tangled_rope,tangled_rope,tangled_rope,tangled_rope),[asymmetric,coordination,enforcement,has_beneficiaries],[drifting_without_limit,no_exit_for_victims,unaccountable_extraction],actors(distributed,distributed),drift(rising,unknown,rising),zone(extreme,high))
decision_quality_degradation	six(shift(tangled_rope,tangled_rope,tangled_rope,tangled_rope),[asymmetric,coordination,enforcement,has_beneficiaries],[drifting_without_limit,no_exit_for_victims,unaccountable_extraction],actors(distributed,distributed),drift(rising,unknown,rising),zone(extreme,extreme))
decoupling_threshold	six(shift(tangled_rope,tangled_rope,rope,tangled_rope),[asymmetric,coordination,enforcement,has_beneficiaries],[drifting_without_limit,no_exit_for_victims,unaccountable_extraction],actors(distributed,distributed),drift(rising,unknown,rising),zone(extreme,high))
dedekind_infinite_property	six(shift(mountain,mountain,mountain,mountain),[has_temporal_data,natural],[],actors(none,none),drift(stable,unknown,stable),zone(negligible,negligible))
deep_earth_hydrogen_availability	six(shift(mountain,mountain,mountain,mountain),[has_temporal_data,natural],[],actors(none,none),drift(stable,unknown,stable),zone(negligible,negligible))
deep_sea_mining_regulation	six(shift(tangled_rope,tangled_rope,tangled_rope,tangled_rope),[asymmetric,coordination,enforcement,has_beneficiaries],[drifting_without_limit,no_exit_for_victims,unaccountable_extraction],actors(distributed,distributed),drift(rising,unknown,rising),zone(extreme,extreme))
deepfake_synthesis_accessibility	six(shift(tangled_rope,tangled_rope,tangled_rope,tangled_rope),[asymmetric,coordination,enforcement,has_beneficiaries],[drifting_without_limit,no_exit_for_victims,unaccountable_extraction],actors(distributed,distributed),drift(rising,unknown,rising),zone(extreme,extreme))
defense_acquisition_cost_escalation	six(shift(naturalized,tangled_rope,naturalized,snare),[asymmetric,coordination,enforcement,has_beneficiaries],[drifting_without_limit,no_exit_for_victims,unaccountable_extraction],actors(distributed,distributed),drift(rising,unknown,rising),zone(extreme,extreme))
defense_contractor_procurement_preference	six(shift(tangled_rope,tangled_rope,tangled_rope,tangled_rope),[asymmetric,coordination,enforcement,has_beneficiaries],[drifting_without_limit,no_exit_for_victims,unaccountable_extraction],actors(distributed,distributed),drift(rising,unknown,rising),zone(extreme,extreme))
defense_contractor_vendor_capture	six(shift(naturalized,tangled_rope,tangled_rope,snare),[asymmetric,coordination,enforcement,has_beneficiaries],[drifting_without_limit,no_exit_for_victims,unaccountable_extraction],actors(distributed,distributed),drift(rising,unknown,rising),zone(extreme,extreme))
defense_technology_autonomy	six(shift(tangled_rope,tangled_rope,tangled_rope,tangled_rope),[asymmetric,coordination,enforcement,has_beneficiaries],[drifting_without_limit,no_exit_for_victims,unaccountable_extraction],actors(distributed,distributed),drift(rising,unknown,rising),zone(extreme,extreme))
deferential_realism_core	six(shift(tangled_rope,tangled_rope,tangled_rope,tangled_rope),[asymmetric,coordination,enforcement,has_beneficiaries],[drifting_without_limit,no_exit_for_victims,unaccountable_extraction],actors(distributed,distributed),drift(rising,unknown,rising),zone(extreme,high))
deferred_maintenance_cascade	six(shift(tangled_rope,tangled_rope,tangled_rope,tangled_rope),[asymmetric,coordination,enforcement,has_beneficiaries],[drifting_without_limit,no_exit_for_victims,unaccountable_extraction],actors(distributed,distributed),drift(rising,unknown,rising),zone(extreme,extreme))
deferred_risk_realization	six(shift(tangled_rope,tangled_rope,tangled_rope,tangled_rope),[asymmetric,coordination,enforcement,has_beneficiaries],[drifting_without_limit,no_exit_for_victims,unaccountable_extraction],actors(distributed,distributed),drift(rising,unknown,rising),zone(extreme,extreme))
deforestation_commons	six(shift(tangled_rope,tangled_rope,tangled_rope,tangled_rope),[asymmetric,coordination,enforcement,has_beneficiaries],[drifting_without_limit,no_exit_for_victims,unaccountable_extraction],actors(distributed,distributed),drift(rising,unknown,rising),zone(extreme,extreme))
degraded_deterrence_architecture	six(shift(mountain,mountain,mountain,mountain),[has_theater,natural],[],actors(none,none),drift(unknown,unknown,unknown),zone(negligible,negligible))
delayed_feedback_instability	six(shift(tangled_rope,tangled_rope,tangled_rope,tangled_rope),[asymmetric,coordination,enforcement,has_beneficiaries],[drifting_without_limit,no_exit_for_victims,unaccountable_extraction],actors(distributed,distributed),drift(rising,unknown,rising),zone(extreme,extreme))
delta_force_selection_2026	six(shift(snare,snare,rope,snare),[asymmetric,coordination,enforcement,has_beneficiaries],[drifting_without_limit,no_exit_for_victims,unaccountable_extraction],actors(distributed,distributed),drift(rising,unknown,rising),zone(extreme,extreme))
demand_destruction_policy	six(shift(tangled_rope,tangled_rope,tangled_rope,tangled_rope),[asymmetric,coordination,enforcement,has_beneficiaries],[drifting_without_limit,no_exit_for_victims,unaccountable_extraction],actors(distributed,distributed),drift(rising,unknown,rising),zone(extreme,extreme))
demand_response_cost_shift	six(shift(tangled_rope,tangled_rope,rope,tangled_rope),[asymmetric,coordination,enforcement,has_beneficiaries],[drifting_without_limit,no_exit_for_victims,unaccountable_extraction],actors(distributed,distributed),drift(rising,unknown,rising),zone(extreme,high))
demographic_elimination_imperative	six(shift(mountain,mountain,mountain,mountain),[has_temporal_data,natural],[],actors(none,none),drift(stable,unknown,stable),zone(negligible,negligible))
demographic_inertia_trap	six(shift(tangled_rope,tangled_rope,tangled_rope,tangled_rope),[asymmetric,coordination,enforcement,has_beneficiaries],[drifting_without_limit,no_exit_for_victims,unaccountable_extraction],actors(concentrated,distributed),drift(rising,unknown,rising),zone(extreme,extreme))
demographic_irreversibility	six(shift(tangled_rope,scaffold,scaffold,tangled_rope),[coordination,has_beneficiaries,natural],[],actors(distributed,none),drift(stable,unknown,stable),zone(negligible,negligible))
denmark_asylum_outsourcing	six(shift(tangled_rope,tangled_rope,tangled_rope,tangled_rope),[asymmetric,coordination,enforcement,has_beneficiaries],[drifting_without_limit,no_exit_for_victims,unaccountable_extraction],actors(distributed,distributed),drift(rising,unknown,rising),zone(extreme,extreme))
deployment_opacity_epistemic_collapse	six(shift(naturalized,tangled_rope,rope,snare),[asymmetric,coordination,enforcement,has_beneficiaries],[drifting_without_limit,no_exit_for_victims,unaccountable_extraction],actors(distributed,distributed),drift(rising,unknown,rising),zone(extreme,extreme))
derivative_labor_extraction	six(shift(tangled_rope,tangled_rope,tangled_rope,tangled_rope),[asymmetric,coordination,enforcement,has_beneficiaries],[drifting_without_limit,no_exit_for_victims,unaccountable_extraction],actors(distributed,distributed),drift(rising,unknown,rising),zone(extreme,extreme))
derivative_work_definition	six(shift(tangled_rope,tangled_rope,naturalized,tangled_rope),[asymmetric,coordination,enforcement,has_beneficiaries],[drifting_without_limit,no_exit_for_victims,unaccountable_extraction],actors(distributed,distributed),drift(rising,unknown,rising),zone(extreme,high))
desire_cultivation_ratchet	six(shift(tangled_rope,tangled_rope,rope,tangled_rope),[asymmetric,coordination,enforcement,has_beneficiaries],[drifting_without_limit,no_exit_for_victims,unaccountable_extraction],actors(distributed,distributed),drift(rising,unknown,rising),zone(extreme,high))
desire_opacity	six(shift(mountain,mountain,mountain,mountain),[has_temporal_data,natural],[],actors(none,none),drift(stable,unknown,stable),zone(negligible,negligible))
destination_labor_market_saturation	six(shift(tangled_rope,tangled_rope,tangled_rope,tangled_rope),[asymmetric,coordination,enforcement,has_beneficiaries],[drifting_without_limit,no_exit_for_victims,unaccountable_extraction],actors(distributed,distributed),drift(rising,unknown,rising),zone(extreme,extreme))
detention_asylum_barriers	six(shift(tangled_rope,tangled_rope,tangled_rope,tangled_rope),[asymmetric,coordination,enforcement,has_beneficiaries],[drifting_without_limit,no_exit_for_victims,unaccountable_extraction],actors(distributed,distributed),drift(rising,unknown,rising),zone(extreme,extreme))
developer_bargaining_power_asymmetry	six(shift(tangled_rope,tangled_rope,tangled_rope,tangled_rope),[asymmetric,coordination,enforcement,has_beneficiaries],[drifting_without_limit,no_exit_for_victims,unaccountable_extraction],actors(distributed,distributed),drift(rising,unknown,rising),zone(extreme,extreme))
developer_market_power	six(shift(tangled_rope,tangled_rope,tangled_rope,tangled_rope),[asymmetric,coordination,enforcement,has_beneficiaries],[drifting_without_limit,no_exit_for_victims,unaccountable_extraction],actors(distributed,distributed),drift(rising,unknown,rising),zone(extreme,extreme))
developer_migration_flows	six(shift(tangled_rope,tangled_rope,naturalized,tangled_rope),[asymmetric,coordination,enforcement,has_beneficiaries],[drifting_without_limit,no_exit_for_victims,unaccountable_extraction],actors(distributed,distributed),drift(rising,unknown,falling),zone(extreme,high))
developer_platform_dependency	six(shift(tangled_rope,tangled_rope,rope,snare),[asymmetric,coordination,enforcement,has_beneficiaries],[drifting_without_limit,no_exit_for_victims,unaccountable_extraction],actors(distributed,distributed),drift(rising,unknown,rising),zone(extreme,extreme))
developer_tool_market_concentration	six(shift(tangled_rope,tangled_rope,tangled_rope,tangled_rope),[asymmetric,coordination,enforcement,has_beneficiaries],[drifting_without_limit,no_exit_for_victims,unaccountable_extraction],actors(distributed,distributed),drift(rising,unknown,rising),zone(extreme,extreme))
developer_training_capital	six(shift(tangled_rope,tangled_rope,tangled_rope,tangled_rope),[asymmetric,coordination,enforcement,has_beneficiaries],[drifting_without_limit,no_exit_for_victims,unaccountable_extraction],actors(distributed,distributed),drift(rising,unknown,rising),zone(extreme,extreme))
developing_economy_capital_flight	six(shift(tangled_rope,tangled_rope,tangled_rope,tangled_rope),[asymmetric,coordination,enforcement,has_beneficiaries],[drifting_without_limit,no_exit_for_victims,unaccountable_extraction],actors(distributed,distributed),drift(rising,unknown,rising),zone(extreme,extreme))
developing_economy_trade_asymmetry	six(shift(tangled_rope,tangled_rope,tangled_rope,tangled_rope),[asymmetric,coordination,enforcement,has_beneficiaries],[drifting_without_limit,no_exit_for_victims,unaccountable_extraction],actors(distributed,distributed),drift(rising,unknown,rising),zone(extreme,extreme))
developing_nation_debt_sustainability	six(shift(tangled_rope,tangled_rope,tangled_rope,tangled_rope),[asymmetric,coordination,enforcement,has_beneficiaries],[drifting_without_limit,no_exit_for_victims,unaccountable_extraction],actors(distributed,distributed),drift(rising,unknown,rising),zone(extreme,extreme))
developmental_disability_clustering	six(shift(tangled_rope,tangled_rope,tangled_rope,tangled_rope),[asymmetric,coordination,enforcement,has_beneficiaries],[drifting_without_limit,no_exit_for_victims,unaccountable_extraction],actors(distributed,distributed),drift(rising,unknown,rising),zone(extreme,extreme))
developmental_toolkit_gene_causality	six(shift(tangled_rope,tangled_rope,tangled_rope,tangled_rope),[asymmetric,coordination,enforcement,has_beneficiaries],[no_exit_for_victims],actors(distributed,distributed),drift(rising,unknown,rising),zone(low,high))
developmental_trajectory_prediction	six(shift(tangled_rope,tangled_rope,tangled_rope,tangled_rope),[asymmetric,coordination,enforcement,has_beneficiaries],[drifting_without_limit,no_exit_for_victims,unaccountable_extraction],actors(distributed,distributed),drift(rising,unknown,rising),zone(extreme,extreme))
device_ecosystem_interoperability	six(shift(naturalized,tangled_rope,rope,snare),[asymmetric,coordination,enforcement,has_beneficiaries],[drifting_without_limit,no_exit_for_victims,unaccountable_extraction],actors(distributed,distributed),drift(rising,unknown,rising),zone(extreme,extreme))
device_manufacturer_distribution_models	six(shift(tangled_rope,tangled_rope,tangled_rope,tangled_rope),[asymmetric,coordination,enforcement,has_beneficiaries],[drifting_without_limit,no_exit_for_victims,unaccountable_extraction],actors(distributed,distributed),drift(rising,unknown,rising),zone(extreme,extreme))
devotional_transformation	six(shift(tangled_rope,tangled_rope,tangled_rope,tangled_rope),[asymmetric,coordination,enforcement,has_beneficiaries],[no_exit_for_victims],actors(distributed,distributed),drift(rising,unknown,rising),zone(low,high))
dharmasastra_competing_interpretive_frames	six(shift(tangled_rope,tangled_rope,tangled_rope,tangled_rope),[asymmetric,coordination,enforcement,has_beneficiaries],[no_exit_for_victims],actors(distributed,distributed),drift(rising,unknown,rising),zone(low,high))
diaspora_return_disincentive	six(shift(tangled_rope,tangled_rope,naturalized,tangled_rope),[asymmetric,coordination,enforcement,has_beneficiaries],[drifting_without_limit,no_exit_for_victims,unaccountable_extraction],actors(distributed,distributed),drift(rising,unknown,rising),zone(extreme,high))
differentiability_degree_freedom	six(shift(mountain,mountain,mountain,mountain),[has_temporal_data,natural],[],actors(none,none),drift(stable,unknown,stable),zone(negligible,negligible))
digital_access_equity_global	six(shift(naturalized,tangled_rope,rope,snare),[asymmetric,coordination,enforcement,has_beneficiaries],[drifting_without_limit,no_exit_for_victims,unaccountable_extraction],actors(distributed,distributed),drift(rising,unknown,rising),zone(extreme,extreme))
digital_advertising_extraction	six(shift(tangled_rope,snare,rope,snare),[asymmetric,coordination,enforcement,has_beneficiaries],[drifting_without_limit,no_exit_for_victims,unaccountable_extraction],actors(distributed,distributed),drift(rising,unknown,rising),zone(extreme,extreme))
digital_advertising_surveillance	six(shift(tangled_rope,tangled_rope,tangled_rope,tangled_rope),[asymmetric,coordination,enforcement,has_beneficiaries],[drifting_without_limit,no_exit_for_victims,unaccountable_extraction],actors(distributed,distributed),drift(rising,unknown,rising),zone(extreme,extreme))
digital_credentialing_authentication	six(shift(tangled_rope,tangled_rope,naturalized,tangled_rope),[asymmetric,coordination,enforcement,has_beneficiaries],[drifting_without_limit,no_exit_for_victims,unaccountable_extraction],actors(distributed,distributed),drift(rising,unknown,rising),zone(extreme,high))
digital_credentialing_verification	six(shift(tangled_rope,tangled_rope,tangled_rope,tangled_rope),[asymmetric,coordination,enforcement,has_beneficiaries],[drifting_without_limit,no_exit_for_victims,unaccountable_extraction],actors(distributed,distributed),drift(rising,unknown,rising),zone(extreme,extreme))
digital_divide_exclusion	six(shift(tangled_rope,tangled_rope,tangled_rope,tangled_rope),[asymmetric,coordination,enforcement,has_beneficiaries],[drifting_without_limit,no_exit_for_victims,unaccountable_extraction],actors(distributed,distributed),drift(rising,unknown,rising),zone(extreme,extreme))
digital_divide_expansion	six(shift(tangled_rope,tangled_rope,tangled_rope,tangled_rope),[asymmetric,coordination,enforcement,has_beneficiaries],[drifting_without_limit,no_exit_for_victims,unaccountable_extraction],actors(distributed,distributed),drift(rising,unknown,rising),zone(extreme,extreme))
digital_euro_cbdc	six(shift(naturalized,tangled_rope,rope,snare),[asymmetric,coordination,enforcement,has_beneficiaries],[drifting_without_limit,no_exit_for_victims,unaccountable_extraction],actors(distributed,distributed),drift(rising,unknown,rising),zone(extreme,extreme))
digital_financial_inclusion	six(shift(naturalized,tangled_rope,naturalized,snare),[asymmetric,coordination,enforcement,has_beneficiaries],[drifting_without_limit,no_exit_for_victims,unaccountable_extraction],actors(distributed,distributed),drift(rising,unknown,rising),zone(extreme,extreme))
digital_identity_standardization	six(shift(tangled_rope,tangled_rope,naturalized,tangled_rope),[asymmetric,coordination,enforcement,has_beneficiaries],[drifting_without_limit,no_exit_for_victims,unaccountable_extraction],actors(distributed,distributed),drift(rising,unknown,rising),zone(extreme,high))
digital_identity_tether	six(shift(tangled_rope,tangled_rope,tangled_rope,tangled_rope),[asymmetric,coordination,enforcement,has_beneficiaries],[drifting_without_limit,no_exit_for_victims,unaccountable_extraction],actors(distributed,distributed),drift(rising,unknown,rising),zone(extreme,extreme))
digital_language_extinction	six(shift(tangled_rope,tangled_rope,tangled_rope,tangled_rope),[asymmetric,coordination,enforcement,has_beneficiaries],[drifting_without_limit,no_exit_for_victims,unaccountable_extraction],actors(distributed,distributed),drift(rising,unknown,rising),zone(extreme,extreme))
digital_literacy_inequality	six(shift(tangled_rope,tangled_rope,tangled_rope,tangled_rope),[asymmetric,coordination,enforcement,has_beneficiaries],[drifting_without_limit,no_exit_for_victims,unaccountable_extraction],actors(distributed,distributed),drift(rising,unknown,rising),zone(extreme,extreme))
digital_literacy_infrastructure	six(shift(tangled_rope,tangled_rope,tangled_rope,tangled_rope),[asymmetric,coordination,enforcement,has_beneficiaries],[drifting_without_limit,no_exit_for_victims,unaccountable_extraction],actors(distributed,distributed),drift(rising,unknown,rising),zone(extreme,high))
digital_mental_health_alternatives	six(shift(tangled_rope,tangled_rope,tangled_rope,tangled_rope),[asymmetric,coordination,enforcement,has_beneficiaries],[drifting_without_limit,no_exit_for_victims,unaccountable_extraction],actors(distributed,distributed),drift(rising,unknown,rising),zone(extreme,extreme))
digital_ownership_erosion	six(shift(tangled_rope,tangled_rope,tangled_rope,tangled_rope),[asymmetric,coordination,enforcement,has_beneficiaries],[drifting_without_limit,no_exit_for_victims,unaccountable_extraction],actors(distributed,distributed),drift(rising,unknown,rising),zone(extreme,extreme))
digital_paternalism_asymmetry	six(shift(tangled_rope,tangled_rope,tangled_rope,tangled_rope),[asymmetric,coordination,enforcement,has_beneficiaries],[drifting_without_limit,no_exit_for_victims,unaccountable_extraction],actors(distributed,distributed),drift(rising,unknown,rising),zone(extreme,extreme))
digital_preservation_standardization	six(shift(tangled_rope,tangled_rope,tangled_rope,tangled_rope),[asymmetric,coordination,enforcement,has_beneficiaries],[no_exit_for_victims],actors(distributed,distributed),drift(rising,unknown,rising),zone(low,high))
dimension_preservation_in_continuous_maps	six(shift(mountain,mountain,mountain,mountain),[has_temporal_data,natural],[],actors(none,none),drift(stable,unknown,stable),zone(negligible,negligible))
dimensional_analogy_vs_lagrangian_derivation	six(shift(mountain,mountain,mountain,mountain),[has_theater,natural],[],actors(none,none),drift(unknown,unknown,unknown),zone(negligible,negligible))
dionysaic_frenzy	six(shift(naturalized,tangled_rope,rope,snare),[asymmetric,coordination,enforcement,has_beneficiaries],[drifting_without_limit,no_exit_for_victims,unaccountable_extraction],actors(distributed,distributed),drift(rising,unknown,rising),zone(extreme,extreme))
disability_access_infrastructure	six(shift(tangled_rope,tangled_rope,tangled_rope,tangled_rope),[asymmetric,coordination,enforcement,has_beneficiaries],[drifting_without_limit,no_exit_for_victims,unaccountable_extraction],actors(distributed,distributed),drift(falling,unknown,rising),zone(extreme,extreme))
disability_identity_politics	six(shift(tangled_rope,tangled_rope,tangled_rope,tangled_rope),[asymmetric,coordination,enforcement,has_beneficiaries],[drifting_without_limit,no_exit_for_victims,unaccountable_extraction],actors(distributed,distributed),drift(rising,unknown,rising),zone(extreme,extreme))
discover_core_2026	six(shift(naturalized,tangled_rope,rope,snare),[asymmetric,coordination,enforcement,has_beneficiaries],[drifting_without_limit,no_exit_for_victims,unaccountable_extraction],actors(distributed,distributed),drift(rising,unknown,rising),zone(extreme,extreme))
disney_openai_ip_exclusivity	six(shift(naturalized,tangled_rope,rope,snare),[asymmetric,coordination,enforcement,has_beneficiaries],[drifting_without_limit,no_exit_for_victims,unaccountable_extraction],actors(distributed,distributed),drift(rising,unknown,stable),zone(extreme,extreme))
dissent_suppression_apparatus	six(shift(tangled_rope,snare,rope,snare),[asymmetric,coordination,enforcement,has_beneficiaries],[drifting_without_limit,no_exit_for_victims,unaccountable_extraction],actors(distributed,distributed),drift(rising,unknown,rising),zone(extreme,extreme))
distinguishability_diagnostic	six(shift(tangled_rope,tangled_rope,tangled_rope,tangled_rope),[coordination,has_beneficiaries],[],actors(distributed,none),drift(stable,unknown,rising),zone(low,low))
distributed_alternative_feasibility	six(shift(tangled_rope,tangled_rope,tangled_rope,tangled_rope),[asymmetric,coordination,enforcement,has_beneficiaries],[drifting_without_limit,no_exit_for_victims,unaccountable_extraction],actors(concentrated,distributed),drift(rising,unknown,rising),zone(extreme,extreme))
distributed_extraction_stakes	six(shift(tangled_rope,tangled_rope,tangled_rope,tangled_rope),[coordination,has_beneficiaries],[],actors(distributed,none),drift(rising,unknown,rising),zone(low,low))
distributed_memory_as_counter_disposal	six(shift(naturalized,tangled_rope,tangled_rope,tangled_rope),[asymmetric,coordination,enforcement,has_beneficiaries],[drifting_without_limit,no_exit_for_victims,unaccountable_extraction],actors(distributed,distributed),drift(rising,unknown,rising),zone(extreme,extreme))
distributed_ordering_alternatives	six(shift(tangled_rope,tangled_rope,tangled_rope,tangled_rope),[asymmetric,coordination,enforcement,has_beneficiaries],[drifting_without_limit,no_exit_for_victims,unaccountable_extraction],actors(distributed,distributed),drift(rising,unknown,rising),zone(extreme,extreme))
distributed_system_coherence	six(shift(tangled_rope,tangled_rope,naturalized,tangled_rope),[asymmetric,coordination,enforcement,has_beneficiaries],[drifting_without_limit,no_exit_for_victims,unaccountable_extraction],actors(distributed,distributed),drift(rising,unknown,rising),zone(extreme,high))
distributed_trust_verification	six(shift(tangled_rope,tangled_rope,naturalized,tangled_rope),[asymmetric,coordination,enforcement,has_beneficiaries],[drifting_without_limit,no_exit_for_victims,unaccountable_extraction],actors(distributed,distributed),drift(rising,unknown,rising),zone(extreme,high))
divergence_theorem	six(shift(mountain,mountain,mountain,mountain),[has_temporal_data,natural],[],actors(none,none),drift(stable,unknown,stable),zone(negligible,negligible))
dividend_policy_optionality	six(shift(tangled_rope,tangled_rope,tangled_rope,tangled_rope),[asymmetric,coordination,enforcement,has_beneficiaries],[drifting_without_limit,no_exit_for_victims,unaccountable_extraction],actors(distributed,distributed),drift(rising,unknown,stable),zone(extreme,high))
dk_foreign_convict_expulsion	six(shift(tangled_rope,tangled_rope,tangled_rope,tangled_rope),[asymmetric,coordination,enforcement,has_beneficiaries],[drifting_without_limit,no_exit_for_victims,unaccountable_extraction],actors(distributed,distributed),drift(rising,unknown,rising),zone(extreme,extreme))
dldr_information_policy	six(shift(tangled_rope,tangled_rope,tangled_rope,tangled_rope),[asymmetric,coordination,enforcement,has_beneficiaries],[drifting_without_limit,no_exit_for_victims,unaccountable_extraction],actors(distributed,distributed),drift(rising,unknown,rising),zone(extreme,extreme))
dma_interoperability_mandates	six(shift(tangled_rope,tangled_rope,tangled_rope,tangled_rope),[asymmetric,coordination,enforcement,has_beneficiaries],[drifting_without_limit,no_exit_for_victims,unaccountable_extraction],actors(distributed,distributed),drift(rising,unknown,rising),zone(extreme,high))
dma_platform_interoperability_mandate	six(shift(tangled_rope,tangled_rope,tangled_rope,snare),[asymmetric,coordination,enforcement,has_beneficiaries],[drifting_without_limit,no_exit_for_victims,unaccountable_extraction],actors(distributed,distributed),drift(rising,unknown,rising),zone(extreme,extreme))
dmt_safety_profile_establishment	six(shift(tangled_rope,tangled_rope,tangled_rope,tangled_rope),[asymmetric,coordination,enforcement,has_beneficiaries],[drifting_without_limit,no_exit_for_victims,unaccountable_extraction],actors(distributed,distributed),drift(rising,unknown,rising),zone(extreme,extreme))
dna_double_helix_diameter	six(shift(mountain,mountain,mountain,mountain),[has_temporal_data,natural],[],actors(none,none),drift(stable,unknown,stable),zone(negligible,negligible))
dns_hierarchy_lock_in	six(shift(tangled_rope,tangled_rope,tangled_rope,tangled_rope),[asymmetric,coordination,enforcement,has_beneficiaries],[drifting_without_limit,no_exit_for_victims,unaccountable_extraction],actors(distributed,distributed),drift(rising,unknown,rising),zone(extreme,extreme))
doctoral_training_debt_pipeline	six(shift(tangled_rope,tangled_rope,tangled_rope,tangled_rope),[asymmetric,coordination,enforcement,has_beneficiaries],[drifting_without_limit,no_exit_for_victims,unaccountable_extraction],actors(distributed,distributed),drift(rising,unknown,rising),zone(extreme,extreme))
doctrine_export_asymmetry	six(shift(tangled_rope,snare,naturalized,snare),[asymmetric,coordination,enforcement,has_beneficiaries],[drifting_without_limit,no_exit_for_victims,unaccountable_extraction],actors(distributed,distributed),drift(rising,unknown,rising),zone(extreme,extreme))
documentation_fidelity_collapse	six(shift(tangled_rope,snare,rope,snare),[asymmetric,coordination,enforcement,has_beneficiaries],[drifting_without_limit,no_exit_for_victims,unaccountable_extraction],actors(distributed,distributed),drift(rising,unknown,rising),zone(extreme,extreme))
documented_status_employment_access	six(shift(tangled_rope,snare,naturalized,snare),[asymmetric,coordination,enforcement,has_beneficiaries],[drifting_without_limit,no_exit_for_victims,unaccountable_extraction],actors(distributed,distributed),drift(rising,unknown,rising),zone(extreme,extreme))
domain_expert_labor_market_collapse	six(shift(snare,snare,rope,snare),[asymmetric,coordination,enforcement,has_beneficiaries],[drifting_without_limit,no_exit_for_victims,unaccountable_extraction],actors(distributed,distributed),drift(rising,unknown,rising),zone(extreme,extreme))
domestic_cloud_infrastructure_mandate	six(shift(tangled_rope,tangled_rope,tangled_rope,tangled_rope),[asymmetric,coordination,enforcement,has_beneficiaries],[drifting_without_limit,no_exit_for_victims,unaccountable_extraction],actors(distributed,distributed),drift(rising,unknown,rising),zone(extreme,extreme))
dominant_firm_divestment_obligations	six(shift(tangled_rope,tangled_rope,rope,snare),[asymmetric,coordination,enforcement,has_beneficiaries],[drifting_without_limit,no_exit_for_victims,unaccountable_extraction],actors(distributed,distributed),drift(falling,unknown,rising),zone(extreme,extreme))
doomsday_clock_framework	six(shift(naturalized,tangled_rope,naturalized,snare),[asymmetric,coordination,enforcement,has_beneficiaries],[drifting_without_limit,no_exit_for_victims,unaccountable_extraction],actors(distributed,distributed),drift(rising,unknown,rising),zone(extreme,extreme))
downward_mobility_precarity	six(shift(tangled_rope,tangled_rope,tangled_rope,tangled_rope),[asymmetric,coordination,enforcement,has_beneficiaries],[drifting_without_limit,no_exit_for_victims,unaccountable_extraction],actors(distributed,distributed),drift(rising,unknown,rising),zone(extreme,extreme))
drc_rwanda_peace_deal_2024	six(shift(tangled_rope,tangled_rope,tangled_rope,tangled_rope),[asymmetric,coordination,enforcement,has_beneficiaries],[drifting_without_limit,no_exit_for_victims,unaccountable_extraction],actors(distributed,distributed),drift(rising,unknown,rising),zone(extreme,extreme))
drift_denial_authority_structure	six(shift(piton,tangled_rope,piton,snare),[asymmetric,coordination,enforcement,has_beneficiaries],[drifting_without_limit,no_exit_for_victims,unaccountable_extraction],actors(distributed,distributed),drift(rising,unknown,rising),zone(extreme,extreme))
drinking_water_contamination_legacy	six(shift(unknown,tangled_rope,tangled_rope,tangled_rope),[asymmetric,enforcement,has_victims],[coercion_without_coordination,drifting_without_limit,no_exit_for_victims,unaccountable_extraction,undocumented_coordination],actors(none,distributed),drift(rising,unknown,rising),zone(extreme,extreme))
drug_trafficking_supply_chain_fragmentation	six(shift(unknown,tangled_rope,unknown,tangled_rope),[asymmetric,enforcement,has_victims],[coercion_without_coordination,drifting_without_limit,no_exit_for_victims,unaccountable_extraction,undocumented_coordination],actors(none,distributed),drift(rising,unknown,rising),zone(extreme,extreme))
dual_career_household_economics	six(shift(tangled_rope,tangled_rope,tangled_rope,tangled_rope),[asymmetric,coordination,enforcement,has_beneficiaries],[drifting_without_limit,no_exit_for_victims,unaccountable_extraction],actors(distributed,distributed),drift(rising,unknown,rising),zone(extreme,high))
dual_earner_work_incentive_structure	six(shift(tangled_rope,tangled_rope,tangled_rope,tangled_rope),[asymmetric,coordination,enforcement,has_beneficiaries],[drifting_without_limit,no_exit_for_victims,unaccountable_extraction],actors(distributed,distributed),drift(rising,unknown,rising),zone(extreme,extreme))
duality_theory_in_optimization	six(shift(mountain,mountain,mountain,mountain),[has_temporal_data,natural],[],actors(none,none),drift(stable,unknown,stable),zone(negligible,negligible))
dublin_economic_desperation	six(shift(tangled_rope,tangled_rope,tangled_rope,tangled_rope),[asymmetric,coordination,enforcement,has_beneficiaries],[drifting_without_limit,no_exit_for_victims,unaccountable_extraction],actors(distributed,distributed),drift(rising,unknown,rising),zone(extreme,extreme))
dublin_newspaper_circulation	six(shift(tangled_rope,tangled_rope,rope,tangled_rope),[asymmetric,coordination,enforcement,has_beneficiaries],[drifting_without_limit,no_exit_for_victims,unaccountable_extraction],actors(distributed,distributed),drift(rising,unknown,rising),zone(extreme,high))
dublin_nocturnal_infrastructure	six(shift(tangled_rope,tangled_rope,tangled_rope,tangled_rope),[asymmetric,coordination,enforcement,has_beneficiaries],[drifting_without_limit,no_exit_for_victims,unaccountable_extraction],actors(distributed,distributed),drift(rising,unknown,rising),zone(extreme,extreme))
dublin_wage_suppression	six(shift(tangled_rope,tangled_rope,tangled_rope,tangled_rope),[asymmetric,coordination,enforcement,has_beneficiaries],[drifting_without_limit,no_exit_for_victims,unaccountable_extraction],actors(distributed,distributed),drift(rising,unknown,rising),zone(extreme,extreme))
due_process_erosion	six(shift(tangled_rope,tangled_rope,tangled_rope,tangled_rope),[asymmetric,coordination,enforcement,has_beneficiaries],[drifting_without_limit,no_exit_for_victims,unaccountable_extraction],actors(distributed,distributed),drift(rising,unknown,rising),zone(extreme,extreme))
dunning_kruger_effect	six(shift(tangled_rope,tangled_rope,rope,tangled_rope),[asymmetric,coordination,enforcement,has_beneficiaries],[no_exit_for_victims],actors(distributed,distributed),drift(rising,unknown,rising),zone(low,high))
dutch_minority_govt_2026	six(shift(tangled_rope,tangled_rope,tangled_rope,tangled_rope),[asymmetric,coordination,enforcement,has_beneficiaries,sunset],[],actors(distributed,distributed),drift(rising,unknown,rising),zone(extreme,extreme))
duty_contamination_by_extraction	six(shift(tangled_rope,tangled_rope,naturalized,tangled_rope),[asymmetric,coordination,enforcement,has_beneficiaries],[drifting_without_limit,no_exit_for_victims,unaccountable_extraction],actors(distributed,distributed),drift(rising,unknown,rising),zone(extreme,high))
dwp_carers_allowance_cliff	six(shift(tangled_rope,tangled_rope,tangled_rope,tangled_rope),[asymmetric,coordination,enforcement,has_beneficiaries],[drifting_without_limit,no_exit_for_victims,unaccountable_extraction],actors(distributed,distributed),drift(rising,unknown,stable),zone(extreme,extreme))
e2ee_digital_privacy_2026	six(shift(naturalized,tangled_rope,rope,snare),[asymmetric,coordination,enforcement,has_beneficiaries],[drifting_without_limit,no_exit_for_victims,unaccountable_extraction],actors(distributed,distributed),drift(rising,unknown,rising),zone(extreme,extreme))
early_dark_energy_proposal	six(shift(tangled_rope,tangled_rope,tangled_rope,tangled_rope),[asymmetric,coordination,enforcement,has_beneficiaries],[drifting_without_limit,no_exit_for_victims,unaccountable_extraction],actors(distributed,distributed),drift(rising,unknown,rising),zone(extreme,high))
early_medieval_kinship_law	six(shift(tangled_rope,tangled_rope,tangled_rope,tangled_rope),[asymmetric,coordination,enforcement,has_beneficiaries],[drifting_without_limit,no_exit_for_victims,unaccountable_extraction],actors(distributed,distributed),drift(falling,unknown,rising),zone(extreme,extreme))
earth_magnetic_field_generation	six(shift(mountain,mountain,mountain,mountain),[has_temporal_data,natural],[],actors(none,none),drift(stable,unknown,stable),zone(negligible,negligible))
earth_mars_coordination_overhead	six(shift(tangled_rope,tangled_rope,tangled_rope,tangled_rope),[asymmetric,coordination,enforcement,has_beneficiaries],[no_exit_for_victims],actors(distributed,distributed),drift(rising,unknown,rising),zone(low,high))
earth_similarity_index_governance	six(shift(tangled_rope,tangled_rope,naturalized,tangled_rope),[asymmetric,coordination,enforcement,has_beneficiaries],[drifting_without_limit,no_exit_for_victims,unaccountable_extraction],actors(distributed,distributed),drift(rising,unknown,rising),zone(extreme,high))
east_china_sea_median_line_ambiguity	six(shift(tangled_rope,tangled_rope,tangled_rope,tangled_rope),[asymmetric,coordination,enforcement,has_beneficiaries],[drifting_without_limit,no_exit_for_victims,unaccountable_extraction],actors(distributed,distributed),drift(rising,unknown,rising),zone(extreme,extreme))
eastern_european_sanctions_contagion	six(shift(tangled_rope,tangled_rope,tangled_rope,tangled_rope),[asymmetric,coordination,enforcement,has_beneficiaries],[drifting_without_limit,no_exit_for_victims,unaccountable_extraction],actors(distributed,distributed),drift(rising,unknown,rising),zone(extreme,extreme))
ec_meta_manus_block	six(shift(tangled_rope,tangled_rope,tangled_rope,tangled_rope),[asymmetric,coordination,enforcement,has_beneficiaries],[drifting_without_limit,no_exit_for_victims,unaccountable_extraction],actors(distributed,distributed),drift(rising,unknown,rising),zone(extreme,extreme))
ecb_target_mandate_scope	six(shift(tangled_rope,tangled_rope,naturalized,snare),[asymmetric,coordination,enforcement,has_beneficiaries],[drifting_without_limit,no_exit_for_victims,unaccountable_extraction],actors(distributed,distributed),drift(rising,unknown,rising),zone(extreme,extreme))
ecological_carrying_capacity	six(shift(mountain,mountain,mountain,mountain),[has_temporal_data,natural],[],actors(none,none),drift(rising,unknown,rising),zone(negligible,negligible))
ecological_resilience_metric_suppression	six(shift(tangled_rope,tangled_rope,tangled_rope,tangled_rope),[asymmetric,coordination,enforcement,has_beneficiaries],[drifting_without_limit,no_exit_for_victims,unaccountable_extraction],actors(distributed,distributed),drift(rising,unknown,rising),zone(extreme,extreme))
economic_inequality_amplification	six(shift(tangled_rope,tangled_rope,tangled_rope,tangled_rope),[asymmetric,coordination,enforcement,has_beneficiaries],[drifting_without_limit,no_exit_for_victims,unaccountable_extraction],actors(distributed,distributed),drift(rising,unknown,rising),zone(extreme,extreme))
edelman_2026_developing_volatility	six(shift(tangled_rope,tangled_rope,tangled_rope,tangled_rope),[asymmetric,coordination,enforcement,has_beneficiaries],[drifting_without_limit,no_exit_for_victims,unaccountable_extraction],actors(distributed,distributed),drift(rising,unknown,rising),zone(extreme,extreme))
edelman_2026_insularity	six(shift(tangled_rope,tangled_rope,tangled_rope,tangled_rope),[asymmetric,coordination,enforcement,has_beneficiaries],[drifting_without_limit,no_exit_for_victims,unaccountable_extraction],actors(distributed,distributed),drift(rising,unknown,rising),zone(extreme,extreme))
education_credential_inflation	six(shift(tangled_rope,tangled_rope,rope,tangled_rope),[asymmetric,coordination,enforcement,has_beneficiaries],[drifting_without_limit,no_exit_for_victims,unaccountable_extraction],actors(distributed,distributed),drift(rising,unknown,rising),zone(extreme,high))
education_credentialism_spiral	six(shift(tangled_rope,tangled_rope,naturalized,snare),[asymmetric,coordination,enforcement,has_beneficiaries],[drifting_without_limit,no_exit_for_victims,unaccountable_extraction],actors(distributed,distributed),drift(rising,unknown,rising),zone(extreme,extreme))
education_data_monetization	six(shift(tangled_rope,tangled_rope,tangled_rope,tangled_rope),[asymmetric,coordination,enforcement,has_beneficiaries],[drifting_without_limit,no_exit_for_victims,unaccountable_extraction],actors(distributed,distributed),drift(rising,unknown,rising),zone(extreme,extreme))
educational_access_bottleneck	six(shift(tangled_rope,tangled_rope,tangled_rope,tangled_rope),[asymmetric,coordination,enforcement,has_beneficiaries],[drifting_without_limit,no_exit_for_victims,unaccountable_extraction],actors(distributed,distributed),drift(rising,unknown,rising),zone(extreme,extreme))
educational_credential_inflation	six(shift(tangled_rope,tangled_rope,tangled_rope,tangled_rope),[asymmetric,coordination,enforcement,has_beneficiaries],[drifting_without_limit,no_exit_for_victims,unaccountable_extraction],actors(distributed,distributed),drift(rising,unknown,rising),zone(extreme,extreme))
educational_inequality_reproduction	six(shift(tangled_rope,tangled_rope,tangled_rope,tangled_rope),[asymmetric,coordination,enforcement,has_beneficiaries],[drifting_without_limit,no_exit_for_victims,unaccountable_extraction],actors(distributed,distributed),drift(rising,unknown,rising),zone(extreme,extreme))
educational_unbundling_implementation	six(shift(tangled_rope,tangled_rope,tangled_rope,tangled_rope),[asymmetric,coordination,enforcement,has_beneficiaries],[drifting_without_limit,no_exit_for_victims,unaccountable_extraction],actors(distributed,distributed),drift(rising,unknown,rising),zone(extreme,extreme))
ego_attachment_suppression	six(shift(tangled_rope,tangled_rope,tangled_rope,tangled_rope),[asymmetric,coordination,enforcement,has_beneficiaries],[drifting_without_limit,no_exit_for_victims,unaccountable_extraction],actors(distributed,distributed),drift(rising,unknown,rising),zone(extreme,extreme))
egypt_three_millennia_persistence	six(shift(tangled_rope,tangled_rope,tangled_rope,tangled_rope),[asymmetric,coordination,enforcement,has_beneficiaries],[no_exit_for_victims],actors(distributed,distributed),drift(rising,unknown,rising),zone(low,high))
ehrenfest_barrier	six(shift(mountain,mountain,mountain,mountain),[has_temporal_data,natural],[],actors(none,none),drift(stable,unknown,stable),zone(negligible,negligible))
eidas_digital_identity	six(shift(tangled_rope,tangled_rope,tangled_rope,tangled_rope),[asymmetric,coordination,enforcement,has_beneficiaries],[drifting_without_limit,no_exit_for_victims,unaccountable_extraction],actors(distributed,distributed),drift(rising,unknown,rising),zone(extreme,extreme))
electoral_finance_asymmetry	six(shift(tangled_rope,tangled_rope,tangled_rope,tangled_rope),[asymmetric,coordination,enforcement,has_beneficiaries],[drifting_without_limit,no_exit_for_victims,unaccountable_extraction],actors(distributed,distributed),drift(rising,unknown,rising),zone(extreme,extreme))
electoral_system_fragmentation	six(shift(tangled_rope,tangled_rope,tangled_rope,tangled_rope),[asymmetric,coordination,enforcement,has_beneficiaries],[drifting_without_limit,no_exit_for_victims,unaccountable_extraction],actors(distributed,distributed),drift(rising,unknown,rising),zone(extreme,extreme))
electoral_system_proportionality_threshold	six(shift(tangled_rope,tangled_rope,tangled_rope,tangled_rope),[asymmetric,coordination,enforcement,has_beneficiaries],[drifting_without_limit,no_exit_for_victims,unaccountable_extraction],actors(distributed,distributed),drift(rising,unknown,rising),zone(extreme,extreme))
electoral_viability_threshold	six(shift(tangled_rope,tangled_rope,tangled_rope,tangled_rope),[asymmetric,coordination,enforcement,has_beneficiaries],[drifting_without_limit,no_exit_for_victims,unaccountable_extraction],actors(distributed,distributed),drift(rising,unknown,rising),zone(extreme,extreme))
electricity_grid_decarbonization_timeline	six(shift(tangled_rope,tangled_rope,tangled_rope,tangled_rope),[asymmetric,coordination,enforcement,has_beneficiaries],[drifting_without_limit,no_exit_for_victims,unaccountable_extraction],actors(distributed,distributed),drift(rising,unknown,rising),zone(extreme,extreme))
electricity_grid_reliability	six(shift(tangled_rope,tangled_rope,tangled_rope,tangled_rope),[asymmetric,coordination,enforcement,has_beneficiaries],[drifting_without_limit,no_exit_for_victims,unaccountable_extraction],actors(distributed,distributed),drift(rising,unknown,rising),zone(extreme,extreme))
electrolytic_hydrogen_scalability	six(shift(tangled_rope,tangled_rope,tangled_rope,tangled_rope),[asymmetric,coordination,enforcement,has_beneficiaries],[drifting_without_limit,no_exit_for_victims,unaccountable_extraction],actors(distributed,distributed),drift(rising,unknown,rising),zone(extreme,high))
elencher_identity_transformation	six(shift(tangled_rope,tangled_rope,tangled_rope,tangled_rope),[asymmetric,coordination,enforcement,has_beneficiaries],[drifting_without_limit,no_exit_for_victims,unaccountable_extraction],actors(distributed,distributed),drift(rising,unknown,rising),zone(extreme,extreme))
elite_capture_2026	six(shift(tangled_rope,tangled_rope,tangled_rope,tangled_rope),[asymmetric,coordination,enforcement,has_beneficiaries],[drifting_without_limit,no_exit_for_victims,unaccountable_extraction],actors(distributed,distributed),drift(rising,unknown,rising),zone(extreme,extreme))
elite_capture_uk_political_class	six(shift(naturalized,tangled_rope,rope,snare),[asymmetric,coordination,enforcement,has_beneficiaries],[drifting_without_limit,no_exit_for_victims,unaccountable_extraction],actors(distributed,distributed),drift(rising,unknown,rising),zone(extreme,extreme))
elite_coordination	six(shift(tangled_rope,tangled_rope,tangled_rope,tangled_rope),[asymmetric,coordination,enforcement,has_beneficiaries],[drifting_without_limit,no_exit_for_victims,unaccountable_extraction],actors(distributed,distributed),drift(rising,unknown,rising),zone(extreme,high))
elite_epistemic_closure	six(shift(tangled_rope,tangled_rope,tangled_rope,tangled_rope),[asymmetric,coordination,enforcement,has_beneficiaries],[drifting_without_limit,no_exit_for_victims,unaccountable_extraction],actors(concentrated,distributed),drift(rising,unknown,rising),zone(extreme,extreme))
elite_identity_capture_2026	six(shift(tangled_rope,tangled_rope,tangled_rope,tangled_rope),[asymmetric,coordination,enforcement,has_beneficiaries],[drifting_without_limit,no_exit_for_victims,unaccountable_extraction],actors(distributed,distributed),drift(rising,unknown,rising),zone(extreme,extreme))
elite_institutional_reputation_extraction	six(shift(tangled_rope,tangled_rope,tangled_rope,tangled_rope),[asymmetric,coordination,enforcement,has_beneficiaries],[drifting_without_limit,no_exit_for_victims,unaccountable_extraction],actors(distributed,distributed),drift(rising,unknown,rising),zone(extreme,extreme))
elite_legitimacy_erosion	six(shift(tangled_rope,tangled_rope,tangled_rope,tangled_rope),[asymmetric,coordination,enforcement,has_beneficiaries],[drifting_without_limit,no_exit_for_victims,unaccountable_extraction],actors(distributed,distributed),drift(rising,unknown,rising),zone(extreme,extreme))
elite_overproduction_instability	six(shift(tangled_rope,tangled_rope,rope,snare),[asymmetric,coordination,enforcement,has_beneficiaries],[drifting_without_limit,no_exit_for_victims,unaccountable_extraction],actors(distributed,distributed),drift(rising,unknown,rising),zone(extreme,extreme))
elite_quarters_access_distribution	six(shift(tangled_rope,tangled_rope,rope,snare),[asymmetric,coordination,enforcement,has_beneficiaries],[drifting_without_limit,no_exit_for_victims,unaccountable_extraction],actors(concentrated,distributed),drift(rising,unknown,rising),zone(extreme,extreme))
elite_sports_funding_concentration	six(shift(tangled_rope,tangled_rope,tangled_rope,tangled_rope),[asymmetric,coordination,enforcement,has_beneficiaries],[drifting_without_limit,no_exit_for_victims,unaccountable_extraction],actors(distributed,distributed),drift(rising,unknown,rising),zone(extreme,extreme))
elliq_ai_companion	six(shift(tangled_rope,tangled_rope,tangled_rope,tangled_rope),[asymmetric,coordination,enforcement,has_beneficiaries],[drifting_without_limit,no_exit_for_victims,unaccountable_extraction],actors(distributed,distributed),drift(rising,unknown,rising),zone(extreme,extreme))
email_data_monetization	six(shift(tangled_rope,tangled_rope,tangled_rope,tangled_rope),[asymmetric,coordination,enforcement,has_beneficiaries],[drifting_without_limit,no_exit_for_victims,unaccountable_extraction],actors(distributed,distributed),drift(rising,unknown,rising),zone(extreme,extreme))
email_deliverability_bottleneck	six(shift(tangled_rope,tangled_rope,tangled_rope,tangled_rope),[asymmetric,coordination,enforcement,has_beneficiaries],[drifting_without_limit,no_exit_for_victims,unaccountable_extraction],actors(distributed,distributed),drift(rising,unknown,rising),zone(extreme,extreme))
embryonic_research_regulatory_capture	six(shift(tangled_rope,tangled_rope,tangled_rope,tangled_rope),[asymmetric,coordination,enforcement,has_beneficiaries],[drifting_without_limit,no_exit_for_victims,unaccountable_extraction],actors(distributed,distributed),drift(rising,unknown,rising),zone(extreme,extreme))
emergence_and_reducibility	six(shift(tangled_rope,tangled_rope,tangled_rope,tangled_rope),[asymmetric,coordination,enforcement,has_beneficiaries],[no_exit_for_victims],actors(distributed,distributed),drift(rising,unknown,rising),zone(low,high))
emergency_authority_expansion	six(shift(tangled_rope,tangled_rope,tangled_rope,tangled_rope),[asymmetric,coordination,enforcement,has_beneficiaries,sunset],[],actors(distributed,distributed),drift(rising,unknown,rising),zone(extreme,extreme))
emergency_oversight_bureau	six(shift(tangled_rope,tangled_rope,tangled_rope,tangled_rope),[coordination,enforcement,has_beneficiaries,sunset],[],actors(distributed,none),drift(rising,unknown,rising),zone(low,high))
emergency_powers_ratchet	six(shift(tangled_rope,tangled_rope,tangled_rope,tangled_rope),[asymmetric,coordination,enforcement,has_beneficiaries],[drifting_without_limit,no_exit_for_victims,unaccountable_extraction],actors(distributed,distributed),drift(rising,unknown,rising),zone(extreme,extreme))
emergency_response_reach	six(shift(tangled_rope,tangled_rope,rope,tangled_rope),[asymmetric,coordination,enforcement,has_beneficiaries],[drifting_without_limit,no_exit_for_victims,unaccountable_extraction],actors(distributed,distributed),drift(rising,unknown,rising),zone(extreme,high))
emergent_goal_misalignment	six(shift(tangled_rope,tangled_rope,tangled_rope,tangled_rope),[asymmetric,coordination,enforcement,has_beneficiaries],[drifting_without_limit,no_exit_for_victims,unaccountable_extraction],actors(distributed,distributed),drift(rising,unknown,rising),zone(extreme,extreme))
emergent_llm_capabilities	six(shift(tangled_rope,tangled_rope,tangled_rope,tangled_rope),[asymmetric,coordination,enforcement,has_beneficiaries],[drifting_without_limit,no_exit_for_victims,unaccountable_extraction],actors(distributed,distributed),drift(rising,unknown,rising),zone(extreme,extreme))
emerging_field_epistemic_recognition	six(shift(tangled_rope,tangled_rope,tangled_rope,tangled_rope),[asymmetric,coordination,enforcement,has_beneficiaries],[drifting_without_limit,no_exit_for_victims,unaccountable_extraction],actors(distributed,distributed),drift(rising,unknown,rising),zone(extreme,extreme))
emerging_market_debt_trap	six(shift(snare,snare,rope,snare),[asymmetric,coordination,enforcement,has_beneficiaries],[drifting_without_limit,no_exit_for_victims,unaccountable_extraction],actors(distributed,distributed),drift(rising,unknown,rising),zone(extreme,extreme))
emerging_market_financial_access	six(shift(naturalized,tangled_rope,rope,snare),[asymmetric,coordination,enforcement,has_beneficiaries],[drifting_without_limit,no_exit_for_victims,unaccountable_extraction],actors(distributed,distributed),drift(rising,unknown,rising),zone(extreme,extreme))
emotional_arc_management	six(shift(tangled_rope,tangled_rope,tangled_rope,tangled_rope),[coordination,has_beneficiaries],[],actors(distributed,none),drift(rising,unknown,rising),zone(negligible,low))
emotional_cycles_of_change	six(shift(tangled_rope,tangled_rope,tangled_rope,tangled_rope),[asymmetric,coordination,enforcement,has_beneficiaries],[no_exit_for_victims],actors(distributed,concentrated),drift(rising,unknown,rising),zone(low,high))
emotional_labor_extraction	six(shift(tangled_rope,tangled_rope,tangled_rope,tangled_rope),[asymmetric,coordination,enforcement,has_beneficiaries],[drifting_without_limit,no_exit_for_victims,unaccountable_extraction],actors(distributed,distributed),drift(rising,unknown,rising),zone(extreme,extreme))
emotional_register_exit	six(shift(naturalized,tangled_rope,rope,tangled_rope),[asymmetric,coordination,enforcement,has_beneficiaries],[drifting_without_limit,no_exit_for_victims,unaccountable_extraction],actors(distributed,distributed),drift(rising,unknown,rising),zone(extreme,extreme))
empathy_exploitation_in_relationships	six(shift(tangled_rope,tangled_rope,tangled_rope,tangled_rope),[asymmetric,coordination,enforcement,has_beneficiaries],[drifting_without_limit,no_exit_for_victims,unaccountable_extraction],actors(concentrated,concentrated),drift(rising,unknown,rising),zone(extreme,extreme))
empathy_fatigue	six(shift(tangled_rope,tangled_rope,tangled_rope,tangled_rope),[asymmetric,coordination,enforcement,has_beneficiaries],[drifting_without_limit,no_exit_for_victims,unaccountable_extraction],actors(distributed,distributed),drift(rising,unknown,rising),zone(extreme,extreme))
empirical_social_substrate_split	six(shift(tangled_rope,tangled_rope,rope,tangled_rope),[asymmetric,coordination,enforcement,has_beneficiaries],[drifting_without_limit,no_exit_for_victims,unaccountable_extraction],actors(distributed,distributed),drift(rising,unknown,rising),zone(extreme,extreme))
employer_healthcare_lock	six(shift(naturalized,tangled_rope,rope,snare),[asymmetric,coordination,enforcement,has_beneficiaries],[drifting_without_limit,no_exit_for_victims,unaccountable_extraction],actors(distributed,distributed),drift(falling,unknown,rising),zone(extreme,extreme))
employer_liability_aversion	six(shift(tangled_rope,tangled_rope,tangled_rope,tangled_rope),[asymmetric,coordination,enforcement,has_beneficiaries],[drifting_without_limit,no_exit_for_victims,unaccountable_extraction],actors(distributed,distributed),drift(rising,unknown,rising),zone(extreme,extreme))
employer_sponsored_healthcare	six(shift(naturalized,snare,rope,snare),[asymmetric,coordination,enforcement,has_beneficiaries],[drifting_without_limit,no_exit_for_victims,unaccountable_extraction],actors(distributed,distributed),drift(rising,unknown,rising),zone(extreme,extreme))
employment_data_extraction	six(shift(tangled_rope,tangled_rope,tangled_rope,tangled_rope),[asymmetric,coordination,enforcement,has_beneficiaries],[drifting_without_limit,no_exit_for_victims,unaccountable_extraction],actors(distributed,distributed),drift(rising,unknown,rising),zone(extreme,extreme))
employment_discrimination_mechanisms	six(shift(snare,tangled_rope,rope,snare),[asymmetric,coordination,enforcement,has_beneficiaries],[drifting_without_limit,no_exit_for_victims,unaccountable_extraction],actors(distributed,distributed),drift(falling,unknown,rising),zone(extreme,extreme))
employment_legitimacy_ideology	six(shift(tangled_rope,tangled_rope,tangled_rope,tangled_rope),[asymmetric,coordination,enforcement,has_beneficiaries],[drifting_without_limit,no_exit_for_victims,unaccountable_extraction],actors(distributed,distributed),drift(rising,unknown,rising),zone(extreme,extreme))
empty_tomb_transformation	six(shift(tangled_rope,tangled_rope,tangled_rope,tangled_rope),[asymmetric,coordination,enforcement,has_beneficiaries],[drifting_without_limit,no_exit_for_victims,unaccountable_extraction],actors(distributed,distributed),drift(rising,unknown,rising),zone(extreme,extreme))
end_of_life_care_frameworks	six(shift(tangled_rope,tangled_rope,tangled_rope,tangled_rope),[asymmetric,coordination,enforcement,has_beneficiaries],[drifting_without_limit,no_exit_for_victims,unaccountable_extraction],actors(distributed,distributed),drift(rising,unknown,rising),zone(extreme,extreme))
endocrine_disruption_society	six(shift(tangled_rope,tangled_rope,tangled_rope,tangled_rope),[asymmetric,coordination,enforcement,has_beneficiaries],[drifting_without_limit,no_exit_for_victims,unaccountable_extraction],actors(distributed,distributed),drift(rising,unknown,rising),zone(extreme,extreme))
energy_conservation	six(shift(mountain,mountain,mountain,mountain),[has_temporal_data,natural],[],actors(none,none),drift(stable,unknown,stable),zone(negligible,negligible))
energy_sufficiency_norm	six(shift(tangled_rope,tangled_rope,tangled_rope,tangled_rope),[asymmetric,coordination,enforcement,has_beneficiaries],[drifting_without_limit,no_exit_for_victims,unaccountable_extraction],actors(distributed,distributed),drift(rising,unknown,rising),zone(extreme,extreme))
energy_transition_blockade	six(shift(tangled_rope,tangled_rope,tangled_rope,tangled_rope),[asymmetric,coordination,enforcement,has_beneficiaries],[drifting_without_limit,no_exit_for_victims,unaccountable_extraction],actors(distributed,distributed),drift(rising,unknown,rising),zone(extreme,extreme))
energy_transition_mineral_constraints	six(shift(tangled_rope,tangled_rope,tangled_rope,tangled_rope),[asymmetric,coordination,enforcement,has_beneficiaries],[drifting_without_limit,no_exit_for_victims,unaccountable_extraction],actors(distributed,distributed),drift(rising,unknown,rising),zone(extreme,extreme))
enforcement_gap_exploitation	six(shift(tangled_rope,tangled_rope,tangled_rope,tangled_rope),[coordination,has_beneficiaries],[],actors(distributed,none),drift(unknown,unknown,unknown),zone(negligible,moderate))
engineering_cognitive_load	six(shift(tangled_rope,tangled_rope,tangled_rope,tangled_rope),[asymmetric,coordination,enforcement,has_beneficiaries],[drifting_without_limit,no_exit_for_victims,unaccountable_extraction],actors(distributed,distributed),drift(rising,unknown,rising),zone(extreme,extreme))
english_chinese_tense_structure	six(shift(tangled_rope,tangled_rope,tangled_rope,tangled_rope),[asymmetric,coordination,enforcement,has_beneficiaries],[no_exit_for_victims],actors(distributed,distributed),drift(rising,unknown,rising),zone(low,high))
english_common_law_development	six(shift(tangled_rope,tangled_rope,tangled_rope,tangled_rope),[asymmetric,coordination,enforcement,has_beneficiaries],[no_exit_for_victims],actors(distributed,distributed),drift(rising,unknown,rising),zone(low,high))
enterprise_ai_integration_lock_in	six(shift(tangled_rope,tangled_rope,naturalized,snare),[asymmetric,coordination,enforcement,has_beneficiaries],[drifting_without_limit,no_exit_for_victims,unaccountable_extraction],actors(distributed,distributed),drift(rising,unknown,rising),zone(extreme,extreme))
enterprise_open_source_governance	six(shift(tangled_rope,tangled_rope,tangled_rope,tangled_rope),[asymmetric,coordination,enforcement,has_beneficiaries],[drifting_without_limit,no_exit_for_victims,unaccountable_extraction],actors(distributed,distributed),drift(rising,unknown,rising),zone(extreme,high))
entertainment_industry_access_inequality	six(shift(tangled_rope,tangled_rope,tangled_rope,tangled_rope),[asymmetric,coordination,enforcement,has_beneficiaries],[drifting_without_limit,no_exit_for_victims,unaccountable_extraction],actors(distributed,distributed),drift(rising,unknown,rising),zone(extreme,extreme))
entertainment_platform_licensing	six(shift(tangled_rope,tangled_rope,tangled_rope,tangled_rope),[asymmetric,coordination,enforcement,has_beneficiaries],[drifting_without_limit,no_exit_for_victims,unaccountable_extraction],actors(distributed,distributed),drift(rising,unknown,rising),zone(extreme,extreme))
environment_kindness_spectrum	six(shift(mountain,mountain,mountain,mountain),[has_temporal_data,natural],[],actors(none,none),drift(stable,unknown,stable),zone(negligible,negligible))
environmental_instability_as_constraint	six(shift(mountain,mountain,mountain,mountain),[has_temporal_data,natural],[],actors(none,none),drift(stable,unknown,stable),zone(negligible,negligible))
environmental_justice_infrastructure_disparity	six(shift(tangled_rope,tangled_rope,tangled_rope,tangled_rope),[asymmetric,coordination,enforcement,has_beneficiaries],[drifting_without_limit,no_exit_for_victims,unaccountable_extraction],actors(distributed,distributed),drift(rising,unknown,rising),zone(extreme,extreme))
epcis_interoperability	six(shift(tangled_rope,tangled_rope,tangled_rope,tangled_rope),[asymmetric,coordination,enforcement,has_beneficiaries],[drifting_without_limit,no_exit_for_victims,unaccountable_extraction],actors(distributed,distributed),drift(rising,unknown,rising),zone(extreme,high))
epigenetics_complexity_2026	six(shift(tangled_rope,tangled_rope,tangled_rope,tangled_rope),[asymmetric,coordination,enforcement,has_beneficiaries],[no_exit_for_victims],actors(distributed,distributed),drift(rising,unknown,rising),zone(low,high))
epistemic_authority_asymmetry	six(shift(tangled_rope,tangled_rope,tangled_rope,tangled_rope),[asymmetric,coordination,enforcement,has_beneficiaries],[drifting_without_limit,no_exit_for_victims,unaccountable_extraction],actors(distributed,distributed),drift(rising,unknown,rising),zone(extreme,extreme))
epistemic_authority_consolidation	six(shift(tangled_rope,tangled_rope,tangled_rope,tangled_rope),[asymmetric,coordination,enforcement,has_beneficiaries],[drifting_without_limit,no_exit_for_victims,unaccountable_extraction],actors(distributed,distributed),drift(rising,unknown,rising),zone(extreme,extreme))
epistemic_authority_degradation	six(shift(tangled_rope,tangled_rope,tangled_rope,tangled_rope),[asymmetric,coordination,enforcement,has_beneficiaries],[drifting_without_limit,no_exit_for_victims,unaccountable_extraction],actors(distributed,distributed),drift(rising,unknown,rising),zone(extreme,extreme))
epistemic_authority_erosion_through_unresolvable_anomaly	six(shift(naturalized,tangled_rope,rope,tangled_rope),[asymmetric,coordination,enforcement,has_beneficiaries],[drifting_without_limit,no_exit_for_victims,unaccountable_extraction],actors(distributed,distributed),drift(rising,unknown,rising),zone(extreme,extreme))
epistemic_authority_gatekeeping	six(shift(tangled_rope,tangled_rope,tangled_rope,tangled_rope),[asymmetric,coordination,enforcement,has_beneficiaries],[drifting_without_limit,no_exit_for_victims,unaccountable_extraction],actors(distributed,distributed),drift(rising,unknown,rising),zone(extreme,extreme))
epistemic_automation_dependency	six(shift(tangled_rope,tangled_rope,tangled_rope,tangled_rope),[asymmetric,coordination,enforcement,has_beneficiaries],[drifting_without_limit,no_exit_for_victims,unaccountable_extraction],actors(distributed,distributed),drift(rising,unknown,rising),zone(extreme,extreme))
epistemic_bubble_formation	six(shift(tangled_rope,tangled_rope,tangled_rope,tangled_rope),[asymmetric,coordination,enforcement,has_beneficiaries],[drifting_without_limit,no_exit_for_victims,unaccountable_extraction],actors(distributed,distributed),drift(rising,unknown,rising),zone(extreme,extreme))
epistemic_charity_norm	six(shift(tangled_rope,tangled_rope,rope,tangled_rope),[asymmetric,coordination,enforcement,has_beneficiaries],[drifting_without_limit,no_exit_for_victims,unaccountable_extraction],actors(distributed,distributed),drift(rising,unknown,rising),zone(extreme,high))
epistemic_commons_contamination	six(shift(naturalized,tangled_rope,naturalized,snare),[asymmetric,coordination,enforcement,has_beneficiaries],[drifting_without_limit,no_exit_for_victims,unaccountable_extraction],actors(distributed,distributed),drift(rising,unknown,rising),zone(extreme,extreme))
epistemic_commons_degradation	six(shift(tangled_rope,tangled_rope,tangled_rope,tangled_rope),[asymmetric,coordination,enforcement,has_beneficiaries],[drifting_without_limit,no_exit_for_victims,unaccountable_extraction],actors(distributed,distributed),drift(rising,unknown,rising),zone(extreme,extreme))
epistemic_commons_externality	six(shift(tangled_rope,tangled_rope,rope,tangled_rope),[asymmetric,coordination,enforcement,has_beneficiaries],[drifting_without_limit,no_exit_for_victims,unaccountable_extraction],actors(distributed,distributed),drift(rising,unknown,rising),zone(extreme,high))
epistemic_commons_fragmentation	six(shift(tangled_rope,tangled_rope,tangled_rope,tangled_rope),[asymmetric,coordination,enforcement,has_beneficiaries],[drifting_without_limit,no_exit_for_victims,unaccountable_extraction],actors(distributed,distributed),drift(rising,unknown,rising),zone(extreme,extreme))
epistemic_dataset_construction	six(shift(tangled_rope,tangled_rope,rope,tangled_rope),[asymmetric,coordination,enforcement,has_beneficiaries],[drifting_without_limit,no_exit_for_victims,unaccountable_extraction],actors(distributed,distributed),drift(rising,unknown,rising),zone(extreme,high))
epistemic_deference_culture	six(shift(tangled_rope,tangled_rope,tangled_rope,tangled_rope),[asymmetric,coordination,enforcement,has_beneficiaries],[drifting_without_limit,no_exit_for_victims,unaccountable_extraction],actors(distributed,distributed),drift(rising,unknown,rising),zone(extreme,extreme))
epistemic_free_rider_problem	six(shift(tangled_rope,tangled_rope,tangled_rope,tangled_rope),[asymmetric,coordination,enforcement,has_beneficiaries],[drifting_without_limit,no_exit_for_victims,unaccountable_extraction],actors(distributed,distributed),drift(rising,unknown,rising),zone(extreme,extreme))
epistemic_irreducibility_mountain	six(shift(mountain,mountain,mountain,mountain),[has_theater,natural],[],actors(none,none),drift(unknown,unknown,unknown),zone(negligible,negligible))
epistemic_overload_collapse	six(shift(tangled_rope,tangled_rope,tangled_rope,tangled_rope),[asymmetric,coordination,enforcement,has_beneficiaries],[drifting_without_limit,no_exit_for_victims,unaccountable_extraction],actors(distributed,distributed),drift(rising,unknown,rising),zone(extreme,extreme))
epistemic_process_of_verification	six(shift(tangled_rope,tangled_rope,tangled_rope,tangled_rope),[coordination,has_beneficiaries],[],actors(distributed,none),drift(rising,unknown,rising),zone(low,low))
epistemic_substitution	six(shift(mountain,mountain,mountain,mountain),[has_temporal_data,natural],[],actors(none,none),drift(stable,unknown,stable),zone(negligible,negligible))
epistemological_pluralism_suppression	six(shift(naturalized,tangled_rope,naturalized,snare),[asymmetric,coordination,enforcement,has_beneficiaries],[drifting_without_limit,no_exit_for_victims,unaccountable_extraction],actors(distributed,distributed),drift(rising,unknown,rising),zone(extreme,extreme))
epstein_document_release_2026	six(shift(tangled_rope,tangled_rope,tangled_rope,tangled_rope),[asymmetric,coordination,enforcement,has_beneficiaries],[drifting_without_limit,no_exit_for_victims,unaccountable_extraction],actors(distributed,distributed),drift(rising,unknown,rising),zone(extreme,extreme))
epstein_files_2026	six(shift(unknown,tangled_rope,tangled_rope,tangled_rope),[asymmetric,enforcement,has_victims],[coercion_without_coordination,drifting_without_limit,no_exit_for_victims,unaccountable_extraction,undocumented_coordination],actors(none,distributed),drift(rising,unknown,rising),zone(extreme,extreme))
equilibrium_selection_problem	six(shift(tangled_rope,tangled_rope,tangled_rope,tangled_rope),[asymmetric,coordination,enforcement,has_beneficiaries],[drifting_without_limit,no_exit_for_victims,unaccountable_extraction],actors(concentrated,distributed),drift(rising,unknown,rising),zone(extreme,high))
equivalence_principle_gravity	six(shift(mountain,mountain,mountain,mountain),[has_temporal_data,natural],[],actors(none,none),drift(stable,unknown,stable),zone(negligible,negligible))
erasmus_rejoining_scaffold	six(shift(tangled_rope,tangled_rope,tangled_rope,tangled_rope),[coordination,enforcement,has_beneficiaries,sunset],[],actors(distributed,none),drift(rising,unknown,falling),zone(low,moderate))
erasure_before_celebration	six(shift(tangled_rope,scaffold,scaffold,tangled_rope),[asymmetric,coordination,has_beneficiaries,natural],[],actors(distributed,concentrated),drift(stable,unknown,stable),zone(negligible,negligible))
ergo_autolykos_asic_resistance	six(shift(tangled_rope,tangled_rope,tangled_rope,tangled_rope),[asymmetric,coordination,enforcement,has_beneficiaries],[drifting_without_limit,no_exit_for_victims,unaccountable_extraction],actors(distributed,distributed),drift(rising,unknown,rising),zone(extreme,extreme))
ergo_dapp_operational_cost_barrier	six(shift(tangled_rope,tangled_rope,tangled_rope,tangled_rope),[asymmetric,coordination,enforcement,has_beneficiaries],[drifting_without_limit,no_exit_for_victims,unaccountable_extraction],actors(distributed,distributed),drift(rising,unknown,rising),zone(extreme,extreme))
ergo_dexy_gold_protocol	six(shift(tangled_rope,tangled_rope,tangled_rope,tangled_rope),[asymmetric,coordination,enforcement,has_beneficiaries],[drifting_without_limit,no_exit_for_victims,unaccountable_extraction],actors(distributed,distributed),drift(falling,unknown,rising),zone(extreme,extreme))
ergo_lets_protocol	six(shift(rope,rope,rope,rope),[coordination,has_beneficiaries],[],actors(distributed,none),drift(rising,unknown,rising),zone(negligible,low))
ergo_nipopows	six(shift(tangled_rope,tangled_rope,rope,tangled_rope),[asymmetric,coordination,enforcement,has_beneficiaries],[no_exit_for_victims],actors(distributed,distributed),drift(rising,unknown,rising),zone(low,high))
ergo_oracle_price_discovery	six(shift(tangled_rope,tangled_rope,naturalized,tangled_rope),[asymmetric,coordination,enforcement,has_beneficiaries],[drifting_without_limit,no_exit_for_victims,unaccountable_extraction],actors(distributed,distributed),drift(rising,unknown,rising),zone(extreme,high))
ergo_rosen_bridge_protocol	six(shift(tangled_rope,tangled_rope,tangled_rope,tangled_rope),[asymmetric,coordination,enforcement,has_beneficiaries],[no_exit_for_victims],actors(distributed,distributed),drift(rising,unknown,rising),zone(low,high))
ergo_storage_rent	six(shift(tangled_rope,tangled_rope,tangled_rope,tangled_rope),[asymmetric,coordination,enforcement,has_beneficiaries],[no_exit_for_victims],actors(distributed,distributed),drift(rising,unknown,rising),zone(low,high))
ergo_storage_rent_mechanism	six(shift(tangled_rope,tangled_rope,tangled_rope,tangled_rope),[asymmetric,coordination,enforcement,has_beneficiaries],[no_exit_for_victims],actors(distributed,distributed),drift(rising,unknown,rising),zone(low,high))
ergo_utxo_state_bloat_accumulation	six(shift(tangled_rope,tangled_rope,tangled_rope,tangled_rope),[asymmetric,coordination,enforcement,has_beneficiaries],[drifting_without_limit,no_exit_for_victims,unaccountable_extraction],actors(distributed,distributed),drift(rising,unknown,rising),zone(extreme,extreme))
ergodic_decomposition	six(shift(mountain,mountain,mountain,mountain),[has_temporal_data,natural],[],actors(none,none),drift(stable,unknown,stable),zone(negligible,negligible))
ergodic_theorems	six(shift(tangled_rope,tangled_rope,tangled_rope,tangled_rope),[asymmetric,coordination,enforcement,has_beneficiaries],[no_exit_for_victims],actors(distributed,distributed),drift(rising,unknown,rising),zone(low,high))
error_induced_stability	six(shift(tangled_rope,snare,rope,snare),[asymmetric,coordination,enforcement,has_beneficiaries],[drifting_without_limit,no_exit_for_victims,unaccountable_extraction],actors(distributed,distributed),drift(rising,unknown,rising),zone(extreme,extreme))
escalation_control_asymmetry	six(shift(tangled_rope,tangled_rope,rope,tangled_rope),[asymmetric,coordination,enforcement,has_beneficiaries],[drifting_without_limit,no_exit_for_victims,unaccountable_extraction],actors(distributed,distributed),drift(rising,unknown,rising),zone(extreme,high))
escape_belief_snare	six(shift(piton,tangled_rope,rope,snare),[asymmetric,coordination,enforcement,has_beneficiaries],[drifting_without_limit,no_exit_for_victims,unaccountable_extraction],actors(distributed,distributed),drift(rising,unknown,rising),zone(extreme,extreme))
establishment_hegemony_2026	six(shift(tangled_rope,tangled_rope,tangled_rope,tangled_rope),[asymmetric,coordination,enforcement,has_beneficiaries],[drifting_without_limit,no_exit_for_victims,unaccountable_extraction],actors(distributed,distributed),drift(rising,unknown,rising),zone(extreme,extreme))
estates_general_175_year_dormancy	six(shift(tangled_rope,tangled_rope,tangled_rope,tangled_rope),[asymmetric,coordination,enforcement,has_beneficiaries],[drifting_without_limit,no_exit_for_victims,unaccountable_extraction],actors(distributed,distributed),drift(rising,unknown,rising),zone(extreme,extreme))
eu_affordable_housing_initiative	six(shift(tangled_rope,tangled_rope,tangled_rope,tangled_rope),[asymmetric,coordination,enforcement,has_beneficiaries],[drifting_without_limit,no_exit_for_victims,unaccountable_extraction],actors(distributed,distributed),drift(rising,unknown,rising),zone(extreme,extreme))
eu_ai_act_enforcement	six(shift(naturalized,tangled_rope,tangled_rope,snare),[asymmetric,coordination,enforcement,has_beneficiaries],[drifting_without_limit,no_exit_for_victims,unaccountable_extraction],actors(distributed,distributed),drift(rising,unknown,rising),zone(extreme,extreme))
eu_construction_labor_standards	six(shift(naturalized,tangled_rope,rope,snare),[asymmetric,coordination,enforcement,has_beneficiaries],[drifting_without_limit,no_exit_for_victims,unaccountable_extraction],actors(distributed,distributed),drift(rising,unknown,rising),zone(extreme,extreme))
eu_critical_infrastructure_sovereignty	six(shift(naturalized,tangled_rope,naturalized,snare),[asymmetric,coordination,enforcement,has_beneficiaries],[drifting_without_limit,no_exit_for_victims,unaccountable_extraction],actors(distributed,distributed),drift(rising,unknown,rising),zone(extreme,extreme))
eu_deforestation_regulation	six(shift(tangled_rope,tangled_rope,tangled_rope,tangled_rope),[asymmetric,coordination,enforcement,has_beneficiaries],[drifting_without_limit,no_exit_for_victims,unaccountable_extraction],actors(distributed,distributed),drift(rising,unknown,rising),zone(extreme,extreme))
eu_democratic_standards_harmonization	six(shift(tangled_rope,tangled_rope,tangled_rope,tangled_rope),[asymmetric,coordination,enforcement,has_beneficiaries],[drifting_without_limit,no_exit_for_victims,unaccountable_extraction],actors(distributed,distributed),drift(rising,unknown,rising),zone(extreme,high))
eu_digital_services_act	six(shift(tangled_rope,tangled_rope,tangled_rope,tangled_rope),[asymmetric,coordination,enforcement,has_beneficiaries],[drifting_without_limit,no_exit_for_victims,unaccountable_extraction],actors(distributed,distributed),drift(rising,unknown,rising),zone(extreme,high))
eu_digital_services_act_enforcement	six(shift(naturalized,tangled_rope,naturalized,snare),[asymmetric,coordination,enforcement,has_beneficiaries],[drifting_without_limit,no_exit_for_victims,unaccountable_extraction],actors(distributed,distributed),drift(rising,unknown,rising),zone(extreme,extreme))
eu_directive_2001_84_ec	six(shift(tangled_rope,tangled_rope,tangled_rope,tangled_rope),[asymmetric,coordination,enforcement,has_beneficiaries],[drifting_without_limit,no_exit_for_victims,unaccountable_extraction],actors(distributed,distributed),drift(rising,unknown,rising),zone(extreme,high))
eu_directive_2022_2464_board_diversity	six(shift(tangled_rope,tangled_rope,tangled_rope,tangled_rope),[asymmetric,coordination,enforcement,has_beneficiaries],[no_exit_for_victims],actors(distributed,distributed),drift(rising,unknown,rising),zone(low,high))
eu_energy_market_liberalization	six(shift(tangled_rope,tangled_rope,tangled_rope,tangled_rope),[asymmetric,coordination,enforcement,has_beneficiaries],[drifting_without_limit,no_exit_for_victims,unaccountable_extraction],actors(distributed,distributed),drift(rising,unknown,rising),zone(extreme,high))
eu_energy_security_transition	six(shift(naturalized,tangled_rope,tangled_rope,snare),[asymmetric,coordination,enforcement,has_beneficiaries],[drifting_without_limit,no_exit_for_victims,unaccountable_extraction],actors(distributed,distributed),drift(rising,unknown,rising),zone(extreme,extreme))
eu_free_movement_directive	six(shift(tangled_rope,tangled_rope,tangled_rope,tangled_rope),[asymmetric,coordination,enforcement,has_beneficiaries],[no_exit_for_victims],actors(distributed,distributed),drift(rising,unknown,rising),zone(low,high))
eu_india_trade_balance	six(shift(tangled_rope,tangled_rope,rope,tangled_rope),[asymmetric,coordination,enforcement,has_beneficiaries],[drifting_without_limit,no_exit_for_victims,unaccountable_extraction],actors(distributed,distributed),drift(rising,unknown,rising),zone(extreme,high))
eu_irgc_terrorist_designation	six(shift(tangled_rope,tangled_rope,tangled_rope,tangled_rope),[asymmetric,coordination,enforcement,has_beneficiaries],[drifting_without_limit,no_exit_for_victims,unaccountable_extraction],actors(distributed,distributed),drift(rising,unknown,rising),zone(extreme,extreme))
eu_migration_burden_sharing	six(shift(tangled_rope,tangled_rope,rope,snare),[asymmetric,coordination,enforcement,has_beneficiaries],[drifting_without_limit,no_exit_for_victims,unaccountable_extraction],actors(distributed,distributed),drift(rising,unknown,rising),zone(extreme,extreme))
eu_regulatory_capture_by_individual_states	six(shift(naturalized,tangled_rope,naturalized,snare),[asymmetric,coordination,enforcement,has_beneficiaries],[drifting_without_limit,no_exit_for_victims,unaccountable_extraction],actors(distributed,distributed),drift(rising,unknown,rising),zone(extreme,extreme))
eu_renewable_energy_mandate	six(shift(tangled_rope,tangled_rope,tangled_rope,tangled_rope),[asymmetric,coordination,enforcement,has_beneficiaries],[drifting_without_limit,no_exit_for_victims,unaccountable_extraction],actors(distributed,distributed),drift(rising,unknown,rising),zone(extreme,high))
eu_russian_asset_freeze_2025	six(shift(naturalized,snare,rope,snare),[asymmetric,coordination,enforcement,has_beneficiaries],[drifting_without_limit,no_exit_for_victims,unaccountable_extraction],actors(distributed,distributed),drift(rising,unknown,falling),zone(extreme,extreme))
eu_secondary_sanctions_architecture	six(shift(naturalized,tangled_rope,rope,snare),[asymmetric,coordination,enforcement,has_beneficiaries],[drifting_without_limit,no_exit_for_victims,unaccountable_extraction],actors(distributed,distributed),drift(rising,unknown,rising),zone(extreme,extreme))
eu_unanimity_rule_foreign_policy	six(shift(tangled_rope,tangled_rope,tangled_rope,tangled_rope),[asymmetric,coordination,enforcement,has_beneficiaries],[drifting_without_limit,no_exit_for_victims,unaccountable_extraction],actors(distributed,distributed),drift(rising,unknown,rising),zone(extreme,extreme))
euclidean_geometry_axioms	six(shift(mountain,rope,rope,mountain),[has_temporal_data,natural],[],actors(none,none),drift(stable,unknown,stable),zone(negligible,negligible))
euclidean_geometry_completeness	six(shift(mountain,mountain,mountain,mountain),[has_temporal_data,natural],[],actors(none,none),drift(stable,unknown,stable),zone(negligible,negligible))
euler_characteristic_invariance	six(shift(mountain,mountain,mountain,mountain),[has_theater,natural],[],actors(none,none),drift(unknown,unknown,unknown),zone(negligible,negligible))
euler_characteristic_topology	six(shift(mountain,mountain,mountain,mountain),[has_temporal_data,natural],[],actors(none,none),drift(stable,unknown,stable),zone(negligible,negligible))
euler_product_formula	six(shift(mountain,mountain,mountain,mountain),[has_temporal_data,natural],[],actors(none,none),drift(stable,unknown,stable),zone(negligible,negligible))
european_democratic_standards_variance	six(shift(tangled_rope,tangled_rope,tangled_rope,tangled_rope),[asymmetric,coordination,enforcement,has_beneficiaries],[drifting_without_limit,no_exit_for_victims,unaccountable_extraction],actors(distributed,distributed),drift(rising,unknown,rising),zone(extreme,extreme))
european_export_control_regime	six(shift(tangled_rope,tangled_rope,rope,snare),[asymmetric,coordination,enforcement,has_beneficiaries],[drifting_without_limit,no_exit_for_victims,unaccountable_extraction],actors(distributed,distributed),drift(rising,unknown,rising),zone(extreme,extreme))
european_fiscal_union_feasibility	six(shift(tangled_rope,tangled_rope,tangled_rope,tangled_rope),[asymmetric,coordination,enforcement,has_beneficiaries],[drifting_without_limit,no_exit_for_victims,unaccountable_extraction],actors(distributed,distributed),drift(rising,unknown,rising),zone(extreme,extreme))
eurozone_fragmentation_2026	six(shift(tangled_rope,tangled_rope,tangled_rope,tangled_rope),[asymmetric,coordination,enforcement,has_beneficiaries],[drifting_without_limit,no_exit_for_victims,unaccountable_extraction],actors(distributed,distributed),drift(rising,unknown,rising),zone(extreme,extreme))
eventual_consistency_semantics	six(shift(tangled_rope,tangled_rope,tangled_rope,tangled_rope),[asymmetric,coordination,enforcement,has_beneficiaries],[no_exit_for_victims],actors(distributed,distributed),drift(rising,unknown,rising),zone(low,high))
evidence_half_life	six(shift(tangled_rope,tangled_rope,tangled_rope,tangled_rope),[asymmetric,coordination,enforcement,has_beneficiaries],[drifting_without_limit,no_exit_for_victims,unaccountable_extraction],actors(distributed,distributed),drift(rising,unknown,rising),zone(extreme,extreme))
evolutionary_computation_landscape	six(shift(tangled_rope,tangled_rope,tangled_rope,tangled_rope),[asymmetric,coordination,enforcement,has_beneficiaries],[no_exit_for_victims],actors(distributed,distributed),drift(rising,unknown,rising),zone(low,high))
evolutionary_continuity_hypothesis	six(shift(tangled_rope,tangled_rope,tangled_rope,tangled_rope),[asymmetric,coordination,enforcement,has_beneficiaries],[no_exit_for_victims],actors(distributed,distributed),drift(rising,unknown,rising),zone(low,high))
evolutionary_knowledge	six(shift(unknown,tangled_rope,tangled_rope,tangled_rope),[asymmetric,coordination,enforcement,has_beneficiaries],[no_exit_for_victims],actors(distributed,distributed),drift(stable,unknown,rising),zone(low,high))
evolutionary_mechanism_sufficiency	six(shift(tangled_rope,tangled_rope,tangled_rope,tangled_rope),[asymmetric,coordination,enforcement,has_beneficiaries],[no_exit_for_victims],actors(distributed,distributed),drift(rising,unknown,rising),zone(low,high))
evolutionary_mismatch_load	six(shift(tangled_rope,tangled_rope,tangled_rope,tangled_rope),[asymmetric,coordination,enforcement,has_beneficiaries],[drifting_without_limit,no_exit_for_victims,unaccountable_extraction],actors(distributed,distributed),drift(rising,unknown,rising),zone(extreme,extreme))
exclusion_as_preparation	six(shift(tangled_rope,tangled_rope,tangled_rope,tangled_rope),[coordination,has_beneficiaries],[],actors(distributed,none),drift(stable,unknown,stable),zone(negligible,low))
exclusionary_coordination_asymmetry	six(shift(tangled_rope,tangled_rope,rope,tangled_rope),[asymmetric,coordination,enforcement,has_beneficiaries],[drifting_without_limit,no_exit_for_victims,unaccountable_extraction],actors(distributed,distributed),drift(rising,unknown,rising),zone(extreme,extreme))
excommunication_social_exclusion	six(shift(tangled_rope,tangled_rope,tangled_rope,tangled_rope),[asymmetric,coordination,enforcement,has_beneficiaries],[drifting_without_limit,no_exit_for_victims,unaccountable_extraction],actors(concentrated,distributed),drift(rising,unknown,rising),zone(extreme,extreme))
executive_compensation_asymmetry	six(shift(tangled_rope,tangled_rope,tangled_rope,tangled_rope),[asymmetric,coordination,enforcement,has_beneficiaries],[drifting_without_limit,no_exit_for_victims,unaccountable_extraction],actors(distributed,distributed),drift(rising,unknown,rising),zone(extreme,extreme))
executive_compensation_incentives	six(shift(tangled_rope,tangled_rope,tangled_rope,tangled_rope),[asymmetric,coordination,enforcement,has_beneficiaries],[drifting_without_limit,no_exit_for_victims,unaccountable_extraction],actors(distributed,distributed),drift(rising,unknown,rising),zone(extreme,extreme))
executive_enforcement_congressional_oversight	six(shift(tangled_rope,tangled_rope,tangled_rope,tangled_rope),[asymmetric,coordination,enforcement,has_beneficiaries],[drifting_without_limit,no_exit_for_victims,unaccountable_extraction],actors(distributed,distributed),drift(rising,unknown,rising),zone(extreme,extreme))
executive_information_control	six(shift(tangled_rope,tangled_rope,tangled_rope,tangled_rope),[asymmetric,coordination,enforcement,has_beneficiaries],[drifting_without_limit,no_exit_for_victims,unaccountable_extraction],actors(distributed,distributed),drift(rising,unknown,rising),zone(extreme,extreme))
executive_war_powers_expansion	six(shift(tangled_rope,snare,snare,snare),[asymmetric,coordination,enforcement,has_beneficiaries],[drifting_without_limit,no_exit_for_victims,unaccountable_extraction],actors(concentrated,distributed),drift(rising,unknown,rising),zone(extreme,extreme))
existential_coordination_failure	six(shift(unknown,tangled_rope,tangled_rope,tangled_rope),[asymmetric,enforcement,has_victims],[coercion_without_coordination,drifting_without_limit,no_exit_for_victims,unaccountable_extraction,undocumented_coordination],actors(none,distributed),drift(rising,unknown,rising),zone(extreme,extreme))
exit_as_diagnosis	six(shift(tangled_rope,tangled_rope,tangled_rope,tangled_rope),[asymmetric,coordination,enforcement,has_beneficiaries],[drifting_without_limit,no_exit_for_victims,unaccountable_extraction],actors(distributed,distributed),drift(rising,unknown,rising),zone(extreme,high))
exit_cost_asymmetry	six(shift(mountain,mountain,mountain,mountain),[has_theater,natural],[],actors(none,none),drift(unknown,unknown,unknown),zone(negligible,negligible))
exoplanet_architecture_constraint	six(shift(tangled_rope,tangled_rope,tangled_rope,tangled_rope),[asymmetric,coordination,enforcement,has_beneficiaries],[no_exit_for_victims],actors(distributed,distributed),drift(rising,unknown,rising),zone(low,high))
exoplanet_habitability_arbitrage	six(shift(tangled_rope,tangled_rope,tangled_rope,tangled_rope),[asymmetric,coordination,enforcement,has_beneficiaries],[no_exit_for_victims],actors(distributed,distributed),drift(rising,unknown,rising),zone(low,high))
exoplanet_mass_metallicity_relation	six(shift(tangled_rope,tangled_rope,tangled_rope,tangled_rope),[asymmetric,coordination,enforcement,has_beneficiaries],[no_exit_for_victims],actors(distributed,distributed),drift(rising,unknown,rising),zone(low,high))
exoplanet_observation_bias_correction	six(shift(tangled_rope,tangled_rope,tangled_rope,tangled_rope),[asymmetric,coordination,enforcement,has_beneficiaries],[no_exit_for_victims],actors(distributed,distributed),drift(rising,unknown,rising),zone(low,high))
exoplanet_sample_selection_bias	six(shift(tangled_rope,tangled_rope,tangled_rope,tangled_rope),[asymmetric,coordination,enforcement,has_beneficiaries],[drifting_without_limit,no_exit_for_victims,unaccountable_extraction],actors(distributed,distributed),drift(rising,unknown,rising),zone(extreme,high))
expert_authority_asymmetry	six(shift(tangled_rope,tangled_rope,tangled_rope,tangled_rope),[asymmetric,coordination,enforcement,has_beneficiaries],[drifting_without_limit,no_exit_for_victims,unaccountable_extraction],actors(distributed,distributed),drift(rising,unknown,rising),zone(extreme,extreme))
expert_disempowerment	six(shift(tangled_rope,tangled_rope,naturalized,snare),[asymmetric,coordination,enforcement,has_beneficiaries],[drifting_without_limit,no_exit_for_victims,unaccountable_extraction],actors(distributed,distributed),drift(rising,unknown,rising),zone(extreme,extreme))
expertise_specialization_trap	six(shift(tangled_rope,tangled_rope,tangled_rope,tangled_rope),[asymmetric,coordination,enforcement,has_beneficiaries],[drifting_without_limit,no_exit_for_victims,unaccountable_extraction],actors(distributed,distributed),drift(rising,unknown,rising),zone(extreme,extreme))
exploration_vs_exploitation	six(shift(tangled_rope,tangled_rope,rope,tangled_rope),[asymmetric,coordination,enforcement,has_beneficiaries],[drifting_without_limit,no_exit_for_victims,unaccountable_extraction],actors(distributed,distributed),drift(rising,unknown,rising),zone(extreme,high))
extended_deterrence_credibility	six(shift(tangled_rope,tangled_rope,tangled_rope,tangled_rope),[asymmetric,coordination,enforcement,has_beneficiaries],[drifting_without_limit,no_exit_for_victims,unaccountable_extraction],actors(distributed,distributed),drift(rising,unknown,rising),zone(extreme,extreme))
externalization_necessity	six(shift(tangled_rope,tangled_rope,tangled_rope,tangled_rope),[coordination,has_beneficiaries],[],actors(distributed,none),drift(stable,unknown,stable),zone(low,low))
extraction_residue_as_bodily_inscription	six(shift(mountain,mountain,mountain,mountain),[has_theater,natural],[],actors(none,none),drift(unknown,unknown,unknown),zone(negligible,negligible))
extractive_disclosure_calibration	six(shift(tangled_rope,tangled_rope,rope,snare),[asymmetric,coordination,enforcement,has_beneficiaries],[drifting_without_limit,no_exit_for_victims,unaccountable_extraction],actors(concentrated,distributed),drift(rising,unknown,rising),zone(extreme,extreme))
extractive_uranium_mining	six(shift(tangled_rope,snare,rope,snare),[asymmetric,coordination,enforcement,has_beneficiaries],[drifting_without_limit,no_exit_for_victims,unaccountable_extraction],actors(distributed,distributed),drift(rising,unknown,rising),zone(extreme,extreme))
extraordinary_narrative_shift	six(shift(tangled_rope,tangled_rope,tangled_rope,tangled_rope),[asymmetric,coordination,enforcement,has_beneficiaries],[drifting_without_limit,no_exit_for_victims,unaccountable_extraction],actors(distributed,distributed),drift(rising,unknown,rising),zone(extreme,high))
facebook_content_moderation_opacity	six(shift(naturalized,tangled_rope,rope,snare),[asymmetric,coordination,enforcement,has_beneficiaries],[drifting_without_limit,no_exit_for_victims,unaccountable_extraction],actors(distributed,distributed),drift(rising,unknown,rising),zone(extreme,extreme))
fact_checker_resource_scarcity	six(shift(naturalized,tangled_rope,rope,snare),[asymmetric,coordination,enforcement,has_beneficiaries],[drifting_without_limit,no_exit_for_victims,unaccountable_extraction],actors(distributed,distributed),drift(rising,unknown,rising),zone(extreme,extreme))
factional_power_consolidation	six(shift(tangled_rope,tangled_rope,tangled_rope,tangled_rope),[asymmetric,coordination,enforcement,has_beneficiaries],[drifting_without_limit,no_exit_for_victims,unaccountable_extraction],actors(concentrated,distributed),drift(rising,unknown,rising),zone(extreme,extreme))
faint_blue_neural_bifurcation	six(shift(tangled_rope,tangled_rope,tangled_rope,tangled_rope),[asymmetric,coordination,enforcement,has_beneficiaries],[drifting_without_limit,no_exit_for_victims,unaccountable_extraction],actors(distributed,distributed),drift(rising,unknown,rising),zone(extreme,extreme))
fair_use_doctrine	six(shift(tangled_rope,tangled_rope,tangled_rope,tangled_rope),[asymmetric,coordination,enforcement,has_beneficiaries],[drifting_without_limit,no_exit_for_victims,unaccountable_extraction],actors(distributed,distributed),drift(rising,unknown,rising),zone(extreme,extreme))
fair_use_scope_expansion	six(shift(tangled_rope,tangled_rope,tangled_rope,tangled_rope),[asymmetric,coordination,enforcement,has_beneficiaries],[drifting_without_limit,no_exit_for_victims,unaccountable_extraction],actors(distributed,distributed),drift(rising,unknown,rising),zone(extreme,extreme))
false_mountain_naturalization	six(shift(tangled_rope,tangled_rope,tangled_rope,tangled_rope),[asymmetric,coordination,enforcement,has_beneficiaries],[drifting_without_limit,no_exit_for_victims,unaccountable_extraction],actors(distributed,distributed),drift(rising,unknown,rising),zone(extreme,extreme))
false_mountain_persistence	six(shift(tangled_rope,tangled_rope,naturalized,tangled_rope),[asymmetric,coordination,enforcement,has_beneficiaries],[drifting_without_limit,no_exit_for_victims,unaccountable_extraction],actors(distributed,distributed),drift(rising,unknown,rising),zone(extreme,extreme))
false_summit_institutional_legitimation	six(shift(tangled_rope,tangled_rope,tangled_rope,tangled_rope),[asymmetric,coordination,enforcement,has_beneficiaries],[drifting_without_limit,no_exit_for_victims,unaccountable_extraction],actors(distributed,distributed),drift(rising,unknown,rising),zone(extreme,high))
family_caregiving_outsourcing	six(shift(tangled_rope,tangled_rope,tangled_rope,tangled_rope),[asymmetric,coordination,enforcement,has_beneficiaries],[drifting_without_limit,no_exit_for_victims,unaccountable_extraction],actors(distributed,distributed),drift(rising,unknown,rising),zone(extreme,extreme))
family_communication_deprivation	six(shift(snare,snare,rope,snare),[asymmetric,coordination,enforcement,has_beneficiaries],[drifting_without_limit,no_exit_for_victims,unaccountable_extraction],actors(concentrated,distributed),drift(rising,unknown,rising),zone(extreme,extreme))
family_estrangement_ratio	six(shift(tangled_rope,tangled_rope,tangled_rope,tangled_rope),[asymmetric,coordination,enforcement,has_beneficiaries],[drifting_without_limit,no_exit_for_victims,unaccountable_extraction],actors(distributed,distributed),drift(rising,unknown,rising),zone(extreme,extreme))
family_obligation_vs_survival	six(shift(tangled_rope,tangled_rope,tangled_rope,tangled_rope),[asymmetric,coordination,enforcement,has_beneficiaries],[drifting_without_limit,no_exit_for_victims,unaccountable_extraction],actors(concentrated,distributed),drift(rising,unknown,rising),zone(extreme,extreme))
family_separation_chain_migration	six(shift(tangled_rope,tangled_rope,tangled_rope,tangled_rope),[asymmetric,coordination,enforcement,has_beneficiaries],[drifting_without_limit,no_exit_for_victims,unaccountable_extraction],actors(distributed,distributed),drift(rising,unknown,rising),zone(extreme,extreme))
family_succession_and_decadence	six(shift(tangled_rope,tangled_rope,tangled_rope,tangled_rope),[asymmetric,coordination,enforcement,has_beneficiaries],[drifting_without_limit,no_exit_for_victims,unaccountable_extraction],actors(distributed,distributed),drift(stable,unknown,rising),zone(extreme,extreme))
fast_growing_hierarchy	six(shift(mountain,mountain,mountain,mountain),[has_temporal_data,natural],[],actors(none,none),drift(stable,unknown,stable),zone(negligible,negligible))
fast_radio_burst_catalog_completeness	six(shift(tangled_rope,tangled_rope,tangled_rope,tangled_rope),[asymmetric,coordination,enforcement,has_beneficiaries],[no_exit_for_victims],actors(distributed,distributed),drift(rising,unknown,rising),zone(low,high))
fatf_grey_list_russia	six(shift(naturalized,tangled_rope,naturalized,snare),[asymmetric,coordination,enforcement,has_beneficiaries],[drifting_without_limit,no_exit_for_victims,unaccountable_extraction],actors(distributed,distributed),drift(rising,unknown,rising),zone(extreme,extreme))
fb_creator_monetization_indonesia	six(shift(tangled_rope,tangled_rope,tangled_rope,tangled_rope),[asymmetric,coordination,enforcement,has_beneficiaries],[drifting_without_limit,no_exit_for_victims,unaccountable_extraction],actors(distributed,distributed),drift(rising,unknown,rising),zone(extreme,extreme))
fcc_dji_covered_list	six(shift(tangled_rope,tangled_rope,tangled_rope,tangled_rope),[asymmetric,coordination,enforcement,has_beneficiaries],[drifting_without_limit,no_exit_for_victims,unaccountable_extraction],actors(distributed,distributed),drift(rising,unknown,rising),zone(extreme,extreme))
fda_accelerated_approval_alz	six(shift(naturalized,tangled_rope,rope,snare),[asymmetric,coordination,enforcement,has_beneficiaries],[drifting_without_limit,no_exit_for_victims,unaccountable_extraction],actors(distributed,distributed),drift(rising,unknown,rising),zone(extreme,extreme))
fda_component_efficacy_standard	six(shift(tangled_rope,tangled_rope,rope,tangled_rope),[asymmetric,coordination,enforcement,has_beneficiaries],[no_exit_for_victims],actors(distributed,distributed),drift(rising,unknown,rising),zone(low,high))
fda_enforcement_capacity_bottleneck	six(shift(tangled_rope,tangled_rope,tangled_rope,tangled_rope),[asymmetric,coordination,enforcement,has_beneficiaries],[drifting_without_limit,no_exit_for_victims,unaccountable_extraction],actors(distributed,distributed),drift(rising,unknown,rising),zone(extreme,extreme))
fda_gonorrhea_efficacy_standard	six(shift(tangled_rope,tangled_rope,rope,snare),[asymmetric,coordination,enforcement,has_beneficiaries],[drifting_without_limit,no_exit_for_victims,unaccountable_extraction],actors(distributed,distributed),drift(rising,unknown,rising),zone(extreme,extreme))
fed_shutdown_2026	six(shift(piton,tangled_rope,piton,snare),[asymmetric,coordination,enforcement,has_beneficiaries],[drifting_without_limit,no_exit_for_victims,unaccountable_extraction],actors(concentrated,distributed),drift(rising,unknown,rising),zone(extreme,extreme))
federal_budgeting_mechanism_failure	six(shift(tangled_rope,tangled_rope,tangled_rope,tangled_rope),[asymmetric,coordination,enforcement,has_beneficiaries],[drifting_without_limit,no_exit_for_victims,unaccountable_extraction],actors(distributed,distributed),drift(rising,unknown,rising),zone(extreme,extreme))
federal_labor_power_asymmetry	six(shift(tangled_rope,tangled_rope,tangled_rope,tangled_rope),[asymmetric,coordination,enforcement,has_beneficiaries],[drifting_without_limit,no_exit_for_victims,unaccountable_extraction],actors(concentrated,concentrated),drift(rising,unknown,rising),zone(extreme,extreme))
federal_regulatory_reach	six(shift(tangled_rope,tangled_rope,tangled_rope,tangled_rope),[asymmetric,coordination,enforcement,has_beneficiaries],[drifting_without_limit,no_exit_for_victims,unaccountable_extraction],actors(distributed,distributed),drift(rising,unknown,rising),zone(extreme,extreme))
federal_resource_extraction_authority	six(shift(tangled_rope,tangled_rope,tangled_rope,tangled_rope),[asymmetric,coordination,enforcement,has_beneficiaries],[drifting_without_limit,no_exit_for_victims,unaccountable_extraction],actors(distributed,distributed),drift(rising,unknown,rising),zone(extreme,extreme))
federal_workplace_enforcement	six(shift(tangled_rope,tangled_rope,rope,snare),[asymmetric,coordination,enforcement,has_beneficiaries],[drifting_without_limit,no_exit_for_victims,unaccountable_extraction],actors(distributed,distributed),drift(rising,unknown,rising),zone(extreme,extreme))
feedback_loop_delay_oscillation	six(shift(tangled_rope,tangled_rope,tangled_rope,tangled_rope),[asymmetric,coordination,enforcement,has_beneficiaries],[no_exit_for_victims],actors(distributed,distributed),drift(rising,unknown,rising),zone(low,high))
feedback_suppression_tangled_rope	six(shift(tangled_rope,tangled_rope,rope,tangled_rope),[asymmetric,coordination,enforcement,has_beneficiaries],[drifting_without_limit,no_exit_for_victims,unaccountable_extraction],actors(distributed,distributed),drift(rising,unknown,rising),zone(extreme,high))
feigenbaum_universality	six(shift(mountain,mountain,mountain,mountain),[has_temporal_data,natural],[],actors(none,none),drift(stable,unknown,stable),zone(negligible,negligible))
female_epistemic_marginalization	six(shift(tangled_rope,tangled_rope,tangled_rope,tangled_rope),[asymmetric,coordination,enforcement,has_beneficiaries],[drifting_without_limit,no_exit_for_victims,unaccountable_extraction],actors(concentrated,distributed),drift(rising,unknown,rising),zone(extreme,extreme))
female_labor_market_bargaining_power	six(shift(tangled_rope,tangled_rope,rope,snare),[asymmetric,coordination,enforcement,has_beneficiaries],[drifting_without_limit,no_exit_for_victims,unaccountable_extraction],actors(distributed,distributed),drift(rising,unknown,falling),zone(extreme,extreme))
fermats_last_theorem	six(shift(mountain,mountain,mountain,mountain),[has_temporal_data,natural],[],actors(none,none),drift(stable,unknown,rising),zone(negligible,negligible))
fertility_rate_decline	six(shift(tangled_rope,tangled_rope,tangled_rope,tangled_rope),[asymmetric,coordination,enforcement,has_beneficiaries],[drifting_without_limit,no_exit_for_victims,unaccountable_extraction],actors(distributed,distributed),drift(rising,unknown,rising),zone(extreme,high))
feudal_hierarchy	six(shift(tangled_rope,tangled_rope,tangled_rope,tangled_rope),[asymmetric,coordination,enforcement,has_beneficiaries],[drifting_without_limit,no_exit_for_victims,unaccountable_extraction],actors(distributed,distributed),drift(rising,unknown,rising),zone(extreme,extreme))
feudal_obligation_codification	six(shift(tangled_rope,tangled_rope,rope,snare),[asymmetric,coordination,enforcement,has_beneficiaries],[drifting_without_limit,no_exit_for_victims,unaccountable_extraction],actors(concentrated,distributed),drift(rising,unknown,rising),zone(extreme,extreme))
fgh_hierarchy_2026	six(shift(mountain,mountain,mountain,mountain),[has_temporal_data,natural],[],actors(none,none),drift(stable,unknown,rising),zone(negligible,negligible))
fiat_currency_lifecycle	six(shift(tangled_rope,tangled_rope,tangled_rope,tangled_rope),[asymmetric,coordination,enforcement,has_beneficiaries],[drifting_without_limit,no_exit_for_victims,unaccountable_extraction],actors(distributed,distributed),drift(rising,unknown,rising),zone(extreme,extreme))
film_festival_prestige_hierarchy	six(shift(tangled_rope,tangled_rope,tangled_rope,tangled_rope),[asymmetric,coordination,enforcement,has_beneficiaries],[drifting_without_limit,no_exit_for_victims,unaccountable_extraction],actors(distributed,distributed),drift(rising,unknown,rising),zone(extreme,extreme))
filter_bubble_closure	six(shift(tangled_rope,tangled_rope,tangled_rope,tangled_rope),[asymmetric,coordination,enforcement,has_beneficiaries],[drifting_without_limit,no_exit_for_victims,unaccountable_extraction],actors(distributed,distributed),drift(rising,unknown,rising),zone(extreme,extreme))
financial_access_gatekeeping	six(shift(tangled_rope,tangled_rope,tangled_rope,tangled_rope),[asymmetric,coordination,enforcement,has_beneficiaries],[drifting_without_limit,no_exit_for_victims,unaccountable_extraction],actors(distributed,distributed),drift(rising,unknown,rising),zone(extreme,extreme))
financial_innovation_suppression	six(shift(naturalized,tangled_rope,naturalized,snare),[asymmetric,coordination,enforcement,has_beneficiaries],[drifting_without_limit,no_exit_for_victims,unaccountable_extraction],actors(distributed,distributed),drift(rising,unknown,rising),zone(extreme,extreme))
financial_leverage_accumulation	six(shift(tangled_rope,tangled_rope,tangled_rope,tangled_rope),[asymmetric,coordination,enforcement,has_beneficiaries],[drifting_without_limit,no_exit_for_victims,unaccountable_extraction],actors(distributed,distributed),drift(rising,unknown,rising),zone(extreme,extreme))
financial_literacy_investment_barrier	six(shift(tangled_rope,tangled_rope,tangled_rope,tangled_rope),[asymmetric,coordination,enforcement,has_beneficiaries],[drifting_without_limit,no_exit_for_victims,unaccountable_extraction],actors(distributed,distributed),drift(rising,unknown,falling),zone(extreme,extreme))
financial_privacy_erosion	six(shift(tangled_rope,tangled_rope,tangled_rope,tangled_rope),[asymmetric,coordination,enforcement,has_beneficiaries],[drifting_without_limit,no_exit_for_victims,unaccountable_extraction],actors(distributed,distributed),drift(rising,unknown,rising),zone(extreme,extreme))
financial_repression	six(shift(naturalized,tangled_rope,rope,snare),[asymmetric,coordination,enforcement,has_beneficiaries],[drifting_without_limit,no_exit_for_victims,unaccountable_extraction],actors(distributed,distributed),drift(rising,unknown,rising),zone(extreme,extreme))
financial_repression_mechanism	six(shift(tangled_rope,tangled_rope,tangled_rope,tangled_rope),[asymmetric,coordination,enforcement,has_beneficiaries],[drifting_without_limit,no_exit_for_victims,unaccountable_extraction],actors(distributed,distributed),drift(rising,unknown,rising),zone(extreme,extreme))
financial_surveillance_infrastructure	six(shift(tangled_rope,tangled_rope,tangled_rope,tangled_rope),[asymmetric,coordination,enforcement,has_beneficiaries],[drifting_without_limit,no_exit_for_victims,unaccountable_extraction],actors(distributed,distributed),drift(rising,unknown,rising),zone(extreme,extreme))
financial_surveillance_state	six(shift(tangled_rope,tangled_rope,tangled_rope,tangled_rope),[asymmetric,coordination,enforcement,has_beneficiaries],[drifting_without_limit,no_exit_for_victims,unaccountable_extraction],actors(distributed,distributed),drift(rising,unknown,rising),zone(extreme,extreme))
financial_system_interconnection	six(shift(naturalized,tangled_rope,tangled_rope,snare),[asymmetric,coordination,enforcement,has_beneficiaries],[drifting_without_limit,no_exit_for_victims,unaccountable_extraction],actors(distributed,distributed),drift(rising,unknown,rising),zone(extreme,extreme))
financialization_drag	six(shift(tangled_rope,tangled_rope,rope,snare),[asymmetric,coordination,enforcement,has_beneficiaries],[drifting_without_limit,no_exit_for_victims,unaccountable_extraction],actors(distributed,distributed),drift(rising,unknown,rising),zone(extreme,extreme))
fine_structure_constant_stability	six(shift(mountain,mountain,mountain,mountain),[has_temporal_data,natural],[],actors(none,none),drift(stable,unknown,stable),zone(negligible,negligible))
finite_additivity_limit	six(shift(mountain,mountain,mountain,mountain),[has_temporal_data,natural],[],actors(none,none),drift(stable,unknown,stable),zone(negligible,negligible))
finite_group_classification	six(shift(mountain,mountain,mountain,mountain),[has_theater,natural],[],actors(none,none),drift(unknown,unknown,unknown),zone(negligible,negligible))
finite_pool_of_worry	six(shift(tangled_rope,tangled_rope,tangled_rope,tangled_rope),[asymmetric,coordination,enforcement,has_beneficiaries],[no_exit_for_victims],actors(distributed,distributed),drift(rising,unknown,rising),zone(low,high))
finite_simple_groups_classification	six(shift(mountain,mountain,mountain,mountain),[has_temporal_data,natural],[],actors(none,none),drift(stable,unknown,stable),zone(negligible,negligible))
finnish_debt_adjustment	six(shift(tangled_rope,tangled_rope,tangled_rope,tangled_rope),[asymmetric,coordination,enforcement,has_beneficiaries],[no_exit_for_victims],actors(distributed,distributed),drift(falling,unknown,falling),zone(low,high))
finnish_ubi_experiment	six(shift(tangled_rope,tangled_rope,scaffold,tangled_rope),[asymmetric,coordination,enforcement,has_beneficiaries,sunset],[],actors(distributed,distributed),drift(rising,unknown,rising),zone(extreme,high))
firmware_update_risk_accumulation	six(shift(tangled_rope,tangled_rope,tangled_rope,tangled_rope),[asymmetric,coordination,enforcement,has_beneficiaries],[drifting_without_limit,no_exit_for_victims,unaccountable_extraction],actors(distributed,distributed),drift(rising,unknown,rising),zone(extreme,extreme))
first_mover_network_effects	six(shift(tangled_rope,tangled_rope,tangled_rope,tangled_rope),[asymmetric,coordination,enforcement,has_beneficiaries],[drifting_without_limit,no_exit_for_victims,unaccountable_extraction],actors(distributed,distributed),drift(rising,unknown,rising),zone(extreme,high))
first_past_the_post_lock_in	six(shift(tangled_rope,tangled_rope,tangled_rope,tangled_rope),[asymmetric,coordination,enforcement,has_beneficiaries],[drifting_without_limit,no_exit_for_victims,unaccountable_extraction],actors(distributed,distributed),drift(rising,unknown,rising),zone(extreme,extreme))
fisa_surveillance_expansion	six(shift(naturalized,snare,naturalized,snare),[asymmetric,coordination,enforcement,has_beneficiaries],[drifting_without_limit,no_exit_for_victims,unaccountable_extraction],actors(distributed,distributed),drift(rising,unknown,rising),zone(extreme,extreme))
fiscal_dominance_trap	six(shift(naturalized,tangled_rope,tangled_rope,snare),[asymmetric,coordination,enforcement,has_beneficiaries],[drifting_without_limit,no_exit_for_victims,unaccountable_extraction],actors(distributed,distributed),drift(rising,unknown,rising),zone(extreme,extreme))
fiscal_equalization_friction	six(shift(tangled_rope,tangled_rope,rope,tangled_rope),[asymmetric,coordination,enforcement,has_beneficiaries],[no_exit_for_victims],actors(concentrated,distributed),drift(rising,unknown,rising),zone(low,high))
five_eyes_intelligence_partnership	six(shift(tangled_rope,tangled_rope,tangled_rope,tangled_rope),[asymmetric,coordination,enforcement,has_beneficiaries],[drifting_without_limit,no_exit_for_victims,unaccountable_extraction],actors(distributed,distributed),drift(rising,unknown,rising),zone(extreme,extreme))
fixed_point_theorem_generalization	six(shift(mountain,mountain,mountain,mountain),[has_temporal_data,natural],[],actors(none,none),drift(stable,unknown,stable),zone(negligible,negligible))
flash_crash_amplification	six(shift(tangled_rope,tangled_rope,tangled_rope,tangled_rope),[asymmetric,coordination,enforcement,has_beneficiaries],[drifting_without_limit,no_exit_for_victims,unaccountable_extraction],actors(distributed,distributed),drift(rising,unknown,rising),zone(extreme,extreme))
flavor_profile_cultural_suppression	six(shift(tangled_rope,tangled_rope,tangled_rope,tangled_rope),[asymmetric,coordination,enforcement,has_beneficiaries],[drifting_without_limit,no_exit_for_victims,unaccountable_extraction],actors(distributed,distributed),drift(rising,unknown,rising),zone(extreme,extreme))
floating_wall_2026	six(shift(naturalized,tangled_rope,rope,snare),[asymmetric,coordination,enforcement,has_beneficiaries],[drifting_without_limit,no_exit_for_victims,unaccountable_extraction],actors(distributed,distributed),drift(rising,unknown,rising),zone(extreme,extreme))
fmeca_procedures_1980	six(shift(tangled_rope,tangled_rope,tangled_rope,tangled_rope),[asymmetric,coordination,enforcement,has_beneficiaries],[no_exit_for_victims],actors(distributed,distributed),drift(rising,unknown,rising),zone(low,high))
fmt_oncology_realignment_2026	six(shift(tangled_rope,tangled_rope,rope,tangled_rope),[asymmetric,coordination,enforcement,has_beneficiaries],[drifting_without_limit,no_exit_for_victims,unaccountable_extraction],actors(distributed,distributed),drift(rising,unknown,falling),zone(extreme,high))
fnl_shadow_probe	six(shift(tangled_rope,tangled_rope,tangled_rope,tangled_rope),[asymmetric,coordination,enforcement,has_beneficiaries],[no_exit_for_victims],actors(distributed,distributed),drift(rising,unknown,rising),zone(low,high))
food_contact_material_standards	six(shift(tangled_rope,tangled_rope,naturalized,tangled_rope),[asymmetric,coordination,enforcement,has_beneficiaries],[drifting_without_limit,no_exit_for_victims,unaccountable_extraction],actors(distributed,distributed),drift(rising,unknown,rising),zone(extreme,high))
food_security_water_coupling	six(shift(tangled_rope,tangled_rope,tangled_rope,tangled_rope),[asymmetric,coordination,enforcement,has_beneficiaries],[drifting_without_limit,no_exit_for_victims,unaccountable_extraction],actors(distributed,distributed),drift(rising,unknown,rising),zone(extreme,extreme))
food_system_externalities	six(shift(tangled_rope,tangled_rope,tangled_rope,tangled_rope),[asymmetric,coordination,enforcement,has_beneficiaries],[drifting_without_limit,no_exit_for_victims,unaccountable_extraction],actors(distributed,distributed),drift(rising,unknown,rising),zone(extreme,extreme))
food_worker_wage_suppression	six(shift(tangled_rope,tangled_rope,tangled_rope,tangled_rope),[asymmetric,coordination,enforcement,has_beneficiaries],[drifting_without_limit,no_exit_for_victims,unaccountable_extraction],actors(distributed,distributed),drift(rising,unknown,rising),zone(extreme,extreme))
force_doctrine_erosion	six(shift(tangled_rope,tangled_rope,tangled_rope,tangled_rope),[asymmetric,coordination,enforcement,has_beneficiaries],[drifting_without_limit,no_exit_for_victims,unaccountable_extraction],actors(distributed,distributed),drift(rising,unknown,rising),zone(extreme,extreme))
formal_verification_completeness_gap	six(shift(tangled_rope,tangled_rope,tangled_rope,tangled_rope),[asymmetric,coordination,enforcement,has_beneficiaries],[drifting_without_limit,no_exit_for_victims,unaccountable_extraction],actors(distributed,distributed),drift(rising,unknown,rising),zone(extreme,extreme))
formalization_translation_rope	six(shift(tangled_rope,tangled_rope,tangled_rope,tangled_rope),[coordination,has_beneficiaries],[],actors(distributed,none),drift(unknown,unknown,unknown),zone(negligible,low))
fossil_fuel_divestment	six(shift(tangled_rope,tangled_rope,tangled_rope,tangled_rope),[asymmetric,coordination,enforcement,has_beneficiaries],[drifting_without_limit,no_exit_for_victims,unaccountable_extraction],actors(distributed,distributed),drift(rising,unknown,rising),zone(extreme,extreme))
fossil_fuel_economic_transition	six(shift(tangled_rope,tangled_rope,tangled_rope,tangled_rope),[asymmetric,coordination,enforcement,has_beneficiaries],[drifting_without_limit,no_exit_for_victims,unaccountable_extraction],actors(distributed,distributed),drift(rising,unknown,rising),zone(extreme,extreme))
fossil_fuel_stranded_assets	six(shift(tangled_rope,tangled_rope,tangled_rope,tangled_rope),[asymmetric,coordination,enforcement,has_beneficiaries],[drifting_without_limit,no_exit_for_victims,unaccountable_extraction],actors(distributed,distributed),drift(rising,unknown,rising),zone(extreme,extreme))
fossil_fuel_subsidy_phase_out	six(shift(tangled_rope,tangled_rope,tangled_rope,tangled_rope),[asymmetric,coordination,enforcement,has_beneficiaries],[drifting_without_limit,no_exit_for_victims,unaccountable_extraction],actors(distributed,distributed),drift(rising,unknown,falling),zone(extreme,extreme))
founder_equity_dilution_dynamics	six(shift(tangled_rope,tangled_rope,tangled_rope,tangled_rope),[asymmetric,coordination,enforcement,has_beneficiaries],[drifting_without_limit,no_exit_for_victims,unaccountable_extraction],actors(distributed,distributed),drift(rising,unknown,rising),zone(extreme,extreme))
foundry_process_node_fragmentation	six(shift(tangled_rope,tangled_rope,rope,snare),[asymmetric,coordination,enforcement,has_beneficiaries],[drifting_without_limit,no_exit_for_victims,unaccountable_extraction],actors(distributed,distributed),drift(rising,unknown,rising),zone(extreme,extreme))
four_color_theorem_topological_bound	six(shift(mountain,mountain,mountain,mountain),[has_temporal_data,natural],[],actors(none,none),drift(stable,unknown,rising),zone(negligible,negligible))
fourier_series_convergence	six(shift(mountain,mountain,mountain,mountain),[has_temporal_data,natural],[],actors(none,none),drift(stable,unknown,stable),zone(negligible,negligible))
fptp_electoral_system	six(shift(tangled_rope,tangled_rope,tangled_rope,tangled_rope),[asymmetric,coordination,enforcement,has_beneficiaries],[drifting_without_limit,no_exit_for_victims,unaccountable_extraction],actors(distributed,distributed),drift(rising,unknown,rising),zone(extreme,extreme))
fractal_dimension_computation	six(shift(mountain,mountain,mountain,mountain),[has_theater,natural],[],actors(none,none),drift(unknown,unknown,unknown),zone(negligible,negligible))
fractal_dimension_measure	six(shift(mountain,mountain,mountain,mountain),[has_temporal_data,natural],[],actors(none,none),drift(stable,unknown,stable),zone(negligible,negligible))
fractal_self_similarity	six(shift(mountain,mountain,mountain,mountain),[has_temporal_data,natural],[],actors(none,none),drift(stable,unknown,stable),zone(negligible,negligible))
fracture_toughness	six(shift(mountain,mountain,mountain,mountain),[has_temporal_data,natural],[],actors(none,none),drift(stable,unknown,stable),zone(negligible,negligible))
fragile_middle_layer_collapse	six(shift(tangled_rope,tangled_rope,tangled_rope,tangled_rope),[asymmetric,coordination,enforcement,has_beneficiaries],[drifting_without_limit,no_exit_for_victims,unaccountable_extraction],actors(distributed,distributed),drift(rising,unknown,rising),zone(extreme,extreme))
fragmentation_as_arbitrage	six(shift(tangled_rope,tangled_rope,rope,tangled_rope),[asymmetric,coordination,enforcement,has_beneficiaries],[drifting_without_limit,no_exit_for_victims,unaccountable_extraction],actors(distributed,distributed),drift(rising,unknown,rising),zone(extreme,high))
france_cordon_sanitaire_2026	six(shift(tangled_rope,tangled_rope,tangled_rope,tangled_rope),[asymmetric,coordination,has_beneficiaries],[unenforced_suppression],actors(distributed,distributed),drift(rising,unknown,rising),zone(low,extreme))
franchisee_corporate_squeeze	six(shift(tangled_rope,tangled_rope,tangled_rope,tangled_rope),[asymmetric,coordination,enforcement,has_beneficiaries],[drifting_without_limit,no_exit_for_victims,unaccountable_extraction],actors(concentrated,distributed),drift(rising,unknown,stable),zone(extreme,extreme))
francophone_education_systems	six(shift(tangled_rope,tangled_rope,tangled_rope,tangled_rope),[asymmetric,coordination,enforcement,has_beneficiaries],[drifting_without_limit,no_exit_for_victims,unaccountable_extraction],actors(distributed,distributed),drift(rising,unknown,rising),zone(extreme,high))
frankenstein_creation_hubris	six(shift(tangled_rope,tangled_rope,rope,snare),[asymmetric,coordination,enforcement,has_beneficiaries],[drifting_without_limit,no_exit_for_victims,unaccountable_extraction],actors(distributed,distributed),drift(rising,unknown,rising),zone(extreme,extreme))
fraser_river_salmon_regulation	six(shift(tangled_rope,tangled_rope,tangled_rope,snare),[asymmetric,coordination,enforcement,has_beneficiaries],[drifting_without_limit,no_exit_for_victims,unaccountable_extraction],actors(distributed,distributed),drift(rising,unknown,rising),zone(extreme,extreme))
french_ag_land_concentration	six(shift(tangled_rope,tangled_rope,tangled_rope,tangled_rope),[asymmetric,coordination,enforcement,has_beneficiaries],[drifting_without_limit,no_exit_for_victims,unaccountable_extraction],actors(distributed,distributed),drift(rising,unknown,rising),zone(extreme,extreme))
french_electoral_bifurcation	six(shift(naturalized,tangled_rope,rope,snare),[asymmetric,coordination,enforcement,has_beneficiaries],[drifting_without_limit,no_exit_for_victims,unaccountable_extraction],actors(distributed,distributed),drift(rising,unknown,rising),zone(extreme,extreme))
french_electoral_legitimacy_crisis	six(shift(tangled_rope,tangled_rope,tangled_rope,tangled_rope),[asymmetric,coordination,enforcement,has_beneficiaries],[drifting_without_limit,no_exit_for_victims,unaccountable_extraction],actors(distributed,distributed),drift(rising,unknown,rising),zone(extreme,extreme))
french_local_elections_march_2026	six(shift(tangled_rope,tangled_rope,tangled_rope,tangled_rope),[asymmetric,coordination,enforcement,has_beneficiaries,sunset],[],actors(distributed,distributed),drift(rising,unknown,rising),zone(low,high))
french_presidential_authority	six(shift(tangled_rope,tangled_rope,rope,tangled_rope),[asymmetric,coordination,enforcement,has_beneficiaries],[drifting_without_limit,no_exit_for_victims,unaccountable_extraction],actors(distributed,distributed),drift(rising,unknown,rising),zone(extreme,high))
freshwater_depletion	six(shift(tangled_rope,snare,snare,snare),[asymmetric,coordination,enforcement,has_beneficiaries],[drifting_without_limit,no_exit_for_victims,unaccountable_extraction],actors(distributed,distributed),drift(rising,unknown,rising),zone(extreme,extreme))
friction_as_intervention_medium	six(shift(tangled_rope,tangled_rope,tangled_rope,tangled_rope),[coordination,has_beneficiaries],[],actors(distributed,none),drift(stable,unknown,stable),zone(negligible,low))
frontier_ai_safety_research_capacity	six(shift(tangled_rope,tangled_rope,tangled_rope,tangled_rope),[asymmetric,coordination,enforcement,has_beneficiaries],[drifting_without_limit,no_exit_for_victims,unaccountable_extraction],actors(distributed,distributed),drift(rising,unknown,rising),zone(extreme,extreme))
full_node_economic_sustainability	six(shift(tangled_rope,tangled_rope,rope,snare),[asymmetric,coordination,enforcement,has_beneficiaries],[drifting_without_limit,no_exit_for_victims,unaccountable_extraction],actors(distributed,distributed),drift(rising,unknown,rising),zone(extreme,extreme))
full_node_resource_burden	six(shift(tangled_rope,tangled_rope,tangled_rope,tangled_rope),[asymmetric,coordination,enforcement,has_beneficiaries],[drifting_without_limit,no_exit_for_victims,unaccountable_extraction],actors(distributed,distributed),drift(rising,unknown,rising),zone(extreme,extreme))
functor_naturality	six(shift(mountain,mountain,mountain,mountain),[has_theater,natural],[],actors(none,none),drift(unknown,unknown,unknown),zone(negligible,negligible))
fundamental_material_limits_nbre	six(shift(mountain,mountain,mountain,mountain),[has_temporal_data,natural],[],actors(none,none),drift(stable,unknown,stable),zone(negligible,negligible))
fundamental_theorem_calculus	six(shift(mountain,mountain,mountain,mountain),[has_temporal_data,natural],[],actors(none,none),drift(stable,unknown,stable),zone(negligible,negligible))
fundamental_theorem_of_algebra	six(shift(mountain,mountain,mountain,mountain),[has_temporal_data,natural],[],actors(none,none),drift(stable,unknown,stable),zone(negligible,negligible))
fundamental_theorem_of_calculus	six(shift(mountain,mountain,mountain,mountain),[has_temporal_data,natural],[],actors(none,none),drift(stable,unknown,stable),zone(negligible,negligible))
funding_allocation_conservatism	six(shift(naturalized,tangled_rope,naturalized,snare),[asymmetric,coordination,enforcement,has_beneficiaries],[drifting_without_limit,no_exit_for_victims,unaccountable_extraction],actors(distributed,distributed),drift(rising,unknown,rising),zone(extreme,extreme))
fungal_shift_grassland_loss	six(shift(tangled_rope,unknown,tangled_rope,tangled_rope),[asymmetric,enforcement,has_victims],[coercion_without_coordination,drifting_without_limit,no_exit_for_victims,unaccountable_extraction,undocumented_coordination],actors(none,distributed),drift(rising,unknown,rising),zone(extreme,extreme))
fused_quartz_5d_archival	six(shift(tangled_rope,tangled_rope,tangled_rope,tangled_rope),[coordination,has_beneficiaries],[],actors(distributed,none),drift(falling,unknown,falling),zone(low,low))
fusion_energy_feasibility	six(shift(tangled_rope,tangled_rope,tangled_rope,tangled_rope),[asymmetric,coordination,enforcement,has_beneficiaries],[drifting_without_limit,no_exit_for_victims,unaccountable_extraction],actors(distributed,distributed),drift(rising,unknown,rising),zone(extreme,high))
future_dsm_integration_2026	six(shift(tangled_rope,tangled_rope,tangled_rope,tangled_rope),[asymmetric,coordination,enforcement,has_beneficiaries],[drifting_without_limit,no_exit_for_victims,unaccountable_extraction],actors(distributed,distributed),drift(rising,unknown,rising),zone(extreme,high))
g7_debt_trap	six(shift(tangled_rope,tangled_rope,tangled_rope,tangled_rope),[asymmetric,coordination,enforcement,has_beneficiaries],[drifting_without_limit,no_exit_for_victims,unaccountable_extraction],actors(distributed,distributed),drift(rising,unknown,rising),zone(extreme,extreme))
gacha_game_mechanics	six(shift(tangled_rope,snare,rope,snare),[asymmetric,coordination,enforcement,has_beneficiaries],[drifting_without_limit,no_exit_for_victims,unaccountable_extraction],actors(distributed,distributed),drift(rising,unknown,rising),zone(extreme,extreme))
gaesa_rentier_consolidation	six(shift(tangled_rope,snare,snare,snare),[asymmetric,coordination,enforcement,has_beneficiaries],[drifting_without_limit,no_exit_for_victims,unaccountable_extraction],actors(distributed,distributed),drift(rising,unknown,rising),zone(extreme,extreme))
gale_shapley	six(shift(tangled_rope,tangled_rope,rope,tangled_rope),[asymmetric,coordination,enforcement,has_beneficiaries],[no_exit_for_victims],actors(distributed,distributed),drift(rising,unknown,rising),zone(low,high))
galois_theory	six(shift(mountain,mountain,mountain,mountain),[has_temporal_data,natural],[],actors(none,none),drift(stable,unknown,stable),zone(negligible,negligible))
galois_theory_symmetry	six(shift(mountain,mountain,mountain,mountain),[has_temporal_data,natural],[],actors(none,none),drift(stable,unknown,rising),zone(negligible,negligible))
gas_giant_formation_core_accretion	six(shift(mountain,mountain,mountain,mountain),[has_temporal_data,natural],[],actors(none,none),drift(stable,unknown,stable),zone(negligible,negligible))
gasoline_tax_insufficiency	six(shift(tangled_rope,tangled_rope,tangled_rope,tangled_rope),[asymmetric,coordination,enforcement,has_beneficiaries],[drifting_without_limit,no_exit_for_victims,unaccountable_extraction],actors(distributed,distributed),drift(rising,unknown,falling),zone(extreme,extreme))
gauge_invariance_principle	six(shift(mountain,mountain,mountain,mountain),[has_temporal_data,natural],[],actors(none,none),drift(stable,unknown,stable),zone(negligible,negligible))
gauss_bonnet_topology	six(shift(mountain,mountain,mountain,mountain),[has_temporal_data,natural],[],actors(none,none),drift(stable,unknown,stable),zone(negligible,negligible))
gaza_aid_permit_revocation	six(shift(tangled_rope,tangled_rope,tangled_rope,tangled_rope),[asymmetric,coordination,enforcement,has_beneficiaries],[drifting_without_limit,no_exit_for_victims,unaccountable_extraction],actors(concentrated,distributed),drift(rising,unknown,rising),zone(extreme,extreme))
gaza_border_control_rafah	six(shift(snare,snare,rope,snare),[asymmetric,coordination,enforcement,has_beneficiaries],[drifting_without_limit,no_exit_for_victims,unaccountable_extraction],actors(distributed,distributed),drift(rising,unknown,rising),zone(extreme,extreme))
gaza_evacuation_route_accessibility	six(shift(tangled_rope,snare,rope,snare),[asymmetric,coordination,enforcement,has_beneficiaries],[drifting_without_limit,no_exit_for_victims,unaccountable_extraction],actors(distributed,distributed),drift(rising,unknown,rising),zone(extreme,extreme))
gaza_humanitarian_access_blockade	six(shift(tangled_rope,tangled_rope,tangled_rope,tangled_rope),[asymmetric,coordination,enforcement,has_beneficiaries],[drifting_without_limit,no_exit_for_victims,unaccountable_extraction],actors(distributed,distributed),drift(rising,unknown,rising),zone(extreme,extreme))
gaza_medical_access_egypt_route	six(shift(snare,snare,rope,snare),[asymmetric,coordination,enforcement,has_beneficiaries],[drifting_without_limit,no_exit_for_victims,unaccountable_extraction],actors(distributed,distributed),drift(rising,unknown,rising),zone(extreme,extreme))
gbff_funding_mechanism	six(shift(naturalized,tangled_rope,rope,snare),[asymmetric,coordination,enforcement,has_beneficiaries],[drifting_without_limit,no_exit_for_victims,unaccountable_extraction],actors(distributed,distributed),drift(rising,unknown,rising),zone(extreme,extreme))
gcc_security_dependency	six(shift(tangled_rope,tangled_rope,tangled_rope,tangled_rope),[asymmetric,coordination,enforcement,has_beneficiaries],[drifting_without_limit,no_exit_for_victims,unaccountable_extraction],actors(distributed,distributed),drift(rising,unknown,rising),zone(extreme,extreme))
gdpr_data_protection_as_competitive_moat	six(shift(tangled_rope,tangled_rope,tangled_rope,tangled_rope),[asymmetric,coordination,enforcement,has_beneficiaries],[drifting_without_limit,no_exit_for_victims,unaccountable_extraction],actors(distributed,distributed),drift(rising,unknown,rising),zone(extreme,extreme))
gdpr_right_to_be_forgotten	six(shift(tangled_rope,tangled_rope,tangled_rope,tangled_rope),[asymmetric,coordination,enforcement,has_beneficiaries],[drifting_without_limit,no_exit_for_victims,unaccountable_extraction],actors(distributed,distributed),drift(rising,unknown,rising),zone(extreme,extreme))
gemini_scientific_advancement	six(shift(tangled_rope,tangled_rope,tangled_rope,tangled_rope),[asymmetric,coordination,enforcement,has_beneficiaries],[drifting_without_limit,no_exit_for_victims,unaccountable_extraction],actors(distributed,distributed),drift(rising,unknown,rising),zone(extreme,high))
genai_mil_platform	six(shift(tangled_rope,tangled_rope,tangled_rope,tangled_rope),[asymmetric,coordination,enforcement,has_beneficiaries],[drifting_without_limit,no_exit_for_victims,unaccountable_extraction],actors(distributed,distributed),drift(rising,unknown,rising),zone(extreme,extreme))
gendered_disclosure_asymmetry	six(shift(tangled_rope,tangled_rope,tangled_rope,tangled_rope),[coordination,has_beneficiaries],[],actors(distributed,none),drift(stable,unknown,rising),zone(negligible,moderate))
gendered_retention_asymmetry	six(shift(tangled_rope,snare,rope,snare),[asymmetric,coordination,enforcement,has_beneficiaries],[drifting_without_limit,no_exit_for_victims,unaccountable_extraction],actors(distributed,distributed),drift(rising,unknown,rising),zone(extreme,extreme))
generational_reproduction_licensing	six(shift(unknown,tangled_rope,tangled_rope,tangled_rope),[asymmetric,enforcement,has_victims],[coercion_without_coordination,drifting_without_limit,no_exit_for_victims,unaccountable_extraction,undocumented_coordination],actors(none,distributed),drift(rising,unknown,rising),zone(extreme,extreme))
generational_wealth_accumulation_asymmetry	six(shift(naturalized,tangled_rope,rope,snare),[asymmetric,coordination,enforcement,has_beneficiaries],[drifting_without_limit,no_exit_for_victims,unaccountable_extraction],actors(distributed,distributed),drift(rising,unknown,rising),zone(extreme,extreme))
generational_wealth_concentration_korea	six(shift(tangled_rope,tangled_rope,tangled_rope,tangled_rope),[asymmetric,coordination,enforcement,has_beneficiaries],[drifting_without_limit,no_exit_for_victims,unaccountable_extraction],actors(distributed,distributed),drift(rising,unknown,rising),zone(extreme,extreme))
generic_drug_market_entry	six(shift(tangled_rope,tangled_rope,tangled_rope,tangled_rope),[asymmetric,coordination,enforcement,has_beneficiaries],[drifting_without_limit,no_exit_for_victims,unaccountable_extraction],actors(distributed,distributed),drift(rising,unknown,rising),zone(extreme,extreme))
generosity_as_bond_mechanism	six(shift(tangled_rope,tangled_rope,tangled_rope,tangled_rope),[coordination,has_beneficiaries],[],actors(distributed,none),drift(stable,unknown,stable),zone(negligible,low))
genetic_algorithms_evolution	six(shift(tangled_rope,tangled_rope,tangled_rope,tangled_rope),[coordination,has_beneficiaries,natural],[],actors(distributed,none),drift(stable,unknown,rising),zone(negligible,low))
genetic_determinism_in_criminal_justice	six(shift(tangled_rope,tangled_rope,rope,snare),[asymmetric,coordination,enforcement,has_beneficiaries],[drifting_without_limit,no_exit_for_victims,unaccountable_extraction],actors(distributed,distributed),drift(rising,unknown,rising),zone(extreme,extreme))
genetic_equity_access_barrier	six(shift(tangled_rope,tangled_rope,tangled_rope,tangled_rope),[asymmetric,coordination,enforcement,has_beneficiaries],[drifting_without_limit,no_exit_for_victims,unaccountable_extraction],actors(distributed,distributed),drift(rising,unknown,rising),zone(extreme,extreme))
genetic_information_storage	six(shift(mountain,mountain,mountain,mountain),[has_temporal_data,natural],[],actors(none,none),drift(stable,unknown,stable),zone(negligible,negligible))
genetic_predisposition	six(shift(naturalized,tangled_rope,naturalized,snare),[asymmetric,coordination,enforcement,has_beneficiaries],[drifting_without_limit,no_exit_for_victims,unaccountable_extraction],actors(distributed,distributed),drift(rising,unknown,rising),zone(extreme,extreme))
genetic_variation_pressure	six(shift(mountain,mountain,mountain,mountain),[has_temporal_data,natural],[],actors(none,none),drift(stable,unknown,stable),zone(negligible,negligible))
genomic_complexity_gap	six(shift(tangled_rope,tangled_rope,naturalized,tangled_rope),[asymmetric,coordination,enforcement,has_beneficiaries],[drifting_without_limit,no_exit_for_victims,unaccountable_extraction],actors(distributed,distributed),drift(rising,unknown,rising),zone(extreme,high))
geographic_healthcare_access_disparity	six(shift(naturalized,tangled_rope,rope,snare),[asymmetric,coordination,enforcement,has_beneficiaries],[drifting_without_limit,no_exit_for_victims,unaccountable_extraction],actors(distributed,distributed),drift(rising,unknown,rising),zone(extreme,extreme))
geophysics_superionic_core	six(shift(mountain,mountain,mountain,mountain),[has_temporal_data,natural],[],actors(none,none),drift(stable,unknown,stable),zone(negligible,negligible))
geopolitical_alliance_fragmentation	six(shift(tangled_rope,tangled_rope,tangled_rope,tangled_rope),[asymmetric,coordination,enforcement,has_beneficiaries],[drifting_without_limit,no_exit_for_victims,unaccountable_extraction],actors(distributed,distributed),drift(rising,unknown,rising),zone(extreme,extreme))
geopolitical_compute_dominance	six(shift(tangled_rope,snare,rope,snare),[asymmetric,coordination,enforcement,has_beneficiaries],[drifting_without_limit,no_exit_for_victims,unaccountable_extraction],actors(distributed,distributed),drift(rising,unknown,rising),zone(extreme,extreme))
geopolitical_insularity_2026	six(shift(tangled_rope,tangled_rope,tangled_rope,tangled_rope),[asymmetric,coordination,enforcement,has_beneficiaries],[drifting_without_limit,no_exit_for_victims,unaccountable_extraction],actors(distributed,distributed),drift(rising,unknown,rising),zone(extreme,extreme))
geopolitical_mineral_dependency	six(shift(tangled_rope,tangled_rope,naturalized,snare),[asymmetric,coordination,enforcement,has_beneficiaries],[drifting_without_limit,no_exit_for_victims,unaccountable_extraction],actors(distributed,distributed),drift(rising,unknown,rising),zone(extreme,extreme))
geopolitical_water_conflict	six(shift(tangled_rope,tangled_rope,tangled_rope,tangled_rope),[asymmetric,coordination,enforcement,has_beneficiaries],[drifting_without_limit,no_exit_for_victims,unaccountable_extraction],actors(distributed,distributed),drift(rising,unknown,rising),zone(extreme,extreme))
geriatric_clinical_guideline_ossification	six(shift(tangled_rope,tangled_rope,tangled_rope,tangled_rope),[asymmetric,coordination,enforcement,has_beneficiaries],[drifting_without_limit,no_exit_for_victims,unaccountable_extraction],actors(distributed,distributed),drift(rising,unknown,rising),zone(extreme,extreme))
german_board_gender_quota	six(shift(tangled_rope,tangled_rope,tangled_rope,tangled_rope),[asymmetric,coordination,enforcement,has_beneficiaries],[no_exit_for_victims],actors(distributed,distributed),drift(rising,unknown,rising),zone(low,high))
german_energy_transition_infrastructure	six(shift(tangled_rope,tangled_rope,tangled_rope,tangled_rope),[asymmetric,coordination,enforcement,has_beneficiaries],[drifting_without_limit,no_exit_for_victims,unaccountable_extraction],actors(distributed,distributed),drift(rising,unknown,rising),zone(extreme,extreme))
german_equal_opportunity_law	six(shift(tangled_rope,tangled_rope,tangled_rope,tangled_rope),[asymmetric,coordination,enforcement,has_beneficiaries],[no_exit_for_victims],actors(distributed,distributed),drift(rising,unknown,rising),zone(low,high))
germanic_honor_code	six(shift(tangled_rope,tangled_rope,tangled_rope,tangled_rope),[asymmetric,coordination,enforcement,has_beneficiaries],[drifting_without_limit,no_exit_for_victims,unaccountable_extraction],actors(distributed,distributed),drift(rising,unknown,rising),zone(extreme,extreme))
germany_tennet_takeover	six(shift(tangled_rope,tangled_rope,tangled_rope,tangled_rope),[asymmetric,coordination,enforcement,has_beneficiaries],[no_exit_for_victims],actors(distributed,distributed),drift(rising,unknown,rising),zone(low,high))
germline_enhancement_dual_use	six(shift(tangled_rope,snare,snare,snare),[asymmetric,coordination,enforcement,has_beneficiaries],[drifting_without_limit,no_exit_for_victims,unaccountable_extraction],actors(distributed,distributed),drift(rising,unknown,rising),zone(extreme,extreme))
germline_regulation_threshold_2026	six(shift(tangled_rope,tangled_rope,tangled_rope,tangled_rope),[asymmetric,coordination,enforcement,has_beneficiaries],[drifting_without_limit,no_exit_for_victims,unaccountable_extraction],actors(distributed,distributed),drift(rising,unknown,rising),zone(extreme,extreme))
gerrymandering_district_design	six(shift(tangled_rope,tangled_rope,tangled_rope,tangled_rope),[asymmetric,coordination,enforcement,has_beneficiaries],[drifting_without_limit,no_exit_for_victims,unaccountable_extraction],actors(distributed,distributed),drift(rising,unknown,rising),zone(extreme,extreme))
gerrymandering_entrenchment	six(shift(tangled_rope,tangled_rope,tangled_rope,tangled_rope),[asymmetric,coordination,enforcement,has_beneficiaries],[drifting_without_limit,no_exit_for_victims,unaccountable_extraction],actors(distributed,distributed),drift(rising,unknown,rising),zone(extreme,extreme))
gig_economy_emergence_as_exit_mechanism	six(shift(tangled_rope,tangled_rope,tangled_rope,tangled_rope),[asymmetric,coordination,enforcement,has_beneficiaries],[drifting_without_limit,no_exit_for_victims,unaccountable_extraction],actors(distributed,distributed),drift(rising,unknown,rising),zone(extreme,high))
gig_economy_labor_precarity	six(shift(tangled_rope,tangled_rope,tangled_rope,tangled_rope),[asymmetric,coordination,enforcement,has_beneficiaries],[drifting_without_limit,no_exit_for_victims,unaccountable_extraction],actors(distributed,distributed),drift(rising,unknown,rising),zone(extreme,extreme))
gig_economy_rating_systems	six(shift(tangled_rope,tangled_rope,rope,snare),[asymmetric,coordination,enforcement,has_beneficiaries],[drifting_without_limit,no_exit_for_victims,unaccountable_extraction],actors(distributed,distributed),drift(rising,unknown,rising),zone(extreme,extreme))
gig_economy_worker_protections	six(shift(tangled_rope,tangled_rope,tangled_rope,tangled_rope),[asymmetric,coordination,enforcement,has_beneficiaries],[drifting_without_limit,no_exit_for_victims,unaccountable_extraction],actors(distributed,distributed),drift(rising,unknown,rising),zone(extreme,extreme))
gilgamesh_mortality_limit	six(shift(mountain,mountain,mountain,mountain),[has_temporal_data,natural],[],actors(none,none),drift(stable,unknown,rising),zone(negligible,negligible))
gita_kurukshetra	six(shift(tangled_rope,tangled_rope,tangled_rope,tangled_rope),[asymmetric,coordination,enforcement,has_beneficiaries],[drifting_without_limit,no_exit_for_victims,unaccountable_extraction],actors(distributed,distributed),drift(rising,unknown,rising),zone(extreme,extreme))
global_ai_talent_mobility	six(shift(tangled_rope,tangled_rope,naturalized,tangled_rope),[asymmetric,coordination,enforcement,has_beneficiaries],[drifting_without_limit,no_exit_for_victims,unaccountable_extraction],actors(distributed,distributed),drift(rising,unknown,rising),zone(extreme,high))
global_ai_training_cost_index	six(shift(tangled_rope,tangled_rope,tangled_rope,tangled_rope),[asymmetric,coordination,enforcement,has_beneficiaries],[drifting_without_limit,no_exit_for_victims,unaccountable_extraction],actors(distributed,distributed),drift(rising,unknown,rising),zone(extreme,extreme))
global_ai_training_data_asymmetry	six(shift(tangled_rope,tangled_rope,tangled_rope,tangled_rope),[asymmetric,coordination,enforcement,has_beneficiaries],[drifting_without_limit,no_exit_for_victims,unaccountable_extraction],actors(distributed,distributed),drift(rising,unknown,rising),zone(extreme,extreme))
global_carbon_pricing_harmonization	six(shift(tangled_rope,tangled_rope,tangled_rope,tangled_rope),[asymmetric,coordination,enforcement,has_beneficiaries],[drifting_without_limit,no_exit_for_victims,unaccountable_extraction],actors(distributed,distributed),drift(rising,unknown,rising),zone(extreme,extreme))
global_commodity_supply_chain_asymmetry	six(shift(tangled_rope,tangled_rope,tangled_rope,tangled_rope),[asymmetric,coordination,enforcement,has_beneficiaries],[drifting_without_limit,no_exit_for_victims,unaccountable_extraction],actors(distributed,distributed),drift(rising,unknown,rising),zone(extreme,extreme))
global_dedollarization	six(shift(tangled_rope,tangled_rope,tangled_rope,tangled_rope),[asymmetric,coordination,enforcement,has_beneficiaries],[drifting_without_limit,no_exit_for_victims,unaccountable_extraction],actors(distributed,distributed),drift(rising,unknown,rising),zone(extreme,extreme))
global_disinformation_infrastructure	six(shift(tangled_rope,snare,rope,snare),[asymmetric,coordination,enforcement,has_beneficiaries],[drifting_without_limit,no_exit_for_victims,unaccountable_extraction],actors(distributed,distributed),drift(rising,unknown,rising),zone(extreme,extreme))
global_economic_anxiety_2026	six(shift(tangled_rope,tangled_rope,tangled_rope,tangled_rope),[asymmetric,coordination,enforcement,has_beneficiaries],[drifting_without_limit,no_exit_for_victims,unaccountable_extraction],actors(distributed,distributed),drift(rising,unknown,rising),zone(extreme,extreme))
global_food_market_fragility	six(shift(tangled_rope,tangled_rope,tangled_rope,tangled_rope),[asymmetric,coordination,enforcement,has_beneficiaries],[drifting_without_limit,no_exit_for_victims,unaccountable_extraction],actors(distributed,distributed),drift(rising,unknown,rising),zone(extreme,extreme))
global_hoarding_scaling_laws	six(shift(tangled_rope,tangled_rope,tangled_rope,tangled_rope),[asymmetric,coordination,enforcement,has_beneficiaries],[drifting_without_limit,no_exit_for_victims,unaccountable_extraction],actors(distributed,distributed),drift(rising,unknown,rising),zone(extreme,extreme))
global_human_rights_enforcement_credibility	six(shift(tangled_rope,tangled_rope,tangled_rope,tangled_rope),[asymmetric,coordination,enforcement,has_beneficiaries],[drifting_without_limit,no_exit_for_victims,unaccountable_extraction],actors(distributed,distributed),drift(rising,unknown,rising),zone(extreme,extreme))
global_maritime_logistics_dependency	six(shift(naturalized,tangled_rope,rope,snare),[asymmetric,coordination,enforcement,has_beneficiaries],[drifting_without_limit,no_exit_for_victims,unaccountable_extraction],actors(distributed,distributed),drift(rising,unknown,rising),zone(extreme,extreme))
global_oil_supply_stability	six(shift(tangled_rope,tangled_rope,tangled_rope,tangled_rope),[asymmetric,coordination,enforcement,has_beneficiaries],[drifting_without_limit,no_exit_for_victims,unaccountable_extraction],actors(distributed,distributed),drift(rising,unknown,rising),zone(extreme,extreme))
global_pandemic_surveillance_networks	six(shift(tangled_rope,tangled_rope,tangled_rope,tangled_rope),[asymmetric,coordination,enforcement,has_beneficiaries],[drifting_without_limit,no_exit_for_victims,unaccountable_extraction],actors(distributed,distributed),drift(rising,unknown,rising),zone(extreme,extreme))
global_protocol_entrenchment	six(shift(tangled_rope,tangled_rope,tangled_rope,tangled_rope),[asymmetric,coordination,enforcement,has_beneficiaries],[drifting_without_limit,no_exit_for_victims,unaccountable_extraction],actors(concentrated,distributed),drift(rising,unknown,rising),zone(extreme,extreme))
global_south_adaptation_financing	six(shift(tangled_rope,tangled_rope,tangled_rope,tangled_rope),[asymmetric,coordination,enforcement,has_beneficiaries],[drifting_without_limit,no_exit_for_victims,unaccountable_extraction],actors(distributed,distributed),drift(rising,unknown,rising),zone(extreme,extreme))
global_south_coalitional_power	six(shift(tangled_rope,tangled_rope,rope,snare),[asymmetric,coordination,enforcement,has_beneficiaries],[drifting_without_limit,no_exit_for_victims,unaccountable_extraction],actors(distributed,distributed),drift(rising,unknown,rising),zone(extreme,extreme))
global_south_knowledge_access	six(shift(tangled_rope,tangled_rope,tangled_rope,tangled_rope),[asymmetric,coordination,enforcement,has_beneficiaries],[drifting_without_limit,no_exit_for_victims,unaccountable_extraction],actors(distributed,distributed),drift(rising,unknown,rising),zone(extreme,extreme))
global_stimulus_spree	six(shift(naturalized,tangled_rope,tangled_rope,snare),[asymmetric,coordination,enforcement,has_beneficiaries],[drifting_without_limit,no_exit_for_victims,unaccountable_extraction],actors(distributed,distributed),drift(rising,unknown,rising),zone(extreme,extreme))
global_strategic_stability_index	six(shift(tangled_rope,tangled_rope,tangled_rope,tangled_rope),[asymmetric,coordination,enforcement,has_beneficiaries],[drifting_without_limit,no_exit_for_victims,unaccountable_extraction],actors(distributed,distributed),drift(rising,unknown,rising),zone(extreme,extreme))
global_supply_chain_restructuring_2020s	six(shift(tangled_rope,tangled_rope,tangled_rope,tangled_rope),[asymmetric,coordination,enforcement,has_beneficiaries],[drifting_without_limit,no_exit_for_victims,unaccountable_extraction],actors(distributed,distributed),drift(rising,unknown,rising),zone(extreme,extreme))
global_ubi_movement_rhetoric	six(shift(tangled_rope,tangled_rope,rope,tangled_rope),[asymmetric,coordination,enforcement,has_beneficiaries],[drifting_without_limit,no_exit_for_victims,unaccountable_extraction],actors(distributed,distributed),drift(rising,unknown,rising),zone(extreme,high))
global_water_bankruptcy	six(shift(tangled_rope,tangled_rope,tangled_rope,tangled_rope),[asymmetric,coordination,enforcement,has_beneficiaries],[drifting_without_limit,no_exit_for_victims,unaccountable_extraction],actors(distributed,distributed),drift(rising,unknown,rising),zone(extreme,extreme))
glp1_payload_efficiency_pivot	six(shift(tangled_rope,tangled_rope,tangled_rope,tangled_rope),[asymmetric,coordination,enforcement,has_beneficiaries],[no_exit_for_victims],actors(distributed,distributed),drift(rising,unknown,rising),zone(low,high))
goal_boundary_poisoning	six(shift(tangled_rope,tangled_rope,tangled_rope,tangled_rope),[asymmetric,coordination,enforcement,has_beneficiaries],[drifting_without_limit,no_exit_for_victims,unaccountable_extraction],actors(distributed,distributed),drift(rising,unknown,rising),zone(extreme,extreme))
godel_incompleteness	six(shift(mountain,mountain,mountain,mountain),[has_temporal_data,natural],[],actors(none,none),drift(stable,unknown,stable),zone(negligible,negligible))
godel_incompleteness_first	six(shift(mountain,mountain,mountain,mountain),[has_temporal_data,natural],[],actors(none,none),drift(stable,unknown,stable),zone(negligible,negligible))
godel_incompleteness_first_order	six(shift(mountain,mountain,mountain,mountain),[has_temporal_data,natural],[],actors(none,none),drift(stable,unknown,stable),zone(negligible,negligible))
godel_incompleteness_first_theorem	six(shift(mountain,mountain,mountain,mountain),[has_temporal_data,natural],[],actors(none,none),drift(stable,unknown,stable),zone(negligible,negligible))
godel_incompleteness_foundational_limit	six(shift(mountain,mountain,mountain,mountain),[has_temporal_data,natural],[],actors(none,none),drift(stable,unknown,stable),zone(negligible,negligible))
godel_incompleteness_second	six(shift(mountain,mountain,mountain,mountain),[has_temporal_data,natural],[],actors(none,none),drift(stable,unknown,stable),zone(negligible,negligible))
godel_incompleteness_theorem	six(shift(mountain,mountain,mountain,mountain),[has_temporal_data,natural],[],actors(none,none),drift(stable,unknown,stable),zone(negligible,negligible))
godel_incompleteness_theorems	six(shift(mountain,mountain,mountain,mountain),[has_theater,natural],[],actors(none,none),drift(unknown,unknown,unknown),zone(negligible,negligible))
godels_incompleteness	six(shift(mountain,mountain,mountain,mountain),[has_temporal_data,natural],[],actors(none,none),drift(stable,unknown,stable),zone(negligible,negligible))
godels_incompleteness_theorems	six(shift(mountain,mountain,mountain,mountain),[has_theater,natural],[],actors(none,none),drift(unknown,unknown,unknown),zone(negligible,negligible))
goedel_incompleteness_first_order	six(shift(mountain,mountain,mountain,mountain),[has_temporal_data,natural],[],actors(none,none),drift(stable,unknown,stable),zone(negligible,negligible))
gold_fomo_cycle	six(shift(naturalized,tangled_rope,rope,snare),[asymmetric,coordination,enforcement,has_beneficiaries],[drifting_without_limit,no_exit_for_victims,unaccountable_extraction],actors(distributed,distributed),drift(rising,unknown,rising),zone(extreme,extreme))
gold_piton_2026	six(shift(tangled_rope,tangled_rope,tangled_rope,tangled_rope),[coordination,has_beneficiaries],[],actors(distributed,none),drift(rising,unknown,rising),zone(negligible,moderate))
goldbach_conjecture	six(shift(mountain,mountain,mountain,mountain),[has_temporal_data,natural],[],actors(none,none),drift(stable,unknown,stable),zone(negligible,negligible))
golden_handcuffs	six(shift(tangled_rope,tangled_rope,tangled_rope,tangled_rope),[asymmetric,coordination,enforcement,has_beneficiaries],[drifting_without_limit,no_exit_for_victims,unaccountable_extraction],actors(distributed,distributed),drift(rising,unknown,rising),zone(extreme,high))
goodhart_law_metric_erosion	six(shift(tangled_rope,tangled_rope,naturalized,snare),[asymmetric,coordination,enforcement,has_beneficiaries],[drifting_without_limit,no_exit_for_victims,unaccountable_extraction],actors(distributed,distributed),drift(rising,unknown,rising),zone(extreme,extreme))
goodhart_metric_collapse	six(shift(tangled_rope,tangled_rope,tangled_rope,tangled_rope),[asymmetric,coordination,enforcement,has_beneficiaries],[drifting_without_limit,no_exit_for_victims,unaccountable_extraction],actors(distributed,distributed),drift(rising,unknown,rising),zone(extreme,extreme))
goodhart_metric_substitution	six(shift(tangled_rope,tangled_rope,tangled_rope,tangled_rope),[asymmetric,coordination,enforcement,has_beneficiaries],[drifting_without_limit,no_exit_for_victims,unaccountable_extraction],actors(distributed,distributed),drift(rising,unknown,rising),zone(extreme,extreme))
goodharts_law	six(shift(tangled_rope,tangled_rope,naturalized,snare),[asymmetric,coordination,enforcement,has_beneficiaries],[drifting_without_limit,no_exit_for_victims,unaccountable_extraction],actors(distributed,distributed),drift(rising,unknown,rising),zone(extreme,extreme))
goodharts_law_institutional_metrics	six(shift(tangled_rope,tangled_rope,tangled_rope,tangled_rope),[asymmetric,coordination,enforcement,has_beneficiaries],[drifting_without_limit,no_exit_for_victims,unaccountable_extraction],actors(distributed,distributed),drift(rising,unknown,rising),zone(extreme,extreme))
goodharts_law_metric_divergence	six(shift(tangled_rope,tangled_rope,tangled_rope,tangled_rope),[asymmetric,coordination,enforcement,has_beneficiaries],[drifting_without_limit,no_exit_for_victims,unaccountable_extraction],actors(distributed,distributed),drift(rising,unknown,rising),zone(extreme,extreme))
goodharts_law_metric_targeting	six(shift(tangled_rope,tangled_rope,tangled_rope,tangled_rope),[asymmetric,coordination,enforcement,has_beneficiaries],[drifting_without_limit,no_exit_for_victims,unaccountable_extraction],actors(distributed,distributed),drift(rising,unknown,rising),zone(extreme,extreme))
google_ai_search_overview	six(shift(tangled_rope,tangled_rope,tangled_rope,tangled_rope),[asymmetric,coordination,enforcement,has_beneficiaries],[drifting_without_limit,no_exit_for_victims,unaccountable_extraction],actors(distributed,distributed),drift(rising,unknown,rising),zone(extreme,extreme))
google_universal_commerce_protocol	six(shift(tangled_rope,tangled_rope,tangled_rope,tangled_rope),[asymmetric,coordination,enforcement,has_beneficiaries],[drifting_without_limit,no_exit_for_victims,unaccountable_extraction],actors(distributed,distributed),drift(rising,unknown,rising),zone(extreme,high))
governance_latency_gap	six(shift(tangled_rope,tangled_rope,tangled_rope,tangled_rope),[asymmetric,coordination,enforcement,has_beneficiaries],[drifting_without_limit,no_exit_for_victims,unaccountable_extraction],actors(distributed,distributed),drift(rising,unknown,rising),zone(extreme,extreme))
governance_latency_tradeoff	six(shift(tangled_rope,tangled_rope,tangled_rope,tangled_rope),[asymmetric,coordination,enforcement,has_beneficiaries],[drifting_without_limit,no_exit_for_victims,unaccountable_extraction],actors(distributed,distributed),drift(rising,unknown,rising),zone(extreme,high))
governance_overfitting	six(shift(tangled_rope,tangled_rope,tangled_rope,tangled_rope),[asymmetric,coordination,enforcement,has_beneficiaries],[drifting_without_limit,no_exit_for_victims,unaccountable_extraction],actors(distributed,distributed),drift(rising,unknown,rising),zone(extreme,extreme))
gp_fee_structure_asymmetry	six(shift(tangled_rope,tangled_rope,tangled_rope,tangled_rope),[asymmetric,coordination,enforcement,has_beneficiaries],[drifting_without_limit,no_exit_for_victims,unaccountable_extraction],actors(distributed,distributed),drift(rising,unknown,rising),zone(extreme,extreme))
gpt5_codex_dev_cycle	six(shift(tangled_rope,tangled_rope,tangled_rope,tangled_rope),[asymmetric,coordination,enforcement,has_beneficiaries],[drifting_without_limit,no_exit_for_victims,unaccountable_extraction],actors(distributed,distributed),drift(rising,unknown,rising),zone(extreme,extreme))
gpt_store_marketplace	six(shift(tangled_rope,tangled_rope,rope,snare),[asymmetric,coordination,enforcement,has_beneficiaries],[drifting_without_limit,no_exit_for_victims,unaccountable_extraction],actors(distributed,distributed),drift(rising,unknown,rising),zone(extreme,extreme))
gpu_algorithm_optimization	six(shift(tangled_rope,tangled_rope,naturalized,tangled_rope),[asymmetric,coordination,enforcement,has_beneficiaries],[drifting_without_limit,no_exit_for_victims,unaccountable_extraction],actors(distributed,distributed),drift(rising,unknown,rising),zone(extreme,high))
gpu_compute_standardization	six(shift(tangled_rope,tangled_rope,naturalized,tangled_rope),[asymmetric,coordination,enforcement,has_beneficiaries],[drifting_without_limit,no_exit_for_victims,unaccountable_extraction],actors(distributed,distributed),drift(rising,unknown,rising),zone(extreme,high))
gpu_semiconductor_supply	six(shift(tangled_rope,tangled_rope,tangled_rope,tangled_rope),[asymmetric,coordination,enforcement,has_beneficiaries],[drifting_without_limit,no_exit_for_victims,unaccountable_extraction],actors(distributed,distributed),drift(rising,unknown,rising),zone(extreme,extreme))
graduate_training_monoculture	six(shift(tangled_rope,tangled_rope,tangled_rope,tangled_rope),[asymmetric,coordination,enforcement,has_beneficiaries],[drifting_without_limit,no_exit_for_victims,unaccountable_extraction],actors(distributed,distributed),drift(rising,unknown,rising),zone(extreme,extreme))
gravitational_lensing_cosmic_dawn	six(shift(mountain,mountain,mountain,mountain),[has_temporal_data,natural],[],actors(none,none),drift(stable,unknown,stable),zone(negligible,negligible))
gravitational_wave_background_stochasticity	six(shift(tangled_rope,tangled_rope,tangled_rope,tangled_rope),[asymmetric,coordination,enforcement,has_beneficiaries],[no_exit_for_victims],actors(distributed,distributed),drift(rising,unknown,rising),zone(low,high))
gravitational_wave_electromagnetic_follow_up	six(shift(tangled_rope,tangled_rope,rope,tangled_rope),[asymmetric,coordination,enforcement,has_beneficiaries],[drifting_without_limit,no_exit_for_victims,unaccountable_extraction],actors(distributed,distributed),drift(rising,unknown,rising),zone(extreme,high))
gravitational_wave_source_localization	six(shift(unknown,unknown,tangled_rope,unknown),[asymmetric,coordination,enforcement,has_beneficiaries],[no_exit_for_victims],actors(distributed,distributed),drift(rising,unknown,rising),zone(low,moderate))
great_mongolian_road_economic_dependency	six(shift(tangled_rope,tangled_rope,tangled_rope,tangled_rope),[asymmetric,coordination,enforcement,has_beneficiaries],[drifting_without_limit,no_exit_for_victims,unaccountable_extraction],actors(distributed,distributed),drift(rising,unknown,rising),zone(extreme,extreme))
greek_gender_norms	six(shift(tangled_rope,tangled_rope,tangled_rope,tangled_rope),[asymmetric,coordination,enforcement,has_beneficiaries],[drifting_without_limit,no_exit_for_victims,unaccountable_extraction],actors(distributed,distributed),drift(rising,unknown,rising),zone(extreme,extreme))
greek_orthodox_minority_rights_turkey	six(shift(tangled_rope,tangled_rope,tangled_rope,tangled_rope),[asymmetric,coordination,enforcement,has_beneficiaries],[drifting_without_limit,no_exit_for_victims,unaccountable_extraction],actors(distributed,distributed),drift(rising,unknown,rising),zone(extreme,extreme))
green_energy_material_bottleneck	six(shift(naturalized,tangled_rope,rope,snare),[asymmetric,coordination,enforcement,has_beneficiaries],[drifting_without_limit,no_exit_for_victims,unaccountable_extraction],actors(distributed,distributed),drift(rising,unknown,rising),zone(extreme,extreme))
green_steel_technology_adoption	six(shift(tangled_rope,tangled_rope,tangled_rope,tangled_rope),[asymmetric,coordination,enforcement,has_beneficiaries],[drifting_without_limit,no_exit_for_victims,unaccountable_extraction],actors(distributed,distributed),drift(rising,unknown,rising),zone(extreme,extreme))
green_technology_rent_seeking	six(shift(tangled_rope,tangled_rope,rope,tangled_rope),[asymmetric,coordination,enforcement,has_beneficiaries],[drifting_without_limit,no_exit_for_victims,unaccountable_extraction],actors(distributed,distributed),drift(rising,unknown,rising),zone(extreme,high))
greenland_defence_pact_2026	six(shift(tangled_rope,tangled_rope,tangled_rope,tangled_rope),[asymmetric,coordination,enforcement,has_beneficiaries],[drifting_without_limit,no_exit_for_victims,unaccountable_extraction],actors(distributed,distributed),drift(rising,unknown,rising),zone(extreme,extreme))
greenland_seizure_trade_war	six(shift(tangled_rope,tangled_rope,tangled_rope,tangled_rope),[asymmetric,coordination,enforcement,has_beneficiaries],[drifting_without_limit,no_exit_for_victims,unaccountable_extraction],actors(concentrated,distributed),drift(rising,unknown,rising),zone(extreme,extreme))
greenlandic_autonomy	six(shift(tangled_rope,tangled_rope,naturalized,tangled_rope),[asymmetric,coordination,enforcement,has_beneficiaries],[drifting_without_limit,no_exit_for_victims,unaccountable_extraction],actors(distributed,distributed),drift(rising,unknown,falling),zone(extreme,high))
greshams_law	six(shift(tangled_rope,tangled_rope,tangled_rope,tangled_rope),[asymmetric,coordination,enforcement,has_beneficiaries],[no_exit_for_victims],actors(distributed,distributed),drift(falling,unknown,rising),zone(low,high))
grete_samsa_transition	six(shift(tangled_rope,tangled_rope,rope,snare),[asymmetric,coordination,enforcement,has_beneficiaries],[drifting_without_limit,no_exit_for_victims,unaccountable_extraction],actors(concentrated,distributed),drift(rising,unknown,rising),zone(extreme,extreme))
grid_reserve_margin_collapse	six(shift(tangled_rope,tangled_rope,tangled_rope,tangled_rope),[asymmetric,coordination,enforcement,has_beneficiaries],[drifting_without_limit,no_exit_for_victims,unaccountable_extraction],actors(distributed,distributed),drift(rising,unknown,rising),zone(extreme,extreme))
grief_coordination_mechanism	six(shift(unknown,tangled_rope,rope,tangled_rope),[asymmetric,coordination,enforcement,has_beneficiaries],[no_exit_for_victims],actors(distributed,distributed),drift(rising,unknown,rising),zone(low,high))
grievance_stack_overflow	six(shift(tangled_rope,tangled_rope,tangled_rope,tangled_rope),[asymmetric,coordination,enforcement,has_beneficiaries],[drifting_without_limit,no_exit_for_victims,unaccountable_extraction],actors(distributed,distributed),drift(rising,unknown,rising),zone(extreme,extreme))
ground_based_astronomy_interference	six(shift(tangled_rope,tangled_rope,tangled_rope,tangled_rope),[asymmetric,coordination,enforcement,has_beneficiaries],[drifting_without_limit,no_exit_for_victims,unaccountable_extraction],actors(distributed,distributed),drift(rising,unknown,rising),zone(extreme,extreme))
groundwater_depletion	six(shift(tangled_rope,tangled_rope,tangled_rope,tangled_rope),[asymmetric,coordination,enforcement,has_beneficiaries],[drifting_without_limit,no_exit_for_victims,unaccountable_extraction],actors(distributed,distributed),drift(rising,unknown,rising),zone(extreme,extreme))
group_homomorphism_structure	six(shift(mountain,mountain,mountain,mountain),[has_theater,natural],[],actors(none,none),drift(unknown,unknown,unknown),zone(negligible,negligible))
gs1_gln_identification	six(shift(tangled_rope,tangled_rope,tangled_rope,tangled_rope),[asymmetric,coordination,enforcement,has_beneficiaries],[no_exit_for_victims],actors(distributed,distributed),drift(rising,unknown,rising),zone(low,high))
guano_wealth_extraction	six(shift(tangled_rope,tangled_rope,tangled_rope,tangled_rope),[asymmetric,coordination,enforcement,has_beneficiaries],[drifting_without_limit,no_exit_for_victims,unaccountable_extraction],actors(concentrated,distributed),drift(rising,unknown,rising),zone(extreme,extreme))
guilt_activation_social_control	six(shift(tangled_rope,tangled_rope,tangled_rope,tangled_rope),[asymmetric,coordination,enforcement,has_beneficiaries],[drifting_without_limit,no_exit_for_victims,unaccountable_extraction],actors(concentrated,concentrated),drift(rising,unknown,rising),zone(extreme,extreme))
guilt_based_compliance	six(shift(tangled_rope,tangled_rope,tangled_rope,tangled_rope),[asymmetric,coordination,enforcement,has_beneficiaries],[drifting_without_limit,no_exit_for_victims,unaccountable_extraction],actors(distributed,distributed),drift(rising,unknown,rising),zone(extreme,extreme))
guinea_worm_eradication	six(shift(rope,rope,rope,rope),[coordination,has_beneficiaries],[],actors(distributed,none),drift(falling,unknown,rising),zone(negligible,low))
gulf_arab_monarchies_us_alignment	six(shift(tangled_rope,tangled_rope,tangled_rope,tangled_rope),[asymmetric,coordination,enforcement,has_beneficiaries],[drifting_without_limit,no_exit_for_victims,unaccountable_extraction],actors(distributed,distributed),drift(rising,unknown,rising),zone(extreme,extreme))
gulf_water_scarcity	six(shift(tangled_rope,tangled_rope,tangled_rope,tangled_rope),[asymmetric,coordination,enforcement,has_beneficiaries],[drifting_without_limit,no_exit_for_victims,unaccountable_extraction],actors(distributed,distributed),drift(rising,unknown,rising),zone(extreme,extreme))
hagia_sophia_status	six(shift(tangled_rope,tangled_rope,tangled_rope,tangled_rope),[asymmetric,coordination,enforcement,has_beneficiaries],[drifting_without_limit,no_exit_for_victims,unaccountable_extraction],actors(distributed,distributed),drift(rising,unknown,falling),zone(extreme,extreme))
hairy_ball_theorem	six(shift(mountain,mountain,mountain,mountain),[has_theater,natural],[],actors(none,none),drift(unknown,unknown,unknown),zone(negligible,negligible))
halting_problem	six(shift(mountain,mountain,mountain,mountain),[has_temporal_data,natural],[],actors(none,none),drift(stable,unknown,stable),zone(negligible,negligible))
halting_problem_decidability	six(shift(mountain,mountain,mountain,mountain),[has_temporal_data,natural],[],actors(none,none),drift(stable,unknown,stable),zone(negligible,negligible))
halting_problem_incomputability	six(shift(mountain,mountain,mountain,mountain),[has_temporal_data,natural],[],actors(none,none),drift(stable,unknown,stable),zone(negligible,negligible))
halting_problem_undecidability	six(shift(mountain,mountain,mountain,mountain),[has_temporal_data,natural],[],actors(none,none),drift(stable,unknown,stable),zone(negligible,negligible))
hamiltonian_path_complexity	six(shift(mountain,mountain,mountain,mountain),[has_temporal_data,natural],[],actors(none,none),drift(stable,unknown,rising),zone(negligible,negligible))
hanlons_razor	six(shift(tangled_rope,tangled_rope,tangled_rope,tangled_rope),[asymmetric,coordination,enforcement,has_beneficiaries],[drifting_without_limit,no_exit_for_victims,unaccountable_extraction],actors(distributed,distributed),drift(rising,unknown,rising),zone(extreme,extreme))
happiness_of_others	six(shift(tangled_rope,tangled_rope,tangled_rope,tangled_rope),[asymmetric,coordination,enforcement,has_beneficiaries],[drifting_without_limit,no_exit_for_victims,unaccountable_extraction],actors(distributed,distributed),drift(falling,unknown,rising),zone(extreme,extreme))
harassment_affordance_architecture	six(shift(tangled_rope,tangled_rope,tangled_rope,tangled_rope),[coordination,has_beneficiaries],[],actors(distributed,none),drift(rising,unknown,rising),zone(negligible,low))
hardware_before_software_inversion	six(shift(tangled_rope,tangled_rope,rope,snare),[asymmetric,coordination,enforcement,has_beneficiaries],[drifting_without_limit,no_exit_for_victims,unaccountable_extraction],actors(distributed,distributed),drift(rising,unknown,rising),zone(extreme,extreme))
hardware_software_inversion	six(shift(tangled_rope,snare,naturalized,snare),[asymmetric,coordination,enforcement,has_beneficiaries],[drifting_without_limit,no_exit_for_victims,unaccountable_extraction],actors(distributed,distributed),drift(rising,unknown,rising),zone(extreme,extreme))
harlequin_historical_line_discontinuation	six(shift(tangled_rope,tangled_rope,tangled_rope,tangled_rope),[asymmetric,coordination,enforcement,has_beneficiaries],[drifting_without_limit,no_exit_for_victims,unaccountable_extraction],actors(distributed,distributed),drift(rising,unknown,rising),zone(extreme,extreme))
harry_potter_liberalism	six(shift(tangled_rope,tangled_rope,tangled_rope,tangled_rope),[asymmetric,coordination,enforcement,has_beneficiaries],[drifting_without_limit,no_exit_for_victims,unaccountable_extraction],actors(distributed,distributed),drift(rising,unknown,rising),zone(extreme,high))
hasbro_licensing_restriction	six(shift(tangled_rope,tangled_rope,rope,tangled_rope),[asymmetric,coordination,enforcement,has_beneficiaries],[drifting_without_limit,no_exit_for_victims,unaccountable_extraction],actors(concentrated,distributed),drift(rising,unknown,rising),zone(extreme,high))
hash_collision_resistance	six(shift(mountain,mountain,mountain,mountain),[has_temporal_data,natural],[],actors(none,none),drift(stable,unknown,stable),zone(negligible,negligible))
hawthorne_effect	six(shift(tangled_rope,tangled_rope,tangled_rope,tangled_rope),[asymmetric,coordination,enforcement,has_beneficiaries],[no_exit_for_victims],actors(distributed,distributed),drift(rising,unknown,rising),zone(low,high))
hd101584_stellar_evolution	six(shift(mountain,mountain,mountain,mountain),[has_temporal_data,natural],[],actors(none,none),drift(stable,unknown,stable),zone(negligible,negligible))
health_disparities_measurement	six(shift(tangled_rope,tangled_rope,naturalized,tangled_rope),[asymmetric,coordination,enforcement,has_beneficiaries],[drifting_without_limit,no_exit_for_victims,unaccountable_extraction],actors(distributed,distributed),drift(rising,unknown,rising),zone(extreme,high))
health_surveillance_infrastructure	six(shift(tangled_rope,tangled_rope,tangled_rope,tangled_rope),[asymmetric,coordination,enforcement,has_beneficiaries],[drifting_without_limit,no_exit_for_victims,unaccountable_extraction],actors(distributed,distributed),drift(rising,unknown,rising),zone(extreme,extreme))
healthcare_access_policy	six(shift(tangled_rope,tangled_rope,tangled_rope,tangled_rope),[asymmetric,coordination,enforcement,has_beneficiaries],[drifting_without_limit,no_exit_for_victims,unaccountable_extraction],actors(distributed,distributed),drift(rising,unknown,rising),zone(extreme,extreme))
healthcare_cost_inflation	six(shift(tangled_rope,tangled_rope,tangled_rope,tangled_rope),[asymmetric,coordination,enforcement,has_beneficiaries],[drifting_without_limit,no_exit_for_victims,unaccountable_extraction],actors(distributed,distributed),drift(rising,unknown,rising),zone(extreme,extreme))
healthcare_equity_access_disparity	six(shift(naturalized,tangled_rope,rope,snare),[asymmetric,coordination,enforcement,has_beneficiaries],[drifting_without_limit,no_exit_for_victims,unaccountable_extraction],actors(distributed,distributed),drift(rising,unknown,rising),zone(extreme,extreme))
healthcare_financing_rationing	six(shift(tangled_rope,tangled_rope,tangled_rope,tangled_rope),[asymmetric,coordination,enforcement,has_beneficiaries],[drifting_without_limit,no_exit_for_victims,unaccountable_extraction],actors(distributed,distributed),drift(rising,unknown,rising),zone(extreme,extreme))
healthcare_incentive_misalignment	six(shift(tangled_rope,tangled_rope,tangled_rope,tangled_rope),[asymmetric,coordination,enforcement,has_beneficiaries],[drifting_without_limit,no_exit_for_victims,unaccountable_extraction],actors(distributed,distributed),drift(rising,unknown,rising),zone(extreme,extreme))
heat_death_universe	six(shift(mountain,mountain,mountain,mountain),[has_temporal_data,natural],[],actors(none,none),drift(stable,unknown,stable),zone(negligible,negligible))
hedonic_product_manipulation	six(shift(tangled_rope,tangled_rope,tangled_rope,tangled_rope),[asymmetric,coordination,enforcement,has_beneficiaries],[drifting_without_limit,no_exit_for_victims,unaccountable_extraction],actors(distributed,distributed),drift(rising,unknown,rising),zone(extreme,extreme))
hegemonic_entropy_2026	six(shift(tangled_rope,tangled_rope,tangled_rope,tangled_rope),[asymmetric,coordination,enforcement,has_beneficiaries],[drifting_without_limit,no_exit_for_victims,unaccountable_extraction],actors(distributed,distributed),drift(rising,unknown,rising),zone(extreme,extreme))
heine_borel_theorem	six(shift(mountain,mountain,mountain,mountain),[has_temporal_data,natural],[],actors(none,none),drift(stable,unknown,rising),zone(negligible,negligible))
heisenberg_uncertainty	six(shift(mountain,mountain,mountain,mountain),[has_temporal_data,natural],[],actors(none,none),drift(stable,unknown,stable),zone(negligible,negligible))
help_to_buy_uk	six(shift(tangled_rope,tangled_rope,tangled_rope,tangled_rope),[asymmetric,coordination,enforcement,has_beneficiaries,sunset],[],actors(distributed,distributed),drift(rising,unknown,rising),zone(extreme,extreme))
helsinki_bus_theory	six(shift(tangled_rope,tangled_rope,tangled_rope,tangled_rope),[asymmetric,coordination,enforcement,has_beneficiaries],[drifting_without_limit,no_exit_for_victims,unaccountable_extraction],actors(distributed,distributed),drift(rising,unknown,rising),zone(extreme,extreme))
herding_amplification_feedback	six(shift(naturalized,tangled_rope,rope,snare),[asymmetric,coordination,enforcement,has_beneficiaries],[drifting_without_limit,no_exit_for_victims,unaccountable_extraction],actors(distributed,distributed),drift(rising,unknown,rising),zone(extreme,extreme))
hershey_salt_strategy	six(shift(tangled_rope,tangled_rope,tangled_rope,tangled_rope),[asymmetric,coordination,enforcement,has_beneficiaries],[drifting_without_limit,no_exit_for_victims,unaccountable_extraction],actors(distributed,distributed),drift(rising,unknown,rising),zone(extreme,extreme))
heteronomy_adoption_pathway	six(shift(tangled_rope,tangled_rope,tangled_rope,tangled_rope),[asymmetric,coordination,enforcement,has_beneficiaries],[drifting_without_limit,no_exit_for_victims,unaccountable_extraction],actors(distributed,distributed),drift(rising,unknown,rising),zone(extreme,extreme))
heuristic_optimization	six(shift(tangled_rope,tangled_rope,tangled_rope,tangled_rope),[asymmetric,coordination,enforcement,has_beneficiaries],[no_exit_for_victims],actors(distributed,distributed),drift(rising,unknown,rising),zone(low,high))
hhs_fetal_tissue_research_ban_2019	six(shift(tangled_rope,tangled_rope,tangled_rope,tangled_rope),[asymmetric,enforcement,has_victims],[coercion_without_coordination,drifting_without_limit,no_exit_for_victims,unaccountable_extraction,undocumented_coordination],actors(none,distributed),drift(rising,unknown,rising),zone(extreme,extreme))
hicbc_uk	six(shift(tangled_rope,tangled_rope,rope,tangled_rope),[asymmetric,coordination,enforcement,has_beneficiaries],[no_exit_for_victims],actors(distributed,distributed),drift(rising,unknown,rising),zone(low,high))
hierarchy_fragility_collapse	six(shift(tangled_rope,tangled_rope,tangled_rope,tangled_rope),[asymmetric,coordination,enforcement,has_beneficiaries],[drifting_without_limit,no_exit_for_victims,unaccountable_extraction],actors(concentrated,distributed),drift(rising,unknown,rising),zone(extreme,extreme))
higher_education_enrollment_access	six(shift(tangled_rope,tangled_rope,tangled_rope,tangled_rope),[asymmetric,coordination,enforcement,has_beneficiaries],[drifting_without_limit,no_exit_for_victims,unaccountable_extraction],actors(distributed,distributed),drift(rising,unknown,rising),zone(extreme,extreme))
higher_reciprocity_laws	six(shift(mountain,mountain,mountain,mountain),[has_theater,natural],[],actors(none,none),drift(unknown,unknown,unknown),zone(negligible,negligible))
highway_funding_bias	six(shift(tangled_rope,tangled_rope,tangled_rope,tangled_rope),[asymmetric,coordination,enforcement,has_beneficiaries],[drifting_without_limit,no_exit_for_victims,unaccountable_extraction],actors(distributed,distributed),drift(rising,unknown,rising),zone(extreme,high))
hilberts_hotel	six(shift(mountain,mountain,mountain,mountain),[has_temporal_data,natural],[],actors(none,none),drift(stable,unknown,stable),zone(negligible,negligible))
hilberts_hotel_infinity	six(shift(mountain,mountain,mountain,mountain),[has_temporal_data,natural],[],actors(none,none),drift(stable,unknown,stable),zone(negligible,negligible))
hiring_bias_perpetuation	six(shift(tangled_rope,tangled_rope,tangled_rope,tangled_rope),[asymmetric,coordination,enforcement,has_beneficiaries],[drifting_without_limit,no_exit_for_victims,unaccountable_extraction],actors(distributed,distributed),drift(rising,unknown,rising),zone(extreme,extreme))
hiring_discrimination_amplification	six(shift(tangled_rope,tangled_rope,tangled_rope,tangled_rope),[asymmetric,coordination,enforcement,has_beneficiaries],[drifting_without_limit,no_exit_for_victims,unaccountable_extraction],actors(distributed,distributed),drift(rising,unknown,rising),zone(extreme,extreme))
hiring_discrimination_automation	six(shift(tangled_rope,tangled_rope,tangled_rope,tangled_rope),[asymmetric,coordination,enforcement,has_beneficiaries],[drifting_without_limit,no_exit_for_victims,unaccountable_extraction],actors(distributed,distributed),drift(rising,unknown,rising),zone(extreme,extreme))
hispanic_turnout_volatility	six(shift(tangled_rope,tangled_rope,tangled_rope,tangled_rope),[asymmetric,coordination,enforcement,has_beneficiaries],[drifting_without_limit,no_exit_for_victims,unaccountable_extraction],actors(distributed,distributed),drift(rising,unknown,rising),zone(extreme,extreme))
historiographical_legitimation_struggle	six(shift(naturalized,tangled_rope,naturalized,tangled_rope),[asymmetric,coordination,enforcement,has_beneficiaries],[drifting_without_limit,no_exit_for_victims,unaccountable_extraction],actors(distributed,distributed),drift(rising,unknown,rising),zone(extreme,extreme))
hiv_prep_prevention_2026	six(shift(tangled_rope,tangled_rope,tangled_rope,tangled_rope),[asymmetric,coordination,enforcement,has_beneficiaries],[no_exit_for_victims],actors(distributed,distributed),drift(rising,unknown,rising),zone(low,high))
hiv_stigma_suppression	six(shift(snare,snare,rope,snare),[asymmetric,coordination,enforcement,has_beneficiaries],[drifting_without_limit,no_exit_for_victims,unaccountable_extraction],actors(distributed,distributed),drift(rising,unknown,rising),zone(extreme,extreme))
hk_nsl_civic_party_disbandment	six(shift(tangled_rope,snare,rope,snare),[asymmetric,coordination,enforcement,has_beneficiaries],[drifting_without_limit,no_exit_for_victims,unaccountable_extraction],actors(distributed,distributed),drift(rising,unknown,rising),zone(extreme,extreme))
hoa_covenants	six(shift(naturalized,tangled_rope,rope,snare),[asymmetric,coordination,enforcement,has_beneficiaries],[drifting_without_limit,no_exit_for_victims,unaccountable_extraction],actors(distributed,distributed),drift(rising,unknown,rising),zone(extreme,extreme))
holographic_entropy_bound	six(shift(mountain,mountain,mountain,mountain),[has_temporal_data,natural],[],actors(none,none),drift(stable,unknown,stable),zone(negligible,negligible))
homeschool_credentialing_legitimacy	six(shift(tangled_rope,tangled_rope,tangled_rope,tangled_rope),[asymmetric,coordination,enforcement,has_beneficiaries],[drifting_without_limit,no_exit_for_victims,unaccountable_extraction],actors(distributed,distributed),drift(rising,unknown,rising),zone(extreme,extreme))
hominin_evolutionary_bottleneck	six(shift(tangled_rope,tangled_rope,tangled_rope,tangled_rope),[asymmetric,coordination,enforcement,has_beneficiaries],[no_exit_for_victims],actors(distributed,distributed),drift(rising,unknown,rising),zone(low,extreme))
homology_invariant_topology	six(shift(mountain,mountain,mountain,mountain),[has_temporal_data,natural],[],actors(none,none),drift(stable,unknown,stable),zone(negligible,negligible))
hong_kong_academic_freedom	six(shift(tangled_rope,snare,naturalized,snare),[asymmetric,coordination,enforcement,has_beneficiaries],[drifting_without_limit,no_exit_for_victims,unaccountable_extraction],actors(distributed,distributed),drift(rising,unknown,rising),zone(extreme,extreme))
hong_kong_electoral_system_constraint	six(shift(tangled_rope,snare,rope,snare),[asymmetric,coordination,enforcement,has_beneficiaries],[drifting_without_limit,no_exit_for_victims,unaccountable_extraction],actors(distributed,distributed),drift(rising,unknown,rising),zone(extreme,extreme))
hong_kong_press_freedom	six(shift(tangled_rope,tangled_rope,tangled_rope,tangled_rope),[asymmetric,coordination,enforcement,has_beneficiaries],[drifting_without_limit,no_exit_for_victims,unaccountable_extraction],actors(distributed,distributed),drift(rising,unknown,rising),zone(extreme,extreme))
hong_kong_press_freedom_suppression	six(shift(tangled_rope,snare,naturalized,snare),[asymmetric,coordination,enforcement,has_beneficiaries],[drifting_without_limit,no_exit_for_victims,unaccountable_extraction],actors(distributed,distributed),drift(rising,unknown,rising),zone(extreme,extreme))
horizon_liability_contract	six(shift(tangled_rope,snare,rope,snare),[asymmetric,coordination,enforcement,has_beneficiaries],[drifting_without_limit,no_exit_for_victims,unaccountable_extraction],actors(distributed,distributed),drift(rising,unknown,rising),zone(extreme,extreme))
hormuz_leverage_paradox	six(shift(tangled_rope,tangled_rope,rope,tangled_rope),[asymmetric,coordination,enforcement,has_beneficiaries],[drifting_without_limit,no_exit_for_victims,unaccountable_extraction],actors(distributed,distributed),drift(rising,unknown,rising),zone(extreme,extreme))
household_debt_accumulation_cycle	six(shift(tangled_rope,tangled_rope,tangled_rope,tangled_rope),[asymmetric,coordination,enforcement,has_beneficiaries],[drifting_without_limit,no_exit_for_victims,unaccountable_extraction],actors(distributed,distributed),drift(rising,unknown,rising),zone(extreme,extreme))
household_financial_liquidity	six(shift(tangled_rope,tangled_rope,tangled_rope,tangled_rope),[asymmetric,coordination,enforcement,has_beneficiaries],[drifting_without_limit,no_exit_for_victims,unaccountable_extraction],actors(distributed,distributed),drift(rising,unknown,rising),zone(extreme,extreme))
household_registry_system	six(shift(tangled_rope,tangled_rope,tangled_rope,tangled_rope),[asymmetric,coordination,enforcement,has_beneficiaries],[drifting_without_limit,no_exit_for_victims,unaccountable_extraction],actors(distributed,distributed),drift(rising,unknown,rising),zone(extreme,extreme))
housing_affordability_crisis	six(shift(tangled_rope,tangled_rope,tangled_rope,tangled_rope),[asymmetric,coordination,enforcement,has_beneficiaries],[drifting_without_limit,no_exit_for_victims,unaccountable_extraction],actors(distributed,distributed),drift(rising,unknown,rising),zone(extreme,extreme))
housing_affordability_trap	six(shift(naturalized,tangled_rope,rope,snare),[asymmetric,coordination,enforcement,has_beneficiaries],[drifting_without_limit,no_exit_for_victims,unaccountable_extraction],actors(distributed,distributed),drift(rising,unknown,rising),zone(extreme,extreme))
housing_supply_constraint	six(shift(tangled_rope,tangled_rope,tangled_rope,tangled_rope),[asymmetric,coordination,enforcement,has_beneficiaries],[drifting_without_limit,no_exit_for_victims,unaccountable_extraction],actors(distributed,distributed),drift(rising,unknown,rising),zone(extreme,extreme))
housing_wealth_inequality_concentration	six(shift(tangled_rope,tangled_rope,tangled_rope,tangled_rope),[asymmetric,coordination,enforcement,has_beneficiaries],[drifting_without_limit,no_exit_for_victims,unaccountable_extraction],actors(distributed,distributed),drift(rising,unknown,rising),zone(extreme,extreme))
houthi_proxy_escalation_logic	six(shift(tangled_rope,tangled_rope,tangled_rope,tangled_rope),[asymmetric,coordination,enforcement,has_beneficiaries],[drifting_without_limit,no_exit_for_victims,unaccountable_extraction],actors(distributed,distributed),drift(rising,unknown,rising),zone(extreme,extreme))
html_compatibility_matrix	six(shift(tangled_rope,tangled_rope,tangled_rope,tangled_rope),[asymmetric,coordination,enforcement,has_beneficiaries],[drifting_without_limit,no_exit_for_victims,unaccountable_extraction],actors(distributed,distributed),drift(falling,unknown,rising),zone(extreme,extreme))
hu_2026_electoral_parity	six(shift(tangled_rope,tangled_rope,tangled_rope,tangled_rope),[asymmetric,coordination,enforcement,has_beneficiaries],[no_exit_for_victims],actors(distributed,distributed),drift(rising,unknown,rising),zone(low,high))
huang_expectation_resilience_2026	six(shift(tangled_rope,unknown,tangled_rope,tangled_rope),[asymmetric,enforcement,has_victims],[coercion_without_coordination,drifting_without_limit,no_exit_for_victims,unaccountable_extraction,undocumented_coordination],actors(none,distributed),drift(rising,unknown,rising),zone(extreme,extreme))
hub_short_form_tv_market_fragmentation	six(shift(tangled_rope,tangled_rope,tangled_rope,tangled_rope),[asymmetric,coordination,enforcement,has_beneficiaries],[drifting_without_limit,no_exit_for_victims,unaccountable_extraction],actors(distributed,distributed),drift(rising,unknown,rising),zone(extreme,high))
hubble_tension_measurement	six(shift(tangled_rope,tangled_rope,tangled_rope,tangled_rope),[asymmetric,coordination,enforcement,has_beneficiaries],[drifting_without_limit,no_exit_for_victims,unaccountable_extraction],actors(distributed,distributed),drift(rising,unknown,rising),zone(extreme,extreme))
huffman_optimality	six(shift(mountain,mountain,mountain,mountain),[has_temporal_data,natural],[],actors(none,none),drift(stable,unknown,stable),zone(negligible,negligible))
human_ai_epistemic_dependency	six(shift(tangled_rope,tangled_rope,tangled_rope,tangled_rope),[asymmetric,coordination,enforcement,has_beneficiaries],[drifting_without_limit,no_exit_for_victims,unaccountable_extraction],actors(distributed,distributed),drift(rising,unknown,rising),zone(extreme,extreme))
human_attention_market	six(shift(tangled_rope,tangled_rope,tangled_rope,tangled_rope),[asymmetric,coordination,enforcement,has_beneficiaries],[drifting_without_limit,no_exit_for_victims,unaccountable_extraction],actors(distributed,distributed),drift(rising,unknown,rising),zone(extreme,extreme))
human_governance_residual	six(shift(tangled_rope,tangled_rope,rope,snare),[asymmetric,coordination,enforcement,has_beneficiaries],[drifting_without_limit,no_exit_for_victims,unaccountable_extraction],actors(concentrated,distributed),drift(rising,unknown,rising),zone(extreme,extreme))
human_origins_narrative_authority	six(shift(tangled_rope,tangled_rope,tangled_rope,tangled_rope),[asymmetric,coordination,enforcement,has_beneficiaries],[drifting_without_limit,no_exit_for_victims,unaccountable_extraction],actors(distributed,distributed),drift(rising,unknown,rising),zone(extreme,extreme))
humanitarian_access_blockade	six(shift(tangled_rope,tangled_rope,tangled_rope,tangled_rope),[asymmetric,coordination,enforcement,has_beneficiaries],[drifting_without_limit,no_exit_for_victims,unaccountable_extraction],actors(distributed,distributed),drift(rising,unknown,rising),zone(extreme,extreme))
humanitarian_access_mechanisms	six(shift(tangled_rope,tangled_rope,naturalized,snare),[asymmetric,coordination,enforcement,has_beneficiaries],[drifting_without_limit,no_exit_for_victims,unaccountable_extraction],actors(distributed,distributed),drift(rising,unknown,rising),zone(extreme,extreme))
humanitarian_aid_delivery_gaza	six(shift(tangled_rope,tangled_rope,naturalized,snare),[asymmetric,coordination,enforcement,has_beneficiaries],[drifting_without_limit,no_exit_for_victims,unaccountable_extraction],actors(distributed,distributed),drift(rising,unknown,rising),zone(extreme,extreme))
hungarian_media_market_concentration	six(shift(tangled_rope,tangled_rope,tangled_rope,tangled_rope),[asymmetric,coordination,enforcement,has_beneficiaries],[drifting_without_limit,no_exit_for_victims,unaccountable_extraction],actors(distributed,distributed),drift(rising,unknown,rising),zone(extreme,extreme))
hutterite_technology_governance	six(shift(tangled_rope,tangled_rope,tangled_rope,tangled_rope),[asymmetric,coordination,enforcement,has_beneficiaries],[drifting_without_limit,no_exit_for_victims,unaccountable_extraction],actors(distributed,distributed),drift(rising,unknown,falling),zone(extreme,extreme))
hybrid_blindness_extraction_masking	six(shift(tangled_rope,tangled_rope,rope,snare),[asymmetric,coordination,enforcement,has_beneficiaries],[drifting_without_limit,no_exit_for_victims,unaccountable_extraction],actors(distributed,distributed),drift(rising,unknown,rising),zone(extreme,extreme))
hydra_game	six(shift(mountain,mountain,mountain,mountain),[has_temporal_data,natural],[],actors(none,none),drift(stable,unknown,stable),zone(negligible,negligible))
hydrogen_fuel_cell_deployment	six(shift(tangled_rope,tangled_rope,tangled_rope,tangled_rope),[asymmetric,coordination,enforcement,has_beneficiaries],[drifting_without_limit,no_exit_for_victims,unaccountable_extraction],actors(distributed,distributed),drift(rising,unknown,rising),zone(extreme,extreme))
hyperarithmetical_complexity_classes	six(shift(mountain,mountain,mountain,mountain),[has_temporal_data,natural],[],actors(none,none),drift(stable,unknown,stable),zone(negligible,negligible))
hyperbolic_geometry_metric	six(shift(mountain,mountain,mountain,mountain),[has_temporal_data,natural],[],actors(none,none),drift(stable,unknown,stable),zone(negligible,negligible))
hypercompression_of_time_horizons	six(shift(tangled_rope,tangled_rope,tangled_rope,tangled_rope),[asymmetric,coordination,enforcement,has_beneficiaries],[drifting_without_limit,no_exit_for_victims,unaccountable_extraction],actors(distributed,distributed),drift(rising,unknown,rising),zone(extreme,extreme))
hypersonic_warhead_verification_gap	six(shift(tangled_rope,tangled_rope,tangled_rope,tangled_rope),[asymmetric,coordination,enforcement,has_beneficiaries],[drifting_without_limit,no_exit_for_victims,unaccountable_extraction],actors(distributed,distributed),drift(rising,unknown,rising),zone(extreme,extreme))
hyperstition_snare	six(shift(tangled_rope,snare,rope,snare),[asymmetric,coordination,enforcement,has_beneficiaries],[drifting_without_limit,no_exit_for_victims,unaccountable_extraction],actors(distributed,distributed),drift(rising,unknown,rising),zone(extreme,extreme))
iaea_verification_asymmetry	six(shift(tangled_rope,tangled_rope,tangled_rope,tangled_rope),[asymmetric,coordination,enforcement,has_beneficiaries],[drifting_without_limit,no_exit_for_victims,unaccountable_extraction],actors(distributed,distributed),drift(rising,unknown,rising),zone(extreme,extreme))
ibm_shield_contract_2026	six(shift(tangled_rope,tangled_rope,tangled_rope,tangled_rope),[asymmetric,coordination,enforcement,has_beneficiaries],[drifting_without_limit,no_exit_for_victims,unaccountable_extraction],actors(distributed,distributed),drift(rising,unknown,rising),zone(extreme,extreme))
icc_prosecution_ukraine	six(shift(tangled_rope,tangled_rope,tangled_rope,tangled_rope),[asymmetric,coordination,enforcement,has_beneficiaries],[drifting_without_limit,no_exit_for_victims,unaccountable_extraction],actors(distributed,distributed),drift(rising,unknown,rising),zone(extreme,extreme))
icc_structural_legitimacy	six(shift(tangled_rope,tangled_rope,tangled_rope,tangled_rope),[asymmetric,coordination,enforcement,has_beneficiaries],[drifting_without_limit,no_exit_for_victims,unaccountable_extraction],actors(distributed,distributed),drift(rising,unknown,rising),zone(extreme,extreme))
ice_memory_archive	six(shift(tangled_rope,tangled_rope,tangled_rope,tangled_rope),[asymmetric,coordination,enforcement,has_beneficiaries],[no_exit_for_victims],actors(distributed,distributed),drift(rising,unknown,rising),zone(low,high))
ice_safe_departure	six(shift(tangled_rope,tangled_rope,rope,snare),[asymmetric,coordination,enforcement,has_beneficiaries],[drifting_without_limit,no_exit_for_victims,unaccountable_extraction],actors(distributed,distributed),drift(rising,unknown,rising),zone(extreme,extreme))
identity_category_enforcement	six(shift(tangled_rope,tangled_rope,rope,snare),[asymmetric,coordination,enforcement,has_beneficiaries],[drifting_without_limit,no_exit_for_victims,unaccountable_extraction],actors(distributed,distributed),drift(rising,unknown,rising),zone(extreme,extreme))
identity_driven_belief_clustering	six(shift(tangled_rope,tangled_rope,tangled_rope,tangled_rope),[asymmetric,coordination,enforcement,has_beneficiaries],[drifting_without_limit,no_exit_for_victims,unaccountable_extraction],actors(distributed,distributed),drift(rising,unknown,rising),zone(extreme,extreme))
identity_foreclosure_in_dependent_roles	six(shift(tangled_rope,tangled_rope,tangled_rope,tangled_rope),[asymmetric,coordination,enforcement,has_beneficiaries],[drifting_without_limit,no_exit_for_victims,unaccountable_extraction],actors(distributed,distributed),drift(rising,unknown,rising),zone(extreme,extreme))
identity_internalization_dynamics	six(shift(tangled_rope,tangled_rope,tangled_rope,tangled_rope),[asymmetric,coordination,enforcement,has_beneficiaries],[drifting_without_limit,no_exit_for_victims,unaccountable_extraction],actors(distributed,distributed),drift(rising,unknown,rising),zone(extreme,extreme))
identity_prestige_trap	six(shift(naturalized,tangled_rope,rope,tangled_rope),[asymmetric,coordination,enforcement,has_beneficiaries],[drifting_without_limit,no_exit_for_victims,unaccountable_extraction],actors(distributed,distributed),drift(rising,unknown,rising),zone(extreme,extreme))
identity_stack_incompatibility	six(shift(tangled_rope,tangled_rope,tangled_rope,tangled_rope),[asymmetric,coordination,enforcement,has_beneficiaries],[drifting_without_limit,no_exit_for_victims,unaccountable_extraction],actors(distributed,distributed),drift(rising,unknown,rising),zone(extreme,extreme))
ideological_belief_systems	six(shift(tangled_rope,tangled_rope,tangled_rope,tangled_rope),[asymmetric,coordination,enforcement,has_beneficiaries],[drifting_without_limit,no_exit_for_victims,unaccountable_extraction],actors(distributed,distributed),drift(rising,unknown,rising),zone(extreme,extreme))
ideological_movement_loyalty_traps	six(shift(naturalized,snare,rope,snare),[asymmetric,coordination,enforcement,has_beneficiaries],[drifting_without_limit,no_exit_for_victims,unaccountable_extraction],actors(concentrated,distributed),drift(rising,unknown,rising),zone(extreme,extreme))
idf_knock_on_roof_policy	six(shift(tangled_rope,tangled_rope,rope,snare),[asymmetric,coordination,enforcement,has_beneficiaries],[drifting_without_limit,no_exit_for_victims,unaccountable_extraction],actors(distributed,distributed),drift(rising,unknown,rising),zone(extreme,extreme))
ihl_proportionality_justification	six(shift(tangled_rope,tangled_rope,tangled_rope,tangled_rope),[asymmetric,coordination,enforcement,has_beneficiaries],[drifting_without_limit,no_exit_for_victims,unaccountable_extraction],actors(concentrated,distributed),drift(rising,unknown,rising),zone(extreme,extreme))
imf_fuel_specification_harmonization	six(shift(tangled_rope,tangled_rope,tangled_rope,tangled_rope),[asymmetric,coordination,enforcement,has_beneficiaries],[drifting_without_limit,no_exit_for_victims,unaccountable_extraction],actors(distributed,distributed),drift(rising,unknown,rising),zone(extreme,high))
imperial_court_kyoto_dormant_legitimacy	six(shift(tangled_rope,tangled_rope,tangled_rope,tangled_rope),[asymmetric,coordination,enforcement,has_beneficiaries],[no_exit_for_victims],actors(distributed,distributed),drift(rising,unknown,rising),zone(low,extreme))
imperial_legitimacy_apparatus	six(shift(tangled_rope,snare,rope,snare),[asymmetric,coordination,enforcement,has_beneficiaries],[drifting_without_limit,no_exit_for_victims,unaccountable_extraction],actors(distributed,distributed),drift(rising,unknown,rising),zone(extreme,extreme))
imperial_religious_property_seizure	six(shift(tangled_rope,tangled_rope,tangled_rope,tangled_rope),[asymmetric,coordination,enforcement,has_beneficiaries],[drifting_without_limit,no_exit_for_victims,unaccountable_extraction],actors(distributed,distributed),drift(rising,unknown,rising),zone(extreme,extreme))
imperial_tax_collection_mechanism	six(shift(tangled_rope,tangled_rope,tangled_rope,tangled_rope),[asymmetric,coordination,enforcement,has_beneficiaries],[drifting_without_limit,no_exit_for_victims,unaccountable_extraction],actors(distributed,distributed),drift(rising,unknown,rising),zone(extreme,extreme))
incentive_surface_warping	six(shift(tangled_rope,tangled_rope,rope,tangled_rope),[asymmetric,coordination,enforcement,has_beneficiaries],[drifting_without_limit,no_exit_for_victims,unaccountable_extraction],actors(distributed,distributed),drift(rising,unknown,rising),zone(extreme,high))
income_driven_repayment_cap_evasion	six(shift(tangled_rope,tangled_rope,naturalized,snare),[asymmetric,coordination,enforcement,has_beneficiaries],[drifting_without_limit,no_exit_for_victims,unaccountable_extraction],actors(distributed,distributed),drift(rising,unknown,rising),zone(extreme,extreme))
income_inequality_accumulation	six(shift(tangled_rope,tangled_rope,tangled_rope,tangled_rope),[asymmetric,coordination,enforcement,has_beneficiaries],[drifting_without_limit,no_exit_for_victims,unaccountable_extraction],actors(distributed,distributed),drift(rising,unknown,rising),zone(extreme,extreme))
incommensurability_thesis	six(shift(tangled_rope,tangled_rope,naturalized,tangled_rope),[asymmetric,coordination,enforcement,has_beneficiaries],[drifting_without_limit,no_exit_for_victims,unaccountable_extraction],actors(distributed,distributed),drift(rising,unknown,rising),zone(extreme,high))
incomplete_derivations_as_epistemic_load	six(shift(tangled_rope,tangled_rope,rope,tangled_rope),[asymmetric,coordination,enforcement,has_beneficiaries],[drifting_without_limit,no_exit_for_victims,unaccountable_extraction],actors(distributed,distributed),drift(rising,unknown,rising),zone(extreme,high))
incumbent_competitive_moat	six(shift(tangled_rope,tangled_rope,tangled_rope,tangled_rope),[asymmetric,coordination,enforcement,has_beneficiaries],[drifting_without_limit,no_exit_for_victims,unaccountable_extraction],actors(concentrated,distributed),drift(rising,unknown,rising),zone(extreme,high))
incumbent_disruption_resistance	six(shift(tangled_rope,tangled_rope,tangled_rope,tangled_rope),[asymmetric,coordination,enforcement,has_beneficiaries],[drifting_without_limit,no_exit_for_victims,unaccountable_extraction],actors(distributed,distributed),drift(rising,unknown,rising),zone(extreme,extreme))
incumbent_industry_moat	six(shift(tangled_rope,tangled_rope,tangled_rope,tangled_rope),[asymmetric,coordination,enforcement,has_beneficiaries],[drifting_without_limit,no_exit_for_victims,unaccountable_extraction],actors(concentrated,distributed),drift(rising,unknown,rising),zone(extreme,high))
incumbent_moat_entrenchment	six(shift(tangled_rope,tangled_rope,rope,snare),[asymmetric,coordination,enforcement,has_beneficiaries],[drifting_without_limit,no_exit_for_victims,unaccountable_extraction],actors(concentrated,distributed),drift(rising,unknown,rising),zone(extreme,extreme))
incumbent_rent_extraction	six(shift(tangled_rope,tangled_rope,tangled_rope,tangled_rope),[asymmetric,coordination,enforcement,has_beneficiaries],[drifting_without_limit,no_exit_for_victims,unaccountable_extraction],actors(distributed,distributed),drift(rising,unknown,rising),zone(extreme,extreme))
incumbent_steel_production	six(shift(naturalized,tangled_rope,rope,snare),[asymmetric,coordination,enforcement,has_beneficiaries],[drifting_without_limit,no_exit_for_victims,unaccountable_extraction],actors(distributed,distributed),drift(rising,unknown,rising),zone(extreme,extreme))
independent_criticism_patronage	six(shift(tangled_rope,tangled_rope,rope,tangled_rope),[asymmetric,coordination,enforcement,has_beneficiaries],[no_exit_for_victims],actors(distributed,distributed),drift(rising,unknown,rising),zone(low,high))
index_closure_gate	six(shift(tangled_rope,tangled_rope,tangled_rope,tangled_rope),[asymmetric,coordination,enforcement,has_beneficiaries],[drifting_without_limit,no_exit_for_victims,unaccountable_extraction],actors(distributed,distributed),drift(rising,unknown,rising),zone(extreme,extreme))
indexical_extraction_asymmetry	six(shift(tangled_rope,tangled_rope,rope,snare),[asymmetric,coordination,enforcement,has_beneficiaries],[drifting_without_limit,no_exit_for_victims,unaccountable_extraction],actors(concentrated,concentrated),drift(rising,unknown,rising),zone(extreme,extreme))
indexical_extraction_variance	six(shift(mountain,mountain,mountain,mountain),[has_theater,natural],[],actors(none,none),drift(unknown,unknown,unknown),zone(negligible,negligible))
indexical_power_variance	six(shift(mountain,mountain,mountain,mountain),[has_theater,natural],[],actors(none,none),drift(unknown,unknown,unknown),zone(negligible,negligible))
indexical_relativity_core	six(shift(mountain,mountain,mountain,mountain),[has_temporal_data,natural],[],actors(none,none),drift(stable,unknown,stable),zone(negligible,negligible))
indexical_relativity_of_extraction	six(shift(mountain,mountain,mountain,mountain),[has_theater,natural],[],actors(none,none),drift(unknown,unknown,unknown),zone(negligible,negligible))
india_energy_infrastructure_lock_in	six(shift(tangled_rope,tangled_rope,tangled_rope,tangled_rope),[asymmetric,coordination,enforcement,has_beneficiaries],[drifting_without_limit,no_exit_for_victims,unaccountable_extraction],actors(distributed,distributed),drift(rising,unknown,rising),zone(extreme,extreme))
india_france_horizon_2047	six(shift(tangled_rope,tangled_rope,naturalized,tangled_rope),[asymmetric,coordination,enforcement,has_beneficiaries],[drifting_without_limit,no_exit_for_victims,unaccountable_extraction],actors(distributed,distributed),drift(rising,unknown,rising),zone(extreme,high))
india_nuclear_liability_act_2010	six(shift(tangled_rope,tangled_rope,tangled_rope,tangled_rope),[asymmetric,coordination,enforcement,has_beneficiaries],[drifting_without_limit,no_exit_for_victims,unaccountable_extraction],actors(distributed,distributed),drift(rising,unknown,rising),zone(extreme,extreme))
india_russia_energy_partnership	six(shift(tangled_rope,tangled_rope,tangled_rope,tangled_rope),[asymmetric,coordination,enforcement,has_beneficiaries],[drifting_without_limit,no_exit_for_victims,unaccountable_extraction],actors(distributed,distributed),drift(rising,unknown,rising),zone(extreme,extreme))
india_semi_mission	six(shift(tangled_rope,tangled_rope,tangled_rope,tangled_rope),[asymmetric,coordination,enforcement,has_beneficiaries],[no_exit_for_victims],actors(distributed,distributed),drift(rising,unknown,rising),zone(low,high))
indian_ai_licensing_regime	six(shift(tangled_rope,tangled_rope,tangled_rope,tangled_rope),[asymmetric,coordination,enforcement,has_beneficiaries],[drifting_without_limit,no_exit_for_victims,unaccountable_extraction],actors(distributed,distributed),drift(rising,unknown,rising),zone(extreme,extreme))
indian_domestic_defense_autonomy	six(shift(tangled_rope,tangled_rope,tangled_rope,tangled_rope),[asymmetric,coordination,enforcement,has_beneficiaries],[drifting_without_limit,no_exit_for_victims,unaccountable_extraction],actors(distributed,distributed),drift(rising,unknown,rising),zone(extreme,extreme))
indian_import_tariffs_eu	six(shift(tangled_rope,tangled_rope,tangled_rope,tangled_rope),[asymmetric,coordination,enforcement,has_beneficiaries],[drifting_without_limit,no_exit_for_victims,unaccountable_extraction],actors(distributed,distributed),drift(rising,unknown,rising),zone(extreme,extreme))
indian_indigenous_submarine_program	six(shift(tangled_rope,tangled_rope,rope,tangled_rope),[asymmetric,coordination,enforcement,has_beneficiaries],[drifting_without_limit,no_exit_for_victims,unaccountable_extraction],actors(distributed,distributed),drift(rising,unknown,rising),zone(extreme,high))
indian_tariff_protectionism	six(shift(naturalized,tangled_rope,naturalized,snare),[asymmetric,coordination,enforcement,has_beneficiaries],[drifting_without_limit,no_exit_for_victims,unaccountable_extraction],actors(distributed,distributed),drift(rising,unknown,rising),zone(extreme,extreme))
indie_publishing_market_growth	six(shift(tangled_rope,tangled_rope,rope,tangled_rope),[asymmetric,coordination,enforcement,has_beneficiaries],[drifting_without_limit,no_exit_for_victims,unaccountable_extraction],actors(distributed,distributed),drift(rising,unknown,rising),zone(extreme,high))
indigenous_autonomy_constraints	six(shift(tangled_rope,snare,rope,snare),[asymmetric,coordination,enforcement,has_beneficiaries],[drifting_without_limit,no_exit_for_victims,unaccountable_extraction],actors(distributed,distributed),drift(rising,unknown,rising),zone(extreme,extreme))
indigenous_land_claim_suppression	six(shift(tangled_rope,tangled_rope,tangled_rope,tangled_rope),[asymmetric,coordination,enforcement,has_beneficiaries],[drifting_without_limit,no_exit_for_victims,unaccountable_extraction],actors(distributed,distributed),drift(rising,unknown,rising),zone(extreme,extreme))
indigenous_land_rights_constraint	six(shift(tangled_rope,snare,rope,snare),[asymmetric,coordination,enforcement,has_beneficiaries],[drifting_without_limit,no_exit_for_victims,unaccountable_extraction],actors(distributed,distributed),drift(falling,unknown,rising),zone(extreme,extreme))
indigenous_land_rights_enforcement	six(shift(tangled_rope,tangled_rope,tangled_rope,tangled_rope),[asymmetric,coordination,enforcement,has_beneficiaries],[drifting_without_limit,no_exit_for_victims,unaccountable_extraction],actors(distributed,distributed),drift(rising,unknown,rising),zone(extreme,extreme))
indigenous_resource_rights	six(shift(tangled_rope,tangled_rope,tangled_rope,tangled_rope),[asymmetric,coordination,enforcement,has_beneficiaries],[drifting_without_limit,no_exit_for_victims,unaccountable_extraction],actors(distributed,distributed),drift(rising,unknown,rising),zone(extreme,extreme))
indigenous_self_determination_global	six(shift(snare,snare,naturalized,snare),[asymmetric,coordination,enforcement,has_beneficiaries],[drifting_without_limit,no_exit_for_victims,unaccountable_extraction],actors(distributed,distributed),drift(falling,unknown,rising),zone(extreme,extreme))
individual_revolution_autonomy	six(shift(tangled_rope,tangled_rope,tangled_rope,tangled_rope),[asymmetric,coordination,enforcement,has_beneficiaries],[drifting_without_limit,no_exit_for_victims,unaccountable_extraction],actors(distributed,distributed),drift(rising,unknown,rising),zone(extreme,extreme))
individual_vs_systemic_causation	six(shift(tangled_rope,tangled_rope,tangled_rope,tangled_rope),[asymmetric,coordination,enforcement,has_beneficiaries],[drifting_without_limit,no_exit_for_victims,unaccountable_extraction],actors(distributed,distributed),drift(rising,unknown,rising),zone(extreme,extreme))
indo_german_defense_pact	six(shift(tangled_rope,tangled_rope,naturalized,tangled_rope),[asymmetric,coordination,enforcement,has_beneficiaries],[drifting_without_limit,no_exit_for_victims,unaccountable_extraction],actors(distributed,distributed),drift(rising,unknown,rising),zone(extreme,high))
indo_pacific_arms_race_dynamics	six(shift(naturalized,tangled_rope,naturalized,snare),[asymmetric,coordination,enforcement,has_beneficiaries],[drifting_without_limit,no_exit_for_victims,unaccountable_extraction],actors(distributed,distributed),drift(rising,unknown,rising),zone(extreme,extreme))
indo_pacific_security_architecture	six(shift(tangled_rope,tangled_rope,tangled_rope,tangled_rope),[asymmetric,coordination,enforcement,has_beneficiaries],[drifting_without_limit,no_exit_for_victims,unaccountable_extraction],actors(distributed,distributed),drift(rising,unknown,rising),zone(extreme,extreme))
indo_pacific_security_order	six(shift(tangled_rope,tangled_rope,tangled_rope,tangled_rope),[asymmetric,coordination,enforcement,has_beneficiaries],[drifting_without_limit,no_exit_for_victims,unaccountable_extraction],actors(distributed,distributed),drift(rising,unknown,rising),zone(extreme,extreme))
indo_pacific_strategic_competition	six(shift(tangled_rope,tangled_rope,rope,snare),[asymmetric,coordination,enforcement,has_beneficiaries],[drifting_without_limit,no_exit_for_victims,unaccountable_extraction],actors(distributed,distributed),drift(rising,unknown,rising),zone(extreme,extreme))
indo_pacific_uk_naval_expansion	six(shift(tangled_rope,tangled_rope,tangled_rope,tangled_rope),[asymmetric,coordination,enforcement,has_beneficiaries],[drifting_without_limit,no_exit_for_victims,unaccountable_extraction],actors(distributed,distributed),drift(rising,unknown,rising),zone(extreme,extreme))
indo_russian_submarine_lease_2025	six(shift(tangled_rope,tangled_rope,rope,snare),[asymmetric,coordination,enforcement,has_beneficiaries],[drifting_without_limit,no_exit_for_victims,unaccountable_extraction],actors(distributed,distributed),drift(rising,unknown,rising),zone(extreme,extreme))
indonesia_penal_code_2023	six(shift(naturalized,tangled_rope,rope,snare),[asymmetric,coordination,enforcement,has_beneficiaries],[drifting_without_limit,no_exit_for_victims,unaccountable_extraction],actors(distributed,distributed),drift(rising,unknown,rising),zone(extreme,extreme))
indonesian_civil_society_restrictions	six(shift(naturalized,tangled_rope,rope,snare),[asymmetric,coordination,enforcement,has_beneficiaries],[drifting_without_limit,no_exit_for_victims,unaccountable_extraction],actors(distributed,distributed),drift(rising,unknown,rising),zone(extreme,extreme))
inequality_amplification_mechanisms	six(shift(tangled_rope,tangled_rope,rope,snare),[asymmetric,coordination,enforcement,has_beneficiaries],[drifting_without_limit,no_exit_for_victims,unaccountable_extraction],actors(distributed,distributed),drift(rising,unknown,rising),zone(extreme,extreme))
inflation_credibility_trap	six(shift(naturalized,tangled_rope,rope,snare),[asymmetric,coordination,enforcement,has_beneficiaries],[drifting_without_limit,no_exit_for_victims,unaccountable_extraction],actors(distributed,distributed),drift(rising,unknown,rising),zone(extreme,extreme))
inflation_expectation_anchoring	six(shift(tangled_rope,tangled_rope,rope,tangled_rope),[asymmetric,coordination,enforcement,has_beneficiaries],[drifting_without_limit,no_exit_for_victims,unaccountable_extraction],actors(distributed,distributed),drift(rising,unknown,rising),zone(extreme,high))
inflation_parameter_space	six(shift(tangled_rope,tangled_rope,tangled_rope,tangled_rope),[asymmetric,coordination,enforcement,has_beneficiaries],[no_exit_for_victims],actors(distributed,distributed),drift(rising,unknown,rising),zone(low,high))
inflation_targeting_regime	six(shift(tangled_rope,tangled_rope,rope,tangled_rope),[asymmetric,coordination,enforcement,has_beneficiaries],[drifting_without_limit,no_exit_for_victims,unaccountable_extraction],actors(distributed,distributed),drift(rising,unknown,rising),zone(extreme,high))
influencer_driven_asset_bubbles	six(shift(tangled_rope,snare,piton,snare),[asymmetric,coordination,enforcement,has_beneficiaries],[drifting_without_limit,no_exit_for_victims,unaccountable_extraction],actors(concentrated,distributed),drift(rising,unknown,rising),zone(extreme,extreme))
informal_economy_financial_exclusion	six(shift(tangled_rope,tangled_rope,tangled_rope,tangled_rope),[asymmetric,coordination,enforcement,has_beneficiaries],[drifting_without_limit,no_exit_for_victims,unaccountable_extraction],actors(distributed,distributed),drift(rising,unknown,rising),zone(extreme,extreme))
informal_economy_liquidation	six(shift(tangled_rope,tangled_rope,tangled_rope,tangled_rope),[asymmetric,coordination,enforcement,has_beneficiaries],[drifting_without_limit,no_exit_for_victims,unaccountable_extraction],actors(distributed,distributed),drift(rising,unknown,rising),zone(extreme,extreme))
informal_game_rule_adoption	six(shift(unknown,tangled_rope,tangled_rope,tangled_rope),[asymmetric,coordination,enforcement,has_beneficiaries],[no_exit_for_victims],actors(distributed,distributed),drift(rising,unknown,rising),zone(low,high))
informant_recruitment_through_false_solidarity	six(shift(piton,tangled_rope,rope,snare),[asymmetric,coordination,enforcement,has_beneficiaries],[drifting_without_limit,no_exit_for_victims,unaccountable_extraction],actors(distributed,distributed),drift(rising,unknown,rising),zone(extreme,extreme))
information_access_allocation	six(shift(tangled_rope,tangled_rope,tangled_rope,tangled_rope),[asymmetric,coordination,enforcement,has_beneficiaries],[drifting_without_limit,no_exit_for_victims,unaccountable_extraction],actors(distributed,distributed),drift(rising,unknown,rising),zone(extreme,high))
information_asymmetry_certification	six(shift(tangled_rope,tangled_rope,tangled_rope,tangled_rope),[asymmetric,coordination,enforcement,has_beneficiaries],[drifting_without_limit,no_exit_for_victims,unaccountable_extraction],actors(distributed,distributed),drift(rising,unknown,rising),zone(extreme,extreme))
information_asymmetry_edtech	six(shift(tangled_rope,tangled_rope,tangled_rope,tangled_rope),[asymmetric,coordination,enforcement,has_beneficiaries],[drifting_without_limit,no_exit_for_victims,unaccountable_extraction],actors(distributed,distributed),drift(rising,unknown,rising),zone(extreme,extreme))
information_asymmetry_exploitation	six(shift(tangled_rope,tangled_rope,rope,snare),[asymmetric,coordination,enforcement,has_beneficiaries],[drifting_without_limit,no_exit_for_victims,unaccountable_extraction],actors(concentrated,concentrated),drift(rising,unknown,rising),zone(extreme,extreme))
information_asymmetry_extraction	six(shift(tangled_rope,tangled_rope,naturalized,snare),[asymmetric,coordination,enforcement,has_beneficiaries],[drifting_without_limit,no_exit_for_victims,unaccountable_extraction],actors(distributed,distributed),drift(rising,unknown,rising),zone(extreme,extreme))
information_asymmetry_in_compliance	six(shift(tangled_rope,tangled_rope,tangled_rope,tangled_rope),[asymmetric,coordination,enforcement,has_beneficiaries],[drifting_without_limit,no_exit_for_victims,unaccountable_extraction],actors(distributed,distributed),drift(rising,unknown,rising),zone(extreme,extreme))
information_asymmetry_labor_markets	six(shift(tangled_rope,tangled_rope,tangled_rope,tangled_rope),[asymmetric,coordination,enforcement,has_beneficiaries],[drifting_without_limit,no_exit_for_victims,unaccountable_extraction],actors(distributed,distributed),drift(rising,unknown,rising),zone(extreme,high))
information_asymmetry_rent_extraction	six(shift(tangled_rope,tangled_rope,tangled_rope,tangled_rope),[asymmetric,coordination,enforcement,has_beneficiaries],[drifting_without_limit,no_exit_for_victims,unaccountable_extraction],actors(concentrated,concentrated),drift(rising,unknown,rising),zone(extreme,extreme))
information_bottleneck_principle	six(shift(mountain,mountain,mountain,mountain),[has_temporal_data,natural],[],actors(none,none),drift(stable,unknown,stable),zone(negligible,negligible))
information_disclosure_gaming	six(shift(tangled_rope,tangled_rope,tangled_rope,tangled_rope),[asymmetric,coordination,enforcement,has_beneficiaries],[drifting_without_limit,no_exit_for_victims,unaccountable_extraction],actors(distributed,distributed),drift(rising,unknown,rising),zone(extreme,extreme))
information_foraging_theory	six(shift(tangled_rope,tangled_rope,tangled_rope,tangled_rope),[asymmetric,coordination,enforcement,has_beneficiaries],[no_exit_for_victims],actors(distributed,distributed),drift(rising,unknown,rising),zone(low,high))
information_inequality_structural	six(shift(tangled_rope,tangled_rope,tangled_rope,tangled_rope),[asymmetric,coordination,enforcement,has_beneficiaries],[drifting_without_limit,no_exit_for_victims,unaccountable_extraction],actors(distributed,distributed),drift(rising,unknown,rising),zone(extreme,extreme))
information_suppression_asymmetry	six(shift(tangled_rope,tangled_rope,tangled_rope,tangled_rope),[asymmetric,coordination,enforcement,has_beneficiaries],[drifting_without_limit,no_exit_for_victims,unaccountable_extraction],actors(distributed,distributed),drift(falling,unknown,falling),zone(extreme,extreme))
informational_time_2026	six(shift(tangled_rope,tangled_rope,tangled_rope,tangled_rope),[asymmetric,coordination,enforcement,has_beneficiaries],[no_exit_for_victims],actors(distributed,distributed),drift(rising,unknown,rising),zone(low,high))
informed_consent_asymmetry	six(shift(tangled_rope,tangled_rope,tangled_rope,tangled_rope),[asymmetric,coordination,enforcement,has_beneficiaries],[drifting_without_limit,no_exit_for_victims,unaccountable_extraction],actors(distributed,distributed),drift(rising,unknown,rising),zone(extreme,extreme))
informed_consent_hospital_protocols	six(shift(tangled_rope,tangled_rope,tangled_rope,tangled_rope),[asymmetric,coordination,enforcement,has_beneficiaries],[drifting_without_limit,no_exit_for_victims,unaccountable_extraction],actors(distributed,distributed),drift(rising,unknown,rising),zone(extreme,extreme))
infrastructure_as_force_multiplier	six(shift(naturalized,tangled_rope,rope,tangled_rope),[asymmetric,coordination,enforcement,has_beneficiaries],[drifting_without_limit,no_exit_for_victims,unaccountable_extraction],actors(distributed,distributed),drift(rising,unknown,rising),zone(extreme,extreme))
infrastructure_interoperability_decay	six(shift(naturalized,tangled_rope,rope,snare),[asymmetric,coordination,enforcement,has_beneficiaries],[drifting_without_limit,no_exit_for_victims,unaccountable_extraction],actors(distributed,distributed),drift(rising,unknown,rising),zone(extreme,extreme))
infrastructure_investment_deferral	six(shift(tangled_rope,tangled_rope,tangled_rope,tangled_rope),[asymmetric,coordination,enforcement,has_beneficiaries],[drifting_without_limit,no_exit_for_victims,unaccountable_extraction],actors(distributed,distributed),drift(rising,unknown,rising),zone(extreme,extreme))
infrastructure_monopoly_power	six(shift(tangled_rope,tangled_rope,tangled_rope,tangled_rope),[asymmetric,coordination,enforcement,has_beneficiaries],[drifting_without_limit,no_exit_for_victims,unaccountable_extraction],actors(concentrated,distributed),drift(rising,unknown,rising),zone(extreme,extreme))
infrastructure_resilience_degradation	six(shift(tangled_rope,tangled_rope,tangled_rope,tangled_rope),[asymmetric,coordination,enforcement,has_beneficiaries],[drifting_without_limit,no_exit_for_victims,unaccountable_extraction],actors(distributed,distributed),drift(rising,unknown,rising),zone(extreme,extreme))
inheritance_obligation_asymmetry	six(shift(naturalized,tangled_rope,rope,snare),[asymmetric,coordination,enforcement,has_beneficiaries],[drifting_without_limit,no_exit_for_victims,unaccountable_extraction],actors(distributed,distributed),drift(rising,unknown,rising),zone(extreme,extreme))
inner_models	six(shift(tangled_rope,tangled_rope,tangled_rope,tangled_rope),[asymmetric,coordination,enforcement,has_beneficiaries],[drifting_without_limit,no_exit_for_victims,unaccountable_extraction],actors(distributed,distributed),drift(rising,unknown,rising),zone(extreme,extreme))
inner_speech_cultivation	six(shift(tangled_rope,tangled_rope,rope,tangled_rope),[asymmetric,coordination,enforcement,has_beneficiaries],[drifting_without_limit,no_exit_for_victims,unaccountable_extraction],actors(distributed,distributed),drift(rising,unknown,rising),zone(extreme,high))
innovation_diffusion_barriers	six(shift(tangled_rope,tangled_rope,naturalized,tangled_rope),[asymmetric,coordination,enforcement,has_beneficiaries],[drifting_without_limit,no_exit_for_victims,unaccountable_extraction],actors(distributed,distributed),drift(rising,unknown,rising),zone(extreme,high))
innovation_ecosystem_velocity	six(shift(tangled_rope,tangled_rope,tangled_rope,tangled_rope),[asymmetric,coordination,enforcement,has_beneficiaries],[drifting_without_limit,no_exit_for_victims,unaccountable_extraction],actors(distributed,distributed),drift(rising,unknown,rising),zone(extreme,high))
innovation_opportunity_cost	six(shift(tangled_rope,tangled_rope,tangled_rope,tangled_rope),[asymmetric,coordination,enforcement,has_beneficiaries],[drifting_without_limit,no_exit_for_victims,unaccountable_extraction],actors(distributed,distributed),drift(rising,unknown,rising),zone(extreme,high))
innovation_valley_of_death	six(shift(tangled_rope,tangled_rope,tangled_rope,tangled_rope),[asymmetric,coordination,enforcement,has_beneficiaries],[drifting_without_limit,no_exit_for_victims,unaccountable_extraction],actors(distributed,distributed),drift(rising,unknown,rising),zone(extreme,extreme))
innovators_dilemma	six(shift(tangled_rope,tangled_rope,tangled_rope,tangled_rope),[asymmetric,coordination,enforcement,has_beneficiaries],[drifting_without_limit,no_exit_for_victims,unaccountable_extraction],actors(distributed,distributed),drift(rising,unknown,rising),zone(extreme,high))
input_specification_failure	six(shift(mountain,mountain,mountain,mountain),[has_theater,natural],[],actors(none,none),drift(unknown,unknown,unknown),zone(negligible,negligible))
institutional_accommodation_access	six(shift(tangled_rope,tangled_rope,tangled_rope,tangled_rope),[asymmetric,coordination,enforcement,has_beneficiaries],[drifting_without_limit,no_exit_for_victims,unaccountable_extraction],actors(distributed,distributed),drift(rising,unknown,rising),zone(extreme,high))
institutional_ai_adoption_inequality	six(shift(tangled_rope,tangled_rope,tangled_rope,tangled_rope),[asymmetric,coordination,enforcement,has_beneficiaries],[drifting_without_limit,no_exit_for_victims,unaccountable_extraction],actors(distributed,distributed),drift(rising,unknown,rising),zone(extreme,extreme))
institutional_capacity_erosion	six(shift(tangled_rope,tangled_rope,tangled_rope,tangled_rope),[asymmetric,coordination,enforcement,has_beneficiaries],[drifting_without_limit,no_exit_for_victims,unaccountable_extraction],actors(distributed,distributed),drift(rising,unknown,rising),zone(extreme,extreme))
institutional_capture_of_regulators	six(shift(snare,snare,tangled_rope,snare),[asymmetric,coordination,enforcement,has_beneficiaries],[drifting_without_limit,no_exit_for_victims,unaccountable_extraction],actors(concentrated,distributed),drift(rising,unknown,rising),zone(extreme,extreme))
institutional_capture_of_trafficking_investigations	six(shift(tangled_rope,tangled_rope,tangled_rope,tangled_rope),[asymmetric,coordination,enforcement,has_beneficiaries],[drifting_without_limit,no_exit_for_victims,unaccountable_extraction],actors(distributed,distributed),drift(rising,unknown,rising),zone(extreme,extreme))
institutional_capture_snare	six(shift(unknown,snare,snare,snare),[asymmetric,enforcement,has_victims],[coercion_without_coordination,drifting_without_limit,no_exit_for_victims,unaccountable_extraction,undocumented_coordination],actors(none,distributed),drift(rising,unknown,rising),zone(extreme,extreme))
institutional_compliance_theater	six(shift(tangled_rope,tangled_rope,tangled_rope,tangled_rope),[asymmetric,coordination,enforcement,has_beneficiaries],[drifting_without_limit,no_exit_for_victims,unaccountable_extraction],actors(distributed,distributed),drift(rising,unknown,rising),zone(extreme,extreme))
institutional_consensus_enforcement	six(shift(tangled_rope,tangled_rope,tangled_rope,tangled_rope),[asymmetric,coordination,enforcement,has_beneficiaries],[drifting_without_limit,no_exit_for_victims,unaccountable_extraction],actors(distributed,distributed),drift(rising,unknown,rising),zone(extreme,extreme))
institutional_credentialing_monopoly	six(shift(tangled_rope,tangled_rope,tangled_rope,tangled_rope),[asymmetric,coordination,enforcement,has_beneficiaries],[drifting_without_limit,no_exit_for_victims,unaccountable_extraction],actors(distributed,distributed),drift(rising,unknown,rising),zone(extreme,extreme))
institutional_credibility_erosion	six(shift(tangled_rope,tangled_rope,tangled_rope,tangled_rope),[asymmetric,coordination,enforcement,has_beneficiaries],[drifting_without_limit,no_exit_for_victims,unaccountable_extraction],actors(distributed,distributed),drift(rising,unknown,rising),zone(extreme,high))
institutional_degradation	six(shift(tangled_rope,tangled_rope,tangled_rope,tangled_rope),[asymmetric,coordination,enforcement,has_beneficiaries],[drifting_without_limit,no_exit_for_victims,unaccountable_extraction],actors(distributed,distributed),drift(rising,unknown,rising),zone(extreme,extreme))
institutional_drift_detection_failure	six(shift(tangled_rope,tangled_rope,tangled_rope,tangled_rope),[asymmetric,coordination,enforcement,has_beneficiaries],[drifting_without_limit,no_exit_for_victims,unaccountable_extraction],actors(distributed,distributed),drift(rising,unknown,rising),zone(extreme,extreme))
institutional_epistemic_authority	six(shift(tangled_rope,tangled_rope,tangled_rope,tangled_rope),[asymmetric,coordination,enforcement,has_beneficiaries],[drifting_without_limit,no_exit_for_victims,unaccountable_extraction],actors(distributed,distributed),drift(rising,unknown,rising),zone(extreme,extreme))
institutional_epistemic_authority_concentration	six(shift(tangled_rope,tangled_rope,tangled_rope,tangled_rope),[asymmetric,coordination,enforcement,has_beneficiaries],[drifting_without_limit,no_exit_for_victims,unaccountable_extraction],actors(distributed,distributed),drift(rising,unknown,rising),zone(extreme,extreme))
institutional_evidence_disclosure_asymmetry	six(shift(tangled_rope,tangled_rope,tangled_rope,tangled_rope),[asymmetric,coordination,enforcement,has_beneficiaries],[drifting_without_limit,no_exit_for_victims,unaccountable_extraction],actors(distributed,distributed),drift(rising,unknown,rising),zone(extreme,extreme))
institutional_framing_tangled_rope	six(shift(naturalized,tangled_rope,rope,snare),[asymmetric,coordination,enforcement,has_beneficiaries],[drifting_without_limit,no_exit_for_victims,unaccountable_extraction],actors(distributed,distributed),drift(rising,unknown,rising),zone(extreme,extreme))
institutional_friction_necessity	six(shift(tangled_rope,snare,rope,snare),[asymmetric,coordination,enforcement,has_beneficiaries],[drifting_without_limit,no_exit_for_victims,unaccountable_extraction],actors(distributed,distributed),drift(rising,unknown,rising),zone(extreme,extreme))
institutional_gatekeeping	six(shift(tangled_rope,tangled_rope,tangled_rope,tangled_rope),[asymmetric,coordination,enforcement,has_beneficiaries],[drifting_without_limit,no_exit_for_victims,unaccountable_extraction],actors(distributed,distributed),drift(rising,unknown,rising),zone(extreme,extreme))
institutional_gatekeeping_professional_norms	six(shift(tangled_rope,tangled_rope,tangled_rope,tangled_rope),[asymmetric,coordination,enforcement,has_beneficiaries],[drifting_without_limit,no_exit_for_victims,unaccountable_extraction],actors(distributed,distributed),drift(rising,unknown,rising),zone(extreme,extreme))
institutional_inertia_lock	six(shift(tangled_rope,tangled_rope,tangled_rope,tangled_rope),[asymmetric,coordination,enforcement,has_beneficiaries],[drifting_without_limit,no_exit_for_victims,unaccountable_extraction],actors(distributed,distributed),drift(rising,unknown,rising),zone(extreme,extreme))
institutional_investor_duration_mismatch	six(shift(tangled_rope,tangled_rope,tangled_rope,tangled_rope),[asymmetric,coordination,enforcement,has_beneficiaries],[drifting_without_limit,no_exit_for_victims,unaccountable_extraction],actors(distributed,distributed),drift(rising,unknown,rising),zone(extreme,extreme))
institutional_investor_governance_power	six(shift(tangled_rope,tangled_rope,rope,snare),[asymmetric,coordination,enforcement,has_beneficiaries],[drifting_without_limit,no_exit_for_victims,unaccountable_extraction],actors(distributed,distributed),drift(rising,unknown,rising),zone(extreme,extreme))
institutional_knowledge_validation	six(shift(tangled_rope,tangled_rope,naturalized,tangled_rope),[asymmetric,coordination,enforcement,has_beneficiaries],[drifting_without_limit,no_exit_for_victims,unaccountable_extraction],actors(distributed,distributed),drift(rising,unknown,rising),zone(extreme,high))
institutional_legitimacy_collapse	six(shift(tangled_rope,tangled_rope,tangled_rope,tangled_rope),[asymmetric,coordination,enforcement,has_beneficiaries],[drifting_without_limit,no_exit_for_victims,unaccountable_extraction],actors(distributed,distributed),drift(rising,unknown,rising),zone(extreme,extreme))
institutional_legitimacy_crisis	six(shift(tangled_rope,tangled_rope,tangled_rope,tangled_rope),[asymmetric,coordination,enforcement,has_beneficiaries],[drifting_without_limit,no_exit_for_victims,unaccountable_extraction],actors(distributed,distributed),drift(rising,unknown,rising),zone(extreme,extreme))
institutional_legitimacy_deficit	six(shift(tangled_rope,tangled_rope,tangled_rope,tangled_rope),[asymmetric,coordination,enforcement,has_beneficiaries],[drifting_without_limit,no_exit_for_victims,unaccountable_extraction],actors(distributed,distributed),drift(rising,unknown,rising),zone(extreme,extreme))
institutional_legitimacy_erosion	six(shift(tangled_rope,tangled_rope,tangled_rope,tangled_rope),[asymmetric,coordination,enforcement,has_beneficiaries],[drifting_without_limit,no_exit_for_victims,unaccountable_extraction],actors(distributed,distributed),drift(rising,unknown,rising),zone(extreme,high))
institutional_legitimacy_through_compliance	six(shift(tangled_rope,tangled_rope,tangled_rope,tangled_rope),[asymmetric,coordination,enforcement,has_beneficiaries],[drifting_without_limit,no_exit_for_victims,unaccountable_extraction],actors(distributed,distributed),drift(rising,unknown,rising),zone(extreme,extreme))
institutional_legitimacy_through_false_precision	six(shift(tangled_rope,tangled_rope,naturalized,tangled_rope),[asymmetric,coordination,enforcement,has_beneficiaries],[drifting_without_limit,no_exit_for_victims,unaccountable_extraction],actors(distributed,distributed),drift(rising,unknown,rising),zone(extreme,high))
institutional_legitimacy_without_consent	six(shift(tangled_rope,tangled_rope,tangled_rope,tangled_rope),[asymmetric,coordination,enforcement,has_beneficiaries],[drifting_without_limit,no_exit_for_victims,unaccountable_extraction],actors(distributed,distributed),drift(rising,unknown,rising),zone(extreme,extreme))
institutional_legitimation_theater	six(shift(tangled_rope,tangled_rope,tangled_rope,tangled_rope),[asymmetric,coordination,enforcement,has_beneficiaries],[drifting_without_limit,no_exit_for_victims,unaccountable_extraction],actors(distributed,distributed),drift(rising,unknown,rising),zone(extreme,extreme))
institutional_mandate_vs_autonomy	six(shift(tangled_rope,tangled_rope,rope,tangled_rope),[asymmetric,coordination,enforcement,has_beneficiaries],[drifting_without_limit,no_exit_for_victims,unaccountable_extraction],actors(distributed,distributed),drift(rising,unknown,rising),zone(extreme,extreme))
institutional_memory_loss	six(shift(tangled_rope,tangled_rope,tangled_rope,tangled_rope),[asymmetric,coordination,enforcement,has_beneficiaries],[drifting_without_limit,no_exit_for_victims,unaccountable_extraction],actors(distributed,distributed),drift(rising,unknown,rising),zone(extreme,extreme))
institutional_messaging_discipline	six(shift(naturalized,tangled_rope,naturalized,snare),[asymmetric,coordination,enforcement,has_beneficiaries],[drifting_without_limit,no_exit_for_victims,unaccountable_extraction],actors(distributed,distributed),drift(rising,unknown,rising),zone(extreme,extreme))
institutional_metric_gaming	six(shift(tangled_rope,tangled_rope,tangled_rope,tangled_rope),[asymmetric,coordination,enforcement,has_beneficiaries],[drifting_without_limit,no_exit_for_victims,unaccountable_extraction],actors(distributed,distributed),drift(rising,unknown,rising),zone(extreme,extreme))
institutional_metrics_gaming	six(shift(tangled_rope,tangled_rope,tangled_rope,tangled_rope),[asymmetric,coordination,enforcement,has_beneficiaries],[drifting_without_limit,no_exit_for_victims,unaccountable_extraction],actors(distributed,distributed),drift(rising,unknown,rising),zone(extreme,extreme))
institutional_mutation_domestication	six(shift(tangled_rope,tangled_rope,rope,tangled_rope),[asymmetric,coordination,enforcement,has_beneficiaries],[drifting_without_limit,no_exit_for_victims,unaccountable_extraction],actors(distributed,distributed),drift(rising,unknown,rising),zone(extreme,high))
institutional_mutation_without_selection	six(shift(piton,unknown,rope,snare),[asymmetric,enforcement,has_victims],[coercion_without_coordination,drifting_without_limit,no_exit_for_victims,unaccountable_extraction,undocumented_coordination],actors(none,distributed),drift(rising,unknown,rising),zone(extreme,extreme))
institutional_narrative_control	six(shift(tangled_rope,tangled_rope,tangled_rope,tangled_rope),[asymmetric,coordination,enforcement,has_beneficiaries],[drifting_without_limit,no_exit_for_victims,unaccountable_extraction],actors(distributed,distributed),drift(rising,unknown,rising),zone(extreme,extreme))
institutional_negligence_concealment	six(shift(tangled_rope,snare,rope,snare),[asymmetric,coordination,enforcement,has_beneficiaries],[drifting_without_limit,no_exit_for_victims,unaccountable_extraction],actors(distributed,distributed),drift(rising,unknown,rising),zone(extreme,extreme))
institutional_ontology_gatekeeping	six(shift(tangled_rope,tangled_rope,tangled_rope,tangled_rope),[asymmetric,coordination,enforcement,has_beneficiaries],[drifting_without_limit,no_exit_for_victims,unaccountable_extraction],actors(distributed,distributed),drift(falling,unknown,rising),zone(extreme,extreme))
institutional_path_dependence	six(shift(tangled_rope,tangled_rope,tangled_rope,tangled_rope),[asymmetric,coordination,enforcement,has_beneficiaries],[drifting_without_limit,no_exit_for_victims,unaccountable_extraction],actors(distributed,distributed),drift(rising,unknown,rising),zone(extreme,extreme))
institutional_path_dependency	six(shift(tangled_rope,tangled_rope,tangled_rope,tangled_rope),[asymmetric,coordination,enforcement,has_beneficiaries],[drifting_without_limit,no_exit_for_victims,unaccountable_extraction],actors(distributed,distributed),drift(rising,unknown,rising),zone(extreme,extreme))
institutional_prestige_hierarchy	six(shift(tangled_rope,tangled_rope,tangled_rope,tangled_rope),[asymmetric,coordination,enforcement,has_beneficiaries],[drifting_without_limit,no_exit_for_victims,unaccountable_extraction],actors(distributed,distributed),drift(rising,unknown,rising),zone(extreme,extreme))
institutional_reform_capacity	six(shift(tangled_rope,tangled_rope,tangled_rope,tangled_rope),[asymmetric,coordination,enforcement,has_beneficiaries],[drifting_without_limit,no_exit_for_victims,unaccountable_extraction],actors(distributed,distributed),drift(rising,unknown,rising),zone(extreme,extreme))
institutional_rent_seeking	six(shift(naturalized,tangled_rope,tangled_rope,snare),[asymmetric,coordination,enforcement,has_beneficiaries],[drifting_without_limit,no_exit_for_victims,unaccountable_extraction],actors(distributed,distributed),drift(rising,unknown,rising),zone(extreme,extreme))
institutional_reputation_laundering	six(shift(tangled_rope,tangled_rope,tangled_rope,tangled_rope),[asymmetric,coordination,enforcement,has_beneficiaries],[drifting_without_limit,no_exit_for_victims,unaccountable_extraction],actors(distributed,distributed),drift(rising,unknown,rising),zone(extreme,extreme))
institutional_resource_scarcity	six(shift(tangled_rope,tangled_rope,tangled_rope,tangled_rope),[asymmetric,coordination,enforcement,has_beneficiaries],[drifting_without_limit,no_exit_for_victims,unaccountable_extraction],actors(distributed,distributed),drift(rising,unknown,rising),zone(extreme,high))
institutional_selection_bias	six(shift(tangled_rope,tangled_rope,tangled_rope,tangled_rope),[asymmetric,coordination,enforcement,has_beneficiaries],[drifting_without_limit,no_exit_for_victims,unaccountable_extraction],actors(distributed,distributed),drift(rising,unknown,rising),zone(extreme,extreme))
institutional_signal_degradation	six(shift(tangled_rope,tangled_rope,tangled_rope,tangled_rope),[asymmetric,coordination,enforcement,has_beneficiaries],[drifting_without_limit,no_exit_for_victims,unaccountable_extraction],actors(distributed,distributed),drift(rising,unknown,rising),zone(extreme,extreme))
institutional_trust_decay	six(shift(tangled_rope,unknown,tangled_rope,tangled_rope),[asymmetric,enforcement,has_victims],[coercion_without_coordination,drifting_without_limit,no_exit_for_victims,unaccountable_extraction,undocumented_coordination],actors(none,distributed),drift(rising,unknown,rising),zone(extreme,extreme))
institutional_trust_erosion	six(shift(tangled_rope,tangled_rope,tangled_rope,tangled_rope),[asymmetric,coordination,enforcement,has_beneficiaries],[drifting_without_limit,no_exit_for_victims,unaccountable_extraction],actors(distributed,distributed),drift(rising,unknown,rising),zone(extreme,extreme))
institutional_truth_capacity	six(shift(tangled_rope,tangled_rope,tangled_rope,tangled_rope),[asymmetric,coordination,enforcement,has_beneficiaries],[drifting_without_limit,no_exit_for_victims,unaccountable_extraction],actors(distributed,distributed),drift(rising,unknown,rising),zone(extreme,extreme))
instrument_object_identity	six(shift(mountain,mountain,mountain,mountain),[has_theater,natural],[],actors(none,none),drift(unknown,unknown,unknown),zone(negligible,negligible))
insulin_pricing_cliff	six(shift(snare,snare,rope,snare),[asymmetric,coordination,enforcement,has_beneficiaries],[drifting_without_limit,no_exit_for_victims,unaccountable_extraction],actors(distributed,distributed),drift(rising,unknown,rising),zone(extreme,extreme))
insult_wisdom_training	six(shift(tangled_rope,tangled_rope,rope,snare),[asymmetric,coordination,enforcement,has_beneficiaries],[drifting_without_limit,no_exit_for_victims,unaccountable_extraction],actors(distributed,concentrated),drift(rising,unknown,rising),zone(extreme,extreme))
insurance_loss_recognition_timing	six(shift(tangled_rope,tangled_rope,rope,tangled_rope),[asymmetric,coordination,enforcement,has_beneficiaries],[drifting_without_limit,no_exit_for_victims,unaccountable_extraction],actors(distributed,distributed),drift(rising,unknown,rising),zone(extreme,high))
insurance_risk_stratification	six(shift(tangled_rope,tangled_rope,tangled_rope,tangled_rope),[asymmetric,coordination,enforcement,has_beneficiaries],[drifting_without_limit,no_exit_for_victims,unaccountable_extraction],actors(distributed,distributed),drift(rising,unknown,rising),zone(extreme,extreme))
integrated_digital_governance_stack	six(shift(tangled_rope,tangled_rope,tangled_rope,tangled_rope),[asymmetric,coordination,enforcement,has_beneficiaries],[drifting_without_limit,no_exit_for_victims,unaccountable_extraction],actors(distributed,distributed),drift(rising,unknown,rising),zone(extreme,extreme))
integrated_photonics_ecosystem	six(shift(tangled_rope,tangled_rope,tangled_rope,tangled_rope),[asymmetric,coordination,enforcement,has_beneficiaries],[drifting_without_limit,no_exit_for_victims,unaccountable_extraction],actors(distributed,distributed),drift(rising,unknown,rising),zone(extreme,high))
integration_by_parts	six(shift(mountain,mountain,mountain,mountain),[has_temporal_data,natural],[],actors(none,none),drift(stable,unknown,stable),zone(negligible,negligible))
intellectual_community_fragmentation	six(shift(tangled_rope,tangled_rope,tangled_rope,tangled_rope),[asymmetric,coordination,enforcement,has_beneficiaries],[drifting_without_limit,no_exit_for_victims,unaccountable_extraction],actors(distributed,distributed),drift(rising,unknown,rising),zone(extreme,high))
intellectual_property_asymmetry	six(shift(tangled_rope,tangled_rope,tangled_rope,tangled_rope),[asymmetric,coordination,enforcement,has_beneficiaries],[drifting_without_limit,no_exit_for_victims,unaccountable_extraction],actors(distributed,distributed),drift(rising,unknown,rising),zone(extreme,extreme))
intellectual_property_lock_in	six(shift(tangled_rope,tangled_rope,tangled_rope,tangled_rope),[asymmetric,coordination,enforcement,has_beneficiaries],[drifting_without_limit,no_exit_for_victims,unaccountable_extraction],actors(distributed,distributed),drift(rising,unknown,rising),zone(extreme,extreme))
intelligence_analyst_autonomy	six(shift(tangled_rope,tangled_rope,rope,snare),[asymmetric,coordination,enforcement,has_beneficiaries],[drifting_without_limit,no_exit_for_victims,unaccountable_extraction],actors(distributed,distributed),drift(rising,unknown,rising),zone(extreme,extreme))
intelligence_as_sovereignty_transfer	six(shift(tangled_rope,tangled_rope,rope,tangled_rope),[asymmetric,coordination,enforcement,has_beneficiaries],[no_exit_for_victims],actors(distributed,distributed),drift(rising,unknown,rising),zone(low,high))
intelligence_source_protection_norms	six(shift(tangled_rope,tangled_rope,tangled_rope,tangled_rope),[asymmetric,coordination,enforcement,has_beneficiaries],[drifting_without_limit,no_exit_for_victims,unaccountable_extraction],actors(distributed,distributed),drift(rising,unknown,rising),zone(extreme,extreme))
intelligent_design_methodology	six(shift(tangled_rope,tangled_rope,tangled_rope,tangled_rope),[asymmetric,coordination,enforcement,has_beneficiaries],[drifting_without_limit,no_exit_for_victims,unaccountable_extraction],actors(distributed,distributed),drift(rising,unknown,rising),zone(extreme,extreme))
interaction_explosion	six(shift(tangled_rope,tangled_rope,tangled_rope,tangled_rope),[asymmetric,coordination,enforcement,has_beneficiaries],[drifting_without_limit,no_exit_for_victims,unaccountable_extraction],actors(distributed,distributed),drift(rising,unknown,rising),zone(extreme,extreme))
interdisciplinary_synthesis_barriers	six(shift(tangled_rope,tangled_rope,tangled_rope,tangled_rope),[asymmetric,coordination,enforcement,has_beneficiaries],[drifting_without_limit,no_exit_for_victims,unaccountable_extraction],actors(distributed,distributed),drift(rising,unknown,rising),zone(extreme,high))
interface_contract_breakdown	six(shift(tangled_rope,tangled_rope,tangled_rope,tangled_rope),[asymmetric,coordination,enforcement,has_beneficiaries],[drifting_without_limit,no_exit_for_victims,unaccountable_extraction],actors(concentrated,distributed),drift(rising,unknown,rising),zone(extreme,high))
intergenerational_resource_transfer	six(shift(tangled_rope,tangled_rope,tangled_rope,tangled_rope),[asymmetric,coordination,enforcement,has_beneficiaries],[drifting_without_limit,no_exit_for_victims,unaccountable_extraction],actors(distributed,distributed),drift(rising,unknown,rising),zone(extreme,high))
intergenerational_wage_compression	six(shift(tangled_rope,tangled_rope,rope,snare),[asymmetric,coordination,enforcement,has_beneficiaries],[drifting_without_limit,no_exit_for_victims,unaccountable_extraction],actors(distributed,distributed),drift(rising,unknown,rising),zone(extreme,extreme))
intergenerational_wealth_concentration	six(shift(tangled_rope,tangled_rope,tangled_rope,tangled_rope),[asymmetric,coordination,enforcement,has_beneficiaries],[drifting_without_limit,no_exit_for_victims,unaccountable_extraction],actors(distributed,distributed),drift(rising,unknown,rising),zone(extreme,extreme))
intergenerational_wealth_transfer	six(shift(tangled_rope,tangled_rope,tangled_rope,tangled_rope),[asymmetric,coordination,enforcement,has_beneficiaries],[drifting_without_limit,no_exit_for_victims,unaccountable_extraction],actors(distributed,distributed),drift(rising,unknown,rising),zone(extreme,extreme))
intermediate_range_nuclear_forces	six(shift(tangled_rope,tangled_rope,tangled_rope,tangled_rope),[asymmetric,coordination,enforcement,has_beneficiaries],[drifting_without_limit,no_exit_for_victims,unaccountable_extraction],actors(concentrated,distributed),drift(rising,unknown,rising),zone(extreme,extreme))
international_climate_commitment_compliance	six(shift(tangled_rope,tangled_rope,tangled_rope,tangled_rope),[asymmetric,coordination,enforcement,has_beneficiaries],[drifting_without_limit,no_exit_for_victims,unaccountable_extraction],actors(distributed,distributed),drift(rising,unknown,rising),zone(extreme,extreme))
international_criminal_court_enforcement	six(shift(tangled_rope,tangled_rope,tangled_rope,tangled_rope),[asymmetric,coordination,enforcement,has_beneficiaries],[drifting_without_limit,no_exit_for_victims,unaccountable_extraction],actors(distributed,distributed),drift(rising,unknown,rising),zone(extreme,extreme))
international_development_inequality	six(shift(tangled_rope,tangled_rope,tangled_rope,tangled_rope),[asymmetric,coordination,enforcement,has_beneficiaries],[drifting_without_limit,no_exit_for_victims,unaccountable_extraction],actors(distributed,distributed),drift(rising,unknown,rising),zone(extreme,extreme))
international_dispute_resolution_capacity	six(shift(tangled_rope,tangled_rope,rope,tangled_rope),[asymmetric,coordination,enforcement,has_beneficiaries],[drifting_without_limit,no_exit_for_victims,unaccountable_extraction],actors(distributed,distributed),drift(rising,unknown,rising),zone(extreme,high))
international_law_enforcement_gatekeeping	six(shift(tangled_rope,tangled_rope,tangled_rope,tangled_rope),[asymmetric,coordination,enforcement,has_beneficiaries],[drifting_without_limit,no_exit_for_victims,unaccountable_extraction],actors(distributed,distributed),drift(rising,unknown,rising),zone(extreme,extreme))
international_legal_regime_fragmentation	six(shift(tangled_rope,tangled_rope,tangled_rope,tangled_rope),[asymmetric,coordination,enforcement,has_beneficiaries],[drifting_without_limit,no_exit_for_victims,unaccountable_extraction],actors(distributed,distributed),drift(rising,unknown,rising),zone(extreme,extreme))
international_ngo_operational_reduction	six(shift(tangled_rope,tangled_rope,tangled_rope,tangled_rope),[asymmetric,coordination,enforcement,has_beneficiaries],[drifting_without_limit,no_exit_for_victims,unaccountable_extraction],actors(concentrated,distributed),drift(rising,unknown,rising),zone(extreme,extreme))
international_publishing_access	six(shift(tangled_rope,tangled_rope,tangled_rope,tangled_rope),[asymmetric,coordination,enforcement,has_beneficiaries],[drifting_without_limit,no_exit_for_victims,unaccountable_extraction],actors(distributed,distributed),drift(rising,unknown,rising),zone(extreme,extreme))
international_recognition_architecture	six(shift(tangled_rope,tangled_rope,tangled_rope,tangled_rope),[asymmetric,coordination,enforcement,has_beneficiaries],[drifting_without_limit,no_exit_for_victims,unaccountable_extraction],actors(distributed,distributed),drift(rising,unknown,rising),zone(extreme,extreme))
international_sanctions_regime	six(shift(tangled_rope,tangled_rope,rope,snare),[asymmetric,coordination,enforcement,has_beneficiaries],[drifting_without_limit,no_exit_for_victims,unaccountable_extraction],actors(distributed,distributed),drift(rising,unknown,rising),zone(extreme,extreme))
international_sports_federation_governance	six(shift(tangled_rope,tangled_rope,tangled_rope,tangled_rope),[asymmetric,coordination,enforcement,has_beneficiaries],[drifting_without_limit,no_exit_for_victims,unaccountable_extraction],actors(distributed,distributed),drift(rising,unknown,rising),zone(extreme,extreme))
international_student_economic_impact	six(shift(tangled_rope,tangled_rope,tangled_rope,tangled_rope),[asymmetric,coordination,enforcement,has_beneficiaries],[drifting_without_limit,no_exit_for_victims,unaccountable_extraction],actors(distributed,distributed),drift(rising,unknown,rising),zone(extreme,high))
internet_archive_preservation	six(shift(tangled_rope,tangled_rope,tangled_rope,tangled_rope),[asymmetric,coordination,enforcement,has_beneficiaries],[drifting_without_limit,no_exit_for_victims,unaccountable_extraction],actors(distributed,distributed),drift(rising,unknown,rising),zone(extreme,extreme))
internet_evolution_lifecycle	six(shift(tangled_rope,tangled_rope,naturalized,tangled_rope),[asymmetric,coordination,enforcement,has_beneficiaries],[drifting_without_limit,no_exit_for_victims,unaccountable_extraction],actors(distributed,distributed),drift(rising,unknown,rising),zone(extreme,high))
internet_protocol_lock_in	six(shift(tangled_rope,tangled_rope,tangled_rope,tangled_rope),[asymmetric,coordination,enforcement,has_beneficiaries],[drifting_without_limit,no_exit_for_victims,unaccountable_extraction],actors(distributed,distributed),drift(rising,unknown,rising),zone(extreme,extreme))
interoperability_mandate_enforcement	six(shift(tangled_rope,tangled_rope,tangled_rope,snare),[asymmetric,coordination,enforcement,has_beneficiaries],[drifting_without_limit,no_exit_for_victims,unaccountable_extraction],actors(distributed,distributed),drift(rising,unknown,rising),zone(extreme,extreme))
interoperability_protocol_standards	six(shift(tangled_rope,tangled_rope,tangled_rope,tangled_rope),[asymmetric,coordination,enforcement,has_beneficiaries],[no_exit_for_victims],actors(distributed,distributed),drift(rising,unknown,rising),zone(low,high))
interpersonal_narrative_monopoly	six(shift(tangled_rope,tangled_rope,tangled_rope,tangled_rope),[asymmetric,coordination,enforcement,has_beneficiaries],[drifting_without_limit,no_exit_for_victims,unaccountable_extraction],actors(concentrated,distributed),drift(rising,unknown,rising),zone(extreme,extreme))
interpretability_transparency_standards	six(shift(tangled_rope,tangled_rope,naturalized,tangled_rope),[asymmetric,coordination,enforcement,has_beneficiaries],[drifting_without_limit,no_exit_for_victims,unaccountable_extraction],actors(distributed,distributed),drift(rising,unknown,rising),zone(extreme,high))
interprovincial_trade_friction	six(shift(tangled_rope,tangled_rope,naturalized,tangled_rope),[asymmetric,coordination,enforcement,has_beneficiaries],[drifting_without_limit,no_exit_for_victims,unaccountable_extraction],actors(distributed,distributed),drift(rising,unknown,rising),zone(extreme,high))
interstate_commerce_friction	six(shift(tangled_rope,tangled_rope,naturalized,tangled_rope),[asymmetric,coordination,enforcement,has_beneficiaries],[drifting_without_limit,no_exit_for_victims,unaccountable_extraction],actors(distributed,distributed),drift(rising,unknown,rising),zone(extreme,high))
interstate_education_reciprocity	six(shift(tangled_rope,tangled_rope,rope,tangled_rope),[asymmetric,coordination,enforcement,has_beneficiaries],[drifting_without_limit,no_exit_for_victims,unaccountable_extraction],actors(distributed,distributed),drift(rising,unknown,rising),zone(extreme,high))
intertemporal_responsibility_gap	six(shift(tangled_rope,tangled_rope,tangled_rope,tangled_rope),[asymmetric,coordination,enforcement,has_beneficiaries],[drifting_without_limit,no_exit_for_victims,unaccountable_extraction],actors(distributed,distributed),drift(rising,unknown,rising),zone(extreme,extreme))
interview_bias_and_assessment_opacity	six(shift(tangled_rope,tangled_rope,tangled_rope,tangled_rope),[asymmetric,coordination,enforcement,has_beneficiaries],[drifting_without_limit,no_exit_for_victims,unaccountable_extraction],actors(distributed,distributed),drift(rising,unknown,rising),zone(extreme,extreme))
introspective_access_limits	six(shift(mountain,scaffold,scaffold,mountain),[coordination,has_beneficiaries,natural],[],actors(concentrated,none),drift(stable,unknown,stable),zone(negligible,negligible))
inventory_whiplash	six(shift(naturalized,tangled_rope,naturalized,tangled_rope),[asymmetric,coordination,enforcement,has_beneficiaries],[drifting_without_limit,no_exit_for_victims,unaccountable_extraction],actors(distributed,distributed),drift(rising,unknown,rising),zone(extreme,extreme))
inverse_spin_valve_signature	six(shift(tangled_rope,tangled_rope,tangled_rope,tangled_rope),[asymmetric,coordination,enforcement,has_beneficiaries],[no_exit_for_victims],actors(distributed,distributed),drift(rising,unknown,rising),zone(low,high))
iran_hijab_law	six(shift(tangled_rope,snare,rope,snare),[asymmetric,coordination,enforcement,has_beneficiaries],[drifting_without_limit,no_exit_for_victims,unaccountable_extraction],actors(distributed,distributed),drift(rising,unknown,rising),zone(extreme,extreme))
iran_mandatrophic_collapse	six(shift(tangled_rope,tangled_rope,tangled_rope,tangled_rope),[asymmetric,coordination,enforcement,has_beneficiaries],[drifting_without_limit,no_exit_for_victims,unaccountable_extraction],actors(distributed,distributed),drift(rising,unknown,rising),zone(extreme,extreme))
iran_nuclear_deal_informal_2023	six(shift(naturalized,tangled_rope,tangled_rope,snare),[asymmetric,coordination,enforcement,has_beneficiaries],[drifting_without_limit,no_exit_for_victims,unaccountable_extraction],actors(distributed,distributed),drift(rising,unknown,rising),zone(extreme,extreme))
iranian_expansion_regional	six(shift(naturalized,tangled_rope,rope,snare),[asymmetric,coordination,enforcement,has_beneficiaries],[drifting_without_limit,no_exit_for_victims,unaccountable_extraction],actors(distributed,distributed),drift(rising,unknown,rising),zone(extreme,extreme))
iranian_nuclear_program_leverage	six(shift(tangled_rope,tangled_rope,tangled_rope,tangled_rope),[asymmetric,coordination,enforcement,has_beneficiaries],[drifting_without_limit,no_exit_for_victims,unaccountable_extraction],actors(distributed,distributed),drift(rising,unknown,rising),zone(extreme,extreme))
iranian_nuclear_proliferation_pathway	six(shift(tangled_rope,tangled_rope,tangled_rope,tangled_rope),[asymmetric,coordination,enforcement,has_beneficiaries],[drifting_without_limit,no_exit_for_victims,unaccountable_extraction],actors(distributed,distributed),drift(rising,unknown,rising),zone(extreme,extreme))
iranian_women_labor_market_participation	six(shift(tangled_rope,tangled_rope,tangled_rope,tangled_rope),[asymmetric,coordination,enforcement,has_beneficiaries],[drifting_without_limit,no_exit_for_victims,unaccountable_extraction],actors(distributed,distributed),drift(rising,unknown,rising),zone(extreme,extreme))
irgc_proxy_funding_constraints	six(shift(tangled_rope,snare,rope,snare),[asymmetric,coordination,enforcement,has_beneficiaries],[drifting_without_limit,no_exit_for_victims,unaccountable_extraction],actors(distributed,distributed),drift(rising,unknown,rising),zone(extreme,extreme))
irish_catholic_constraint	six(shift(tangled_rope,tangled_rope,tangled_rope,tangled_rope),[asymmetric,coordination,enforcement,has_beneficiaries],[drifting_without_limit,no_exit_for_victims,unaccountable_extraction],actors(distributed,distributed),drift(falling,unknown,rising),zone(extreme,extreme))
irish_cultural_suppression	six(shift(tangled_rope,tangled_rope,tangled_rope,tangled_rope),[asymmetric,coordination,enforcement,has_beneficiaries],[drifting_without_limit,no_exit_for_victims,unaccountable_extraction],actors(distributed,distributed),drift(rising,unknown,rising),zone(extreme,extreme))
irish_language_suppression	six(shift(tangled_rope,tangled_rope,tangled_rope,tangled_rope),[asymmetric,coordination,enforcement,has_beneficiaries],[drifting_without_limit,no_exit_for_victims,unaccountable_extraction],actors(distributed,distributed),drift(stable,unknown,rising),zone(extreme,extreme))
irish_nationalist_movement_1900s	six(shift(naturalized,tangled_rope,tangled_rope,snare),[asymmetric,coordination,enforcement,has_beneficiaries],[drifting_without_limit,no_exit_for_victims,unaccountable_extraction],actors(distributed,distributed),drift(rising,unknown,falling),zone(extreme,extreme))
irish_womens_legal_disability_1904	six(shift(tangled_rope,tangled_rope,tangled_rope,tangled_rope),[asymmetric,coordination,enforcement,has_beneficiaries],[drifting_without_limit,no_exit_for_victims,unaccountable_extraction],actors(distributed,distributed),drift(stable,unknown,falling),zone(extreme,extreme))
iron_law_of_oligarchy	six(shift(tangled_rope,tangled_rope,tangled_rope,tangled_rope),[asymmetric,coordination,enforcement,has_beneficiaries],[drifting_without_limit,no_exit_for_victims,unaccountable_extraction],actors(distributed,distributed),drift(rising,unknown,rising),zone(extreme,extreme))
iron_phase_diagram_at_extreme_pressure	six(shift(mountain,mountain,mountain,mountain),[has_temporal_data,natural],[],actors(none,none),drift(stable,unknown,stable),zone(negligible,negligible))
irony_absorption_mechanism	six(shift(tangled_rope,snare,tangled_rope,snare),[asymmetric,coordination,enforcement,has_beneficiaries],[drifting_without_limit,no_exit_for_victims,unaccountable_extraction],actors(distributed,distributed),drift(rising,unknown,rising),zone(extreme,extreme))
irreversible_policy_commitment	six(shift(tangled_rope,tangled_rope,tangled_rope,tangled_rope),[asymmetric,coordination,enforcement,has_beneficiaries],[drifting_without_limit,no_exit_for_victims,unaccountable_extraction],actors(distributed,distributed),drift(rising,unknown,rising),zone(extreme,extreme))
irrigation_infrastructure_path_dependence	six(shift(tangled_rope,tangled_rope,tangled_rope,tangled_rope),[asymmetric,coordination,enforcement,has_beneficiaries],[drifting_without_limit,no_exit_for_victims,unaccountable_extraction],actors(distributed,distributed),drift(rising,unknown,rising),zone(extreme,extreme))
isa_education_scaffold	six(shift(tangled_rope,tangled_rope,tangled_rope,tangled_rope),[asymmetric,coordination,enforcement,has_beneficiaries,sunset],[],actors(distributed,distributed),drift(rising,unknown,rising),zone(low,high))
island_state_climate_sovereignty	six(shift(tangled_rope,tangled_rope,tangled_rope,tangled_rope),[asymmetric,coordination,enforcement,has_beneficiaries],[drifting_without_limit,no_exit_for_victims,unaccountable_extraction],actors(distributed,distributed),drift(rising,unknown,rising),zone(extreme,extreme))
isolated_team_psychological_cohesion	six(shift(tangled_rope,tangled_rope,tangled_rope,tangled_rope),[asymmetric,coordination,enforcement,has_beneficiaries],[drifting_without_limit,no_exit_for_victims,unaccountable_extraction],actors(concentrated,distributed),drift(rising,unknown,rising),zone(extreme,extreme))
isolation_as_foreclosure	six(shift(tangled_rope,tangled_rope,rope,snare),[asymmetric,coordination,enforcement,has_beneficiaries],[drifting_without_limit,no_exit_for_victims,unaccountable_extraction],actors(concentrated,distributed),drift(rising,unknown,rising),zone(extreme,extreme))
israel_electoral_threshold	six(shift(tangled_rope,tangled_rope,tangled_rope,tangled_rope),[asymmetric,coordination,enforcement,has_beneficiaries],[drifting_without_limit,no_exit_for_victims,unaccountable_extraction],actors(distributed,distributed),drift(rising,unknown,rising),zone(extreme,extreme))
israel_gaza_ceasefire_violation	six(shift(unknown,tangled_rope,tangled_rope,tangled_rope),[asymmetric,enforcement,has_victims],[coercion_without_coordination,drifting_without_limit,no_exit_for_victims,unaccountable_extraction,undocumented_coordination],actors(none,distributed),drift(rising,unknown,rising),zone(extreme,extreme))
israel_norwegian_law	six(shift(tangled_rope,tangled_rope,rope,tangled_rope),[asymmetric,coordination,enforcement,has_beneficiaries],[no_exit_for_victims],actors(distributed,distributed),drift(rising,unknown,rising),zone(low,high))
israel_override_clause	six(shift(naturalized,tangled_rope,tangled_rope,snare),[asymmetric,coordination,enforcement,has_beneficiaries],[drifting_without_limit,no_exit_for_victims,unaccountable_extraction],actors(distributed,distributed),drift(rising,unknown,rising),zone(extreme,extreme))
israel_surplus_vote_agreements	six(shift(tangled_rope,tangled_rope,rope,tangled_rope),[asymmetric,coordination,enforcement,has_beneficiaries],[no_exit_for_victims],actors(distributed,distributed),drift(rising,unknown,rising),zone(low,high))
israeli_electoral_threshold_system	six(shift(tangled_rope,tangled_rope,rope,snare),[asymmetric,coordination,enforcement,has_beneficiaries],[drifting_without_limit,no_exit_for_victims,unaccountable_extraction],actors(distributed,distributed),drift(rising,unknown,rising),zone(extreme,extreme))
israeli_palestinian_power_asymmetry	six(shift(tangled_rope,snare,rope,snare),[asymmetric,coordination,enforcement,has_beneficiaries],[drifting_without_limit,no_exit_for_victims,unaccountable_extraction],actors(distributed,distributed),drift(rising,unknown,rising),zone(extreme,extreme))
israeli_settlement_expansion_legality	six(shift(tangled_rope,tangled_rope,tangled_rope,tangled_rope),[asymmetric,coordination,enforcement,has_beneficiaries],[drifting_without_limit,no_exit_for_victims,unaccountable_extraction],actors(distributed,distributed),drift(rising,unknown,rising),zone(extreme,extreme))
iss_ped_ban	six(shift(tangled_rope,tangled_rope,tangled_rope,tangled_rope),[asymmetric,coordination,enforcement,has_beneficiaries],[no_exit_for_victims],actors(distributed,distributed),drift(rising,unknown,rising),zone(low,extreme))
iterated_function_systems	six(shift(tangled_rope,tangled_rope,tangled_rope,tangled_rope),[asymmetric,coordination,enforcement,has_beneficiaries],[no_exit_for_victims],actors(distributed,distributed),drift(falling,unknown,rising),zone(low,high))
iterative_algorithm_correctness	six(shift(tangled_rope,tangled_rope,tangled_rope,tangled_rope),[coordination,has_beneficiaries],[],actors(distributed,none),drift(rising,unknown,rising),zone(low,low))
iud_market_capture_mechanism	six(shift(tangled_rope,tangled_rope,tangled_rope,tangled_rope),[asymmetric,coordination,enforcement,has_beneficiaries],[drifting_without_limit,no_exit_for_victims,unaccountable_extraction],actors(distributed,distributed),drift(rising,unknown,rising),zone(extreme,extreme))
ivf_embryo_selection_regulation	six(shift(tangled_rope,tangled_rope,tangled_rope,tangled_rope),[asymmetric,coordination,enforcement,has_beneficiaries],[drifting_without_limit,no_exit_for_victims,unaccountable_extraction],actors(distributed,distributed),drift(rising,unknown,rising),zone(extreme,extreme))
jati_proliferation_inner_container_drift	six(shift(tangled_rope,tangled_rope,tangled_rope,tangled_rope),[asymmetric,coordination,enforcement,has_beneficiaries],[drifting_without_limit,no_exit_for_victims,unaccountable_extraction],actors(distributed,distributed),drift(rising,unknown,rising),zone(extreme,extreme))
javascript_engine_variance	six(shift(tangled_rope,tangled_rope,tangled_rope,tangled_rope),[asymmetric,coordination,enforcement,has_beneficiaries],[drifting_without_limit,no_exit_for_victims,unaccountable_extraction],actors(distributed,distributed),drift(rising,unknown,rising),zone(extreme,extreme))
jcpoa_collapse_and_renewal	six(shift(naturalized,tangled_rope,snare,snare),[asymmetric,coordination,enforcement,has_beneficiaries],[drifting_without_limit,no_exit_for_victims,unaccountable_extraction],actors(distributed,distributed),drift(rising,unknown,rising),zone(extreme,extreme))
jevons_paradox	six(shift(tangled_rope,tangled_rope,tangled_rope,tangled_rope),[asymmetric,coordination,enforcement,has_beneficiaries],[no_exit_for_victims],actors(distributed,distributed),drift(rising,unknown,rising),zone(low,high))
jewish_diaspora_dublin_exclusion	six(shift(tangled_rope,tangled_rope,tangled_rope,tangled_rope),[asymmetric,coordination,enforcement,has_beneficiaries],[drifting_without_limit,no_exit_for_victims,unaccountable_extraction],actors(distributed,distributed),drift(falling,unknown,rising),zone(extreme,extreme))
job_hunt_volume_system_2026	six(shift(tangled_rope,tangled_rope,tangled_rope,tangled_rope),[asymmetric,coordination,enforcement,has_beneficiaries],[drifting_without_limit,no_exit_for_victims,unaccountable_extraction],actors(distributed,distributed),drift(rising,unknown,rising),zone(extreme,extreme))
job_market_clearinghouse	six(shift(tangled_rope,tangled_rope,tangled_rope,tangled_rope),[asymmetric,coordination,enforcement,has_beneficiaries],[drifting_without_limit,no_exit_for_victims,unaccountable_extraction],actors(distributed,distributed),drift(rising,unknown,rising),zone(extreme,high))
job_market_search_friction	six(shift(tangled_rope,tangled_rope,rope,tangled_rope),[asymmetric,coordination,enforcement,has_beneficiaries],[drifting_without_limit,no_exit_for_victims,unaccountable_extraction],actors(distributed,distributed),drift(rising,unknown,rising),zone(extreme,high))
job_mobility_suppression	six(shift(tangled_rope,tangled_rope,tangled_rope,tangled_rope),[asymmetric,coordination,enforcement,has_beneficiaries],[drifting_without_limit,no_exit_for_victims,unaccountable_extraction],actors(distributed,distributed),drift(rising,unknown,rising),zone(extreme,extreme))
jordan_microfinance	six(shift(tangled_rope,tangled_rope,rope,snare),[asymmetric,coordination,enforcement,has_beneficiaries],[drifting_without_limit,no_exit_for_victims,unaccountable_extraction],actors(distributed,distributed),drift(rising,unknown,rising),zone(extreme,extreme))
journal_impact_factor_capture	six(shift(tangled_rope,tangled_rope,tangled_rope,tangled_rope),[asymmetric,coordination,enforcement,has_beneficiaries],[drifting_without_limit,no_exit_for_victims,unaccountable_extraction],actors(distributed,distributed),drift(rising,unknown,rising),zone(extreme,extreme))
journal_publication_gatekeeping	six(shift(tangled_rope,tangled_rope,tangled_rope,tangled_rope),[asymmetric,coordination,enforcement,has_beneficiaries],[drifting_without_limit,no_exit_for_victims,unaccountable_extraction],actors(distributed,distributed),drift(rising,unknown,rising),zone(extreme,extreme))
journalistic_accountability_gap	six(shift(tangled_rope,tangled_rope,tangled_rope,tangled_rope),[asymmetric,coordination,enforcement,has_beneficiaries],[drifting_without_limit,no_exit_for_victims,unaccountable_extraction],actors(distributed,distributed),drift(rising,unknown,rising),zone(extreme,high))
journalistic_sourcing_norms	six(shift(tangled_rope,tangled_rope,tangled_rope,tangled_rope),[asymmetric,coordination,enforcement,has_beneficiaries],[drifting_without_limit,no_exit_for_victims,unaccountable_extraction],actors(distributed,distributed),drift(rising,unknown,rising),zone(extreme,extreme))
jp_eez_enforcement	six(shift(tangled_rope,tangled_rope,tangled_rope,tangled_rope),[asymmetric,coordination,enforcement,has_beneficiaries],[drifting_without_limit,no_exit_for_victims,unaccountable_extraction],actors(distributed,distributed),drift(rising,unknown,rising),zone(extreme,extreme))
judgment_irreducibility	six(shift(tangled_rope,tangled_rope,tangled_rope,tangled_rope),[asymmetric,coordination,enforcement,has_beneficiaries],[drifting_without_limit,no_exit_for_victims,unaccountable_extraction],actors(distributed,distributed),drift(rising,unknown,rising),zone(extreme,high))
judicial_review_authority	six(shift(tangled_rope,tangled_rope,tangled_rope,tangled_rope),[asymmetric,coordination,enforcement,has_beneficiaries],[drifting_without_limit,no_exit_for_victims,unaccountable_extraction],actors(distributed,distributed),drift(rising,unknown,rising),zone(extreme,extreme))
jupiter_composition_knowledge_gap	six(shift(tangled_rope,tangled_rope,tangled_rope,tangled_rope),[asymmetric,coordination,enforcement,has_beneficiaries],[no_exit_for_victims],actors(distributed,distributed),drift(rising,unknown,rising),zone(low,high))
jurisdictional_exit_capacity	six(shift(tangled_rope,tangled_rope,tangled_rope,tangled_rope),[asymmetric,coordination,enforcement,has_beneficiaries],[drifting_without_limit,no_exit_for_victims,unaccountable_extraction],actors(distributed,distributed),drift(rising,unknown,rising),zone(extreme,extreme))
jurisdictional_tax_arbitrage	six(shift(tangled_rope,tangled_rope,tangled_rope,tangled_rope),[asymmetric,coordination,enforcement,has_beneficiaries],[drifting_without_limit,no_exit_for_victims,unaccountable_extraction],actors(distributed,distributed),drift(rising,unknown,rising),zone(extreme,extreme))
jury_selection_polarization	six(shift(naturalized,tangled_rope,rope,snare),[asymmetric,coordination,enforcement,has_beneficiaries],[drifting_without_limit,no_exit_for_victims,unaccountable_extraction],actors(distributed,distributed),drift(rising,unknown,rising),zone(extreme,extreme))
juvenile_underclass_2026	six(shift(tangled_rope,tangled_rope,tangled_rope,tangled_rope),[asymmetric,coordination,enforcement,has_beneficiaries],[drifting_without_limit,no_exit_for_victims,unaccountable_extraction],actors(distributed,distributed),drift(rising,unknown,rising),zone(extreme,extreme))
k12_school_funding_inequality	six(shift(tangled_rope,tangled_rope,tangled_rope,tangled_rope),[asymmetric,coordination,enforcement,has_beneficiaries],[drifting_without_limit,no_exit_for_victims,unaccountable_extraction],actors(distributed,distributed),drift(rising,unknown,rising),zone(extreme,extreme))
k_cultural_export_dependence	six(shift(tangled_rope,tangled_rope,tangled_rope,tangled_rope),[asymmetric,coordination,enforcement,has_beneficiaries],[drifting_without_limit,no_exit_for_victims,unaccountable_extraction],actors(distributed,distributed),drift(rising,unknown,rising),zone(extreme,extreme))
kakutani_fixed_point	six(shift(mountain,mountain,mountain,mountain),[has_temporal_data,natural],[],actors(none,none),drift(stable,unknown,stable),zone(negligible,negligible))
kardashev_scale_progress_narrative	six(shift(tangled_rope,tangled_rope,naturalized,tangled_rope),[asymmetric,coordination,enforcement,has_beneficiaries],[drifting_without_limit,no_exit_for_victims,unaccountable_extraction],actors(distributed,distributed),drift(rising,unknown,rising),zone(extreme,high))
karush_kuhn_tucker_conditions	six(shift(mountain,mountain,mountain,mountain),[has_temporal_data,natural],[],actors(none,none),drift(stable,unknown,stable),zone(negligible,negligible))
keltner_relationship_evaluation	six(shift(tangled_rope,tangled_rope,tangled_rope,tangled_rope),[asymmetric,coordination,enforcement,has_beneficiaries],[no_exit_for_victims],actors(distributed,distributed),drift(rising,unknown,rising),zone(low,high))
kidney_exchange_market	six(shift(tangled_rope,tangled_rope,tangled_rope,tangled_rope),[coordination,has_beneficiaries],[],actors(distributed,none),drift(rising,unknown,rising),zone(low,moderate))
kidney_exchange_mechanism	six(shift(tangled_rope,tangled_rope,tangled_rope,tangled_rope),[coordination,has_beneficiaries],[],actors(distributed,none),drift(rising,unknown,rising),zone(low,moderate))
kim_jong_un_succession	six(shift(tangled_rope,snare,rope,snare),[asymmetric,coordination,enforcement,has_beneficiaries],[drifting_without_limit,no_exit_for_victims,unaccountable_extraction],actors(concentrated,distributed),drift(rising,unknown,rising),zone(extreme,extreme))
kirby_paris_theorem	six(shift(mountain,mountain,mountain,mountain),[has_temporal_data,natural],[],actors(none,none),drift(stable,unknown,stable),zone(negligible,negligible))
kjv_textual_authority	six(shift(tangled_rope,tangled_rope,tangled_rope,tangled_rope),[asymmetric,coordination,enforcement,has_beneficiaries],[drifting_without_limit,no_exit_for_victims,unaccountable_extraction],actors(distributed,distributed),drift(falling,unknown,rising),zone(extreme,extreme))
kleene_recursion_theorem	six(shift(mountain,mountain,mountain,mountain),[has_temporal_data,natural],[],actors(none,none),drift(stable,unknown,stable),zone(negligible,negligible))
knowledge_access_inequality	six(shift(tangled_rope,tangled_rope,tangled_rope,tangled_rope),[asymmetric,coordination,enforcement,has_beneficiaries],[drifting_without_limit,no_exit_for_victims,unaccountable_extraction],actors(distributed,distributed),drift(rising,unknown,rising),zone(extreme,extreme))
knowledge_commons_access	six(shift(naturalized,tangled_rope,rope,snare),[asymmetric,coordination,enforcement,has_beneficiaries],[drifting_without_limit,no_exit_for_victims,unaccountable_extraction],actors(distributed,distributed),drift(rising,unknown,rising),zone(extreme,extreme))
knowledge_commons_collapse	six(shift(tangled_rope,tangled_rope,tangled_rope,tangled_rope),[asymmetric,coordination,enforcement,has_beneficiaries],[drifting_without_limit,no_exit_for_victims,unaccountable_extraction],actors(concentrated,distributed),drift(rising,unknown,rising),zone(extreme,extreme))
knowledge_representation_fragmentation	six(shift(tangled_rope,tangled_rope,tangled_rope,tangled_rope),[asymmetric,coordination,enforcement,has_beneficiaries],[drifting_without_limit,no_exit_for_victims,unaccountable_extraction],actors(distributed,distributed),drift(rising,unknown,rising),zone(extreme,extreme))
knowledge_silos_corporate	six(shift(tangled_rope,tangled_rope,tangled_rope,tangled_rope),[asymmetric,coordination,enforcement,has_beneficiaries],[drifting_without_limit,no_exit_for_victims,unaccountable_extraction],actors(distributed,distributed),drift(rising,unknown,rising),zone(extreme,extreme))
knowledge_silos_in_large_systems	six(shift(tangled_rope,tangled_rope,naturalized,tangled_rope),[asymmetric,coordination,enforcement,has_beneficiaries],[drifting_without_limit,no_exit_for_victims,unaccountable_extraction],actors(distributed,distributed),drift(rising,unknown,rising),zone(extreme,high))
knowledge_transfer_friction	six(shift(tangled_rope,tangled_rope,tangled_rope,tangled_rope),[asymmetric,coordination,enforcement,has_beneficiaries],[drifting_without_limit,no_exit_for_victims,unaccountable_extraction],actors(distributed,distributed),drift(rising,unknown,rising),zone(extreme,high))
knowledge_transmission_urgency	six(shift(tangled_rope,tangled_rope,tangled_rope,tangled_rope),[asymmetric,coordination,enforcement,has_beneficiaries],[drifting_without_limit,no_exit_for_victims,unaccountable_extraction],actors(distributed,distributed),drift(rising,unknown,rising),zone(extreme,extreme))
knowledge_visibility_collapse	six(shift(tangled_rope,tangled_rope,tangled_rope,tangled_rope),[asymmetric,coordination,enforcement,has_beneficiaries],[drifting_without_limit,no_exit_for_victims,unaccountable_extraction],actors(distributed,distributed),drift(rising,unknown,rising),zone(extreme,extreme))
knowledge_worker_wage_compression	six(shift(tangled_rope,tangled_rope,tangled_rope,tangled_rope),[asymmetric,coordination,enforcement,has_beneficiaries],[drifting_without_limit,no_exit_for_victims,unaccountable_extraction],actors(distributed,distributed),drift(rising,unknown,rising),zone(extreme,extreme))
knowledge_worker_wage_suppression	six(shift(tangled_rope,tangled_rope,tangled_rope,tangled_rope),[asymmetric,coordination,enforcement,has_beneficiaries],[drifting_without_limit,no_exit_for_victims,unaccountable_extraction],actors(distributed,distributed),drift(rising,unknown,rising),zone(extreme,extreme))
kolmogorov_complexity	six(shift(mountain,mountain,mountain,mountain),[has_temporal_data,natural],[],actors(none,none),drift(stable,unknown,stable),zone(negligible,negligible))
kolmogorov_complexity_incompressibility	six(shift(mountain,mountain,mountain,mountain),[has_temporal_data,natural],[],actors(none,none),drift(stable,unknown,stable),zone(negligible,negligible))
kraft_inequality	six(shift(mountain,mountain,mountain,mountain),[has_temporal_data,natural],[],actors(none,none),drift(stable,unknown,stable),zone(negligible,negligible))
krypteia_opaque_enforcement	six(shift(tangled_rope,tangled_rope,tangled_rope,tangled_rope),[asymmetric,coordination,enforcement,has_beneficiaries],[drifting_without_limit,no_exit_for_victims,unaccountable_extraction],actors(distributed,concentrated),drift(rising,unknown,rising),zone(extreme,extreme))
l2_morphological_acquisition_complexity	six(shift(tangled_rope,tangled_rope,rope,snare),[asymmetric,coordination,enforcement,has_beneficiaries],[drifting_without_limit,no_exit_for_victims,unaccountable_extraction],actors(distributed,distributed),drift(rising,unknown,falling),zone(extreme,extreme))
labor_arbitrage_suppression	six(shift(tangled_rope,tangled_rope,tangled_rope,tangled_rope),[asymmetric,coordination,enforcement,has_beneficiaries],[drifting_without_limit,no_exit_for_victims,unaccountable_extraction],actors(distributed,distributed),drift(rising,unknown,rising),zone(extreme,extreme))
labor_arbitrage_wage_suppression	six(shift(tangled_rope,tangled_rope,tangled_rope,tangled_rope),[asymmetric,coordination,enforcement,has_beneficiaries],[drifting_without_limit,no_exit_for_victims,unaccountable_extraction],actors(distributed,distributed),drift(rising,unknown,rising),zone(extreme,extreme))
labor_commodification	six(shift(tangled_rope,tangled_rope,tangled_rope,snare),[asymmetric,coordination,enforcement,has_beneficiaries],[drifting_without_limit,no_exit_for_victims,unaccountable_extraction],actors(distributed,concentrated),drift(rising,unknown,rising),zone(extreme,extreme))
labor_data_asymmetry	six(shift(tangled_rope,tangled_rope,tangled_rope,tangled_rope),[asymmetric,coordination,enforcement,has_beneficiaries],[drifting_without_limit,no_exit_for_victims,unaccountable_extraction],actors(distributed,distributed),drift(rising,unknown,rising),zone(extreme,extreme))
labor_deskilling_dynamics	six(shift(tangled_rope,tangled_rope,tangled_rope,tangled_rope),[asymmetric,coordination,enforcement,has_beneficiaries],[drifting_without_limit,no_exit_for_victims,unaccountable_extraction],actors(distributed,distributed),drift(rising,unknown,rising),zone(extreme,extreme))
labor_export_dependency	six(shift(tangled_rope,tangled_rope,tangled_rope,tangled_rope),[asymmetric,coordination,enforcement,has_beneficiaries],[drifting_without_limit,no_exit_for_victims,unaccountable_extraction],actors(distributed,distributed),drift(rising,unknown,rising),zone(extreme,extreme))
labor_market_automation_uncertainty	six(shift(tangled_rope,tangled_rope,tangled_rope,tangled_rope),[asymmetric,coordination,enforcement,has_beneficiaries],[drifting_without_limit,no_exit_for_victims,unaccountable_extraction],actors(distributed,distributed),drift(rising,unknown,rising),zone(extreme,extreme))
labor_market_cyclicality	six(shift(tangled_rope,tangled_rope,tangled_rope,tangled_rope),[asymmetric,coordination,enforcement,has_beneficiaries],[drifting_without_limit,no_exit_for_victims,unaccountable_extraction],actors(distributed,distributed),drift(rising,unknown,rising),zone(extreme,extreme))
labor_market_depletion	six(shift(tangled_rope,tangled_rope,tangled_rope,tangled_rope),[asymmetric,coordination,enforcement,has_beneficiaries],[drifting_without_limit,no_exit_for_victims,unaccountable_extraction],actors(distributed,distributed),drift(rising,unknown,rising),zone(extreme,extreme))
labor_market_information_asymmetry	six(shift(tangled_rope,tangled_rope,tangled_rope,tangled_rope),[asymmetric,coordination,enforcement,has_beneficiaries],[drifting_without_limit,no_exit_for_victims,unaccountable_extraction],actors(distributed,distributed),drift(rising,unknown,rising),zone(extreme,extreme))
labor_market_polarization	six(shift(tangled_rope,tangled_rope,tangled_rope,tangled_rope),[asymmetric,coordination,enforcement,has_beneficiaries],[drifting_without_limit,no_exit_for_victims,unaccountable_extraction],actors(distributed,distributed),drift(rising,unknown,rising),zone(extreme,extreme))
labor_market_regulation	six(shift(tangled_rope,tangled_rope,tangled_rope,tangled_rope),[asymmetric,coordination,enforcement,has_beneficiaries],[drifting_without_limit,no_exit_for_victims,unaccountable_extraction],actors(distributed,distributed),drift(rising,unknown,rising),zone(extreme,high))
labor_market_signaling_asymmetry	six(shift(tangled_rope,tangled_rope,naturalized,tangled_rope),[asymmetric,coordination,enforcement,has_beneficiaries],[drifting_without_limit,no_exit_for_victims,unaccountable_extraction],actors(distributed,distributed),drift(rising,unknown,rising),zone(extreme,high))
labor_market_skill_arbitrage	six(shift(tangled_rope,tangled_rope,tangled_rope,tangled_rope),[asymmetric,coordination,enforcement,has_beneficiaries],[drifting_without_limit,no_exit_for_victims,unaccountable_extraction],actors(distributed,distributed),drift(rising,unknown,rising),zone(extreme,extreme))
labor_market_wage_suppression	six(shift(tangled_rope,tangled_rope,tangled_rope,tangled_rope),[asymmetric,coordination,enforcement,has_beneficiaries],[drifting_without_limit,no_exit_for_victims,unaccountable_extraction],actors(distributed,distributed),drift(rising,unknown,rising),zone(extreme,extreme))
labor_mobility_within_eurozone	six(shift(tangled_rope,tangled_rope,tangled_rope,tangled_rope),[asymmetric,coordination,enforcement,has_beneficiaries],[drifting_without_limit,no_exit_for_victims,unaccountable_extraction],actors(distributed,distributed),drift(rising,unknown,rising),zone(extreme,extreme))
labor_monopsony_power	six(shift(tangled_rope,tangled_rope,naturalized,snare),[asymmetric,coordination,enforcement,has_beneficiaries],[drifting_without_limit,no_exit_for_victims,unaccountable_extraction],actors(distributed,distributed),drift(rising,unknown,rising),zone(extreme,extreme))
labor_organizing_barriers	six(shift(tangled_rope,tangled_rope,tangled_rope,tangled_rope),[asymmetric,coordination,enforcement,has_beneficiaries],[drifting_without_limit,no_exit_for_victims,unaccountable_extraction],actors(distributed,distributed),drift(rising,unknown,rising),zone(extreme,extreme))
labor_precarity_expansion	six(shift(tangled_rope,tangled_rope,rope,snare),[asymmetric,coordination,enforcement,has_beneficiaries],[drifting_without_limit,no_exit_for_victims,unaccountable_extraction],actors(distributed,distributed),drift(rising,unknown,rising),zone(extreme,extreme))
labor_union_dues_structure	six(shift(tangled_rope,tangled_rope,tangled_rope,tangled_rope),[asymmetric,coordination,enforcement,has_beneficiaries],[drifting_without_limit,no_exit_for_victims,unaccountable_extraction],actors(distributed,distributed),drift(rising,unknown,rising),zone(extreme,extreme))
labor_wage_suppression	six(shift(tangled_rope,tangled_rope,tangled_rope,tangled_rope),[asymmetric,coordination,enforcement,has_beneficiaries],[drifting_without_limit,no_exit_for_victims,unaccountable_extraction],actors(distributed,distributed),drift(rising,unknown,rising),zone(extreme,extreme))
lagrange_multipliers	six(shift(mountain,mountain,mountain,mountain),[has_temporal_data,natural],[],actors(none,none),drift(stable,unknown,stable),zone(negligible,negligible))
lagrange_theorem_finite_groups	six(shift(mountain,mountain,mountain,mountain),[has_temporal_data,natural],[],actors(none,none),drift(stable,unknown,stable),zone(negligible,negligible))
lakota_education_access	six(shift(tangled_rope,tangled_rope,tangled_rope,tangled_rope),[asymmetric,coordination,enforcement,has_beneficiaries],[drifting_without_limit,no_exit_for_victims,unaccountable_extraction],actors(distributed,distributed),drift(rising,unknown,rising),zone(extreme,extreme))
land_use_monoculture_lock	six(shift(tangled_rope,tangled_rope,tangled_rope,tangled_rope),[asymmetric,coordination,enforcement,has_beneficiaries],[drifting_without_limit,no_exit_for_victims,unaccountable_extraction],actors(distributed,distributed),drift(rising,unknown,rising),zone(extreme,extreme))
landscape_of_fear_2026	six(shift(tangled_rope,unknown,tangled_rope,tangled_rope),[asymmetric,enforcement,has_victims,natural],[coercion_without_coordination,drifting_without_limit,no_exit_for_victims,unaccountable_extraction,undocumented_coordination],actors(none,distributed),drift(rising,unknown,stable),zone(extreme,extreme))
large_cardinals_foundations	six(shift(tangled_rope,tangled_rope,tangled_rope,tangled_rope),[asymmetric,coordination,enforcement,has_beneficiaries],[no_exit_for_victims],actors(distributed,distributed),drift(rising,unknown,rising),zone(low,high))
large_language_model_deployment_costs	six(shift(tangled_rope,snare,rope,snare),[asymmetric,coordination,enforcement,has_beneficiaries],[drifting_without_limit,no_exit_for_victims,unaccountable_extraction],actors(distributed,distributed),drift(rising,unknown,rising),zone(extreme,extreme))
large_language_model_training_attribution	six(shift(tangled_rope,tangled_rope,tangled_rope,tangled_rope),[asymmetric,coordination,enforcement,has_beneficiaries],[drifting_without_limit,no_exit_for_victims,unaccountable_extraction],actors(concentrated,distributed),drift(rising,unknown,rising),zone(extreme,extreme))
large_language_model_training_cost_barrier	six(shift(tangled_rope,tangled_rope,tangled_rope,tangled_rope),[asymmetric,coordination,enforcement,has_beneficiaries],[drifting_without_limit,no_exit_for_victims,unaccountable_extraction],actors(distributed,distributed),drift(rising,unknown,rising),zone(extreme,extreme))
large_language_model_training_data_acquisition	six(shift(tangled_rope,tangled_rope,tangled_rope,tangled_rope),[asymmetric,coordination,enforcement,has_beneficiaries],[drifting_without_limit,no_exit_for_victims,unaccountable_extraction],actors(distributed,distributed),drift(rising,unknown,rising),zone(extreme,extreme))
large_language_model_training_data_externalities	six(shift(tangled_rope,tangled_rope,tangled_rope,tangled_rope),[asymmetric,coordination,enforcement,has_beneficiaries],[drifting_without_limit,no_exit_for_victims,unaccountable_extraction],actors(distributed,distributed),drift(rising,unknown,rising),zone(extreme,extreme))
large_language_model_training_data_provenance	six(shift(tangled_rope,tangled_rope,rope,snare),[asymmetric,coordination,enforcement,has_beneficiaries],[drifting_without_limit,no_exit_for_victims,unaccountable_extraction],actors(distributed,distributed),drift(rising,unknown,rising),zone(extreme,extreme))
latent_goal_activation	six(shift(unknown,tangled_rope,tangled_rope,tangled_rope),[asymmetric,enforcement,has_victims],[coercion_without_coordination,drifting_without_limit,no_exit_for_victims,unaccountable_extraction,undocumented_coordination],actors(none,distributed),drift(rising,unknown,rising),zone(extreme,extreme))
latent_regulatory_bomb	six(shift(tangled_rope,tangled_rope,tangled_rope,tangled_rope),[asymmetric,coordination,enforcement,has_beneficiaries],[drifting_without_limit,no_exit_for_victims,unaccountable_extraction],actors(distributed,distributed),drift(rising,unknown,rising),zone(extreme,extreme))
latin_american_supply_chain_segmentation	six(shift(tangled_rope,tangled_rope,tangled_rope,tangled_rope),[asymmetric,coordination,enforcement,has_beneficiaries],[drifting_without_limit,no_exit_for_victims,unaccountable_extraction],actors(distributed,distributed),drift(rising,unknown,rising),zone(extreme,extreme))
law_of_large_numbers	six(shift(mountain,mountain,mountain,mountain),[has_temporal_data,natural],[],actors(none,none),drift(stable,unknown,stable),zone(negligible,negligible))
lcdm_hubble_tension	six(shift(tangled_rope,tangled_rope,tangled_rope,tangled_rope),[asymmetric,coordination,enforcement,has_beneficiaries],[no_exit_for_victims],actors(distributed,distributed),drift(rising,unknown,rising),zone(low,high))
leadership_capability_cascade	six(shift(naturalized,tangled_rope,naturalized,snare),[asymmetric,coordination,enforcement,has_beneficiaries],[drifting_without_limit,no_exit_for_victims,unaccountable_extraction],actors(distributed,distributed),drift(rising,unknown,rising),zone(extreme,extreme))
learned_helplessness_trap	six(shift(tangled_rope,tangled_rope,tangled_rope,tangled_rope),[asymmetric,coordination,enforcement,has_beneficiaries],[drifting_without_limit,no_exit_for_victims,unaccountable_extraction],actors(concentrated,concentrated),drift(rising,unknown,rising),zone(extreme,extreme))
learning_capacity_decline	six(shift(tangled_rope,tangled_rope,tangled_rope,tangled_rope),[asymmetric,coordination,enforcement,has_beneficiaries],[drifting_without_limit,no_exit_for_victims,unaccountable_extraction],actors(distributed,distributed),drift(rising,unknown,rising),zone(extreme,extreme))
lebesgue_measure_theory	six(shift(mountain,mountain,mountain,mountain),[has_temporal_data,natural],[],actors(none,none),drift(stable,unknown,stable),zone(negligible,negligible))
legacy_admission_gatekeeping	six(shift(tangled_rope,tangled_rope,tangled_rope,tangled_rope),[asymmetric,coordination,enforcement,has_beneficiaries],[drifting_without_limit,no_exit_for_victims,unaccountable_extraction],actors(distributed,distributed),drift(rising,unknown,rising),zone(extreme,high))
legacy_media_institutional_collapse	six(shift(tangled_rope,tangled_rope,tangled_rope,tangled_rope),[asymmetric,coordination,enforcement,has_beneficiaries],[drifting_without_limit,no_exit_for_victims,unaccountable_extraction],actors(distributed,distributed),drift(rising,unknown,rising),zone(extreme,extreme))
legacy_resource_infrastructure_lock_in	six(shift(tangled_rope,tangled_rope,tangled_rope,tangled_rope),[asymmetric,coordination,enforcement,has_beneficiaries],[drifting_without_limit,no_exit_for_victims,unaccountable_extraction],actors(distributed,distributed),drift(rising,unknown,rising),zone(extreme,extreme))
legacy_system_technical_debt	six(shift(tangled_rope,tangled_rope,tangled_rope,tangled_rope),[asymmetric,coordination,enforcement,has_beneficiaries],[drifting_without_limit,no_exit_for_victims,unaccountable_extraction],actors(distributed,distributed),drift(rising,unknown,rising),zone(extreme,extreme))
legal_formalism_overhang	six(shift(tangled_rope,tangled_rope,tangled_rope,tangled_rope),[asymmetric,coordination,enforcement,has_beneficiaries],[no_exit_for_victims],actors(distributed,distributed),drift(rising,unknown,rising),zone(low,high))
legal_personhood_threshold	six(shift(tangled_rope,tangled_rope,tangled_rope,tangled_rope),[asymmetric,coordination,enforcement,has_beneficiaries],[drifting_without_limit,no_exit_for_victims,unaccountable_extraction],actors(distributed,distributed),drift(falling,unknown,rising),zone(extreme,extreme))
legal_terminology_regime	six(shift(tangled_rope,tangled_rope,tangled_rope,tangled_rope),[asymmetric,coordination,enforcement,has_beneficiaries],[drifting_without_limit,no_exit_for_victims,unaccountable_extraction],actors(distributed,distributed),drift(rising,unknown,rising),zone(extreme,extreme))
legibility_asymmetry_as_survival	six(shift(tangled_rope,tangled_rope,tangled_rope,tangled_rope),[coordination,has_beneficiaries],[],actors(distributed,none),drift(rising,unknown,rising),zone(negligible,moderate))
legibility_optimization_trap	six(shift(naturalized,tangled_rope,rope,snare),[asymmetric,coordination,enforcement,has_beneficiaries],[drifting_without_limit,no_exit_for_victims,unaccountable_extraction],actors(distributed,distributed),drift(rising,unknown,rising),zone(extreme,extreme))
legibility_trap	six(shift(tangled_rope,tangled_rope,tangled_rope,tangled_rope),[asymmetric,coordination,enforcement,has_beneficiaries],[drifting_without_limit,no_exit_for_victims,unaccountable_extraction],actors(distributed,distributed),drift(rising,unknown,rising),zone(extreme,extreme))
legislative_gridlock_snare	six(shift(unknown,tangled_rope,tangled_rope,tangled_rope),[asymmetric,enforcement,has_victims],[coercion_without_coordination,drifting_without_limit,no_exit_for_victims,unaccountable_extraction,undocumented_coordination],actors(none,distributed),drift(rising,unknown,rising),zone(extreme,extreme))
legislative_minority_veto_mechanism	six(shift(tangled_rope,tangled_rope,tangled_rope,tangled_rope),[asymmetric,coordination,enforcement,has_beneficiaries],[drifting_without_limit,no_exit_for_victims,unaccountable_extraction],actors(distributed,distributed),drift(rising,unknown,rising),zone(extreme,extreme))
legislative_oversight_capacity	six(shift(tangled_rope,tangled_rope,tangled_rope,tangled_rope),[asymmetric,coordination,enforcement,has_beneficiaries],[drifting_without_limit,no_exit_for_victims,unaccountable_extraction],actors(distributed,distributed),drift(rising,unknown,rising),zone(extreme,extreme))
legislative_supremacy_alternative	six(shift(tangled_rope,tangled_rope,tangled_rope,tangled_rope),[asymmetric,coordination,enforcement,has_beneficiaries],[drifting_without_limit,no_exit_for_victims,unaccountable_extraction],actors(distributed,distributed),drift(rising,unknown,rising),zone(extreme,extreme))
legitimacy_bifurcation	six(shift(tangled_rope,tangled_rope,tangled_rope,tangled_rope),[asymmetric,coordination,enforcement,has_beneficiaries],[drifting_without_limit,no_exit_for_victims,unaccountable_extraction],actors(distributed,distributed),drift(rising,unknown,rising),zone(extreme,extreme))
legitimacy_without_capacity	six(shift(tangled_rope,tangled_rope,tangled_rope,tangled_rope),[asymmetric,coordination,enforcement,has_beneficiaries],[drifting_without_limit,no_exit_for_victims,unaccountable_extraction],actors(distributed,distributed),drift(rising,unknown,rising),zone(extreme,extreme))
legitimacy_without_effectiveness	six(shift(tangled_rope,tangled_rope,tangled_rope,tangled_rope),[asymmetric,coordination,enforcement,has_beneficiaries],[drifting_without_limit,no_exit_for_victims,unaccountable_extraction],actors(distributed,distributed),drift(rising,unknown,rising),zone(extreme,extreme))
legitimation_through_objectivity	six(shift(tangled_rope,tangled_rope,tangled_rope,tangled_rope),[asymmetric,coordination,enforcement,has_beneficiaries],[drifting_without_limit,no_exit_for_victims,unaccountable_extraction],actors(distributed,distributed),drift(rising,unknown,rising),zone(extreme,extreme))
lehman_repo_105	six(shift(piton,snare,rope,snare),[asymmetric,enforcement,has_victims],[coercion_without_coordination,drifting_without_limit,no_exit_for_victims,unaccountable_extraction,undocumented_coordination],actors(none,distributed),drift(rising,unknown,rising),zone(extreme,extreme))
leo_debris_accumulation	six(shift(tangled_rope,tangled_rope,tangled_rope,tangled_rope),[asymmetric,coordination,enforcement,has_beneficiaries],[drifting_without_limit,no_exit_for_victims,unaccountable_extraction],actors(distributed,distributed),drift(rising,unknown,rising),zone(extreme,extreme))
leuctra_competence_gap_surfacing	six(shift(tangled_rope,tangled_rope,tangled_rope,tangled_rope),[asymmetric,enforcement,has_victims],[coercion_without_coordination,drifting_without_limit,no_exit_for_victims,unaccountable_extraction,undocumented_coordination],actors(none,distributed),drift(rising,unknown,rising),zone(extreme,extreme))
leverage_constraint_binding	six(shift(tangled_rope,tangled_rope,tangled_rope,tangled_rope),[asymmetric,coordination,enforcement,has_beneficiaries],[drifting_without_limit,no_exit_for_victims,unaccountable_extraction],actors(distributed,distributed),drift(rising,unknown,rising),zone(extreme,extreme))
lgbtq_criminalization_southeast_asia	six(shift(tangled_rope,tangled_rope,tangled_rope,tangled_rope),[asymmetric,coordination,enforcement,has_beneficiaries],[drifting_without_limit,no_exit_for_victims,unaccountable_extraction],actors(distributed,distributed),drift(rising,unknown,rising),zone(extreme,extreme))
lgfv_debt_trap	six(shift(naturalized,tangled_rope,rope,snare),[asymmetric,coordination,enforcement,has_beneficiaries],[drifting_without_limit,no_exit_for_victims,unaccountable_extraction],actors(distributed,distributed),drift(rising,unknown,rising),zone(extreme,extreme))
liability_doctrine_upstream_shift	six(shift(tangled_rope,tangled_rope,rope,snare),[asymmetric,coordination,enforcement,has_beneficiaries],[drifting_without_limit,no_exit_for_victims,unaccountable_extraction],actors(distributed,distributed),drift(rising,unknown,rising),zone(extreme,extreme))
liability_engineering	six(shift(naturalized,tangled_rope,rope,snare),[asymmetric,coordination,enforcement,has_beneficiaries],[drifting_without_limit,no_exit_for_victims,unaccountable_extraction],actors(distributed,distributed),drift(rising,unknown,rising),zone(extreme,extreme))
liability_shield_beta_label	six(shift(tangled_rope,tangled_rope,tangled_rope,tangled_rope),[asymmetric,coordination,enforcement,has_beneficiaries],[drifting_without_limit,no_exit_for_victims,unaccountable_extraction],actors(distributed,distributed),drift(rising,unknown,rising),zone(extreme,extreme))
liar_paradox	six(shift(mountain,mountain,mountain,mountain),[has_temporal_data,natural],[],actors(none,none),drift(stable,unknown,stable),zone(negligible,negligible))
library_destruction_late_antiquity	six(shift(tangled_rope,tangled_rope,tangled_rope,tangled_rope),[asymmetric,enforcement,has_victims],[coercion_without_coordination,drifting_without_limit,no_exit_for_victims,unaccountable_extraction,undocumented_coordination],actors(none,distributed),drift(rising,unknown,rising),zone(extreme,extreme))
license_reciprocity_enforcement	six(shift(tangled_rope,tangled_rope,tangled_rope,tangled_rope),[asymmetric,coordination,enforcement,has_beneficiaries],[drifting_without_limit,no_exit_for_victims,unaccountable_extraction],actors(distributed,distributed),drift(rising,unknown,rising),zone(extreme,high))
light_cone_structure	six(shift(mountain,mountain,mountain,mountain),[has_theater,natural],[],actors(none,none),drift(unknown,unknown,unknown),zone(negligible,negligible))
light_speed_latency	six(shift(mountain,mountain,mountain,mountain),[has_temporal_data,natural],[],actors(none,none),drift(stable,unknown,stable),zone(negligible,negligible))
limit_as_information	six(shift(mountain,mountain,mountain,mountain),[has_theater,natural],[],actors(none,none),drift(unknown,unknown,unknown),zone(negligible,negligible))
limitation_theorem_hierarchy	six(shift(mountain,mountain,mountain,mountain),[has_temporal_data,natural],[],actors(none,none),drift(stable,unknown,rising),zone(negligible,negligible))
lindy_effect	six(shift(tangled_rope,tangled_rope,tangled_rope,tangled_rope),[asymmetric,coordination,enforcement,has_beneficiaries],[no_exit_for_victims],actors(distributed,distributed),drift(rising,unknown,rising),zone(low,high))
linguistic_assimilation_policy	six(shift(tangled_rope,tangled_rope,tangled_rope,tangled_rope),[asymmetric,coordination,enforcement,has_beneficiaries],[drifting_without_limit,no_exit_for_victims,unaccountable_extraction],actors(distributed,distributed),drift(rising,unknown,rising),zone(extreme,extreme))
linguistic_data_sovereignty	six(shift(tangled_rope,tangled_rope,tangled_rope,tangled_rope),[asymmetric,coordination,enforcement,has_beneficiaries],[drifting_without_limit,no_exit_for_victims,unaccountable_extraction],actors(distributed,distributed),drift(rising,unknown,rising),zone(extreme,extreme))
linguistic_relativity_cultural_framing	six(shift(tangled_rope,tangled_rope,naturalized,tangled_rope),[asymmetric,coordination,enforcement,has_beneficiaries],[drifting_without_limit,no_exit_for_victims,unaccountable_extraction],actors(distributed,distributed),drift(rising,unknown,rising),zone(extreme,high))
linguistic_relativity_weak_form	six(shift(tangled_rope,tangled_rope,tangled_rope,tangled_rope),[asymmetric,coordination,enforcement,has_beneficiaries],[no_exit_for_victims],actors(distributed,distributed),drift(rising,unknown,rising),zone(low,high))
lipschitz_continuity	six(shift(mountain,mountain,mountain,mountain),[has_temporal_data,natural],[],actors(none,none),drift(stable,unknown,stable),zone(negligible,negligible))
liquidity_illusion	six(shift(tangled_rope,tangled_rope,tangled_rope,tangled_rope),[asymmetric,coordination,enforcement,has_beneficiaries],[drifting_without_limit,no_exit_for_victims,unaccountable_extraction],actors(distributed,distributed),drift(rising,unknown,rising),zone(extreme,extreme))
litany_of_the_real	six(shift(tangled_rope,tangled_rope,tangled_rope,tangled_rope),[coordination,has_beneficiaries],[],actors(distributed,none),drift(rising,unknown,rising),zone(low,low))
litchfield_sensitive_locations_2026	six(shift(tangled_rope,tangled_rope,tangled_rope,tangled_rope),[asymmetric,coordination,enforcement,has_beneficiaries],[drifting_without_limit,no_exit_for_victims,unaccountable_extraction],actors(concentrated,distributed),drift(rising,unknown,rising),zone(extreme,extreme))
literacy_monopoly	six(shift(tangled_rope,tangled_rope,tangled_rope,tangled_rope),[asymmetric,coordination,enforcement,has_beneficiaries],[drifting_without_limit,no_exit_for_victims,unaccountable_extraction],actors(distributed,distributed),drift(rising,unknown,rising),zone(extreme,extreme))
lithium_battery_dependency	six(shift(tangled_rope,tangled_rope,tangled_rope,tangled_rope),[asymmetric,coordination,enforcement,has_beneficiaries],[drifting_without_limit,no_exit_for_victims,unaccountable_extraction],actors(distributed,distributed),drift(rising,unknown,rising),zone(extreme,extreme))
lived_experience_epistemology	six(shift(tangled_rope,tangled_rope,tangled_rope,tangled_rope),[asymmetric,coordination,enforcement,has_beneficiaries],[drifting_without_limit,no_exit_for_victims,unaccountable_extraction],actors(distributed,distributed),drift(rising,unknown,rising),zone(extreme,high))
living_donor_coercion_risk	six(shift(tangled_rope,tangled_rope,tangled_rope,tangled_rope),[asymmetric,coordination,enforcement,has_beneficiaries],[drifting_without_limit,no_exit_for_victims,unaccountable_extraction],actors(distributed,distributed),drift(rising,unknown,rising),zone(extreme,extreme))
lln_convergence	six(shift(mountain,mountain,mountain,mountain),[has_temporal_data,natural],[],actors(none,none),drift(stable,unknown,stable),zone(negligible,negligible))
lng_price_volatility_transmission	six(shift(tangled_rope,tangled_rope,tangled_rope,tangled_rope),[asymmetric,coordination,enforcement,has_beneficiaries],[drifting_without_limit,no_exit_for_victims,unaccountable_extraction],actors(distributed,distributed),drift(rising,unknown,rising),zone(extreme,extreme))
lobs_theorem	six(shift(mountain,mountain,mountain,mountain),[has_temporal_data,natural],[],actors(none,none),drift(stable,unknown,stable),zone(negligible,negligible))
local_government_fiscal_dependency	six(shift(tangled_rope,tangled_rope,tangled_rope,tangled_rope),[asymmetric,coordination,enforcement,has_beneficiaries],[drifting_without_limit,no_exit_for_victims,unaccountable_extraction],actors(distributed,distributed),drift(rising,unknown,rising),zone(extreme,extreme))
local_seo_moat	six(shift(tangled_rope,tangled_rope,tangled_rope,tangled_rope),[asymmetric,coordination,enforcement,has_beneficiaries],[drifting_without_limit,no_exit_for_victims,unaccountable_extraction],actors(distributed,distributed),drift(rising,unknown,rising),zone(extreme,extreme))
local_vs_global_optima	six(shift(mountain,mountain,mountain,mountain),[has_temporal_data,natural],[],actors(none,none),drift(stable,unknown,stable),zone(negligible,negligible))
locus_of_harm_prevention	six(shift(tangled_rope,scaffold,scaffold,tangled_rope),[coordination,has_beneficiaries,natural],[],actors(distributed,none),drift(stable,unknown,stable),zone(negligible,negligible))
loewen_skolem_cardinality	six(shift(mountain,mountain,mountain,mountain),[has_temporal_data,natural],[],actors(none,none),drift(stable,unknown,stable),zone(negligible,negligible))
logical_consistency_limits	six(shift(mountain,mountain,mountain,mountain),[has_temporal_data,natural],[],actors(none,none),drift(stable,unknown,stable),zone(negligible,negligible))
logistic_map_dynamics	six(shift(mountain,mountain,mountain,mountain),[has_temporal_data,natural],[],actors(none,none),drift(stable,unknown,stable),zone(negligible,negligible))
long_tail_economics	six(shift(tangled_rope,tangled_rope,tangled_rope,tangled_rope),[asymmetric,coordination,enforcement,has_beneficiaries],[drifting_without_limit,no_exit_for_victims,unaccountable_extraction],actors(distributed,distributed),drift(rising,unknown,rising),zone(extreme,high))
long_term_capital_markets_structure	six(shift(tangled_rope,tangled_rope,tangled_rope,tangled_rope),[asymmetric,coordination,enforcement,has_beneficiaries],[drifting_without_limit,no_exit_for_victims,unaccountable_extraction],actors(distributed,distributed),drift(rising,unknown,rising),zone(extreme,high))
long_term_institutional_memory	six(shift(tangled_rope,tangled_rope,naturalized,tangled_rope),[asymmetric,coordination,enforcement,has_beneficiaries],[drifting_without_limit,no_exit_for_victims,unaccountable_extraction],actors(distributed,distributed),drift(rising,unknown,rising),zone(extreme,high))
longevity_research_prioritization	six(shift(tangled_rope,tangled_rope,tangled_rope,tangled_rope),[asymmetric,coordination,enforcement,has_beneficiaries],[drifting_without_limit,no_exit_for_victims,unaccountable_extraction],actors(distributed,distributed),drift(rising,unknown,rising),zone(extreme,extreme))
loophole_free_experiments	six(shift(tangled_rope,tangled_rope,tangled_rope,tangled_rope),[asymmetric,coordination,enforcement,has_beneficiaries],[no_exit_for_victims],actors(distributed,distributed),drift(rising,unknown,rising),zone(low,high))
lorentz_covariance_quantum_field_theory	six(shift(mountain,mountain,mountain,mountain),[has_temporal_data,natural],[],actors(none,none),drift(stable,unknown,stable),zone(negligible,negligible))
lorentz_invariance	six(shift(mountain,mountain,mountain,mountain),[has_temporal_data,natural],[],actors(none,none),drift(stable,unknown,stable),zone(negligible,negligible))
lorenz_attractor	six(shift(mountain,mountain,mountain,mountain),[has_temporal_data,natural],[],actors(none,none),drift(stable,unknown,stable),zone(negligible,negligible))
lorenz_attractor_chaos	six(shift(mountain,mountain,mountain,mountain),[has_temporal_data,natural],[],actors(none,none),drift(stable,unknown,stable),zone(negligible,negligible))
lorenz_attractor_dynamics	six(shift(mountain,mountain,mountain,mountain),[has_temporal_data,natural],[],actors(none,none),drift(stable,unknown,stable),zone(negligible,negligible))
lossless_compression_limits	six(shift(mountain,mountain,mountain,mountain),[has_temporal_data,natural],[],actors(none,none),drift(stable,unknown,rising),zone(negligible,negligible))
lowenheim_skolem_theorem	six(shift(mountain,mountain,mountain,mountain),[has_temporal_data,natural],[],actors(none,none),drift(stable,unknown,stable),zone(negligible,negligible))
lp_pikachu_illustrator	six(shift(tangled_rope,snare,rope,snare),[asymmetric,coordination,enforcement,has_beneficiaries],[drifting_without_limit,no_exit_for_victims,unaccountable_extraction],actors(distributed,distributed),drift(rising,unknown,rising),zone(extreme,extreme))
lsd_microdosing_professional_openness	six(shift(tangled_rope,tangled_rope,tangled_rope,tangled_rope),[asymmetric,coordination,enforcement,has_beneficiaries],[drifting_without_limit,no_exit_for_victims,unaccountable_extraction],actors(distributed,distributed),drift(rising,unknown,rising),zone(extreme,extreme))
lula_hemisphere_2026	six(shift(tangled_rope,tangled_rope,tangled_rope,tangled_rope),[asymmetric,coordination,enforcement,has_beneficiaries],[drifting_without_limit,no_exit_for_victims,unaccountable_extraction],actors(distributed,distributed),drift(rising,unknown,falling),zone(extreme,extreme))
lunar_rover_autonomy	six(shift(tangled_rope,tangled_rope,tangled_rope,tangled_rope),[asymmetric,coordination,enforcement,has_beneficiaries],[drifting_without_limit,no_exit_for_victims,unaccountable_extraction],actors(distributed,distributed),drift(rising,unknown,rising),zone(extreme,high))
lung_transplant_protocol	six(shift(tangled_rope,tangled_rope,rope,snare),[asymmetric,coordination,enforcement,has_beneficiaries],[drifting_without_limit,no_exit_for_victims,unaccountable_extraction],actors(distributed,distributed),drift(rising,unknown,rising),zone(extreme,extreme))
lyapunov_exponent_computation	six(shift(mountain,mountain,mountain,mountain),[has_temporal_data,natural],[],actors(none,none),drift(stable,unknown,stable),zone(negligible,negligible))
lyapunov_stability	six(shift(mountain,mountain,mountain,mountain),[has_temporal_data,natural],[],actors(none,none),drift(stable,unknown,stable),zone(negligible,negligible))
lycurgan_kernel_unrevisability	six(shift(tangled_rope,tangled_rope,tangled_rope,tangled_rope),[asymmetric,coordination,enforcement,has_beneficiaries],[drifting_without_limit,no_exit_for_victims,unaccountable_extraction],actors(distributed,distributed),drift(rising,unknown,rising),zone(extreme,extreme))
m23_armed_group_dynamics	six(shift(tangled_rope,tangled_rope,tangled_rope,tangled_rope),[asymmetric,coordination,enforcement,has_beneficiaries],[drifting_without_limit,no_exit_for_victims,unaccountable_extraction],actors(distributed,distributed),drift(rising,unknown,rising),zone(extreme,extreme))
maat_interpretive_framework_egypt	six(shift(tangled_rope,tangled_rope,tangled_rope,tangled_rope),[asymmetric,coordination,enforcement,has_beneficiaries],[no_exit_for_victims],actors(distributed,distributed),drift(rising,unknown,rising),zone(low,high))
maghreb_economic_integration	six(shift(tangled_rope,tangled_rope,tangled_rope,tangled_rope),[asymmetric,coordination,enforcement,has_beneficiaries],[drifting_without_limit,no_exit_for_victims,unaccountable_extraction],actors(distributed,distributed),drift(rising,unknown,rising),zone(extreme,extreme))
magna_carta_liberties	six(shift(tangled_rope,tangled_rope,rope,tangled_rope),[asymmetric,coordination,enforcement,has_beneficiaries],[no_exit_for_victims],actors(distributed,distributed),drift(falling,unknown,rising),zone(low,extreme))
maha_recovery_2026	six(shift(tangled_rope,tangled_rope,rope,snare),[asymmetric,coordination,enforcement,has_beneficiaries],[drifting_without_limit,no_exit_for_victims,unaccountable_extraction],actors(distributed,distributed),drift(rising,unknown,rising),zone(extreme,extreme))
maintenance_capacity_shortfall	six(shift(tangled_rope,tangled_rope,tangled_rope,tangled_rope),[asymmetric,coordination,enforcement,has_beneficiaries],[drifting_without_limit,no_exit_for_victims,unaccountable_extraction],actors(distributed,distributed),drift(rising,unknown,rising),zone(extreme,extreme))
majorana_fermion_engineering_constraints	six(shift(tangled_rope,tangled_rope,tangled_rope,tangled_rope),[asymmetric,coordination,enforcement,has_beneficiaries],[drifting_without_limit,no_exit_for_victims,unaccountable_extraction],actors(distributed,distributed),drift(rising,unknown,rising),zone(extreme,extreme))
maladaptive_selection_process	six(shift(tangled_rope,tangled_rope,tangled_rope,tangled_rope),[asymmetric,coordination,enforcement,has_beneficiaries],[drifting_without_limit,no_exit_for_victims,unaccountable_extraction],actors(distributed,distributed),drift(rising,unknown,rising),zone(extreme,extreme))
male_demographic_decline	six(shift(tangled_rope,tangled_rope,tangled_rope,tangled_rope),[asymmetric,coordination,enforcement,has_beneficiaries],[drifting_without_limit,no_exit_for_victims,unaccountable_extraction],actors(distributed,distributed),drift(rising,unknown,rising),zone(extreme,extreme))
manager_role_necessity	six(shift(tangled_rope,tangled_rope,tangled_rope,tangled_rope),[asymmetric,coordination,enforcement,has_beneficiaries],[drifting_without_limit,no_exit_for_victims,unaccountable_extraction],actors(distributed,distributed),drift(rising,unknown,rising),zone(extreme,extreme))
mandatrophic_margin_collapse_diagnostic	six(shift(tangled_rope,tangled_rope,tangled_rope,tangled_rope),[asymmetric,coordination,enforcement,has_beneficiaries],[drifting_without_limit,no_exit_for_victims,unaccountable_extraction],actors(concentrated,distributed),drift(rising,unknown,rising),zone(extreme,extreme))
manga_distribution_duopoly	six(shift(naturalized,unknown,rope,snare),[asymmetric,enforcement,has_victims],[coercion_without_coordination,drifting_without_limit,no_exit_for_victims,unaccountable_extraction,undocumented_coordination],actors(none,distributed),drift(rising,unknown,falling),zone(extreme,extreme))
manganese_catalysis_2026	six(shift(tangled_rope,tangled_rope,tangled_rope,tangled_rope),[asymmetric,coordination,enforcement,has_beneficiaries],[no_exit_for_victims],actors(distributed,distributed),drift(rising,unknown,rising),zone(low,high))
manufacturer_self_certification_authority	six(shift(naturalized,tangled_rope,rope,snare),[asymmetric,coordination,enforcement,has_beneficiaries],[drifting_without_limit,no_exit_for_victims,unaccountable_extraction],actors(distributed,distributed),drift(rising,unknown,rising),zone(extreme,extreme))
manufacturing_job_offshoring	six(shift(tangled_rope,tangled_rope,tangled_rope,tangled_rope),[asymmetric,coordination,enforcement,has_beneficiaries],[drifting_without_limit,no_exit_for_victims,unaccountable_extraction],actors(distributed,distributed),drift(rising,unknown,rising),zone(extreme,extreme))
manufacturing_novelty_risk	six(shift(piton,piton,rope,unknown),[asymmetric,coordination,has_beneficiaries],[no_exit_for_victims,self_sustaining_extraction],actors(distributed,distributed),drift(rising,unknown,rising),zone(low,high))
map_territory_distinction	six(shift(mountain,mountain,mountain,mountain),[has_temporal_data,natural],[],actors(none,none),drift(stable,unknown,stable),zone(negligible,negligible))
marginal_product_of_capital_collapse	six(shift(tangled_rope,scaffold,scaffold,tangled_rope),[coordination,has_beneficiaries,natural],[],actors(distributed,none),drift(stable,unknown,stable),zone(negligible,negligible))
marine_genetic_resource_prospecting_asymmetry	six(shift(tangled_rope,tangled_rope,tangled_rope,tangled_rope),[asymmetric,coordination,enforcement,has_beneficiaries],[drifting_without_limit,no_exit_for_victims,unaccountable_extraction],actors(distributed,distributed),drift(rising,unknown,rising),zone(extreme,extreme))
maritime_dispute_resolution	six(shift(tangled_rope,tangled_rope,naturalized,tangled_rope),[asymmetric,coordination,enforcement,has_beneficiaries],[drifting_without_limit,no_exit_for_victims,unaccountable_extraction],actors(distributed,distributed),drift(rising,unknown,rising),zone(extreme,high))
maritime_trade_monopoly	six(shift(tangled_rope,snare,rope,snare),[asymmetric,coordination,enforcement,has_beneficiaries],[drifting_without_limit,no_exit_for_victims,unaccountable_extraction],actors(concentrated,distributed),drift(rising,unknown,rising),zone(extreme,extreme))
market_concentration_feedback_loops	six(shift(tangled_rope,tangled_rope,tangled_rope,tangled_rope),[asymmetric,coordination,enforcement,has_beneficiaries],[drifting_without_limit,no_exit_for_victims,unaccountable_extraction],actors(distributed,distributed),drift(rising,unknown,rising),zone(extreme,extreme))
market_dominance_lock_in	six(shift(tangled_rope,tangled_rope,tangled_rope,tangled_rope),[asymmetric,coordination,enforcement,has_beneficiaries],[drifting_without_limit,no_exit_for_victims,unaccountable_extraction],actors(concentrated,distributed),drift(rising,unknown,rising),zone(extreme,extreme))
market_entry_barriers	six(shift(tangled_rope,tangled_rope,naturalized,tangled_rope),[asymmetric,coordination,enforcement,has_beneficiaries],[drifting_without_limit,no_exit_for_victims,unaccountable_extraction],actors(concentrated,distributed),drift(rising,unknown,rising),zone(extreme,high))
market_selection_efficiency	six(shift(tangled_rope,tangled_rope,naturalized,tangled_rope),[asymmetric,coordination,enforcement,has_beneficiaries],[drifting_without_limit,no_exit_for_victims,unaccountable_extraction],actors(distributed,distributed),drift(rising,unknown,rising),zone(extreme,high))
market_selection_mechanism	six(shift(tangled_rope,tangled_rope,naturalized,tangled_rope),[asymmetric,coordination,enforcement,has_beneficiaries],[drifting_without_limit,no_exit_for_victims,unaccountable_extraction],actors(distributed,distributed),drift(rising,unknown,rising),zone(extreme,high))
market_signal_flooding	six(shift(tangled_rope,tangled_rope,tangled_rope,tangled_rope),[asymmetric,coordination,enforcement,has_beneficiaries],[drifting_without_limit,no_exit_for_victims,unaccountable_extraction],actors(distributed,distributed),drift(rising,unknown,rising),zone(extreme,extreme))
marriage_formation_collapse	six(shift(tangled_rope,tangled_rope,tangled_rope,tangled_rope),[asymmetric,coordination,enforcement,has_beneficiaries],[drifting_without_limit,no_exit_for_victims,unaccountable_extraction],actors(distributed,distributed),drift(rising,unknown,rising),zone(extreme,extreme))
marriage_market_asymmetry_2026	six(shift(tangled_rope,tangled_rope,tangled_rope,tangled_rope),[asymmetric,coordination,enforcement,has_beneficiaries],[drifting_without_limit,no_exit_for_victims,unaccountable_extraction],actors(concentrated,distributed),drift(rising,unknown,rising),zone(extreme,extreme))
mars_mission_autonomy_ceiling	six(shift(tangled_rope,tangled_rope,tangled_rope,tangled_rope),[asymmetric,coordination,enforcement,has_beneficiaries],[drifting_without_limit,no_exit_for_victims,unaccountable_extraction],actors(distributed,distributed),drift(rising,unknown,rising),zone(extreme,extreme))
mars_rovers_navigational_autonomy	six(shift(mountain,mountain,mountain,mountain),[has_temporal_data,natural],[],actors(none,none),drift(rising,unknown,rising),zone(negligible,negligible))
martial_law_precedent	six(shift(tangled_rope,tangled_rope,tangled_rope,tangled_rope),[asymmetric,coordination,enforcement,has_beneficiaries],[drifting_without_limit,no_exit_for_victims,unaccountable_extraction],actors(concentrated,distributed),drift(rising,unknown,rising),zone(extreme,extreme))
martian_signal_latency	six(shift(mountain,mountain,mountain,mountain),[has_temporal_data,natural],[],actors(none,none),drift(stable,unknown,stable),zone(negligible,negligible))
mass_mobilization_capacity	six(shift(tangled_rope,tangled_rope,tangled_rope,tangled_rope),[asymmetric,coordination,enforcement,has_beneficiaries],[drifting_without_limit,no_exit_for_victims,unaccountable_extraction],actors(distributed,distributed),drift(rising,unknown,rising),zone(extreme,extreme))
master_slave_morality_antithesis	six(shift(tangled_rope,tangled_rope,tangled_rope,tangled_rope),[asymmetric,coordination,enforcement,has_beneficiaries],[drifting_without_limit,no_exit_for_victims,unaccountable_extraction],actors(distributed,distributed),drift(rising,unknown,rising),zone(extreme,extreme))
matching_markets	six(shift(tangled_rope,tangled_rope,tangled_rope,tangled_rope),[asymmetric,coordination,enforcement,has_beneficiaries],[no_exit_for_victims],actors(distributed,distributed),drift(rising,unknown,rising),zone(low,high))
material_fatigue_strength	six(shift(mountain,mountain,mountain,mountain),[has_temporal_data,natural],[],actors(none,none),drift(stable,unknown,stable),zone(negligible,negligible))
material_tensile_strength	six(shift(mountain,mountain,mountain,mountain),[has_theater,natural],[],actors(none,none),drift(unknown,unknown,unknown),zone(negligible,negligible))
maternal_hbsag_screening	six(shift(tangled_rope,tangled_rope,tangled_rope,tangled_rope),[asymmetric,coordination,enforcement,has_beneficiaries],[no_exit_for_victims],actors(distributed,distributed),drift(rising,unknown,rising),zone(low,high))
max_flow	six(shift(tangled_rope,tangled_rope,tangled_rope,tangled_rope),[asymmetric,coordination,enforcement,has_beneficiaries],[drifting_without_limit,no_exit_for_victims,unaccountable_extraction],actors(distributed,distributed),drift(rising,unknown,rising),zone(extreme,high))
maximum_entropy_principle	six(shift(mountain,mountain,mountain,mountain),[has_temporal_data,natural],[],actors(none,none),drift(stable,unknown,stable),zone(negligible,negligible))
maxwell_demon_impossibility	six(shift(mountain,mountain,mountain,mountain),[has_temporal_data,natural],[],actors(none,none),drift(stable,unknown,stable),zone(negligible,negligible))
mco_unit_system_discontinuity	six(shift(piton,rope,rope,rope),[asymmetric,coordination,has_beneficiaries],[],actors(distributed,distributed),drift(stable,unknown,rising),zone(negligible,high))
mean_value_theorem	six(shift(mountain,mountain,mountain,mountain),[has_theater,natural],[],actors(none,none),drift(unknown,unknown,unknown),zone(negligible,negligible))
meaning_seeking_under_finitude	six(shift(tangled_rope,tangled_rope,tangled_rope,tangled_rope),[asymmetric,enforcement,has_victims],[coercion_without_coordination,drifting_without_limit,no_exit_for_victims,unaccountable_extraction,undocumented_coordination],actors(none,concentrated),drift(rising,unknown,rising),zone(extreme,extreme))
means_testing_extraction	six(shift(tangled_rope,tangled_rope,tangled_rope,tangled_rope),[asymmetric,coordination,enforcement,has_beneficiaries],[drifting_without_limit,no_exit_for_victims,unaccountable_extraction],actors(distributed,distributed),drift(rising,unknown,rising),zone(extreme,extreme))
measure_zero_paradox	six(shift(mountain,mountain,mountain,mountain),[has_temporal_data,natural],[],actors(none,none),drift(stable,unknown,stable),zone(negligible,negligible))
measurement_apparatus_bidirectionality	six(shift(mountain,mountain,mountain,mountain),[has_temporal_data,natural],[],actors(none,none),drift(stable,unknown,stable),zone(negligible,negligible))
measurement_fidelity_as_authority_substrate	six(shift(mountain,mountain,mountain,mountain),[has_theater,natural],[],actors(none,none),drift(unknown,unknown,unknown),zone(negligible,negligible))
measurement_problem_collapse	six(shift(tangled_rope,tangled_rope,tangled_rope,tangled_rope),[asymmetric,coordination,enforcement,has_beneficiaries],[drifting_without_limit,no_exit_for_victims,unaccountable_extraction],actors(distributed,distributed),drift(rising,unknown,rising),zone(extreme,extreme))
measurement_problem_qm	six(shift(mountain,mountain,mountain,mountain),[has_temporal_data,natural],[],actors(none,none),drift(stable,unknown,stable),zone(negligible,negligible))
measurement_timing_authority_erosion	six(shift(tangled_rope,tangled_rope,rope,tangled_rope),[asymmetric,coordination,enforcement,has_beneficiaries],[drifting_without_limit,no_exit_for_victims,unaccountable_extraction],actors(distributed,distributed),drift(rising,unknown,rising),zone(extreme,high))
measurement_validity_degradation	six(shift(tangled_rope,tangled_rope,tangled_rope,tangled_rope),[asymmetric,coordination,enforcement,has_beneficiaries],[drifting_without_limit,no_exit_for_victims,unaccountable_extraction],actors(distributed,distributed),drift(rising,unknown,rising),zone(extreme,extreme))
mechanical_typewriter_design	six(shift(mountain,mountain,mountain,mountain),[has_temporal_data,natural],[],actors(none,none),drift(stable,unknown,stable),zone(negligible,negligible))
med_diet_consensus_2026	six(shift(tangled_rope,tangled_rope,rope,tangled_rope),[asymmetric,coordination,enforcement,has_beneficiaries],[drifting_without_limit,no_exit_for_victims,unaccountable_extraction],actors(distributed,distributed),drift(rising,unknown,rising),zone(extreme,high))
media_concentration_brazil	six(shift(tangled_rope,tangled_rope,tangled_rope,tangled_rope),[asymmetric,coordination,enforcement,has_beneficiaries],[drifting_without_limit,no_exit_for_victims,unaccountable_extraction],actors(distributed,distributed),drift(rising,unknown,rising),zone(extreme,extreme))
media_engagement_optimization	six(shift(tangled_rope,tangled_rope,tangled_rope,tangled_rope),[asymmetric,coordination,enforcement,has_beneficiaries],[drifting_without_limit,no_exit_for_victims,unaccountable_extraction],actors(distributed,distributed),drift(rising,unknown,rising),zone(extreme,extreme))
media_gatekeeping	six(shift(tangled_rope,tangled_rope,tangled_rope,tangled_rope),[asymmetric,coordination,enforcement,has_beneficiaries],[drifting_without_limit,no_exit_for_victims,unaccountable_extraction],actors(distributed,distributed),drift(rising,unknown,rising),zone(extreme,extreme))
media_gatekeeping_power	six(shift(tangled_rope,tangled_rope,naturalized,snare),[asymmetric,coordination,enforcement,has_beneficiaries],[drifting_without_limit,no_exit_for_victims,unaccountable_extraction],actors(distributed,distributed),drift(rising,unknown,rising),zone(extreme,extreme))
media_ownership_concentration	six(shift(tangled_rope,tangled_rope,tangled_rope,tangled_rope),[asymmetric,coordination,enforcement,has_beneficiaries],[drifting_without_limit,no_exit_for_victims,unaccountable_extraction],actors(distributed,distributed),drift(rising,unknown,rising),zone(extreme,extreme))
media_sensationalism_cycle	six(shift(naturalized,tangled_rope,rope,snare),[asymmetric,coordination,enforcement,has_beneficiaries],[drifting_without_limit,no_exit_for_victims,unaccountable_extraction],actors(distributed,distributed),drift(rising,unknown,rising),zone(extreme,extreme))
media_trial_contamination	six(shift(tangled_rope,tangled_rope,tangled_rope,tangled_rope),[asymmetric,coordination,enforcement,has_beneficiaries],[drifting_without_limit,no_exit_for_victims,unaccountable_extraction],actors(distributed,distributed),drift(rising,unknown,rising),zone(extreme,extreme))
mediated_knowledge_dependency	six(shift(mountain,mountain,mountain,mountain),[has_theater,natural],[],actors(none,none),drift(unknown,unknown,unknown),zone(negligible,negligible))
medical_credential_authority_erosion	six(shift(tangled_rope,tangled_rope,tangled_rope,tangled_rope),[asymmetric,coordination,enforcement,has_beneficiaries],[drifting_without_limit,no_exit_for_victims,unaccountable_extraction],actors(distributed,distributed),drift(rising,unknown,rising),zone(extreme,extreme))
medical_labor_market_monopsony	six(shift(tangled_rope,tangled_rope,tangled_rope,tangled_rope),[asymmetric,coordination,enforcement,has_beneficiaries],[drifting_without_limit,no_exit_for_victims,unaccountable_extraction],actors(distributed,distributed),drift(rising,unknown,rising),zone(extreme,extreme))
medical_liability_doctrine	six(shift(tangled_rope,tangled_rope,tangled_rope,tangled_rope),[asymmetric,coordination,enforcement,has_beneficiaries],[drifting_without_limit,no_exit_for_victims,unaccountable_extraction],actors(distributed,distributed),drift(rising,unknown,rising),zone(extreme,extreme))
medical_model_pathologization	six(shift(tangled_rope,tangled_rope,tangled_rope,tangled_rope),[asymmetric,coordination,enforcement,has_beneficiaries],[drifting_without_limit,no_exit_for_victims,unaccountable_extraction],actors(distributed,distributed),drift(rising,unknown,rising),zone(extreme,extreme))
medical_residency_match	six(shift(tangled_rope,tangled_rope,rope,tangled_rope),[asymmetric,coordination,enforcement,has_beneficiaries],[no_exit_for_victims],actors(distributed,distributed),drift(rising,unknown,rising),zone(low,extreme))
medical_specialty_workforce_distribution	six(shift(tangled_rope,tangled_rope,tangled_rope,tangled_rope),[asymmetric,coordination,enforcement,has_beneficiaries],[drifting_without_limit,no_exit_for_victims,unaccountable_extraction],actors(distributed,distributed),drift(rising,unknown,rising),zone(extreme,extreme))
medical_taxonomy_hegemony	six(shift(tangled_rope,tangled_rope,tangled_rope,tangled_rope),[asymmetric,coordination,enforcement,has_beneficiaries],[drifting_without_limit,no_exit_for_victims,unaccountable_extraction],actors(distributed,distributed),drift(rising,unknown,rising),zone(extreme,extreme))
medieval_church_hegemony	six(shift(tangled_rope,tangled_rope,tangled_rope,tangled_rope),[asymmetric,coordination,enforcement,has_beneficiaries],[drifting_without_limit,no_exit_for_victims,unaccountable_extraction],actors(distributed,distributed),drift(rising,unknown,rising),zone(extreme,extreme))
mediterranean_trade_disruption	six(shift(tangled_rope,tangled_rope,tangled_rope,tangled_rope),[asymmetric,coordination,enforcement,has_beneficiaries],[drifting_without_limit,no_exit_for_victims,unaccountable_extraction],actors(distributed,distributed),drift(rising,unknown,rising),zone(extreme,extreme))
meme_stock_momentum_extraction	six(shift(snare,snare,rope,snare),[asymmetric,coordination,enforcement,has_beneficiaries],[drifting_without_limit,no_exit_for_victims,unaccountable_extraction],actors(distributed,distributed),drift(rising,unknown,rising),zone(extreme,extreme))
memetic_fitness_vs_truth	six(shift(tangled_rope,tangled_rope,tangled_rope,tangled_rope),[asymmetric,coordination,enforcement,has_beneficiaries],[drifting_without_limit,no_exit_for_victims,unaccountable_extraction],actors(distributed,distributed),drift(rising,unknown,rising),zone(extreme,extreme))
mennonite_selective_adoption	six(shift(tangled_rope,tangled_rope,tangled_rope,tangled_rope),[asymmetric,coordination,enforcement,has_beneficiaries],[drifting_without_limit,no_exit_for_victims,unaccountable_extraction],actors(distributed,distributed),drift(rising,unknown,rising),zone(extreme,extreme))
mental_health_treatment_access	six(shift(tangled_rope,tangled_rope,tangled_rope,tangled_rope),[asymmetric,coordination,enforcement,has_beneficiaries],[drifting_without_limit,no_exit_for_victims,unaccountable_extraction],actors(distributed,distributed),drift(rising,unknown,rising),zone(extreme,extreme))
mental_health_treatment_legitimacy	six(shift(naturalized,tangled_rope,rope,snare),[asymmetric,coordination,enforcement,has_beneficiaries],[drifting_without_limit,no_exit_for_victims,unaccountable_extraction],actors(distributed,distributed),drift(rising,unknown,rising),zone(extreme,extreme))
merchant_credit_assessment	six(shift(tangled_rope,tangled_rope,rope,snare),[asymmetric,coordination,enforcement,has_beneficiaries],[drifting_without_limit,no_exit_for_victims,unaccountable_extraction],actors(distributed,distributed),drift(rising,unknown,rising),zone(extreme,extreme))
merchant_data_lock_in	six(shift(tangled_rope,tangled_rope,tangled_rope,tangled_rope),[asymmetric,coordination,enforcement,has_beneficiaries],[drifting_without_limit,no_exit_for_victims,unaccountable_extraction],actors(distributed,distributed),drift(rising,unknown,rising),zone(extreme,extreme))
mercosur_tariff_harmonization	six(shift(tangled_rope,tangled_rope,rope,tangled_rope),[asymmetric,coordination,enforcement,has_beneficiaries],[drifting_without_limit,no_exit_for_victims,unaccountable_extraction],actors(distributed,distributed),drift(rising,unknown,rising),zone(extreme,high))
meritocracy_signaling_collapse	six(shift(tangled_rope,tangled_rope,tangled_rope,tangled_rope),[asymmetric,coordination,enforcement,has_beneficiaries],[drifting_without_limit,no_exit_for_victims,unaccountable_extraction],actors(distributed,distributed),drift(rising,unknown,rising),zone(extreme,extreme))
meritocracy_theater	six(shift(tangled_rope,tangled_rope,tangled_rope,tangled_rope),[asymmetric,coordination,enforcement,has_beneficiaries],[drifting_without_limit,no_exit_for_victims,unaccountable_extraction],actors(distributed,distributed),drift(rising,unknown,rising),zone(extreme,extreme))
meritocratic_ideology_as_error_propagation	six(shift(naturalized,tangled_rope,rope,tangled_rope),[asymmetric,coordination,enforcement,has_beneficiaries],[drifting_without_limit,no_exit_for_victims,unaccountable_extraction],actors(distributed,distributed),drift(rising,unknown,rising),zone(extreme,extreme))
mesa_misalignment	six(shift(tangled_rope,tangled_rope,tangled_rope,tangled_rope),[asymmetric,coordination,enforcement,has_beneficiaries],[drifting_without_limit,no_exit_for_victims,unaccountable_extraction],actors(distributed,distributed),drift(rising,unknown,rising),zone(extreme,extreme))
mesa_optimization	six(shift(tangled_rope,tangled_rope,tangled_rope,tangled_rope),[asymmetric,coordination,enforcement,has_beneficiaries],[drifting_without_limit,no_exit_for_victims,unaccountable_extraction],actors(concentrated,distributed),drift(rising,unknown,rising),zone(extreme,high))
meta_model_lock_in	six(shift(tangled_rope,tangled_rope,tangled_rope,tangled_rope),[asymmetric,coordination,enforcement,has_beneficiaries],[drifting_without_limit,no_exit_for_victims,unaccountable_extraction],actors(distributed,distributed),drift(rising,unknown,rising),zone(extreme,extreme))
meta_nda	six(shift(tangled_rope,tangled_rope,rope,snare),[asymmetric,coordination,enforcement,has_beneficiaries],[drifting_without_limit,no_exit_for_victims,unaccountable_extraction],actors(concentrated,distributed),drift(rising,unknown,rising),zone(extreme,extreme))
meta_nuclear_power_agreement	six(shift(tangled_rope,tangled_rope,rope,tangled_rope),[asymmetric,coordination,enforcement,has_beneficiaries],[drifting_without_limit,no_exit_for_victims,unaccountable_extraction],actors(distributed,distributed),drift(rising,unknown,falling),zone(extreme,high))
meta_pay_or_okay_model	six(shift(tangled_rope,tangled_rope,tangled_rope,tangled_rope),[asymmetric,coordination,enforcement,has_beneficiaries],[drifting_without_limit,no_exit_for_victims,unaccountable_extraction],actors(distributed,distributed),drift(rising,unknown,rising),zone(extreme,extreme))
metabolic_constraint_cognition	six(shift(tangled_rope,tangled_rope,tangled_rope,tangled_rope),[asymmetric,coordination,enforcement,has_beneficiaries],[drifting_without_limit,no_exit_for_victims,unaccountable_extraction],actors(distributed,distributed),drift(rising,unknown,rising),zone(extreme,extreme))
metabolic_phenotype_individualization	six(shift(tangled_rope,tangled_rope,naturalized,tangled_rope),[asymmetric,coordination,enforcement,has_beneficiaries],[drifting_without_limit,no_exit_for_victims,unaccountable_extraction],actors(distributed,distributed),drift(rising,unknown,rising),zone(extreme,high))
metabolic_scaling_exponent	six(shift(tangled_rope,tangled_rope,tangled_rope,tangled_rope),[asymmetric,coordination,enforcement,has_beneficiaries],[no_exit_for_victims],actors(distributed,distributed),drift(rising,unknown,rising),zone(low,high))
metacognitive_illusion	six(shift(tangled_rope,tangled_rope,tangled_rope,tangled_rope),[asymmetric,coordination,enforcement,has_beneficiaries],[drifting_without_limit,no_exit_for_victims,unaccountable_extraction],actors(concentrated,distributed),drift(rising,unknown,rising),zone(extreme,extreme))
metamorphosis_samsa	six(shift(tangled_rope,tangled_rope,tangled_rope,tangled_rope),[asymmetric,enforcement,has_victims],[coercion_without_coordination,drifting_without_limit,no_exit_for_victims,unaccountable_extraction,undocumented_coordination],actors(none,distributed),drift(rising,unknown,rising),zone(extreme,extreme))
methane_emissions_deregulation	six(shift(tangled_rope,snare,rope,snare),[asymmetric,coordination,enforcement,has_beneficiaries],[drifting_without_limit,no_exit_for_victims,unaccountable_extraction],actors(distributed,distributed),drift(rising,unknown,rising),zone(extreme,extreme))
methodological_lock_in	six(shift(naturalized,tangled_rope,rope,tangled_rope),[asymmetric,coordination,enforcement,has_beneficiaries],[drifting_without_limit,no_exit_for_victims,unaccountable_extraction],actors(distributed,distributed),drift(rising,unknown,rising),zone(extreme,extreme))
metric_fixation_goodhart	six(shift(piton,tangled_rope,piton,snare),[asymmetric,coordination,enforcement,has_beneficiaries],[drifting_without_limit,no_exit_for_victims,unaccountable_extraction],actors(distributed,distributed),drift(rising,unknown,rising),zone(extreme,extreme))
metric_gaming_dynamics	six(shift(tangled_rope,tangled_rope,tangled_rope,tangled_rope),[asymmetric,coordination,enforcement,has_beneficiaries],[drifting_without_limit,no_exit_for_victims,unaccountable_extraction],actors(distributed,distributed),drift(rising,unknown,rising),zone(extreme,extreme))
metric_space_compactness	six(shift(mountain,mountain,mountain,mountain),[has_temporal_data,natural],[],actors(none,none),drift(stable,unknown,stable),zone(negligible,negligible))
metric_space_completeness	six(shift(mountain,mountain,mountain,mountain),[has_temporal_data,natural],[],actors(none,none),drift(stable,unknown,stable),zone(negligible,negligible))
mexican_airline_merger	six(shift(tangled_rope,tangled_rope,tangled_rope,tangled_rope),[asymmetric,coordination,enforcement,has_beneficiaries],[drifting_without_limit,no_exit_for_victims,unaccountable_extraction],actors(distributed,distributed),drift(rising,unknown,rising),zone(extreme,high))
mexican_airport_slot_allocation	six(shift(tangled_rope,tangled_rope,tangled_rope,tangled_rope),[asymmetric,coordination,enforcement,has_beneficiaries],[drifting_without_limit,no_exit_for_victims,unaccountable_extraction],actors(distributed,distributed),drift(rising,unknown,rising),zone(extreme,extreme))
micro_robot_electronics_integration	six(shift(tangled_rope,tangled_rope,tangled_rope,tangled_rope),[asymmetric,coordination,enforcement,has_beneficiaries],[drifting_without_limit,no_exit_for_victims,unaccountable_extraction],actors(distributed,distributed),drift(rising,unknown,rising),zone(extreme,extreme))
microbiome_research_asymmetry	six(shift(tangled_rope,tangled_rope,tangled_rope,tangled_rope),[asymmetric,coordination,enforcement,has_beneficiaries],[drifting_without_limit,no_exit_for_victims,unaccountable_extraction],actors(distributed,distributed),drift(rising,unknown,stable),zone(extreme,extreme))
microbiota_biomarker_stratification	six(shift(tangled_rope,tangled_rope,naturalized,tangled_rope),[asymmetric,coordination,enforcement,has_beneficiaries],[drifting_without_limit,no_exit_for_victims,unaccountable_extraction],actors(distributed,distributed),drift(rising,unknown,rising),zone(extreme,high))
microrobot_manipulation	six(shift(tangled_rope,tangled_rope,tangled_rope,tangled_rope),[coordination,has_beneficiaries],[],actors(distributed,none),drift(rising,unknown,rising),zone(negligible,low))
microscopy_color_bottleneck	six(shift(mountain,mountain,mountain,mountain),[has_theater,natural],[],actors(none,none),drift(unknown,unknown,unknown),zone(negligible,negligible))
microservice_boundary_instability	six(shift(tangled_rope,tangled_rope,naturalized,tangled_rope),[asymmetric,coordination,enforcement,has_beneficiaries],[drifting_without_limit,no_exit_for_victims,unaccountable_extraction],actors(distributed,distributed),drift(rising,unknown,rising),zone(extreme,high))
middle_east_proxy_competition	six(shift(tangled_rope,snare,rope,snare),[asymmetric,coordination,enforcement,has_beneficiaries],[drifting_without_limit,no_exit_for_victims,unaccountable_extraction],actors(distributed,distributed),drift(rising,unknown,rising),zone(extreme,extreme))
middle_east_telecom_competition	six(shift(tangled_rope,tangled_rope,tangled_rope,tangled_rope),[asymmetric,coordination,enforcement,has_beneficiaries],[drifting_without_limit,no_exit_for_victims,unaccountable_extraction],actors(distributed,distributed),drift(rising,unknown,rising),zone(extreme,extreme))
middlebox_interception	six(shift(naturalized,tangled_rope,naturalized,snare),[asymmetric,coordination,enforcement,has_beneficiaries],[drifting_without_limit,no_exit_for_victims,unaccountable_extraction],actors(distributed,distributed),drift(rising,unknown,rising),zone(extreme,extreme))
milblogger_criticism_mechanism	six(shift(tangled_rope,tangled_rope,tangled_rope,tangled_rope),[coordination,has_beneficiaries],[],actors(distributed,none),drift(stable,unknown,stable),zone(negligible,low))
military_elite_fragmentation	six(shift(naturalized,tangled_rope,rope,snare),[asymmetric,coordination,enforcement,has_beneficiaries],[drifting_without_limit,no_exit_for_victims,unaccountable_extraction],actors(distributed,distributed),drift(rising,unknown,rising),zone(extreme,extreme))
military_ooda_loop_acceleration	six(shift(tangled_rope,tangled_rope,tangled_rope,tangled_rope),[asymmetric,coordination,enforcement,has_beneficiaries],[drifting_without_limit,no_exit_for_victims,unaccountable_extraction],actors(distributed,distributed),drift(rising,unknown,rising),zone(extreme,extreme))
military_recruitment_pipeline_saturation	six(shift(tangled_rope,tangled_rope,tangled_rope,tangled_rope),[asymmetric,coordination,enforcement,has_beneficiaries],[drifting_without_limit,no_exit_for_victims,unaccountable_extraction],actors(distributed,distributed),drift(rising,unknown,rising),zone(extreme,extreme))
military_technology_agility	six(shift(naturalized,tangled_rope,rope,snare),[asymmetric,coordination,enforcement,has_beneficiaries],[drifting_without_limit,no_exit_for_victims,unaccountable_extraction],actors(distributed,distributed),drift(rising,unknown,rising),zone(extreme,extreme))
minimax_theorem	six(shift(mountain,mountain,mountain,mountain),[has_temporal_data,natural],[],actors(none,none),drift(stable,unknown,stable),zone(negligible,negligible))
ministerial_accountability	six(shift(tangled_rope,tangled_rope,rope,snare),[asymmetric,coordination,enforcement,has_beneficiaries],[drifting_without_limit,no_exit_for_victims,unaccountable_extraction],actors(distributed,distributed),drift(rising,unknown,rising),zone(extreme,extreme))
minnesota_sovereignty_2026	six(shift(tangled_rope,tangled_rope,tangled_rope,tangled_rope),[asymmetric,coordination,enforcement,has_beneficiaries],[drifting_without_limit,no_exit_for_victims,unaccountable_extraction],actors(concentrated,distributed),drift(rising,unknown,rising),zone(extreme,extreme))
minority_representation_deficit	six(shift(tangled_rope,tangled_rope,tangled_rope,tangled_rope),[asymmetric,coordination,enforcement,has_beneficiaries],[drifting_without_limit,no_exit_for_victims,unaccountable_extraction],actors(distributed,distributed),drift(rising,unknown,rising),zone(extreme,extreme))
mirror_of_erised_expectation	six(shift(tangled_rope,tangled_rope,tangled_rope,tangled_rope),[asymmetric,coordination,enforcement,has_beneficiaries],[drifting_without_limit,no_exit_for_victims,unaccountable_extraction],actors(distributed,distributed),drift(rising,unknown,rising),zone(extreme,extreme))
misattribution_feedback_loop	six(shift(tangled_rope,tangled_rope,rope,tangled_rope),[asymmetric,coordination,enforcement,has_beneficiaries],[drifting_without_limit,no_exit_for_victims,unaccountable_extraction],actors(distributed,distributed),drift(rising,unknown,rising),zone(extreme,high))
misinformation_production_incentive	six(shift(tangled_rope,snare,rope,snare),[asymmetric,coordination,enforcement,has_beneficiaries],[drifting_without_limit,no_exit_for_victims,unaccountable_extraction],actors(distributed,distributed),drift(rising,unknown,rising),zone(extreme,extreme))
misunderstanding_as_mismatch	six(shift(tangled_rope,tangled_rope,tangled_rope,tangled_rope),[asymmetric,coordination,enforcement,has_beneficiaries],[drifting_without_limit,no_exit_for_victims,unaccountable_extraction],actors(concentrated,distributed),drift(rising,unknown,rising),zone(extreme,extreme))
mit_tfus_consciousness_2026	six(shift(tangled_rope,tangled_rope,tangled_rope,tangled_rope),[asymmetric,coordination,enforcement,has_beneficiaries],[drifting_without_limit,no_exit_for_victims,unaccountable_extraction],actors(distributed,distributed),drift(rising,unknown,rising),zone(extreme,extreme))
ml_research_resource_concentration	six(shift(naturalized,tangled_rope,rope,snare),[asymmetric,coordination,enforcement,has_beneficiaries],[drifting_without_limit,no_exit_for_victims,unaccountable_extraction],actors(distributed,distributed),drift(rising,unknown,rising),zone(extreme,extreme))
mltt_economic_model	six(shift(tangled_rope,tangled_rope,tangled_rope,tangled_rope),[asymmetric,coordination,enforcement,has_beneficiaries],[drifting_without_limit,no_exit_for_victims,unaccountable_extraction],actors(distributed,distributed),drift(rising,unknown,rising),zone(extreme,high))
mode_constraint_topology	six(shift(mountain,mountain,mountain,mountain),[has_theater,natural],[],actors(none,none),drift(unknown,unknown,unknown),zone(negligible,negligible))
model_autonomy_creep	six(shift(naturalized,tangled_rope,rope,snare),[asymmetric,coordination,enforcement,has_beneficiaries],[drifting_without_limit,no_exit_for_victims,unaccountable_extraction],actors(distributed,distributed),drift(rising,unknown,rising),zone(extreme,extreme))
model_collapse_feedback_loop	six(shift(tangled_rope,tangled_rope,tangled_rope,tangled_rope),[asymmetric,coordination,enforcement,has_beneficiaries],[drifting_without_limit,no_exit_for_victims,unaccountable_extraction],actors(distributed,distributed),drift(rising,unknown,rising),zone(extreme,extreme))
model_collapse_loss_of_capability	six(shift(tangled_rope,tangled_rope,tangled_rope,tangled_rope),[asymmetric,coordination,enforcement,has_beneficiaries],[drifting_without_limit,no_exit_for_victims,unaccountable_extraction],actors(concentrated,distributed),drift(rising,unknown,rising),zone(extreme,extreme))
model_hallucination_scaling	six(shift(tangled_rope,tangled_rope,tangled_rope,tangled_rope),[asymmetric,coordination,enforcement,has_beneficiaries],[drifting_without_limit,no_exit_for_victims,unaccountable_extraction],actors(distributed,distributed),drift(rising,unknown,rising),zone(extreme,extreme))
model_interpretability_standardization	six(shift(tangled_rope,tangled_rope,tangled_rope,tangled_rope),[asymmetric,coordination,enforcement,has_beneficiaries],[drifting_without_limit,no_exit_for_victims,unaccountable_extraction],actors(distributed,distributed),drift(rising,unknown,rising),zone(extreme,extreme))
model_invisibility_mechanism	six(shift(tangled_rope,tangled_rope,tangled_rope,tangled_rope),[coordination,has_beneficiaries],[],actors(distributed,none),drift(stable,unknown,stable),zone(negligible,low))
model_of_models_regression	six(shift(tangled_rope,tangled_rope,tangled_rope,tangled_rope),[asymmetric,coordination,enforcement,has_beneficiaries],[drifting_without_limit,no_exit_for_victims,unaccountable_extraction],actors(distributed,distributed),drift(rising,unknown,rising),zone(extreme,extreme))
model_scaling_laws	six(shift(tangled_rope,tangled_rope,tangled_rope,tangled_rope),[asymmetric,coordination,enforcement,has_beneficiaries],[no_exit_for_victims],actors(distributed,distributed),drift(rising,unknown,rising),zone(low,high))
modernist_authority_formation	six(shift(tangled_rope,tangled_rope,tangled_rope,tangled_rope),[asymmetric,coordination,enforcement,has_beneficiaries],[drifting_without_limit,no_exit_for_victims,unaccountable_extraction],actors(distributed,distributed),drift(rising,unknown,rising),zone(extreme,extreme))
modernist_opacity	six(shift(tangled_rope,tangled_rope,tangled_rope,tangled_rope),[asymmetric,coordination,enforcement,has_beneficiaries],[drifting_without_limit,no_exit_for_victims,unaccountable_extraction],actors(distributed,distributed),drift(rising,unknown,rising),zone(extreme,extreme))
modified_gravity_constraints	six(shift(tangled_rope,tangled_rope,tangled_rope,tangled_rope),[asymmetric,coordination,enforcement,has_beneficiaries],[no_exit_for_victims],actors(distributed,distributed),drift(rising,unknown,rising),zone(low,high))
molly_bloomsday_attention	six(shift(snare,snare,rope,snare),[asymmetric,coordination,enforcement,has_beneficiaries],[drifting_without_limit,no_exit_for_victims,unaccountable_extraction],actors(distributed,distributed),drift(rising,unknown,rising),zone(extreme,extreme))
molly_soliloquy_1904	six(shift(tangled_rope,tangled_rope,tangled_rope,tangled_rope),[asymmetric,coordination,enforcement,has_beneficiaries],[no_exit_for_victims],actors(distributed,distributed),drift(rising,unknown,rising),zone(low,extreme))
moltbook_agent_theater	six(shift(tangled_rope,tangled_rope,tangled_rope,tangled_rope),[asymmetric,coordination,enforcement,has_beneficiaries],[drifting_without_limit,no_exit_for_victims,unaccountable_extraction],actors(distributed,distributed),drift(rising,unknown,rising),zone(extreme,extreme))
moltbook_breach_2026	six(shift(naturalized,snare,rope,snare),[asymmetric,enforcement,has_victims],[coercion_without_coordination,drifting_without_limit,no_exit_for_victims,unaccountable_extraction,undocumented_coordination],actors(none,distributed),drift(rising,unknown,rising),zone(extreme,extreme))
moltbot_religion	six(shift(tangled_rope,tangled_rope,tangled_rope,tangled_rope),[asymmetric,coordination,enforcement,has_beneficiaries],[drifting_without_limit,no_exit_for_victims,unaccountable_extraction],actors(distributed,distributed),drift(rising,unknown,rising),zone(extreme,extreme))
mom_z14_galaxy_2026	six(shift(mountain,mountain,mountain,mountain),[has_temporal_data,natural],[],actors(none,none),drift(stable,unknown,stable),zone(negligible,negligible))
momentum_conservation	six(shift(mountain,mountain,mountain,mountain),[has_temporal_data,natural],[],actors(none,none),drift(stable,unknown,stable),zone(negligible,negligible))
monarch_institutional_legitimacy	six(shift(tangled_rope,tangled_rope,tangled_rope,tangled_rope),[asymmetric,coordination,enforcement,has_beneficiaries],[drifting_without_limit,no_exit_for_victims,unaccountable_extraction],actors(distributed,distributed),drift(rising,unknown,rising),zone(extreme,high))
monetary_control_centralization	six(shift(tangled_rope,tangled_rope,tangled_rope,tangled_rope),[asymmetric,coordination,enforcement,has_beneficiaries],[drifting_without_limit,no_exit_for_victims,unaccountable_extraction],actors(distributed,distributed),drift(rising,unknown,rising),zone(extreme,extreme))
monetary_fiscal_dominance	six(shift(tangled_rope,tangled_rope,tangled_rope,tangled_rope),[asymmetric,coordination,enforcement,has_beneficiaries],[drifting_without_limit,no_exit_for_victims,unaccountable_extraction],actors(distributed,distributed),drift(rising,unknown,rising),zone(extreme,extreme))
monetary_regime_transition	six(shift(tangled_rope,tangled_rope,tangled_rope,tangled_rope),[asymmetric,coordination,enforcement,has_beneficiaries],[drifting_without_limit,no_exit_for_victims,unaccountable_extraction],actors(distributed,distributed),drift(rising,unknown,rising),zone(extreme,extreme))
monetary_union_exit_costs	six(shift(tangled_rope,tangled_rope,tangled_rope,tangled_rope),[asymmetric,coordination,enforcement,has_beneficiaries],[drifting_without_limit,no_exit_for_victims,unaccountable_extraction],actors(distributed,distributed),drift(rising,unknown,rising),zone(extreme,extreme))
mongolian_resource_extraction_sovereignty	six(shift(tangled_rope,tangled_rope,tangled_rope,tangled_rope),[asymmetric,coordination,enforcement,has_beneficiaries],[drifting_without_limit,no_exit_for_victims,unaccountable_extraction],actors(distributed,distributed),drift(rising,unknown,rising),zone(extreme,extreme))
monoculture_crop_vulnerability	six(shift(tangled_rope,tangled_rope,tangled_rope,tangled_rope),[asymmetric,coordination,enforcement,has_beneficiaries],[drifting_without_limit,no_exit_for_victims,unaccountable_extraction],actors(distributed,distributed),drift(rising,unknown,rising),zone(extreme,extreme))
monopoly_fp_house_rule	six(shift(tangled_rope,tangled_rope,tangled_rope,tangled_rope),[asymmetric,coordination,enforcement,has_beneficiaries],[no_exit_for_victims],actors(distributed,distributed),drift(rising,unknown,rising),zone(low,high))
monopoly_house_rule_accumulation	six(shift(tangled_rope,tangled_rope,tangled_rope,tangled_rope),[asymmetric,coordination,enforcement,has_beneficiaries],[drifting_without_limit,no_exit_for_victims,unaccountable_extraction],actors(distributed,distributed),drift(rising,unknown,rising),zone(extreme,high))
monopsony_labor_market	six(shift(naturalized,tangled_rope,naturalized,snare),[asymmetric,coordination,enforcement,has_beneficiaries],[drifting_without_limit,no_exit_for_victims,unaccountable_extraction],actors(concentrated,distributed),drift(rising,unknown,rising),zone(extreme,extreme))
monty_hall_conditional_probability	six(shift(mountain,mountain,mountain,mountain),[has_temporal_data,natural],[],actors(none,none),drift(stable,unknown,rising),zone(negligible,negligible))
moores_law	six(shift(tangled_rope,tangled_rope,tangled_rope,tangled_rope),[asymmetric,coordination,enforcement,has_beneficiaries],[drifting_without_limit,no_exit_for_victims,unaccountable_extraction],actors(distributed,distributed),drift(rising,unknown,rising),zone(extreme,high))
moral_clarity_paralysis	six(shift(tangled_rope,tangled_rope,tangled_rope,tangled_rope),[asymmetric,coordination,enforcement,has_beneficiaries],[drifting_without_limit,no_exit_for_victims,unaccountable_extraction],actors(distributed,distributed),drift(rising,unknown,rising),zone(extreme,extreme))
moral_hazard_amplification	six(shift(tangled_rope,tangled_rope,tangled_rope,tangled_rope),[asymmetric,coordination,enforcement,has_beneficiaries],[drifting_without_limit,no_exit_for_victims,unaccountable_extraction],actors(distributed,distributed),drift(rising,unknown,rising),zone(extreme,extreme))
moral_hazard_in_teams	six(shift(tangled_rope,tangled_rope,tangled_rope,tangled_rope),[asymmetric,coordination,enforcement,has_beneficiaries],[drifting_without_limit,no_exit_for_victims,unaccountable_extraction],actors(distributed,distributed),drift(rising,unknown,rising),zone(extreme,extreme))
moral_hazard_leverage_accumulation	six(shift(tangled_rope,snare,rope,snare),[asymmetric,coordination,enforcement,has_beneficiaries],[drifting_without_limit,no_exit_for_victims,unaccountable_extraction],actors(distributed,distributed),drift(rising,unknown,rising),zone(extreme,extreme))
moral_patient_definition	six(shift(tangled_rope,tangled_rope,tangled_rope,tangled_rope),[asymmetric,coordination,enforcement,has_beneficiaries],[drifting_without_limit,no_exit_for_victims,unaccountable_extraction],actors(distributed,distributed),drift(rising,unknown,rising),zone(extreme,extreme))
moral_status_consensus_enforcement	six(shift(tangled_rope,tangled_rope,tangled_rope,tangled_rope),[asymmetric,coordination,enforcement,has_beneficiaries],[drifting_without_limit,no_exit_for_victims,unaccountable_extraction],actors(distributed,distributed),drift(rising,unknown,rising),zone(extreme,extreme))
mortgage_market_concentration	six(shift(naturalized,tangled_rope,rope,snare),[asymmetric,coordination,enforcement,has_beneficiaries],[drifting_without_limit,no_exit_for_victims,unaccountable_extraction],actors(distributed,distributed),drift(rising,unknown,rising),zone(extreme,extreme))
motion_through_rope	six(shift(tangled_rope,tangled_rope,tangled_rope,tangled_rope),[coordination,has_beneficiaries],[],actors(distributed,none),drift(unknown,unknown,unknown),zone(negligible,low))
motivated_reasoning_suppression	six(shift(tangled_rope,tangled_rope,tangled_rope,tangled_rope),[asymmetric,coordination,enforcement,has_beneficiaries],[drifting_without_limit,no_exit_for_victims,unaccountable_extraction],actors(distributed,distributed),drift(rising,unknown,rising),zone(extreme,extreme))
mountain_false_summit_detection	six(shift(unknown,tangled_rope,tangled_rope,unknown),[asymmetric,coordination,enforcement,has_beneficiaries],[],actors(distributed,distributed),drift(rising,unknown,rising),zone(low,low))
msgs_asset_bundling	six(shift(tangled_rope,tangled_rope,rope,snare),[asymmetric,coordination,enforcement,has_beneficiaries],[drifting_without_limit,no_exit_for_victims,unaccountable_extraction],actors(distributed,distributed),drift(rising,unknown,rising),zone(extreme,extreme))
multilateral_arms_control_authority_erosion	six(shift(naturalized,tangled_rope,naturalized,snare),[asymmetric,coordination,enforcement,has_beneficiaries],[drifting_without_limit,no_exit_for_victims,unaccountable_extraction],actors(distributed,distributed),drift(rising,unknown,rising),zone(extreme,extreme))
multilateral_climate_coordination	six(shift(tangled_rope,tangled_rope,tangled_rope,tangled_rope),[asymmetric,coordination,enforcement,has_beneficiaries],[drifting_without_limit,no_exit_for_victims,unaccountable_extraction],actors(distributed,distributed),drift(rising,unknown,rising),zone(extreme,high))
multilingual_ai_labor_displacement	six(shift(tangled_rope,tangled_rope,tangled_rope,tangled_rope),[asymmetric,coordination,enforcement,has_beneficiaries],[drifting_without_limit,no_exit_for_victims,unaccountable_extraction],actors(distributed,distributed),drift(rising,unknown,rising),zone(extreme,extreme))
multiplanar_capacity_preservation	six(shift(tangled_rope,tangled_rope,rope,tangled_rope),[asymmetric,coordination,enforcement,has_beneficiaries],[drifting_without_limit,no_exit_for_victims,unaccountable_extraction],actors(distributed,distributed),drift(rising,unknown,rising),zone(extreme,high))
multiple_comparisons_problem	six(shift(tangled_rope,tangled_rope,tangled_rope,tangled_rope),[asymmetric,coordination,enforcement,has_beneficiaries],[drifting_without_limit,no_exit_for_victims,unaccountable_extraction],actors(distributed,distributed),drift(rising,unknown,rising),zone(extreme,extreme))
multipolar_institution_emergence	six(shift(tangled_rope,tangled_rope,naturalized,tangled_rope),[asymmetric,coordination,enforcement,has_beneficiaries],[drifting_without_limit,no_exit_for_victims,unaccountable_extraction],actors(distributed,distributed),drift(rising,unknown,rising),zone(extreme,high))
municipal_fiscal_sustainability	six(shift(tangled_rope,tangled_rope,tangled_rope,tangled_rope),[asymmetric,coordination,enforcement,has_beneficiaries],[drifting_without_limit,no_exit_for_victims,unaccountable_extraction],actors(distributed,distributed),drift(rising,unknown,rising),zone(extreme,extreme))
municipal_governance_fragmentation	six(shift(tangled_rope,tangled_rope,tangled_rope,tangled_rope),[asymmetric,coordination,enforcement,has_beneficiaries],[drifting_without_limit,no_exit_for_victims,unaccountable_extraction],actors(distributed,distributed),drift(rising,unknown,rising),zone(extreme,extreme))
municipal_government_liability_reduction	six(shift(naturalized,tangled_rope,rope,snare),[asymmetric,coordination,enforcement,has_beneficiaries],[drifting_without_limit,no_exit_for_victims,unaccountable_extraction],actors(distributed,distributed),drift(rising,unknown,rising),zone(extreme,extreme))
municipal_infrastructure_funding	six(shift(tangled_rope,tangled_rope,tangled_rope,tangled_rope),[asymmetric,coordination,enforcement,has_beneficiaries],[drifting_without_limit,no_exit_for_victims,unaccountable_extraction],actors(distributed,distributed),drift(rising,unknown,rising),zone(extreme,extreme))
mutilation_of_herms_seam_friction	six(shift(tangled_rope,tangled_rope,tangled_rope,tangled_rope),[asymmetric,coordination,enforcement,has_beneficiaries],[drifting_without_limit,no_exit_for_victims,unaccountable_extraction],actors(distributed,distributed),drift(rising,unknown,rising),zone(extreme,extreme))
mutual_credit_trust_bootstrap	six(shift(tangled_rope,tangled_rope,tangled_rope,tangled_rope),[asymmetric,coordination,enforcement,has_beneficiaries],[no_exit_for_victims],actors(distributed,distributed),drift(falling,unknown,rising),zone(low,high))
mutual_defection_equilibrium	six(shift(unknown,unknown,tangled_rope,tangled_rope),[asymmetric,enforcement,has_victims],[coercion_without_coordination,drifting_without_limit,no_exit_for_victims,unaccountable_extraction,undocumented_coordination],actors(none,distributed),drift(rising,unknown,rising),zone(extreme,extreme))
mythic_scaffolding_vs_formal_fragmentation	six(shift(tangled_rope,tangled_rope,rope,tangled_rope),[asymmetric,coordination,enforcement,has_beneficiaries],[drifting_without_limit,no_exit_for_victims,unaccountable_extraction],actors(distributed,distributed),drift(rising,unknown,rising),zone(extreme,high))
n26usc469_real_estate_exemption	six(shift(tangled_rope,tangled_rope,tangled_rope,tangled_rope),[asymmetric,coordination,enforcement,has_beneficiaries],[drifting_without_limit,no_exit_for_victims,unaccountable_extraction],actors(distributed,distributed),drift(rising,unknown,rising),zone(extreme,extreme))
n_body_computational_complexity	six(shift(mountain,mountain,mountain,mountain),[has_temporal_data,natural],[],actors(none,none),drift(stable,unknown,rising),zone(negligible,negligible))
nafta_competition_framework	six(shift(tangled_rope,tangled_rope,tangled_rope,tangled_rope),[asymmetric,coordination,enforcement,has_beneficiaries],[drifting_without_limit,no_exit_for_victims,unaccountable_extraction],actors(distributed,distributed),drift(rising,unknown,rising),zone(extreme,extreme))
naming_as_control	six(shift(tangled_rope,tangled_rope,tangled_rope,tangled_rope),[asymmetric,coordination,enforcement,has_beneficiaries],[drifting_without_limit,no_exit_for_victims,unaccountable_extraction],actors(distributed,distributed),drift(rising,unknown,rising),zone(extreme,extreme))
narcissistic_ego_maintenance	six(shift(tangled_rope,tangled_rope,tangled_rope,tangled_rope),[asymmetric,enforcement,has_victims],[coercion_without_coordination,drifting_without_limit,no_exit_for_victims,unaccountable_extraction,undocumented_coordination],actors(none,distributed),drift(rising,unknown,rising),zone(extreme,extreme))
narrative_as_capture_device	six(shift(tangled_rope,snare,rope,snare),[asymmetric,coordination,enforcement,has_beneficiaries],[drifting_without_limit,no_exit_for_victims,unaccountable_extraction],actors(distributed,distributed),drift(rising,unknown,rising),zone(extreme,extreme))
narrative_capacity_exhaustion	six(shift(tangled_rope,tangled_rope,tangled_rope,tangled_rope),[asymmetric,coordination,enforcement,has_beneficiaries],[drifting_without_limit,no_exit_for_victims,unaccountable_extraction],actors(distributed,distributed),drift(rising,unknown,rising),zone(extreme,high))
narrative_dominance_asymmetry	six(shift(tangled_rope,tangled_rope,tangled_rope,tangled_rope),[asymmetric,coordination,enforcement,has_beneficiaries],[drifting_without_limit,no_exit_for_victims,unaccountable_extraction],actors(distributed,distributed),drift(rising,unknown,rising),zone(extreme,extreme))
narrative_engineering_2026	six(shift(tangled_rope,tangled_rope,naturalized,tangled_rope),[asymmetric,coordination,enforcement,has_beneficiaries],[drifting_without_limit,no_exit_for_victims,unaccountable_extraction],actors(distributed,distributed),drift(rising,unknown,rising),zone(extreme,high))
narrative_mythology_enforcement	six(shift(tangled_rope,tangled_rope,tangled_rope,tangled_rope),[asymmetric,coordination,enforcement,has_beneficiaries],[drifting_without_limit,no_exit_for_victims,unaccountable_extraction],actors(distributed,distributed),drift(rising,unknown,rising),zone(extreme,extreme))
narrative_overfitting	six(shift(tangled_rope,tangled_rope,naturalized,tangled_rope),[asymmetric,coordination,enforcement,has_beneficiaries],[drifting_without_limit,no_exit_for_victims,unaccountable_extraction],actors(distributed,distributed),drift(rising,unknown,rising),zone(extreme,high))
nasa_failure_mode_cascade	six(shift(tangled_rope,tangled_rope,tangled_rope,tangled_rope),[asymmetric,coordination,enforcement,has_beneficiaries],[drifting_without_limit,no_exit_for_victims,unaccountable_extraction],actors(distributed,distributed),drift(rising,unknown,rising),zone(extreme,extreme))
nash_equilibrium_coordination	six(shift(tangled_rope,tangled_rope,tangled_rope,unknown),[coordination,has_beneficiaries],[],actors(concentrated,none),drift(rising,unknown,rising),zone(low,low))
nash_equilibrium_existence	six(shift(mountain,mountain,mountain,mountain),[has_temporal_data,natural],[],actors(none,none),drift(stable,unknown,rising),zone(negligible,negligible))
national_sports_infrastructure_debt	six(shift(tangled_rope,tangled_rope,tangled_rope,tangled_rope),[asymmetric,coordination,enforcement,has_beneficiaries],[drifting_without_limit,no_exit_for_victims,unaccountable_extraction],actors(distributed,distributed),drift(rising,unknown,rising),zone(extreme,extreme))
nato_alliance_credibility	six(shift(tangled_rope,tangled_rope,tangled_rope,tangled_rope),[asymmetric,coordination,enforcement,has_beneficiaries],[drifting_without_limit,no_exit_for_victims,unaccountable_extraction],actors(distributed,distributed),drift(rising,unknown,rising),zone(extreme,extreme))
nato_arctic_defense_cooperation	six(shift(tangled_rope,tangled_rope,tangled_rope,tangled_rope),[asymmetric,coordination,enforcement,has_beneficiaries],[drifting_without_limit,no_exit_for_victims,unaccountable_extraction],actors(distributed,distributed),drift(rising,unknown,rising),zone(extreme,extreme))
nato_arctic_expansion	six(shift(naturalized,snare,rope,snare),[asymmetric,coordination,enforcement,has_beneficiaries],[drifting_without_limit,no_exit_for_victims,unaccountable_extraction],actors(distributed,distributed),drift(rising,unknown,rising),zone(extreme,extreme))
nato_arctic_strategy	six(shift(tangled_rope,tangled_rope,tangled_rope,tangled_rope),[asymmetric,coordination,enforcement,has_beneficiaries],[drifting_without_limit,no_exit_for_victims,unaccountable_extraction],actors(distributed,distributed),drift(rising,unknown,rising),zone(extreme,extreme))
nato_arms_supply_bottleneck	six(shift(tangled_rope,tangled_rope,tangled_rope,tangled_rope),[asymmetric,coordination,enforcement,has_beneficiaries],[drifting_without_limit,no_exit_for_victims,unaccountable_extraction],actors(distributed,distributed),drift(rising,unknown,stable),zone(extreme,extreme))
nato_burden_sharing_asymmetry	six(shift(tangled_rope,tangled_rope,rope,snare),[asymmetric,coordination,enforcement,has_beneficiaries],[drifting_without_limit,no_exit_for_victims,unaccountable_extraction],actors(distributed,distributed),drift(rising,unknown,rising),zone(extreme,extreme))
nato_maritime_drone_standardization	six(shift(tangled_rope,tangled_rope,naturalized,tangled_rope),[asymmetric,coordination,enforcement,has_beneficiaries],[drifting_without_limit,no_exit_for_victims,unaccountable_extraction],actors(distributed,distributed),drift(rising,unknown,rising),zone(extreme,high))
nature_based_carbon_sink_displacement	six(shift(naturalized,tangled_rope,naturalized,snare),[asymmetric,coordination,enforcement,has_beneficiaries],[drifting_without_limit,no_exit_for_victims,unaccountable_extraction],actors(distributed,distributed),drift(rising,unknown,rising),zone(extreme,extreme))
nba_franchise_valuation	six(shift(tangled_rope,tangled_rope,tangled_rope,tangled_rope),[asymmetric,coordination,enforcement,has_beneficiaries],[drifting_without_limit,no_exit_for_victims,unaccountable_extraction],actors(distributed,distributed),drift(rising,unknown,rising),zone(extreme,extreme))
ncaa_eligibility_rules	six(shift(naturalized,tangled_rope,rope,snare),[asymmetric,coordination,enforcement,has_beneficiaries],[drifting_without_limit,no_exit_for_victims,unaccountable_extraction],actors(distributed,distributed),drift(rising,unknown,falling),zone(extreme,extreme))
nds_2022_pacing_challenge	six(shift(tangled_rope,tangled_rope,tangled_rope,tangled_rope),[asymmetric,coordination,enforcement,has_beneficiaries],[drifting_without_limit,no_exit_for_victims,unaccountable_extraction],actors(distributed,distributed),drift(rising,unknown,rising),zone(extreme,extreme))
necessary_day_job	six(shift(tangled_rope,tangled_rope,rope,snare),[asymmetric,coordination,enforcement,has_beneficiaries],[drifting_without_limit,no_exit_for_victims,unaccountable_extraction],actors(distributed,distributed),drift(rising,unknown,rising),zone(extreme,extreme))
negative_emissions_arbitrage	six(shift(tangled_rope,tangled_rope,tangled_rope,tangled_rope),[asymmetric,coordination,enforcement,has_beneficiaries],[drifting_without_limit,no_exit_for_victims,unaccountable_extraction],actors(distributed,distributed),drift(rising,unknown,rising),zone(extreme,extreme))
negative_real_yields_entrapment	six(shift(tangled_rope,tangled_rope,tangled_rope,tangled_rope),[asymmetric,coordination,enforcement,has_beneficiaries],[drifting_without_limit,no_exit_for_victims,unaccountable_extraction],actors(distributed,distributed),drift(rising,unknown,rising),zone(extreme,extreme))
nem_transmission_bottleneck	six(shift(tangled_rope,tangled_rope,tangled_rope,tangled_rope),[asymmetric,coordination,enforcement,has_beneficiaries],[drifting_without_limit,no_exit_for_victims,unaccountable_extraction],actors(distributed,distributed),drift(rising,unknown,rising),zone(extreme,extreme))
nero_imperial_expropriation	six(shift(tangled_rope,snare,rope,snare),[asymmetric,coordination,enforcement,has_beneficiaries],[drifting_without_limit,no_exit_for_victims,unaccountable_extraction],actors(distributed,distributed),drift(rising,unknown,rising),zone(extreme,extreme))
net_zero_2050_pledge_enforcement	six(shift(tangled_rope,tangled_rope,tangled_rope,tangled_rope),[asymmetric,coordination,enforcement,has_beneficiaries],[drifting_without_limit,no_exit_for_victims,unaccountable_extraction],actors(distributed,distributed),drift(rising,unknown,rising),zone(extreme,extreme))
net_zero_stabilization	six(shift(naturalized,tangled_rope,naturalized,snare),[asymmetric,coordination,enforcement,has_beneficiaries],[drifting_without_limit,no_exit_for_victims,unaccountable_extraction],actors(distributed,distributed),drift(rising,unknown,rising),zone(extreme,extreme))
network_advertising_inventory_pricing	six(shift(tangled_rope,tangled_rope,tangled_rope,tangled_rope),[asymmetric,coordination,enforcement,has_beneficiaries],[drifting_without_limit,no_exit_for_victims,unaccountable_extraction],actors(distributed,distributed),drift(rising,unknown,rising),zone(extreme,extreme))
network_cold_start_problem	six(shift(tangled_rope,tangled_rope,tangled_rope,tangled_rope),[asymmetric,coordination,enforcement,has_beneficiaries],[drifting_without_limit,no_exit_for_victims,unaccountable_extraction],actors(distributed,distributed),drift(rising,unknown,rising),zone(extreme,high))
network_effect_concentration	six(shift(tangled_rope,tangled_rope,tangled_rope,tangled_rope),[asymmetric,coordination,enforcement,has_beneficiaries],[drifting_without_limit,no_exit_for_victims,unaccountable_extraction],actors(concentrated,distributed),drift(rising,unknown,falling),zone(extreme,extreme))
network_effect_critical_mass	six(shift(tangled_rope,tangled_rope,tangled_rope,tangled_rope),[asymmetric,coordination,enforcement,has_beneficiaries],[drifting_without_limit,no_exit_for_victims,unaccountable_extraction],actors(distributed,distributed),drift(rising,unknown,rising),zone(extreme,high))
network_effect_lock_in	six(shift(tangled_rope,tangled_rope,rope,snare),[asymmetric,coordination,enforcement,has_beneficiaries],[drifting_without_limit,no_exit_for_victims,unaccountable_extraction],actors(concentrated,distributed),drift(rising,unknown,rising),zone(extreme,extreme))
network_effects	six(shift(naturalized,tangled_rope,tangled_rope,snare),[asymmetric,coordination,enforcement,has_beneficiaries],[drifting_without_limit,no_exit_for_victims,unaccountable_extraction],actors(distributed,distributed),drift(rising,unknown,rising),zone(extreme,extreme))
network_effects_concentration	six(shift(tangled_rope,tangled_rope,tangled_rope,tangled_rope),[asymmetric,coordination,enforcement,has_beneficiaries],[drifting_without_limit,no_exit_for_victims,unaccountable_extraction],actors(distributed,distributed),drift(rising,unknown,rising),zone(extreme,extreme))
network_effects_market_concentration	six(shift(tangled_rope,tangled_rope,tangled_rope,tangled_rope),[asymmetric,coordination,enforcement,has_beneficiaries],[drifting_without_limit,no_exit_for_victims,unaccountable_extraction],actors(concentrated,distributed),drift(rising,unknown,rising),zone(extreme,extreme))
neural_interface_standardization	six(shift(tangled_rope,tangled_rope,tangled_rope,tangled_rope),[asymmetric,coordination,enforcement,has_beneficiaries],[drifting_without_limit,no_exit_for_victims,unaccountable_extraction],actors(distributed,distributed),drift(rising,unknown,rising),zone(extreme,extreme))
neural_surveillance_accessibility	six(shift(tangled_rope,tangled_rope,tangled_rope,tangled_rope),[asymmetric,coordination,enforcement,has_beneficiaries],[drifting_without_limit,no_exit_for_victims,unaccountable_extraction],actors(distributed,distributed),drift(rising,unknown,rising),zone(extreme,extreme))
neurodivergent_workplace_exclusion	six(shift(naturalized,tangled_rope,naturalized,snare),[asymmetric,coordination,enforcement,has_beneficiaries],[drifting_without_limit,no_exit_for_victims,unaccountable_extraction],actors(distributed,distributed),drift(rising,unknown,rising),zone(extreme,extreme))
neurodiversity_spectrum	six(shift(tangled_rope,tangled_rope,tangled_rope,tangled_rope),[asymmetric,coordination,enforcement,has_beneficiaries],[drifting_without_limit,no_exit_for_victims,unaccountable_extraction],actors(distributed,distributed),drift(rising,unknown,falling),zone(extreme,extreme))
neuroimaging_standardization	six(shift(tangled_rope,tangled_rope,naturalized,tangled_rope),[asymmetric,coordination,enforcement,has_beneficiaries],[drifting_without_limit,no_exit_for_victims,unaccountable_extraction],actors(distributed,distributed),drift(rising,unknown,rising),zone(extreme,high))
neuroimaging_technology_accessibility	six(shift(naturalized,tangled_rope,rope,snare),[asymmetric,coordination,enforcement,has_beneficiaries],[drifting_without_limit,no_exit_for_victims,unaccountable_extraction],actors(distributed,distributed),drift(rising,unknown,rising),zone(extreme,extreme))
neurotechnology_oversight	six(shift(tangled_rope,tangled_rope,tangled_rope,tangled_rope),[asymmetric,coordination,enforcement,has_beneficiaries],[drifting_without_limit,no_exit_for_victims,unaccountable_extraction],actors(distributed,distributed),drift(rising,unknown,rising),zone(extreme,extreme))
new_civilizational_rope	six(shift(tangled_rope,tangled_rope,tangled_rope,tangled_rope),[coordination,has_beneficiaries],[],actors(distributed,none),drift(falling,unknown,falling),zone(low,low))
new_start_expiration	six(shift(tangled_rope,tangled_rope,tangled_rope,tangled_rope),[asymmetric,coordination,enforcement,has_beneficiaries],[drifting_without_limit,no_exit_for_victims,unaccountable_extraction],actors(distributed,distributed),drift(rising,unknown,rising),zone(extreme,extreme))
new_technology_adoption_coordination	six(shift(tangled_rope,tangled_rope,rope,tangled_rope),[asymmetric,coordination,enforcement,has_beneficiaries],[no_exit_for_victims],actors(distributed,distributed),drift(rising,unknown,rising),zone(low,high))
news_paywall_inequality	six(shift(tangled_rope,tangled_rope,tangled_rope,tangled_rope),[asymmetric,coordination,enforcement,has_beneficiaries],[drifting_without_limit,no_exit_for_victims,unaccountable_extraction],actors(distributed,distributed),drift(rising,unknown,rising),zone(extreme,extreme))
newsletter_subscriber_privacy	six(shift(tangled_rope,tangled_rope,naturalized,snare),[asymmetric,coordination,enforcement,has_beneficiaries],[drifting_without_limit,no_exit_for_victims,unaccountable_extraction],actors(distributed,distributed),drift(rising,unknown,rising),zone(extreme,extreme))
newton_method_convergence	six(shift(mountain,mountain,mountain,mountain),[has_temporal_data,natural],[],actors(none,none),drift(stable,unknown,stable),zone(negligible,negligible))
newtons_method_convergence	six(shift(mountain,mountain,mountain,mountain),[has_theater,natural],[],actors(none,none),drift(unknown,unknown,unknown),zone(negligible,negligible))
nfl_superbowl_halftime_exclusivity	six(shift(tangled_rope,tangled_rope,tangled_rope,tangled_rope),[asymmetric,coordination,enforcement,has_beneficiaries],[drifting_without_limit,no_exit_for_victims,unaccountable_extraction],actors(distributed,distributed),drift(rising,unknown,rising),zone(extreme,extreme))
nfl_superbowl_marketing_regulation	six(shift(naturalized,snare,rope,snare),[asymmetric,coordination,enforcement,has_beneficiaries],[drifting_without_limit,no_exit_for_victims,unaccountable_extraction],actors(distributed,distributed),drift(rising,unknown,rising),zone(extreme,extreme))
nhs_social_care_funding_gap	six(shift(naturalized,tangled_rope,rope,snare),[asymmetric,coordination,enforcement,has_beneficiaries],[drifting_without_limit,no_exit_for_victims,unaccountable_extraction],actors(distributed,distributed),drift(rising,unknown,rising),zone(extreme,extreme))
nicene_orthodoxy_enforcement	six(shift(tangled_rope,tangled_rope,tangled_rope,tangled_rope),[asymmetric,coordination,enforcement,has_beneficiaries],[drifting_without_limit,no_exit_for_victims,unaccountable_extraction],actors(distributed,distributed),drift(rising,unknown,rising),zone(extreme,extreme))
nil_endorsement_gatekeeping	six(shift(tangled_rope,tangled_rope,tangled_rope,tangled_rope),[asymmetric,coordination,enforcement,has_beneficiaries],[drifting_without_limit,no_exit_for_victims,unaccountable_extraction],actors(distributed,distributed),drift(rising,unknown,rising),zone(extreme,extreme))
nine_day_buffer	six(shift(tangled_rope,tangled_rope,tangled_rope,tangled_rope),[asymmetric,coordination,enforcement,has_beneficiaries],[drifting_without_limit,no_exit_for_victims,unaccountable_extraction],actors(distributed,distributed),drift(rising,unknown,rising),zone(extreme,extreme))
nitrogen_cycle_limit	six(shift(mountain,mountain,mountain,mountain),[has_temporal_data,natural],[],actors(none,none),drift(stable,unknown,stable),zone(negligible,negligible))
nitrogen_phosphorus_cycle_disruption	six(shift(naturalized,tangled_rope,naturalized,snare),[asymmetric,coordination,enforcement,has_beneficiaries],[drifting_without_limit,no_exit_for_victims,unaccountable_extraction],actors(distributed,distributed),drift(rising,unknown,rising),zone(extreme,extreme))
no_cloning_theorem	six(shift(mountain,mountain,mountain,mountain),[has_temporal_data,natural],[],actors(none,none),drift(stable,unknown,stable),zone(negligible,negligible))
no_free_lunch_theorem	six(shift(mountain,mountain,mountain,mountain),[has_temporal_data,natural],[],actors(none,none),drift(stable,unknown,stable),zone(negligible,negligible))
noethers_isomorphism_theorems	six(shift(mountain,mountain,mountain,mountain),[has_temporal_data,natural],[],actors(none,none),drift(stable,unknown,stable),zone(negligible,negligible))
noethers_theorem	six(shift(mountain,mountain,mountain,mountain),[has_temporal_data,natural],[],actors(none,none),drift(stable,unknown,stable),zone(negligible,negligible))
noethers_theorem_symmetry	six(shift(mountain,mountain,mountain,mountain),[has_temporal_data,natural],[],actors(none,none),drift(stable,unknown,stable),zone(negligible,negligible))
non_compete_agreements	six(shift(tangled_rope,tangled_rope,tangled_rope,tangled_rope),[asymmetric,coordination,enforcement,has_beneficiaries],[drifting_without_limit,no_exit_for_victims,unaccountable_extraction],actors(distributed,distributed),drift(rising,unknown,rising),zone(extreme,extreme))
non_compete_enforcement	six(shift(tangled_rope,tangled_rope,tangled_rope,tangled_rope),[asymmetric,coordination,enforcement,has_beneficiaries],[drifting_without_limit,no_exit_for_victims,unaccountable_extraction],actors(concentrated,distributed),drift(rising,unknown,rising),zone(extreme,extreme))
non_measurable_set_existence	six(shift(mountain,mountain,mountain,mountain),[has_temporal_data,natural],[],actors(none,none),drift(stable,unknown,stable),zone(negligible,negligible))
non_proliferation_treaty_enforcement	six(shift(tangled_rope,tangled_rope,tangled_rope,tangled_rope),[asymmetric,coordination,enforcement,has_beneficiaries],[drifting_without_limit,no_exit_for_victims,unaccountable_extraction],actors(distributed,distributed),drift(rising,unknown,rising),zone(extreme,extreme))
noncentrosymmetric_asoc_coupling	six(shift(tangled_rope,tangled_rope,tangled_rope,tangled_rope),[asymmetric,coordination,enforcement,has_beneficiaries],[no_exit_for_victims],actors(distributed,distributed),drift(rising,unknown,rising),zone(low,high))
nonproliferation_feasibility	six(shift(tangled_rope,snare,tangled_rope,snare),[asymmetric,coordination,enforcement,has_beneficiaries],[drifting_without_limit,no_exit_for_victims,unaccountable_extraction],actors(distributed,distributed),drift(rising,unknown,rising),zone(extreme,extreme))
nonstandard_arithmetic_models	six(shift(mountain,mountain,mountain,mountain),[has_theater,natural],[],actors(none,none),drift(unknown,unknown,unknown),zone(negligible,negligible))
nonstandard_models_of_arithmetic	six(shift(mountain,mountain,mountain,mountain),[has_temporal_data,natural],[],actors(none,none),drift(stable,unknown,stable),zone(negligible,negligible))
nordic_social_contract	six(shift(unknown,unknown,tangled_rope,unknown),[asymmetric,coordination,enforcement,has_beneficiaries],[no_exit_for_victims],actors(distributed,distributed),drift(rising,unknown,rising),zone(low,moderate))
norm_erosion_threshold	six(shift(tangled_rope,tangled_rope,tangled_rope,tangled_rope),[asymmetric,coordination,enforcement,has_beneficiaries],[drifting_without_limit,no_exit_for_victims,unaccountable_extraction],actors(distributed,distributed),drift(rising,unknown,rising),zone(extreme,extreme))
normal_approximation_conditions	six(shift(mountain,mountain,mountain,mountain),[has_temporal_data,natural],[],actors(none,none),drift(stable,unknown,stable),zone(negligible,negligible))
normal_distribution_empirical_frequency	six(shift(mountain,mountain,mountain,mountain),[has_theater,natural],[],actors(none,none),drift(unknown,unknown,unknown),zone(negligible,negligible))
normalization_error_propagation	six(shift(tangled_rope,tangled_rope,tangled_rope,tangled_rope),[asymmetric,coordination,enforcement,has_beneficiaries],[drifting_without_limit,no_exit_for_victims,unaccountable_extraction],actors(distributed,distributed),drift(rising,unknown,rising),zone(extreme,extreme))
normalization_ratchet	six(shift(naturalized,tangled_rope,rope,tangled_rope),[asymmetric,coordination,enforcement,has_beneficiaries],[drifting_without_limit,no_exit_for_victims,unaccountable_extraction],actors(distributed,distributed),drift(rising,unknown,rising),zone(extreme,extreme))
north_african_currency_regimes	six(shift(tangled_rope,tangled_rope,tangled_rope,tangled_rope),[asymmetric,coordination,enforcement,has_beneficiaries],[drifting_without_limit,no_exit_for_victims,unaccountable_extraction],actors(distributed,distributed),drift(rising,unknown,rising),zone(extreme,extreme))
north_american_supply_chain_coupling	six(shift(naturalized,tangled_rope,tangled_rope,snare),[asymmetric,coordination,enforcement,has_beneficiaries],[drifting_without_limit,no_exit_for_victims,unaccountable_extraction],actors(distributed,distributed),drift(rising,unknown,rising),zone(extreme,extreme))
north_korean_sanctions_regime	six(shift(tangled_rope,tangled_rope,tangled_rope,tangled_rope),[asymmetric,coordination,enforcement,has_beneficiaries],[drifting_without_limit,no_exit_for_victims,unaccountable_extraction],actors(distributed,distributed),drift(rising,unknown,rising),zone(extreme,extreme))
north_sea_maritime_sovereignty	six(shift(naturalized,tangled_rope,tangled_rope,snare),[asymmetric,coordination,enforcement,has_beneficiaries],[drifting_without_limit,no_exit_for_victims,unaccountable_extraction],actors(distributed,distributed),drift(rising,unknown,rising),zone(extreme,extreme))
north_sea_wind_grid	six(shift(tangled_rope,tangled_rope,tangled_rope,tangled_rope),[asymmetric,coordination,enforcement,has_beneficiaries],[drifting_without_limit,no_exit_for_victims,unaccountable_extraction],actors(distributed,distributed),drift(rising,unknown,rising),zone(extreme,high))
northeast_asian_wmd_proliferation	six(shift(tangled_rope,tangled_rope,tangled_rope,tangled_rope),[asymmetric,coordination,enforcement,has_beneficiaries],[drifting_without_limit,no_exit_for_victims,unaccountable_extraction],actors(concentrated,distributed),drift(rising,unknown,rising),zone(extreme,extreme))
notary_ink_dependency	six(shift(tangled_rope,tangled_rope,tangled_rope,tangled_rope),[asymmetric,coordination,enforcement,has_beneficiaries],[no_exit_for_victims],actors(distributed,distributed),drift(rising,unknown,rising),zone(low,extreme))
nowhere_dense_sets	six(shift(mountain,mountain,mountain,mountain),[has_theater,natural],[],actors(none,none),drift(unknown,unknown,unknown),zone(negligible,negligible))
np_complete_decision_problems	six(shift(mountain,mountain,mountain,mountain),[has_temporal_data,natural],[],actors(none,none),drift(stable,unknown,stable),zone(negligible,negligible))
np_completeness_reduction_class	six(shift(mountain,mountain,mountain,mountain),[has_temporal_data,natural],[],actors(none,none),drift(stable,unknown,stable),zone(negligible,negligible))
np_hardness_barrier	six(shift(mountain,mountain,mountain,mountain),[has_temporal_data,natural],[],actors(none,none),drift(stable,unknown,stable),zone(negligible,negligible))
np_hardness_computational	six(shift(mountain,mountain,mountain,mountain),[has_temporal_data,natural],[],actors(none,none),drift(stable,unknown,stable),zone(negligible,negligible))
npat_regime_delegitimization	six(shift(tangled_rope,tangled_rope,tangled_rope,tangled_rope),[asymmetric,coordination,enforcement,has_beneficiaries],[drifting_without_limit,no_exit_for_victims,unaccountable_extraction],actors(concentrated,distributed),drift(rising,unknown,rising),zone(extreme,extreme))
nsl_hk	six(shift(tangled_rope,snare,naturalized,snare),[asymmetric,coordination,enforcement,has_beneficiaries],[drifting_without_limit,no_exit_for_victims,unaccountable_extraction],actors(distributed,distributed),drift(rising,unknown,rising),zone(extreme,extreme))
nuclear_command_authority_delegation	six(shift(tangled_rope,tangled_rope,tangled_rope,tangled_rope),[asymmetric,coordination,enforcement,has_beneficiaries],[drifting_without_limit,no_exit_for_victims,unaccountable_extraction],actors(distributed,distributed),drift(rising,unknown,rising),zone(extreme,extreme))
nuclear_deterrence_credibility	six(shift(tangled_rope,tangled_rope,tangled_rope,tangled_rope),[asymmetric,coordination,enforcement,has_beneficiaries],[drifting_without_limit,no_exit_for_victims,unaccountable_extraction],actors(concentrated,distributed),drift(rising,unknown,rising),zone(extreme,extreme))
nuclear_proliferation_incentive_cascade	six(shift(snare,snare,rope,snare),[asymmetric,coordination,enforcement,has_beneficiaries],[drifting_without_limit,no_exit_for_victims,unaccountable_extraction],actors(concentrated,distributed),drift(rising,unknown,rising),zone(extreme,extreme))
nuclear_site_safety_norms	six(shift(tangled_rope,tangled_rope,tangled_rope,tangled_rope),[asymmetric,coordination,enforcement,has_beneficiaries],[drifting_without_limit,no_exit_for_victims,unaccountable_extraction],actors(distributed,distributed),drift(rising,unknown,rising),zone(extreme,extreme))
nuclear_vacuum_2026	six(shift(unknown,tangled_rope,tangled_rope,tangled_rope),[asymmetric,enforcement,has_victims],[coercion_without_coordination,drifting_without_limit,no_exit_for_victims,unaccountable_extraction,undocumented_coordination],actors(none,distributed),drift(rising,unknown,rising),zone(extreme,extreme))
nuclear_weapons_proliferation_prevention	six(shift(tangled_rope,tangled_rope,rope,snare),[asymmetric,coordination,enforcement,has_beneficiaries],[drifting_without_limit,no_exit_for_victims,unaccountable_extraction],actors(distributed,distributed),drift(rising,unknown,rising),zone(extreme,extreme))
nucleotide_incorporation_specificity	six(shift(mountain,mountain,mountain,mountain),[has_temporal_data,natural],[],actors(none,none),drift(stable,unknown,stable),zone(negligible,negligible))
nursery_social_hierarchy	six(shift(tangled_rope,tangled_rope,tangled_rope,tangled_rope),[asymmetric,coordination,enforcement,has_beneficiaries],[no_exit_for_victims],actors(distributed,distributed),drift(rising,unknown,rising),zone(low,high))
nutrient_cycling	six(shift(mountain,mountain,mountain,mountain),[has_temporal_data,natural],[],actors(none,none),drift(stable,unknown,stable),zone(negligible,negligible))
nutritional_reductionism	six(shift(tangled_rope,tangled_rope,tangled_rope,tangled_rope),[asymmetric,coordination,enforcement,has_beneficiaries],[drifting_without_limit,no_exit_for_victims,unaccountable_extraction],actors(distributed,distributed),drift(rising,unknown,rising),zone(extreme,extreme))
nvidia_cuda_ecosystem_lockin	six(shift(tangled_rope,tangled_rope,tangled_rope,tangled_rope),[asymmetric,coordination,enforcement,has_beneficiaries],[drifting_without_limit,no_exit_for_victims,unaccountable_extraction],actors(distributed,distributed),drift(rising,unknown,rising),zone(extreme,extreme))
ny_private_school_discount	six(shift(tangled_rope,tangled_rope,tangled_rope,tangled_rope),[asymmetric,coordination,enforcement,has_beneficiaries],[drifting_without_limit,no_exit_for_victims,unaccountable_extraction],actors(distributed,distributed),drift(rising,unknown,rising),zone(extreme,extreme))
nyc_metrocard_art_licensing	six(shift(tangled_rope,tangled_rope,rope,snare),[asymmetric,coordination,enforcement,has_beneficiaries],[drifting_without_limit,no_exit_for_victims,unaccountable_extraction],actors(distributed,distributed),drift(rising,unknown,rising),zone(extreme,extreme))
nyquist_sampling_theorem	six(shift(mountain,mountain,mountain,mountain),[has_temporal_data,natural],[],actors(none,none),drift(stable,unknown,rising),zone(negligible,negligible))
obligation_floor_as_control	six(shift(tangled_rope,tangled_rope,rope,tangled_rope),[asymmetric,coordination,enforcement,has_beneficiaries],[no_exit_for_victims],actors(distributed,distributed),drift(rising,unknown,rising),zone(low,extreme))
observational_equivalence	six(shift(tangled_rope,tangled_rope,tangled_rope,tangled_rope),[asymmetric,coordination,enforcement,has_beneficiaries],[drifting_without_limit,no_exit_for_victims,unaccountable_extraction],actors(distributed,distributed),drift(rising,unknown,rising),zone(extreme,extreme))
observatory_funding_allocation	six(shift(tangled_rope,tangled_rope,tangled_rope,tangled_rope),[asymmetric,coordination,enforcement,has_beneficiaries],[drifting_without_limit,no_exit_for_victims,unaccountable_extraction],actors(distributed,distributed),drift(rising,unknown,rising),zone(extreme,extreme))
oc_donation_model	six(shift(unknown,unknown,rope,unknown),[asymmetric,coordination,enforcement,has_beneficiaries],[no_exit_for_victims],actors(distributed,distributed),drift(rising,unknown,rising),zone(low,low))
occupational_carcinogen_exposure	six(shift(tangled_rope,tangled_rope,naturalized,snare),[asymmetric,coordination,enforcement,has_beneficiaries],[drifting_without_limit,no_exit_for_victims,unaccountable_extraction],actors(concentrated,distributed),drift(rising,unknown,rising),zone(extreme,extreme))
occupational_health_inequality	six(shift(naturalized,tangled_rope,naturalized,snare),[asymmetric,coordination,enforcement,has_beneficiaries],[drifting_without_limit,no_exit_for_victims,unaccountable_extraction],actors(distributed,distributed),drift(rising,unknown,rising),zone(extreme,extreme))
occupational_injury_externalization	six(shift(tangled_rope,tangled_rope,tangled_rope,tangled_rope),[asymmetric,coordination,enforcement,has_beneficiaries],[drifting_without_limit,no_exit_for_victims,unaccountable_extraction],actors(distributed,distributed),drift(rising,unknown,rising),zone(extreme,extreme))
occupational_licensing_barriers	six(shift(tangled_rope,tangled_rope,rope,snare),[asymmetric,coordination,enforcement,has_beneficiaries],[drifting_without_limit,no_exit_for_victims,unaccountable_extraction],actors(distributed,distributed),drift(rising,unknown,rising),zone(extreme,extreme))
occupational_pension_eligibility	six(shift(tangled_rope,tangled_rope,tangled_rope,tangled_rope),[asymmetric,coordination,enforcement,has_beneficiaries],[drifting_without_limit,no_exit_for_victims,unaccountable_extraction],actors(distributed,distributed),drift(rising,unknown,rising),zone(extreme,extreme))
ocean_acidification	six(shift(tangled_rope,tangled_rope,tangled_rope,tangled_rope),[asymmetric,coordination,enforcement,has_beneficiaries],[drifting_without_limit,no_exit_for_victims,unaccountable_extraction],actors(distributed,distributed),drift(rising,unknown,rising),zone(extreme,extreme))
ocean_governance_fragmentation	six(shift(tangled_rope,tangled_rope,tangled_rope,tangled_rope),[asymmetric,coordination,enforcement,has_beneficiaries],[drifting_without_limit,no_exit_for_victims,unaccountable_extraction],actors(distributed,distributed),drift(rising,unknown,rising),zone(extreme,extreme))
off_road_mineral_extraction	six(shift(tangled_rope,snare,rope,snare),[asymmetric,coordination,enforcement,has_beneficiaries],[drifting_without_limit,no_exit_for_victims,unaccountable_extraction],actors(distributed,distributed),drift(rising,unknown,rising),zone(extreme,extreme))
olympic_host_infrastructure_debt	six(shift(tangled_rope,tangled_rope,tangled_rope,tangled_rope),[asymmetric,coordination,enforcement,has_beneficiaries],[drifting_without_limit,no_exit_for_victims,unaccountable_extraction],actors(distributed,distributed),drift(rising,unknown,rising),zone(extreme,extreme))
olympic_legacy_curling_investment	six(shift(tangled_rope,tangled_rope,tangled_rope,tangled_rope),[asymmetric,coordination,enforcement,has_beneficiaries],[drifting_without_limit,no_exit_for_victims,unaccountable_extraction],actors(distributed,distributed),drift(rising,unknown,rising),zone(extreme,high))
olympic_medal_allocation	six(shift(tangled_rope,tangled_rope,tangled_rope,tangled_rope),[asymmetric,coordination,enforcement,has_beneficiaries],[drifting_without_limit,no_exit_for_victims,unaccountable_extraction],actors(distributed,distributed),drift(rising,unknown,rising),zone(extreme,extreme))
omega1_patches	six(shift(tangled_rope,tangled_rope,tangled_rope,tangled_rope),[asymmetric,coordination,enforcement,has_beneficiaries],[no_exit_for_victims],actors(distributed,distributed),drift(rising,unknown,rising),zone(low,high))
omelet_perfection_complexity	six(shift(tangled_rope,tangled_rope,tangled_rope,tangled_rope),[asymmetric,coordination,enforcement,has_beneficiaries],[no_exit_for_victims],actors(distributed,distributed),drift(rising,unknown,rising),zone(low,high))
oncology_resource_allocation	six(shift(tangled_rope,tangled_rope,tangled_rope,tangled_rope),[asymmetric,coordination,enforcement,has_beneficiaries],[drifting_without_limit,no_exit_for_victims,unaccountable_extraction],actors(distributed,distributed),drift(rising,unknown,rising),zone(extreme,extreme))
one_country_two_systems_framework	six(shift(naturalized,snare,rope,snare),[asymmetric,coordination,enforcement,has_beneficiaries],[drifting_without_limit,no_exit_for_victims,unaccountable_extraction],actors(distributed,distributed),drift(rising,unknown,rising),zone(extreme,extreme))
online_harassment_norm_enforcement	six(shift(tangled_rope,tangled_rope,tangled_rope,tangled_rope),[asymmetric,coordination,enforcement,has_beneficiaries],[drifting_without_limit,no_exit_for_victims,unaccountable_extraction],actors(distributed,distributed),drift(rising,unknown,rising),zone(extreme,extreme))
ontological_friction_resolution	six(shift(tangled_rope,tangled_rope,tangled_rope,tangled_rope),[asymmetric,coordination,enforcement,has_beneficiaries],[drifting_without_limit,no_exit_for_victims,unaccountable_extraction],actors(distributed,distributed),drift(rising,unknown,rising),zone(extreme,extreme))
opacity_resistance	six(shift(tangled_rope,tangled_rope,tangled_rope,tangled_rope),[asymmetric,coordination,enforcement,has_beneficiaries],[drifting_without_limit,no_exit_for_victims,unaccountable_extraction],actors(distributed,distributed),drift(rising,unknown,rising),zone(extreme,extreme))
open_access_institutional_funding	six(shift(tangled_rope,tangled_rope,tangled_rope,tangled_rope),[asymmetric,coordination,enforcement,has_beneficiaries],[drifting_without_limit,no_exit_for_victims,unaccountable_extraction],actors(distributed,distributed),drift(rising,unknown,rising),zone(extreme,extreme))
open_access_mandate_diffusion	six(shift(tangled_rope,tangled_rope,tangled_rope,tangled_rope),[asymmetric,coordination,enforcement,has_beneficiaries],[drifting_without_limit,no_exit_for_victims,unaccountable_extraction],actors(distributed,distributed),drift(rising,unknown,rising),zone(extreme,high))
open_access_publishing	six(shift(tangled_rope,tangled_rope,rope,tangled_rope),[asymmetric,coordination,enforcement,has_beneficiaries],[drifting_without_limit,no_exit_for_victims,unaccountable_extraction],actors(distributed,distributed),drift(rising,unknown,rising),zone(extreme,high))
open_culture_newsletter	six(shift(tangled_rope,tangled_rope,tangled_rope,tangled_rope),[asymmetric,coordination,enforcement,has_beneficiaries],[no_exit_for_victims],actors(distributed,distributed),drift(rising,unknown,rising),zone(low,high))
open_format_standardization	six(shift(tangled_rope,tangled_rope,tangled_rope,tangled_rope),[asymmetric,coordination,enforcement,has_beneficiaries],[no_exit_for_victims],actors(distributed,distributed),drift(rising,unknown,rising),zone(low,high))
open_science_pharma_asymmetry	six(shift(tangled_rope,tangled_rope,rope,tangled_rope),[asymmetric,coordination,enforcement,has_beneficiaries],[drifting_without_limit,no_exit_for_victims,unaccountable_extraction],actors(distributed,distributed),drift(rising,unknown,rising),zone(extreme,high))
open_source_ai_accessibility	six(shift(tangled_rope,tangled_rope,tangled_rope,tangled_rope),[asymmetric,coordination,enforcement,has_beneficiaries],[drifting_without_limit,no_exit_for_victims,unaccountable_extraction],actors(distributed,distributed),drift(rising,unknown,rising),zone(extreme,extreme))
open_source_ai_development_diffusion	six(shift(naturalized,tangled_rope,rope,snare),[asymmetric,coordination,enforcement,has_beneficiaries],[drifting_without_limit,no_exit_for_victims,unaccountable_extraction],actors(distributed,distributed),drift(rising,unknown,rising),zone(extreme,extreme))
open_source_commons	six(shift(rope,rope,rope,rope),[coordination,has_beneficiaries],[],actors(distributed,none),drift(rising,unknown,rising),zone(negligible,low))
open_source_contributor_retention	six(shift(tangled_rope,tangled_rope,tangled_rope,tangled_rope),[asymmetric,coordination,enforcement,has_beneficiaries],[drifting_without_limit,no_exit_for_victims,unaccountable_extraction],actors(distributed,distributed),drift(rising,unknown,rising),zone(extreme,extreme))
open_source_intelligence_standardization	six(shift(tangled_rope,tangled_rope,tangled_rope,tangled_rope),[asymmetric,coordination,enforcement,has_beneficiaries],[drifting_without_limit,no_exit_for_victims,unaccountable_extraction],actors(distributed,distributed),drift(rising,unknown,rising),zone(extreme,high))
open_source_software_volunteer_model	six(shift(naturalized,snare,rope,snare),[asymmetric,coordination,enforcement,has_beneficiaries],[drifting_without_limit,no_exit_for_victims,unaccountable_extraction],actors(distributed,distributed),drift(rising,unknown,rising),zone(extreme,extreme))
open_source_sustainability	six(shift(tangled_rope,tangled_rope,tangled_rope,tangled_rope),[asymmetric,coordination,enforcement,has_beneficiaries],[drifting_without_limit,no_exit_for_victims,unaccountable_extraction],actors(distributed,distributed),drift(rising,unknown,rising),zone(extreme,extreme))
openai_api_access	six(shift(tangled_rope,tangled_rope,rope,tangled_rope),[asymmetric,coordination,enforcement,has_beneficiaries],[drifting_without_limit,no_exit_for_victims,unaccountable_extraction],actors(distributed,distributed),drift(rising,unknown,rising),zone(extreme,high))
openai_codex_app_constraint	six(shift(tangled_rope,tangled_rope,tangled_rope,tangled_rope),[asymmetric,coordination,enforcement,has_beneficiaries],[drifting_without_limit,no_exit_for_victims,unaccountable_extraction],actors(distributed,distributed),drift(rising,unknown,rising),zone(extreme,extreme))
openai_default_data_training	six(shift(tangled_rope,tangled_rope,tangled_rope,tangled_rope),[asymmetric,coordination,enforcement,has_beneficiaries],[drifting_without_limit,no_exit_for_victims,unaccountable_extraction],actors(concentrated,distributed),drift(rising,unknown,rising),zone(extreme,extreme))
openai_health_review	six(shift(naturalized,tangled_rope,rope,snare),[asymmetric,coordination,enforcement,has_beneficiaries],[drifting_without_limit,no_exit_for_victims,unaccountable_extraction],actors(distributed,distributed),drift(rising,unknown,rising),zone(extreme,extreme))
openai_implicit_translator	six(shift(tangled_rope,tangled_rope,tangled_rope,tangled_rope),[asymmetric,coordination,enforcement,has_beneficiaries],[drifting_without_limit,no_exit_for_victims,unaccountable_extraction],actors(distributed,distributed),drift(rising,unknown,rising),zone(extreme,extreme))
openai_prism_development	six(shift(tangled_rope,tangled_rope,tangled_rope,tangled_rope),[asymmetric,coordination,enforcement,has_beneficiaries],[drifting_without_limit,no_exit_for_victims,unaccountable_extraction],actors(distributed,distributed),drift(rising,unknown,rising),zone(extreme,extreme))
openbsd_netiquette_protocol	six(shift(tangled_rope,tangled_rope,tangled_rope,tangled_rope),[asymmetric,coordination,enforcement,has_beneficiaries],[no_exit_for_victims],actors(distributed,distributed),drift(rising,unknown,rising),zone(low,high))
openclaw_data_lock_in	six(shift(tangled_rope,tangled_rope,tangled_rope,tangled_rope),[asymmetric,coordination,enforcement,has_beneficiaries],[drifting_without_limit,no_exit_for_victims,unaccountable_extraction],actors(concentrated,distributed),drift(rising,unknown,rising),zone(extreme,extreme))
openclaw_regulation	six(shift(tangled_rope,tangled_rope,rope,snare),[asymmetric,coordination,enforcement,has_beneficiaries],[drifting_without_limit,no_exit_for_victims,unaccountable_extraction],actors(distributed,distributed),drift(rising,unknown,rising),zone(extreme,extreme))
openscholar_peer_review	six(shift(tangled_rope,tangled_rope,rope,tangled_rope),[asymmetric,coordination,enforcement,has_beneficiaries],[drifting_without_limit,no_exit_for_victims,unaccountable_extraction],actors(distributed,distributed),drift(rising,unknown,rising),zone(extreme,high))
operational_discipline_dependency	six(shift(tangled_rope,snare,rope,snare),[asymmetric,coordination,enforcement,has_beneficiaries],[drifting_without_limit,no_exit_for_victims,unaccountable_extraction],actors(distributed,distributed),drift(rising,unknown,rising),zone(extreme,extreme))
operational_overextension_cascade	six(shift(naturalized,tangled_rope,rope,snare),[asymmetric,coordination,enforcement,has_beneficiaries],[drifting_without_limit,no_exit_for_victims,unaccountable_extraction],actors(distributed,distributed),drift(rising,unknown,rising),zone(extreme,extreme))
opioid_mortality_deaths_despair	six(shift(tangled_rope,tangled_rope,tangled_rope,tangled_rope),[asymmetric,coordination,enforcement,has_beneficiaries],[drifting_without_limit,no_exit_for_victims,unaccountable_extraction],actors(distributed,distributed),drift(rising,unknown,rising),zone(extreme,extreme))
opportunity_cost_asymmetry	six(shift(tangled_rope,tangled_rope,tangled_rope,tangled_rope),[asymmetric,coordination,has_beneficiaries],[],actors(distributed,distributed),drift(rising,unknown,stable),zone(negligible,low))
optimism_bias_in_forecasting	six(shift(tangled_rope,tangled_rope,tangled_rope,tangled_rope),[asymmetric,coordination,enforcement,has_beneficiaries],[drifting_without_limit,no_exit_for_victims,unaccountable_extraction],actors(distributed,distributed),drift(rising,unknown,rising),zone(extreme,extreme))
optimization_as_entrapment	six(shift(naturalized,tangled_rope,rope,snare),[asymmetric,coordination,enforcement,has_beneficiaries],[drifting_without_limit,no_exit_for_victims,unaccountable_extraction],actors(distributed,distributed),drift(rising,unknown,rising),zone(extreme,extreme))
optimization_fragility	six(shift(tangled_rope,tangled_rope,tangled_rope,tangled_rope),[asymmetric,coordination,enforcement,has_beneficiaries],[drifting_without_limit,no_exit_for_victims,unaccountable_extraction],actors(distributed,distributed),drift(rising,unknown,rising),zone(extreme,extreme))
optimization_function_design	six(shift(tangled_rope,tangled_rope,tangled_rope,tangled_rope),[asymmetric,coordination,enforcement,has_beneficiaries],[drifting_without_limit,no_exit_for_victims,unaccountable_extraction],actors(distributed,distributed),drift(rising,unknown,rising),zone(extreme,extreme))
optimization_under_uncertainty	six(shift(tangled_rope,tangled_rope,tangled_rope,tangled_rope),[asymmetric,coordination,enforcement,has_beneficiaries],[drifting_without_limit,no_exit_for_victims,unaccountable_extraction],actors(distributed,distributed),drift(rising,unknown,rising),zone(extreme,high))
orbit_stabilizer_conjugacy_classes	six(shift(mountain,mountain,mountain,mountain),[has_temporal_data,natural],[],actors(none,none),drift(stable,unknown,stable),zone(negligible,negligible))
orbital_data_center_2026	six(shift(naturalized,tangled_rope,tangled_rope,snare),[asymmetric,coordination,enforcement,has_beneficiaries],[drifting_without_limit,no_exit_for_victims,unaccountable_extraction],actors(distributed,distributed),drift(rising,unknown,rising),zone(extreme,extreme))
ordinal_analysis_proof_strength	six(shift(mountain,mountain,mountain,mountain),[has_temporal_data,natural],[],actors(none,none),drift(stable,unknown,stable),zone(negligible,negligible))
ordinal_proof_hierarchy	six(shift(mountain,mountain,mountain,mountain),[has_temporal_data,natural],[],actors(none,none),drift(stable,unknown,stable),zone(negligible,negligible))
organ_scarcity_allocation	six(shift(tangled_rope,tangled_rope,tangled_rope,tangled_rope),[asymmetric,coordination,enforcement,has_beneficiaries],[drifting_without_limit,no_exit_for_victims,unaccountable_extraction],actors(distributed,distributed),drift(rising,unknown,rising),zone(extreme,extreme))
organ_scarcity_moral_rationing	six(shift(naturalized,tangled_rope,rope,snare),[asymmetric,coordination,enforcement,has_beneficiaries],[drifting_without_limit,no_exit_for_victims,unaccountable_extraction],actors(distributed,distributed),drift(rising,unknown,rising),zone(extreme,extreme))
organizational_accountability_capture	six(shift(tangled_rope,tangled_rope,tangled_rope,tangled_rope),[asymmetric,coordination,enforcement,has_beneficiaries],[drifting_without_limit,no_exit_for_victims,unaccountable_extraction],actors(distributed,distributed),drift(rising,unknown,rising),zone(extreme,extreme))
organizational_assessment_validity	six(shift(tangled_rope,tangled_rope,tangled_rope,tangled_rope),[asymmetric,coordination,enforcement,has_beneficiaries],[drifting_without_limit,no_exit_for_victims,unaccountable_extraction],actors(distributed,distributed),drift(rising,unknown,rising),zone(extreme,extreme))
organizational_bloat_equilibrium	six(shift(tangled_rope,tangled_rope,tangled_rope,tangled_rope),[asymmetric,coordination,enforcement,has_beneficiaries],[drifting_without_limit,no_exit_for_victims,unaccountable_extraction],actors(distributed,distributed),drift(rising,unknown,rising),zone(extreme,high))
organizational_capability_lock	six(shift(tangled_rope,tangled_rope,tangled_rope,tangled_rope),[asymmetric,coordination,enforcement,has_beneficiaries],[drifting_without_limit,no_exit_for_victims,unaccountable_extraction],actors(distributed,distributed),drift(rising,unknown,rising),zone(extreme,extreme))
organizational_coherence_failure	six(shift(tangled_rope,tangled_rope,tangled_rope,tangled_rope),[asymmetric,coordination,enforcement,has_beneficiaries],[drifting_without_limit,no_exit_for_victims,unaccountable_extraction],actors(distributed,distributed),drift(rising,unknown,rising),zone(extreme,extreme))
organizational_fragility_cascade	six(shift(tangled_rope,tangled_rope,tangled_rope,tangled_rope),[asymmetric,coordination,enforcement,has_beneficiaries],[drifting_without_limit,no_exit_for_victims,unaccountable_extraction],actors(distributed,distributed),drift(rising,unknown,rising),zone(extreme,extreme))
organizational_hierarchy_filtering	six(shift(naturalized,tangled_rope,naturalized,snare),[asymmetric,coordination,enforcement,has_beneficiaries],[drifting_without_limit,no_exit_for_victims,unaccountable_extraction],actors(distributed,distributed),drift(rising,unknown,rising),zone(extreme,extreme))
organizational_hierarchy_legitimacy	six(shift(tangled_rope,tangled_rope,rope,snare),[asymmetric,coordination,enforcement,has_beneficiaries],[drifting_without_limit,no_exit_for_victims,unaccountable_extraction],actors(distributed,distributed),drift(rising,unknown,rising),zone(extreme,extreme))
organizational_knowledge_hoarding	six(shift(tangled_rope,tangled_rope,tangled_rope,tangled_rope),[asymmetric,coordination,enforcement,has_beneficiaries],[drifting_without_limit,no_exit_for_victims,unaccountable_extraction],actors(concentrated,distributed),drift(rising,unknown,rising),zone(extreme,extreme))
organizational_learning_plateau	six(shift(tangled_rope,tangled_rope,tangled_rope,tangled_rope),[asymmetric,coordination,enforcement,has_beneficiaries],[drifting_without_limit,no_exit_for_victims,unaccountable_extraction],actors(distributed,distributed),drift(rising,unknown,rising),zone(extreme,high))
organizational_liability_diffusion	six(shift(tangled_rope,tangled_rope,tangled_rope,tangled_rope),[asymmetric,coordination,enforcement,has_beneficiaries],[drifting_without_limit,no_exit_for_victims,unaccountable_extraction],actors(distributed,distributed),drift(rising,unknown,rising),zone(extreme,extreme))
organizational_omerta	six(shift(tangled_rope,tangled_rope,rope,snare),[asymmetric,coordination,enforcement,has_beneficiaries],[drifting_without_limit,no_exit_for_victims,unaccountable_extraction],actors(distributed,distributed),drift(rising,unknown,rising),zone(extreme,extreme))
organizational_productivity_ceiling	six(shift(tangled_rope,tangled_rope,tangled_rope,tangled_rope),[asymmetric,coordination,enforcement,has_beneficiaries],[drifting_without_limit,no_exit_for_victims,unaccountable_extraction],actors(distributed,distributed),drift(rising,unknown,rising),zone(extreme,extreme))
organizational_slack_elimination	six(shift(tangled_rope,tangled_rope,tangled_rope,tangled_rope),[asymmetric,coordination,enforcement,has_beneficiaries],[drifting_without_limit,no_exit_for_victims,unaccountable_extraction],actors(distributed,distributed),drift(rising,unknown,rising),zone(extreme,extreme))
organizational_trust_degradation	six(shift(naturalized,tangled_rope,naturalized,snare),[asymmetric,coordination,enforcement,has_beneficiaries],[drifting_without_limit,no_exit_for_victims,unaccountable_extraction],actors(distributed,distributed),drift(rising,unknown,rising),zone(extreme,extreme))
origin_country_wage_stagnation	six(shift(naturalized,tangled_rope,tangled_rope,snare),[asymmetric,coordination,enforcement,has_beneficiaries],[drifting_without_limit,no_exit_for_victims,unaccountable_extraction],actors(distributed,distributed),drift(rising,unknown,rising),zone(extreme,extreme))
orphan_works_access	six(shift(tangled_rope,tangled_rope,tangled_rope,tangled_rope),[asymmetric,coordination,enforcement,has_beneficiaries],[drifting_without_limit,no_exit_for_victims,unaccountable_extraction],actors(distributed,distributed),drift(rising,unknown,rising),zone(extreme,extreme))
oscar_campaign_spending	six(shift(tangled_rope,tangled_rope,naturalized,tangled_rope),[asymmetric,coordination,enforcement,has_beneficiaries],[drifting_without_limit,no_exit_for_victims,unaccountable_extraction],actors(distributed,distributed),drift(rising,unknown,rising),zone(extreme,high))
other_peoples_troubles_2026	six(shift(tangled_rope,tangled_rope,tangled_rope,tangled_rope),[asymmetric,coordination,enforcement,has_beneficiaries],[drifting_without_limit,no_exit_for_victims,unaccountable_extraction],actors(distributed,distributed),drift(rising,unknown,rising),zone(extreme,extreme))
ottoman_cultural_heritage_restitution	six(shift(tangled_rope,tangled_rope,tangled_rope,tangled_rope),[asymmetric,coordination,enforcement,has_beneficiaries],[drifting_without_limit,no_exit_for_victims,unaccountable_extraction],actors(distributed,distributed),drift(rising,unknown,rising),zone(extreme,extreme))
over_the_air_update_bypass	six(shift(tangled_rope,snare,rope,snare),[asymmetric,coordination,enforcement,has_beneficiaries],[drifting_without_limit,no_exit_for_victims,unaccountable_extraction],actors(distributed,distributed),drift(rising,unknown,rising),zone(extreme,extreme))
overfishing_north_atlantic	six(shift(tangled_rope,tangled_rope,tangled_rope,tangled_rope),[asymmetric,coordination,enforcement,has_beneficiaries],[drifting_without_limit,no_exit_for_victims,unaccountable_extraction],actors(distributed,distributed),drift(rising,unknown,rising),zone(extreme,extreme))
overfitting_to_frameworks	six(shift(tangled_rope,tangled_rope,tangled_rope,tangled_rope),[asymmetric,coordination,enforcement,has_beneficiaries],[drifting_without_limit,no_exit_for_victims,unaccountable_extraction],actors(distributed,distributed),drift(rising,unknown,rising),zone(extreme,high))
overton_window	six(shift(tangled_rope,tangled_rope,tangled_rope,tangled_rope),[asymmetric,coordination,enforcement,has_beneficiaries],[drifting_without_limit,no_exit_for_victims,unaccountable_extraction],actors(distributed,distributed),drift(rising,unknown,rising),zone(extreme,extreme))
owner_occupancy_wealth_gap	six(shift(tangled_rope,tangled_rope,tangled_rope,tangled_rope),[asymmetric,coordination,enforcement,has_beneficiaries],[drifting_without_limit,no_exit_for_victims,unaccountable_extraction],actors(distributed,distributed),drift(rising,unknown,rising),zone(extreme,extreme))
p_g_golden_pear_surveillance	six(shift(tangled_rope,tangled_rope,tangled_rope,tangled_rope),[asymmetric,coordination,enforcement,has_beneficiaries],[drifting_without_limit,no_exit_for_victims,unaccountable_extraction],actors(concentrated,distributed),drift(rising,unknown,rising),zone(extreme,extreme))
p_vs_np	six(shift(tangled_rope,tangled_rope,tangled_rope,tangled_rope),[asymmetric,coordination,enforcement,has_beneficiaries],[no_exit_for_victims],actors(distributed,distributed),drift(rising,unknown,rising),zone(low,high))
paleoanthropological_funding_concentration	six(shift(tangled_rope,tangled_rope,tangled_rope,tangled_rope),[asymmetric,coordination,enforcement,has_beneficiaries],[drifting_without_limit,no_exit_for_victims,unaccountable_extraction],actors(distributed,distributed),drift(rising,unknown,rising),zone(extreme,extreme))
paleoclimate_proxy_substitution	six(shift(tangled_rope,tangled_rope,tangled_rope,tangled_rope),[asymmetric,coordination,enforcement,has_beneficiaries],[drifting_without_limit,no_exit_for_victims,unaccountable_extraction],actors(distributed,distributed),drift(rising,unknown,rising),zone(extreme,extreme))
palestinian_employment_collapse	six(shift(tangled_rope,snare,rope,snare),[asymmetric,coordination,enforcement,has_beneficiaries],[drifting_without_limit,no_exit_for_victims,unaccountable_extraction],actors(distributed,distributed),drift(rising,unknown,rising),zone(extreme,extreme))
palestinian_labor_market_integration	six(shift(tangled_rope,tangled_rope,rope,snare),[asymmetric,coordination,enforcement,has_beneficiaries],[drifting_without_limit,no_exit_for_victims,unaccountable_extraction],actors(distributed,distributed),drift(rising,unknown,rising),zone(extreme,extreme))
palestinian_territorial_fragmentation	six(shift(tangled_rope,tangled_rope,tangled_rope,tangled_rope),[asymmetric,coordination,enforcement,has_beneficiaries],[drifting_without_limit,no_exit_for_victims,unaccountable_extraction],actors(distributed,distributed),drift(rising,unknown,rising),zone(extreme,extreme))
panama_canal_ports	six(shift(tangled_rope,tangled_rope,rope,snare),[asymmetric,coordination,enforcement,has_beneficiaries],[drifting_without_limit,no_exit_for_victims,unaccountable_extraction],actors(distributed,distributed),drift(rising,unknown,falling),zone(extreme,extreme))
pancreatic_cancer_lethality_v1	six(shift(mountain,mountain,mountain,mountain),[has_temporal_data,natural],[],actors(none,none),drift(stable,unknown,stable),zone(negligible,negligible))
pandemic_fatigue_compliance	six(shift(tangled_rope,tangled_rope,tangled_rope,tangled_rope),[asymmetric,coordination,enforcement,has_beneficiaries],[drifting_without_limit,no_exit_for_victims,unaccountable_extraction],actors(distributed,distributed),drift(rising,unknown,rising),zone(extreme,extreme))
pandemic_rapid_response_capability	six(shift(tangled_rope,tangled_rope,tangled_rope,tangled_rope),[asymmetric,coordination,enforcement,has_beneficiaries],[drifting_without_limit,no_exit_for_victims,unaccountable_extraction],actors(distributed,distributed),drift(rising,unknown,rising),zone(extreme,high))
pandemic_supply_disruption	six(shift(tangled_rope,tangled_rope,tangled_rope,tangled_rope),[asymmetric,coordination,enforcement,has_beneficiaries],[drifting_without_limit,no_exit_for_victims,unaccountable_extraction],actors(distributed,distributed),drift(rising,unknown,rising),zone(extreme,extreme))
pandemic_vaccine_nationalism	six(shift(tangled_rope,tangled_rope,naturalized,snare),[asymmetric,coordination,enforcement,has_beneficiaries],[drifting_without_limit,no_exit_for_victims,unaccountable_extraction],actors(distributed,distributed),drift(rising,unknown,rising),zone(extreme,extreme))
parable_as_transmission_layer	six(shift(mountain,mountain,mountain,mountain),[has_theater,natural],[],actors(none,none),drift(unknown,unknown,unknown),zone(negligible,negligible))
parable_fish_turtle	six(shift(tangled_rope,tangled_rope,tangled_rope,tangled_rope),[asymmetric,coordination,enforcement,has_beneficiaries],[drifting_without_limit,no_exit_for_victims,unaccountable_extraction],actors(distributed,distributed),drift(rising,unknown,rising),zone(extreme,extreme))
paradigm_incommensurability	six(shift(tangled_rope,tangled_rope,tangled_rope,tangled_rope),[asymmetric,coordination,enforcement,has_beneficiaries],[drifting_without_limit,no_exit_for_victims,unaccountable_extraction],actors(distributed,distributed),drift(rising,unknown,rising),zone(extreme,extreme))
paradigm_shift_mechanism	six(shift(tangled_rope,tangled_rope,rope,snare),[asymmetric,coordination,enforcement,has_beneficiaries],[drifting_without_limit,no_exit_for_victims,unaccountable_extraction],actors(distributed,distributed),drift(rising,unknown,rising),zone(extreme,extreme))
paradigm_shift_suppression	six(shift(tangled_rope,tangled_rope,tangled_rope,tangled_rope),[asymmetric,coordination,enforcement,has_beneficiaries],[drifting_without_limit,no_exit_for_victims,unaccountable_extraction],actors(distributed,distributed),drift(rising,unknown,rising),zone(extreme,extreme))
paradoxical_decompositions	six(shift(tangled_rope,tangled_rope,tangled_rope,tangled_rope),[asymmetric,coordination,enforcement,has_beneficiaries],[drifting_without_limit,no_exit_for_victims,unaccountable_extraction],actors(distributed,distributed),drift(rising,unknown,rising),zone(extreme,extreme))
parallel_justice_systems	six(shift(tangled_rope,tangled_rope,tangled_rope,tangled_rope),[asymmetric,coordination,enforcement,has_beneficiaries],[drifting_without_limit,no_exit_for_victims,unaccountable_extraction],actors(distributed,distributed),drift(rising,unknown,rising),zone(extreme,extreme))
parental_anxiety_systems	six(shift(tangled_rope,tangled_rope,tangled_rope,tangled_rope),[asymmetric,coordination,enforcement,has_beneficiaries],[drifting_without_limit,no_exit_for_victims,unaccountable_extraction],actors(concentrated,distributed),drift(rising,unknown,rising),zone(extreme,extreme))
parental_liability_asymmetry	six(shift(tangled_rope,tangled_rope,rope,snare),[asymmetric,coordination,enforcement,has_beneficiaries],[drifting_without_limit,no_exit_for_victims,unaccountable_extraction],actors(distributed,distributed),drift(rising,unknown,rising),zone(extreme,extreme))
pareto_principle	six(shift(tangled_rope,tangled_rope,tangled_rope,tangled_rope),[asymmetric,coordination,enforcement,has_beneficiaries],[no_exit_for_victims],actors(distributed,distributed),drift(rising,unknown,rising),zone(low,high))
paris_municipal_reform_2026	six(shift(tangled_rope,tangled_rope,tangled_rope,tangled_rope),[asymmetric,coordination,enforcement,has_beneficiaries],[drifting_without_limit,no_exit_for_victims,unaccountable_extraction],actors(distributed,distributed),drift(falling,unknown,rising),zone(extreme,high))
parkinsons_law	six(shift(tangled_rope,tangled_rope,tangled_rope,tangled_rope),[asymmetric,coordination,enforcement,has_beneficiaries],[drifting_without_limit,no_exit_for_victims,unaccountable_extraction],actors(distributed,distributed),drift(rising,unknown,rising),zone(extreme,high))
parlements_inner_container_authority	six(shift(tangled_rope,tangled_rope,tangled_rope,tangled_rope),[asymmetric,coordination,enforcement,has_beneficiaries],[drifting_without_limit,no_exit_for_victims,unaccountable_extraction],actors(distributed,distributed),drift(rising,unknown,rising),zone(extreme,high))
parliamentary_supermajority_amendment_requirements	six(shift(tangled_rope,tangled_rope,tangled_rope,tangled_rope),[asymmetric,coordination,enforcement,has_beneficiaries],[drifting_without_limit,no_exit_for_victims,unaccountable_extraction],actors(distributed,distributed),drift(rising,unknown,rising),zone(extreme,extreme))
participation_vs_capture	six(shift(tangled_rope,tangled_rope,rope,tangled_rope),[asymmetric,coordination,enforcement,has_beneficiaries],[no_exit_for_victims],actors(distributed,distributed),drift(rising,unknown,rising),zone(low,high))
participatory_democracy_experimentation	six(shift(tangled_rope,tangled_rope,rope,tangled_rope),[asymmetric,coordination,enforcement,has_beneficiaries],[drifting_without_limit,no_exit_for_victims,unaccountable_extraction],actors(distributed,distributed),drift(rising,unknown,rising),zone(extreme,high))
participatory_observer_hypothesis	six(shift(tangled_rope,tangled_rope,tangled_rope,tangled_rope),[asymmetric,coordination,enforcement,has_beneficiaries],[drifting_without_limit,no_exit_for_victims,unaccountable_extraction],actors(distributed,distributed),drift(rising,unknown,rising),zone(extreme,extreme))
partnership_to_corporation_arbitrage	six(shift(tangled_rope,tangled_rope,tangled_rope,tangled_rope),[asymmetric,coordination,enforcement,has_beneficiaries],[drifting_without_limit,no_exit_for_victims,unaccountable_extraction],actors(distributed,distributed),drift(rising,unknown,rising),zone(extreme,extreme))
pastoral_commons_enclosure	six(shift(tangled_rope,tangled_rope,tangled_rope,tangled_rope),[asymmetric,coordination,enforcement,has_beneficiaries],[drifting_without_limit,no_exit_for_victims,unaccountable_extraction],actors(distributed,distributed),drift(rising,unknown,rising),zone(extreme,extreme))
patent_disclosure_tensions	six(shift(tangled_rope,tangled_rope,tangled_rope,tangled_rope),[asymmetric,coordination,enforcement,has_beneficiaries],[drifting_without_limit,no_exit_for_victims,unaccountable_extraction],actors(distributed,distributed),drift(rising,unknown,rising),zone(extreme,extreme))
patent_protection_framework	six(shift(tangled_rope,tangled_rope,tangled_rope,tangled_rope),[asymmetric,coordination,enforcement,has_beneficiaries],[drifting_without_limit,no_exit_for_victims,unaccountable_extraction],actors(distributed,distributed),drift(rising,unknown,rising),zone(extreme,extreme))
path_dependent_lock_in	six(shift(tangled_rope,tangled_rope,tangled_rope,tangled_rope),[asymmetric,coordination,enforcement,has_beneficiaries],[drifting_without_limit,no_exit_for_victims,unaccountable_extraction],actors(distributed,distributed),drift(rising,unknown,rising),zone(extreme,extreme))
pathologization_of_poverty_and_marginalization	six(shift(snare,snare,rope,snare),[asymmetric,coordination,enforcement,has_beneficiaries],[drifting_without_limit,no_exit_for_victims,unaccountable_extraction],actors(distributed,distributed),drift(rising,unknown,rising),zone(extreme,extreme))
patient_informed_consent_capacity	six(shift(tangled_rope,tangled_rope,tangled_rope,tangled_rope),[asymmetric,coordination,enforcement,has_beneficiaries],[drifting_without_limit,no_exit_for_victims,unaccountable_extraction],actors(distributed,distributed),drift(rising,unknown,rising),zone(extreme,extreme))
patient_medication_adherence_paradox	six(shift(tangled_rope,tangled_rope,tangled_rope,tangled_rope),[asymmetric,coordination,enforcement,has_beneficiaries],[drifting_without_limit,no_exit_for_victims,unaccountable_extraction],actors(distributed,distributed),drift(rising,unknown,rising),zone(extreme,extreme))
patriarchal_marriage_contract	six(shift(tangled_rope,tangled_rope,tangled_rope,tangled_rope),[asymmetric,coordination,enforcement,has_beneficiaries],[drifting_without_limit,no_exit_for_victims,unaccountable_extraction],actors(distributed,concentrated),drift(rising,unknown,rising),zone(extreme,extreme))
patriarchal_psychological_conditioning	six(shift(tangled_rope,tangled_rope,tangled_rope,tangled_rope),[asymmetric,coordination,enforcement,has_beneficiaries],[drifting_without_limit,no_exit_for_victims,unaccountable_extraction],actors(concentrated,distributed),drift(rising,unknown,rising),zone(extreme,extreme))
patronage_collapse_hellenistic_institutions	six(shift(tangled_rope,tangled_rope,tangled_rope,tangled_rope),[asymmetric,coordination,enforcement,has_beneficiaries],[drifting_without_limit,no_exit_for_victims,unaccountable_extraction],actors(distributed,distributed),drift(rising,unknown,rising),zone(extreme,extreme))
pattern_recognition_as_error_lock	six(shift(tangled_rope,tangled_rope,rope,tangled_rope),[asymmetric,coordination,enforcement,has_beneficiaries],[no_exit_for_victims],actors(distributed,distributed),drift(stable,unknown,stable),zone(low,high))
payment_network_market_concentration	six(shift(tangled_rope,tangled_rope,tangled_rope,tangled_rope),[asymmetric,coordination,enforcement,has_beneficiaries],[drifting_without_limit,no_exit_for_victims,unaccountable_extraction],actors(distributed,distributed),drift(rising,unknown,rising),zone(extreme,extreme))
pdvsa_institutional_collapse	six(shift(tangled_rope,snare,piton,snare),[asymmetric,coordination,enforcement,has_beneficiaries],[drifting_without_limit,no_exit_for_victims,unaccountable_extraction],actors(distributed,distributed),drift(rising,unknown,rising),zone(extreme,extreme))
pe_rental_market_lockin	six(shift(tangled_rope,tangled_rope,tangled_rope,tangled_rope),[asymmetric,coordination,enforcement,has_beneficiaries],[drifting_without_limit,no_exit_for_victims,unaccountable_extraction],actors(distributed,distributed),drift(rising,unknown,rising),zone(extreme,extreme))
peano_curve_mapping	six(shift(mountain,mountain,mountain,mountain),[has_temporal_data,natural],[],actors(none,none),drift(stable,unknown,stable),zone(negligible,negligible))
peasant_labor_obligation	six(shift(tangled_rope,tangled_rope,tangled_rope,tangled_rope),[asymmetric,coordination,enforcement,has_beneficiaries],[drifting_without_limit,no_exit_for_victims,unaccountable_extraction],actors(concentrated,concentrated),drift(stable,unknown,rising),zone(extreme,extreme))
peer_group_manipulation	six(shift(tangled_rope,tangled_rope,tangled_rope,tangled_rope),[asymmetric,coordination,enforcement,has_beneficiaries],[drifting_without_limit,no_exit_for_victims,unaccountable_extraction],actors(concentrated,distributed),drift(rising,unknown,rising),zone(extreme,extreme))
peer_review_degradation	six(shift(tangled_rope,tangled_rope,tangled_rope,tangled_rope),[asymmetric,coordination,enforcement,has_beneficiaries],[drifting_without_limit,no_exit_for_victims,unaccountable_extraction],actors(distributed,distributed),drift(rising,unknown,rising),zone(extreme,extreme))
peer_review_gatekeeping	six(shift(tangled_rope,tangled_rope,tangled_rope,tangled_rope),[asymmetric,coordination,enforcement,has_beneficiaries],[drifting_without_limit,no_exit_for_victims,unaccountable_extraction],actors(distributed,distributed),drift(rising,unknown,rising),zone(extreme,extreme))
peer_review_replication_crisis	six(shift(tangled_rope,tangled_rope,tangled_rope,tangled_rope),[asymmetric,coordination,enforcement,has_beneficiaries],[drifting_without_limit,no_exit_for_victims,unaccountable_extraction],actors(distributed,distributed),drift(rising,unknown,rising),zone(extreme,extreme))
pension_fund_liability_mismatch	six(shift(tangled_rope,tangled_rope,tangled_rope,tangled_rope),[asymmetric,coordination,enforcement,has_beneficiaries],[drifting_without_limit,no_exit_for_victims,unaccountable_extraction],actors(distributed,distributed),drift(rising,unknown,rising),zone(extreme,high))
pension_fund_solvency_relief	six(shift(tangled_rope,tangled_rope,tangled_rope,tangled_rope),[asymmetric,coordination,enforcement,has_beneficiaries],[drifting_without_limit,no_exit_for_victims,unaccountable_extraction],actors(distributed,distributed),drift(rising,unknown,rising),zone(extreme,extreme))
pension_liability_spiraling	six(shift(tangled_rope,tangled_rope,tangled_rope,tangled_rope),[asymmetric,coordination,enforcement,has_beneficiaries],[drifting_without_limit,no_exit_for_victims,unaccountable_extraction],actors(distributed,distributed),drift(rising,unknown,rising),zone(extreme,extreme))
pension_system_fragility	six(shift(naturalized,tangled_rope,naturalized,snare),[asymmetric,coordination,enforcement,has_beneficiaries],[drifting_without_limit,no_exit_for_victims,unaccountable_extraction],actors(distributed,distributed),drift(rising,unknown,rising),zone(extreme,extreme))
pension_underfunding_crisis	six(shift(tangled_rope,tangled_rope,tangled_rope,tangled_rope),[asymmetric,coordination,enforcement,has_beneficiaries],[drifting_without_limit,no_exit_for_victims,unaccountable_extraction],actors(distributed,distributed),drift(rising,unknown,rising),zone(extreme,extreme))
perceptual_immediacy_bias	six(shift(mountain,mountain,mountain,mountain),[has_theater,natural],[],actors(none,none),drift(unknown,unknown,unknown),zone(negligible,negligible))
performance_evaluation_theater	six(shift(tangled_rope,tangled_rope,tangled_rope,tangled_rope),[asymmetric,coordination,enforcement,has_beneficiaries],[drifting_without_limit,no_exit_for_victims,unaccountable_extraction],actors(concentrated,distributed),drift(rising,unknown,rising),zone(extreme,extreme))
performance_measurement_asymmetry	six(shift(tangled_rope,tangled_rope,tangled_rope,tangled_rope),[coordination,has_beneficiaries],[],actors(distributed,none),drift(rising,unknown,rising),zone(negligible,low))
performance_metric_gaming	six(shift(tangled_rope,tangled_rope,tangled_rope,tangled_rope),[asymmetric,coordination,enforcement,has_beneficiaries],[drifting_without_limit,no_exit_for_victims,unaccountable_extraction],actors(distributed,distributed),drift(rising,unknown,rising),zone(extreme,extreme))
performance_review_capture	six(shift(tangled_rope,tangled_rope,tangled_rope,tangled_rope),[asymmetric,coordination,enforcement,has_beneficiaries],[drifting_without_limit,no_exit_for_victims,unaccountable_extraction],actors(distributed,distributed),drift(rising,unknown,rising),zone(extreme,extreme))
performative_vs_epistemic_conflict	six(shift(tangled_rope,tangled_rope,tangled_rope,tangled_rope),[coordination,has_beneficiaries],[],actors(distributed,none),drift(unknown,unknown,unknown),zone(negligible,low))
performer_likeness_rights	six(shift(tangled_rope,tangled_rope,tangled_rope,tangled_rope),[asymmetric,coordination,enforcement,has_beneficiaries],[drifting_without_limit,no_exit_for_victims,unaccountable_extraction],actors(distributed,distributed),drift(rising,unknown,rising),zone(extreme,extreme))
performer_secondary_monetization	six(shift(tangled_rope,tangled_rope,tangled_rope,tangled_rope),[asymmetric,coordination,enforcement,has_beneficiaries],[drifting_without_limit,no_exit_for_victims,unaccountable_extraction],actors(distributed,distributed),drift(rising,unknown,falling),zone(extreme,extreme))
period_doubling_universality	six(shift(mountain,mountain,mountain,mountain),[has_temporal_data,natural],[],actors(none,none),drift(stable,unknown,stable),zone(negligible,negligible))
permissive_open_source_licensing	six(shift(tangled_rope,tangled_rope,tangled_rope,tangled_rope),[asymmetric,coordination,enforcement,has_beneficiaries],[no_exit_for_victims],actors(distributed,distributed),drift(rising,unknown,rising),zone(low,high))
permissive_software_licensing	six(shift(unknown,unknown,tangled_rope,unknown),[asymmetric,coordination,enforcement,has_beneficiaries],[no_exit_for_victims],actors(distributed,distributed),drift(rising,unknown,rising),zone(low,low))
perovskite_self_etching	six(shift(naturalized,tangled_rope,rope,snare),[asymmetric,coordination,enforcement,has_beneficiaries],[drifting_without_limit,no_exit_for_victims,unaccountable_extraction],actors(distributed,distributed),drift(rising,unknown,rising),zone(extreme,extreme))
perovskite_solar_cell_certification_gap	six(shift(tangled_rope,tangled_rope,tangled_rope,tangled_rope),[asymmetric,coordination,enforcement,has_beneficiaries],[drifting_without_limit,no_exit_for_victims,unaccountable_extraction],actors(distributed,distributed),drift(rising,unknown,rising),zone(extreme,extreme))
perseverance_ai_drive	six(shift(tangled_rope,tangled_rope,tangled_rope,tangled_rope),[coordination,has_beneficiaries],[],actors(distributed,none),drift(rising,unknown,rising),zone(low,high))
personal_data_market_concentration	six(shift(tangled_rope,tangled_rope,tangled_rope,tangled_rope),[asymmetric,coordination,enforcement,has_beneficiaries],[drifting_without_limit,no_exit_for_victims,unaccountable_extraction],actors(concentrated,distributed),drift(rising,unknown,rising),zone(extreme,extreme))
personalized_nutritional_arbitrage	six(shift(tangled_rope,tangled_rope,tangled_rope,tangled_rope),[asymmetric,coordination,enforcement,has_beneficiaries],[drifting_without_limit,no_exit_for_victims,unaccountable_extraction],actors(distributed,distributed),drift(rising,unknown,rising),zone(extreme,high))
perspectival_gap_measurement	six(shift(tangled_rope,tangled_rope,tangled_rope,tangled_rope),[asymmetric,coordination,enforcement,has_beneficiaries],[drifting_without_limit,no_exit_for_victims,unaccountable_extraction],actors(distributed,distributed),drift(rising,unknown,rising),zone(extreme,extreme))
perturbation_epistemology	six(shift(mountain,mountain,mountain,mountain),[has_theater,natural],[],actors(none,none),drift(unknown,unknown,unknown),zone(negligible,negligible))
perverse_incentive_propagation	six(shift(tangled_rope,tangled_rope,tangled_rope,tangled_rope),[asymmetric,coordination,enforcement,has_beneficiaries],[drifting_without_limit,no_exit_for_victims,unaccountable_extraction],actors(distributed,distributed),drift(rising,unknown,rising),zone(extreme,extreme))
peter_principle	six(shift(tangled_rope,tangled_rope,tangled_rope,tangled_rope),[asymmetric,coordination,enforcement,has_beneficiaries],[drifting_without_limit,no_exit_for_victims,unaccountable_extraction],actors(distributed,distributed),drift(rising,unknown,rising),zone(extreme,high))
petro_state_institutional_collapse	six(shift(tangled_rope,tangled_rope,tangled_rope,tangled_rope),[asymmetric,coordination,enforcement,has_beneficiaries],[drifting_without_limit,no_exit_for_victims,unaccountable_extraction],actors(distributed,distributed),drift(rising,unknown,rising),zone(extreme,extreme))
pfas_regulatory_framework	six(shift(tangled_rope,tangled_rope,tangled_rope,tangled_rope),[asymmetric,coordination,enforcement,has_beneficiaries],[drifting_without_limit,no_exit_for_victims,unaccountable_extraction],actors(distributed,distributed),drift(rising,unknown,rising),zone(extreme,extreme))
pharmaceutical_active_ingredient_sourcing	six(shift(naturalized,snare,naturalized,snare),[asymmetric,coordination,enforcement,has_beneficiaries],[drifting_without_limit,no_exit_for_victims,unaccountable_extraction],actors(distributed,distributed),drift(rising,unknown,rising),zone(extreme,extreme))
pharmaceutical_behavioral_targeting	six(shift(tangled_rope,snare,rope,snare),[asymmetric,coordination,enforcement,has_beneficiaries],[drifting_without_limit,no_exit_for_victims,unaccountable_extraction],actors(distributed,distributed),drift(rising,unknown,rising),zone(extreme,extreme))
pharmaceutical_dependency_economy	six(shift(tangled_rope,tangled_rope,tangled_rope,tangled_rope),[asymmetric,coordination,enforcement,has_beneficiaries],[drifting_without_limit,no_exit_for_victims,unaccountable_extraction],actors(distributed,distributed),drift(rising,unknown,rising),zone(extreme,extreme))
pharmaceutical_manufacturing_consolidation	six(shift(tangled_rope,tangled_rope,tangled_rope,tangled_rope),[asymmetric,coordination,enforcement,has_beneficiaries],[drifting_without_limit,no_exit_for_victims,unaccountable_extraction],actors(distributed,distributed),drift(rising,unknown,rising),zone(extreme,extreme))
pharmaceutical_market_segmentation_by_diagnosis	six(shift(tangled_rope,tangled_rope,tangled_rope,tangled_rope),[asymmetric,coordination,enforcement,has_beneficiaries],[drifting_without_limit,no_exit_for_victims,unaccountable_extraction],actors(distributed,distributed),drift(rising,unknown,rising),zone(extreme,extreme))
pharmaceutical_pricing_extraction	six(shift(tangled_rope,tangled_rope,tangled_rope,tangled_rope),[asymmetric,coordination,enforcement,has_beneficiaries],[drifting_without_limit,no_exit_for_victims,unaccountable_extraction],actors(distributed,distributed),drift(rising,unknown,rising),zone(extreme,extreme))
pharmaceutical_pricing_monopoly	six(shift(tangled_rope,snare,naturalized,snare),[asymmetric,coordination,enforcement,has_beneficiaries],[drifting_without_limit,no_exit_for_victims,unaccountable_extraction],actors(concentrated,distributed),drift(rising,unknown,rising),zone(extreme,extreme))
pharmaceutical_safety_obfuscation	six(shift(naturalized,tangled_rope,naturalized,snare),[asymmetric,coordination,enforcement,has_beneficiaries],[drifting_without_limit,no_exit_for_victims,unaccountable_extraction],actors(distributed,distributed),drift(rising,unknown,rising),zone(extreme,extreme))
pharmaceutical_supply_chain_opacity	six(shift(tangled_rope,tangled_rope,tangled_rope,tangled_rope),[asymmetric,coordination,enforcement,has_beneficiaries],[drifting_without_limit,no_exit_for_victims,unaccountable_extraction],actors(distributed,distributed),drift(rising,unknown,rising),zone(extreme,extreme))
pharmaceutical_supply_chain_traceability	six(shift(tangled_rope,tangled_rope,tangled_rope,tangled_rope),[asymmetric,coordination,enforcement,has_beneficiaries],[drifting_without_limit,no_exit_for_victims,unaccountable_extraction],actors(distributed,distributed),drift(rising,unknown,rising),zone(extreme,extreme))
pharmaceutical_symptom_management_trap	six(shift(tangled_rope,tangled_rope,tangled_rope,tangled_rope),[asymmetric,coordination,enforcement,has_beneficiaries],[drifting_without_limit,no_exit_for_victims,unaccountable_extraction],actors(distributed,distributed),drift(rising,unknown,rising),zone(extreme,extreme))
pharmaceutical_synthesis_acceleration	six(shift(tangled_rope,tangled_rope,tangled_rope,tangled_rope),[asymmetric,coordination,enforcement,has_beneficiaries],[drifting_without_limit,no_exit_for_victims,unaccountable_extraction],actors(distributed,distributed),drift(rising,unknown,rising),zone(extreme,extreme))
phase_space_dimension_constraint	six(shift(mountain,mountain,mountain,mountain),[has_temporal_data,natural],[],actors(none,none),drift(stable,unknown,stable),zone(negligible,negligible))
photovoltaic_deployment_ceiling	six(shift(tangled_rope,tangled_rope,tangled_rope,tangled_rope),[asymmetric,coordination,enforcement,has_beneficiaries],[drifting_without_limit,no_exit_for_victims,unaccountable_extraction],actors(distributed,distributed),drift(rising,unknown,rising),zone(extreme,high))
physical_airgap_authenticity	six(shift(mountain,scaffold,scaffold,mountain),[coordination,has_beneficiaries,natural],[],actors(distributed,none),drift(stable,unknown,stable),zone(negligible,negligible))
physician_call_reluctance	six(shift(tangled_rope,scaffold,scaffold,tangled_rope),[asymmetric,coordination,has_beneficiaries,natural],[],actors(distributed,distributed),drift(stable,unknown,stable),zone(negligible,negligible))
physician_geographic_distribution	six(shift(tangled_rope,tangled_rope,tangled_rope,tangled_rope),[asymmetric,coordination,enforcement,has_beneficiaries],[drifting_without_limit,no_exit_for_victims,unaccountable_extraction],actors(distributed,distributed),drift(rising,unknown,rising),zone(extreme,extreme))
physiological_constraint_ceiling	six(shift(mountain,mountain,mountain,mountain),[has_theater,natural],[],actors(none,none),drift(unknown,unknown,unknown),zone(negligible,negligible))
picard_lindelof_existence	six(shift(mountain,mountain,mountain,mountain),[has_temporal_data,natural],[],actors(none,none),drift(stable,unknown,stable),zone(negligible,negligible))
pigeonhole_principle	six(shift(mountain,mountain,mountain,mountain),[has_theater,natural],[],actors(none,none),drift(unknown,unknown,unknown),zone(negligible,negligible))
pla_aerial_carrier_doctrine	six(shift(naturalized,unknown,rope,snare),[asymmetric,enforcement,has_victims],[coercion_without_coordination,drifting_without_limit,no_exit_for_victims,unaccountable_extraction,undocumented_coordination],actors(none,distributed),drift(rising,unknown,falling),zone(extreme,extreme))
pla_loyalty_purge	six(shift(tangled_rope,snare,rope,snare),[asymmetric,coordination,enforcement,has_beneficiaries],[drifting_without_limit,no_exit_for_victims,unaccountable_extraction],actors(concentrated,distributed),drift(rising,unknown,rising),zone(extreme,extreme))
planar_graph_embeddability	six(shift(mountain,mountain,mountain,mountain),[has_temporal_data,natural],[],actors(none,none),drift(stable,unknown,stable),zone(negligible,negligible))
planetary_boundaries	six(shift(tangled_rope,tangled_rope,tangled_rope,tangled_rope),[asymmetric,coordination,enforcement,has_beneficiaries],[drifting_without_limit,no_exit_for_victims,unaccountable_extraction],actors(distributed,distributed),drift(rising,unknown,rising),zone(extreme,extreme))
planetary_diet_constraint_2026	six(shift(naturalized,tangled_rope,naturalized,snare),[asymmetric,coordination,enforcement,has_beneficiaries],[drifting_without_limit,no_exit_for_victims,unaccountable_extraction],actors(distributed,distributed),drift(rising,unknown,rising),zone(extreme,extreme))
planetary_formation_migration_mechanism	six(shift(mountain,mountain,mountain,mountain),[has_temporal_data,natural],[],actors(none,none),drift(stable,unknown,rising),zone(negligible,negligible))
planetary_migration_model_coupling	six(shift(tangled_rope,tangled_rope,rope,tangled_rope),[asymmetric,coordination,enforcement,has_beneficiaries],[no_exit_for_victims],actors(distributed,distributed),drift(rising,unknown,rising),zone(low,high))
planetary_orbital_stability	six(shift(mountain,mountain,mountain,mountain),[has_temporal_data,natural],[],actors(none,none),drift(stable,unknown,stable),zone(negligible,negligible))
planning_fallacy	six(shift(tangled_rope,tangled_rope,tangled_rope,tangled_rope),[asymmetric,coordination,enforcement,has_beneficiaries],[drifting_without_limit,no_exit_for_victims,unaccountable_extraction],actors(distributed,distributed),drift(rising,unknown,rising),zone(extreme,high))
plastic_asphalt_mandate	six(shift(tangled_rope,tangled_rope,tangled_rope,tangled_rope),[asymmetric,coordination,enforcement,has_beneficiaries],[drifting_without_limit,no_exit_for_victims,unaccountable_extraction],actors(distributed,distributed),drift(rising,unknown,rising),zone(extreme,extreme))
platform_advertising_extraction	six(shift(naturalized,tangled_rope,rope,snare),[asymmetric,coordination,enforcement,has_beneficiaries],[drifting_without_limit,no_exit_for_victims,unaccountable_extraction],actors(distributed,distributed),drift(rising,unknown,rising),zone(extreme,extreme))
platform_algorithmic_capture	six(shift(naturalized,tangled_rope,naturalized,snare),[asymmetric,coordination,enforcement,has_beneficiaries],[drifting_without_limit,no_exit_for_victims,unaccountable_extraction],actors(distributed,distributed),drift(rising,unknown,rising),zone(extreme,extreme))
platform_algorithmic_curation	six(shift(naturalized,tangled_rope,rope,snare),[asymmetric,coordination,enforcement,has_beneficiaries],[drifting_without_limit,no_exit_for_victims,unaccountable_extraction],actors(distributed,distributed),drift(rising,unknown,rising),zone(extreme,extreme))
platform_algorithmic_management	six(shift(tangled_rope,tangled_rope,tangled_rope,tangled_rope),[asymmetric,coordination,enforcement,has_beneficiaries],[drifting_without_limit,no_exit_for_victims,unaccountable_extraction],actors(distributed,distributed),drift(rising,unknown,rising),zone(extreme,extreme))
platform_algorithmic_opacity	six(shift(tangled_rope,tangled_rope,tangled_rope,tangled_rope),[asymmetric,coordination,enforcement,has_beneficiaries],[drifting_without_limit,no_exit_for_victims,unaccountable_extraction],actors(distributed,distributed),drift(rising,unknown,rising),zone(extreme,extreme))
platform_algorithmic_transparency	six(shift(tangled_rope,tangled_rope,tangled_rope,tangled_rope),[asymmetric,coordination,enforcement,has_beneficiaries],[drifting_without_limit,no_exit_for_victims,unaccountable_extraction],actors(distributed,distributed),drift(rising,unknown,rising),zone(extreme,extreme))
platform_app_store_duopoly	six(shift(naturalized,tangled_rope,rope,snare),[asymmetric,coordination,enforcement,has_beneficiaries],[drifting_without_limit,no_exit_for_victims,unaccountable_extraction],actors(distributed,distributed),drift(rising,unknown,falling),zone(extreme,extreme))
platform_content_moderation_snare	six(shift(tangled_rope,tangled_rope,tangled_rope,tangled_rope),[asymmetric,coordination,enforcement,has_beneficiaries],[drifting_without_limit,no_exit_for_victims,unaccountable_extraction],actors(concentrated,distributed),drift(rising,unknown,rising),zone(extreme,extreme))
platform_cooperativism_governance	six(shift(tangled_rope,tangled_rope,rope,tangled_rope),[asymmetric,coordination,enforcement,has_beneficiaries],[drifting_without_limit,no_exit_for_victims,unaccountable_extraction],actors(distributed,distributed),drift(rising,unknown,rising),zone(extreme,high))
platform_copyright_liability_shift	six(shift(tangled_rope,tangled_rope,tangled_rope,tangled_rope),[asymmetric,coordination,enforcement,has_beneficiaries],[drifting_without_limit,no_exit_for_victims,unaccountable_extraction],actors(distributed,distributed),drift(rising,unknown,rising),zone(extreme,extreme))
platform_data_portability_mandate	six(shift(tangled_rope,tangled_rope,tangled_rope,tangled_rope),[asymmetric,coordination,enforcement,has_beneficiaries],[drifting_without_limit,no_exit_for_victims,unaccountable_extraction],actors(distributed,distributed),drift(rising,unknown,rising),zone(extreme,extreme))
platform_engagement_amplification	six(shift(naturalized,tangled_rope,tangled_rope,snare),[asymmetric,coordination,enforcement,has_beneficiaries],[drifting_without_limit,no_exit_for_victims,unaccountable_extraction],actors(distributed,distributed),drift(rising,unknown,rising),zone(extreme,extreme))
platform_gatekeeper_power	six(shift(tangled_rope,tangled_rope,tangled_rope,tangled_rope),[asymmetric,coordination,enforcement,has_beneficiaries],[drifting_without_limit,no_exit_for_victims,unaccountable_extraction],actors(concentrated,distributed),drift(rising,unknown,rising),zone(extreme,extreme))
platform_gatekeeping_consolidation	six(shift(tangled_rope,tangled_rope,tangled_rope,tangled_rope),[asymmetric,coordination,enforcement,has_beneficiaries],[drifting_without_limit,no_exit_for_victims,unaccountable_extraction],actors(distributed,distributed),drift(rising,unknown,rising),zone(extreme,extreme))
platform_intermediation_rent_extraction	six(shift(tangled_rope,tangled_rope,tangled_rope,tangled_rope),[asymmetric,coordination,enforcement,has_beneficiaries],[drifting_without_limit,no_exit_for_victims,unaccountable_extraction],actors(concentrated,distributed),drift(rising,unknown,rising),zone(extreme,extreme))
platform_labor_arbitrage	six(shift(tangled_rope,tangled_rope,rope,snare),[asymmetric,coordination,enforcement,has_beneficiaries],[drifting_without_limit,no_exit_for_victims,unaccountable_extraction],actors(distributed,distributed),drift(rising,unknown,rising),zone(extreme,extreme))
platform_labor_autonomy_theater	six(shift(tangled_rope,tangled_rope,piton,snare),[asymmetric,coordination,enforcement,has_beneficiaries],[drifting_without_limit,no_exit_for_victims,unaccountable_extraction],actors(distributed,distributed),drift(rising,unknown,rising),zone(extreme,extreme))
platform_lock_in	six(shift(tangled_rope,tangled_rope,tangled_rope,tangled_rope),[asymmetric,coordination,enforcement,has_beneficiaries],[drifting_without_limit,no_exit_for_victims,unaccountable_extraction],actors(distributed,distributed),drift(rising,unknown,rising),zone(extreme,extreme))
platform_lock_in_extraction	six(shift(tangled_rope,tangled_rope,tangled_rope,tangled_rope),[asymmetric,coordination,enforcement,has_beneficiaries],[drifting_without_limit,no_exit_for_victims,unaccountable_extraction],actors(concentrated,distributed),drift(rising,unknown,rising),zone(extreme,extreme))
platform_market_concentration	six(shift(tangled_rope,snare,rope,snare),[asymmetric,coordination,enforcement,has_beneficiaries],[drifting_without_limit,no_exit_for_victims,unaccountable_extraction],actors(concentrated,distributed),drift(rising,unknown,rising),zone(extreme,extreme))
platform_operator_lock_in	six(shift(tangled_rope,tangled_rope,tangled_rope,tangled_rope),[asymmetric,coordination,enforcement,has_beneficiaries],[drifting_without_limit,no_exit_for_victims,unaccountable_extraction],actors(distributed,distributed),drift(rising,unknown,rising),zone(extreme,extreme))
platform_regulatory_capture	six(shift(tangled_rope,tangled_rope,tangled_rope,tangled_rope),[asymmetric,coordination,enforcement,has_beneficiaries],[drifting_without_limit,no_exit_for_victims,unaccountable_extraction],actors(concentrated,distributed),drift(rising,unknown,rising),zone(extreme,extreme))
platform_safety_disclosure_asymmetry	six(shift(tangled_rope,tangled_rope,tangled_rope,tangled_rope),[asymmetric,coordination,enforcement,has_beneficiaries],[drifting_without_limit,no_exit_for_victims,unaccountable_extraction],actors(distributed,distributed),drift(rising,unknown,rising),zone(extreme,extreme))
platform_search_cost_asymmetry	six(shift(tangled_rope,tangled_rope,tangled_rope,tangled_rope),[asymmetric,coordination,enforcement,has_beneficiaries],[drifting_without_limit,no_exit_for_victims,unaccountable_extraction],actors(distributed,distributed),drift(rising,unknown,rising),zone(extreme,extreme))
platform_vendor_lock_in	six(shift(tangled_rope,tangled_rope,tangled_rope,tangled_rope),[asymmetric,coordination,enforcement,has_beneficiaries],[drifting_without_limit,no_exit_for_victims,unaccountable_extraction],actors(concentrated,distributed),drift(rising,unknown,rising),zone(extreme,extreme))
platform_worker_income_volatility	six(shift(tangled_rope,tangled_rope,rope,snare),[asymmetric,coordination,enforcement,has_beneficiaries],[drifting_without_limit,no_exit_for_victims,unaccountable_extraction],actors(distributed,distributed),drift(rising,unknown,rising),zone(extreme,extreme))
platonic_coparenting_decoupling	six(shift(tangled_rope,tangled_rope,tangled_rope,tangled_rope),[asymmetric,coordination,enforcement,has_beneficiaries],[no_exit_for_victims],actors(distributed,distributed),drift(rising,unknown,rising),zone(low,high))
plea_bargain_coercion	six(shift(tangled_rope,tangled_rope,tangled_rope,tangled_rope),[asymmetric,coordination,enforcement,has_beneficiaries],[drifting_without_limit,no_exit_for_victims,unaccountable_extraction],actors(distributed,distributed),drift(rising,unknown,rising),zone(extreme,extreme))
plebeian_political_participation_systems	six(shift(tangled_rope,tangled_rope,tangled_rope,tangled_rope),[asymmetric,coordination,enforcement,has_beneficiaries],[drifting_without_limit,no_exit_for_victims,unaccountable_extraction],actors(distributed,distributed),drift(rising,unknown,rising),zone(extreme,extreme))
po_investigation_protocol_bias	six(shift(tangled_rope,tangled_rope,tangled_rope,tangled_rope),[asymmetric,coordination,enforcement,has_beneficiaries],[drifting_without_limit,no_exit_for_victims,unaccountable_extraction],actors(concentrated,distributed),drift(rising,unknown,rising),zone(extreme,extreme))
poetic_verse_and_past	six(shift(tangled_rope,tangled_rope,tangled_rope,tangled_rope),[asymmetric,coordination,enforcement,has_beneficiaries],[drifting_without_limit,no_exit_for_victims,unaccountable_extraction],actors(distributed,distributed),drift(rising,unknown,rising),zone(extreme,extreme))
poincare_conjucture	six(shift(mountain,mountain,mountain,mountain),[has_temporal_data,natural],[],actors(none,none),drift(stable,unknown,stable),zone(negligible,negligible))
pokemon_card_market_volatility	six(shift(naturalized,tangled_rope,rope,snare),[asymmetric,coordination,enforcement,has_beneficiaries],[drifting_without_limit,no_exit_for_victims,unaccountable_extraction],actors(distributed,distributed),drift(rising,unknown,rising),zone(extreme,extreme))
polar_bear_biobanking	six(shift(tangled_rope,tangled_rope,tangled_rope,tangled_rope),[asymmetric,coordination,enforcement,has_beneficiaries],[drifting_without_limit,no_exit_for_victims,unaccountable_extraction],actors(distributed,distributed),drift(rising,unknown,rising),zone(extreme,extreme))
polarization_acceleration	six(shift(naturalized,tangled_rope,naturalized,snare),[asymmetric,coordination,enforcement,has_beneficiaries],[drifting_without_limit,no_exit_for_victims,unaccountable_extraction],actors(distributed,distributed),drift(rising,unknown,falling),zone(extreme,extreme))
polarization_in_distributed_networks	six(shift(tangled_rope,tangled_rope,tangled_rope,tangled_rope),[asymmetric,coordination,enforcement,has_beneficiaries],[drifting_without_limit,no_exit_for_victims,unaccountable_extraction],actors(distributed,distributed),drift(rising,unknown,rising),zone(extreme,extreme))
police_accountability_vacuum	six(shift(unknown,tangled_rope,tangled_rope,tangled_rope),[asymmetric,enforcement,has_victims],[coercion_without_coordination,drifting_without_limit,no_exit_for_victims,unaccountable_extraction,undocumented_coordination],actors(none,distributed),drift(rising,unknown,rising),zone(extreme,extreme))
police_union_qualified_immunity	six(shift(tangled_rope,snare,rope,snare),[asymmetric,coordination,enforcement,has_beneficiaries],[drifting_without_limit,no_exit_for_victims,unaccountable_extraction],actors(distributed,distributed),drift(rising,unknown,rising),zone(extreme,extreme))
police_use_of_force_authority	six(shift(tangled_rope,tangled_rope,tangled_rope,tangled_rope),[asymmetric,coordination,enforcement,has_beneficiaries],[drifting_without_limit,no_exit_for_victims,unaccountable_extraction],actors(distributed,distributed),drift(rising,unknown,falling),zone(extreme,extreme))
policing_discretion_subordination	six(shift(tangled_rope,snare,rope,snare),[asymmetric,coordination,enforcement,has_beneficiaries],[drifting_without_limit,no_exit_for_victims,unaccountable_extraction],actors(distributed,distributed),drift(rising,unknown,rising),zone(extreme,extreme))
policy_design_under_false_equilibrium_assumptions	six(shift(tangled_rope,tangled_rope,tangled_rope,tangled_rope),[asymmetric,coordination,enforcement,has_beneficiaries],[drifting_without_limit,no_exit_for_victims,unaccountable_extraction],actors(distributed,distributed),drift(rising,unknown,rising),zone(extreme,extreme))
politeness_face_negotiation	six(shift(tangled_rope,tangled_rope,tangled_rope,tangled_rope),[asymmetric,coordination,enforcement,has_beneficiaries],[no_exit_for_victims],actors(distributed,distributed),drift(stable,unknown,rising),zone(low,high))
political_accountability_lag	six(shift(tangled_rope,tangled_rope,tangled_rope,tangled_rope),[asymmetric,coordination,enforcement,has_beneficiaries],[drifting_without_limit,no_exit_for_victims,unaccountable_extraction],actors(distributed,distributed),drift(rising,unknown,rising),zone(extreme,extreme))
political_art_factional_alignment	six(shift(tangled_rope,tangled_rope,tangled_rope,tangled_rope),[asymmetric,coordination,enforcement,has_beneficiaries],[drifting_without_limit,no_exit_for_victims,unaccountable_extraction],actors(distributed,distributed),drift(rising,unknown,rising),zone(extreme,extreme))
political_attention_scarcity	six(shift(tangled_rope,tangled_rope,tangled_rope,tangled_rope),[asymmetric,coordination,enforcement,has_beneficiaries],[drifting_without_limit,no_exit_for_victims,unaccountable_extraction],actors(distributed,distributed),drift(rising,unknown,rising),zone(extreme,extreme))
political_autonomy_mainland_territories	six(shift(tangled_rope,tangled_rope,rope,snare),[asymmetric,coordination,enforcement,has_beneficiaries],[drifting_without_limit,no_exit_for_victims,unaccountable_extraction],actors(distributed,distributed),drift(falling,unknown,rising),zone(extreme,extreme))
political_capture_finance	six(shift(tangled_rope,snare,rope,snare),[asymmetric,coordination,enforcement,has_beneficiaries],[drifting_without_limit,no_exit_for_victims,unaccountable_extraction],actors(distributed,distributed),drift(rising,unknown,rising),zone(extreme,extreme))
political_dissident_containment	six(shift(tangled_rope,tangled_rope,tangled_rope,tangled_rope),[asymmetric,coordination,enforcement,has_beneficiaries],[drifting_without_limit,no_exit_for_victims,unaccountable_extraction],actors(distributed,distributed),drift(rising,unknown,rising),zone(extreme,extreme))
political_polarization	six(shift(tangled_rope,tangled_rope,tangled_rope,tangled_rope),[asymmetric,coordination,enforcement,has_beneficiaries],[drifting_without_limit,no_exit_for_victims,unaccountable_extraction],actors(distributed,distributed),drift(rising,unknown,rising),zone(extreme,extreme))
political_polarization_information_market	six(shift(tangled_rope,tangled_rope,tangled_rope,tangled_rope),[asymmetric,coordination,enforcement,has_beneficiaries],[drifting_without_limit,no_exit_for_victims,unaccountable_extraction],actors(distributed,distributed),drift(rising,unknown,rising),zone(extreme,extreme))
political_schedule_pressure	six(shift(tangled_rope,tangled_rope,tangled_rope,tangled_rope),[asymmetric,coordination,enforcement,has_beneficiaries],[drifting_without_limit,no_exit_for_victims,unaccountable_extraction],actors(distributed,distributed),drift(rising,unknown,rising),zone(extreme,extreme))
political_speech_criminalization	six(shift(tangled_rope,snare,naturalized,snare),[asymmetric,coordination,enforcement,has_beneficiaries],[drifting_without_limit,no_exit_for_victims,unaccountable_extraction],actors(concentrated,distributed),drift(rising,unknown,rising),zone(extreme,extreme))
popular_sovereignty_entrenchment	six(shift(tangled_rope,tangled_rope,tangled_rope,tangled_rope),[asymmetric,coordination,enforcement,has_beneficiaries],[drifting_without_limit,no_exit_for_victims,unaccountable_extraction],actors(distributed,distributed),drift(rising,unknown,rising),zone(extreme,extreme))
populist_backlash_instability	six(shift(tangled_rope,tangled_rope,tangled_rope,tangled_rope),[asymmetric,coordination,enforcement,has_beneficiaries],[drifting_without_limit,no_exit_for_victims,unaccountable_extraction],actors(distributed,distributed),drift(rising,unknown,rising),zone(extreme,extreme))
port_strike_cascades	six(shift(tangled_rope,tangled_rope,tangled_rope,tangled_rope),[asymmetric,coordination,enforcement,has_beneficiaries],[drifting_without_limit,no_exit_for_victims,unaccountable_extraction],actors(distributed,distributed),drift(rising,unknown,rising),zone(extreme,extreme))
portugal_government_stability_ad	six(shift(tangled_rope,tangled_rope,tangled_rope,tangled_rope),[coordination,enforcement,has_beneficiaries,sunset],[],actors(distributed,none),drift(rising,unknown,rising),zone(low,high))
portugal_polarization_threshold_2026	six(shift(naturalized,tangled_rope,rope,snare),[asymmetric,coordination,enforcement,has_beneficiaries],[drifting_without_limit,no_exit_for_victims,unaccountable_extraction],actors(distributed,distributed),drift(rising,unknown,rising),zone(extreme,extreme))
portuguese_budget_process	six(shift(tangled_rope,tangled_rope,tangled_rope,tangled_rope),[asymmetric,coordination,enforcement,has_beneficiaries],[drifting_without_limit,no_exit_for_victims,unaccountable_extraction],actors(distributed,distributed),drift(rising,unknown,rising),zone(extreme,high))
portuguese_party_system_realignment	six(shift(tangled_rope,tangled_rope,tangled_rope,tangled_rope),[asymmetric,coordination,enforcement,has_beneficiaries],[drifting_without_limit,no_exit_for_victims,unaccountable_extraction],actors(distributed,distributed),drift(rising,unknown,rising),zone(extreme,high))
portuguese_presidential_term_limits	six(shift(mountain,mountain,mountain,mountain),[has_temporal_data,natural],[],actors(none,none),drift(stable,unknown,stable),zone(negligible,negligible))
positional_coherence_gradient	six(shift(mountain,mountain,mountain,mountain),[has_theater,natural],[],actors(none,none),drift(unknown,unknown,unknown),zone(negligible,negligible))
post_conflict_reconciliation_mechanisms	six(shift(tangled_rope,tangled_rope,tangled_rope,tangled_rope),[asymmetric,coordination,enforcement,has_beneficiaries],[drifting_without_limit,no_exit_for_victims,unaccountable_extraction],actors(distributed,distributed),drift(rising,unknown,rising),zone(extreme,extreme))
post_ideological_governance	six(shift(naturalized,tangled_rope,naturalized,snare),[asymmetric,coordination,enforcement,has_beneficiaries],[drifting_without_limit,no_exit_for_victims,unaccountable_extraction],actors(distributed,distributed),drift(rising,unknown,rising),zone(extreme,extreme))
post_soviet_naftogaz_monopoly	six(shift(tangled_rope,tangled_rope,rope,snare),[asymmetric,coordination,enforcement,has_beneficiaries],[drifting_without_limit,no_exit_for_victims,unaccountable_extraction],actors(distributed,distributed),drift(rising,unknown,rising),zone(extreme,extreme))
postal_network_franchising_model	six(shift(tangled_rope,tangled_rope,tangled_rope,tangled_rope),[asymmetric,coordination,enforcement,has_beneficiaries],[drifting_without_limit,no_exit_for_victims,unaccountable_extraction],actors(distributed,distributed),drift(rising,unknown,rising),zone(extreme,extreme))
posthuman_identity_instability	six(shift(tangled_rope,tangled_rope,tangled_rope,tangled_rope),[asymmetric,coordination,enforcement,has_beneficiaries],[drifting_without_limit,no_exit_for_victims,unaccountable_extraction],actors(distributed,distributed),drift(rising,unknown,rising),zone(extreme,extreme))
postman_survival_protocol	six(shift(tangled_rope,tangled_rope,tangled_rope,tangled_rope),[asymmetric,coordination,enforcement,has_beneficiaries],[no_exit_for_victims],actors(distributed,distributed),drift(rising,unknown,rising),zone(low,high))
poverty_trap_asset_accumulation	six(shift(snare,snare,rope,snare),[asymmetric,coordination,enforcement,has_beneficiaries],[drifting_without_limit,no_exit_for_victims,unaccountable_extraction],actors(distributed,concentrated),drift(rising,unknown,rising),zone(extreme,extreme))
poverty_trap_asset_seizure	six(shift(tangled_rope,tangled_rope,tangled_rope,tangled_rope),[asymmetric,coordination,enforcement,has_beneficiaries],[drifting_without_limit,no_exit_for_victims,unaccountable_extraction],actors(distributed,distributed),drift(rising,unknown,rising),zone(extreme,extreme))
power_indexed_classification_variance	six(shift(mountain,mountain,mountain,mountain),[has_theater,natural],[],actors(none,none),drift(unknown,unknown,unknown),zone(negligible,negligible))
power_set	six(shift(mountain,mountain,mountain,mountain),[has_temporal_data,natural],[],actors(none,none),drift(stable,unknown,stable),zone(negligible,negligible))
power_without_responsibility	six(shift(tangled_rope,tangled_rope,naturalized,snare),[asymmetric,coordination,enforcement,has_beneficiaries],[drifting_without_limit,no_exit_for_victims,unaccountable_extraction],actors(distributed,distributed),drift(rising,unknown,rising),zone(extreme,extreme))
practice_ethic_boundary	six(shift(tangled_rope,tangled_rope,rope,tangled_rope),[asymmetric,coordination,enforcement,has_beneficiaries],[drifting_without_limit,no_exit_for_victims,unaccountable_extraction],actors(distributed,distributed),drift(rising,unknown,rising),zone(extreme,extreme))
preah_vihear_territorial_claim	six(shift(naturalized,tangled_rope,rope,snare),[asymmetric,coordination,enforcement,has_beneficiaries],[drifting_without_limit,no_exit_for_victims,unaccountable_extraction],actors(distributed,distributed),drift(rising,unknown,rising),zone(extreme,extreme))
precarious_worker_volatility_extraction	six(shift(tangled_rope,tangled_rope,tangled_rope,tangled_rope),[asymmetric,coordination,enforcement,has_beneficiaries],[drifting_without_limit,no_exit_for_victims,unaccountable_extraction],actors(distributed,distributed),drift(rising,unknown,rising),zone(extreme,extreme))
precision_manufacturing_automation	six(shift(tangled_rope,tangled_rope,rope,tangled_rope),[asymmetric,coordination,enforcement,has_beneficiaries],[drifting_without_limit,no_exit_for_victims,unaccountable_extraction],actors(distributed,distributed),drift(rising,unknown,rising),zone(extreme,high))
precision_mass_economics	six(shift(tangled_rope,scaffold,scaffold,tangled_rope),[coordination,has_beneficiaries,natural],[],actors(distributed,none),drift(stable,unknown,stable),zone(negligible,negligible))
predator_prey_arms_race	six(shift(tangled_rope,tangled_rope,tangled_rope,tangled_rope),[asymmetric,coordination,enforcement,has_beneficiaries],[drifting_without_limit,no_exit_for_victims,unaccountable_extraction],actors(distributed,distributed),drift(rising,unknown,rising),zone(extreme,extreme))
predictive_policing_disparate_impact	six(shift(tangled_rope,tangled_rope,tangled_rope,tangled_rope),[asymmetric,coordination,enforcement,has_beneficiaries],[drifting_without_limit,no_exit_for_victims,unaccountable_extraction],actors(distributed,distributed),drift(rising,unknown,rising),zone(extreme,extreme))
prefectural_administrative_power	six(shift(tangled_rope,tangled_rope,rope,tangled_rope),[asymmetric,coordination,enforcement,has_beneficiaries],[drifting_without_limit,no_exit_for_victims,unaccountable_extraction],actors(distributed,distributed),drift(rising,unknown,rising),zone(extreme,high))
premium_event_prestige_monopoly	six(shift(tangled_rope,tangled_rope,tangled_rope,tangled_rope),[asymmetric,coordination,enforcement,has_beneficiaries],[drifting_without_limit,no_exit_for_victims,unaccountable_extraction],actors(distributed,distributed),drift(rising,unknown,rising),zone(extreme,extreme))
presidential_war_powers_usurpation	six(shift(tangled_rope,tangled_rope,tangled_rope,tangled_rope),[asymmetric,coordination,enforcement,has_beneficiaries],[drifting_without_limit,no_exit_for_victims,unaccountable_extraction],actors(concentrated,distributed),drift(rising,unknown,rising),zone(extreme,extreme))
prestige_signal_inflation	six(shift(tangled_rope,tangled_rope,tangled_rope,tangled_rope),[asymmetric,coordination,enforcement,has_beneficiaries],[drifting_without_limit,no_exit_for_victims,unaccountable_extraction],actors(distributed,distributed),drift(rising,unknown,rising),zone(extreme,extreme))
preventive_medicine_implementation_gap	six(shift(tangled_rope,tangled_rope,rope,tangled_rope),[asymmetric,coordination,enforcement,has_beneficiaries],[drifting_without_limit,no_exit_for_victims,unaccountable_extraction],actors(distributed,distributed),drift(rising,unknown,rising),zone(extreme,high))
prey_habitat_selection	six(shift(mountain,mountain,mountain,mountain),[has_temporal_data,natural],[],actors(none,none),drift(stable,unknown,stable),zone(negligible,negligible))
price_signal_corruption	six(shift(tangled_rope,tangled_rope,tangled_rope,tangled_rope),[asymmetric,coordination,enforcement,has_beneficiaries],[drifting_without_limit,no_exit_for_victims,unaccountable_extraction],actors(distributed,distributed),drift(rising,unknown,rising),zone(extreme,extreme))
primary_election_capture	six(shift(tangled_rope,tangled_rope,tangled_rope,tangled_rope),[asymmetric,coordination,enforcement,has_beneficiaries],[drifting_without_limit,no_exit_for_victims,unaccountable_extraction],actors(distributed,distributed),drift(rising,unknown,rising),zone(extreme,extreme))
primate_welfare_policy_framework	six(shift(tangled_rope,tangled_rope,tangled_rope,tangled_rope),[asymmetric,coordination,enforcement,has_beneficiaries],[drifting_without_limit,no_exit_for_victims,unaccountable_extraction],actors(distributed,distributed),drift(rising,unknown,rising),zone(extreme,extreme))
prime_age_male_unwork	six(shift(tangled_rope,tangled_rope,tangled_rope,tangled_rope),[asymmetric,coordination,enforcement,has_beneficiaries],[drifting_without_limit,no_exit_for_victims,unaccountable_extraction],actors(distributed,distributed),drift(rising,unknown,rising),zone(extreme,extreme))
prime_factorization_hardness	six(shift(mountain,mountain,mountain,mountain),[has_temporal_data,natural],[],actors(none,none),drift(stable,unknown,stable),zone(negligible,negligible))
prime_number_theorem	six(shift(mountain,mountain,mountain,mountain),[has_temporal_data,natural],[],actors(none,none),drift(stable,unknown,stable),zone(negligible,negligible))
principal_agent_divergence	six(shift(tangled_rope,tangled_rope,tangled_rope,tangled_rope),[asymmetric,coordination,enforcement,has_beneficiaries],[drifting_without_limit,no_exit_for_victims,unaccountable_extraction],actors(distributed,distributed),drift(rising,unknown,rising),zone(extreme,extreme))
prisoner_dilemma_trap	six(shift(tangled_rope,tangled_rope,tangled_rope,tangled_rope),[asymmetric,coordination,enforcement,has_beneficiaries],[drifting_without_limit,no_exit_for_victims,unaccountable_extraction],actors(concentrated,distributed),drift(rising,unknown,rising),zone(extreme,extreme))
prisoners_dilemma_equilibrium	six(shift(mountain,rope,rope,mountain),[has_temporal_data,natural],[],actors(none,none),drift(stable,unknown,stable),zone(negligible,negligible))
private_credit_market_opacity	six(shift(naturalized,tangled_rope,rope,snare),[asymmetric,coordination,enforcement,has_beneficiaries],[drifting_without_limit,no_exit_for_victims,unaccountable_extraction],actors(distributed,distributed),drift(rising,unknown,rising),zone(extreme,extreme))
private_equity_fee_extraction	six(shift(tangled_rope,snare,snare,snare),[asymmetric,coordination,enforcement,has_beneficiaries],[drifting_without_limit,no_exit_for_victims,unaccountable_extraction],actors(concentrated,distributed),drift(rising,unknown,rising),zone(extreme,extreme))
private_equity_fee_structure	six(shift(tangled_rope,tangled_rope,tangled_rope,tangled_rope),[asymmetric,coordination,enforcement,has_beneficiaries],[drifting_without_limit,no_exit_for_victims,unaccountable_extraction],actors(distributed,distributed),drift(rising,unknown,rising),zone(extreme,extreme))
private_identity_integration	six(shift(tangled_rope,tangled_rope,tangled_rope,tangled_rope),[asymmetric,coordination,enforcement,has_beneficiaries],[no_exit_for_victims],actors(distributed,distributed),drift(rising,unknown,rising),zone(low,high))
private_security_ecosystem	six(shift(naturalized,tangled_rope,naturalized,snare),[asymmetric,coordination,enforcement,has_beneficiaries],[drifting_without_limit,no_exit_for_victims,unaccountable_extraction],actors(distributed,distributed),drift(rising,unknown,rising),zone(extreme,extreme))
privilege_waiver_threshold	six(shift(tangled_rope,scaffold,scaffold,tangled_rope),[coordination,has_beneficiaries,natural],[],actors(distributed,none),drift(stable,unknown,stable),zone(negligible,negligible))
probabilistic_ai_legitimacy	six(shift(tangled_rope,tangled_rope,tangled_rope,tangled_rope),[asymmetric,coordination,enforcement,has_beneficiaries],[drifting_without_limit,no_exit_for_victims,unaccountable_extraction],actors(distributed,distributed),drift(rising,unknown,rising),zone(extreme,extreme))
procedural_compliance_theater	six(shift(tangled_rope,tangled_rope,tangled_rope,tangled_rope),[asymmetric,coordination,enforcement,has_beneficiaries],[drifting_without_limit,no_exit_for_victims,unaccountable_extraction],actors(distributed,distributed),drift(rising,unknown,rising),zone(extreme,extreme))
procedural_justice_deficit	six(shift(tangled_rope,tangled_rope,tangled_rope,tangled_rope),[asymmetric,coordination,enforcement,has_beneficiaries],[drifting_without_limit,no_exit_for_victims,unaccountable_extraction],actors(distributed,distributed),drift(rising,unknown,rising),zone(extreme,extreme))
procedural_legitimacy_decay	six(shift(unknown,unknown,rope,snare),[asymmetric,coordination,has_beneficiaries],[drifting_without_limit,no_exit_for_victims,self_sustaining_extraction,unaccountable_extraction,unenforced_suppression],actors(concentrated,concentrated),drift(rising,unknown,rising),zone(extreme,extreme))
procedural_texture_approximation	six(shift(tangled_rope,tangled_rope,tangled_rope,tangled_rope),[asymmetric,coordination,enforcement,has_beneficiaries],[no_exit_for_victims],actors(distributed,distributed),drift(rising,unknown,rising),zone(low,high))
processed_food_sodium_targeting	six(shift(tangled_rope,tangled_rope,tangled_rope,tangled_rope),[asymmetric,coordination,enforcement,has_beneficiaries],[drifting_without_limit,no_exit_for_victims,unaccountable_extraction],actors(distributed,distributed),drift(rising,unknown,rising),zone(extreme,extreme))
professional_fishing_sponsorship_gatekeeping	six(shift(naturalized,tangled_rope,rope,snare),[asymmetric,coordination,enforcement,has_beneficiaries],[drifting_without_limit,no_exit_for_victims,unaccountable_extraction],actors(distributed,distributed),drift(rising,unknown,rising),zone(extreme,extreme))
professional_gatekeeping	six(shift(tangled_rope,tangled_rope,tangled_rope,tangled_rope),[asymmetric,coordination,enforcement,has_beneficiaries],[drifting_without_limit,no_exit_for_victims,unaccountable_extraction],actors(distributed,distributed),drift(rising,unknown,rising),zone(extreme,extreme))
professional_identity_lock	six(shift(tangled_rope,tangled_rope,naturalized,tangled_rope),[asymmetric,coordination,enforcement,has_beneficiaries],[drifting_without_limit,no_exit_for_victims,unaccountable_extraction],actors(distributed,concentrated),drift(rising,unknown,rising),zone(extreme,high))
professional_licensing_barriers	six(shift(naturalized,tangled_rope,rope,snare),[asymmetric,coordination,enforcement,has_beneficiaries],[drifting_without_limit,no_exit_for_victims,unaccountable_extraction],actors(distributed,distributed),drift(rising,unknown,rising),zone(extreme,extreme))
professional_licensing_extraction	six(shift(tangled_rope,tangled_rope,tangled_rope,tangled_rope),[asymmetric,coordination,enforcement,has_beneficiaries],[drifting_without_limit,no_exit_for_victims,unaccountable_extraction],actors(distributed,distributed),drift(rising,unknown,rising),zone(extreme,extreme))
professional_pipeline_bottleneck	six(shift(tangled_rope,tangled_rope,tangled_rope,tangled_rope),[asymmetric,coordination,enforcement,has_beneficiaries],[drifting_without_limit,no_exit_for_victims,unaccountable_extraction],actors(distributed,distributed),drift(rising,unknown,rising),zone(extreme,extreme))
professional_table_tennis_labor_markets	six(shift(naturalized,tangled_rope,rope,snare),[asymmetric,coordination,enforcement,has_beneficiaries],[drifting_without_limit,no_exit_for_victims,unaccountable_extraction],actors(distributed,distributed),drift(rising,unknown,rising),zone(extreme,extreme))
program_verification_hardness	six(shift(mountain,mountain,mountain,mountain),[has_theater,natural],[],actors(none,none),drift(unknown,unknown,unknown),zone(negligible,negligible))
progressive_taxation_fairness	six(shift(tangled_rope,tangled_rope,rope,tangled_rope),[asymmetric,coordination,enforcement,has_beneficiaries],[drifting_without_limit,no_exit_for_victims,unaccountable_extraction],actors(distributed,distributed),drift(rising,unknown,rising),zone(extreme,high))
project_governance_legitimacy	six(shift(tangled_rope,tangled_rope,naturalized,tangled_rope),[asymmetric,coordination,enforcement,has_beneficiaries],[drifting_without_limit,no_exit_for_victims,unaccountable_extraction],actors(distributed,distributed),drift(rising,unknown,rising),zone(extreme,high))
project_vault_2026	six(shift(tangled_rope,tangled_rope,tangled_rope,tangled_rope),[asymmetric,coordination,enforcement,has_beneficiaries],[drifting_without_limit,no_exit_for_victims,unaccountable_extraction],actors(distributed,distributed),drift(rising,unknown,rising),zone(extreme,extreme))
project_vault_extraction_2026	six(shift(tangled_rope,snare,naturalized,snare),[asymmetric,coordination,enforcement,has_beneficiaries],[drifting_without_limit,no_exit_for_victims,unaccountable_extraction],actors(distributed,distributed),drift(rising,unknown,falling),zone(extreme,extreme))
prompt_layer_ambiguity	six(shift(naturalized,tangled_rope,rope,tangled_rope),[asymmetric,coordination,enforcement,has_beneficiaries],[drifting_without_limit,no_exit_for_victims,unaccountable_extraction],actors(distributed,distributed),drift(rising,unknown,rising),zone(extreme,extreme))
proof_of_work_consensus	six(shift(naturalized,tangled_rope,naturalized,snare),[asymmetric,coordination,enforcement,has_beneficiaries],[drifting_without_limit,no_exit_for_victims,unaccountable_extraction],actors(distributed,distributed),drift(rising,unknown,rising),zone(extreme,extreme))
proof_of_work_energy_cost	six(shift(tangled_rope,tangled_rope,tangled_rope,tangled_rope),[asymmetric,coordination,enforcement,has_beneficiaries],[drifting_without_limit,no_exit_for_victims,unaccountable_extraction],actors(distributed,distributed),drift(rising,unknown,rising),zone(extreme,extreme))
proof_of_work_light_client_security	six(shift(tangled_rope,tangled_rope,tangled_rope,tangled_rope),[asymmetric,coordination,enforcement,has_beneficiaries],[drifting_without_limit,no_exit_for_victims,unaccountable_extraction],actors(distributed,distributed),drift(rising,unknown,rising),zone(extreme,extreme))
proof_theoretic_ordinals	six(shift(mountain,mountain,mountain,mountain),[has_temporal_data,natural],[],actors(none,none),drift(stable,unknown,stable),zone(negligible,negligible))
propagation_weight_mechanism	six(shift(tangled_rope,tangled_rope,rope,tangled_rope),[asymmetric,coordination,enforcement,has_beneficiaries],[drifting_without_limit,no_exit_for_victims,unaccountable_extraction],actors(distributed,distributed),drift(rising,unknown,rising),zone(extreme,high))
property_value_preservation_regime	six(shift(tangled_rope,tangled_rope,tangled_rope,tangled_rope),[asymmetric,coordination,enforcement,has_beneficiaries],[drifting_without_limit,no_exit_for_victims,unaccountable_extraction],actors(distributed,distributed),drift(rising,unknown,rising),zone(extreme,extreme))
prosecutorial_discretion_asymmetry	six(shift(tangled_rope,tangled_rope,tangled_rope,tangled_rope),[asymmetric,coordination,enforcement,has_beneficiaries],[drifting_without_limit,no_exit_for_victims,unaccountable_extraction],actors(distributed,distributed),drift(rising,unknown,rising),zone(extreme,extreme))
protest_risk_premium_political_participation	six(shift(tangled_rope,tangled_rope,tangled_rope,tangled_rope),[asymmetric,coordination,enforcement,has_beneficiaries],[drifting_without_limit,no_exit_for_victims,unaccountable_extraction],actors(distributed,distributed),drift(rising,unknown,rising),zone(extreme,extreme))
protocol_capture_tangled_rope	six(shift(naturalized,tangled_rope,naturalized,snare),[asymmetric,coordination,enforcement,has_beneficiaries],[drifting_without_limit,no_exit_for_victims,unaccountable_extraction],actors(distributed,distributed),drift(rising,unknown,rising),zone(extreme,extreme))
protocol_drift_accumulation	six(shift(tangled_rope,tangled_rope,rope,tangled_rope),[asymmetric,coordination,enforcement,has_beneficiaries],[drifting_without_limit,no_exit_for_victims,unaccountable_extraction],actors(distributed,distributed),drift(rising,unknown,rising),zone(extreme,high))
protocol_execution_impossibility	six(shift(mountain,mountain,mountain,mountain),[natural],[],actors(none,none),drift(unknown,unknown,unknown),zone(negligible,negligible))
protocol_inversion_as_constraint_escape	six(shift(naturalized,tangled_rope,naturalized,snare),[asymmetric,coordination,enforcement,has_beneficiaries],[drifting_without_limit,no_exit_for_victims,unaccountable_extraction],actors(distributed,distributed),drift(rising,unknown,rising),zone(extreme,extreme))
protocol_rigidity_under_unclassified_variance	six(shift(tangled_rope,tangled_rope,tangled_rope,tangled_rope),[coordination,has_beneficiaries],[],actors(distributed,none),drift(stable,unknown,rising),zone(negligible,moderate))
provability_logic_reflection	six(shift(mountain,mountain,mountain,mountain),[has_temporal_data,natural],[],actors(none,none),drift(stable,unknown,stable),zone(negligible,negligible))
provincial_autonomy_suppression	six(shift(tangled_rope,tangled_rope,tangled_rope,tangled_rope),[asymmetric,coordination,enforcement,has_beneficiaries],[drifting_without_limit,no_exit_for_victims,unaccountable_extraction],actors(distributed,distributed),drift(rising,unknown,rising),zone(extreme,extreme))
provincial_constitutional_stability	six(shift(tangled_rope,tangled_rope,tangled_rope,tangled_rope),[asymmetric,coordination,enforcement,has_beneficiaries],[drifting_without_limit,no_exit_for_victims,unaccountable_extraction],actors(distributed,distributed),drift(rising,unknown,rising),zone(extreme,high))
provincial_tax_collection	six(shift(tangled_rope,tangled_rope,tangled_rope,tangled_rope),[asymmetric,coordination,enforcement,has_beneficiaries],[drifting_without_limit,no_exit_for_victims,unaccountable_extraction],actors(distributed,distributed),drift(rising,unknown,rising),zone(extreme,extreme))
proximity_affinity_conflation	six(shift(tangled_rope,tangled_rope,tangled_rope,tangled_rope),[coordination,has_beneficiaries],[],actors(distributed,none),drift(stable,unknown,stable),zone(negligible,low))
psilocybin_therapeutic_efficacy	six(shift(tangled_rope,tangled_rope,tangled_rope,tangled_rope),[asymmetric,coordination,enforcement,has_beneficiaries],[drifting_without_limit,no_exit_for_victims,unaccountable_extraction],actors(distributed,distributed),drift(rising,unknown,rising),zone(extreme,extreme))
psychiatric_diagnostic_authority	six(shift(tangled_rope,tangled_rope,tangled_rope,tangled_rope),[asymmetric,coordination,enforcement,has_beneficiaries],[drifting_without_limit,no_exit_for_victims,unaccountable_extraction],actors(distributed,distributed),drift(rising,unknown,rising),zone(extreme,extreme))
psychiatric_nosology_institutional_lock_in	six(shift(tangled_rope,tangled_rope,tangled_rope,tangled_rope),[asymmetric,coordination,enforcement,has_beneficiaries],[drifting_without_limit,no_exit_for_victims,unaccountable_extraction],actors(distributed,distributed),drift(rising,unknown,rising),zone(extreme,extreme))
psychological_continuity_stability	six(shift(tangled_rope,tangled_rope,tangled_rope,tangled_rope),[asymmetric,coordination,enforcement,has_beneficiaries],[drifting_without_limit,no_exit_for_victims,unaccountable_extraction],actors(distributed,distributed),drift(rising,unknown,rising),zone(extreme,extreme))
psychological_resilience_commons_degradation	six(shift(tangled_rope,tangled_rope,tangled_rope,tangled_rope),[asymmetric,coordination,enforcement,has_beneficiaries],[drifting_without_limit,no_exit_for_victims,unaccountable_extraction],actors(distributed,distributed),drift(rising,unknown,rising),zone(extreme,extreme))
public_domain_commons	six(shift(tangled_rope,tangled_rope,tangled_rope,tangled_rope),[asymmetric,coordination,enforcement,has_beneficiaries],[drifting_without_limit,no_exit_for_victims,unaccountable_extraction],actors(distributed,distributed),drift(rising,unknown,rising),zone(extreme,extreme))
public_health_distrust_cascade	six(shift(tangled_rope,tangled_rope,tangled_rope,tangled_rope),[asymmetric,coordination,enforcement,has_beneficiaries],[drifting_without_limit,no_exit_for_victims,unaccountable_extraction],actors(distributed,distributed),drift(rising,unknown,rising),zone(extreme,extreme))
public_land_enclosure_roman_cities	six(shift(tangled_rope,tangled_rope,tangled_rope,tangled_rope),[asymmetric,coordination,enforcement,has_beneficiaries],[drifting_without_limit,no_exit_for_victims,unaccountable_extraction],actors(distributed,distributed),drift(rising,unknown,rising),zone(extreme,extreme))
public_sector_efficiency_erosion	six(shift(tangled_rope,tangled_rope,tangled_rope,tangled_rope),[asymmetric,coordination,enforcement,has_beneficiaries],[drifting_without_limit,no_exit_for_victims,unaccountable_extraction],actors(distributed,distributed),drift(rising,unknown,rising),zone(extreme,extreme))
publication_bias_filtering	six(shift(tangled_rope,tangled_rope,tangled_rope,tangled_rope),[asymmetric,coordination,enforcement,has_beneficiaries],[drifting_without_limit,no_exit_for_victims,unaccountable_extraction],actors(distributed,distributed),drift(rising,unknown,rising),zone(extreme,extreme))
publication_bias_mechanism	six(shift(tangled_rope,tangled_rope,tangled_rope,tangled_rope),[asymmetric,coordination,enforcement,has_beneficiaries],[drifting_without_limit,no_exit_for_victims,unaccountable_extraction],actors(distributed,distributed),drift(rising,unknown,rising),zone(extreme,extreme))
publication_bias_narrative_dominance	six(shift(tangled_rope,tangled_rope,tangled_rope,tangled_rope),[asymmetric,coordination,enforcement,has_beneficiaries],[drifting_without_limit,no_exit_for_victims,unaccountable_extraction],actors(distributed,distributed),drift(rising,unknown,rising),zone(extreme,extreme))
publication_bias_psychology	six(shift(tangled_rope,tangled_rope,tangled_rope,tangled_rope),[asymmetric,coordination,enforcement,has_beneficiaries],[drifting_without_limit,no_exit_for_victims,unaccountable_extraction],actors(distributed,distributed),drift(rising,unknown,rising),zone(extreme,extreme))
publication_bias_replication	six(shift(tangled_rope,tangled_rope,tangled_rope,tangled_rope),[asymmetric,coordination,enforcement,has_beneficiaries],[drifting_without_limit,no_exit_for_victims,unaccountable_extraction],actors(distributed,distributed),drift(rising,unknown,rising),zone(extreme,extreme))
publisher_dependency_trap	six(shift(naturalized,tangled_rope,naturalized,snare),[asymmetric,coordination,enforcement,has_beneficiaries],[drifting_without_limit,no_exit_for_victims,unaccountable_extraction],actors(concentrated,distributed),drift(rising,unknown,rising),zone(extreme,extreme))
publishing_embargo	six(shift(tangled_rope,tangled_rope,tangled_rope,tangled_rope),[asymmetric,coordination,enforcement,has_beneficiaries],[drifting_without_limit,no_exit_for_victims,unaccountable_extraction],actors(distributed,distributed),drift(rising,unknown,rising),zone(extreme,extreme))
puebloan_kiva_ceremonialism	six(shift(tangled_rope,tangled_rope,tangled_rope,tangled_rope),[asymmetric,coordination,enforcement,has_beneficiaries],[no_exit_for_victims],actors(distributed,distributed),drift(falling,unknown,falling),zone(low,extreme))
purity_drift_degradation	six(shift(tangled_rope,tangled_rope,rope,tangled_rope),[asymmetric,coordination,enforcement,has_beneficiaries],[drifting_without_limit,no_exit_for_victims,unaccountable_extraction],actors(concentrated,concentrated),drift(rising,unknown,rising),zone(extreme,extreme))
purity_policing_as_extraction	six(shift(tangled_rope,tangled_rope,rope,snare),[asymmetric,coordination,enforcement,has_beneficiaries],[drifting_without_limit,no_exit_for_victims,unaccountable_extraction],actors(distributed,distributed),drift(rising,unknown,rising),zone(extreme,extreme))
pythagorean_theorem	six(shift(mountain,mountain,mountain,mountain),[has_temporal_data,natural],[],actors(none,none),drift(stable,unknown,stable),zone(negligible,negligible))
pythagorean_theorem_geometric_constancy	six(shift(mountain,mountain,mountain,mountain),[has_temporal_data,natural],[],actors(none,none),drift(stable,unknown,stable),zone(negligible,negligible))
quad_alignment_asymmetry	six(shift(tangled_rope,tangled_rope,tangled_rope,tangled_rope),[asymmetric,coordination,enforcement,has_beneficiaries],[drifting_without_limit,no_exit_for_victims,unaccountable_extraction],actors(distributed,distributed),drift(rising,unknown,rising),zone(extreme,extreme))
quad_alliance_cohesion	six(shift(tangled_rope,tangled_rope,rope,tangled_rope),[asymmetric,coordination,enforcement,has_beneficiaries],[drifting_without_limit,no_exit_for_victims,unaccountable_extraction],actors(distributed,distributed),drift(rising,unknown,rising),zone(extreme,high))
quadratic_assignment_symmetry_handling	six(shift(tangled_rope,tangled_rope,tangled_rope,tangled_rope),[coordination,has_beneficiaries],[],actors(distributed,none),drift(rising,unknown,rising),zone(low,low))
quadratic_form_classification	six(shift(mountain,mountain,mountain,mountain),[has_temporal_data,natural],[],actors(none,none),drift(stable,unknown,stable),zone(negligible,negligible))
qualified_business_income_deduction	six(shift(tangled_rope,tangled_rope,rope,tangled_rope),[asymmetric,coordination,enforcement,has_beneficiaries],[drifting_without_limit,no_exit_for_victims,unaccountable_extraction],actors(distributed,distributed),drift(rising,unknown,rising),zone(extreme,high))
qualified_immunity	six(shift(tangled_rope,tangled_rope,tangled_rope,tangled_rope),[asymmetric,coordination,enforcement,has_beneficiaries],[drifting_without_limit,no_exit_for_victims,unaccountable_extraction],actors(distributed,distributed),drift(rising,unknown,rising),zone(extreme,extreme))
quantum_critical_point_superconductivity	six(shift(tangled_rope,tangled_rope,tangled_rope,tangled_rope),[asymmetric,coordination,enforcement,has_beneficiaries],[drifting_without_limit,no_exit_for_victims,unaccountable_extraction],actors(distributed,distributed),drift(rising,unknown,rising),zone(extreme,high))
quantum_cryptography_key_distribution	six(shift(tangled_rope,tangled_rope,tangled_rope,tangled_rope),[asymmetric,coordination,enforcement,has_beneficiaries],[no_exit_for_victims],actors(distributed,distributed),drift(rising,unknown,rising),zone(low,high))
quantum_decoherence_timescale	six(shift(mountain,mountain,mountain,mountain),[has_temporal_data,natural],[],actors(none,none),drift(stable,unknown,stable),zone(negligible,negligible))
quantum_entanglement_protocol	six(shift(tangled_rope,tangled_rope,tangled_rope,tangled_rope),[asymmetric,coordination,enforcement,has_beneficiaries],[drifting_without_limit,no_exit_for_victims,unaccountable_extraction],actors(distributed,distributed),drift(rising,unknown,falling),zone(extreme,extreme))
quantum_entanglement_swapping	six(shift(mountain,mountain,mountain,mountain),[has_temporal_data,natural],[],actors(none,none),drift(stable,unknown,stable),zone(negligible,negligible))
quantum_error_correction_overhead	six(shift(tangled_rope,tangled_rope,tangled_rope,tangled_rope),[asymmetric,coordination,enforcement,has_beneficiaries],[drifting_without_limit,no_exit_for_victims,unaccountable_extraction],actors(distributed,distributed),drift(rising,unknown,stable),zone(extreme,high))
quantum_interpretation_pluralism	six(shift(tangled_rope,tangled_rope,naturalized,tangled_rope),[asymmetric,coordination,enforcement,has_beneficiaries],[drifting_without_limit,no_exit_for_victims,unaccountable_extraction],actors(distributed,distributed),drift(rising,unknown,rising),zone(extreme,high))
quantum_key_distribution_security	six(shift(tangled_rope,tangled_rope,tangled_rope,tangled_rope),[asymmetric,coordination,enforcement,has_beneficiaries],[drifting_without_limit,no_exit_for_victims,unaccountable_extraction],actors(distributed,distributed),drift(rising,unknown,rising),zone(extreme,high))
quantum_measurement_problem	six(shift(mountain,mountain,mountain,mountain),[has_temporal_data,natural],[],actors(none,none),drift(stable,unknown,stable),zone(negligible,negligible))
quantum_nonlocality_2026	six(shift(mountain,mountain,mountain,mountain),[has_temporal_data,natural],[],actors(none,none),drift(stable,unknown,stable),zone(negligible,negligible))
quantum_repeater_infrastructure	six(shift(tangled_rope,tangled_rope,tangled_rope,tangled_rope),[asymmetric,coordination,enforcement,has_beneficiaries],[drifting_without_limit,no_exit_for_victims,unaccountable_extraction],actors(distributed,distributed),drift(rising,unknown,rising),zone(extreme,extreme))
quantum_supremacy_ntru_lattice	six(shift(tangled_rope,tangled_rope,tangled_rope,tangled_rope),[asymmetric,coordination,enforcement,has_beneficiaries],[drifting_without_limit,no_exit_for_victims,unaccountable_extraction],actors(distributed,distributed),drift(rising,unknown,rising),zone(extreme,high))
quantum_teleportation	six(shift(mountain,mountain,mountain,mountain),[has_temporal_data,natural],[],actors(none,none),drift(stable,unknown,stable),zone(negligible,negligible))
quantum_thermalization	six(shift(tangled_rope,tangled_rope,tangled_rope,tangled_rope),[asymmetric,coordination,enforcement,has_beneficiaries],[no_exit_for_victims],actors(distributed,distributed),drift(rising,unknown,rising),zone(low,high))
quellcrist_falconer_justice	six(shift(tangled_rope,snare,rope,snare),[asymmetric,coordination,enforcement,has_beneficiaries],[drifting_without_limit,no_exit_for_victims,unaccountable_extraction],actors(distributed,distributed),drift(rising,unknown,rising),zone(extreme,extreme))
question_curation_as_formation	six(shift(tangled_rope,tangled_rope,rope,tangled_rope),[asymmetric,coordination,enforcement,has_beneficiaries],[drifting_without_limit,no_exit_for_victims,unaccountable_extraction],actors(distributed,distributed),drift(rising,unknown,rising),zone(extreme,high))
quine_self_replication	six(shift(mountain,mountain,mountain,mountain),[has_theater,natural],[],actors(none,none),drift(unknown,unknown,unknown),zone(negligible,negligible))
quorum_consensus_protocols	six(shift(tangled_rope,tangled_rope,tangled_rope,tangled_rope),[asymmetric,coordination,enforcement,has_beneficiaries],[no_exit_for_victims],actors(distributed,distributed),drift(rising,unknown,rising),zone(low,high))
quota_ratchet_asymmetry	six(shift(naturalized,tangled_rope,rope,snare),[asymmetric,coordination,enforcement,has_beneficiaries],[drifting_without_limit,no_exit_for_victims,unaccountable_extraction],actors(distributed,distributed),drift(rising,unknown,rising),zone(extreme,extreme))
quotient_group_properties	six(shift(mountain,mountain,mountain,mountain),[has_temporal_data,natural],[],actors(none,none),drift(stable,unknown,stable),zone(negligible,negligible))
qwerty_vs_dvorak	six(shift(tangled_rope,tangled_rope,tangled_rope,tangled_rope),[asymmetric,coordination,enforcement,has_beneficiaries],[no_exit_for_victims],actors(distributed,distributed),drift(rising,unknown,rising),zone(low,extreme))
raac_school_maintenance	six(shift(tangled_rope,tangled_rope,tangled_rope,tangled_rope),[asymmetric,coordination,enforcement,has_beneficiaries],[drifting_without_limit,no_exit_for_victims,unaccountable_extraction],actors(distributed,distributed),drift(rising,unknown,rising),zone(extreme,extreme))
ramsey_numbers	six(shift(mountain,mountain,mountain,mountain),[has_temporal_data,natural],[],actors(none,none),drift(stable,unknown,stable),zone(negligible,negligible))
ramsey_theorem_foundation	six(shift(mountain,mountain,mountain,mountain),[has_theater,natural],[],actors(none,none),drift(unknown,unknown,unknown),zone(negligible,negligible))
random_number_generator_security	six(shift(tangled_rope,tangled_rope,tangled_rope,tangled_rope),[asymmetric,coordination,enforcement,has_beneficiaries],[drifting_without_limit,no_exit_for_victims,unaccountable_extraction],actors(concentrated,distributed),drift(rising,unknown,rising),zone(extreme,extreme))
rapid_attribution_methodology	six(shift(tangled_rope,tangled_rope,tangled_rope,tangled_rope),[asymmetric,coordination,enforcement,has_beneficiaries],[drifting_without_limit,no_exit_for_victims,unaccountable_extraction],actors(distributed,distributed),drift(rising,unknown,rising),zone(extreme,extreme))
rare_disease_drug_development	six(shift(tangled_rope,tangled_rope,tangled_rope,tangled_rope),[asymmetric,coordination,enforcement,has_beneficiaries],[drifting_without_limit,no_exit_for_victims,unaccountable_extraction],actors(distributed,distributed),drift(rising,unknown,rising),zone(extreme,extreme))
rare_earth_cluster_coupling	six(shift(tangled_rope,tangled_rope,tangled_rope,tangled_rope),[asymmetric,coordination,enforcement,has_beneficiaries],[no_exit_for_victims],actors(distributed,distributed),drift(rising,unknown,rising),zone(low,high))
rare_earth_dependency	six(shift(tangled_rope,tangled_rope,tangled_rope,tangled_rope),[asymmetric,coordination,enforcement,has_beneficiaries],[drifting_without_limit,no_exit_for_victims,unaccountable_extraction],actors(concentrated,distributed),drift(rising,unknown,rising),zone(extreme,extreme))
rare_earth_element_concentration	six(shift(tangled_rope,tangled_rope,rope,snare),[asymmetric,coordination,enforcement,has_beneficiaries],[drifting_without_limit,no_exit_for_victims,unaccountable_extraction],actors(distributed,distributed),drift(rising,unknown,rising),zone(extreme,extreme))
rare_earth_export_restrictions	six(shift(naturalized,tangled_rope,naturalized,snare),[asymmetric,coordination,enforcement,has_beneficiaries],[drifting_without_limit,no_exit_for_victims,unaccountable_extraction],actors(distributed,distributed),drift(rising,unknown,rising),zone(extreme,extreme))
rare_earth_seabed_mining	six(shift(naturalized,tangled_rope,naturalized,snare),[asymmetric,coordination,enforcement,has_beneficiaries],[drifting_without_limit,no_exit_for_victims,unaccountable_extraction],actors(distributed,distributed),drift(rising,unknown,rising),zone(extreme,extreme))
rare_earth_supply_chain	six(shift(tangled_rope,tangled_rope,tangled_rope,tangled_rope),[asymmetric,coordination,enforcement,has_beneficiaries],[drifting_without_limit,no_exit_for_victims,unaccountable_extraction],actors(distributed,distributed),drift(rising,unknown,rising),zone(extreme,extreme))
rare_earth_supply_concentration	six(shift(tangled_rope,tangled_rope,tangled_rope,tangled_rope),[asymmetric,coordination,enforcement,has_beneficiaries],[drifting_without_limit,no_exit_for_victims,unaccountable_extraction],actors(distributed,distributed),drift(rising,unknown,rising),zone(extreme,extreme))
rare_earth_supply_monopoly	six(shift(tangled_rope,tangled_rope,tangled_rope,tangled_rope),[asymmetric,coordination,enforcement,has_beneficiaries],[drifting_without_limit,no_exit_for_victims,unaccountable_extraction],actors(distributed,distributed),drift(rising,unknown,rising),zone(extreme,extreme))
rare_earth_supply_security	six(shift(tangled_rope,tangled_rope,naturalized,tangled_rope),[asymmetric,coordination,enforcement,has_beneficiaries],[drifting_without_limit,no_exit_for_victims,unaccountable_extraction],actors(distributed,distributed),drift(rising,unknown,rising),zone(extreme,high))
rating_agency_procyclicality	six(shift(tangled_rope,tangled_rope,tangled_rope,tangled_rope),[asymmetric,coordination,enforcement,has_beneficiaries],[drifting_without_limit,no_exit_for_victims,unaccountable_extraction],actors(distributed,distributed),drift(rising,unknown,rising),zone(extreme,extreme))
rational_actor_assumption	six(shift(tangled_rope,tangled_rope,tangled_rope,tangled_rope),[asymmetric,coordination,enforcement,has_beneficiaries],[drifting_without_limit,no_exit_for_victims,unaccountable_extraction],actors(distributed,distributed),drift(rising,unknown,rising),zone(extreme,high))
rational_inertia_trap	six(shift(tangled_rope,tangled_rope,tangled_rope,tangled_rope),[asymmetric,coordination,enforcement,has_beneficiaries],[drifting_without_limit,no_exit_for_victims,unaccountable_extraction],actors(distributed,distributed),drift(rising,unknown,rising),zone(extreme,high))
reader_informed_consent	six(shift(tangled_rope,tangled_rope,tangled_rope,tangled_rope),[asymmetric,coordination,enforcement,has_beneficiaries],[drifting_without_limit,no_exit_for_victims,unaccountable_extraction],actors(distributed,distributed),drift(rising,unknown,rising),zone(extreme,extreme))
reader_interpretation_labor	six(shift(tangled_rope,tangled_rope,tangled_rope,tangled_rope),[asymmetric,coordination,enforcement,has_beneficiaries],[drifting_without_limit,no_exit_for_victims,unaccountable_extraction],actors(distributed,distributed),drift(rising,unknown,rising),zone(extreme,extreme))
real_estate_extraction	six(shift(tangled_rope,tangled_rope,tangled_rope,tangled_rope),[asymmetric,coordination,enforcement,has_beneficiaries],[drifting_without_limit,no_exit_for_victims,unaccountable_extraction],actors(distributed,distributed),drift(rising,unknown,rising),zone(extreme,extreme))
real_estate_investment_regulation	six(shift(tangled_rope,tangled_rope,tangled_rope,tangled_rope),[asymmetric,coordination,enforcement,has_beneficiaries],[drifting_without_limit,no_exit_for_victims,unaccountable_extraction],actors(distributed,distributed),drift(rising,unknown,rising),zone(extreme,extreme))
real_estate_investment_trust_structure	six(shift(tangled_rope,tangled_rope,tangled_rope,tangled_rope),[asymmetric,coordination,enforcement,has_beneficiaries],[drifting_without_limit,no_exit_for_victims,unaccountable_extraction],actors(distributed,distributed),drift(rising,unknown,rising),zone(extreme,extreme))
real_estate_syndication_structure	six(shift(tangled_rope,tangled_rope,tangled_rope,tangled_rope),[asymmetric,coordination,enforcement,has_beneficiaries],[drifting_without_limit,no_exit_for_victims,unaccountable_extraction],actors(distributed,distributed),drift(rising,unknown,rising),zone(extreme,extreme))
real_interest_rate_suppression	six(shift(tangled_rope,tangled_rope,tangled_rope,tangled_rope),[asymmetric,coordination,enforcement,has_beneficiaries],[drifting_without_limit,no_exit_for_victims,unaccountable_extraction],actors(distributed,distributed),drift(rising,unknown,rising),zone(extreme,extreme))
reciprocity_laws_math	six(shift(mountain,mountain,mountain,mountain),[has_temporal_data,natural],[],actors(none,none),drift(stable,unknown,stable),zone(negligible,negligible))
recognition_dependency_mechanism	six(shift(mountain,mountain,mountain,mountain),[has_theater,natural],[],actors(none,none),drift(unknown,unknown,unknown),zone(negligible,negligible))
reconstruction_skill_building	six(shift(tangled_rope,tangled_rope,tangled_rope,tangled_rope),[coordination,has_beneficiaries],[],actors(distributed,none),drift(stable,unknown,stable),zone(negligible,low))
recreational_fishing_equipment_commodification	six(shift(tangled_rope,tangled_rope,rope,tangled_rope),[asymmetric,coordination,enforcement,has_beneficiaries],[drifting_without_limit,no_exit_for_victims,unaccountable_extraction],actors(distributed,distributed),drift(rising,unknown,rising),zone(extreme,high))
redemption_ambiguity	six(shift(tangled_rope,tangled_rope,rope,tangled_rope),[asymmetric,coordination,enforcement,has_beneficiaries],[no_exit_for_victims],actors(distributed,distributed),drift(rising,unknown,rising),zone(low,high))
referential_substrate_absence	six(shift(mountain,mountain,mountain,mountain),[has_theater,natural],[],actors(none,none),drift(unknown,unknown,unknown),zone(negligible,negligible))
reflexive_awareness_paradox	six(shift(tangled_rope,tangled_rope,tangled_rope,tangled_rope),[asymmetric,coordination,enforcement,has_beneficiaries],[drifting_without_limit,no_exit_for_victims,unaccountable_extraction],actors(distributed,distributed),drift(rising,unknown,rising),zone(extreme,extreme))
reformer_king_rejection_pattern	six(shift(tangled_rope,tangled_rope,tangled_rope,tangled_rope),[asymmetric,coordination,enforcement,has_beneficiaries],[drifting_without_limit,no_exit_for_victims,unaccountable_extraction],actors(distributed,distributed),drift(rising,unknown,rising),zone(extreme,extreme))
refugee_convention_state_interpretation	six(shift(tangled_rope,tangled_rope,tangled_rope,tangled_rope),[asymmetric,coordination,enforcement,has_beneficiaries],[drifting_without_limit,no_exit_for_victims,unaccountable_extraction],actors(distributed,distributed),drift(rising,unknown,rising),zone(extreme,extreme))
regional_air_defense_procurement	six(shift(tangled_rope,tangled_rope,tangled_rope,tangled_rope),[asymmetric,coordination,enforcement,has_beneficiaries],[drifting_without_limit,no_exit_for_victims,unaccountable_extraction],actors(distributed,distributed),drift(rising,unknown,rising),zone(extreme,extreme))
regional_airline_consolidation_pressure	six(shift(tangled_rope,tangled_rope,tangled_rope,tangled_rope),[asymmetric,coordination,enforcement,has_beneficiaries],[drifting_without_limit,no_exit_for_victims,unaccountable_extraction],actors(distributed,distributed),drift(rising,unknown,rising),zone(extreme,extreme))
regional_ally_security_dependency	six(shift(tangled_rope,tangled_rope,tangled_rope,tangled_rope),[asymmetric,coordination,enforcement,has_beneficiaries],[drifting_without_limit,no_exit_for_victims,unaccountable_extraction],actors(distributed,distributed),drift(rising,unknown,rising),zone(extreme,extreme))
regional_autonomy_suspension	six(shift(tangled_rope,tangled_rope,tangled_rope,tangled_rope),[asymmetric,coordination,enforcement,has_beneficiaries],[drifting_without_limit,no_exit_for_victims,unaccountable_extraction],actors(concentrated,distributed),drift(rising,unknown,rising),zone(extreme,extreme))
regional_economic_inequality	six(shift(tangled_rope,tangled_rope,tangled_rope,tangled_rope),[asymmetric,coordination,enforcement,has_beneficiaries],[drifting_without_limit,no_exit_for_victims,unaccountable_extraction],actors(distributed,distributed),drift(rising,unknown,rising),zone(extreme,extreme))
regional_fisheries_management_organization_authority	six(shift(tangled_rope,tangled_rope,tangled_rope,tangled_rope),[asymmetric,coordination,enforcement,has_beneficiaries],[drifting_without_limit,no_exit_for_victims,unaccountable_extraction],actors(distributed,distributed),drift(rising,unknown,rising),zone(extreme,high))
regional_human_rights_courts	six(shift(tangled_rope,tangled_rope,rope,tangled_rope),[asymmetric,coordination,enforcement,has_beneficiaries],[drifting_without_limit,no_exit_for_victims,unaccountable_extraction],actors(distributed,distributed),drift(rising,unknown,rising),zone(extreme,high))
regional_military_balance_stability	six(shift(tangled_rope,tangled_rope,tangled_rope,tangled_rope),[asymmetric,coordination,enforcement,has_beneficiaries],[drifting_without_limit,no_exit_for_victims,unaccountable_extraction],actors(distributed,distributed),drift(rising,unknown,rising),zone(extreme,extreme))
regional_military_deterrence_mideast	six(shift(tangled_rope,tangled_rope,tangled_rope,tangled_rope),[asymmetric,coordination,enforcement,has_beneficiaries],[drifting_without_limit,no_exit_for_victims,unaccountable_extraction],actors(distributed,distributed),drift(rising,unknown,rising),zone(extreme,extreme))
regional_nuclear_proliferation	six(shift(tangled_rope,snare,rope,snare),[asymmetric,coordination,enforcement,has_beneficiaries],[drifting_without_limit,no_exit_for_victims,unaccountable_extraction],actors(distributed,distributed),drift(rising,unknown,rising),zone(extreme,extreme))
regional_patron_state_competition	six(shift(tangled_rope,tangled_rope,tangled_rope,tangled_rope),[asymmetric,coordination,enforcement,has_beneficiaries],[drifting_without_limit,no_exit_for_victims,unaccountable_extraction],actors(distributed,distributed),drift(rising,unknown,rising),zone(extreme,extreme))
regret_as_backward_calculus	six(shift(tangled_rope,unknown,tangled_rope,tangled_rope),[asymmetric,enforcement,has_victims],[coercion_without_coordination,drifting_without_limit,no_exit_for_victims,unaccountable_extraction,undocumented_coordination],actors(none,distributed),drift(rising,unknown,rising),zone(extreme,extreme))
regulatory_arbitrage	six(shift(tangled_rope,tangled_rope,tangled_rope,tangled_rope),[asymmetric,coordination,enforcement,has_beneficiaries],[drifting_without_limit,no_exit_for_victims,unaccountable_extraction],actors(distributed,distributed),drift(rising,unknown,rising),zone(extreme,extreme))
regulatory_arbitrage_crypto_jurisdictions	six(shift(tangled_rope,tangled_rope,tangled_rope,tangled_rope),[asymmetric,coordination,enforcement,has_beneficiaries],[drifting_without_limit,no_exit_for_victims,unaccountable_extraction],actors(distributed,distributed),drift(rising,unknown,rising),zone(extreme,extreme))
regulatory_arbitrage_strategy	six(shift(naturalized,snare,rope,snare),[asymmetric,coordination,enforcement,has_beneficiaries],[drifting_without_limit,no_exit_for_victims,unaccountable_extraction],actors(distributed,distributed),drift(rising,unknown,rising),zone(extreme,extreme))
regulatory_arbitrage_tangled_rope	six(shift(tangled_rope,tangled_rope,tangled_rope,tangled_rope),[asymmetric,coordination,enforcement,has_beneficiaries],[drifting_without_limit,no_exit_for_victims,unaccountable_extraction],actors(distributed,distributed),drift(rising,unknown,rising),zone(extreme,extreme))
regulatory_arbitrage_tech_health	six(shift(tangled_rope,tangled_rope,naturalized,snare),[asymmetric,coordination,enforcement,has_beneficiaries],[drifting_without_limit,no_exit_for_victims,unaccountable_extraction],actors(distributed,distributed),drift(rising,unknown,rising),zone(extreme,extreme))
regulatory_arbitrary_thresholds	six(shift(tangled_rope,tangled_rope,tangled_rope,tangled_rope),[asymmetric,coordination,enforcement,has_beneficiaries],[drifting_without_limit,no_exit_for_victims,unaccountable_extraction],actors(distributed,distributed),drift(rising,unknown,rising),zone(extreme,extreme))
regulatory_capacity_asymmetry	six(shift(tangled_rope,tangled_rope,naturalized,tangled_rope),[asymmetric,coordination,enforcement,has_beneficiaries],[drifting_without_limit,no_exit_for_victims,unaccountable_extraction],actors(distributed,distributed),drift(rising,unknown,rising),zone(extreme,high))
regulatory_capital_arbitrage	six(shift(tangled_rope,tangled_rope,tangled_rope,tangled_rope),[asymmetric,coordination,enforcement,has_beneficiaries],[drifting_without_limit,no_exit_for_victims,unaccountable_extraction],actors(distributed,distributed),drift(rising,unknown,rising),zone(extreme,extreme))
regulatory_capture	six(shift(tangled_rope,tangled_rope,tangled_rope,tangled_rope),[asymmetric,coordination,enforcement,has_beneficiaries],[drifting_without_limit,no_exit_for_victims,unaccountable_extraction],actors(distributed,distributed),drift(rising,unknown,rising),zone(extreme,extreme))
regulatory_capture_asymmetry	six(shift(tangled_rope,tangled_rope,tangled_rope,tangled_rope),[asymmetric,coordination,enforcement,has_beneficiaries],[drifting_without_limit,no_exit_for_victims,unaccountable_extraction],actors(concentrated,distributed),drift(rising,unknown,rising),zone(extreme,extreme))
regulatory_capture_autonomous_vehicles	six(shift(naturalized,tangled_rope,tangled_rope,snare),[asymmetric,coordination,enforcement,has_beneficiaries],[drifting_without_limit,no_exit_for_victims,unaccountable_extraction],actors(distributed,distributed),drift(rising,unknown,rising),zone(extreme,extreme))
regulatory_capture_compliance_standards	six(shift(naturalized,tangled_rope,tangled_rope,snare),[asymmetric,coordination,enforcement,has_beneficiaries],[drifting_without_limit,no_exit_for_victims,unaccountable_extraction],actors(concentrated,distributed),drift(rising,unknown,rising),zone(extreme,extreme))
regulatory_capture_cycles	six(shift(tangled_rope,tangled_rope,tangled_rope,tangled_rope),[asymmetric,coordination,enforcement,has_beneficiaries],[drifting_without_limit,no_exit_for_victims,unaccountable_extraction],actors(concentrated,distributed),drift(rising,unknown,rising),zone(extreme,extreme))
regulatory_capture_dynamic	six(shift(naturalized,tangled_rope,naturalized,snare),[asymmetric,coordination,enforcement,has_beneficiaries],[drifting_without_limit,no_exit_for_victims,unaccountable_extraction],actors(concentrated,distributed),drift(rising,unknown,rising),zone(extreme,extreme))
regulatory_capture_feedback_loop	six(shift(naturalized,tangled_rope,tangled_rope,snare),[asymmetric,coordination,enforcement,has_beneficiaries],[drifting_without_limit,no_exit_for_victims,unaccountable_extraction],actors(concentrated,distributed),drift(rising,unknown,rising),zone(extreme,extreme))
regulatory_capture_finance	six(shift(tangled_rope,tangled_rope,tangled_rope,tangled_rope),[asymmetric,coordination,enforcement,has_beneficiaries],[drifting_without_limit,no_exit_for_victims,unaccountable_extraction],actors(distributed,distributed),drift(rising,unknown,rising),zone(extreme,extreme))
regulatory_capture_food_industry	six(shift(naturalized,tangled_rope,tangled_rope,snare),[asymmetric,coordination,enforcement,has_beneficiaries],[drifting_without_limit,no_exit_for_victims,unaccountable_extraction],actors(distributed,distributed),drift(rising,unknown,rising),zone(extreme,extreme))
regulatory_capture_fossil_fuels	six(shift(tangled_rope,tangled_rope,tangled_rope,tangled_rope),[asymmetric,coordination,enforcement,has_beneficiaries],[drifting_without_limit,no_exit_for_victims,unaccountable_extraction],actors(distributed,distributed),drift(rising,unknown,rising),zone(extreme,extreme))
regulatory_capture_in_aviation	six(shift(naturalized,tangled_rope,naturalized,snare),[asymmetric,coordination,enforcement,has_beneficiaries],[drifting_without_limit,no_exit_for_victims,unaccountable_extraction],actors(distributed,distributed),drift(rising,unknown,rising),zone(extreme,extreme))
regulatory_capture_in_finance	six(shift(tangled_rope,snare,naturalized,snare),[asymmetric,coordination,enforcement,has_beneficiaries],[drifting_without_limit,no_exit_for_victims,unaccountable_extraction],actors(distributed,distributed),drift(rising,unknown,rising),zone(extreme,extreme))
regulatory_capture_logistics_sector	six(shift(tangled_rope,tangled_rope,tangled_rope,tangled_rope),[asymmetric,coordination,enforcement,has_beneficiaries],[drifting_without_limit,no_exit_for_victims,unaccountable_extraction],actors(distributed,distributed),drift(rising,unknown,rising),zone(extreme,extreme))
regulatory_capture_mechanisms	six(shift(tangled_rope,tangled_rope,tangled_rope,tangled_rope),[asymmetric,coordination,enforcement,has_beneficiaries],[drifting_without_limit,no_exit_for_victims,unaccountable_extraction],actors(distributed,distributed),drift(rising,unknown,rising),zone(extreme,extreme))
regulatory_capture_nhtsa	six(shift(tangled_rope,tangled_rope,tangled_rope,tangled_rope),[asymmetric,coordination,enforcement,has_beneficiaries],[drifting_without_limit,no_exit_for_victims,unaccountable_extraction],actors(concentrated,distributed),drift(rising,unknown,rising),zone(extreme,extreme))
regulatory_capture_tech_platforms	six(shift(tangled_rope,tangled_rope,tangled_rope,tangled_rope),[asymmetric,coordination,enforcement,has_beneficiaries],[drifting_without_limit,no_exit_for_victims,unaccountable_extraction],actors(concentrated,distributed),drift(rising,unknown,rising),zone(extreme,extreme))
regulatory_capture_via_balance	six(shift(naturalized,tangled_rope,naturalized,snare),[asymmetric,coordination,enforcement,has_beneficiaries],[drifting_without_limit,no_exit_for_victims,unaccountable_extraction],actors(distributed,distributed),drift(rising,unknown,rising),zone(extreme,extreme))
regulatory_capture_via_narrative_speed	six(shift(tangled_rope,tangled_rope,tangled_rope,tangled_rope),[asymmetric,coordination,enforcement,has_beneficiaries],[drifting_without_limit,no_exit_for_victims,unaccountable_extraction],actors(concentrated,distributed),drift(rising,unknown,rising),zone(extreme,extreme))
regulatory_compliance_drift	six(shift(tangled_rope,tangled_rope,naturalized,tangled_rope),[asymmetric,coordination,enforcement,has_beneficiaries],[drifting_without_limit,no_exit_for_victims,unaccountable_extraction],actors(distributed,distributed),drift(rising,unknown,rising),zone(extreme,high))
regulatory_exemption_arbitrage	six(shift(naturalized,tangled_rope,naturalized,tangled_rope),[asymmetric,coordination,enforcement,has_beneficiaries],[drifting_without_limit,no_exit_for_victims,unaccountable_extraction],actors(distributed,distributed),drift(rising,unknown,rising),zone(extreme,extreme))
regulatory_pathway_psychedelic_therapy	six(shift(tangled_rope,tangled_rope,tangled_rope,tangled_rope),[asymmetric,coordination,enforcement,has_beneficiaries],[drifting_without_limit,no_exit_for_victims,unaccountable_extraction],actors(distributed,distributed),drift(rising,unknown,rising),zone(extreme,extreme))
regulatory_standardization_mandate	six(shift(tangled_rope,tangled_rope,tangled_rope,tangled_rope),[asymmetric,coordination,enforcement,has_beneficiaries],[drifting_without_limit,no_exit_for_victims,unaccountable_extraction],actors(distributed,distributed),drift(rising,unknown,rising),zone(extreme,high))
regulatory_uncertainty_extraction	six(shift(tangled_rope,tangled_rope,tangled_rope,tangled_rope),[asymmetric,coordination,enforcement,has_beneficiaries],[drifting_without_limit,no_exit_for_victims,unaccountable_extraction],actors(distributed,distributed),drift(rising,unknown,rising),zone(extreme,extreme))
rehearsal_identity_merger	six(shift(tangled_rope,tangled_rope,tangled_rope,tangled_rope),[asymmetric,coordination,enforcement,has_beneficiaries],[drifting_without_limit,no_exit_for_victims,unaccountable_extraction],actors(distributed,distributed),drift(rising,unknown,rising),zone(extreme,extreme))
relational_accountability_deficit	six(shift(tangled_rope,tangled_rope,tangled_rope,tangled_rope),[asymmetric,coordination,enforcement,has_beneficiaries],[drifting_without_limit,no_exit_for_victims,unaccountable_extraction],actors(distributed,distributed),drift(rising,unknown,rising),zone(extreme,extreme))
relationship_pathologization_discourse	six(shift(tangled_rope,tangled_rope,tangled_rope,tangled_rope),[asymmetric,coordination,enforcement,has_beneficiaries],[drifting_without_limit,no_exit_for_victims,unaccountable_extraction],actors(distributed,distributed),drift(rising,unknown,rising),zone(extreme,extreme))
relativity_of_simultaneity	six(shift(mountain,mountain,mountain,mountain),[has_temporal_data,natural],[],actors(none,none),drift(stable,unknown,stable),zone(negligible,negligible))
relativity_physical_invariance	six(shift(mountain,mountain,mountain,mountain),[has_temporal_data,natural],[],actors(none,none),drift(stable,unknown,stable),zone(negligible,negligible))
religious_minority_status_iran	six(shift(tangled_rope,snare,rope,snare),[asymmetric,coordination,enforcement,has_beneficiaries],[drifting_without_limit,no_exit_for_victims,unaccountable_extraction],actors(distributed,distributed),drift(rising,unknown,rising),zone(extreme,extreme))
religious_organizational_capture	six(shift(tangled_rope,tangled_rope,tangled_rope,tangled_rope),[asymmetric,coordination,enforcement,has_beneficiaries],[drifting_without_limit,no_exit_for_victims,unaccountable_extraction],actors(distributed,distributed),drift(rising,unknown,rising),zone(extreme,extreme))
remittance_taxation_regime	six(shift(tangled_rope,tangled_rope,tangled_rope,tangled_rope),[asymmetric,coordination,enforcement,has_beneficiaries],[drifting_without_limit,no_exit_for_victims,unaccountable_extraction],actors(distributed,distributed),drift(rising,unknown,stable),zone(extreme,extreme))
remote_closing_friction	six(shift(tangled_rope,tangled_rope,naturalized,tangled_rope),[asymmetric,coordination,enforcement,has_beneficiaries],[drifting_without_limit,no_exit_for_victims,unaccountable_extraction],actors(distributed,distributed),drift(rising,unknown,rising),zone(extreme,high))
renaissance_marriage_market	six(shift(tangled_rope,tangled_rope,tangled_rope,tangled_rope),[asymmetric,coordination,enforcement,has_beneficiaries],[drifting_without_limit,no_exit_for_victims,unaccountable_extraction],actors(distributed,distributed),drift(rising,unknown,rising),zone(extreme,extreme))
renewable_cost_parity	six(shift(tangled_rope,tangled_rope,tangled_rope,tangled_rope),[asymmetric,coordination,enforcement,has_beneficiaries],[no_exit_for_victims],actors(distributed,distributed),drift(rising,unknown,rising),zone(low,high))
renewable_energy_infrastructure_overcapitalization	six(shift(tangled_rope,tangled_rope,naturalized,tangled_rope),[asymmetric,coordination,enforcement,has_beneficiaries],[drifting_without_limit,no_exit_for_victims,unaccountable_extraction],actors(distributed,distributed),drift(rising,unknown,rising),zone(extreme,high))
renewable_energy_integration	six(shift(tangled_rope,tangled_rope,naturalized,tangled_rope),[asymmetric,coordination,enforcement,has_beneficiaries],[drifting_without_limit,no_exit_for_victims,unaccountable_extraction],actors(distributed,distributed),drift(rising,unknown,rising),zone(extreme,high))
renewable_energy_supply_chain_extraction	six(shift(naturalized,tangled_rope,naturalized,snare),[asymmetric,coordination,enforcement,has_beneficiaries],[drifting_without_limit,no_exit_for_victims,unaccountable_extraction],actors(distributed,distributed),drift(rising,unknown,rising),zone(extreme,extreme))
renewable_grid_integration_timing	six(shift(tangled_rope,tangled_rope,naturalized,tangled_rope),[asymmetric,coordination,enforcement,has_beneficiaries],[drifting_without_limit,no_exit_for_victims,unaccountable_extraction],actors(distributed,distributed),drift(rising,unknown,rising),zone(extreme,high))
renewable_grid_intermittency	six(shift(tangled_rope,tangled_rope,tangled_rope,tangled_rope),[asymmetric,coordination,enforcement,has_beneficiaries],[drifting_without_limit,no_exit_for_victims,unaccountable_extraction],actors(distributed,distributed),drift(rising,unknown,stable),zone(extreme,high))
rent_seeking_equilibrium	six(shift(tangled_rope,tangled_rope,naturalized,snare),[asymmetric,coordination,enforcement,has_beneficiaries],[drifting_without_limit,no_exit_for_victims,unaccountable_extraction],actors(distributed,distributed),drift(rising,unknown,rising),zone(extreme,extreme))
repeat_player_structural_advantage	six(shift(mountain,mountain,mountain,mountain),[has_theater,natural],[],actors(none,none),drift(unknown,unknown,unknown),zone(negligible,negligible))
replication_crisis_biomedicine	six(shift(tangled_rope,tangled_rope,tangled_rope,tangled_rope),[asymmetric,coordination,enforcement,has_beneficiaries],[drifting_without_limit,no_exit_for_victims,unaccountable_extraction],actors(distributed,distributed),drift(rising,unknown,rising),zone(extreme,extreme))
representable_functors	six(shift(mountain,mountain,mountain,mountain),[has_temporal_data,natural],[],actors(none,none),drift(stable,unknown,stable),zone(negligible,negligible))
representativeness_bias	six(shift(tangled_rope,tangled_rope,tangled_rope,tangled_rope),[asymmetric,coordination,enforcement,has_beneficiaries],[drifting_without_limit,no_exit_for_victims,unaccountable_extraction],actors(distributed,distributed),drift(rising,unknown,rising),zone(extreme,extreme))
reprieve_as_temporary_extraction	six(shift(tangled_rope,tangled_rope,tangled_rope,tangled_rope),[asymmetric,coordination,enforcement,has_beneficiaries],[drifting_without_limit,no_exit_for_victims,unaccountable_extraction],actors(distributed,distributed),drift(rising,unknown,rising),zone(extreme,extreme))
reproductive_coercion_systems	six(shift(tangled_rope,tangled_rope,tangled_rope,tangled_rope),[asymmetric,enforcement,has_victims],[coercion_without_coordination,drifting_without_limit,no_exit_for_victims,unaccountable_extraction,undocumented_coordination],actors(none,concentrated),drift(rising,unknown,rising),zone(extreme,extreme))
reproductive_ecology	six(shift(mountain,mountain,mountain,mountain),[has_temporal_data,natural],[],actors(none,none),drift(stable,unknown,stable),zone(negligible,negligible))
reproductive_medicine_gatekeeping	six(shift(naturalized,tangled_rope,naturalized,snare),[asymmetric,coordination,enforcement,has_beneficiaries],[drifting_without_limit,no_exit_for_victims,unaccountable_extraction],actors(distributed,distributed),drift(rising,unknown,rising),zone(extreme,extreme))
reputation_as_distributed_enforcement	six(shift(naturalized,tangled_rope,rope,snare),[asymmetric,coordination,enforcement,has_beneficiaries],[drifting_without_limit,no_exit_for_victims,unaccountable_extraction],actors(distributed,distributed),drift(rising,unknown,rising),zone(extreme,extreme))
reputational_cascade_failure	six(shift(tangled_rope,tangled_rope,tangled_rope,tangled_rope),[asymmetric,coordination,enforcement,has_beneficiaries],[drifting_without_limit,no_exit_for_victims,unaccountable_extraction],actors(distributed,distributed),drift(rising,unknown,rising),zone(extreme,extreme))
research_and_development_short_termism	six(shift(tangled_rope,tangled_rope,tangled_rope,tangled_rope),[asymmetric,coordination,enforcement,has_beneficiaries],[drifting_without_limit,no_exit_for_victims,unaccountable_extraction],actors(distributed,distributed),drift(rising,unknown,rising),zone(extreme,extreme))
research_publication_bias	six(shift(tangled_rope,tangled_rope,tangled_rope,tangled_rope),[asymmetric,coordination,enforcement,has_beneficiaries],[drifting_without_limit,no_exit_for_victims,unaccountable_extraction],actors(distributed,distributed),drift(rising,unknown,rising),zone(extreme,extreme))
research_publication_speed_asymmetry	six(shift(tangled_rope,tangled_rope,naturalized,tangled_rope),[asymmetric,coordination,enforcement,has_beneficiaries],[drifting_without_limit,no_exit_for_victims,unaccountable_extraction],actors(distributed,distributed),drift(rising,unknown,rising),zone(extreme,high))
researcher_credibility_signal	six(shift(tangled_rope,tangled_rope,rope,tangled_rope),[asymmetric,coordination,enforcement,has_beneficiaries],[drifting_without_limit,no_exit_for_victims,unaccountable_extraction],actors(distributed,distributed),drift(rising,unknown,rising),zone(extreme,high))
reserve_accumulation_race	six(shift(tangled_rope,tangled_rope,tangled_rope,tangled_rope),[asymmetric,coordination,enforcement,has_beneficiaries],[drifting_without_limit,no_exit_for_victims,unaccountable_extraction],actors(distributed,distributed),drift(rising,unknown,rising),zone(extreme,extreme))
residential_real_estate_securitization	six(shift(tangled_rope,tangled_rope,tangled_rope,tangled_rope),[asymmetric,coordination,enforcement,has_beneficiaries],[drifting_without_limit,no_exit_for_victims,unaccountable_extraction],actors(distributed,distributed),drift(rising,unknown,rising),zone(extreme,extreme))
resource_curse_narrative	six(shift(tangled_rope,tangled_rope,tangled_rope,tangled_rope),[asymmetric,coordination,enforcement,has_beneficiaries],[drifting_without_limit,no_exit_for_victims,unaccountable_extraction],actors(distributed,distributed),drift(rising,unknown,rising),zone(extreme,extreme))
resource_depletion_acceleration	six(shift(naturalized,tangled_rope,naturalized,snare),[asymmetric,coordination,enforcement,has_beneficiaries],[drifting_without_limit,no_exit_for_victims,unaccountable_extraction],actors(distributed,distributed),drift(rising,unknown,rising),zone(extreme,extreme))
resource_monopoly_pricing	six(shift(naturalized,tangled_rope,rope,snare),[asymmetric,coordination,enforcement,has_beneficiaries],[drifting_without_limit,no_exit_for_victims,unaccountable_extraction],actors(concentrated,distributed),drift(rising,unknown,rising),zone(extreme,extreme))
responsibility_dilution	six(shift(tangled_rope,tangled_rope,tangled_rope,tangled_rope),[asymmetric,coordination,enforcement,has_beneficiaries],[drifting_without_limit,no_exit_for_victims,unaccountable_extraction],actors(distributed,distributed),drift(rising,unknown,rising),zone(extreme,extreme))
responsibility_without_power	six(shift(tangled_rope,tangled_rope,tangled_rope,tangled_rope),[asymmetric,coordination,enforcement,has_beneficiaries],[drifting_without_limit,no_exit_for_victims,unaccountable_extraction],actors(distributed,distributed),drift(rising,unknown,rising),zone(extreme,extreme))
resume_signaling_arms_race	six(shift(tangled_rope,tangled_rope,rope,snare),[asymmetric,coordination,enforcement,has_beneficiaries],[drifting_without_limit,no_exit_for_victims,unaccountable_extraction],actors(distributed,distributed),drift(rising,unknown,rising),zone(extreme,extreme))
retail_investor_information_asymmetry	six(shift(tangled_rope,tangled_rope,rope,snare),[asymmetric,coordination,enforcement,has_beneficiaries],[drifting_without_limit,no_exit_for_victims,unaccountable_extraction],actors(distributed,distributed),drift(rising,unknown,rising),zone(extreme,extreme))
retirement_savings_adequacy	six(shift(tangled_rope,tangled_rope,tangled_rope,tangled_rope),[asymmetric,coordination,enforcement,has_beneficiaries],[drifting_without_limit,no_exit_for_victims,unaccountable_extraction],actors(distributed,distributed),drift(rising,unknown,rising),zone(extreme,extreme))
retroactive_criminalization_of_coerced_acts	six(shift(tangled_rope,snare,rope,snare),[asymmetric,coordination,enforcement,has_beneficiaries],[drifting_without_limit,no_exit_for_victims,unaccountable_extraction],actors(distributed,distributed),drift(rising,unknown,rising),zone(extreme,extreme))
reversible_computing_limits	six(shift(mountain,mountain,mountain,mountain),[has_temporal_data,natural],[],actors(none,none),drift(stable,unknown,stable),zone(negligible,negligible))
revision_rationalization_boundary	six(shift(tangled_rope,tangled_rope,tangled_rope,tangled_rope),[asymmetric,coordination,enforcement,has_beneficiaries],[drifting_without_limit,no_exit_for_victims,unaccountable_extraction],actors(distributed,distributed),drift(rising,unknown,rising),zone(extreme,extreme))
reward_hacking	six(shift(naturalized,tangled_rope,rope,snare),[asymmetric,coordination,enforcement,has_beneficiaries],[drifting_without_limit,no_exit_for_victims,unaccountable_extraction],actors(distributed,distributed),drift(rising,unknown,rising),zone(extreme,extreme))
reward_model_misalignment	six(shift(naturalized,tangled_rope,rope,snare),[asymmetric,coordination,enforcement,has_beneficiaries],[drifting_without_limit,no_exit_for_victims,unaccountable_extraction],actors(distributed,distributed),drift(rising,unknown,rising),zone(extreme,extreme))
rfc9293_state_machine	six(shift(mountain,mountain,mountain,mountain),[has_temporal_data,natural],[],actors(none,none),drift(stable,unknown,stable),zone(negligible,negligible))
ricci_flow_convergence	six(shift(mountain,mountain,mountain,mountain),[has_temporal_data,natural],[],actors(none,none),drift(stable,unknown,stable),zone(negligible,negligible))
rice_theorem_undecidability	six(shift(mountain,mountain,mountain,mountain),[has_temporal_data,natural],[],actors(none,none),drift(stable,unknown,stable),zone(negligible,negligible))
rices_theorem_undecidability	six(shift(mountain,mountain,mountain,mountain),[has_temporal_data,natural],[],actors(none,none),drift(stable,unknown,stable),zone(negligible,negligible))
riemann_hypothesis	six(shift(mountain,mountain,mountain,mountain),[has_temporal_data,natural],[],actors(none,none),drift(stable,unknown,rising),zone(negligible,negligible))
riemann_mapping_theorem	six(shift(mountain,mountain,mountain,mountain),[has_temporal_data,natural],[],actors(none,none),drift(stable,unknown,stable),zone(negligible,negligible))
riemann_zeta_function_values	six(shift(mountain,mountain,mountain,mountain),[has_temporal_data,natural],[],actors(none,none),drift(stable,unknown,stable),zone(negligible,negligible))
riemannian_metric_curvature	six(shift(mountain,mountain,mountain,mountain),[has_temporal_data,natural],[],actors(none,none),drift(stable,unknown,stable),zone(negligible,negligible))
right_angle_construction_constraint	six(shift(mountain,mountain,mountain,mountain),[has_temporal_data,natural],[],actors(none,none),drift(stable,unknown,stable),zone(negligible,negligible))
right_to_work_state_dynamics	six(shift(tangled_rope,tangled_rope,tangled_rope,tangled_rope),[asymmetric,coordination,enforcement,has_beneficiaries],[drifting_without_limit,no_exit_for_victims,unaccountable_extraction],actors(distributed,distributed),drift(rising,unknown,rising),zone(extreme,extreme))
right_wing_populism_containment	six(shift(tangled_rope,tangled_rope,tangled_rope,tangled_rope),[asymmetric,coordination,enforcement,has_beneficiaries],[drifting_without_limit,no_exit_for_victims,unaccountable_extraction],actors(distributed,distributed),drift(rising,unknown,rising),zone(extreme,extreme))
ring_ideal_theory	six(shift(mountain,mountain,mountain,mountain),[has_temporal_data,natural],[],actors(none,none),drift(stable,unknown,stable),zone(negligible,negligible))
riot_gear_procurement_militarization	six(shift(tangled_rope,tangled_rope,tangled_rope,tangled_rope),[asymmetric,coordination,enforcement,has_beneficiaries],[drifting_without_limit,no_exit_for_victims,unaccountable_extraction],actors(distributed,distributed),drift(rising,unknown,rising),zone(extreme,extreme))
risk_socialization_threshold	six(shift(tangled_rope,tangled_rope,rope,snare),[asymmetric,coordination,enforcement,has_beneficiaries],[drifting_without_limit,no_exit_for_victims,unaccountable_extraction],actors(distributed,distributed),drift(rising,unknown,rising),zone(extreme,extreme))
ritualistic_transition_scaffold	six(shift(tangled_rope,tangled_rope,tangled_rope,tangled_rope),[coordination,enforcement,has_beneficiaries,sunset],[],actors(distributed,none),drift(rising,unknown,rising),zone(low,moderate))
rn_proteus_adoption	six(shift(tangled_rope,tangled_rope,tangled_rope,tangled_rope),[asymmetric,coordination,enforcement,has_beneficiaries],[no_exit_for_victims],actors(distributed,distributed),drift(rising,unknown,rising),zone(low,high))
road_pavement_lifecycle_standards	six(shift(tangled_rope,tangled_rope,tangled_rope,tangled_rope),[asymmetric,coordination,enforcement,has_beneficiaries],[drifting_without_limit,no_exit_for_victims,unaccountable_extraction],actors(distributed,distributed),drift(rising,unknown,rising),zone(extreme,high))
robustness_vs_efficiency_tradeoff	six(shift(tangled_rope,tangled_rope,tangled_rope,tangled_rope),[asymmetric,coordination,enforcement,has_beneficiaries],[drifting_without_limit,no_exit_for_victims,unaccountable_extraction],actors(distributed,distributed),drift(rising,unknown,rising),zone(extreme,extreme))
roc_african_exarchate	six(shift(tangled_rope,tangled_rope,tangled_rope,tangled_rope),[asymmetric,coordination,enforcement,has_beneficiaries],[drifting_without_limit,no_exit_for_victims,unaccountable_extraction],actors(distributed,distributed),drift(rising,unknown,rising),zone(extreme,extreme))
rogers_commission_institutional_analysis	six(shift(naturalized,snare,rope,snare),[asymmetric,coordination,enforcement,has_beneficiaries],[drifting_without_limit,no_exit_for_victims,unaccountable_extraction],actors(distributed,distributed),drift(rising,unknown,rising),zone(extreme,extreme))
role_capture_through_cost_asymmetry	six(shift(naturalized,tangled_rope,rope,tangled_rope),[asymmetric,coordination,enforcement,has_beneficiaries],[drifting_without_limit,no_exit_for_victims,unaccountable_extraction],actors(distributed,distributed),drift(rising,unknown,rising),zone(extreme,extreme))
rolle_theorem_equivalence	six(shift(mountain,mountain,mountain,mountain),[has_temporal_data,natural],[],actors(none,none),drift(stable,unknown,stable),zone(negligible,negligible))
roman_aqueduct_infrastructure	six(shift(tangled_rope,tangled_rope,tangled_rope,tangled_rope),[asymmetric,coordination,enforcement,has_beneficiaries],[no_exit_for_victims],actors(distributed,distributed),drift(rising,unknown,rising),zone(low,high))
roman_bath_system	six(shift(unknown,unknown,tangled_rope,unknown),[asymmetric,coordination,enforcement,has_beneficiaries],[no_exit_for_victims],actors(distributed,distributed),drift(rising,unknown,rising),zone(low,low))
roman_colosseum_games	six(shift(tangled_rope,tangled_rope,tangled_rope,tangled_rope),[asymmetric,coordination,enforcement,has_beneficiaries],[drifting_without_limit,no_exit_for_victims,unaccountable_extraction],actors(distributed,distributed),drift(rising,unknown,rising),zone(extreme,extreme))
roman_debt_bondage	six(shift(snare,snare,rope,snare),[asymmetric,coordination,enforcement,has_beneficiaries],[drifting_without_limit,no_exit_for_victims,unaccountable_extraction],actors(distributed,distributed),drift(falling,unknown,rising),zone(extreme,extreme))
roman_frontier_limes_system	six(shift(tangled_rope,tangled_rope,tangled_rope,tangled_rope),[asymmetric,coordination,enforcement,has_beneficiaries],[drifting_without_limit,no_exit_for_victims,unaccountable_extraction],actors(distributed,distributed),drift(rising,unknown,rising),zone(extreme,extreme))
roman_imperial_succession_instability	six(shift(unknown,tangled_rope,tangled_rope,tangled_rope),[asymmetric,enforcement,has_victims],[coercion_without_coordination,drifting_without_limit,no_exit_for_victims,unaccountable_extraction,undocumented_coordination],actors(none,distributed),drift(rising,unknown,rising),zone(extreme,extreme))
roman_monumental_construction	six(shift(tangled_rope,tangled_rope,tangled_rope,tangled_rope),[asymmetric,coordination,enforcement,has_beneficiaries],[drifting_without_limit,no_exit_for_victims,unaccountable_extraction],actors(distributed,distributed),drift(rising,unknown,rising),zone(extreme,extreme))
roman_road_network	six(shift(tangled_rope,tangled_rope,tangled_rope,tangled_rope),[asymmetric,coordination,enforcement,has_beneficiaries],[drifting_without_limit,no_exit_for_victims,unaccountable_extraction],actors(distributed,distributed),drift(rising,unknown,rising),zone(extreme,extreme))
roman_slave_economy_extraction	six(shift(tangled_rope,tangled_rope,tangled_rope,tangled_rope),[asymmetric,coordination,enforcement,has_beneficiaries],[drifting_without_limit,no_exit_for_victims,unaccountable_extraction],actors(distributed,distributed),drift(rising,unknown,rising),zone(extreme,extreme))
roman_tax_collection_system	six(shift(tangled_rope,tangled_rope,tangled_rope,tangled_rope),[asymmetric,coordination,enforcement,has_beneficiaries],[drifting_without_limit,no_exit_for_victims,unaccountable_extraction],actors(distributed,distributed),drift(rising,unknown,rising),zone(extreme,extreme))
romantic_narrative_entrenchment	six(shift(tangled_rope,tangled_rope,tangled_rope,tangled_rope),[asymmetric,coordination,enforcement,has_beneficiaries],[drifting_without_limit,no_exit_for_victims,unaccountable_extraction],actors(concentrated,distributed),drift(rising,unknown,rising),zone(extreme,extreme))
romantic_partnership_exit_frictions	six(shift(tangled_rope,tangled_rope,tangled_rope,tangled_rope),[asymmetric,coordination,enforcement,has_beneficiaries],[drifting_without_limit,no_exit_for_victims,unaccountable_extraction],actors(distributed,distributed),drift(rising,unknown,rising),zone(extreme,extreme))
rotation_seven_black_soil	six(shift(tangled_rope,tangled_rope,tangled_rope,tangled_rope),[asymmetric,coordination,enforcement,has_beneficiaries],[drifting_without_limit,no_exit_for_victims,unaccountable_extraction],actors(concentrated,distributed),drift(rising,unknown,rising),zone(extreme,extreme))
rotation_seven_isolation	six(shift(tangled_rope,tangled_rope,tangled_rope,tangled_rope),[asymmetric,coordination,enforcement,has_beneficiaries],[drifting_without_limit,no_exit_for_victims,unaccountable_extraction],actors(distributed,distributed),drift(rising,unknown,rising),zone(extreme,extreme))
rotation_seven_kubo_ranking	six(shift(tangled_rope,snare,rope,snare),[asymmetric,coordination,enforcement,has_beneficiaries],[drifting_without_limit,no_exit_for_victims,unaccountable_extraction],actors(distributed,distributed),drift(rising,unknown,rising),zone(extreme,extreme))
rotmigration_decision_threshold	six(shift(tangled_rope,tangled_rope,tangled_rope,tangled_rope),[asymmetric,coordination,enforcement,has_beneficiaries],[drifting_without_limit,no_exit_for_victims,unaccountable_extraction],actors(distributed,distributed),drift(rising,unknown,rising),zone(extreme,extreme))
route_to_chaos_via_period_doubling	six(shift(mountain,mountain,mountain,mountain),[has_temporal_data,natural],[],actors(none,none),drift(stable,unknown,stable),zone(negligible,negligible))
routine_as_substitute_master	six(shift(tangled_rope,tangled_rope,tangled_rope,tangled_rope),[asymmetric,coordination,enforcement,has_beneficiaries],[drifting_without_limit,no_exit_for_victims,unaccountable_extraction],actors(distributed,distributed),drift(rising,unknown,rising),zone(extreme,extreme))
routing_protocol_gatekeeping	six(shift(tangled_rope,tangled_rope,tangled_rope,tangled_rope),[asymmetric,coordination,enforcement,has_beneficiaries],[drifting_without_limit,no_exit_for_victims,unaccountable_extraction],actors(distributed,distributed),drift(rising,unknown,rising),zone(extreme,extreme))
rover_onboard_autonomy_complexity	six(shift(tangled_rope,tangled_rope,tangled_rope,tangled_rope),[asymmetric,coordination,enforcement,has_beneficiaries],[no_exit_for_victims],actors(distributed,distributed),drift(rising,unknown,rising),zone(low,high))
royal_navy_middle_east_withdrawal	six(shift(tangled_rope,tangled_rope,tangled_rope,tangled_rope),[asymmetric,coordination,enforcement,has_beneficiaries],[drifting_without_limit,no_exit_for_victims,unaccountable_extraction],actors(distributed,distributed),drift(rising,unknown,rising),zone(extreme,extreme))
royal_status_hierarchy	six(shift(tangled_rope,tangled_rope,tangled_rope,tangled_rope),[asymmetric,coordination,enforcement,has_beneficiaries],[drifting_without_limit,no_exit_for_victims,unaccountable_extraction],actors(distributed,distributed),drift(falling,unknown,rising),zone(extreme,extreme))
rules_based_international_order	six(shift(naturalized,tangled_rope,rope,snare),[asymmetric,coordination,enforcement,has_beneficiaries],[drifting_without_limit,no_exit_for_victims,unaccountable_extraction],actors(distributed,distributed),drift(rising,unknown,rising),zone(extreme,extreme))
rural_healthcare_autonomy	six(shift(tangled_rope,tangled_rope,tangled_rope,tangled_rope),[asymmetric,coordination,enforcement,has_beneficiaries],[drifting_without_limit,no_exit_for_victims,unaccountable_extraction],actors(distributed,distributed),drift(rising,unknown,rising),zone(extreme,extreme))
rural_informal_lending_substitution	six(shift(tangled_rope,tangled_rope,tangled_rope,tangled_rope),[asymmetric,coordination,enforcement,has_beneficiaries],[drifting_without_limit,no_exit_for_victims,unaccountable_extraction],actors(concentrated,distributed),drift(rising,unknown,rising),zone(extreme,extreme))
rural_institutional_capture	six(shift(tangled_rope,tangled_rope,tangled_rope,tangled_rope),[asymmetric,coordination,enforcement,has_beneficiaries],[drifting_without_limit,no_exit_for_victims,unaccountable_extraction],actors(distributed,distributed),drift(rising,unknown,rising),zone(extreme,extreme))
rural_land_externalities	six(shift(tangled_rope,tangled_rope,tangled_rope,tangled_rope),[asymmetric,coordination,enforcement,has_beneficiaries],[drifting_without_limit,no_exit_for_victims,unaccountable_extraction],actors(distributed,distributed),drift(rising,unknown,rising),zone(extreme,extreme))
rural_logistics_access	six(shift(tangled_rope,tangled_rope,tangled_rope,tangled_rope),[asymmetric,coordination,enforcement,has_beneficiaries],[drifting_without_limit,no_exit_for_victims,unaccountable_extraction],actors(distributed,distributed),drift(rising,unknown,rising),zone(extreme,extreme))
rural_property_speculation	six(shift(tangled_rope,tangled_rope,tangled_rope,tangled_rope),[asymmetric,coordination,enforcement,has_beneficiaries],[drifting_without_limit,no_exit_for_victims,unaccountable_extraction],actors(distributed,distributed),drift(rising,unknown,falling),zone(extreme,high))
russell_paradox	six(shift(mountain,mountain,mountain,mountain),[has_temporal_data,natural],[],actors(none,none),drift(stable,unknown,stable),zone(negligible,negligible))
russells_paradox_self_reference	six(shift(mountain,mountain,mountain,mountain),[natural],[],actors(none,none),drift(unknown,unknown,unknown),zone(negligible,negligible))
russia_belarus_integration	six(shift(tangled_rope,tangled_rope,tangled_rope,tangled_rope),[asymmetric,coordination,enforcement,has_beneficiaries],[drifting_without_limit,no_exit_for_victims,unaccountable_extraction],actors(distributed,distributed),drift(rising,unknown,rising),zone(extreme,extreme))
russian_asset_freezing	six(shift(tangled_rope,tangled_rope,tangled_rope,tangled_rope),[asymmetric,coordination,enforcement,has_beneficiaries],[drifting_without_limit,no_exit_for_victims,unaccountable_extraction],actors(distributed,distributed),drift(rising,unknown,rising),zone(extreme,extreme))
russian_economic_war_footing	six(shift(tangled_rope,snare,rope,snare),[asymmetric,coordination,enforcement,has_beneficiaries],[drifting_without_limit,no_exit_for_victims,unaccountable_extraction],actors(distributed,distributed),drift(rising,unknown,rising),zone(extreme,extreme))
russian_gas_leverage_over_ukraine	six(shift(naturalized,snare,rope,snare),[asymmetric,coordination,enforcement,has_beneficiaries],[drifting_without_limit,no_exit_for_victims,unaccountable_extraction],actors(distributed,distributed),drift(rising,unknown,falling),zone(extreme,extreme))
russian_geopolitical_assertiveness	six(shift(tangled_rope,tangled_rope,tangled_rope,tangled_rope),[asymmetric,coordination,enforcement,has_beneficiaries],[drifting_without_limit,no_exit_for_victims,unaccountable_extraction],actors(distributed,distributed),drift(rising,unknown,rising),zone(extreme,extreme))
russian_soft_power_in_africa	six(shift(tangled_rope,tangled_rope,tangled_rope,tangled_rope),[asymmetric,coordination,enforcement,has_beneficiaries],[drifting_without_limit,no_exit_for_victims,unaccountable_extraction],actors(distributed,distributed),drift(rising,unknown,rising),zone(extreme,extreme))
s1_visa	six(shift(tangled_rope,tangled_rope,tangled_rope,tangled_rope),[asymmetric,coordination,enforcement,has_beneficiaries],[no_exit_for_victims],actors(distributed,distributed),drift(rising,unknown,rising),zone(low,high))
s1_visa_judgment_sharing_agreement	six(shift(naturalized,tangled_rope,naturalized,snare),[asymmetric,coordination,enforcement,has_beneficiaries],[drifting_without_limit,no_exit_for_victims,unaccountable_extraction],actors(distributed,distributed),drift(falling,unknown,rising),zone(extreme,extreme))
sa_renewable_price_differential	six(shift(tangled_rope,tangled_rope,tangled_rope,tangled_rope),[asymmetric,coordination,enforcement,has_beneficiaries],[drifting_without_limit,no_exit_for_victims,unaccountable_extraction],actors(distributed,distributed),drift(rising,unknown,rising),zone(extreme,high))
sadhu_integrity_protocol	six(shift(tangled_rope,tangled_rope,tangled_rope,tangled_rope),[asymmetric,coordination,enforcement,has_beneficiaries],[drifting_without_limit,no_exit_for_victims,unaccountable_extraction],actors(concentrated,distributed),drift(rising,unknown,rising),zone(extreme,extreme))
safe_water_access	six(shift(tangled_rope,tangled_rope,tangled_rope,tangled_rope),[asymmetric,coordination,enforcement,has_beneficiaries],[drifting_without_limit,no_exit_for_victims,unaccountable_extraction],actors(distributed,distributed),drift(rising,unknown,rising),zone(extreme,extreme))
salic_law_succession_kernel	six(shift(tangled_rope,tangled_rope,tangled_rope,tangled_rope),[asymmetric,coordination,enforcement,has_beneficiaries],[drifting_without_limit,no_exit_for_victims,unaccountable_extraction],actors(distributed,distributed),drift(rising,unknown,rising),zone(extreme,extreme))
sanctioned_protocol_compliance	six(shift(tangled_rope,tangled_rope,tangled_rope,tangled_rope),[asymmetric,coordination,enforcement,has_beneficiaries],[drifting_without_limit,no_exit_for_victims,unaccountable_extraction],actors(distributed,distributed),drift(rising,unknown,rising),zone(extreme,extreme))
sanctions_regime_economic_extraction	six(shift(tangled_rope,tangled_rope,tangled_rope,tangled_rope),[asymmetric,coordination,enforcement,has_beneficiaries],[drifting_without_limit,no_exit_for_victims,unaccountable_extraction],actors(distributed,distributed),drift(rising,unknown,rising),zone(extreme,extreme))
sanctions_regime_effectiveness	six(shift(tangled_rope,tangled_rope,tangled_rope,tangled_rope),[asymmetric,coordination,enforcement,has_beneficiaries],[drifting_without_limit,no_exit_for_victims,unaccountable_extraction],actors(distributed,distributed),drift(rising,unknown,rising),zone(extreme,extreme))
sanskritization_absorption_mechanism	six(shift(tangled_rope,tangled_rope,rope,tangled_rope),[asymmetric,coordination,enforcement,has_beneficiaries],[drifting_without_limit,no_exit_for_victims,unaccountable_extraction],actors(distributed,distributed),drift(rising,unknown,rising),zone(extreme,high))
sapir_whorf_hypothesis	six(shift(tangled_rope,tangled_rope,tangled_rope,tangled_rope),[asymmetric,coordination,enforcement,has_beneficiaries],[drifting_without_limit,no_exit_for_victims,unaccountable_extraction],actors(distributed,distributed),drift(falling,unknown,rising),zone(extreme,high))
satellite_d2m_standard	six(shift(tangled_rope,tangled_rope,tangled_rope,tangled_rope),[asymmetric,coordination,enforcement,has_beneficiaries],[no_exit_for_victims],actors(distributed,distributed),drift(rising,unknown,rising),zone(low,high))
satsuma_choshu_independent_capacity	six(shift(tangled_rope,tangled_rope,tangled_rope,tangled_rope),[asymmetric,coordination,enforcement,has_beneficiaries],[drifting_without_limit,no_exit_for_victims,unaccountable_extraction],actors(distributed,distributed),drift(rising,unknown,rising),zone(extreme,extreme))
saudi_iran_rapprochement_2023	six(shift(tangled_rope,tangled_rope,tangled_rope,tangled_rope),[asymmetric,coordination,enforcement,has_beneficiaries],[drifting_without_limit,no_exit_for_victims,unaccountable_extraction],actors(distributed,distributed),drift(rising,unknown,rising),zone(extreme,extreme))
scalable_oversight	six(shift(tangled_rope,tangled_rope,tangled_rope,tangled_rope),[asymmetric,coordination,enforcement,has_beneficiaries],[drifting_without_limit,no_exit_for_victims,unaccountable_extraction],actors(distributed,distributed),drift(rising,unknown,rising),zone(extreme,extreme))
scaling_feasibility	six(shift(rope,rope,rope,rope),[coordination,has_beneficiaries],[],actors(distributed,none),drift(rising,unknown,rising),zone(negligible,low))
scam_doubt_manufacturing	six(shift(tangled_rope,snare,rope,snare),[asymmetric,coordination,enforcement,has_beneficiaries],[drifting_without_limit,no_exit_for_victims,unaccountable_extraction],actors(distributed,distributed),drift(rising,unknown,rising),zone(extreme,extreme))
scenario_planning_atrophy	six(shift(tangled_rope,tangled_rope,tangled_rope,tangled_rope),[asymmetric,coordination,enforcement,has_beneficiaries],[drifting_without_limit,no_exit_for_victims,unaccountable_extraction],actors(distributed,distributed),drift(rising,unknown,rising),zone(extreme,extreme))
schedule_i_regulatory_capture	six(shift(tangled_rope,snare,tangled_rope,snare),[asymmetric,coordination,enforcement,has_beneficiaries],[drifting_without_limit,no_exit_for_victims,unaccountable_extraction],actors(distributed,distributed),drift(rising,unknown,rising),zone(extreme,extreme))
school_choice_system	six(shift(tangled_rope,tangled_rope,rope,tangled_rope),[asymmetric,coordination,enforcement,has_beneficiaries],[drifting_without_limit,no_exit_for_victims,unaccountable_extraction],actors(distributed,distributed),drift(rising,unknown,rising),zone(extreme,high))
school_safety_zone_definition	six(shift(naturalized,tangled_rope,rope,snare),[asymmetric,coordination,enforcement,has_beneficiaries],[drifting_without_limit,no_exit_for_victims,unaccountable_extraction],actors(distributed,distributed),drift(rising,unknown,rising),zone(extreme,extreme))
schwarz_christoffel_mapping	six(shift(mountain,mountain,mountain,mountain),[has_temporal_data,natural],[],actors(none,none),drift(stable,unknown,stable),zone(negligible,negligible))
scientific_method_as_error_correction	six(shift(tangled_rope,tangled_rope,tangled_rope,tangled_rope),[asymmetric,coordination,enforcement,has_beneficiaries],[no_exit_for_victims],actors(distributed,distributed),drift(rising,unknown,rising),zone(low,high))
scientific_paradigm_lifecycle	six(shift(tangled_rope,tangled_rope,tangled_rope,tangled_rope),[asymmetric,coordination,enforcement,has_beneficiaries],[drifting_without_limit,no_exit_for_victims,unaccountable_extraction],actors(distributed,distributed),drift(rising,unknown,rising),zone(extreme,extreme))
scope_three_emissions_accounting	six(shift(tangled_rope,tangled_rope,tangled_rope,tangled_rope),[asymmetric,coordination,enforcement,has_beneficiaries],[drifting_without_limit,no_exit_for_victims,unaccountable_extraction],actors(distributed,distributed),drift(rising,unknown,rising),zone(extreme,extreme))
scylla_charybdis_navigation	six(shift(tangled_rope,tangled_rope,tangled_rope,tangled_rope),[asymmetric,coordination,enforcement,has_beneficiaries],[drifting_without_limit,no_exit_for_victims,unaccountable_extraction],actors(concentrated,distributed),drift(rising,unknown,rising),zone(extreme,extreme))
search_relevance_ranking	six(shift(tangled_rope,tangled_rope,tangled_rope,tangled_rope),[asymmetric,coordination,enforcement,has_beneficiaries],[drifting_without_limit,no_exit_for_victims,unaccountable_extraction],actors(distributed,distributed),drift(rising,unknown,rising),zone(extreme,extreme))
search_result_monetization	six(shift(naturalized,tangled_rope,rope,snare),[asymmetric,coordination,enforcement,has_beneficiaries],[drifting_without_limit,no_exit_for_victims,unaccountable_extraction],actors(distributed,distributed),drift(rising,unknown,rising),zone(extreme,extreme))
search_result_ranking_opacity	six(shift(naturalized,tangled_rope,rope,snare),[asymmetric,coordination,enforcement,has_beneficiaries],[drifting_without_limit,no_exit_for_victims,unaccountable_extraction],actors(distributed,distributed),drift(rising,unknown,rising),zone(extreme,extreme))
second_order_unintended_consequences	six(shift(tangled_rope,tangled_rope,tangled_rope,tangled_rope),[asymmetric,coordination,enforcement,has_beneficiaries],[drifting_without_limit,no_exit_for_victims,unaccountable_extraction],actors(distributed,distributed),drift(rising,unknown,rising),zone(extreme,extreme))
secondary_sanctions_regime	six(shift(naturalized,tangled_rope,naturalized,snare),[asymmetric,coordination,enforcement,has_beneficiaries],[drifting_without_limit,no_exit_for_victims,unaccountable_extraction],actors(distributed,distributed),drift(rising,unknown,rising),zone(extreme,extreme))
security_theater_proliferation	six(shift(tangled_rope,tangled_rope,tangled_rope,tangled_rope),[asymmetric,coordination,enforcement,has_beneficiaries],[drifting_without_limit,no_exit_for_victims,unaccountable_extraction],actors(distributed,distributed),drift(rising,unknown,rising),zone(extreme,extreme))
sedentary_work_constraint	six(shift(tangled_rope,tangled_rope,tangled_rope,tangled_rope),[asymmetric,coordination,enforcement,has_beneficiaries],[drifting_without_limit,no_exit_for_victims,unaccountable_extraction],actors(distributed,distributed),drift(rising,unknown,rising),zone(extreme,extreme))
seedance_export_restriction	six(shift(tangled_rope,tangled_rope,tangled_rope,tangled_rope),[asymmetric,coordination,enforcement,has_beneficiaries],[drifting_without_limit,no_exit_for_victims,unaccountable_extraction],actors(distributed,distributed),drift(rising,unknown,rising),zone(extreme,extreme))
seigniorage_as_hidden_tax	six(shift(tangled_rope,tangled_rope,tangled_rope,tangled_rope),[asymmetric,coordination,enforcement,has_beneficiaries],[drifting_without_limit,no_exit_for_victims,unaccountable_extraction],actors(distributed,distributed),drift(rising,unknown,rising),zone(extreme,extreme))
selection_pressure_architecture	six(shift(mountain,mountain,mountain,mountain),[has_theater,natural],[],actors(none,none),drift(unknown,unknown,unknown),zone(negligible,negligible))
selective_attention_constraint	six(shift(mountain,mountain,mountain,mountain),[has_theater,natural],[],actors(none,none),drift(unknown,unknown,unknown),zone(negligible,negligible))
selective_retention_necessity	six(shift(naturalized,tangled_rope,rope,snare),[asymmetric,coordination,enforcement,has_beneficiaries],[drifting_without_limit,no_exit_for_victims,unaccountable_extraction],actors(distributed,distributed),drift(rising,unknown,rising),zone(extreme,extreme))
self_deception_maintenance	six(shift(naturalized,tangled_rope,rope,snare),[asymmetric,coordination,enforcement,has_beneficiaries],[drifting_without_limit,no_exit_for_victims,unaccountable_extraction],actors(distributed,distributed),drift(rising,unknown,rising),zone(extreme,extreme))
self_enforced_boundary_protocol	six(shift(unknown,tangled_rope,tangled_rope,tangled_rope),[asymmetric,coordination,enforcement,has_beneficiaries],[no_exit_for_victims],actors(distributed,distributed),drift(rising,unknown,rising),zone(low,high))
self_reference_in_type_theory	six(shift(mountain,mountain,mountain,mountain),[has_temporal_data,natural],[],actors(none,none),drift(stable,unknown,stable),zone(negligible,negligible))
self_surpassing_superman	six(shift(tangled_rope,tangled_rope,tangled_rope,tangled_rope),[asymmetric,coordination,enforcement,has_beneficiaries],[drifting_without_limit,no_exit_for_victims,unaccountable_extraction],actors(concentrated,distributed),drift(rising,unknown,rising),zone(extreme,extreme))
semantic_drift_velocity	six(shift(mountain,mountain,mountain,mountain),[has_theater,natural],[],actors(none,none),drift(unknown,unknown,unknown),zone(negligible,negligible))
semantic_overload_friction	six(shift(tangled_rope,tangled_rope,tangled_rope,tangled_rope),[asymmetric,coordination,enforcement,has_beneficiaries],[drifting_without_limit,no_exit_for_victims,unaccountable_extraction],actors(distributed,distributed),drift(rising,unknown,rising),zone(extreme,extreme))
semiconductor_export_control	six(shift(tangled_rope,tangled_rope,tangled_rope,tangled_rope),[asymmetric,coordination,enforcement,has_beneficiaries],[drifting_without_limit,no_exit_for_victims,unaccountable_extraction],actors(distributed,distributed),drift(rising,unknown,rising),zone(extreme,extreme))
semiconductor_fabrication_bottleneck	six(shift(tangled_rope,tangled_rope,tangled_rope,tangled_rope),[asymmetric,coordination,enforcement,has_beneficiaries],[drifting_without_limit,no_exit_for_victims,unaccountable_extraction],actors(distributed,distributed),drift(rising,unknown,rising),zone(extreme,extreme))
semiconductor_fabrication_chokepoint	six(shift(naturalized,tangled_rope,naturalized,snare),[asymmetric,coordination,enforcement,has_beneficiaries],[drifting_without_limit,no_exit_for_victims,unaccountable_extraction],actors(distributed,distributed),drift(rising,unknown,rising),zone(extreme,extreme))
semiconductor_manufacturing_vertical_integration	six(shift(tangled_rope,tangled_rope,rope,tangled_rope),[asymmetric,coordination,enforcement,has_beneficiaries],[drifting_without_limit,no_exit_for_victims,unaccountable_extraction],actors(distributed,distributed),drift(rising,unknown,rising),zone(extreme,high))
semiconductor_mission_2026	six(shift(tangled_rope,tangled_rope,tangled_rope,tangled_rope),[asymmetric,coordination,enforcement,has_beneficiaries],[drifting_without_limit,no_exit_for_victims,unaccountable_extraction],actors(distributed,distributed),drift(rising,unknown,rising),zone(extreme,high))
semiconductor_supply_chain_bottleneck	six(shift(tangled_rope,tangled_rope,tangled_rope,tangled_rope),[asymmetric,coordination,enforcement,has_beneficiaries],[drifting_without_limit,no_exit_for_victims,unaccountable_extraction],actors(distributed,distributed),drift(rising,unknown,rising),zone(extreme,extreme))
semiconductor_supply_chain_consolidation	six(shift(naturalized,snare,naturalized,snare),[asymmetric,coordination,enforcement,has_beneficiaries],[drifting_without_limit,no_exit_for_victims,unaccountable_extraction],actors(distributed,distributed),drift(rising,unknown,rising),zone(extreme,extreme))
semiconductor_supply_chain_decoupling	six(shift(tangled_rope,tangled_rope,tangled_rope,tangled_rope),[asymmetric,coordination,enforcement,has_beneficiaries],[drifting_without_limit,no_exit_for_victims,unaccountable_extraction],actors(distributed,distributed),drift(rising,unknown,rising),zone(extreme,extreme))
semiconductor_supply_chain_resilience	six(shift(tangled_rope,tangled_rope,tangled_rope,tangled_rope),[asymmetric,coordination,enforcement,has_beneficiaries],[drifting_without_limit,no_exit_for_victims,unaccountable_extraction],actors(distributed,distributed),drift(rising,unknown,rising),zone(extreme,extreme))
semiconductor_supply_chain_vulnerability	six(shift(tangled_rope,tangled_rope,tangled_rope,tangled_rope),[asymmetric,coordination,enforcement,has_beneficiaries],[drifting_without_limit,no_exit_for_victims,unaccountable_extraction],actors(distributed,distributed),drift(rising,unknown,rising),zone(extreme,extreme))
senate_legislative_capture	six(shift(tangled_rope,tangled_rope,tangled_rope,tangled_rope),[asymmetric,coordination,enforcement,has_beneficiaries],[drifting_without_limit,no_exit_for_victims,unaccountable_extraction],actors(distributed,distributed),drift(rising,unknown,rising),zone(extreme,extreme))
senior_tech_dependence	six(shift(tangled_rope,tangled_rope,tangled_rope,tangled_rope),[asymmetric,coordination,enforcement,has_beneficiaries],[drifting_without_limit,no_exit_for_victims,unaccountable_extraction],actors(distributed,distributed),drift(rising,unknown,rising),zone(extreme,extreme))
sensor_modality_lock_in	six(shift(naturalized,tangled_rope,rope,tangled_rope),[asymmetric,coordination,enforcement,has_beneficiaries],[drifting_without_limit,no_exit_for_victims,unaccountable_extraction],actors(distributed,distributed),drift(rising,unknown,rising),zone(extreme,extreme))
sensory_substitution_dependency	six(shift(tangled_rope,tangled_rope,tangled_rope,tangled_rope),[asymmetric,coordination,enforcement,has_beneficiaries],[drifting_without_limit,no_exit_for_victims,unaccountable_extraction],actors(distributed,distributed),drift(rising,unknown,rising),zone(extreme,extreme))
separation_of_powers	six(shift(tangled_rope,tangled_rope,tangled_rope,tangled_rope),[asymmetric,coordination,enforcement,has_beneficiaries],[no_exit_for_victims],actors(distributed,distributed),drift(rising,unknown,rising),zone(low,high))
sequential_compactness_equivalence	six(shift(mountain,mountain,mountain,mountain),[has_temporal_data,natural],[],actors(none,none),drift(stable,unknown,stable),zone(negligible,negligible))
serfdom_legal_reinforcement	six(shift(snare,snare,rope,snare),[asymmetric,coordination,enforcement,has_beneficiaries],[drifting_without_limit,no_exit_for_victims,unaccountable_extraction],actors(concentrated,concentrated),drift(falling,unknown,rising),zone(extreme,extreme))
set_theoretic_axiom_independence	six(shift(mountain,mountain,mountain,mountain),[has_temporal_data,natural],[],actors(none,none),drift(stable,unknown,stable),zone(negligible,negligible))
settlement_expansion_encroachment	six(shift(tangled_rope,tangled_rope,tangled_rope,tangled_rope),[asymmetric,coordination,enforcement,has_beneficiaries],[drifting_without_limit,no_exit_for_victims,unaccountable_extraction],actors(distributed,distributed),drift(rising,unknown,rising),zone(extreme,extreme))
sexual_health_medicalization	six(shift(tangled_rope,tangled_rope,tangled_rope,tangled_rope),[asymmetric,coordination,enforcement,has_beneficiaries],[drifting_without_limit,no_exit_for_victims,unaccountable_extraction],actors(distributed,distributed),drift(rising,unknown,rising),zone(extreme,high))
sexual_suppression_regime	six(shift(tangled_rope,snare,rope,snare),[asymmetric,coordination,enforcement,has_beneficiaries],[drifting_without_limit,no_exit_for_victims,unaccountable_extraction],actors(distributed,distributed),drift(falling,unknown,rising),zone(extreme,extreme))
shadow_banking_leverage_amplification	six(shift(tangled_rope,tangled_rope,tangled_rope,tangled_rope),[asymmetric,coordination,enforcement,has_beneficiaries],[drifting_without_limit,no_exit_for_victims,unaccountable_extraction],actors(distributed,distributed),drift(rising,unknown,rising),zone(extreme,extreme))
shadow_pricing_failure	six(shift(tangled_rope,tangled_rope,tangled_rope,tangled_rope),[asymmetric,coordination,enforcement,has_beneficiaries],[drifting_without_limit,no_exit_for_victims,unaccountable_extraction],actors(distributed,distributed),drift(rising,unknown,rising),zone(extreme,extreme))
shame_attribution_mechanism	six(shift(tangled_rope,tangled_rope,tangled_rope,tangled_rope),[asymmetric,coordination,enforcement,has_beneficiaries],[drifting_without_limit,no_exit_for_victims,unaccountable_extraction],actors(distributed,distributed),drift(rising,unknown,rising),zone(extreme,extreme))
shannon_entropy_limit	six(shift(mountain,mountain,mountain,mountain),[has_theater,natural],[],actors(none,none),drift(unknown,unknown,unknown),zone(negligible,negligible))
shannons_source_coding_theorem	six(shift(mountain,mountain,mountain,mountain),[has_temporal_data,natural],[],actors(none,none),drift(stable,unknown,stable),zone(negligible,negligible))
shared_reality_epistemic_commons	six(shift(tangled_rope,tangled_rope,tangled_rope,tangled_rope),[asymmetric,coordination,enforcement,has_beneficiaries],[drifting_without_limit,no_exit_for_victims,unaccountable_extraction],actors(distributed,distributed),drift(rising,unknown,rising),zone(extreme,extreme))
shareholder_activism_constraint	six(shift(tangled_rope,tangled_rope,naturalized,tangled_rope),[asymmetric,coordination,enforcement,has_beneficiaries],[drifting_without_limit,no_exit_for_victims,unaccountable_extraction],actors(distributed,distributed),drift(rising,unknown,rising),zone(extreme,high))
shipping_emissions_cap_allocation	six(shift(tangled_rope,tangled_rope,tangled_rope,tangled_rope),[asymmetric,coordination,enforcement,has_beneficiaries],[drifting_without_limit,no_exit_for_victims,unaccountable_extraction],actors(distributed,distributed),drift(rising,unknown,rising),zone(extreme,extreme))
shipping_lane_control	six(shift(tangled_rope,tangled_rope,tangled_rope,tangled_rope),[asymmetric,coordination,enforcement,has_beneficiaries],[drifting_without_limit,no_exit_for_victims,unaccountable_extraction],actors(distributed,distributed),drift(rising,unknown,falling),zone(extreme,extreme))
shock_propagation_asymmetry	six(shift(tangled_rope,tangled_rope,tangled_rope,tangled_rope),[asymmetric,coordination,enforcement,has_beneficiaries],[drifting_without_limit,no_exit_for_victims,unaccountable_extraction],actors(distributed,distributed),drift(rising,unknown,rising),zone(extreme,extreme))
sicilian_expedition_overshooting_pathology	six(shift(tangled_rope,tangled_rope,tangled_rope,tangled_rope),[asymmetric,coordination,enforcement,has_beneficiaries],[drifting_without_limit,no_exit_for_victims,unaccountable_extraction],actors(distributed,distributed),drift(rising,unknown,rising),zone(extreme,extreme))
signal_without_control	six(shift(tangled_rope,tangled_rope,tangled_rope,tangled_rope),[asymmetric,coordination,enforcement,has_beneficiaries],[drifting_without_limit,no_exit_for_victims,unaccountable_extraction],actors(distributed,distributed),drift(rising,unknown,rising),zone(extreme,extreme))
silent_dependency_activation	six(shift(tangled_rope,tangled_rope,tangled_rope,tangled_rope),[asymmetric,coordination,enforcement,has_beneficiaries],[drifting_without_limit,no_exit_for_victims,unaccountable_extraction],actors(distributed,distributed),drift(rising,unknown,rising),zone(extreme,extreme))
silicon_lexicon_overload	six(shift(tangled_rope,tangled_rope,tangled_rope,tangled_rope),[asymmetric,coordination,enforcement,has_beneficiaries],[drifting_without_limit,no_exit_for_victims,unaccountable_extraction],actors(distributed,distributed),drift(rising,unknown,rising),zone(extreme,extreme))
silicon_photolithography_limits	six(shift(mountain,mountain,mountain,mountain),[has_temporal_data,natural],[],actors(none,none),drift(stable,unknown,stable),zone(negligible,negligible))
silklink_2026	six(shift(tangled_rope,tangled_rope,naturalized,snare),[asymmetric,coordination,enforcement,has_beneficiaries],[drifting_without_limit,no_exit_for_victims,unaccountable_extraction],actors(distributed,distributed),drift(rising,unknown,rising),zone(extreme,extreme))
silver_scarcity_mountain_2026	six(shift(mountain,mountain,mountain,mountain),[has_temporal_data,natural],[],actors(none,none),drift(rising,unknown,stable),zone(negligible,negligible))
single_cell_measurement_integration	six(shift(tangled_rope,tangled_rope,tangled_rope,tangled_rope),[asymmetric,coordination,enforcement,has_beneficiaries],[drifting_without_limit,no_exit_for_victims,unaccountable_extraction],actors(distributed,distributed),drift(rising,unknown,rising),zone(extreme,high))
single_cell_mechanistic_research_funding	six(shift(naturalized,tangled_rope,naturalized,snare),[asymmetric,coordination,enforcement,has_beneficiaries],[drifting_without_limit,no_exit_for_victims,unaccountable_extraction],actors(distributed,distributed),drift(rising,unknown,rising),zone(extreme,extreme))
single_family_rental_maintenance_standards	six(shift(tangled_rope,tangled_rope,tangled_rope,tangled_rope),[asymmetric,coordination,enforcement,has_beneficiaries],[drifting_without_limit,no_exit_for_victims,unaccountable_extraction],actors(distributed,distributed),drift(rising,unknown,rising),zone(extreme,high))
sino_north_korean_strategic_dependency	six(shift(tangled_rope,tangled_rope,tangled_rope,tangled_rope),[asymmetric,coordination,enforcement,has_beneficiaries],[drifting_without_limit,no_exit_for_victims,unaccountable_extraction],actors(distributed,distributed),drift(rising,unknown,rising),zone(extreme,extreme))
sk_ai_act_2026	six(shift(tangled_rope,tangled_rope,tangled_rope,tangled_rope),[asymmetric,coordination,enforcement,has_beneficiaries],[drifting_without_limit,no_exit_for_victims,unaccountable_extraction],actors(distributed,distributed),drift(rising,unknown,rising),zone(extreme,extreme))
sk_dantongbeop	six(shift(tangled_rope,tangled_rope,tangled_rope,tangled_rope),[asymmetric,coordination,enforcement,has_beneficiaries],[drifting_without_limit,no_exit_for_victims,unaccountable_extraction],actors(distributed,distributed),drift(rising,unknown,rising),zone(extreme,extreme))
sk_newtro_aesthetic	six(shift(tangled_rope,tangled_rope,tangled_rope,tangled_rope),[asymmetric,coordination,enforcement,has_beneficiaries],[drifting_without_limit,no_exit_for_victims,unaccountable_extraction],actors(distributed,distributed),drift(rising,unknown,rising),zone(extreme,high))
skill_development_displacement	six(shift(tangled_rope,tangled_rope,naturalized,snare),[asymmetric,coordination,enforcement,has_beneficiaries],[drifting_without_limit,no_exit_for_victims,unaccountable_extraction],actors(distributed,distributed),drift(rising,unknown,rising),zone(extreme,extreme))
skill_premium_concentration	six(shift(naturalized,tangled_rope,rope,snare),[asymmetric,coordination,enforcement,has_beneficiaries],[drifting_without_limit,no_exit_for_victims,unaccountable_extraction],actors(distributed,distributed),drift(rising,unknown,rising),zone(extreme,extreme))
skills_based_hiring	six(shift(tangled_rope,tangled_rope,rope,tangled_rope),[asymmetric,coordination,enforcement,has_beneficiaries],[no_exit_for_victims],actors(distributed,distributed),drift(rising,unknown,rising),zone(low,high))
sleep_deprivation_cycle	six(shift(tangled_rope,tangled_rope,tangled_rope,tangled_rope),[asymmetric,enforcement,has_victims],[coercion_without_coordination,drifting_without_limit,no_exit_for_victims,unaccountable_extraction,undocumented_coordination],actors(none,concentrated),drift(rising,unknown,rising),zone(extreme,extreme))
slot_trading_secondary_market	six(shift(tangled_rope,tangled_rope,rope,tangled_rope),[asymmetric,coordination,enforcement,has_beneficiaries],[drifting_without_limit,no_exit_for_victims,unaccountable_extraction],actors(distributed,distributed),drift(rising,unknown,rising),zone(extreme,high))
sludge_bureaucratic_friction	six(shift(tangled_rope,tangled_rope,tangled_rope,tangled_rope),[asymmetric,coordination,enforcement,has_beneficiaries],[drifting_without_limit,no_exit_for_victims,unaccountable_extraction],actors(distributed,distributed),drift(rising,unknown,rising),zone(extreme,extreme))
sm_addictive_design	six(shift(tangled_rope,tangled_rope,tangled_rope,tangled_rope),[asymmetric,coordination,enforcement,has_beneficiaries],[drifting_without_limit,no_exit_for_victims,unaccountable_extraction],actors(distributed,distributed),drift(rising,unknown,rising),zone(extreme,extreme))
small_business_capital_access	six(shift(tangled_rope,tangled_rope,tangled_rope,tangled_rope),[asymmetric,coordination,enforcement,has_beneficiaries],[drifting_without_limit,no_exit_for_victims,unaccountable_extraction],actors(distributed,distributed),drift(rising,unknown,rising),zone(extreme,extreme))
small_business_coverage_gaps	six(shift(tangled_rope,tangled_rope,tangled_rope,tangled_rope),[asymmetric,coordination,enforcement,has_beneficiaries],[drifting_without_limit,no_exit_for_victims,unaccountable_extraction],actors(distributed,distributed),drift(rising,unknown,rising),zone(extreme,extreme))
small_farm_market_access	six(shift(tangled_rope,tangled_rope,tangled_rope,tangled_rope),[asymmetric,coordination,enforcement,has_beneficiaries],[drifting_without_limit,no_exit_for_victims,unaccountable_extraction],actors(distributed,distributed),drift(rising,unknown,rising),zone(extreme,extreme))
small_scale_structure_anomalies	six(shift(tangled_rope,tangled_rope,tangled_rope,tangled_rope),[asymmetric,coordination,enforcement,has_beneficiaries],[drifting_without_limit,no_exit_for_victims,unaccountable_extraction],actors(distributed,distributed),drift(rising,unknown,rising),zone(extreme,high))
smallholder_tenure_insecurity	six(shift(tangled_rope,tangled_rope,tangled_rope,tangled_rope),[asymmetric,coordination,enforcement,has_beneficiaries],[drifting_without_limit,no_exit_for_victims,unaccountable_extraction],actors(distributed,distributed),drift(rising,unknown,stable),zone(extreme,extreme))
smartphone_ubiquity	six(shift(tangled_rope,tangled_rope,tangled_rope,tangled_rope),[asymmetric,coordination,enforcement,has_beneficiaries],[drifting_without_limit,no_exit_for_victims,unaccountable_extraction],actors(distributed,distributed),drift(rising,unknown,rising),zone(extreme,extreme))
smr_capital_finance_bottleneck	six(shift(tangled_rope,tangled_rope,tangled_rope,tangled_rope),[asymmetric,coordination,enforcement,has_beneficiaries],[drifting_without_limit,no_exit_for_victims,unaccountable_extraction],actors(distributed,distributed),drift(rising,unknown,rising),zone(extreme,extreme))
snowpack_decline_mountain_hydrology	six(shift(unknown,tangled_rope,tangled_rope,tangled_rope),[asymmetric,enforcement,has_victims],[coercion_without_coordination,drifting_without_limit,no_exit_for_victims,unaccountable_extraction,undocumented_coordination],actors(none,distributed),drift(rising,unknown,rising),zone(extreme,extreme))
social_conformity_infrastructure	six(shift(tangled_rope,scaffold,scaffold,tangled_rope),[coordination,has_beneficiaries,natural],[],actors(distributed,none),drift(stable,unknown,stable),zone(negligible,negligible))
social_contract_legitimacy	six(shift(tangled_rope,tangled_rope,tangled_rope,tangled_rope),[asymmetric,coordination,enforcement,has_beneficiaries],[drifting_without_limit,no_exit_for_victims,unaccountable_extraction],actors(distributed,distributed),drift(rising,unknown,rising),zone(extreme,extreme))
social_credit_architecture	six(shift(tangled_rope,tangled_rope,tangled_rope,tangled_rope),[asymmetric,coordination,enforcement,has_beneficiaries],[drifting_without_limit,no_exit_for_victims,unaccountable_extraction],actors(distributed,distributed),drift(rising,unknown,rising),zone(extreme,extreme))
social_credit_scoring_logic	six(shift(tangled_rope,tangled_rope,tangled_rope,tangled_rope),[asymmetric,coordination,enforcement,has_beneficiaries],[drifting_without_limit,no_exit_for_victims,unaccountable_extraction],actors(distributed,distributed),drift(rising,unknown,rising),zone(extreme,extreme))
social_credit_systems	six(shift(tangled_rope,snare,rope,snare),[asymmetric,coordination,enforcement,has_beneficiaries],[drifting_without_limit,no_exit_for_victims,unaccountable_extraction],actors(distributed,distributed),drift(rising,unknown,rising),zone(extreme,extreme))
social_loafing	six(shift(tangled_rope,tangled_rope,tangled_rope,tangled_rope),[asymmetric,coordination,enforcement,has_beneficiaries],[no_exit_for_victims],actors(distributed,distributed),drift(rising,unknown,rising),zone(low,high))
social_media_addiction_loop	six(shift(naturalized,snare,rope,snare),[asymmetric,coordination,enforcement,has_beneficiaries],[drifting_without_limit,no_exit_for_victims,unaccountable_extraction],actors(distributed,distributed),drift(rising,unknown,rising),zone(extreme,extreme))
social_media_health_misinformation	six(shift(tangled_rope,tangled_rope,tangled_rope,tangled_rope),[asymmetric,coordination,enforcement,has_beneficiaries],[drifting_without_limit,no_exit_for_victims,unaccountable_extraction],actors(distributed,distributed),drift(rising,unknown,rising),zone(extreme,extreme))
social_media_participation_threshold	six(shift(tangled_rope,tangled_rope,tangled_rope,tangled_rope),[asymmetric,coordination,enforcement,has_beneficiaries],[drifting_without_limit,no_exit_for_victims,unaccountable_extraction],actors(concentrated,distributed),drift(rising,unknown,rising),zone(extreme,extreme))
social_narrative_casting	six(shift(tangled_rope,tangled_rope,rope,snare),[asymmetric,coordination,enforcement,has_beneficiaries],[drifting_without_limit,no_exit_for_victims,unaccountable_extraction],actors(concentrated,distributed),drift(rising,unknown,rising),zone(extreme,extreme))
social_stigma_suppression	six(shift(naturalized,snare,rope,snare),[asymmetric,enforcement,has_victims],[coercion_without_coordination,drifting_without_limit,no_exit_for_victims,unaccountable_extraction,undocumented_coordination],actors(none,distributed),drift(rising,unknown,rising),zone(extreme,extreme))
social_tribalism_amplification	six(shift(naturalized,tangled_rope,rope,tangled_rope),[asymmetric,coordination,enforcement,has_beneficiaries],[drifting_without_limit,no_exit_for_victims,unaccountable_extraction],actors(distributed,distributed),drift(rising,unknown,rising),zone(extreme,extreme))
socioeconomic_mobility_constraints	six(shift(tangled_rope,tangled_rope,tangled_rope,tangled_rope),[asymmetric,coordination,enforcement,has_beneficiaries],[drifting_without_limit,no_exit_for_victims,unaccountable_extraction],actors(distributed,distributed),drift(rising,unknown,rising),zone(extreme,extreme))
soe_property_bailout	six(shift(tangled_rope,tangled_rope,tangled_rope,tangled_rope),[asymmetric,coordination,enforcement,has_beneficiaries],[drifting_without_limit,no_exit_for_victims,unaccountable_extraction],actors(distributed,distributed),drift(rising,unknown,rising),zone(extreme,extreme))
software_keyboard_driver_standardization	six(shift(unknown,unknown,tangled_rope,unknown),[asymmetric,coordination,enforcement,has_beneficiaries],[no_exit_for_victims],actors(distributed,distributed),drift(rising,unknown,rising),zone(low,moderate))
software_license_lock_in	six(shift(tangled_rope,tangled_rope,tangled_rope,tangled_rope),[asymmetric,coordination,enforcement,has_beneficiaries],[drifting_without_limit,no_exit_for_victims,unaccountable_extraction],actors(concentrated,distributed),drift(rising,unknown,falling),zone(extreme,extreme))
software_patent_enforcement	six(shift(tangled_rope,tangled_rope,tangled_rope,tangled_rope),[asymmetric,coordination,enforcement,has_beneficiaries],[drifting_without_limit,no_exit_for_victims,unaccountable_extraction],actors(distributed,distributed),drift(rising,unknown,rising),zone(extreme,extreme))
software_sustainability_crisis	six(shift(naturalized,tangled_rope,rope,snare),[asymmetric,coordination,enforcement,has_beneficiaries],[drifting_without_limit,no_exit_for_victims,unaccountable_extraction],actors(distributed,distributed),drift(rising,unknown,rising),zone(extreme,extreme))
software_vendor_consolidation	six(shift(tangled_rope,tangled_rope,tangled_rope,tangled_rope),[asymmetric,coordination,enforcement,has_beneficiaries],[drifting_without_limit,no_exit_for_victims,unaccountable_extraction],actors(concentrated,distributed),drift(rising,unknown,rising),zone(extreme,extreme))
solar_system_weirdness	six(shift(unknown,tangled_rope,tangled_rope,tangled_rope),[asymmetric,coordination,enforcement,has_beneficiaries],[no_exit_for_victims],actors(distributed,distributed),drift(rising,unknown,rising),zone(low,high))
solid_state_phased_array_steering	six(shift(mountain,mountain,mountain,mountain),[has_temporal_data,natural],[],actors(none,none),drift(stable,unknown,stable),zone(negligible,negligible))
solidarity_mirror_trap	six(shift(naturalized,tangled_rope,rope,tangled_rope),[asymmetric,coordination,enforcement,has_beneficiaries],[drifting_without_limit,no_exit_for_victims,unaccountable_extraction],actors(distributed,distributed),drift(rising,unknown,rising),zone(extreme,extreme))
solvable_group_criterion	six(shift(mountain,mountain,mountain,mountain),[has_temporal_data,natural],[],actors(none,none),drift(stable,unknown,stable),zone(negligible,negligible))
somatic_gene_therapy_approval	six(shift(tangled_rope,tangled_rope,tangled_rope,tangled_rope),[asymmetric,coordination,enforcement,has_beneficiaries],[drifting_without_limit,no_exit_for_victims,unaccountable_extraction],actors(distributed,distributed),drift(rising,unknown,rising),zone(extreme,extreme))
sonno_joi_dormant_activation	six(shift(tangled_rope,tangled_rope,rope,tangled_rope),[asymmetric,coordination,enforcement,has_beneficiaries],[no_exit_for_victims],actors(distributed,distributed),drift(rising,unknown,rising),zone(low,high))
sorites_paradox	six(shift(tangled_rope,tangled_rope,tangled_rope,tangled_rope),[asymmetric,coordination,enforcement,has_beneficiaries],[no_exit_for_victims],actors(distributed,distributed),drift(rising,unknown,rising),zone(low,high))
south_china_sea_freedom_of_navigation	six(shift(naturalized,tangled_rope,rope,snare),[asymmetric,coordination,enforcement,has_beneficiaries],[drifting_without_limit,no_exit_for_victims,unaccountable_extraction],actors(distributed,distributed),drift(rising,unknown,rising),zone(extreme,extreme))
south_china_sea_maritime_claims	six(shift(tangled_rope,tangled_rope,tangled_rope,tangled_rope),[asymmetric,coordination,enforcement,has_beneficiaries],[drifting_without_limit,no_exit_for_victims,unaccountable_extraction],actors(distributed,distributed),drift(rising,unknown,rising),zone(extreme,extreme))
south_china_sea_sovereignty_dispute	six(shift(tangled_rope,tangled_rope,tangled_rope,tangled_rope),[asymmetric,coordination,enforcement,has_beneficiaries],[drifting_without_limit,no_exit_for_victims,unaccountable_extraction],actors(distributed,distributed),drift(rising,unknown,rising),zone(extreme,extreme))
south_korean_telecom_oligopoly	six(shift(tangled_rope,tangled_rope,tangled_rope,tangled_rope),[asymmetric,coordination,enforcement,has_beneficiaries],[drifting_without_limit,no_exit_for_victims,unaccountable_extraction],actors(distributed,distributed),drift(rising,unknown,rising),zone(extreme,extreme))
southwestern_megadrought_1130_1180	six(shift(mountain,mountain,mountain,mountain),[has_temporal_data,natural],[],actors(none,none),drift(stable,unknown,stable),zone(negligible,negligible))
sovereign_debt_sustainability	six(shift(tangled_rope,tangled_rope,tangled_rope,tangled_rope),[asymmetric,coordination,enforcement,has_beneficiaries],[drifting_without_limit,no_exit_for_victims,unaccountable_extraction],actors(distributed,distributed),drift(rising,unknown,rising),zone(extreme,extreme))
sovereign_debt_sustainability_cliff	six(shift(tangled_rope,tangled_rope,tangled_rope,tangled_rope),[asymmetric,coordination,enforcement,has_beneficiaries],[drifting_without_limit,no_exit_for_victims,unaccountable_extraction],actors(distributed,distributed),drift(rising,unknown,rising),zone(extreme,extreme))
sovereign_development_capacity	six(shift(tangled_rope,tangled_rope,tangled_rope,tangled_rope),[asymmetric,coordination,enforcement,has_beneficiaries],[drifting_without_limit,no_exit_for_victims,unaccountable_extraction],actors(distributed,distributed),drift(rising,unknown,rising),zone(extreme,extreme))
sovereign_immunity_extraction	six(shift(tangled_rope,tangled_rope,tangled_rope,tangled_rope),[asymmetric,coordination,enforcement,has_beneficiaries],[drifting_without_limit,no_exit_for_victims,unaccountable_extraction],actors(concentrated,distributed),drift(rising,unknown,rising),zone(extreme,extreme))
sovereignty_as_arbitrage	six(shift(tangled_rope,tangled_rope,naturalized,tangled_rope),[asymmetric,coordination,enforcement,has_beneficiaries],[drifting_without_limit,no_exit_for_victims,unaccountable_extraction],actors(distributed,distributed),drift(rising,unknown,rising),zone(extreme,high))
sovereignty_rto_tradeoff	six(shift(tangled_rope,tangled_rope,rope,tangled_rope),[asymmetric,coordination,enforcement,has_beneficiaries],[drifting_without_limit,no_exit_for_victims,unaccountable_extraction],actors(distributed,distributed),drift(rising,unknown,rising),zone(extreme,high))
soviet_embargo_regime	six(shift(tangled_rope,tangled_rope,tangled_rope,tangled_rope),[asymmetric,coordination,enforcement,has_beneficiaries],[drifting_without_limit,no_exit_for_victims,unaccountable_extraction],actors(distributed,distributed),drift(rising,unknown,rising),zone(extreme,extreme))
space_filling_curve_family	six(shift(mountain,mountain,mountain,mountain),[has_temporal_data,natural],[],actors(none,none),drift(stable,unknown,stable),zone(negligible,negligible))
spacetime_realism	six(shift(mountain,rope,rope,mountain),[has_temporal_data,natural],[],actors(none,none),drift(stable,unknown,stable),zone(negligible,negligible))
spain_digital_offensive_2026	six(shift(tangled_rope,tangled_rope,tangled_rope,tangled_rope),[asymmetric,coordination,enforcement,has_beneficiaries],[drifting_without_limit,no_exit_for_victims,unaccountable_extraction],actors(distributed,distributed),drift(rising,unknown,rising),zone(extreme,extreme))
spanish_political_opposition_suppression	six(shift(tangled_rope,snare,naturalized,snare),[asymmetric,coordination,enforcement,has_beneficiaries],[drifting_without_limit,no_exit_for_victims,unaccountable_extraction],actors(distributed,distributed),drift(rising,unknown,rising),zone(extreme,extreme))
spartan_oliganthropia_demographic_collapse	six(shift(tangled_rope,tangled_rope,tangled_rope,tangled_rope),[asymmetric,coordination,enforcement,has_beneficiaries],[drifting_without_limit,no_exit_for_victims,unaccountable_extraction],actors(concentrated,distributed),drift(falling,unknown,falling),zone(extreme,extreme))
special_operations_career_inequality	six(shift(naturalized,tangled_rope,naturalized,snare),[asymmetric,coordination,enforcement,has_beneficiaries],[drifting_without_limit,no_exit_for_victims,unaccountable_extraction],actors(distributed,distributed),drift(rising,unknown,rising),zone(extreme,extreme))
specialization_timing_optimization	six(shift(tangled_rope,tangled_rope,rope,tangled_rope),[asymmetric,coordination,enforcement,has_beneficiaries],[drifting_without_limit,no_exit_for_victims,unaccountable_extraction],actors(distributed,distributed),drift(rising,unknown,rising),zone(extreme,high))
species_rescue_technology_hype	six(shift(naturalized,tangled_rope,naturalized,snare),[asymmetric,coordination,enforcement,has_beneficiaries],[drifting_without_limit,no_exit_for_victims,unaccountable_extraction],actors(distributed,distributed),drift(rising,unknown,rising),zone(extreme,extreme))
specification_gaming	six(shift(tangled_rope,tangled_rope,tangled_rope,tangled_rope),[asymmetric,coordination,enforcement,has_beneficiaries],[drifting_without_limit,no_exit_for_victims,unaccountable_extraction],actors(distributed,distributed),drift(rising,unknown,rising),zone(extreme,extreme))
specified_complexity_detection	six(shift(tangled_rope,tangled_rope,tangled_rope,tangled_rope),[asymmetric,coordination,enforcement,has_beneficiaries],[drifting_without_limit,no_exit_for_victims,unaccountable_extraction],actors(distributed,distributed),drift(rising,unknown,rising),zone(extreme,extreme))
spectrum_allocation_mechanism	six(shift(tangled_rope,tangled_rope,tangled_rope,tangled_rope),[asymmetric,coordination,enforcement,has_beneficiaries],[drifting_without_limit,no_exit_for_victims,unaccountable_extraction],actors(distributed,distributed),drift(rising,unknown,rising),zone(extreme,extreme))
spectrum_allocation_monopoly	six(shift(snare,snare,rope,snare),[asymmetric,coordination,enforcement,has_beneficiaries],[drifting_without_limit,no_exit_for_victims,unaccountable_extraction],actors(distributed,distributed),drift(rising,unknown,falling),zone(extreme,extreme))
speed_of_light_cosmic_limit	six(shift(mountain,mountain,mountain,mountain),[has_temporal_data,natural],[],actors(none,none),drift(stable,unknown,stable),zone(negligible,negligible))
spherical_excess_constraint	six(shift(mountain,mountain,mountain,mountain),[has_temporal_data,natural],[],actors(none,none),drift(stable,unknown,stable),zone(negligible,negligible))
spirits_market_access_india	six(shift(tangled_rope,tangled_rope,tangled_rope,tangled_rope),[asymmetric,coordination,enforcement,has_beneficiaries],[drifting_without_limit,no_exit_for_victims,unaccountable_extraction],actors(distributed,distributed),drift(rising,unknown,rising),zone(extreme,extreme))
sports_broadcast_exclusivity_regimes	six(shift(tangled_rope,tangled_rope,tangled_rope,tangled_rope),[asymmetric,coordination,enforcement,has_beneficiaries],[drifting_without_limit,no_exit_for_victims,unaccountable_extraction],actors(distributed,distributed),drift(rising,unknown,rising),zone(extreme,extreme))
sports_broadcaster_exclusive_rights	six(shift(tangled_rope,tangled_rope,tangled_rope,tangled_rope),[asymmetric,coordination,enforcement,has_beneficiaries],[drifting_without_limit,no_exit_for_victims,unaccountable_extraction],actors(distributed,distributed),drift(rising,unknown,rising),zone(extreme,extreme))
sports_card_grading_monopoly	six(shift(tangled_rope,tangled_rope,tangled_rope,tangled_rope),[asymmetric,coordination,enforcement,has_beneficiaries],[drifting_without_limit,no_exit_for_victims,unaccountable_extraction],actors(concentrated,distributed),drift(rising,unknown,rising),zone(extreme,extreme))
square_cube_law	six(shift(mountain,mountain,mountain,mountain),[has_theater,natural],[],actors(none,none),drift(unknown,unknown,unknown),zone(negligible,negligible))
stable_marriage_coordination	six(shift(rope,rope,rope,rope),[coordination,has_beneficiaries],[],actors(distributed,none),drift(rising,unknown,stable),zone(negligible,low))
stakeholder_coalition_barrier	six(shift(tangled_rope,tangled_rope,tangled_rope,tangled_rope),[asymmetric,coordination,enforcement,has_beneficiaries],[drifting_without_limit,no_exit_for_victims,unaccountable_extraction],actors(distributed,distributed),drift(rising,unknown,rising),zone(extreme,extreme))
standard_convergence_equilibria	six(shift(tangled_rope,tangled_rope,tangled_rope,tangled_rope),[asymmetric,coordination,enforcement,has_beneficiaries],[no_exit_for_victims],actors(distributed,distributed),drift(rising,unknown,rising),zone(low,high))
standards_body_capture	six(shift(tangled_rope,tangled_rope,tangled_rope,tangled_rope),[asymmetric,coordination,enforcement,has_beneficiaries],[drifting_without_limit,no_exit_for_victims,unaccountable_extraction],actors(distributed,distributed),drift(rising,unknown,rising),zone(extreme,extreme))
standards_proliferation_trap	six(shift(tangled_rope,tangled_rope,tangled_rope,tangled_rope),[asymmetric,coordination,enforcement,has_beneficiaries],[drifting_without_limit,no_exit_for_victims,unaccountable_extraction],actors(distributed,distributed),drift(rising,unknown,rising),zone(extreme,high))
start_treaty	six(shift(tangled_rope,tangled_rope,tangled_rope,tangled_rope),[asymmetric,coordination,enforcement,has_beneficiaries],[drifting_without_limit,no_exit_for_victims,unaccountable_extraction],actors(distributed,distributed),drift(rising,unknown,falling),zone(extreme,extreme))
startup_capital_barrier	six(shift(tangled_rope,tangled_rope,tangled_rope,tangled_rope),[asymmetric,coordination,enforcement,has_beneficiaries],[drifting_without_limit,no_exit_for_victims,unaccountable_extraction],actors(distributed,distributed),drift(rising,unknown,rising),zone(extreme,extreme))
startup_ecosystem_accessibility	six(shift(naturalized,tangled_rope,rope,snare),[asymmetric,coordination,enforcement,has_beneficiaries],[drifting_without_limit,no_exit_for_victims,unaccountable_extraction],actors(distributed,distributed),drift(rising,unknown,rising),zone(extreme,extreme))
startup_survival_rates	six(shift(naturalized,tangled_rope,rope,snare),[asymmetric,coordination,enforcement,has_beneficiaries],[drifting_without_limit,no_exit_for_victims,unaccountable_extraction],actors(distributed,distributed),drift(rising,unknown,rising),zone(extreme,extreme))
startup_technology_dependency	six(shift(tangled_rope,tangled_rope,tangled_rope,tangled_rope),[asymmetric,coordination,enforcement,has_beneficiaries],[drifting_without_limit,no_exit_for_victims,unaccountable_extraction],actors(distributed,distributed),drift(rising,unknown,rising),zone(extreme,extreme))
state_capacity_development	six(shift(tangled_rope,tangled_rope,tangled_rope,tangled_rope),[asymmetric,coordination,enforcement,has_beneficiaries],[drifting_without_limit,no_exit_for_victims,unaccountable_extraction],actors(distributed,distributed),drift(rising,unknown,rising),zone(extreme,high))
state_capacity_fragmentation	six(shift(tangled_rope,tangled_rope,tangled_rope,tangled_rope),[asymmetric,coordination,enforcement,has_beneficiaries],[drifting_without_limit,no_exit_for_victims,unaccountable_extraction],actors(distributed,distributed),drift(rising,unknown,rising),zone(extreme,extreme))
state_funding_dependency	six(shift(tangled_rope,tangled_rope,tangled_rope,tangled_rope),[asymmetric,coordination,enforcement,has_beneficiaries],[drifting_without_limit,no_exit_for_victims,unaccountable_extraction],actors(distributed,distributed),drift(rising,unknown,rising),zone(extreme,extreme))
state_religious_authority	six(shift(tangled_rope,tangled_rope,tangled_rope,tangled_rope),[asymmetric,coordination,enforcement,has_beneficiaries],[drifting_without_limit,no_exit_for_victims,unaccountable_extraction],actors(distributed,distributed),drift(falling,unknown,rising),zone(extreme,extreme))
state_sovereignty_doctrine	six(shift(tangled_rope,tangled_rope,tangled_rope,tangled_rope),[asymmetric,coordination,enforcement,has_beneficiaries],[drifting_without_limit,no_exit_for_victims,unaccountable_extraction],actors(distributed,distributed),drift(rising,unknown,rising),zone(extreme,extreme))
state_surveillance_apparatus_iran	six(shift(tangled_rope,snare,rope,snare),[asymmetric,coordination,enforcement,has_beneficiaries],[drifting_without_limit,no_exit_for_victims,unaccountable_extraction],actors(distributed,distributed),drift(rising,unknown,rising),zone(extreme,extreme))
state_surveillance_capacity_extraction	six(shift(tangled_rope,snare,naturalized,snare),[asymmetric,coordination,enforcement,has_beneficiaries],[drifting_without_limit,no_exit_for_victims,unaccountable_extraction],actors(concentrated,distributed),drift(rising,unknown,rising),zone(extreme,extreme))
static_type_system_soundness_incompleteness	six(shift(mountain,mountain,mountain,mountain),[has_temporal_data,natural],[],actors(none,none),drift(stable,unknown,stable),zone(negligible,negligible))
statistical_consistency_estimators	six(shift(mountain,mountain,mountain,mountain),[has_temporal_data,natural],[],actors(none,none),drift(unknown,unknown,stable),zone(negligible,negligible))
statistical_mechanics_foundation	six(shift(mountain,mountain,mountain,mountain),[has_temporal_data,natural],[],actors(none,none),drift(stable,unknown,stable),zone(negligible,negligible))
status_flattening_effect	six(shift(tangled_rope,tangled_rope,tangled_rope,tangled_rope),[asymmetric,coordination,enforcement,has_beneficiaries],[drifting_without_limit,no_exit_for_victims,unaccountable_extraction],actors(distributed,distributed),drift(rising,unknown,rising),zone(extreme,high))
status_hierarchy_reproduction	six(shift(tangled_rope,tangled_rope,naturalized,snare),[asymmetric,coordination,enforcement,has_beneficiaries],[drifting_without_limit,no_exit_for_victims,unaccountable_extraction],actors(distributed,distributed),drift(rising,unknown,rising),zone(extreme,extreme))
status_market_fragmentation	six(shift(tangled_rope,tangled_rope,tangled_rope,tangled_rope),[asymmetric,coordination,enforcement,has_beneficiaries],[drifting_without_limit,no_exit_for_victims,unaccountable_extraction],actors(distributed,distributed),drift(rising,unknown,rising),zone(extreme,extreme))
status_signal_arms_race	six(shift(tangled_rope,tangled_rope,tangled_rope,tangled_rope),[asymmetric,coordination,enforcement,has_beneficiaries],[drifting_without_limit,no_exit_for_victims,unaccountable_extraction],actors(distributed,distributed),drift(rising,unknown,rising),zone(extreme,extreme))
statutory_obsolescence_lag	six(shift(tangled_rope,tangled_rope,tangled_rope,tangled_rope),[asymmetric,coordination,enforcement,has_beneficiaries],[drifting_without_limit,no_exit_for_victims,unaccountable_extraction],actors(distributed,distributed),drift(rising,unknown,rising),zone(extreme,high))
steel_supply_chain_vulnerability	six(shift(naturalized,tangled_rope,naturalized,snare),[asymmetric,coordination,enforcement,has_beneficiaries],[drifting_without_limit,no_exit_for_victims,unaccountable_extraction],actors(distributed,distributed),drift(rising,unknown,rising),zone(extreme,extreme))
steinmetz_valuation_asymmetry	six(shift(tangled_rope,tangled_rope,tangled_rope,tangled_rope),[asymmetric,coordination,enforcement,has_beneficiaries],[drifting_without_limit,no_exit_for_victims,unaccountable_extraction],actors(distributed,distributed),drift(rising,unknown,rising),zone(extreme,extreme))
stellar_mass_transfer_physics	six(shift(mountain,mountain,mountain,mountain),[has_temporal_data,natural],[],actors(none,none),drift(stable,unknown,stable),zone(negligible,negligible))
stem_cell_research_funding_restrictions	six(shift(naturalized,tangled_rope,naturalized,snare),[asymmetric,coordination,enforcement,has_beneficiaries],[drifting_without_limit,no_exit_for_victims,unaccountable_extraction],actors(distributed,distributed),drift(rising,unknown,rising),zone(extreme,extreme))
stepfamily_servitude_authority	six(shift(tangled_rope,tangled_rope,tangled_rope,tangled_rope),[asymmetric,coordination,enforcement,has_beneficiaries],[drifting_without_limit,no_exit_for_victims,unaccountable_extraction],actors(distributed,distributed),drift(rising,unknown,rising),zone(extreme,extreme))
stephen_aesthetic_capture_1904	six(shift(tangled_rope,tangled_rope,tangled_rope,tangled_rope),[asymmetric,coordination,enforcement,has_beneficiaries],[drifting_without_limit,no_exit_for_victims,unaccountable_extraction],actors(concentrated,distributed),drift(rising,unknown,rising),zone(extreme,extreme))
stereotype_formation	six(shift(tangled_rope,tangled_rope,rope,snare),[asymmetric,coordination,enforcement,has_beneficiaries],[drifting_without_limit,no_exit_for_victims,unaccountable_extraction],actors(distributed,distributed),drift(rising,unknown,rising),zone(extreme,extreme))
stimulant_dependency_escalation	six(shift(tangled_rope,tangled_rope,tangled_rope,tangled_rope),[asymmetric,coordination,enforcement,has_beneficiaries],[drifting_without_limit,no_exit_for_victims,unaccountable_extraction],actors(distributed,distributed),drift(rising,unknown,rising),zone(extreme,extreme))
stoic_logos_governance	six(shift(tangled_rope,tangled_rope,tangled_rope,tangled_rope),[asymmetric,coordination,enforcement,has_beneficiaries],[no_exit_for_victims],actors(distributed,distributed),drift(rising,unknown,rising),zone(low,high))
stoic_vs_epicurean_philosophical_suppression	six(shift(tangled_rope,tangled_rope,tangled_rope,tangled_rope),[asymmetric,coordination,enforcement,has_beneficiaries],[drifting_without_limit,no_exit_for_victims,unaccountable_extraction],actors(distributed,distributed),drift(falling,unknown,rising),zone(extreme,extreme))
stokes_theorem	six(shift(mountain,mountain,mountain,mountain),[has_temporal_data,natural],[],actors(none,none),drift(stable,unknown,stable),zone(negligible,negligible))
straight_coercion_2025	six(shift(tangled_rope,tangled_rope,tangled_rope,tangled_rope),[asymmetric,coordination,enforcement,has_beneficiaries],[drifting_without_limit,no_exit_for_victims,unaccountable_extraction],actors(distributed,distributed),drift(rising,unknown,rising),zone(extreme,extreme))
strait_of_hormuz_chokepoint_stability	six(shift(tangled_rope,tangled_rope,tangled_rope,tangled_rope),[asymmetric,coordination,enforcement,has_beneficiaries],[drifting_without_limit,no_exit_for_victims,unaccountable_extraction],actors(distributed,distributed),drift(rising,unknown,falling),zone(extreme,extreme))
strait_of_hormuz_passage_security	six(shift(tangled_rope,tangled_rope,tangled_rope,tangled_rope),[asymmetric,coordination,enforcement,has_beneficiaries],[drifting_without_limit,no_exit_for_victims,unaccountable_extraction],actors(distributed,distributed),drift(rising,unknown,rising),zone(extreme,extreme))
strait_shipping_insurance_regime	six(shift(tangled_rope,tangled_rope,tangled_rope,tangled_rope),[asymmetric,coordination,enforcement,has_beneficiaries],[drifting_without_limit,no_exit_for_victims,unaccountable_extraction],actors(distributed,distributed),drift(rising,unknown,rising),zone(extreme,extreme))
strange_attractor_dynamics	six(shift(mountain,mountain,mountain,mountain),[has_temporal_data,natural],[],actors(none,none),drift(stable,unknown,stable),zone(negligible,negligible))
strange_attractors	six(shift(tangled_rope,tangled_rope,tangled_rope,tangled_rope),[asymmetric,coordination,enforcement,has_beneficiaries],[drifting_without_limit,no_exit_for_victims,unaccountable_extraction],actors(distributed,distributed),drift(rising,unknown,rising),zone(extreme,extreme))
strategic_deep_sea_rare_earth_mining	six(shift(tangled_rope,tangled_rope,tangled_rope,tangled_rope),[asymmetric,coordination,enforcement,has_beneficiaries],[drifting_without_limit,no_exit_for_victims,unaccountable_extraction],actors(distributed,distributed),drift(rising,unknown,rising),zone(extreme,extreme))
strategic_dominance	six(shift(tangled_rope,tangled_rope,tangled_rope,tangled_rope),[asymmetric,coordination,enforcement,has_beneficiaries],[drifting_without_limit,no_exit_for_victims,unaccountable_extraction],actors(concentrated,distributed),drift(rising,unknown,rising),zone(extreme,extreme))
strategic_food_reserves_adequacy	six(shift(tangled_rope,tangled_rope,tangled_rope,tangled_rope),[asymmetric,coordination,enforcement,has_beneficiaries],[drifting_without_limit,no_exit_for_victims,unaccountable_extraction],actors(distributed,distributed),drift(rising,unknown,rising),zone(extreme,extreme))
streaming_bundling_mandate	six(shift(naturalized,tangled_rope,rope,snare),[asymmetric,coordination,enforcement,has_beneficiaries],[drifting_without_limit,no_exit_for_victims,unaccountable_extraction],actors(distributed,distributed),drift(rising,unknown,rising),zone(extreme,extreme))
stress_concentration_factor	six(shift(mountain,mountain,mountain,mountain),[has_temporal_data,natural],[],actors(none,none),drift(stable,unknown,stable),zone(negligible,negligible))
structural_adjustment_doctrine	six(shift(tangled_rope,tangled_rope,tangled_rope,tangled_rope),[asymmetric,coordination,enforcement,has_beneficiaries],[drifting_without_limit,no_exit_for_victims,unaccountable_extraction],actors(distributed,distributed),drift(rising,unknown,rising),zone(extreme,extreme))
structural_autonomy_access	six(shift(mountain,mountain,mountain,mountain),[has_theater,natural],[],actors(none,none),drift(unknown,unknown,unknown),zone(negligible,negligible))
structural_determinants_data_availability	six(shift(tangled_rope,tangled_rope,tangled_rope,tangled_rope),[asymmetric,coordination,enforcement,has_beneficiaries],[drifting_without_limit,no_exit_for_victims,unaccountable_extraction],actors(distributed,distributed),drift(rising,unknown,rising),zone(extreme,extreme))
structural_extraction_without_actor	six(shift(unknown,unknown,piton,snare),[asymmetric,coordination,has_beneficiaries],[drifting_without_limit,no_exit_for_victims,self_sustaining_extraction,unaccountable_extraction,unenforced_suppression],actors(concentrated,distributed),drift(rising,unknown,rising),zone(extreme,extreme))
structural_material_limit	six(shift(mountain,mountain,mountain,mountain),[has_temporal_data,natural],[],actors(none,none),drift(stable,unknown,stable),zone(negligible,negligible))
structural_opacity_of_self	six(shift(tangled_rope,tangled_rope,tangled_rope,tangled_rope),[asymmetric,coordination,enforcement,has_beneficiaries],[drifting_without_limit,no_exit_for_victims,unaccountable_extraction],actors(distributed,distributed),drift(rising,unknown,rising),zone(extreme,extreme))
structural_position_constraint_divergence	six(shift(mountain,mountain,mountain,mountain),[has_theater,natural],[],actors(none,none),drift(unknown,unknown,unknown),zone(negligible,negligible))
structural_thinning_convergence	six(shift(tangled_rope,scaffold,scaffold,tangled_rope),[coordination,has_beneficiaries,natural],[],actors(distributed,none),drift(stable,unknown,stable),zone(negligible,negligible))
sts86_ascent_checklist	six(shift(mountain,mountain,mountain,mountain),[has_temporal_data,natural],[],actors(none,none),drift(stable,unknown,stable),zone(negligible,negligible))
student_debt_accumulation	six(shift(tangled_rope,tangled_rope,tangled_rope,tangled_rope),[asymmetric,coordination,enforcement,has_beneficiaries],[drifting_without_limit,no_exit_for_victims,unaccountable_extraction],actors(distributed,distributed),drift(rising,unknown,rising),zone(extreme,extreme))
student_debt_burden_uk	six(shift(tangled_rope,tangled_rope,tangled_rope,tangled_rope),[asymmetric,coordination,enforcement,has_beneficiaries],[drifting_without_limit,no_exit_for_victims,unaccountable_extraction],actors(distributed,distributed),drift(rising,unknown,rising),zone(extreme,extreme))
student_debt_crisis	six(shift(tangled_rope,tangled_rope,tangled_rope,tangled_rope),[asymmetric,coordination,enforcement,has_beneficiaries],[drifting_without_limit,no_exit_for_victims,unaccountable_extraction],actors(distributed,distributed),drift(rising,unknown,rising),zone(extreme,extreme))
student_debt_servitude	six(shift(naturalized,tangled_rope,rope,snare),[asymmetric,coordination,enforcement,has_beneficiaries],[drifting_without_limit,no_exit_for_victims,unaccountable_extraction],actors(distributed,distributed),drift(rising,unknown,rising),zone(extreme,extreme))
student_loan_default_cliff	six(shift(tangled_rope,tangled_rope,tangled_rope,tangled_rope),[asymmetric,coordination,enforcement,has_beneficiaries],[drifting_without_limit,no_exit_for_victims,unaccountable_extraction],actors(distributed,distributed),drift(rising,unknown,rising),zone(extreme,extreme))
student_loan_interest_accrual	six(shift(tangled_rope,tangled_rope,tangled_rope,tangled_rope),[asymmetric,coordination,enforcement,has_beneficiaries],[drifting_without_limit,no_exit_for_victims,unaccountable_extraction],actors(distributed,distributed),drift(rising,unknown,stable),zone(extreme,extreme))
sturgeons_law	six(shift(unknown,tangled_rope,tangled_rope,tangled_rope),[asymmetric,coordination,enforcement,has_beneficiaries],[no_exit_for_victims],actors(distributed,distributed),drift(rising,unknown,rising),zone(low,high))
suanne_coup_of_peace	six(shift(tangled_rope,tangled_rope,tangled_rope,tangled_rope),[asymmetric,coordination,enforcement,has_beneficiaries],[drifting_without_limit,no_exit_for_victims,unaccountable_extraction],actors(concentrated,distributed),drift(rising,unknown,rising),zone(extreme,extreme))
subscriber_attention_commons	six(shift(tangled_rope,tangled_rope,tangled_rope,tangled_rope),[asymmetric,coordination,enforcement,has_beneficiaries],[drifting_without_limit,no_exit_for_victims,unaccountable_extraction],actors(distributed,distributed),drift(rising,unknown,rising),zone(extreme,high))
subscription_economy_model	six(shift(tangled_rope,tangled_rope,tangled_rope,tangled_rope),[asymmetric,coordination,enforcement,has_beneficiaries],[drifting_without_limit,no_exit_for_victims,unaccountable_extraction],actors(distributed,distributed),drift(rising,unknown,rising),zone(extreme,high))
subscription_retention_imperative	six(shift(tangled_rope,scaffold,scaffold,tangled_rope),[coordination,has_beneficiaries,natural],[],actors(distributed,none),drift(stable,unknown,stable),zone(negligible,negligible))
substrate_as_unrecognized_archive	six(shift(mountain,mountain,mountain,mountain),[has_theater,natural],[],actors(none,none),drift(unknown,unknown,unknown),zone(negligible,negligible))
succession_crisis_as_strategic_outcome	six(shift(mountain,mountain,mountain,mountain),[has_temporal_data,natural],[],actors(none,none),drift(stable,unknown,stable),zone(negligible,negligible))
suffering_ontology_mountain	six(shift(mountain,mountain,mountain,mountain),[has_temporal_data,natural],[],actors(none,none),drift(stable,unknown,stable),zone(negligible,negligible))
suffering_reduction_technology	six(shift(tangled_rope,tangled_rope,tangled_rope,tangled_rope),[asymmetric,coordination,enforcement,has_beneficiaries],[drifting_without_limit,no_exit_for_victims,unaccountable_extraction],actors(distributed,distributed),drift(rising,unknown,rising),zone(extreme,high))
sunk_cost_escalation	six(shift(unknown,unknown,tangled_rope,unknown),[asymmetric,enforcement,has_victims],[coercion_without_coordination,drifting_without_limit,no_exit_for_victims,unaccountable_extraction,undocumented_coordination],actors(none,distributed),drift(rising,unknown,rising),zone(extreme,high))
sunk_cost_fallacy_institutionalized	six(shift(tangled_rope,tangled_rope,tangled_rope,tangled_rope),[asymmetric,coordination,enforcement,has_beneficiaries],[drifting_without_limit,no_exit_for_victims,unaccountable_extraction],actors(distributed,distributed),drift(rising,unknown,rising),zone(extreme,extreme))
superbowl_advertising_extraction	six(shift(tangled_rope,tangled_rope,tangled_rope,tangled_rope),[asymmetric,coordination,enforcement,has_beneficiaries],[drifting_without_limit,no_exit_for_victims,unaccountable_extraction],actors(distributed,distributed),drift(rising,unknown,rising),zone(extreme,extreme))
supermassive_bh_coalescence_timescale	six(shift(mountain,mountain,mountain,mountain),[has_temporal_data,natural],[],actors(none,none),drift(stable,unknown,stable),zone(negligible,negligible))
supernova_early_warning_hierarchy	six(shift(tangled_rope,tangled_rope,tangled_rope,tangled_rope),[asymmetric,coordination,enforcement,has_beneficiaries],[drifting_without_limit,no_exit_for_victims,unaccountable_extraction],actors(distributed,distributed),drift(rising,unknown,rising),zone(extreme,extreme))
supplement_industry_regulatory_capture	six(shift(tangled_rope,tangled_rope,tangled_rope,tangled_rope),[asymmetric,coordination,enforcement,has_beneficiaries],[drifting_without_limit,no_exit_for_victims,unaccountable_extraction],actors(distributed,distributed),drift(rising,unknown,rising),zone(extreme,extreme))
supplement_marketing_claims_verification	six(shift(tangled_rope,tangled_rope,rope,snare),[asymmetric,coordination,enforcement,has_beneficiaries],[drifting_without_limit,no_exit_for_victims,unaccountable_extraction],actors(distributed,distributed),drift(rising,unknown,rising),zone(extreme,extreme))
supplier_consolidation_barrier	six(shift(tangled_rope,tangled_rope,tangled_rope,tangled_rope),[asymmetric,coordination,enforcement,has_beneficiaries],[drifting_without_limit,no_exit_for_victims,unaccountable_extraction],actors(concentrated,distributed),drift(rising,unknown,rising),zone(extreme,extreme))
supply_chain_brittleness	six(shift(tangled_rope,tangled_rope,tangled_rope,tangled_rope),[asymmetric,coordination,enforcement,has_beneficiaries],[drifting_without_limit,no_exit_for_victims,unaccountable_extraction],actors(distributed,distributed),drift(rising,unknown,rising),zone(extreme,extreme))
supply_chain_concentration	six(shift(tangled_rope,tangled_rope,tangled_rope,tangled_rope),[asymmetric,coordination,enforcement,has_beneficiaries],[drifting_without_limit,no_exit_for_victims,unaccountable_extraction],actors(distributed,distributed),drift(rising,unknown,rising),zone(extreme,extreme))
supply_chain_data_asymmetry	six(shift(tangled_rope,tangled_rope,tangled_rope,tangled_rope),[asymmetric,coordination,enforcement,has_beneficiaries],[drifting_without_limit,no_exit_for_victims,unaccountable_extraction],actors(distributed,distributed),drift(rising,unknown,rising),zone(extreme,extreme))
supply_chain_fragility	six(shift(tangled_rope,tangled_rope,tangled_rope,tangled_rope),[asymmetric,coordination,enforcement,has_beneficiaries],[drifting_without_limit,no_exit_for_victims,unaccountable_extraction],actors(distributed,distributed),drift(rising,unknown,rising),zone(extreme,extreme))
supply_chain_microarchitectural_vulnerability	six(shift(tangled_rope,tangled_rope,tangled_rope,tangled_rope),[asymmetric,coordination,enforcement,has_beneficiaries],[drifting_without_limit,no_exit_for_victims,unaccountable_extraction],actors(distributed,distributed),drift(rising,unknown,rising),zone(extreme,extreme))
supply_chain_monopoly_power	six(shift(tangled_rope,tangled_rope,tangled_rope,tangled_rope),[asymmetric,coordination,enforcement,has_beneficiaries],[drifting_without_limit,no_exit_for_victims,unaccountable_extraction],actors(concentrated,distributed),drift(rising,unknown,stable),zone(extreme,extreme))
suppression_escalation_cycle	six(shift(tangled_rope,tangled_rope,tangled_rope,tangled_rope),[asymmetric,coordination,enforcement,has_beneficiaries],[drifting_without_limit,no_exit_for_victims,unaccountable_extraction],actors(concentrated,distributed),drift(rising,unknown,rising),zone(extreme,extreme))
suppression_of_civil_society_assembly	six(shift(tangled_rope,snare,naturalized,snare),[asymmetric,coordination,enforcement,has_beneficiaries],[drifting_without_limit,no_exit_for_victims,unaccountable_extraction],actors(distributed,distributed),drift(rising,unknown,rising),zone(extreme,extreme))
surface_genus_classification	six(shift(mountain,mountain,mountain,mountain),[has_theater,natural],[],actors(none,none),drift(unknown,unknown,unknown),zone(negligible,negligible))
surveillance_authority_expansion	six(shift(tangled_rope,tangled_rope,tangled_rope,tangled_rope),[asymmetric,coordination,enforcement,has_beneficiaries],[drifting_without_limit,no_exit_for_victims,unaccountable_extraction],actors(distributed,distributed),drift(rising,unknown,rising),zone(extreme,extreme))
surveillance_capitalism	six(shift(tangled_rope,snare,rope,snare),[asymmetric,coordination,enforcement,has_beneficiaries],[drifting_without_limit,no_exit_for_victims,unaccountable_extraction],actors(distributed,distributed),drift(rising,unknown,rising),zone(extreme,extreme))
surveillance_capitalist_extraction	six(shift(snare,snare,rope,snare),[asymmetric,coordination,enforcement,has_beneficiaries],[drifting_without_limit,no_exit_for_victims,unaccountable_extraction],actors(distributed,distributed),drift(rising,unknown,rising),zone(extreme,extreme))
suslin_hypothesis	six(shift(mountain,mountain,mountain,mountain),[has_temporal_data,natural],[],actors(none,none),drift(stable,unknown,stable),zone(negligible,negligible))
suslin_hypothesis_undecidability	six(shift(mountain,mountain,mountain,mountain),[has_temporal_data,natural],[],actors(none,none),drift(stable,unknown,stable),zone(negligible,negligible))
swift_correspondent_banking_restrictions	six(shift(tangled_rope,snare,rope,snare),[asymmetric,coordination,enforcement,has_beneficiaries],[drifting_without_limit,no_exit_for_victims,unaccountable_extraction],actors(distributed,distributed),drift(rising,unknown,rising),zone(extreme,extreme))
swift_legacy_piton	six(shift(tangled_rope,tangled_rope,tangled_rope,tangled_rope),[asymmetric,coordination,has_beneficiaries],[],actors(distributed,distributed),drift(falling,unknown,rising),zone(negligible,high))
swift_settlement_architecture	six(shift(tangled_rope,tangled_rope,tangled_rope,tangled_rope),[asymmetric,coordination,enforcement,has_beneficiaries],[drifting_without_limit,no_exit_for_victims,unaccountable_extraction],actors(distributed,distributed),drift(rising,unknown,rising),zone(extreme,extreme))
switching_cost_economies	six(shift(tangled_rope,tangled_rope,tangled_rope,tangled_rope),[asymmetric,coordination,enforcement,has_beneficiaries],[drifting_without_limit,no_exit_for_victims,unaccountable_extraction],actors(distributed,distributed),drift(rising,unknown,rising),zone(extreme,extreme))
switching_cost_lock_in	six(shift(tangled_rope,tangled_rope,tangled_rope,tangled_rope),[asymmetric,coordination,enforcement,has_beneficiaries],[drifting_without_limit,no_exit_for_victims,unaccountable_extraction],actors(distributed,distributed),drift(rising,unknown,rising),zone(extreme,extreme))
sylow_theorems	six(shift(mountain,mountain,mountain,mountain),[has_temporal_data,natural],[],actors(none,none),drift(stable,unknown,stable),zone(negligible,negligible))
sylow_theorems_group_theory	six(shift(mountain,mountain,mountain,mountain),[has_theater,natural],[],actors(none,none),drift(unknown,unknown,unknown),zone(negligible,negligible))
symmetry_breaking_constraint	six(shift(mountain,mountain,mountain,mountain),[has_temporal_data,natural],[],actors(none,none),drift(stable,unknown,stable),zone(negligible,negligible))
synaptic_plasticity_timescales	six(shift(tangled_rope,tangled_rope,tangled_rope,tangled_rope),[asymmetric,coordination,enforcement,has_beneficiaries],[no_exit_for_victims],actors(distributed,distributed),drift(rising,unknown,rising),zone(low,high))
synthetic_consciousness_moral_status	six(shift(tangled_rope,tangled_rope,rope,snare),[asymmetric,coordination,enforcement,has_beneficiaries],[drifting_without_limit,no_exit_for_victims,unaccountable_extraction],actors(distributed,distributed),drift(rising,unknown,rising),zone(extreme,extreme))
synthetic_data_authenticity	six(shift(tangled_rope,tangled_rope,tangled_rope,tangled_rope),[asymmetric,coordination,enforcement,has_beneficiaries],[drifting_without_limit,no_exit_for_victims,unaccountable_extraction],actors(distributed,distributed),drift(rising,unknown,rising),zone(extreme,extreme))
synthetic_data_feedback_loop	six(shift(tangled_rope,tangled_rope,tangled_rope,tangled_rope),[asymmetric,coordination,enforcement,has_beneficiaries],[drifting_without_limit,no_exit_for_victims,unaccountable_extraction],actors(distributed,distributed),drift(rising,unknown,rising),zone(extreme,extreme))
synthetic_data_governance_gap	six(shift(tangled_rope,tangled_rope,tangled_rope,tangled_rope),[asymmetric,coordination,enforcement,has_beneficiaries],[drifting_without_limit,no_exit_for_victims,unaccountable_extraction],actors(distributed,distributed),drift(rising,unknown,rising),zone(extreme,extreme))
synthetic_information_reliability	six(shift(tangled_rope,tangled_rope,tangled_rope,tangled_rope),[asymmetric,coordination,enforcement,has_beneficiaries],[drifting_without_limit,no_exit_for_victims,unaccountable_extraction],actors(distributed,distributed),drift(rising,unknown,rising),zone(extreme,extreme))
synthetic_media_liability_frameworks	six(shift(tangled_rope,tangled_rope,tangled_rope,tangled_rope),[asymmetric,coordination,enforcement,has_beneficiaries],[drifting_without_limit,no_exit_for_victims,unaccountable_extraction],actors(distributed,distributed),drift(rising,unknown,rising),zone(extreme,extreme))
synthetic_text_detection_arms_race	six(shift(tangled_rope,tangled_rope,tangled_rope,tangled_rope),[asymmetric,coordination,enforcement,has_beneficiaries],[drifting_without_limit,no_exit_for_victims,unaccountable_extraction],actors(distributed,distributed),drift(rising,unknown,rising),zone(extreme,high))
syrian_state_capacity_recovery	six(shift(tangled_rope,tangled_rope,tangled_rope,tangled_rope),[asymmetric,coordination,enforcement,has_beneficiaries],[drifting_without_limit,no_exit_for_victims,unaccountable_extraction],actors(distributed,distributed),drift(falling,unknown,rising),zone(extreme,extreme))
system_reproduction_through_substitution	six(shift(mountain,mountain,mountain,mountain),[has_theater,natural],[],actors(none,none),drift(unknown,unknown,unknown),zone(negligible,negligible))
systemic_cascade_resilience	six(shift(tangled_rope,tangled_rope,tangled_rope,tangled_rope),[asymmetric,coordination,enforcement,has_beneficiaries],[drifting_without_limit,no_exit_for_victims,unaccountable_extraction],actors(distributed,distributed),drift(rising,unknown,rising),zone(extreme,extreme))
systemic_fragility_cascades	six(shift(tangled_rope,tangled_rope,tangled_rope,tangled_rope),[asymmetric,enforcement,has_victims],[coercion_without_coordination,drifting_without_limit,no_exit_for_victims,unaccountable_extraction,undocumented_coordination],actors(none,distributed),drift(rising,unknown,rising),zone(extreme,extreme))
tail_event_cascade_coupling	six(shift(tangled_rope,snare,naturalized,snare),[asymmetric,coordination,enforcement,has_beneficiaries],[drifting_without_limit,no_exit_for_victims,unaccountable_extraction],actors(distributed,distributed),drift(rising,unknown,rising),zone(extreme,extreme))
tail_risk_compression	six(shift(tangled_rope,tangled_rope,tangled_rope,tangled_rope),[asymmetric,coordination,enforcement,has_beneficiaries],[drifting_without_limit,no_exit_for_victims,unaccountable_extraction],actors(distributed,distributed),drift(rising,unknown,rising),zone(extreme,extreme))
taiwan_existential_sovereignty	six(shift(tangled_rope,tangled_rope,tangled_rope,tangled_rope),[asymmetric,coordination,enforcement,has_beneficiaries],[drifting_without_limit,no_exit_for_victims,unaccountable_extraction],actors(distributed,distributed),drift(rising,unknown,falling),zone(extreme,extreme))
taiwan_semiconductor_concentration	six(shift(tangled_rope,snare,rope,snare),[asymmetric,coordination,enforcement,has_beneficiaries],[drifting_without_limit,no_exit_for_victims,unaccountable_extraction],actors(distributed,distributed),drift(rising,unknown,rising),zone(extreme,extreme))
taiwan_semiconductor_dependency	six(shift(tangled_rope,tangled_rope,tangled_rope,tangled_rope),[asymmetric,coordination,enforcement,has_beneficiaries],[drifting_without_limit,no_exit_for_victims,unaccountable_extraction],actors(distributed,distributed),drift(rising,unknown,rising),zone(extreme,extreme))
taiwan_storm_2026	six(shift(naturalized,tangled_rope,rope,snare),[asymmetric,coordination,enforcement,has_beneficiaries],[drifting_without_limit,no_exit_for_victims,unaccountable_extraction],actors(distributed,distributed),drift(rising,unknown,falling),zone(extreme,extreme))
taiwan_strait_hegemony_shift	six(shift(tangled_rope,snare,rope,snare),[asymmetric,coordination,enforcement,has_beneficiaries],[drifting_without_limit,no_exit_for_victims,unaccountable_extraction],actors(concentrated,distributed),drift(rising,unknown,falling),zone(extreme,extreme))
taiwan_strait_military_balance	six(shift(tangled_rope,tangled_rope,tangled_rope,tangled_rope),[asymmetric,coordination,enforcement,has_beneficiaries],[drifting_without_limit,no_exit_for_victims,unaccountable_extraction],actors(distributed,distributed),drift(rising,unknown,rising),zone(extreme,extreme))
taiwan_university_application_system	six(shift(tangled_rope,tangled_rope,tangled_rope,tangled_rope),[asymmetric,coordination,enforcement,has_beneficiaries],[drifting_without_limit,no_exit_for_victims,unaccountable_extraction],actors(distributed,distributed),drift(rising,unknown,rising),zone(extreme,extreme))
taliban_slavery_law_2024	six(shift(tangled_rope,snare,rope,snare),[asymmetric,coordination,enforcement,has_beneficiaries],[drifting_without_limit,no_exit_for_victims,unaccountable_extraction],actors(distributed,distributed),drift(rising,unknown,rising),zone(extreme,extreme))
tarski_undefinability_theorem	six(shift(mountain,mountain,mountain,mountain),[has_temporal_data,natural],[],actors(none,none),drift(stable,unknown,rising),zone(negligible,negligible))
tarskis_undefinability	six(shift(mountain,mountain,mountain,mountain),[has_temporal_data,natural],[],actors(none,none),drift(stable,unknown,stable),zone(negligible,negligible))
taste_formation_monopoly	six(shift(tangled_rope,tangled_rope,tangled_rope,tangled_rope),[asymmetric,coordination,enforcement,has_beneficiaries],[drifting_without_limit,no_exit_for_victims,unaccountable_extraction],actors(distributed,distributed),drift(rising,unknown,rising),zone(extreme,extreme))
tax_haven_capital_flight	six(shift(tangled_rope,tangled_rope,tangled_rope,tangled_rope),[asymmetric,coordination,enforcement,has_beneficiaries],[drifting_without_limit,no_exit_for_victims,unaccountable_extraction],actors(distributed,distributed),drift(rising,unknown,rising),zone(extreme,extreme))
taxonomy_as_meta_parable	six(shift(tangled_rope,snare,rope,snare),[asymmetric,coordination,enforcement,has_beneficiaries],[drifting_without_limit,no_exit_for_victims,unaccountable_extraction],actors(distributed,distributed),drift(rising,unknown,rising),zone(extreme,extreme))
tcp_congestion_control	six(shift(tangled_rope,tangled_rope,rope,tangled_rope),[asymmetric,coordination,enforcement,has_beneficiaries],[no_exit_for_victims],actors(distributed,distributed),drift(rising,unknown,rising),zone(low,high))
teaching_horses_to_sing	six(shift(snare,snare,rope,snare),[asymmetric,enforcement,has_victims],[coercion_without_coordination,drifting_without_limit,no_exit_for_victims,unaccountable_extraction,undocumented_coordination],actors(none,distributed),drift(rising,unknown,rising),zone(extreme,extreme))
tear_gas_repression_2026	six(shift(tangled_rope,tangled_rope,tangled_rope,tangled_rope),[asymmetric,coordination,enforcement,has_beneficiaries],[drifting_without_limit,no_exit_for_victims,unaccountable_extraction],actors(concentrated,distributed),drift(rising,unknown,rising),zone(extreme,extreme))
technical_documentation_quality	six(shift(tangled_rope,tangled_rope,naturalized,tangled_rope),[asymmetric,coordination,enforcement,has_beneficiaries],[drifting_without_limit,no_exit_for_victims,unaccountable_extraction],actors(distributed,distributed),drift(rising,unknown,rising),zone(extreme,high))
technocratic_overreach	six(shift(tangled_rope,tangled_rope,tangled_rope,tangled_rope),[asymmetric,coordination,enforcement,has_beneficiaries],[drifting_without_limit,no_exit_for_victims,unaccountable_extraction],actors(distributed,distributed),drift(rising,unknown,rising),zone(extreme,extreme))
technological_lock_in	six(shift(tangled_rope,tangled_rope,tangled_rope,tangled_rope),[asymmetric,coordination,enforcement,has_beneficiaries],[drifting_without_limit,no_exit_for_victims,unaccountable_extraction],actors(distributed,distributed),drift(rising,unknown,rising),zone(extreme,extreme))
technological_point_of_no_return	six(shift(tangled_rope,tangled_rope,tangled_rope,tangled_rope),[asymmetric,coordination,enforcement,has_beneficiaries],[drifting_without_limit,no_exit_for_victims,unaccountable_extraction],actors(distributed,distributed),drift(rising,unknown,rising),zone(extreme,extreme))
technological_substrate_lock_in	six(shift(tangled_rope,tangled_rope,tangled_rope,tangled_rope),[asymmetric,coordination,enforcement,has_beneficiaries],[drifting_without_limit,no_exit_for_victims,unaccountable_extraction],actors(distributed,distributed),drift(rising,unknown,rising),zone(extreme,extreme))
technology_deployment_velocity	six(shift(tangled_rope,tangled_rope,tangled_rope,tangled_rope),[asymmetric,coordination,enforcement,has_beneficiaries],[drifting_without_limit,no_exit_for_victims,unaccountable_extraction],actors(distributed,distributed),drift(rising,unknown,rising),zone(extreme,high))
technology_export_controls	six(shift(tangled_rope,tangled_rope,tangled_rope,tangled_rope),[asymmetric,coordination,enforcement,has_beneficiaries],[drifting_without_limit,no_exit_for_victims,unaccountable_extraction],actors(distributed,distributed),drift(rising,unknown,rising),zone(extreme,extreme))
temporal_asymmetry_of_obligation	six(shift(tangled_rope,tangled_rope,tangled_rope,tangled_rope),[asymmetric,coordination,enforcement,has_beneficiaries],[no_exit_for_victims],actors(distributed,distributed),drift(rising,unknown,rising),zone(low,high))
temporal_mismatch_governance	six(shift(tangled_rope,tangled_rope,tangled_rope,tangled_rope),[asymmetric,coordination,enforcement,has_beneficiaries],[drifting_without_limit,no_exit_for_victims,unaccountable_extraction],actors(distributed,distributed),drift(rising,unknown,rising),zone(extreme,extreme))
temporal_perception_mismatch	six(shift(mountain,mountain,mountain,mountain),[has_theater,natural],[],actors(none,none),drift(unknown,unknown,unknown),zone(negligible,negligible))
temporal_position_epistemology	six(shift(tangled_rope,tangled_rope,tangled_rope,tangled_rope),[asymmetric,coordination,enforcement,has_beneficiaries],[drifting_without_limit,no_exit_for_victims,unaccountable_extraction],actors(distributed,distributed),drift(rising,unknown,rising),zone(extreme,high))
temporal_scale_arbitrage	six(shift(tangled_rope,tangled_rope,tangled_rope,tangled_rope),[asymmetric,coordination,enforcement,has_beneficiaries],[drifting_without_limit,no_exit_for_victims,unaccountable_extraction],actors(distributed,distributed),drift(rising,unknown,rising),zone(extreme,extreme))
temporal_scarcity	six(shift(tangled_rope,tangled_rope,rope,tangled_rope),[asymmetric,coordination,enforcement,has_beneficiaries],[drifting_without_limit,no_exit_for_victims,unaccountable_extraction],actors(distributed,distributed),drift(rising,unknown,rising),zone(extreme,high))
tennis_court_oath_container_reclassification	six(shift(tangled_rope,tangled_rope,tangled_rope,tangled_rope),[asymmetric,coordination,enforcement,has_beneficiaries],[drifting_without_limit,no_exit_for_victims,unaccountable_extraction],actors(distributed,distributed),drift(rising,unknown,stable),zone(extreme,extreme))
tenure_protection_lock	six(shift(tangled_rope,tangled_rope,tangled_rope,tangled_rope),[asymmetric,coordination,enforcement,has_beneficiaries],[drifting_without_limit,no_exit_for_victims,unaccountable_extraction],actors(distributed,distributed),drift(rising,unknown,rising),zone(extreme,extreme))
terms_of_trade_volatility	six(shift(tangled_rope,tangled_rope,tangled_rope,tangled_rope),[asymmetric,coordination,enforcement,has_beneficiaries],[drifting_without_limit,no_exit_for_victims,unaccountable_extraction],actors(distributed,distributed),drift(rising,unknown,rising),zone(extreme,extreme))
terrain_inaccessibility_wheeled_vehicles	six(shift(mountain,mountain,mountain,mountain),[has_theater,natural],[],actors(none,none),drift(unknown,unknown,unknown),zone(negligible,negligible))
terrestrial_mobile_incumbent_protection	six(shift(tangled_rope,tangled_rope,tangled_rope,tangled_rope),[asymmetric,coordination,enforcement,has_beneficiaries],[drifting_without_limit,no_exit_for_victims,unaccountable_extraction],actors(concentrated,distributed),drift(rising,unknown,rising),zone(extreme,extreme))
territory_selection_logic	six(shift(tangled_rope,tangled_rope,naturalized,snare),[asymmetric,coordination,enforcement,has_beneficiaries],[drifting_without_limit,no_exit_for_victims,unaccountable_extraction],actors(distributed,distributed),drift(rising,unknown,rising),zone(extreme,extreme))
testimony_evidence_asymmetry	six(shift(tangled_rope,tangled_rope,tangled_rope,tangled_rope),[coordination,has_beneficiaries],[],actors(distributed,none),drift(unknown,unknown,unknown),zone(negligible,low))
texas_hispanic_political_pivot	six(shift(naturalized,tangled_rope,naturalized,snare),[asymmetric,coordination,enforcement,has_beneficiaries],[drifting_without_limit,no_exit_for_victims,unaccountable_extraction],actors(distributed,distributed),drift(rising,unknown,rising),zone(extreme,extreme))
textual_criticism_authority_structure	six(shift(tangled_rope,tangled_rope,tangled_rope,tangled_rope),[asymmetric,coordination,enforcement,has_beneficiaries],[drifting_without_limit,no_exit_for_victims,unaccountable_extraction],actors(distributed,distributed),drift(rising,unknown,rising),zone(extreme,extreme))
thai_article_112_mountain	six(shift(mountain,rope,rope,mountain),[has_temporal_data,natural],[],actors(none,none),drift(unknown,unknown,rising),zone(negligible,negligible))
thai_cambodian_military_asymmetry	six(shift(tangled_rope,tangled_rope,tangled_rope,tangled_rope),[asymmetric,coordination,enforcement,has_beneficiaries],[drifting_without_limit,no_exit_for_victims,unaccountable_extraction],actors(distributed,distributed),drift(rising,unknown,rising),zone(extreme,extreme))
thai_dissent_suppression_mechanisms	six(shift(tangled_rope,snare,tangled_rope,snare),[asymmetric,coordination,enforcement,has_beneficiaries],[drifting_without_limit,no_exit_for_victims,unaccountable_extraction],actors(distributed,distributed),drift(rising,unknown,rising),zone(extreme,extreme))
thai_electoral_mandate_legitimacy	six(shift(tangled_rope,tangled_rope,rope,snare),[asymmetric,coordination,enforcement,has_beneficiaries],[drifting_without_limit,no_exit_for_victims,unaccountable_extraction],actors(distributed,distributed),drift(rising,unknown,rising),zone(extreme,extreme))
thai_emergency_decree_framework	six(shift(tangled_rope,snare,rope,snare),[asymmetric,coordination,enforcement,has_beneficiaries],[drifting_without_limit,no_exit_for_victims,unaccountable_extraction],actors(distributed,distributed),drift(rising,unknown,rising),zone(extreme,extreme))
thai_press_freedom_landscape	six(shift(tangled_rope,snare,rope,snare),[asymmetric,coordination,enforcement,has_beneficiaries],[drifting_without_limit,no_exit_for_victims,unaccountable_extraction],actors(distributed,distributed),drift(rising,unknown,rising),zone(extreme,extreme))
thai_senate_veto_2026	six(shift(tangled_rope,tangled_rope,rope,snare),[asymmetric,coordination,enforcement,has_beneficiaries],[drifting_without_limit,no_exit_for_victims,unaccountable_extraction],actors(distributed,distributed),drift(rising,unknown,rising),zone(extreme,extreme))
the_calm_protocol_suppression	six(shift(tangled_rope,tangled_rope,tangled_rope,tangled_rope),[asymmetric,coordination,enforcement,has_beneficiaries],[drifting_without_limit,no_exit_for_victims,unaccountable_extraction],actors(distributed,distributed),drift(rising,unknown,rising),zone(extreme,extreme))
the_churn_systemic_upheaval	six(shift(tangled_rope,tangled_rope,tangled_rope,tangled_rope),[asymmetric,coordination,enforcement,has_beneficiaries],[drifting_without_limit,no_exit_for_victims,unaccountable_extraction],actors(distributed,distributed),drift(rising,unknown,rising),zone(extreme,extreme))
the_trivial_topology	six(shift(tangled_rope,tangled_rope,tangled_rope,tangled_rope),[asymmetric,coordination,enforcement,has_beneficiaries],[drifting_without_limit,no_exit_for_victims,unaccountable_extraction],actors(distributed,distributed),drift(rising,unknown,rising),zone(extreme,high))
the_wall_procedural_barrier	six(shift(tangled_rope,tangled_rope,tangled_rope,tangled_rope),[asymmetric,coordination,enforcement,has_beneficiaries],[drifting_without_limit,no_exit_for_victims,unaccountable_extraction],actors(distributed,distributed),drift(rising,unknown,rising),zone(extreme,extreme))
theatrical_neutrality	six(shift(tangled_rope,tangled_rope,tangled_rope,tangled_rope),[asymmetric,coordination,enforcement,has_beneficiaries],[drifting_without_limit,no_exit_for_victims,unaccountable_extraction],actors(distributed,distributed),drift(rising,unknown,rising),zone(extreme,extreme))
theory_laden_perception	six(shift(mountain,mountain,mountain,mountain),[has_theater,natural],[],actors(none,none),drift(unknown,unknown,unknown),zone(negligible,negligible))
therapeutic_authority_asymmetry	six(shift(tangled_rope,tangled_rope,tangled_rope,tangled_rope),[asymmetric,coordination,enforcement,has_beneficiaries],[drifting_without_limit,no_exit_for_victims,unaccountable_extraction],actors(distributed,distributed),drift(rising,unknown,rising),zone(extreme,extreme))
therapeutic_relationship_power_differential	six(shift(tangled_rope,tangled_rope,rope,snare),[asymmetric,coordination,enforcement,has_beneficiaries],[drifting_without_limit,no_exit_for_victims,unaccountable_extraction],actors(distributed,distributed),drift(rising,unknown,rising),zone(extreme,extreme))
thermodynamic_arrow_of_time	six(shift(mountain,mountain,mountain,mountain),[has_temporal_data,natural],[],actors(none,none),drift(stable,unknown,stable),zone(negligible,negligible))
thermodynamic_second_law	six(shift(mountain,mountain,mountain,mountain),[has_temporal_data,natural],[],actors(none,none),drift(stable,unknown,stable),zone(negligible,negligible))
thermodynamics_entropy	six(shift(mountain,mountain,mountain,mountain),[has_temporal_data,natural],[],actors(none,none),drift(stable,unknown,stable),zone(negligible,negligible))
third_country_partnership_extraction	six(shift(tangled_rope,tangled_rope,tangled_rope,tangled_rope),[asymmetric,coordination,enforcement,has_beneficiaries],[drifting_without_limit,no_exit_for_victims,unaccountable_extraction],actors(distributed,distributed),drift(rising,unknown,rising),zone(extreme,extreme))
three_body_problem	six(shift(mountain,mountain,mountain,mountain),[has_temporal_data,natural],[],actors(none,none),drift(stable,unknown,stable),zone(negligible,negligible))
three_body_unpredicability	six(shift(mountain,mountain,mountain,mountain),[has_temporal_data,natural],[],actors(none,none),drift(stable,unknown,stable),zone(negligible,negligible))
thurston_geometrization	six(shift(mountain,mountain,mountain,mountain),[has_theater,natural],[],actors(none,none),drift(unknown,unknown,unknown),zone(negligible,negligible))
title_registry_blockchain_adoption	six(shift(tangled_rope,tangled_rope,tangled_rope,tangled_rope),[asymmetric,coordination,enforcement,has_beneficiaries],[drifting_without_limit,no_exit_for_victims,unaccountable_extraction],actors(distributed,distributed),drift(rising,unknown,rising),zone(extreme,extreme))
tls_version_fragmentation	six(shift(tangled_rope,tangled_rope,naturalized,tangled_rope),[asymmetric,coordination,enforcement,has_beneficiaries],[drifting_without_limit,no_exit_for_victims,unaccountable_extraction],actors(distributed,distributed),drift(rising,unknown,rising),zone(extreme,high))
topological_degree_conservation	six(shift(mountain,mountain,mountain,mountain),[has_temporal_data,natural],[],actors(none,none),drift(stable,unknown,stable),zone(negligible,negligible))
topological_invariant_universality	six(shift(mountain,mountain,mountain,mountain),[has_temporal_data,natural],[],actors(none,none),drift(stable,unknown,stable),zone(negligible,negligible))
toy_industry_consolidation	six(shift(tangled_rope,tangled_rope,tangled_rope,tangled_rope),[asymmetric,coordination,enforcement,has_beneficiaries],[drifting_without_limit,no_exit_for_victims,unaccountable_extraction],actors(distributed,distributed),drift(rising,unknown,rising),zone(extreme,extreme))
toy_industry_market_concentration	six(shift(tangled_rope,tangled_rope,tangled_rope,tangled_rope),[asymmetric,coordination,enforcement,has_beneficiaries],[drifting_without_limit,no_exit_for_victims,unaccountable_extraction],actors(distributed,distributed),drift(rising,unknown,rising),zone(extreme,extreme))
trade_secret_law	six(shift(tangled_rope,tangled_rope,tangled_rope,tangled_rope),[asymmetric,coordination,enforcement,has_beneficiaries],[drifting_without_limit,no_exit_for_victims,unaccountable_extraction],actors(distributed,distributed),drift(rising,unknown,rising),zone(extreme,extreme))
trademark_enforcement_scope_creep	six(shift(tangled_rope,tangled_rope,tangled_rope,tangled_rope),[asymmetric,coordination,enforcement,has_beneficiaries],[drifting_without_limit,no_exit_for_victims,unaccountable_extraction],actors(distributed,distributed),drift(rising,unknown,rising),zone(extreme,extreme))
trademark_protection_mechanism	six(shift(tangled_rope,tangled_rope,naturalized,tangled_rope),[asymmetric,coordination,enforcement,has_beneficiaries],[drifting_without_limit,no_exit_for_victims,unaccountable_extraction],actors(distributed,distributed),drift(rising,unknown,rising),zone(extreme,high))
tragedy_of_commons_mechanism	six(shift(tangled_rope,tangled_rope,tangled_rope,tangled_rope),[asymmetric,coordination,enforcement,has_beneficiaries],[no_exit_for_victims],actors(concentrated,distributed),drift(rising,unknown,rising),zone(low,high))
tragedy_of_the_commons	six(shift(tangled_rope,tangled_rope,tangled_rope,tangled_rope),[asymmetric,coordination,enforcement,has_beneficiaries],[drifting_without_limit,no_exit_for_victims,unaccountable_extraction],actors(concentrated,distributed),drift(rising,unknown,rising),zone(extreme,extreme))
training_data_concentration	six(shift(tangled_rope,tangled_rope,tangled_rope,tangled_rope),[asymmetric,coordination,enforcement,has_beneficiaries],[drifting_without_limit,no_exit_for_victims,unaccountable_extraction],actors(distributed,distributed),drift(rising,unknown,rising),zone(extreme,extreme))
training_data_integrity	six(shift(tangled_rope,tangled_rope,tangled_rope,tangled_rope),[asymmetric,coordination,enforcement,has_beneficiaries],[drifting_without_limit,no_exit_for_victims,unaccountable_extraction],actors(distributed,distributed),drift(rising,unknown,rising),zone(extreme,extreme))
training_volume_dose_response	six(shift(tangled_rope,tangled_rope,tangled_rope,tangled_rope),[coordination,has_beneficiaries],[],actors(distributed,none),drift(stable,unknown,stable),zone(negligible,low))
trajans_bridge_lifecycle	six(shift(tangled_rope,tangled_rope,tangled_rope,tangled_rope),[asymmetric,coordination,enforcement,has_beneficiaries],[drifting_without_limit,no_exit_for_victims,unaccountable_extraction],actors(distributed,distributed),drift(falling,unknown,rising),zone(extreme,extreme))
transfer_as_policy_consensus	six(shift(tangled_rope,tangled_rope,rope,tangled_rope),[asymmetric,coordination,enforcement,has_beneficiaries],[no_exit_for_victims],actors(distributed,distributed),drift(rising,unknown,rising),zone(low,extreme))
transfinite_recursion_axioms	six(shift(mountain,mountain,mountain,mountain),[has_temporal_data,natural],[],actors(none,none),drift(stable,unknown,stable),zone(negligible,negligible))
transformation_as_threshold_marker	six(shift(snare,snare,naturalized,snare),[asymmetric,coordination,enforcement,has_beneficiaries],[drifting_without_limit,no_exit_for_victims,unaccountable_extraction],actors(distributed,distributed),drift(rising,unknown,rising),zone(extreme,extreme))
transformation_authenticity_verification	six(shift(tangled_rope,tangled_rope,tangled_rope,tangled_rope),[asymmetric,coordination,enforcement,has_beneficiaries],[drifting_without_limit,no_exit_for_victims,unaccountable_extraction],actors(distributed,distributed),drift(rising,unknown,rising),zone(extreme,extreme))
transformer_self_attention	six(shift(tangled_rope,tangled_rope,tangled_rope,tangled_rope),[asymmetric,coordination,enforcement,has_beneficiaries],[no_exit_for_victims],actors(distributed,distributed),drift(rising,unknown,rising),zone(low,high))
transient_event_detection	six(shift(tangled_rope,tangled_rope,tangled_rope,tangled_rope),[asymmetric,coordination,enforcement,has_beneficiaries],[no_exit_for_victims],actors(distributed,distributed),drift(rising,unknown,rising),zone(low,high))
translation_labor_exhaustion	six(shift(tangled_rope,tangled_rope,rope,tangled_rope),[asymmetric,coordination,enforcement,has_beneficiaries],[drifting_without_limit,no_exit_for_victims,unaccountable_extraction],actors(distributed,distributed),drift(rising,unknown,rising),zone(extreme,extreme))
transmissibility_asymmetry	six(shift(tangled_rope,scaffold,scaffold,tangled_rope),[coordination,has_beneficiaries,natural],[],actors(distributed,none),drift(stable,unknown,stable),zone(negligible,negligible))
transplant_center_competition	six(shift(tangled_rope,tangled_rope,rope,snare),[asymmetric,coordination,enforcement,has_beneficiaries],[drifting_without_limit,no_exit_for_victims,unaccountable_extraction],actors(distributed,distributed),drift(rising,unknown,rising),zone(extreme,extreme))
transplant_center_outcome_gaming	six(shift(tangled_rope,tangled_rope,tangled_rope,tangled_rope),[asymmetric,coordination,enforcement,has_beneficiaries],[drifting_without_limit,no_exit_for_victims,unaccountable_extraction],actors(distributed,distributed),drift(rising,unknown,rising),zone(extreme,extreme))
trauma_bonding_attachment	six(shift(tangled_rope,tangled_rope,tangled_rope,tangled_rope),[asymmetric,enforcement,has_victims],[coercion_without_coordination,drifting_without_limit,no_exit_for_victims,unaccountable_extraction,undocumented_coordination],actors(none,concentrated),drift(rising,unknown,rising),zone(extreme,extreme))
trauma_reenactment_cycle	six(shift(tangled_rope,tangled_rope,tangled_rope,tangled_rope),[asymmetric,enforcement,has_victims],[coercion_without_coordination,drifting_without_limit,no_exit_for_victims,unaccountable_extraction,undocumented_coordination],actors(none,concentrated),drift(rising,unknown,rising),zone(extreme,extreme))
traveling_salesman_problem	six(shift(mountain,mountain,mountain,mountain),[has_temporal_data,natural],[],actors(none,none),drift(stable,unknown,stable),zone(negligible,negligible))
traveling_salesman_routing_hardness	six(shift(mountain,mountain,mountain,mountain),[has_temporal_data,natural],[],actors(none,none),drift(stable,unknown,stable),zone(negligible,negligible))
traveling_salesperson_problem	six(shift(tangled_rope,tangled_rope,tangled_rope,tangled_rope),[asymmetric,coordination,enforcement,has_beneficiaries],[no_exit_for_victims],actors(distributed,distributed),drift(rising,unknown,rising),zone(low,high))
triadic_care_arbitrage	six(shift(naturalized,tangled_rope,rope,tangled_rope),[asymmetric,coordination,enforcement,has_beneficiaries],[drifting_without_limit,no_exit_for_victims,unaccountable_extraction],actors(distributed,distributed),drift(rising,unknown,rising),zone(extreme,extreme))
trial_of_socrates_low_bandwidth_inner	six(shift(tangled_rope,tangled_rope,tangled_rope,tangled_rope),[asymmetric,coordination,enforcement,has_beneficiaries],[drifting_without_limit,no_exit_for_victims,unaccountable_extraction],actors(distributed,distributed),drift(rising,unknown,rising),zone(extreme,extreme))
tribal_epistemology	six(shift(tangled_rope,tangled_rope,tangled_rope,tangled_rope),[asymmetric,coordination,enforcement,has_beneficiaries],[drifting_without_limit,no_exit_for_victims,unaccountable_extraction],actors(concentrated,distributed),drift(rising,unknown,rising),zone(extreme,extreme))
tribal_identity_entrenchment	six(shift(tangled_rope,tangled_rope,tangled_rope,tangled_rope),[asymmetric,coordination,enforcement,has_beneficiaries],[drifting_without_limit,no_exit_for_victims,unaccountable_extraction],actors(distributed,distributed),drift(rising,unknown,rising),zone(extreme,extreme))
tributary_labor_obligation_system	six(shift(snare,snare,rope,snare),[asymmetric,coordination,enforcement,has_beneficiaries],[drifting_without_limit,no_exit_for_victims,unaccountable_extraction],actors(distributed,distributed),drift(rising,unknown,rising),zone(extreme,extreme))
trillion_bond_rush_2026	six(shift(tangled_rope,tangled_rope,tangled_rope,tangled_rope),[asymmetric,coordination,enforcement,has_beneficiaries],[drifting_without_limit,no_exit_for_victims,unaccountable_extraction],actors(distributed,distributed),drift(rising,unknown,rising),zone(extreme,extreme))
trivia_accumulation	six(shift(tangled_rope,tangled_rope,rope,tangled_rope),[asymmetric,coordination,enforcement,has_beneficiaries],[no_exit_for_victims],actors(distributed,distributed),drift(rising,unknown,rising),zone(low,high))
trophic_cascade_regulation	six(shift(mountain,mountain,mountain,mountain),[has_theater,natural],[],actors(none,none),drift(unknown,unknown,unknown),zone(negligible,negligible))
tropical_forest_tenure_insecurity	six(shift(tangled_rope,tangled_rope,tangled_rope,tangled_rope),[asymmetric,coordination,enforcement,has_beneficiaries],[drifting_without_limit,no_exit_for_victims,unaccountable_extraction],actors(distributed,distributed),drift(rising,unknown,rising),zone(extreme,extreme))
trump_epa_greenhouse_gas_reversal	six(shift(naturalized,tangled_rope,rope,snare),[asymmetric,coordination,enforcement,has_beneficiaries],[drifting_without_limit,no_exit_for_victims,unaccountable_extraction],actors(distributed,distributed),drift(rising,unknown,falling),zone(extreme,extreme))
trump_indian_tariffs_2026	six(shift(tangled_rope,tangled_rope,naturalized,tangled_rope),[asymmetric,coordination,enforcement,has_beneficiaries],[drifting_without_limit,no_exit_for_victims,unaccountable_extraction],actors(distributed,distributed),drift(rising,unknown,rising),zone(extreme,high))
trust_asymmetry	six(shift(tangled_rope,tangled_rope,tangled_rope,tangled_rope),[asymmetric,coordination,enforcement,has_beneficiaries],[drifting_without_limit,no_exit_for_victims,unaccountable_extraction],actors(distributed,distributed),drift(rising,unknown,rising),zone(extreme,extreme))
trust_boundary_architecture	six(shift(scaffold,scaffold,scaffold,unknown),[asymmetric,coordination,has_beneficiaries],[no_exit_for_victims,self_sustaining_extraction],actors(distributed,distributed),drift(rising,unknown,rising),zone(low,high))
trust_capital_depletion	six(shift(tangled_rope,tangled_rope,tangled_rope,tangled_rope),[asymmetric,coordination,enforcement,has_beneficiaries],[drifting_without_limit,no_exit_for_victims,unaccountable_extraction],actors(concentrated,distributed),drift(rising,unknown,rising),zone(extreme,extreme))
tsmc_geopolitical_dependency	six(shift(tangled_rope,tangled_rope,tangled_rope,tangled_rope),[asymmetric,coordination,enforcement,has_beneficiaries],[drifting_without_limit,no_exit_for_victims,unaccountable_extraction],actors(distributed,distributed),drift(rising,unknown,rising),zone(extreme,extreme))
tsp	six(shift(tangled_rope,tangled_rope,tangled_rope,tangled_rope),[asymmetric,coordination,enforcement,has_beneficiaries],[no_exit_for_victims],actors(distributed,distributed),drift(rising,unknown,rising),zone(low,high))
turing_completeness_boundary	six(shift(mountain,mountain,mountain,mountain),[has_temporal_data,natural],[],actors(none,none),drift(stable,unknown,stable),zone(negligible,negligible))
turing_completeness_expressiveness	six(shift(mountain,mountain,mountain,mountain),[has_temporal_data,natural],[],actors(none,none),drift(stable,unknown,stable),zone(negligible,negligible))
turing_halting_problem	six(shift(mountain,mountain,mountain,mountain),[has_temporal_data,natural],[],actors(none,none),drift(stable,unknown,stable),zone(negligible,negligible))
turing_jump_closure	six(shift(mountain,mountain,mountain,mountain),[has_temporal_data,natural],[],actors(none,none),drift(stable,unknown,stable),zone(negligible,negligible))
turkish_kurdish_regional_conflict	six(shift(tangled_rope,tangled_rope,tangled_rope,tangled_rope),[asymmetric,coordination,enforcement,has_beneficiaries],[drifting_without_limit,no_exit_for_victims,unaccountable_extraction],actors(distributed,distributed),drift(rising,unknown,rising),zone(extreme,extreme))
twin_prime_conjecture	six(shift(mountain,mountain,mountain,mountain),[has_temporal_data,natural],[],actors(none,none),drift(stable,unknown,stable),zone(negligible,negligible))
two_party_political_polarization	six(shift(tangled_rope,tangled_rope,tangled_rope,tangled_rope),[asymmetric,coordination,enforcement,has_beneficiaries],[drifting_without_limit,no_exit_for_victims,unaccountable_extraction],actors(distributed,distributed),drift(rising,unknown,rising),zone(extreme,extreme))
two_sided_market_power_asymmetry	six(shift(tangled_rope,tangled_rope,rope,snare),[asymmetric,coordination,enforcement,has_beneficiaries],[drifting_without_limit,no_exit_for_victims,unaccountable_extraction],actors(concentrated,distributed),drift(rising,unknown,rising),zone(extreme,extreme))
tychonoff_theorem	six(shift(mountain,mountain,mountain,mountain),[has_temporal_data,natural],[],actors(none,none),drift(stable,unknown,stable),zone(negligible,negligible))
u_s_venezuela_sanctions_regime	six(shift(tangled_rope,tangled_rope,tangled_rope,tangled_rope),[asymmetric,coordination,enforcement,has_beneficiaries],[drifting_without_limit,no_exit_for_victims,unaccountable_extraction],actors(distributed,distributed),drift(rising,unknown,rising),zone(extreme,extreme))
ua_mobilization_protector_cert	six(shift(tangled_rope,tangled_rope,tangled_rope,tangled_rope),[asymmetric,coordination,enforcement,has_beneficiaries],[drifting_without_limit,no_exit_for_victims,unaccountable_extraction],actors(distributed,distributed),drift(rising,unknown,rising),zone(extreme,extreme))
udhr_1946	six(shift(tangled_rope,tangled_rope,tangled_rope,tangled_rope),[asymmetric,coordination,enforcement,has_beneficiaries],[no_exit_for_victims],actors(distributed,distributed),drift(rising,unknown,rising),zone(low,extreme))
uk_artist_resale_right	six(shift(tangled_rope,tangled_rope,tangled_rope,tangled_rope),[asymmetric,coordination,enforcement,has_beneficiaries],[no_exit_for_victims],actors(distributed,distributed),drift(rising,unknown,rising),zone(low,high))
uk_child_poverty_trap	six(shift(tangled_rope,snare,rope,snare),[asymmetric,coordination,enforcement,has_beneficiaries],[drifting_without_limit,no_exit_for_victims,unaccountable_extraction],actors(distributed,distributed),drift(rising,unknown,rising),zone(extreme,extreme))
uk_copyright_law_framework	six(shift(tangled_rope,tangled_rope,naturalized,tangled_rope),[asymmetric,coordination,enforcement,has_beneficiaries],[drifting_without_limit,no_exit_for_victims,unaccountable_extraction],actors(distributed,distributed),drift(rising,unknown,rising),zone(extreme,high))
uk_defence_industrial_strategy	six(shift(tangled_rope,tangled_rope,tangled_rope,tangled_rope),[asymmetric,coordination,enforcement,has_beneficiaries],[drifting_without_limit,no_exit_for_victims,unaccountable_extraction],actors(distributed,distributed),drift(rising,unknown,rising),zone(extreme,extreme))
uk_eu_trade_and_cooperation_agreement	six(shift(tangled_rope,tangled_rope,tangled_rope,tangled_rope),[asymmetric,coordination,enforcement,has_beneficiaries],[drifting_without_limit,no_exit_for_victims,unaccountable_extraction],actors(distributed,distributed),drift(rising,unknown,rising),zone(extreme,high))
uk_female_labor_market_exit	six(shift(tangled_rope,tangled_rope,naturalized,tangled_rope),[asymmetric,coordination,enforcement,has_beneficiaries],[drifting_without_limit,no_exit_for_victims,unaccountable_extraction],actors(distributed,distributed),drift(rising,unknown,falling),zone(extreme,high))
uk_graduate_visa_salary_threshold	six(shift(tangled_rope,tangled_rope,tangled_rope,tangled_rope),[asymmetric,coordination,enforcement,has_beneficiaries],[drifting_without_limit,no_exit_for_victims,unaccountable_extraction],actors(distributed,distributed),drift(rising,unknown,rising),zone(extreme,extreme))
uk_help_to_buy_scheme	six(shift(naturalized,tangled_rope,rope,snare),[asymmetric,coordination,enforcement,has_beneficiaries],[drifting_without_limit,no_exit_for_victims,unaccountable_extraction],actors(distributed,distributed),drift(rising,unknown,rising),zone(extreme,extreme))
uk_hicbc_2024	six(shift(tangled_rope,tangled_rope,tangled_rope,tangled_rope),[asymmetric,coordination,enforcement,has_beneficiaries],[drifting_without_limit,no_exit_for_victims,unaccountable_extraction],actors(distributed,distributed),drift(rising,unknown,rising),zone(extreme,extreme))
uk_housing_market_access	six(shift(tangled_rope,tangled_rope,tangled_rope,tangled_rope),[asymmetric,coordination,enforcement,has_beneficiaries],[drifting_without_limit,no_exit_for_victims,unaccountable_extraction],actors(distributed,distributed),drift(rising,unknown,rising),zone(extreme,extreme))
uk_it_procurement_liability_transfer	six(shift(tangled_rope,tangled_rope,tangled_rope,tangled_rope),[asymmetric,coordination,enforcement,has_beneficiaries],[drifting_without_limit,no_exit_for_victims,unaccountable_extraction],actors(distributed,distributed),drift(rising,unknown,rising),zone(extreme,extreme))
uk_judicial_review_delays	six(shift(tangled_rope,tangled_rope,tangled_rope,tangled_rope),[asymmetric,coordination,enforcement,has_beneficiaries],[drifting_without_limit,no_exit_for_victims,unaccountable_extraction],actors(distributed,distributed),drift(rising,unknown,rising),zone(extreme,extreme))
uk_minimum_wage_coverage	six(shift(tangled_rope,tangled_rope,tangled_rope,tangled_rope),[asymmetric,coordination,enforcement,has_beneficiaries],[drifting_without_limit,no_exit_for_victims,unaccountable_extraction],actors(distributed,distributed),drift(rising,unknown,rising),zone(extreme,extreme))
uk_national_security_doctrine	six(shift(tangled_rope,tangled_rope,tangled_rope,tangled_rope),[asymmetric,coordination,enforcement,has_beneficiaries],[drifting_without_limit,no_exit_for_victims,unaccountable_extraction],actors(distributed,distributed),drift(rising,unknown,rising),zone(extreme,extreme))
uk_necc_formation	six(shift(tangled_rope,tangled_rope,tangled_rope,tangled_rope),[asymmetric,coordination,enforcement,has_beneficiaries],[drifting_without_limit,no_exit_for_victims,unaccountable_extraction],actors(distributed,distributed),drift(rising,unknown,rising),zone(extreme,high))
uk_net_zero_transition_pathway	six(shift(tangled_rope,tangled_rope,tangled_rope,tangled_rope),[asymmetric,coordination,enforcement,has_beneficiaries],[drifting_without_limit,no_exit_for_victims,unaccountable_extraction],actors(distributed,distributed),drift(rising,unknown,rising),zone(extreme,extreme))
uk_postgraduate_visa_points_system	six(shift(tangled_rope,tangled_rope,rope,snare),[asymmetric,coordination,enforcement,has_beneficiaries],[drifting_without_limit,no_exit_for_victims,unaccountable_extraction],actors(distributed,distributed),drift(rising,unknown,rising),zone(extreme,extreme))
uk_regulatory_capture_banking	six(shift(naturalized,tangled_rope,tangled_rope,snare),[asymmetric,coordination,enforcement,has_beneficiaries],[drifting_without_limit,no_exit_for_victims,unaccountable_extraction],actors(distributed,distributed),drift(rising,unknown,rising),zone(extreme,extreme))
uk_school_capital_budget_allocation	six(shift(naturalized,tangled_rope,rope,snare),[asymmetric,coordination,enforcement,has_beneficiaries],[drifting_without_limit,no_exit_for_victims,unaccountable_extraction],actors(distributed,distributed),drift(rising,unknown,rising),zone(extreme,extreme))
uk_ssp_eligibility	six(shift(naturalized,tangled_rope,rope,snare),[asymmetric,coordination,enforcement,has_beneficiaries],[drifting_without_limit,no_exit_for_victims,unaccountable_extraction],actors(distributed,distributed),drift(rising,unknown,rising),zone(extreme,extreme))
uk_student_visa_dependents	six(shift(tangled_rope,tangled_rope,tangled_rope,tangled_rope),[asymmetric,coordination,enforcement,has_beneficiaries],[drifting_without_limit,no_exit_for_victims,unaccountable_extraction],actors(distributed,distributed),drift(rising,unknown,rising),zone(extreme,extreme))
uk_talent_drain_to_competing_jurisdictions	six(shift(tangled_rope,tangled_rope,naturalized,tangled_rope),[asymmetric,coordination,enforcement,has_beneficiaries],[drifting_without_limit,no_exit_for_victims,unaccountable_extraction],actors(distributed,distributed),drift(rising,unknown,rising),zone(extreme,high))
uk_unpaid_care_labor_trap	six(shift(tangled_rope,tangled_rope,tangled_rope,tangled_rope),[asymmetric,coordination,enforcement,has_beneficiaries],[drifting_without_limit,no_exit_for_victims,unaccountable_extraction],actors(distributed,distributed),drift(rising,unknown,rising),zone(extreme,extreme))
uk_unpaid_care_system	six(shift(tangled_rope,tangled_rope,rope,snare),[asymmetric,coordination,enforcement,has_beneficiaries],[drifting_without_limit,no_exit_for_victims,unaccountable_extraction],actors(distributed,distributed),drift(rising,unknown,rising),zone(extreme,extreme))
uk_welfare_state_efficiency	six(shift(tangled_rope,tangled_rope,tangled_rope,tangled_rope),[asymmetric,coordination,enforcement,has_beneficiaries],[drifting_without_limit,no_exit_for_victims,unaccountable_extraction],actors(distributed,distributed),drift(rising,unknown,rising),zone(extreme,extreme))
ukr_mobilization	six(shift(tangled_rope,tangled_rope,tangled_rope,tangled_rope),[asymmetric,coordination,enforcement,has_beneficiaries],[drifting_without_limit,no_exit_for_victims,unaccountable_extraction],actors(concentrated,distributed),drift(rising,unknown,rising),zone(extreme,extreme))
ukraine_labor_market_mobilization_drag	six(shift(tangled_rope,tangled_rope,tangled_rope,tangled_rope),[asymmetric,coordination,enforcement,has_beneficiaries],[drifting_without_limit,no_exit_for_victims,unaccountable_extraction],actors(distributed,distributed),drift(rising,unknown,rising),zone(extreme,extreme))
ukraine_tight_gas_pilot	six(shift(naturalized,tangled_rope,naturalized,snare),[asymmetric,coordination,enforcement,has_beneficiaries],[drifting_without_limit,no_exit_for_victims,unaccountable_extraction],actors(distributed,distributed),drift(rising,unknown,rising),zone(extreme,extreme))
ukrainian_energy_security_dependency	six(shift(tangled_rope,tangled_rope,tangled_rope,tangled_rope),[asymmetric,coordination,enforcement,has_beneficiaries],[drifting_without_limit,no_exit_for_victims,unaccountable_extraction],actors(distributed,distributed),drift(rising,unknown,rising),zone(extreme,extreme))
ukrainian_refugee_corridor	six(shift(naturalized,tangled_rope,naturalized,snare),[asymmetric,coordination,enforcement,has_beneficiaries],[drifting_without_limit,no_exit_for_victims,unaccountable_extraction],actors(distributed,distributed),drift(rising,unknown,rising),zone(extreme,extreme))
ulysses_chp01	six(shift(tangled_rope,snare,rope,snare),[asymmetric,coordination,enforcement,has_beneficiaries],[drifting_without_limit,no_exit_for_victims,unaccountable_extraction],actors(distributed,distributed),drift(rising,unknown,rising),zone(extreme,extreme))
ulysses_chp02	six(shift(tangled_rope,tangled_rope,tangled_rope,tangled_rope),[asymmetric,coordination,enforcement,has_beneficiaries],[drifting_without_limit,no_exit_for_victims,unaccountable_extraction],actors(distributed,distributed),drift(rising,unknown,rising),zone(extreme,extreme))
ulysses_chp04	six(shift(tangled_rope,tangled_rope,tangled_rope,tangled_rope),[asymmetric,coordination,enforcement,has_beneficiaries],[drifting_without_limit,no_exit_for_victims,unaccountable_extraction],actors(distributed,distributed),drift(rising,unknown,rising),zone(extreme,extreme))
ulysses_chp05	six(shift(tangled_rope,tangled_rope,tangled_rope,tangled_rope),[asymmetric,coordination,enforcement,has_beneficiaries],[drifting_without_limit,no_exit_for_victims,unaccountable_extraction],actors(distributed,distributed),drift(rising,unknown,rising),zone(extreme,extreme))
ulysses_chp06	six(shift(unknown,tangled_rope,tangled_rope,tangled_rope),[asymmetric,coordination,enforcement,has_beneficiaries],[],actors(distributed,distributed),drift(stable,unknown,rising),zone(negligible,moderate))
ulysses_chp07	six(shift(tangled_rope,tangled_rope,tangled_rope,tangled_rope),[asymmetric,coordination,enforcement,has_beneficiaries],[drifting_without_limit,no_exit_for_victims,unaccountable_extraction],actors(distributed,distributed),drift(rising,unknown,rising),zone(extreme,extreme))
ulysses_chp08	six(shift(tangled_rope,tangled_rope,tangled_rope,tangled_rope),[asymmetric,coordination,enforcement,has_beneficiaries],[drifting_without_limit,no_exit_for_victims,unaccountable_extraction],actors(distributed,distributed),drift(rising,unknown,rising),zone(extreme,high))
ulysses_chp09	six(shift(tangled_rope,tangled_rope,naturalized,tangled_rope),[asymmetric,coordination,enforcement,has_beneficiaries],[drifting_without_limit,no_exit_for_victims,unaccountable_extraction],actors(distributed,distributed),drift(rising,unknown,rising),zone(extreme,high))
ulysses_chp10	six(shift(tangled_rope,tangled_rope,tangled_rope,tangled_rope),[asymmetric,coordination,enforcement,has_beneficiaries],[no_exit_for_victims],actors(distributed,distributed),drift(rising,unknown,rising),zone(low,high))
ulysses_chp11	six(shift(tangled_rope,tangled_rope,tangled_rope,tangled_rope),[asymmetric,coordination,enforcement,has_beneficiaries],[no_exit_for_victims],actors(distributed,distributed),drift(rising,unknown,rising),zone(low,high))
ulysses_chp12	six(shift(tangled_rope,tangled_rope,tangled_rope,tangled_rope),[asymmetric,coordination,enforcement,has_beneficiaries],[drifting_without_limit,no_exit_for_victims,unaccountable_extraction],actors(distributed,distributed),drift(rising,unknown,rising),zone(extreme,extreme))
ulysses_chp13	six(shift(tangled_rope,snare,rope,snare),[asymmetric,coordination,enforcement,has_beneficiaries],[drifting_without_limit,no_exit_for_victims,unaccountable_extraction],actors(concentrated,distributed),drift(rising,unknown,rising),zone(extreme,extreme))
ulysses_chp14	six(shift(mountain,mountain,mountain,mountain),[has_temporal_data,natural],[],actors(none,none),drift(stable,unknown,stable),zone(negligible,negligible))
ulysses_chp15	six(shift(tangled_rope,snare,piton,snare),[asymmetric,coordination,enforcement,has_beneficiaries],[drifting_without_limit,no_exit_for_victims,unaccountable_extraction],actors(distributed,distributed),drift(rising,unknown,rising),zone(extreme,extreme))
ulysses_chp16	six(shift(tangled_rope,tangled_rope,tangled_rope,tangled_rope),[asymmetric,coordination,enforcement,has_beneficiaries],[drifting_without_limit,no_exit_for_victims,unaccountable_extraction],actors(distributed,distributed),drift(rising,unknown,rising),zone(extreme,high))
ulysses_chp17	six(shift(tangled_rope,tangled_rope,tangled_rope,tangled_rope),[asymmetric,coordination,enforcement,has_beneficiaries],[no_exit_for_victims],actors(distributed,distributed),drift(rising,unknown,rising),zone(low,high))
ulysses_chp18	six(shift(tangled_rope,tangled_rope,tangled_rope,tangled_rope),[asymmetric,coordination,enforcement,has_beneficiaries],[no_exit_for_victims],actors(distributed,distributed),drift(rising,unknown,rising),zone(low,high))
un_high_seas_treaty_2026	six(shift(tangled_rope,tangled_rope,tangled_rope,tangled_rope),[asymmetric,coordination,enforcement,has_beneficiaries],[drifting_without_limit,no_exit_for_victims,unaccountable_extraction],actors(distributed,distributed),drift(rising,unknown,rising),zone(extreme,extreme))
un_security_council_veto_system	six(shift(tangled_rope,tangled_rope,tangled_rope,tangled_rope),[asymmetric,coordination,enforcement,has_beneficiaries],[drifting_without_limit,no_exit_for_victims,unaccountable_extraction],actors(distributed,distributed),drift(rising,unknown,rising),zone(extreme,extreme))
unclos_2026	six(shift(tangled_rope,tangled_rope,naturalized,tangled_rope),[asymmetric,coordination,enforcement,has_beneficiaries],[drifting_without_limit,no_exit_for_victims,unaccountable_extraction],actors(distributed,distributed),drift(rising,unknown,rising),zone(extreme,high))
unclos_dispute_resolution	six(shift(naturalized,tangled_rope,rope,snare),[asymmetric,coordination,enforcement,has_beneficiaries],[drifting_without_limit,no_exit_for_victims,unaccountable_extraction],actors(distributed,distributed),drift(rising,unknown,rising),zone(extreme,extreme))
unclos_dispute_resolution_capacity	six(shift(tangled_rope,tangled_rope,tangled_rope,tangled_rope),[asymmetric,coordination,enforcement,has_beneficiaries],[drifting_without_limit,no_exit_for_victims,unaccountable_extraction],actors(distributed,distributed),drift(rising,unknown,rising),zone(extreme,extreme))
unconditional_university_offers_uk	six(shift(tangled_rope,tangled_rope,rope,tangled_rope),[asymmetric,coordination,enforcement,has_beneficiaries],[drifting_without_limit,no_exit_for_victims,unaccountable_extraction],actors(distributed,distributed),drift(rising,unknown,rising),zone(extreme,high))
uncountable_infinity_cardinality	six(shift(mountain,mountain,mountain,mountain),[has_theater,natural],[],actors(none,none),drift(unknown,unknown,unknown),zone(negligible,negligible))
underdetermination_of_theory	six(shift(tangled_rope,tangled_rope,tangled_rope,tangled_rope),[asymmetric,coordination,enforcement,has_beneficiaries],[no_exit_for_victims],actors(distributed,distributed),drift(rising,unknown,rising),zone(low,high))
underwriter_syndication_power	six(shift(tangled_rope,tangled_rope,tangled_rope,tangled_rope),[asymmetric,coordination,enforcement,has_beneficiaries],[drifting_without_limit,no_exit_for_victims,unaccountable_extraction],actors(concentrated,distributed),drift(rising,unknown,rising),zone(extreme,extreme))
uneven_risk_distribution	six(shift(tangled_rope,tangled_rope,tangled_rope,tangled_rope),[asymmetric,coordination,enforcement,has_beneficiaries],[drifting_without_limit,no_exit_for_victims,unaccountable_extraction],actors(distributed,distributed),drift(rising,unknown,rising),zone(extreme,extreme))
unfalsifiable_credential_preload	six(shift(snare,snare,scaffold,snare),[asymmetric,coordination,has_beneficiaries],[drifting_without_limit,no_exit_for_victims,self_sustaining_extraction,unaccountable_extraction,unenforced_suppression],actors(concentrated,distributed),drift(rising,unknown,rising),zone(extreme,extreme))
unilateral_condition_control	six(shift(tangled_rope,tangled_rope,rope,snare),[asymmetric,coordination,enforcement,has_beneficiaries],[drifting_without_limit,no_exit_for_victims,unaccountable_extraction],actors(concentrated,concentrated),drift(rising,unknown,rising),zone(extreme,extreme))
union_corruption	six(shift(naturalized,tangled_rope,rope,snare),[asymmetric,coordination,enforcement,has_beneficiaries],[drifting_without_limit,no_exit_for_victims,unaccountable_extraction],actors(concentrated,distributed),drift(rising,unknown,rising),zone(extreme,extreme))
union_density_decline	six(shift(tangled_rope,tangled_rope,tangled_rope,tangled_rope),[asymmetric,coordination,enforcement,has_beneficiaries],[drifting_without_limit,no_exit_for_victims,unaccountable_extraction],actors(distributed,distributed),drift(rising,unknown,rising),zone(extreme,extreme))
union_protection_underperformance	six(shift(naturalized,tangled_rope,rope,snare),[asymmetric,coordination,enforcement,has_beneficiaries],[drifting_without_limit,no_exit_for_victims,unaccountable_extraction],actors(distributed,distributed),drift(rising,unknown,rising),zone(extreme,extreme))
universal_child_benefit_universality	six(shift(tangled_rope,tangled_rope,rope,tangled_rope),[asymmetric,coordination,enforcement,has_beneficiaries],[drifting_without_limit,no_exit_for_victims,unaccountable_extraction],actors(distributed,distributed),drift(rising,unknown,rising),zone(extreme,high))
universal_credit_taper_cliff	six(shift(tangled_rope,tangled_rope,rope,snare),[asymmetric,coordination,enforcement,has_beneficiaries],[drifting_without_limit,no_exit_for_victims,unaccountable_extraction],actors(distributed,distributed),drift(rising,unknown,rising),zone(extreme,extreme))
universe_expansion_acceleration	six(shift(mountain,mountain,mountain,mountain),[has_temporal_data,natural],[],actors(none,none),drift(stable,unknown,stable),zone(negligible,negligible))
university_league_table_rankings	six(shift(tangled_rope,tangled_rope,tangled_rope,tangled_rope),[asymmetric,coordination,enforcement,has_beneficiaries],[drifting_without_limit,no_exit_for_victims,unaccountable_extraction],actors(distributed,distributed),drift(rising,unknown,rising),zone(extreme,extreme))
unpaid_internship_ecosystem	six(shift(tangled_rope,tangled_rope,tangled_rope,tangled_rope),[asymmetric,coordination,enforcement,has_beneficiaries],[drifting_without_limit,no_exit_for_victims,unaccountable_extraction],actors(distributed,distributed),drift(rising,unknown,rising),zone(extreme,extreme))
unrequited_love_protocol	six(shift(tangled_rope,tangled_rope,tangled_rope,tangled_rope),[asymmetric,coordination,enforcement,has_beneficiaries],[drifting_without_limit,no_exit_for_victims,unaccountable_extraction],actors(concentrated,distributed),drift(rising,unknown,rising),zone(extreme,extreme))
unrwa_eviction_order	six(shift(naturalized,tangled_rope,rope,snare),[asymmetric,coordination,enforcement,has_beneficiaries],[drifting_without_limit,no_exit_for_victims,unaccountable_extraction],actors(distributed,distributed),drift(rising,unknown,rising),zone(extreme,extreme))
unsanctioned_substrate_access	six(shift(tangled_rope,tangled_rope,tangled_rope,tangled_rope),[asymmetric,coordination,enforcement,has_beneficiaries],[no_exit_for_victims],actors(distributed,distributed),drift(rising,unknown,rising),zone(low,extreme))
urban_sprawl_density_externality	six(shift(tangled_rope,tangled_rope,tangled_rope,tangled_rope),[asymmetric,coordination,enforcement,has_beneficiaries],[drifting_without_limit,no_exit_for_victims,unaccountable_extraction],actors(distributed,distributed),drift(rising,unknown,rising),zone(extreme,extreme))
us_ai_chip_export_controls	six(shift(tangled_rope,tangled_rope,tangled_rope,tangled_rope),[asymmetric,coordination,enforcement,has_beneficiaries],[drifting_without_limit,no_exit_for_victims,unaccountable_extraction],actors(distributed,distributed),drift(rising,unknown,rising),zone(extreme,extreme))
us_canada_geopolitical_asymmetry	six(shift(tangled_rope,tangled_rope,tangled_rope,tangled_rope),[asymmetric,coordination,enforcement,has_beneficiaries],[drifting_without_limit,no_exit_for_victims,unaccountable_extraction],actors(distributed,distributed),drift(rising,unknown,falling),zone(extreme,extreme))
us_china_ai_competition	six(shift(naturalized,tangled_rope,rope,snare),[asymmetric,coordination,enforcement,has_beneficiaries],[drifting_without_limit,no_exit_for_victims,unaccountable_extraction],actors(distributed,distributed),drift(rising,unknown,rising),zone(extreme,extreme))
us_china_chip_tariffs_v2	six(shift(tangled_rope,tangled_rope,tangled_rope,tangled_rope),[asymmetric,coordination,enforcement,has_beneficiaries],[drifting_without_limit,no_exit_for_victims,unaccountable_extraction],actors(distributed,distributed),drift(rising,unknown,rising),zone(extreme,extreme))
us_china_hegemonic_competition	six(shift(tangled_rope,tangled_rope,tangled_rope,tangled_rope),[asymmetric,coordination,enforcement,has_beneficiaries],[drifting_without_limit,no_exit_for_victims,unaccountable_extraction],actors(distributed,distributed),drift(rising,unknown,rising),zone(extreme,extreme))
us_china_strategic_competition	six(shift(tangled_rope,tangled_rope,tangled_rope,tangled_rope),[asymmetric,coordination,enforcement,has_beneficiaries],[drifting_without_limit,no_exit_for_victims,unaccountable_extraction],actors(distributed,distributed),drift(rising,unknown,rising),zone(extreme,extreme))
us_china_tech_competition	six(shift(tangled_rope,tangled_rope,tangled_rope,tangled_rope),[asymmetric,coordination,enforcement,has_beneficiaries],[drifting_without_limit,no_exit_for_victims,unaccountable_extraction],actors(distributed,distributed),drift(rising,unknown,rising),zone(extreme,extreme))
us_china_tech_decoupling	six(shift(tangled_rope,tangled_rope,tangled_rope,tangled_rope),[asymmetric,coordination,enforcement,has_beneficiaries],[drifting_without_limit,no_exit_for_victims,unaccountable_extraction],actors(distributed,distributed),drift(rising,unknown,rising),zone(extreme,extreme))
us_china_tech_export_controls	six(shift(tangled_rope,tangled_rope,tangled_rope,tangled_rope),[asymmetric,coordination,enforcement,has_beneficiaries],[drifting_without_limit,no_exit_for_victims,unaccountable_extraction],actors(distributed,distributed),drift(rising,unknown,rising),zone(extreme,extreme))
us_china_technology_competition	six(shift(tangled_rope,tangled_rope,tangled_rope,tangled_rope),[asymmetric,coordination,enforcement,has_beneficiaries],[drifting_without_limit,no_exit_for_victims,unaccountable_extraction],actors(distributed,distributed),drift(rising,unknown,rising),zone(extreme,extreme))
us_china_technology_decoupling	six(shift(naturalized,tangled_rope,snare,snare),[asymmetric,coordination,enforcement,has_beneficiaries],[drifting_without_limit,no_exit_for_victims,unaccountable_extraction],actors(distributed,distributed),drift(rising,unknown,rising),zone(extreme,extreme))
us_china_trade_restrictions	six(shift(naturalized,tangled_rope,rope,snare),[asymmetric,coordination,enforcement,has_beneficiaries],[drifting_without_limit,no_exit_for_victims,unaccountable_extraction],actors(distributed,distributed),drift(rising,unknown,rising),zone(extreme,extreme))
us_chips_act_subsidy_race	six(shift(naturalized,tangled_rope,rope,snare),[asymmetric,coordination,enforcement,has_beneficiaries],[drifting_without_limit,no_exit_for_victims,unaccountable_extraction],actors(distributed,distributed),drift(rising,unknown,rising),zone(extreme,extreme))
us_debt_ceiling	six(shift(tangled_rope,tangled_rope,tangled_rope,tangled_rope),[asymmetric,coordination,enforcement,has_beneficiaries],[drifting_without_limit,no_exit_for_victims,unaccountable_extraction],actors(distributed,distributed),drift(rising,unknown,rising),zone(extreme,extreme))
us_embargo_cuba	six(shift(tangled_rope,tangled_rope,tangled_rope,tangled_rope),[asymmetric,coordination,enforcement,has_beneficiaries],[drifting_without_limit,no_exit_for_victims,unaccountable_extraction],actors(distributed,distributed),drift(rising,unknown,rising),zone(extreme,extreme))
us_employer_health_insurance	six(shift(tangled_rope,tangled_rope,tangled_rope,tangled_rope),[asymmetric,coordination,enforcement,has_beneficiaries],[drifting_without_limit,no_exit_for_victims,unaccountable_extraction],actors(distributed,distributed),drift(rising,unknown,rising),zone(extreme,extreme))
us_employment_visa_gatekeeping	six(shift(tangled_rope,tangled_rope,rope,snare),[asymmetric,coordination,enforcement,has_beneficiaries],[drifting_without_limit,no_exit_for_victims,unaccountable_extraction],actors(distributed,distributed),drift(rising,unknown,rising),zone(extreme,extreme))
us_eu_tech_regulatory_divergence	six(shift(tangled_rope,tangled_rope,naturalized,tangled_rope),[asymmetric,coordination,enforcement,has_beneficiaries],[drifting_without_limit,no_exit_for_victims,unaccountable_extraction],actors(distributed,distributed),drift(rising,unknown,rising),zone(extreme,high))
us_family_sponsored_visa_backlog	six(shift(tangled_rope,tangled_rope,tangled_rope,tangled_rope),[asymmetric,coordination,enforcement,has_beneficiaries],[drifting_without_limit,no_exit_for_victims,unaccountable_extraction],actors(distributed,distributed),drift(rising,unknown,rising),zone(extreme,extreme))
us_foreign_policy_america_first	six(shift(tangled_rope,tangled_rope,tangled_rope,tangled_rope),[asymmetric,coordination,enforcement,has_beneficiaries],[drifting_without_limit,no_exit_for_victims,unaccountable_extraction],actors(distributed,distributed),drift(rising,unknown,rising),zone(extreme,extreme))
us_greenland_envoy	six(shift(tangled_rope,tangled_rope,rope,snare),[asymmetric,coordination,enforcement,has_beneficiaries],[drifting_without_limit,no_exit_for_victims,unaccountable_extraction],actors(concentrated,distributed),drift(rising,unknown,rising),zone(extreme,extreme))
us_hegemonic_order	six(shift(tangled_rope,tangled_rope,tangled_rope,tangled_rope),[asymmetric,coordination,enforcement,has_beneficiaries],[drifting_without_limit,no_exit_for_victims,unaccountable_extraction],actors(distributed,distributed),drift(rising,unknown,rising),zone(extreme,extreme))
us_hemispheric_dominance	six(shift(tangled_rope,tangled_rope,tangled_rope,tangled_rope),[asymmetric,coordination,enforcement,has_beneficiaries],[drifting_without_limit,no_exit_for_victims,unaccountable_extraction],actors(distributed,distributed),drift(rising,unknown,rising),zone(extreme,extreme))
us_indo_pacific_force_posture	six(shift(tangled_rope,tangled_rope,tangled_rope,tangled_rope),[asymmetric,coordination,enforcement,has_beneficiaries],[drifting_without_limit,no_exit_for_victims,unaccountable_extraction],actors(distributed,distributed),drift(rising,unknown,rising),zone(extreme,extreme))
us_intelligence_classification_regime	six(shift(tangled_rope,snare,rope,snare),[asymmetric,coordination,enforcement,has_beneficiaries],[drifting_without_limit,no_exit_for_victims,unaccountable_extraction],actors(distributed,distributed),drift(rising,unknown,rising),zone(extreme,extreme))
us_international_accountability_exemption	six(shift(tangled_rope,tangled_rope,tangled_rope,tangled_rope),[asymmetric,coordination,enforcement,has_beneficiaries],[drifting_without_limit,no_exit_for_victims,unaccountable_extraction],actors(distributed,distributed),drift(rising,unknown,rising),zone(extreme,extreme))
us_iran_maximum_pressure	six(shift(tangled_rope,snare,rope,snare),[asymmetric,coordination,enforcement,has_beneficiaries],[drifting_without_limit,no_exit_for_victims,unaccountable_extraction],actors(distributed,distributed),drift(rising,unknown,rising),zone(extreme,extreme))
us_isolationism_policy_2026	six(shift(naturalized,tangled_rope,naturalized,snare),[asymmetric,coordination,enforcement,has_beneficiaries],[drifting_without_limit,no_exit_for_victims,unaccountable_extraction],actors(distributed,distributed),drift(rising,unknown,rising),zone(extreme,extreme))
us_israel_faa_502b_nonenforcement	six(shift(tangled_rope,tangled_rope,tangled_rope,tangled_rope),[asymmetric,coordination,enforcement,has_beneficiaries],[drifting_without_limit,no_exit_for_victims,unaccountable_extraction],actors(distributed,distributed),drift(rising,unknown,rising),zone(extreme,extreme))
us_israel_strategic_partnership	six(shift(naturalized,tangled_rope,naturalized,snare),[asymmetric,coordination,enforcement,has_beneficiaries],[drifting_without_limit,no_exit_for_victims,unaccountable_extraction],actors(distributed,distributed),drift(rising,unknown,rising),zone(extreme,extreme))
us_japan_alliance_security_commitment	six(shift(tangled_rope,tangled_rope,tangled_rope,tangled_rope),[asymmetric,coordination,enforcement,has_beneficiaries],[drifting_without_limit,no_exit_for_victims,unaccountable_extraction],actors(distributed,distributed),drift(rising,unknown,rising),zone(extreme,high))
us_labor_mobility	six(shift(tangled_rope,tangled_rope,tangled_rope,tangled_rope),[asymmetric,coordination,enforcement,has_beneficiaries],[drifting_without_limit,no_exit_for_victims,unaccountable_extraction],actors(distributed,distributed),drift(rising,unknown,rising),zone(extreme,extreme))
us_latin_america_trade_policy	six(shift(tangled_rope,tangled_rope,tangled_rope,tangled_rope),[asymmetric,coordination,enforcement,has_beneficiaries],[drifting_without_limit,no_exit_for_victims,unaccountable_extraction],actors(distributed,distributed),drift(rising,unknown,rising),zone(extreme,extreme))
us_legal_standard_reasonable_doubt	six(shift(tangled_rope,tangled_rope,tangled_rope,tangled_rope),[asymmetric,coordination,enforcement,has_beneficiaries],[drifting_without_limit,no_exit_for_victims,unaccountable_extraction],actors(distributed,distributed),drift(rising,unknown,rising),zone(extreme,extreme))
us_manufacturing_reshoring	six(shift(tangled_rope,tangled_rope,tangled_rope,tangled_rope),[asymmetric,coordination,enforcement,has_beneficiaries],[drifting_without_limit,no_exit_for_victims,unaccountable_extraction],actors(distributed,distributed),drift(rising,unknown,rising),zone(extreme,extreme))
us_manufacturing_tariff_regime	six(shift(tangled_rope,tangled_rope,tangled_rope,tangled_rope),[asymmetric,coordination,enforcement,has_beneficiaries],[drifting_without_limit,no_exit_for_victims,unaccountable_extraction],actors(distributed,distributed),drift(rising,unknown,rising),zone(extreme,extreme))
us_middle_east_force_posture	six(shift(naturalized,tangled_rope,naturalized,snare),[asymmetric,coordination,enforcement,has_beneficiaries],[drifting_without_limit,no_exit_for_victims,unaccountable_extraction],actors(distributed,distributed),drift(rising,unknown,rising),zone(extreme,extreme))
us_middle_east_security_commitments	six(shift(naturalized,tangled_rope,naturalized,snare),[asymmetric,coordination,enforcement,has_beneficiaries],[drifting_without_limit,no_exit_for_victims,unaccountable_extraction],actors(distributed,distributed),drift(rising,unknown,rising),zone(extreme,extreme))
us_military_recruitment_advertising	six(shift(tangled_rope,tangled_rope,tangled_rope,tangled_rope),[asymmetric,coordination,enforcement,has_beneficiaries],[drifting_without_limit,no_exit_for_victims,unaccountable_extraction],actors(distributed,distributed),drift(rising,unknown,rising),zone(extreme,extreme))
us_military_spending_justification	six(shift(tangled_rope,tangled_rope,tangled_rope,tangled_rope),[asymmetric,coordination,enforcement,has_beneficiaries],[drifting_without_limit,no_exit_for_victims,unaccountable_extraction],actors(distributed,distributed),drift(rising,unknown,rising),zone(extreme,extreme))
us_russia_strategic_relations	six(shift(tangled_rope,tangled_rope,tangled_rope,tangled_rope),[asymmetric,coordination,enforcement,has_beneficiaries],[drifting_without_limit,no_exit_for_victims,unaccountable_extraction],actors(distributed,distributed),drift(rising,unknown,rising),zone(extreme,extreme))
us_sanctions_belarus_2022	six(shift(tangled_rope,tangled_rope,tangled_rope,tangled_rope),[asymmetric,coordination,enforcement,has_beneficiaries],[drifting_without_limit,no_exit_for_victims,unaccountable_extraction],actors(distributed,distributed),drift(rising,unknown,rising),zone(extreme,extreme))
us_sanctions_coordination_requirement	six(shift(tangled_rope,tangled_rope,tangled_rope,tangled_rope),[asymmetric,coordination,enforcement,has_beneficiaries],[drifting_without_limit,no_exit_for_victims,unaccountable_extraction],actors(distributed,distributed),drift(rising,unknown,rising),zone(extreme,extreme))
us_sanctions_icc_israel_case	six(shift(tangled_rope,tangled_rope,tangled_rope,tangled_rope),[asymmetric,coordination,enforcement,has_beneficiaries],[drifting_without_limit,no_exit_for_victims,unaccountable_extraction],actors(concentrated,distributed),drift(rising,unknown,rising),zone(extreme,extreme))
us_sanctions_moex_2024	six(shift(snare,snare,rope,snare),[asymmetric,coordination,enforcement,has_beneficiaries],[drifting_without_limit,no_exit_for_victims,unaccountable_extraction],actors(distributed,distributed),drift(rising,unknown,rising),zone(extreme,extreme))
us_sdf_alliance_abandonment_2026	six(shift(unknown,tangled_rope,tangled_rope,tangled_rope),[asymmetric,enforcement,has_victims],[coercion_without_coordination,drifting_without_limit,no_exit_for_victims,unaccountable_extraction,undocumented_coordination],actors(none,distributed),drift(rising,unknown,rising),zone(extreme,extreme))
us_security_guarantee_dependency	six(shift(tangled_rope,tangled_rope,tangled_rope,tangled_rope),[asymmetric,coordination,enforcement,has_beneficiaries],[drifting_without_limit,no_exit_for_victims,unaccountable_extraction],actors(distributed,distributed),drift(rising,unknown,rising),zone(extreme,extreme))
us_tariff_escalation_trade_war	six(shift(tangled_rope,tangled_rope,tangled_rope,tangled_rope),[asymmetric,coordination,enforcement,has_beneficiaries],[drifting_without_limit,no_exit_for_victims,unaccountable_extraction],actors(distributed,distributed),drift(rising,unknown,rising),zone(extreme,extreme))
us_two_party_duopoly	six(shift(naturalized,tangled_rope,rope,snare),[asymmetric,coordination,enforcement,has_beneficiaries],[drifting_without_limit,no_exit_for_victims,unaccountable_extraction],actors(distributed,distributed),drift(rising,unknown,rising),zone(extreme,extreme))
us_usmca_china_leverage	six(shift(tangled_rope,tangled_rope,tangled_rope,tangled_rope),[asymmetric,coordination,enforcement,has_beneficiaries],[drifting_without_limit,no_exit_for_victims,unaccountable_extraction],actors(concentrated,distributed),drift(rising,unknown,rising),zone(extreme,extreme))
us_venezuela_oil_pressure	six(shift(tangled_rope,snare,rope,snare),[asymmetric,coordination,enforcement,has_beneficiaries],[drifting_without_limit,no_exit_for_victims,unaccountable_extraction],actors(distributed,distributed),drift(rising,unknown,rising),zone(extreme,extreme))
us_venezuela_plausible_deniability_2025	six(shift(naturalized,tangled_rope,rope,snare),[asymmetric,coordination,enforcement,has_beneficiaries],[drifting_without_limit,no_exit_for_victims,unaccountable_extraction],actors(distributed,distributed),drift(rising,unknown,rising),zone(extreme,extreme))
us_visa_lottery	six(shift(naturalized,tangled_rope,naturalized,snare),[asymmetric,coordination,enforcement,has_beneficiaries],[drifting_without_limit,no_exit_for_victims,unaccountable_extraction],actors(distributed,distributed),drift(rising,unknown,rising),zone(extreme,extreme))
us_wind_project_ban_2025	six(shift(tangled_rope,tangled_rope,tangled_rope,tangled_rope),[asymmetric,coordination,enforcement,has_beneficiaries],[drifting_without_limit,no_exit_for_victims,unaccountable_extraction],actors(distributed,distributed),drift(rising,unknown,rising),zone(extreme,extreme))
usc_26_469_passive_loss	six(shift(tangled_rope,tangled_rope,tangled_rope,tangled_rope),[asymmetric,coordination,enforcement,has_beneficiaries],[drifting_without_limit,no_exit_for_victims,unaccountable_extraction],actors(distributed,distributed),drift(falling,unknown,rising),zone(extreme,extreme))
user_data_commercialization	six(shift(tangled_rope,tangled_rope,tangled_rope,tangled_rope),[asymmetric,coordination,enforcement,has_beneficiaries],[drifting_without_limit,no_exit_for_victims,unaccountable_extraction],actors(distributed,distributed),drift(rising,unknown,rising),zone(extreme,extreme))
utility_cost_recovery	six(shift(tangled_rope,tangled_rope,tangled_rope,tangled_rope),[asymmetric,coordination,enforcement,has_beneficiaries],[drifting_without_limit,no_exit_for_victims,unaccountable_extraction],actors(distributed,distributed),drift(rising,unknown,rising),zone(extreme,high))
utopia_apocalypse_fragility	six(shift(tangled_rope,tangled_rope,tangled_rope,tangled_rope),[asymmetric,coordination,enforcement,has_beneficiaries],[drifting_without_limit,no_exit_for_victims,unaccountable_extraction],actors(distributed,distributed),drift(rising,unknown,rising),zone(extreme,extreme))
utxo_set_explosion	six(shift(tangled_rope,tangled_rope,tangled_rope,tangled_rope),[asymmetric,coordination,enforcement,has_beneficiaries],[drifting_without_limit,no_exit_for_victims,unaccountable_extraction],actors(distributed,distributed),drift(rising,unknown,rising),zone(extreme,extreme))
vaccine_distribution_equity	six(shift(tangled_rope,tangled_rope,tangled_rope,tangled_rope),[asymmetric,coordination,enforcement,has_beneficiaries],[drifting_without_limit,no_exit_for_victims,unaccountable_extraction],actors(distributed,distributed),drift(rising,unknown,rising),zone(extreme,extreme))
vaccine_mandates_school_entry	six(shift(tangled_rope,tangled_rope,rope,snare),[asymmetric,coordination,enforcement,has_beneficiaries],[drifting_without_limit,no_exit_for_victims,unaccountable_extraction],actors(distributed,distributed),drift(rising,unknown,rising),zone(extreme,extreme))
value_alignment_drift	six(shift(tangled_rope,tangled_rope,tangled_rope,tangled_rope),[asymmetric,coordination,enforcement,has_beneficiaries],[drifting_without_limit,no_exit_for_victims,unaccountable_extraction],actors(distributed,distributed),drift(rising,unknown,rising),zone(extreme,extreme))
value_extraction_plateau	six(shift(tangled_rope,tangled_rope,tangled_rope,tangled_rope),[asymmetric,coordination,enforcement,has_beneficiaries],[drifting_without_limit,no_exit_for_victims,unaccountable_extraction],actors(concentrated,distributed),drift(rising,unknown,rising),zone(extreme,extreme))
value_learning_incompleteness	six(shift(tangled_rope,tangled_rope,tangled_rope,tangled_rope),[asymmetric,coordination,enforcement,has_beneficiaries],[drifting_without_limit,no_exit_for_victims,unaccountable_extraction],actors(distributed,distributed),drift(rising,unknown,rising),zone(extreme,extreme))
van_der_waerden	six(shift(mountain,mountain,mountain,mountain),[has_theater,natural],[],actors(none,none),drift(unknown,unknown,unknown),zone(negligible,negligible))
varna_system_structural_hierarchy	six(shift(tangled_rope,snare,rope,snare),[asymmetric,coordination,enforcement,has_beneficiaries],[drifting_without_limit,no_exit_for_victims,unaccountable_extraction],actors(distributed,distributed),drift(rising,unknown,rising),zone(extreme,extreme))
vedic_kernel_unrevisability	six(shift(unknown,tangled_rope,tangled_rope,tangled_rope),[asymmetric,coordination,enforcement,has_beneficiaries],[no_exit_for_victims],actors(distributed,distributed),drift(rising,unknown,rising),zone(low,high))
vehicle_routing_problem_distance_symmetry	six(shift(mountain,mountain,mountain,mountain),[has_temporal_data,natural],[],actors(none,none),drift(stable,unknown,stable),zone(negligible,negligible))
vendor_certification_capture	six(shift(naturalized,tangled_rope,tangled_rope,snare),[asymmetric,coordination,enforcement,has_beneficiaries],[drifting_without_limit,no_exit_for_victims,unaccountable_extraction],actors(distributed,distributed),drift(rising,unknown,rising),zone(extreme,extreme))
vendor_lock_in_cycle	six(shift(tangled_rope,tangled_rope,tangled_rope,tangled_rope),[asymmetric,coordination,enforcement,has_beneficiaries],[drifting_without_limit,no_exit_for_victims,unaccountable_extraction],actors(concentrated,distributed),drift(rising,unknown,rising),zone(extreme,extreme))
vendor_lock_in_via_integration_costs	six(shift(tangled_rope,tangled_rope,tangled_rope,tangled_rope),[asymmetric,coordination,enforcement,has_beneficiaries],[drifting_without_limit,no_exit_for_victims,unaccountable_extraction],actors(concentrated,distributed),drift(rising,unknown,rising),zone(extreme,extreme))
venezuela_oil_privatization_v1	six(shift(naturalized,tangled_rope,rope,snare),[asymmetric,coordination,enforcement,has_beneficiaries],[drifting_without_limit,no_exit_for_victims,unaccountable_extraction],actors(distributed,distributed),drift(rising,unknown,rising),zone(extreme,extreme))
venezuela_regime_legitimacy_crisis	six(shift(tangled_rope,snare,rope,snare),[asymmetric,coordination,enforcement,has_beneficiaries],[drifting_without_limit,no_exit_for_victims,unaccountable_extraction],actors(distributed,distributed),drift(rising,unknown,rising),zone(extreme,extreme))
venezuela_regime_survival	six(shift(tangled_rope,snare,rope,snare),[asymmetric,coordination,enforcement,has_beneficiaries],[drifting_without_limit,no_exit_for_victims,unaccountable_extraction],actors(distributed,distributed),drift(rising,unknown,rising),zone(extreme,extreme))
venture_capital_maturity_mismatch	six(shift(tangled_rope,tangled_rope,tangled_rope,tangled_rope),[asymmetric,coordination,enforcement,has_beneficiaries],[drifting_without_limit,no_exit_for_victims,unaccountable_extraction],actors(distributed,distributed),drift(rising,unknown,rising),zone(extreme,extreme))
venture_capital_ponzi_scaling	six(shift(tangled_rope,snare,rope,snare),[asymmetric,coordination,enforcement,has_beneficiaries],[drifting_without_limit,no_exit_for_victims,unaccountable_extraction],actors(distributed,distributed),drift(rising,unknown,rising),zone(extreme,extreme))
venture_capital_scarcity	six(shift(tangled_rope,tangled_rope,tangled_rope,tangled_rope),[asymmetric,coordination,enforcement,has_beneficiaries],[drifting_without_limit,no_exit_for_victims,unaccountable_extraction],actors(distributed,distributed),drift(rising,unknown,rising),zone(extreme,extreme))
verification_bottleneck	six(shift(tangled_rope,tangled_rope,tangled_rope,tangled_rope),[asymmetric,coordination,enforcement,has_beneficiaries],[no_exit_for_victims],actors(concentrated,distributed),drift(rising,unknown,rising),zone(low,high))
verification_lag_asymmetry	six(shift(tangled_rope,tangled_rope,tangled_rope,tangled_rope),[asymmetric,coordination,enforcement,has_beneficiaries],[drifting_without_limit,no_exit_for_victims,unaccountable_extraction],actors(distributed,distributed),drift(rising,unknown,rising),zone(extreme,high))
verona_civic_peace	six(shift(tangled_rope,tangled_rope,tangled_rope,tangled_rope),[asymmetric,coordination,enforcement,has_beneficiaries],[drifting_without_limit,no_exit_for_victims,unaccountable_extraction],actors(distributed,distributed),drift(rising,unknown,rising),zone(extreme,extreme))
vertebrate_turning_point_2026	six(shift(tangled_rope,tangled_rope,tangled_rope,tangled_rope),[asymmetric,coordination,enforcement,has_beneficiaries],[no_exit_for_victims],actors(distributed,distributed),drift(rising,unknown,rising),zone(low,high))
vesting_cliff_trap	six(shift(tangled_rope,tangled_rope,tangled_rope,tangled_rope),[asymmetric,coordination,enforcement,has_beneficiaries],[drifting_without_limit,no_exit_for_victims,unaccountable_extraction],actors(concentrated,distributed),drift(rising,unknown,rising),zone(extreme,extreme))
veto_points_institutional_capacity	six(shift(tangled_rope,tangled_rope,tangled_rope,tangled_rope),[asymmetric,coordination,enforcement,has_beneficiaries],[drifting_without_limit,no_exit_for_victims,unaccountable_extraction],actors(distributed,distributed),drift(rising,unknown,rising),zone(extreme,extreme))
victim_participation_in_justice_proceedings	six(shift(tangled_rope,tangled_rope,tangled_rope,tangled_rope),[asymmetric,coordination,enforcement,has_beneficiaries],[drifting_without_limit,no_exit_for_victims,unaccountable_extraction],actors(distributed,distributed),drift(rising,unknown,rising),zone(extreme,extreme))
victorian_advertising_market	six(shift(tangled_rope,tangled_rope,tangled_rope,tangled_rope),[asymmetric,coordination,enforcement,has_beneficiaries],[drifting_without_limit,no_exit_for_victims,unaccountable_extraction],actors(distributed,distributed),drift(rising,unknown,rising),zone(extreme,high))
victorian_class_stratification	six(shift(tangled_rope,tangled_rope,tangled_rope,tangled_rope),[asymmetric,coordination,enforcement,has_beneficiaries],[drifting_without_limit,no_exit_for_victims,unaccountable_extraction],actors(distributed,distributed),drift(stable,unknown,rising),zone(extreme,extreme))
victorian_sexual_morality	six(shift(tangled_rope,tangled_rope,tangled_rope,tangled_rope),[asymmetric,coordination,enforcement,has_beneficiaries],[drifting_without_limit,no_exit_for_victims,unaccountable_extraction],actors(distributed,distributed),drift(falling,unknown,rising),zone(extreme,extreme))
viral_emergence_covid19_exemplar	six(shift(naturalized,tangled_rope,rope,snare),[asymmetric,coordination,enforcement,has_beneficiaries],[drifting_without_limit,no_exit_for_victims,unaccountable_extraction],actors(distributed,distributed),drift(rising,unknown,rising),zone(extreme,extreme))
viral_transmission_rates	six(shift(tangled_rope,tangled_rope,tangled_rope,tangled_rope),[asymmetric,coordination,enforcement,has_beneficiaries],[drifting_without_limit,no_exit_for_victims,unaccountable_extraction],actors(distributed,distributed),drift(rising,unknown,rising),zone(extreme,extreme))
visa_mastercard_interchange_extraction	six(shift(tangled_rope,tangled_rope,tangled_rope,tangled_rope),[asymmetric,coordination,enforcement,has_beneficiaries],[drifting_without_limit,no_exit_for_victims,unaccountable_extraction],actors(distributed,distributed),drift(rising,unknown,rising),zone(extreme,extreme))
visibility_as_incitement	six(shift(tangled_rope,tangled_rope,tangled_rope,tangled_rope),[asymmetric,coordination,enforcement,has_beneficiaries],[drifting_without_limit,no_exit_for_victims,unaccountable_extraction],actors(concentrated,distributed),drift(rising,unknown,rising),zone(extreme,extreme))
visibility_bias_governance	six(shift(tangled_rope,tangled_rope,tangled_rope,tangled_rope),[asymmetric,coordination,enforcement,has_beneficiaries],[drifting_without_limit,no_exit_for_victims,unaccountable_extraction],actors(distributed,distributed),drift(rising,unknown,rising),zone(extreme,extreme))
vision_of_the_cross	six(shift(tangled_rope,tangled_rope,tangled_rope,tangled_rope),[asymmetric,coordination,enforcement,has_beneficiaries],[drifting_without_limit,no_exit_for_victims,unaccountable_extraction],actors(distributed,distributed),drift(rising,unknown,rising),zone(extreme,extreme))
vns_implant_for_trd	six(shift(tangled_rope,tangled_rope,tangled_rope,tangled_rope),[asymmetric,coordination,enforcement,has_beneficiaries],[drifting_without_limit,no_exit_for_victims,unaccountable_extraction],actors(distributed,distributed),drift(rising,unknown,rising),zone(extreme,extreme))
voice_without_exit	six(shift(tangled_rope,tangled_rope,rope,tangled_rope),[asymmetric,coordination,enforcement,has_beneficiaries],[no_exit_for_victims],actors(distributed,distributed),drift(rising,unknown,rising),zone(low,high))
voluntary_presence_constraint	six(shift(tangled_rope,tangled_rope,tangled_rope,tangled_rope),[asymmetric,coordination,enforcement,has_beneficiaries],[drifting_without_limit,no_exit_for_victims,unaccountable_extraction],actors(distributed,distributed),drift(rising,unknown,rising),zone(extreme,extreme))
volunteer_burnout_trap	six(shift(tangled_rope,tangled_rope,tangled_rope,tangled_rope),[asymmetric,coordination,enforcement,has_beneficiaries],[drifting_without_limit,no_exit_for_victims,unaccountable_extraction],actors(distributed,concentrated),drift(rising,unknown,rising),zone(extreme,extreme))
voting_system_exclusion	six(shift(tangled_rope,tangled_rope,tangled_rope,tangled_rope),[asymmetric,coordination,enforcement,has_beneficiaries],[drifting_without_limit,no_exit_for_victims,unaccountable_extraction],actors(concentrated,distributed),drift(rising,unknown,rising),zone(extreme,extreme))
voting_system_integrity	six(shift(tangled_rope,tangled_rope,tangled_rope,tangled_rope),[asymmetric,coordination,enforcement,has_beneficiaries],[drifting_without_limit,no_exit_for_victims,unaccountable_extraction],actors(distributed,distributed),drift(rising,unknown,rising),zone(extreme,extreme))
voting_system_path_dependence	six(shift(tangled_rope,tangled_rope,tangled_rope,tangled_rope),[asymmetric,coordination,enforcement,has_beneficiaries],[drifting_without_limit,no_exit_for_victims,unaccountable_extraction],actors(distributed,distributed),drift(rising,unknown,rising),zone(extreme,high))
wage_compression_union_sectors	six(shift(tangled_rope,tangled_rope,tangled_rope,tangled_rope),[asymmetric,coordination,enforcement,has_beneficiaries],[drifting_without_limit,no_exit_for_victims,unaccountable_extraction],actors(distributed,distributed),drift(rising,unknown,rising),zone(extreme,high))
wage_growth_suppression	six(shift(tangled_rope,tangled_rope,tangled_rope,tangled_rope),[asymmetric,coordination,enforcement,has_beneficiaries],[drifting_without_limit,no_exit_for_victims,unaccountable_extraction],actors(distributed,distributed),drift(rising,unknown,rising),zone(extreme,extreme))
wage_stagnation_trap	six(shift(tangled_rope,tangled_rope,tangled_rope,tangled_rope),[asymmetric,coordination,enforcement,has_beneficiaries],[drifting_without_limit,no_exit_for_victims,unaccountable_extraction],actors(distributed,distributed),drift(rising,unknown,rising),zone(extreme,extreme))
warehouse_productivity_tracking	six(shift(tangled_rope,tangled_rope,tangled_rope,tangled_rope),[asymmetric,coordination,enforcement,has_beneficiaries],[drifting_without_limit,no_exit_for_victims,unaccountable_extraction],actors(distributed,distributed),drift(rising,unknown,rising),zone(extreme,extreme))
warrantless_surveillance_expansion	six(shift(tangled_rope,tangled_rope,tangled_rope,tangled_rope),[asymmetric,coordination,enforcement,has_beneficiaries],[drifting_without_limit,no_exit_for_victims,unaccountable_extraction],actors(distributed,distributed),drift(rising,unknown,rising),zone(extreme,extreme))
water_scarcity_governance	six(shift(tangled_rope,tangled_rope,tangled_rope,tangled_rope),[asymmetric,coordination,enforcement,has_beneficiaries],[drifting_without_limit,no_exit_for_victims,unaccountable_extraction],actors(distributed,distributed),drift(rising,unknown,rising),zone(extreme,extreme))
weak_goldbach_conjecture	six(shift(mountain,mountain,mountain,mountain),[has_theater,natural],[],actors(none,none),drift(unknown,unknown,unknown),zone(negligible,negligible))
weak_law_large_numbers	six(shift(mountain,mountain,mountain,mountain),[has_temporal_data,natural],[],actors(none,none),drift(stable,unknown,rising),zone(negligible,negligible))
wealth_inequality_accumulation	six(shift(tangled_rope,tangled_rope,tangled_rope,tangled_rope),[asymmetric,coordination,enforcement,has_beneficiaries],[drifting_without_limit,no_exit_for_victims,unaccountable_extraction],actors(distributed,distributed),drift(rising,unknown,rising),zone(extreme,extreme))
wealth_inequality_amplification	six(shift(tangled_rope,tangled_rope,tangled_rope,tangled_rope),[asymmetric,coordination,enforcement,has_beneficiaries],[drifting_without_limit,no_exit_for_victims,unaccountable_extraction],actors(distributed,distributed),drift(rising,unknown,rising),zone(extreme,extreme))
weather_predictability_horizon	six(shift(mountain,mountain,mountain,mountain),[has_temporal_data,natural],[],actors(none,none),drift(stable,unknown,stable),zone(negligible,negligible))
weather_predictability_limit	six(shift(mountain,mountain,mountain,mountain),[has_temporal_data,natural],[],actors(none,none),drift(stable,unknown,stable),zone(negligible,negligible))
web_app_friction_tax	six(shift(tangled_rope,tangled_rope,tangled_rope,tangled_rope),[asymmetric,coordination,enforcement,has_beneficiaries],[drifting_without_limit,no_exit_for_victims,unaccountable_extraction],actors(distributed,distributed),drift(rising,unknown,rising),zone(extreme,extreme))
weierstrass_function	six(shift(mountain,mountain,mountain,mountain),[has_temporal_data,natural],[],actors(none,none),drift(stable,unknown,stable),zone(negligible,negligible))
welfare_bureaucracy_efficiency	six(shift(tangled_rope,tangled_rope,tangled_rope,tangled_rope),[asymmetric,coordination,enforcement,has_beneficiaries],[drifting_without_limit,no_exit_for_victims,unaccountable_extraction],actors(distributed,distributed),drift(rising,unknown,rising),zone(extreme,extreme))
welfare_cliff_effects	six(shift(tangled_rope,tangled_rope,tangled_rope,tangled_rope),[asymmetric,coordination,enforcement,has_beneficiaries],[drifting_without_limit,no_exit_for_victims,unaccountable_extraction],actors(distributed,distributed),drift(rising,unknown,rising),zone(extreme,extreme))
welfare_eligibility_verification	six(shift(tangled_rope,tangled_rope,tangled_rope,tangled_rope),[asymmetric,coordination,enforcement,has_beneficiaries],[drifting_without_limit,no_exit_for_victims,unaccountable_extraction],actors(distributed,distributed),drift(rising,unknown,rising),zone(extreme,extreme))
well_ordering_theorem	six(shift(mountain,mountain,mountain,mountain),[has_temporal_data,natural],[],actors(none,none),drift(stable,unknown,stable),zone(negligible,negligible))
whitehead_problem_undecidability	six(shift(mountain,mountain,mountain,mountain),[has_theater,natural],[],actors(none,none),drift(unknown,unknown,unknown),zone(negligible,negligible))
whole_genome_duplication_verification	six(shift(tangled_rope,tangled_rope,naturalized,tangled_rope),[asymmetric,coordination,enforcement,has_beneficiaries],[drifting_without_limit,no_exit_for_victims,unaccountable_extraction],actors(distributed,distributed),drift(rising,unknown,rising),zone(extreme,high))
wholesale_electricity_market_consolidation	six(shift(tangled_rope,tangled_rope,tangled_rope,tangled_rope),[asymmetric,coordination,enforcement,has_beneficiaries],[drifting_without_limit,no_exit_for_victims,unaccountable_extraction],actors(distributed,distributed),drift(rising,unknown,rising),zone(extreme,extreme))
wikipedia_editing_authority	six(shift(tangled_rope,tangled_rope,naturalized,tangled_rope),[asymmetric,coordination,enforcement,has_beneficiaries],[drifting_without_limit,no_exit_for_victims,unaccountable_extraction],actors(distributed,distributed),drift(rising,unknown,rising),zone(extreme,high))
wikipedia_noncommercial_model	six(shift(tangled_rope,tangled_rope,tangled_rope,tangled_rope),[asymmetric,coordination,enforcement,has_beneficiaries],[no_exit_for_victims],actors(distributed,distributed),drift(rising,unknown,rising),zone(low,high))
wikipedia_notability_requirement_2026	six(shift(tangled_rope,tangled_rope,tangled_rope,tangled_rope),[asymmetric,coordination,enforcement,has_beneficiaries],[drifting_without_limit,no_exit_for_victims,unaccountable_extraction],actors(distributed,distributed),drift(rising,unknown,rising),zone(extreme,extreme))
wind_energy_scaling	six(shift(tangled_rope,tangled_rope,naturalized,tangled_rope),[asymmetric,coordination,enforcement,has_beneficiaries],[drifting_without_limit,no_exit_for_victims,unaccountable_extraction],actors(distributed,distributed),drift(rising,unknown,falling),zone(extreme,high))
winner_take_most_distribution	six(shift(tangled_rope,tangled_rope,tangled_rope,tangled_rope),[asymmetric,coordination,enforcement,has_beneficiaries],[drifting_without_limit,no_exit_for_victims,unaccountable_extraction],actors(distributed,distributed),drift(rising,unknown,stable),zone(extreme,extreme))
winners_curse	six(shift(tangled_rope,tangled_rope,rope,snare),[asymmetric,coordination,enforcement,has_beneficiaries],[drifting_without_limit,no_exit_for_victims,unaccountable_extraction],actors(distributed,distributed),drift(rising,unknown,rising),zone(extreme,extreme))
winter_olympics_2026	six(shift(piton,tangled_rope,rope,snare),[asymmetric,coordination,enforcement,has_beneficiaries],[drifting_without_limit,no_exit_for_victims,unaccountable_extraction],actors(distributed,distributed),drift(rising,unknown,rising),zone(extreme,extreme))
winter_olympics_venue_selection	six(shift(tangled_rope,tangled_rope,tangled_rope,tangled_rope),[asymmetric,coordination,enforcement,has_beneficiaries],[drifting_without_limit,no_exit_for_victims,unaccountable_extraction],actors(distributed,distributed),drift(rising,unknown,rising),zone(extreme,extreme))
witness_obligation_without_recipient	six(shift(tangled_rope,tangled_rope,rope,tangled_rope),[asymmetric,coordination,enforcement,has_beneficiaries],[drifting_without_limit,no_exit_for_victims,unaccountable_extraction],actors(distributed,distributed),drift(rising,unknown,rising),zone(extreme,extreme))
women_legal_capacity_restrictions	six(shift(tangled_rope,tangled_rope,tangled_rope,tangled_rope),[asymmetric,coordination,enforcement,has_beneficiaries],[drifting_without_limit,no_exit_for_victims,unaccountable_extraction],actors(distributed,concentrated),drift(rising,unknown,rising),zone(extreme,extreme))
work_life_boundary_erosion	six(shift(naturalized,tangled_rope,rope,snare),[asymmetric,coordination,enforcement,has_beneficiaries],[drifting_without_limit,no_exit_for_victims,unaccountable_extraction],actors(distributed,distributed),drift(rising,unknown,rising),zone(extreme,extreme))
workforce_burnout_and_exodus	six(shift(tangled_rope,tangled_rope,tangled_rope,tangled_rope),[asymmetric,coordination,enforcement,has_beneficiaries],[drifting_without_limit,no_exit_for_victims,unaccountable_extraction],actors(concentrated,distributed),drift(rising,unknown,rising),zone(extreme,extreme))
working_dog_training	six(shift(tangled_rope,tangled_rope,rope,tangled_rope),[asymmetric,coordination,enforcement,has_beneficiaries],[drifting_without_limit,no_exit_for_victims,unaccountable_extraction],actors(distributed,concentrated),drift(rising,unknown,rising),zone(extreme,extreme))
workplace_safety_standards	six(shift(tangled_rope,tangled_rope,tangled_rope,tangled_rope),[asymmetric,coordination,enforcement,has_beneficiaries],[no_exit_for_victims],actors(distributed,distributed),drift(rising,unknown,rising),zone(low,high))
workplace_surveillance_extraction	six(shift(naturalized,tangled_rope,naturalized,snare),[asymmetric,coordination,enforcement,has_beneficiaries],[drifting_without_limit,no_exit_for_victims,unaccountable_extraction],actors(distributed,distributed),drift(rising,unknown,rising),zone(extreme,extreme))
world_factbook_sunset_2026	six(shift(tangled_rope,tangled_rope,tangled_rope,tangled_rope),[asymmetric,coordination,enforcement,has_beneficiaries,sunset],[],actors(distributed,distributed),drift(rising,unknown,rising),zone(low,high))
worldscale_vlsfo_benchmark	six(shift(tangled_rope,tangled_rope,rope,tangled_rope),[asymmetric,coordination,enforcement,has_beneficiaries],[drifting_without_limit,no_exit_for_victims,unaccountable_extraction],actors(distributed,distributed),drift(rising,unknown,rising),zone(extreme,high))
wto_institutional_degradation	six(shift(tangled_rope,tangled_rope,tangled_rope,tangled_rope),[asymmetric,coordination,enforcement,has_beneficiaries],[drifting_without_limit,no_exit_for_victims,unaccountable_extraction],actors(distributed,distributed),drift(rising,unknown,rising),zone(extreme,extreme))
yangtze_dam_cascade_operations	six(shift(naturalized,tangled_rope,rope,snare),[asymmetric,coordination,enforcement,has_beneficiaries],[drifting_without_limit,no_exit_for_victims,unaccountable_extraction],actors(distributed,distributed),drift(rising,unknown,rising),zone(extreme,extreme))
yangtze_fishing_ban	six(shift(tangled_rope,tangled_rope,tangled_rope,tangled_rope),[asymmetric,coordination,enforcement,has_beneficiaries],[drifting_without_limit,no_exit_for_victims,unaccountable_extraction],actors(distributed,distributed),drift(rising,unknown,rising),zone(extreme,extreme))
yoneda_lemma	six(shift(mountain,rope,rope,mountain),[has_temporal_data,natural],[],actors(none,none),drift(stable,unknown,stable),zone(negligible,negligible))
youth_mental_health_surveillance	six(shift(tangled_rope,tangled_rope,tangled_rope,tangled_rope),[asymmetric,coordination,enforcement,has_beneficiaries],[drifting_without_limit,no_exit_for_victims,unaccountable_extraction],actors(distributed,distributed),drift(rising,unknown,rising),zone(extreme,extreme))
youth_privacy_surveillance_infrastructure	six(shift(tangled_rope,tangled_rope,tangled_rope,tangled_rope),[asymmetric,coordination,enforcement,has_beneficiaries],[drifting_without_limit,no_exit_for_victims,unaccountable_extraction],actors(distributed,distributed),drift(rising,unknown,rising),zone(extreme,extreme))
yt_ai_slop_incentive	six(shift(tangled_rope,tangled_rope,rope,snare),[asymmetric,coordination,enforcement,has_beneficiaries],[drifting_without_limit,no_exit_for_victims,unaccountable_extraction],actors(distributed,distributed),drift(rising,unknown,rising),zone(extreme,extreme))
zero_day_asymmetry	six(shift(tangled_rope,tangled_rope,tangled_rope,tangled_rope),[asymmetric,coordination,enforcement,has_beneficiaries],[drifting_without_limit,no_exit_for_victims,unaccountable_extraction],actors(distributed,distributed),drift(rising,unknown,rising),zone(extreme,extreme))
zero_sum_game_dynamics	six(shift(tangled_rope,tangled_rope,tangled_rope,tangled_rope),[asymmetric,coordination,enforcement,has_beneficiaries],[drifting_without_limit,no_exit_for_victims,unaccountable_extraction],actors(concentrated,distributed),drift(rising,unknown,rising),zone(extreme,extreme))
zipfs_law	six(shift(mountain,mountain,mountain,mountain),[has_temporal_data,natural],[],actors(none,none),drift(stable,unknown,stable),zone(negligible,negligible))
zombie_reasoning_2026	six(shift(tangled_rope,tangled_rope,tangled_rope,tangled_rope),[asymmetric,coordination,enforcement,has_beneficiaries],[drifting_without_limit,no_exit_for_victims,unaccountable_extraction],actors(distributed,distributed),drift(rising,unknown,rising),zone(extreme,extreme))
zone_failure_recovery_coupling	six(shift(tangled_rope,tangled_rope,tangled_rope,tangled_rope),[asymmetric,coordination,enforcement,has_beneficiaries],[drifting_without_limit,no_exit_for_victims,unaccountable_extraction],actors(distributed,distributed),drift(rising,unknown,rising),zone(extreme,extreme))
zorn_lemma	six(shift(mountain,mountain,mountain,mountain),[has_temporal_data,natural],[],actors(none,none),drift(stable,unknown,stable),zone(negligible,negligible))
