constraint	kind	ctx_idx	agent_power	dr_type	restricted_type	gauge_fixed	agreement
ability_ceiling_reading	story	1	powerless	snare	snare	true	agree
ability_ceiling_reading	story	2	moderate	snare	snare	true	agree
ability_ceiling_reading	story	3	institutional	rope	indeterminate	false	stratum_indeterminate
ability_ceiling_reading	story	4	analytical	snare	snare	true	agree
access_barrier_reading	story	1	powerless	tangled_rope	indeterminate	false	stratum_indeterminate
access_barrier_reading	story	2	moderate	snare	snare	true	agree
access_barrier_reading	story	3	institutional	rope	indeterminate	false	stratum_indeterminate
access_barrier_reading	story	4	analytical	snare	snare	true	agree
actinide_replenishment_mechanism_contradictions	axiom_contradiction	1	powerless	unknown	mountain	false	stratum_unknown
actinide_replenishment_mechanism_contradictions	axiom_contradiction	2	moderate	unknown	rope	false	stratum_unknown
actinide_replenishment_mechanism_contradictions	axiom_contradiction	3	institutional	unknown	rope	false	stratum_unknown
actinide_replenishment_mechanism_contradictions	axiom_contradiction	4	analytical	unknown	mountain	false	stratum_unknown
actinide_replenishment_mechanism_flat_control	story	1	powerless	mountain	mountain	true	agree
actinide_replenishment_mechanism_flat_control	story	2	moderate	scaffold	rope	false	disagree
actinide_replenishment_mechanism_flat_control	story	3	institutional	scaffold	rope	false	disagree
actinide_replenishment_mechanism_flat_control	story	4	analytical	mountain	mountain	true	agree
adjacency_reading	story	1	powerless	piton	rope	false	disagree
adjacency_reading	story	2	moderate	piton	rope	false	disagree
adjacency_reading	story	3	institutional	piton	rope	false	disagree
adjacency_reading	story	4	analytical	piton	indeterminate	false	stratum_indeterminate
adjunctification_of_university_teaching_c0	story	1	powerless	tangled_rope	indeterminate	false	stratum_indeterminate
adjunctification_of_university_teaching_c0	story	2	moderate	snare	snare	true	agree
adjunctification_of_university_teaching_c0	story	3	institutional	rope	indeterminate	false	stratum_indeterminate
adjunctification_of_university_teaching_c0	story	4	analytical	snare	snare	true	agree
adverse_effect_guarantee_kernel_contradictions	axiom_contradiction	1	powerless	unknown	mountain	false	stratum_unknown
adverse_effect_guarantee_kernel_contradictions	axiom_contradiction	2	moderate	unknown	rope	false	stratum_unknown
adverse_effect_guarantee_kernel_contradictions	axiom_contradiction	3	institutional	unknown	rope	false	stratum_unknown
adverse_effect_guarantee_kernel_contradictions	axiom_contradiction	4	analytical	unknown	mountain	false	stratum_unknown
adverse_effect_guarantee_kernel_flat_control	story	1	powerless	tangled_rope	indeterminate	false	stratum_indeterminate
adverse_effect_guarantee_kernel_flat_control	story	2	moderate	tangled_rope	indeterminate	false	stratum_indeterminate
adverse_effect_guarantee_kernel_flat_control	story	3	institutional	rope	indeterminate	false	stratum_indeterminate
adverse_effect_guarantee_kernel_flat_control	story	4	analytical	tangled_rope	indeterminate	false	stratum_indeterminate
adverse_effect_measurability_contradictions	axiom_contradiction	1	powerless	unknown	mountain	false	stratum_unknown
adverse_effect_measurability_contradictions	axiom_contradiction	2	moderate	unknown	rope	false	stratum_unknown
adverse_effect_measurability_contradictions	axiom_contradiction	3	institutional	unknown	rope	false	stratum_unknown
adverse_effect_measurability_contradictions	axiom_contradiction	4	analytical	unknown	mountain	false	stratum_unknown
adverse_effect_measurability_flat_control	story	1	powerless	tangled_rope	snare	false	disagree
adverse_effect_measurability_flat_control	story	2	moderate	tangled_rope	indeterminate	false	stratum_indeterminate
adverse_effect_measurability_flat_control	story	3	institutional	rope	indeterminate	false	stratum_indeterminate
adverse_effect_measurability_flat_control	story	4	analytical	tangled_rope	indeterminate	false	stratum_indeterminate
ai_governance_legitimacy__democratic_pluralist_reading	story	1	powerless	piton	indeterminate	false	stratum_indeterminate
ai_governance_legitimacy__democratic_pluralist_reading	story	2	moderate	piton	indeterminate	false	stratum_indeterminate
ai_governance_legitimacy__democratic_pluralist_reading	story	3	institutional	piton	rope	false	disagree
ai_governance_legitimacy__democratic_pluralist_reading	story	4	analytical	piton	indeterminate	false	stratum_indeterminate
algorithmic_attribution_contradictions	axiom_contradiction	1	powerless	unknown	mountain	false	stratum_unknown
algorithmic_attribution_contradictions	axiom_contradiction	2	moderate	unknown	rope	false	stratum_unknown
algorithmic_attribution_contradictions	axiom_contradiction	3	institutional	unknown	rope	false	stratum_unknown
algorithmic_attribution_contradictions	axiom_contradiction	4	analytical	unknown	mountain	false	stratum_unknown
algorithmic_attribution_flat_control	story	1	powerless	piton	indeterminate	false	stratum_indeterminate
algorithmic_attribution_flat_control	story	2	moderate	piton	indeterminate	false	stratum_indeterminate
algorithmic_attribution_flat_control	story	3	institutional	piton	rope	false	disagree
algorithmic_attribution_flat_control	story	4	analytical	piton	indeterminate	false	stratum_indeterminate
alignment_constraint_narrowing	story	1	powerless	tangled_rope	indeterminate	false	stratum_indeterminate
alignment_constraint_narrowing	story	2	moderate	snare	snare	true	agree
alignment_constraint_narrowing	story	3	institutional	rope	indeterminate	false	stratum_indeterminate
alignment_constraint_narrowing	story	4	analytical	snare	snare	true	agree
alpha_m_supercriticality_kernel_flat_control	story	1	powerless	mountain	rope	true	disagree
alpha_m_supercriticality_kernel_flat_control	story	2	moderate	scaffold	rope	false	disagree
alpha_m_supercriticality_kernel_flat_control	story	3	institutional	scaffold	rope	false	disagree
alpha_m_supercriticality_kernel_flat_control	story	4	analytical	mountain	mountain	true	agree
animal_status_kernel__property_reading	story	1	powerless	snare	snare	true	agree
animal_status_kernel__property_reading	story	2	moderate	snare	snare	true	agree
animal_status_kernel__property_reading	story	3	institutional	scaffold	indeterminate	false	stratum_indeterminate
animal_status_kernel__property_reading	story	4	analytical	snare	snare	true	agree
apoe4_mitochondrial_vulnerability	story	1	powerless	snare	snare	true	agree
apoe4_mitochondrial_vulnerability	story	2	moderate	snare	snare	true	agree
apoe4_mitochondrial_vulnerability	story	3	institutional	rope	indeterminate	false	stratum_indeterminate
apoe4_mitochondrial_vulnerability	story	4	analytical	snare	snare	true	agree
arbitrary_selection_under_competence_signaling	story	1	powerless	snare	snare	true	agree
arbitrary_selection_under_competence_signaling	story	2	moderate	snare	snare	true	agree
arbitrary_selection_under_competence_signaling	story	3	institutional	rope	indeterminate	false	stratum_indeterminate
arbitrary_selection_under_competence_signaling	story	4	analytical	snare	snare	true	agree
architectural_pattern_validity	story	1	powerless	rope	rope	false	agree
architectural_pattern_validity	story	2	moderate	rope	rope	false	agree
architectural_pattern_validity	story	3	institutional	rope	rope	false	agree
architectural_pattern_validity	story	4	analytical	rope	rope	false	agree
audit_reading	story	1	powerless	tangled_rope	indeterminate	false	stratum_indeterminate
audit_reading	story	2	moderate	tangled_rope	indeterminate	false	stratum_indeterminate
audit_reading	story	3	institutional	rope	indeterminate	false	stratum_indeterminate
audit_reading	story	4	analytical	tangled_rope	indeterminate	false	stratum_indeterminate
authentic_preference_boundary_contradictions	axiom_contradiction	1	powerless	unknown	mountain	false	stratum_unknown
authentic_preference_boundary_contradictions	axiom_contradiction	2	moderate	unknown	rope	false	stratum_unknown
authentic_preference_boundary_contradictions	axiom_contradiction	3	institutional	unknown	rope	false	stratum_unknown
authentic_preference_boundary_contradictions	axiom_contradiction	4	analytical	unknown	mountain	false	stratum_unknown
authorial_legitimacy_kernel_flat_control	story	1	powerless	tangled_rope	indeterminate	false	stratum_indeterminate
authorial_legitimacy_kernel_flat_control	story	2	moderate	tangled_rope	indeterminate	false	stratum_indeterminate
authorial_legitimacy_kernel_flat_control	story	3	institutional	rope	rope	false	agree
authorial_legitimacy_kernel_flat_control	story	4	analytical	tangled_rope	indeterminate	false	stratum_indeterminate
authorial_primacy_reading	story	1	powerless	tangled_rope	indeterminate	false	stratum_indeterminate
authorial_primacy_reading	story	2	moderate	tangled_rope	indeterminate	false	stratum_indeterminate
authorial_primacy_reading	story	3	institutional	rope	indeterminate	false	stratum_indeterminate
authorial_primacy_reading	story	4	analytical	tangled_rope	indeterminate	false	stratum_indeterminate
authoritative_specification_reading	story	1	powerless	snare	snare	true	agree
authoritative_specification_reading	story	2	moderate	snare	snare	true	agree
authoritative_specification_reading	story	3	institutional	rope	indeterminate	false	stratum_indeterminate
authoritative_specification_reading	story	4	analytical	snare	snare	true	agree
authority_vacuum_incommensurability	story	1	powerless	piton	indeterminate	false	stratum_indeterminate
authority_vacuum_incommensurability	story	2	moderate	piton	indeterminate	false	stratum_indeterminate
authority_vacuum_incommensurability	story	3	institutional	piton	rope	false	disagree
authority_vacuum_incommensurability	story	4	analytical	piton	indeterminate	false	stratum_indeterminate
autonomy_reading	story	1	powerless	scaffold	rope	false	disagree
autonomy_reading	story	2	moderate	scaffold	rope	false	disagree
autonomy_reading	story	3	institutional	scaffold	rope	false	disagree
autonomy_reading	story	4	analytical	scaffold	indeterminate	false	stratum_indeterminate
basic_law_interpretive_authority__parliamentary_sovereignty_reading	story	1	powerless	tangled_rope	indeterminate	false	stratum_indeterminate
basic_law_interpretive_authority__parliamentary_sovereignty_reading	story	2	moderate	snare	snare	true	agree
basic_law_interpretive_authority__parliamentary_sovereignty_reading	story	3	institutional	snare	snare	true	agree
basic_law_interpretive_authority__parliamentary_sovereignty_reading	story	4	analytical	snare	snare	true	agree
basic_law_interpretive_boundary__parliamentary_sovereignty_reading	story	1	powerless	scaffold	rope	false	disagree
basic_law_interpretive_boundary__parliamentary_sovereignty_reading	story	2	moderate	scaffold	rope	false	disagree
basic_law_interpretive_boundary__parliamentary_sovereignty_reading	story	3	institutional	scaffold	rope	false	disagree
basic_law_interpretive_boundary__parliamentary_sovereignty_reading	story	4	analytical	scaffold	rope	false	disagree
behavioral_adoption_friction	story	1	powerless	scaffold	indeterminate	false	stratum_indeterminate
behavioral_adoption_friction	story	2	moderate	scaffold	indeterminate	false	stratum_indeterminate
behavioral_adoption_friction	story	3	institutional	scaffold	rope	false	disagree
behavioral_adoption_friction	story	4	analytical	unknown	indeterminate	false	stratum_unknown
behavioral_mechanism_reading	story	1	powerless	unknown	indeterminate	false	stratum_unknown
behavioral_mechanism_reading	story	2	moderate	unknown	indeterminate	false	stratum_unknown
behavioral_mechanism_reading	story	3	institutional	rope	rope	false	agree
behavioral_mechanism_reading	story	4	analytical	unknown	indeterminate	false	stratum_unknown
behaviorist_counterfactual_reading	story	1	powerless	tangled_rope	snare	false	disagree
behaviorist_counterfactual_reading	story	2	moderate	tangled_rope	indeterminate	false	stratum_indeterminate
behaviorist_counterfactual_reading	story	3	institutional	rope	indeterminate	false	stratum_indeterminate
behaviorist_counterfactual_reading	story	4	analytical	tangled_rope	indeterminate	false	stratum_indeterminate
benchmark_saturation_interpretation	story	1	powerless	tangled_rope	indeterminate	false	stratum_indeterminate
benchmark_saturation_interpretation	story	2	moderate	snare	snare	true	agree
benchmark_saturation_interpretation	story	3	institutional	rope	indeterminate	false	stratum_indeterminate
benchmark_saturation_interpretation	story	4	analytical	snare	snare	true	agree
benign_dictator_reading	story	1	powerless	unknown	rope	false	stratum_unknown
benign_dictator_reading	story	2	moderate	rope	rope	false	agree
benign_dictator_reading	story	3	institutional	rope	rope	false	agree
benign_dictator_reading	story	4	analytical	unknown	indeterminate	false	stratum_unknown
bitcoin_whitepaper_purpose__nakamoto_oracle_opacity	story	1	powerless	snare	snare	true	agree
bitcoin_whitepaper_purpose__nakamoto_oracle_opacity	story	2	moderate	snare	snare	true	agree
bitcoin_whitepaper_purpose__nakamoto_oracle_opacity	story	3	institutional	rope	indeterminate	false	stratum_indeterminate
bitcoin_whitepaper_purpose__nakamoto_oracle_opacity	story	4	analytical	tangled_rope	indeterminate	false	stratum_indeterminate
blindness_decomposition_kernel_contradictions	axiom_contradiction	1	powerless	unknown	mountain	false	stratum_unknown
blindness_decomposition_kernel_contradictions	axiom_contradiction	2	moderate	unknown	rope	false	stratum_unknown
blindness_decomposition_kernel_contradictions	axiom_contradiction	3	institutional	unknown	rope	false	stratum_unknown
blindness_decomposition_kernel_contradictions	axiom_contradiction	4	analytical	unknown	mountain	false	stratum_unknown
blindness_decomposition_kernel_flat_control	story	1	powerless	unknown	indeterminate	false	stratum_unknown
blindness_decomposition_kernel_flat_control	story	2	moderate	unknown	indeterminate	false	stratum_unknown
blindness_decomposition_kernel_flat_control	story	3	institutional	rope	rope	false	agree
blindness_decomposition_kernel_flat_control	story	4	analytical	unknown	indeterminate	false	stratum_unknown
border_control_legitimacy__freedom_of_movement_primary	story	1	powerless	unknown	indeterminate	false	stratum_unknown
border_control_legitimacy__freedom_of_movement_primary	story	2	moderate	snare	snare	true	agree
border_control_legitimacy__freedom_of_movement_primary	story	3	institutional	rope	indeterminate	false	stratum_indeterminate
border_control_legitimacy__freedom_of_movement_primary	story	4	analytical	snare	snare	true	agree
bounded_empathy_as_stabilizing_mechanism	story	1	powerless	tangled_rope	snare	false	disagree
bounded_empathy_as_stabilizing_mechanism	story	2	moderate	tangled_rope	indeterminate	false	stratum_indeterminate
bounded_empathy_as_stabilizing_mechanism	story	3	institutional	rope	indeterminate	false	stratum_indeterminate
bounded_empathy_as_stabilizing_mechanism	story	4	analytical	tangled_rope	indeterminate	false	stratum_indeterminate
bounded_ownership_vs_capital_scale	story	1	powerless	naturalized	rope	false	disagree
bounded_ownership_vs_capital_scale	story	2	moderate	tangled_rope	indeterminate	false	stratum_indeterminate
bounded_ownership_vs_capital_scale	story	3	institutional	naturalized	indeterminate	false	stratum_indeterminate
bounded_ownership_vs_capital_scale	story	4	analytical	snare	snare	true	agree
bully_gang_classification_law	story	1	powerless	tangled_rope	snare	false	disagree
bully_gang_classification_law	story	2	moderate	tangled_rope	indeterminate	false	stratum_indeterminate
bully_gang_classification_law	story	3	institutional	rope	indeterminate	false	stratum_indeterminate
bully_gang_classification_law	story	4	analytical	unknown	indeterminate	false	stratum_unknown
bureaucratic_drift_reading	story	1	powerless	scaffold	rope	false	disagree
bureaucratic_drift_reading	story	2	moderate	scaffold	rope	false	disagree
bureaucratic_drift_reading	story	3	institutional	scaffold	rope	false	disagree
bureaucratic_drift_reading	story	4	analytical	scaffold	indeterminate	false	stratum_indeterminate
capability_endogeneity	story	1	powerless	scaffold	indeterminate	false	stratum_indeterminate
capability_endogeneity	story	2	moderate	scaffold	indeterminate	false	stratum_indeterminate
capability_endogeneity	story	3	institutional	scaffold	rope	false	disagree
capability_endogeneity	story	4	analytical	unknown	indeterminate	false	stratum_unknown
catastrophe_memory_kernel__boundary_maintenance_reading	story	1	powerless	tangled_rope	indeterminate	false	stratum_indeterminate
catastrophe_memory_kernel__boundary_maintenance_reading	story	2	moderate	snare	snare	true	agree
catastrophe_memory_kernel__boundary_maintenance_reading	story	3	institutional	rope	indeterminate	false	stratum_indeterminate
catastrophe_memory_kernel__boundary_maintenance_reading	story	4	analytical	snare	snare	true	agree
categorical_nonexistence_as_soft_denial	story	1	powerless	tangled_rope	indeterminate	false	stratum_indeterminate
categorical_nonexistence_as_soft_denial	story	2	moderate	snare	snare	true	agree
categorical_nonexistence_as_soft_denial	story	3	institutional	rope	indeterminate	false	stratum_indeterminate
categorical_nonexistence_as_soft_denial	story	4	analytical	snare	snare	true	agree
channel_conversion_reading	story	1	powerless	tangled_rope	indeterminate	false	stratum_indeterminate
channel_conversion_reading	story	2	moderate	snare	snare	true	agree
channel_conversion_reading	story	3	institutional	rope	indeterminate	false	stratum_indeterminate
channel_conversion_reading	story	4	analytical	snare	snare	true	agree
citation_purity_reading	story	1	powerless	unknown	rope	false	stratum_unknown
citation_purity_reading	story	2	moderate	rope	rope	false	agree
citation_purity_reading	story	3	institutional	rope	rope	false	agree
citation_purity_reading	story	4	analytical	tangled_rope	indeterminate	false	stratum_indeterminate
clock_incompatibility_reading	story	1	powerless	tangled_rope	snare	false	disagree
clock_incompatibility_reading	story	2	moderate	tangled_rope	indeterminate	false	stratum_indeterminate
clock_incompatibility_reading	story	3	institutional	rope	indeterminate	false	stratum_indeterminate
clock_incompatibility_reading	story	4	analytical	unknown	indeterminate	false	stratum_unknown
cold_reader_reading	story	1	powerless	scaffold	rope	false	disagree
cold_reader_reading	story	2	moderate	scaffold	rope	false	disagree
cold_reader_reading	story	3	institutional	scaffold	rope	false	disagree
cold_reader_reading	story	4	analytical	scaffold	rope	false	disagree
collapse_inevitability_reading	story	1	powerless	unknown	snare	false	stratum_unknown
collapse_inevitability_reading	story	2	moderate	unknown	indeterminate	false	stratum_unknown
collapse_inevitability_reading	story	3	institutional	rope	piton	false	disagree
collapse_inevitability_reading	story	4	analytical	unknown	indeterminate	false	stratum_unknown
collective_refusal_as_sole_leverage	story	1	powerless	tangled_rope	indeterminate	false	stratum_indeterminate
collective_refusal_as_sole_leverage	story	2	moderate	snare	snare	true	agree
collective_refusal_as_sole_leverage	story	3	institutional	rope	indeterminate	false	stratum_indeterminate
collective_refusal_as_sole_leverage	story	4	analytical	snare	snare	true	agree
commitment_reading	story	1	powerless	tangled_rope	indeterminate	false	stratum_indeterminate
commitment_reading	story	2	moderate	tangled_rope	indeterminate	false	stratum_indeterminate
commitment_reading	story	3	institutional	rope	rope	false	agree
commitment_reading	story	4	analytical	tangled_rope	indeterminate	false	stratum_indeterminate
conceptual_framework_reading	story	1	powerless	rope	rope	false	agree
conceptual_framework_reading	story	2	moderate	rope	rope	false	agree
conceptual_framework_reading	story	3	institutional	rope	rope	false	agree
conceptual_framework_reading	story	4	analytical	rope	rope	false	agree
conduct_regulation_reading	story	1	powerless	unknown	indeterminate	false	stratum_unknown
conduct_regulation_reading	story	2	moderate	unknown	indeterminate	false	stratum_unknown
conduct_regulation_reading	story	3	institutional	rope	rope	false	agree
conduct_regulation_reading	story	4	analytical	unknown	indeterminate	false	stratum_unknown
constitutional_text_authority__living_constitutionalist_reading	story	1	powerless	tangled_rope	indeterminate	false	stratum_indeterminate
constitutional_text_authority__living_constitutionalist_reading	story	2	moderate	tangled_rope	indeterminate	false	stratum_indeterminate
constitutional_text_authority__living_constitutionalist_reading	story	3	institutional	rope	indeterminate	false	stratum_indeterminate
constitutional_text_authority__living_constitutionalist_reading	story	4	analytical	tangled_rope	indeterminate	false	stratum_indeterminate
constitutional_text_authority__originalist_reading	story	1	powerless	tangled_rope	indeterminate	false	stratum_indeterminate
constitutional_text_authority__originalist_reading	story	2	moderate	tangled_rope	indeterminate	false	stratum_indeterminate
constitutional_text_authority__originalist_reading	story	3	institutional	rope	rope	false	agree
constitutional_text_authority__originalist_reading	story	4	analytical	tangled_rope	indeterminate	false	stratum_indeterminate
constitutional_text_authority__positivist_reading	story	1	powerless	tangled_rope	indeterminate	false	stratum_indeterminate
constitutional_text_authority__positivist_reading	story	2	moderate	tangled_rope	indeterminate	false	stratum_indeterminate
constitutional_text_authority__positivist_reading	story	3	institutional	rope	rope	false	agree
constitutional_text_authority__positivist_reading	story	4	analytical	tangled_rope	indeterminate	false	stratum_indeterminate
conversational_ai_consent_migration	story	1	powerless	snare	snare	true	agree
conversational_ai_consent_migration	story	2	moderate	snare	snare	true	agree
conversational_ai_consent_migration	story	3	institutional	rope	indeterminate	false	stratum_indeterminate
conversational_ai_consent_migration	story	4	analytical	snare	snare	true	agree
cooperative_artifact_legitimacy_contradictions	axiom_contradiction	1	powerless	unknown	mountain	false	stratum_unknown
cooperative_artifact_legitimacy_contradictions	axiom_contradiction	2	moderate	unknown	rope	false	stratum_unknown
cooperative_artifact_legitimacy_contradictions	axiom_contradiction	3	institutional	unknown	rope	false	stratum_unknown
cooperative_artifact_legitimacy_contradictions	axiom_contradiction	4	analytical	unknown	mountain	false	stratum_unknown
cooperative_artifact_legitimacy_flat_control	story	1	powerless	tangled_rope	indeterminate	false	stratum_indeterminate
cooperative_artifact_legitimacy_flat_control	story	2	moderate	tangled_rope	indeterminate	false	stratum_indeterminate
cooperative_artifact_legitimacy_flat_control	story	3	institutional	rope	indeterminate	false	stratum_indeterminate
cooperative_artifact_legitimacy_flat_control	story	4	analytical	tangled_rope	indeterminate	false	stratum_indeterminate
coverage_neutral_reading	story	1	powerless	rope	rope	false	agree
coverage_neutral_reading	story	2	moderate	rope	rope	false	agree
coverage_neutral_reading	story	3	institutional	rope	rope	false	agree
coverage_neutral_reading	story	4	analytical	rope	rope	false	agree
credible_cooperator_kernel_contradictions	axiom_contradiction	1	powerless	unknown	mountain	false	stratum_unknown
credible_cooperator_kernel_contradictions	axiom_contradiction	2	moderate	unknown	rope	false	stratum_unknown
credible_cooperator_kernel_contradictions	axiom_contradiction	3	institutional	unknown	rope	false	stratum_unknown
credible_cooperator_kernel_contradictions	axiom_contradiction	4	analytical	unknown	mountain	false	stratum_unknown
credible_cooperator_kernel_flat_control	story	1	powerless	piton	indeterminate	false	stratum_indeterminate
credible_cooperator_kernel_flat_control	story	2	moderate	piton	indeterminate	false	stratum_indeterminate
credible_cooperator_kernel_flat_control	story	3	institutional	piton	rope	false	disagree
credible_cooperator_kernel_flat_control	story	4	analytical	piton	indeterminate	false	stratum_indeterminate
crypto_permissionless_reading	story	1	powerless	unknown	indeterminate	false	stratum_unknown
crypto_permissionless_reading	story	2	moderate	unknown	indeterminate	false	stratum_unknown
crypto_permissionless_reading	story	3	institutional	scaffold	rope	false	disagree
crypto_permissionless_reading	story	4	analytical	unknown	indeterminate	false	stratum_unknown
dataset_recycling_amplification	story	1	powerless	scaffold	indeterminate	false	stratum_indeterminate
dataset_recycling_amplification	story	2	moderate	scaffold	indeterminate	false	stratum_indeterminate
dataset_recycling_amplification	story	3	institutional	scaffold	rope	false	disagree
dataset_recycling_amplification	story	4	analytical	unknown	indeterminate	false	stratum_unknown
deferred_consent_reading	story	1	powerless	unknown	rope	false	stratum_unknown
deferred_consent_reading	story	2	moderate	rope	rope	false	agree
deferred_consent_reading	story	3	institutional	rope	rope	false	agree
deferred_consent_reading	story	4	analytical	unknown	indeterminate	false	stratum_unknown
deflationary_reading	story	1	powerless	rope	rope	false	agree
deflationary_reading	story	2	moderate	rope	rope	false	agree
deflationary_reading	story	3	institutional	rope	rope	false	agree
deflationary_reading	story	4	analytical	rope	rope	false	agree
democratic_legitimacy_reading	story	1	powerless	naturalized	rope	false	disagree
democratic_legitimacy_reading	story	2	moderate	snare	snare	true	agree
democratic_legitimacy_reading	story	3	institutional	rope	indeterminate	false	stratum_indeterminate
democratic_legitimacy_reading	story	4	analytical	snare	snare	true	agree
demographic_resource_allocation	story	1	powerless	rope	rope	false	agree
demographic_resource_allocation	story	2	moderate	rope	rope	false	agree
demographic_resource_allocation	story	3	institutional	rope	rope	false	agree
demographic_resource_allocation	story	4	analytical	rope	rope	false	agree
demographic_skill_mismatch_c0	story	1	powerless	rope	rope	false	agree
demographic_skill_mismatch_c0	story	2	moderate	rope	rope	false	agree
demographic_skill_mismatch_c0	story	3	institutional	rope	rope	false	agree
demographic_skill_mismatch_c0	story	4	analytical	rope	rope	false	agree
developmental_harm_reading	story	1	powerless	tangled_rope	snare	false	disagree
developmental_harm_reading	story	2	moderate	tangled_rope	indeterminate	false	stratum_indeterminate
developmental_harm_reading	story	3	institutional	rope	indeterminate	false	stratum_indeterminate
developmental_harm_reading	story	4	analytical	unknown	indeterminate	false	stratum_unknown
diagnostic_taxonomy_blind_spot	story	1	powerless	snare	snare	true	agree
diagnostic_taxonomy_blind_spot	story	2	moderate	snare	snare	true	agree
diagnostic_taxonomy_blind_spot	story	3	institutional	rope	indeterminate	false	stratum_indeterminate
diagnostic_taxonomy_blind_spot	story	4	analytical	snare	snare	true	agree
digital_money_legitimacy_contradictions	axiom_contradiction	1	powerless	unknown	mountain	false	stratum_unknown
digital_money_legitimacy_contradictions	axiom_contradiction	2	moderate	unknown	rope	false	stratum_unknown
digital_money_legitimacy_contradictions	axiom_contradiction	3	institutional	unknown	rope	false	stratum_unknown
digital_money_legitimacy_contradictions	axiom_contradiction	4	analytical	unknown	mountain	false	stratum_unknown
digital_money_legitimacy_flat_control	story	1	powerless	tangled_rope	indeterminate	false	stratum_indeterminate
digital_money_legitimacy_flat_control	story	2	moderate	snare	snare	true	agree
digital_money_legitimacy_flat_control	story	3	institutional	rope	indeterminate	false	stratum_indeterminate
digital_money_legitimacy_flat_control	story	4	analytical	snare	snare	true	agree
disciplined_self_distrust_as_inherited_suppression	story	1	powerless	snare	snare	true	agree
disciplined_self_distrust_as_inherited_suppression	story	2	moderate	snare	snare	true	agree
disciplined_self_distrust_as_inherited_suppression	story	3	institutional	rope	indeterminate	false	stratum_indeterminate
disciplined_self_distrust_as_inherited_suppression	story	4	analytical	snare	snare	true	agree
dispositional_reading	story	1	powerless	snare	snare	true	agree
dispositional_reading	story	2	moderate	snare	snare	true	agree
dispositional_reading	story	3	institutional	rope	indeterminate	false	stratum_indeterminate
dispositional_reading	story	4	analytical	snare	snare	true	agree
distributed_verification	story	1	powerless	tangled_rope	indeterminate	false	stratum_indeterminate
distributed_verification	story	2	moderate	snare	snare	true	agree
distributed_verification	story	3	institutional	rope	indeterminate	false	stratum_indeterminate
distributed_verification	story	4	analytical	snare	snare	true	agree
divine_legitimacy_substrate__folk_syncretistic_reading	story	1	powerless	scaffold	rope	false	disagree
divine_legitimacy_substrate__folk_syncretistic_reading	story	2	moderate	scaffold	rope	false	disagree
divine_legitimacy_substrate__folk_syncretistic_reading	story	3	institutional	scaffold	rope	false	disagree
divine_legitimacy_substrate__folk_syncretistic_reading	story	4	analytical	scaffold	indeterminate	false	stratum_indeterminate
domestic_currency_vs_external_settlement_seam	story	1	powerless	piton	rope	false	disagree
domestic_currency_vs_external_settlement_seam	story	2	moderate	piton	rope	false	disagree
domestic_currency_vs_external_settlement_seam	story	3	institutional	piton	rope	false	disagree
domestic_currency_vs_external_settlement_seam	story	4	analytical	piton	indeterminate	false	stratum_indeterminate
doomsday_clock_metric__hybrid_legitimacy_reading	story	1	powerless	unknown	indeterminate	false	stratum_unknown
doomsday_clock_metric__hybrid_legitimacy_reading	story	2	moderate	unknown	indeterminate	false	stratum_unknown
doomsday_clock_metric__hybrid_legitimacy_reading	story	3	institutional	rope	rope	false	agree
doomsday_clock_metric__hybrid_legitimacy_reading	story	4	analytical	unknown	indeterminate	false	stratum_unknown
drift_reading	story	1	powerless	tangled_rope	indeterminate	false	stratum_indeterminate
drift_reading	story	2	moderate	tangled_rope	indeterminate	false	stratum_indeterminate
drift_reading	story	3	institutional	rope	indeterminate	false	stratum_indeterminate
drift_reading	story	4	analytical	tangled_rope	indeterminate	false	stratum_indeterminate
dueling_disappearance_mechanism__overdetermined_composite_reading	story	1	powerless	naturalized	rope	false	disagree
dueling_disappearance_mechanism__overdetermined_composite_reading	story	2	moderate	tangled_rope	indeterminate	false	stratum_indeterminate
dueling_disappearance_mechanism__overdetermined_composite_reading	story	3	institutional	rope	indeterminate	false	stratum_indeterminate
dueling_disappearance_mechanism__overdetermined_composite_reading	story	4	analytical	snare	snare	true	agree
emotivism_as_diagnosis_vs_practice	story	1	powerless	tangled_rope	snare	false	disagree
emotivism_as_diagnosis_vs_practice	story	2	moderate	tangled_rope	indeterminate	false	stratum_indeterminate
emotivism_as_diagnosis_vs_practice	story	3	institutional	rope	indeterminate	false	stratum_indeterminate
emotivism_as_diagnosis_vs_practice	story	4	analytical	tangled_rope	indeterminate	false	stratum_indeterminate
empathy_simulation_reading	story	1	powerless	scaffold	rope	false	disagree
empathy_simulation_reading	story	2	moderate	scaffold	rope	false	disagree
empathy_simulation_reading	story	3	institutional	scaffold	rope	false	disagree
empathy_simulation_reading	story	4	analytical	scaffold	indeterminate	false	stratum_indeterminate
empirical_precedent_reading	story	1	powerless	unknown	indeterminate	false	stratum_unknown
empirical_precedent_reading	story	2	moderate	unknown	indeterminate	false	stratum_unknown
empirical_precedent_reading	story	3	institutional	rope	rope	false	agree
empirical_precedent_reading	story	4	analytical	unknown	indeterminate	false	stratum_unknown
empty_shell_tolerance	story	1	powerless	scaffold	rope	false	disagree
empty_shell_tolerance	story	2	moderate	scaffold	rope	false	disagree
empty_shell_tolerance	story	3	institutional	scaffold	rope	false	disagree
empty_shell_tolerance	story	4	analytical	scaffold	indeterminate	false	stratum_indeterminate
epistemic_collapse	story	1	powerless	tangled_rope	indeterminate	false	stratum_indeterminate
epistemic_collapse	story	2	moderate	snare	snare	true	agree
epistemic_collapse	story	3	institutional	rope	indeterminate	false	stratum_indeterminate
epistemic_collapse	story	4	analytical	snare	snare	true	agree
epistemic_inadmissibility_of_tacit_expertise	story	1	powerless	snare	snare	true	agree
epistemic_inadmissibility_of_tacit_expertise	story	2	moderate	snare	snare	true	agree
epistemic_inadmissibility_of_tacit_expertise	story	3	institutional	rope	indeterminate	false	stratum_indeterminate
epistemic_inadmissibility_of_tacit_expertise	story	4	analytical	snare	snare	true	agree
epsilon_substrate_dependency	story	1	powerless	tangled_rope	indeterminate	false	stratum_indeterminate
epsilon_substrate_dependency	story	2	moderate	snare	snare	true	agree
epsilon_substrate_dependency	story	3	institutional	rope	indeterminate	false	stratum_indeterminate
epsilon_substrate_dependency	story	4	analytical	snare	snare	true	agree
equal_protection_kernel__colorblind_reading	story	1	powerless	tangled_rope	snare	false	disagree
equal_protection_kernel__colorblind_reading	story	2	moderate	tangled_rope	indeterminate	false	stratum_indeterminate
equal_protection_kernel__colorblind_reading	story	3	institutional	rope	indeterminate	false	stratum_indeterminate
equal_protection_kernel__colorblind_reading	story	4	analytical	unknown	indeterminate	false	stratum_unknown
evaluator_incentive_asymmetry	story	1	powerless	piton	indeterminate	false	stratum_indeterminate
evaluator_incentive_asymmetry	story	2	moderate	piton	indeterminate	false	stratum_indeterminate
evaluator_incentive_asymmetry	story	3	institutional	piton	indeterminate	false	stratum_indeterminate
evaluator_incentive_asymmetry	story	4	analytical	piton	indeterminate	false	stratum_indeterminate
exile_reading	story	1	powerless	tangled_rope	snare	false	disagree
exile_reading	story	2	moderate	tangled_rope	indeterminate	false	stratum_indeterminate
exile_reading	story	3	institutional	rope	indeterminate	false	stratum_indeterminate
exile_reading	story	4	analytical	tangled_rope	indeterminate	false	stratum_indeterminate
exit_option_reading	story	1	powerless	snare	snare	true	agree
exit_option_reading	story	2	moderate	snare	snare	true	agree
exit_option_reading	story	3	institutional	rope	indeterminate	false	stratum_indeterminate
exit_option_reading	story	4	analytical	snare	snare	true	agree
exit_suppression_mechanism	story	1	powerless	snare	snare	true	agree
exit_suppression_mechanism	story	2	moderate	snare	snare	true	agree
exit_suppression_mechanism	story	3	institutional	naturalized	indeterminate	false	stratum_indeterminate
exit_suppression_mechanism	story	4	analytical	snare	snare	true	agree
expressive_attribution_reading	story	1	powerless	tangled_rope	indeterminate	false	stratum_indeterminate
expressive_attribution_reading	story	2	moderate	snare	snare	true	agree
expressive_attribution_reading	story	3	institutional	rope	indeterminate	false	stratum_indeterminate
expressive_attribution_reading	story	4	analytical	snare	snare	true	agree
family_attention_reallocation	story	1	powerless	tangled_rope	snare	false	disagree
family_attention_reallocation	story	2	moderate	tangled_rope	indeterminate	false	stratum_indeterminate
family_attention_reallocation	story	3	institutional	rope	indeterminate	false	stratum_indeterminate
family_attention_reallocation	story	4	analytical	tangled_rope	indeterminate	false	stratum_indeterminate
federation_membership__integration_reading	story	1	powerless	tangled_rope	indeterminate	false	stratum_indeterminate
federation_membership__integration_reading	story	2	moderate	snare	snare	true	agree
federation_membership__integration_reading	story	3	institutional	rope	indeterminate	false	stratum_indeterminate
federation_membership__integration_reading	story	4	analytical	snare	snare	true	agree
federation_membership__sovereignty_reading	story	1	powerless	snare	snare	true	agree
federation_membership__sovereignty_reading	story	2	moderate	snare	snare	true	agree
federation_membership__sovereignty_reading	story	3	institutional	rope	indeterminate	false	stratum_indeterminate
federation_membership__sovereignty_reading	story	4	analytical	snare	snare	true	agree
fetterley_transfer_kernel_contradictions	axiom_contradiction	1	powerless	unknown	mountain	false	stratum_unknown
fetterley_transfer_kernel_contradictions	axiom_contradiction	2	moderate	unknown	rope	false	stratum_unknown
fetterley_transfer_kernel_contradictions	axiom_contradiction	3	institutional	unknown	rope	false	stratum_unknown
fetterley_transfer_kernel_contradictions	axiom_contradiction	4	analytical	unknown	mountain	false	stratum_unknown
fetterley_transfer_kernel_flat_control	story	1	powerless	tangled_rope	indeterminate	false	stratum_indeterminate
fetterley_transfer_kernel_flat_control	story	2	moderate	snare	snare	true	agree
fetterley_transfer_kernel_flat_control	story	3	institutional	rope	indeterminate	false	stratum_indeterminate
fetterley_transfer_kernel_flat_control	story	4	analytical	snare	snare	true	agree
fiat_efficacy_kernel_contradictions	axiom_contradiction	1	powerless	unknown	mountain	false	stratum_unknown
fiat_efficacy_kernel_contradictions	axiom_contradiction	2	moderate	unknown	rope	false	stratum_unknown
fiat_efficacy_kernel_contradictions	axiom_contradiction	3	institutional	unknown	rope	false	stratum_unknown
fiat_efficacy_kernel_contradictions	axiom_contradiction	4	analytical	unknown	mountain	false	stratum_unknown
fiat_efficacy_kernel_flat_control	story	1	powerless	scaffold	indeterminate	false	stratum_indeterminate
fiat_efficacy_kernel_flat_control	story	2	moderate	scaffold	indeterminate	false	stratum_indeterminate
fiat_efficacy_kernel_flat_control	story	3	institutional	scaffold	rope	false	disagree
fiat_efficacy_kernel_flat_control	story	4	analytical	unknown	indeterminate	false	stratum_unknown
fictional_construct_reading	story	1	powerless	scaffold	rope	false	disagree
fictional_construct_reading	story	2	moderate	scaffold	rope	false	disagree
fictional_construct_reading	story	3	institutional	scaffold	rope	false	disagree
fictional_construct_reading	story	4	analytical	scaffold	indeterminate	false	stratum_indeterminate
filter_reading	story	1	powerless	snare	snare	true	agree
filter_reading	story	2	moderate	snare	snare	true	agree
filter_reading	story	3	institutional	rope	indeterminate	false	stratum_indeterminate
filter_reading	story	4	analytical	snare	snare	true	agree
fourteenth_amendment_equal_protection__formal_equality_reading	story	1	powerless	snare	snare	true	agree
fourteenth_amendment_equal_protection__formal_equality_reading	story	2	moderate	snare	snare	true	agree
fourteenth_amendment_equal_protection__formal_equality_reading	story	3	institutional	rope	indeterminate	false	stratum_indeterminate
fourteenth_amendment_equal_protection__formal_equality_reading	story	4	analytical	snare	snare	true	agree
frame_independence_reading	story	1	powerless	tangled_rope	indeterminate	false	stratum_indeterminate
frame_independence_reading	story	2	moderate	snare	snare	true	agree
frame_independence_reading	story	3	institutional	rope	indeterminate	false	stratum_indeterminate
frame_independence_reading	story	4	analytical	snare	snare	true	agree
fusion_reading	story	1	powerless	tangled_rope	indeterminate	false	stratum_indeterminate
fusion_reading	story	2	moderate	snare	snare	true	agree
fusion_reading	story	3	institutional	rope	indeterminate	false	stratum_indeterminate
fusion_reading	story	4	analytical	snare	snare	true	agree
future_claims_present_resources_contradictions	axiom_contradiction	1	powerless	unknown	mountain	false	stratum_unknown
future_claims_present_resources_contradictions	axiom_contradiction	2	moderate	unknown	rope	false	stratum_unknown
future_claims_present_resources_contradictions	axiom_contradiction	3	institutional	unknown	rope	false	stratum_unknown
future_claims_present_resources_contradictions	axiom_contradiction	4	analytical	unknown	mountain	false	stratum_unknown
future_claims_present_resources_flat_control	story	1	powerless	tangled_rope	snare	false	disagree
future_claims_present_resources_flat_control	story	2	moderate	tangled_rope	indeterminate	false	stratum_indeterminate
future_claims_present_resources_flat_control	story	3	institutional	rope	indeterminate	false	stratum_indeterminate
future_claims_present_resources_flat_control	story	4	analytical	tangled_rope	indeterminate	false	stratum_indeterminate
gendered_outcome_asymmetry	story	1	powerless	snare	snare	true	agree
gendered_outcome_asymmetry	story	2	moderate	snare	snare	true	agree
gendered_outcome_asymmetry	story	3	institutional	rope	indeterminate	false	stratum_indeterminate
gendered_outcome_asymmetry	story	4	analytical	snare	snare	true	agree
genealogical_origin_reading	story	1	powerless	piton	indeterminate	false	stratum_indeterminate
genealogical_origin_reading	story	2	moderate	piton	indeterminate	false	stratum_indeterminate
genealogical_origin_reading	story	3	institutional	piton	rope	false	disagree
genealogical_origin_reading	story	4	analytical	piton	indeterminate	false	stratum_indeterminate
generality_standard_contradictions	axiom_contradiction	1	powerless	unknown	mountain	false	stratum_unknown
generality_standard_contradictions	axiom_contradiction	2	moderate	unknown	rope	false	stratum_unknown
generality_standard_contradictions	axiom_contradiction	3	institutional	unknown	rope	false	stratum_unknown
generality_standard_contradictions	axiom_contradiction	4	analytical	unknown	mountain	false	stratum_unknown
generality_standard_flat_control	story	1	powerless	tangled_rope	indeterminate	false	stratum_indeterminate
generality_standard_flat_control	story	2	moderate	snare	snare	true	agree
generality_standard_flat_control	story	3	institutional	rope	indeterminate	false	stratum_indeterminate
generality_standard_flat_control	story	4	analytical	snare	snare	true	agree
generation_gate_reading	story	1	powerless	snare	snare	true	agree
generation_gate_reading	story	2	moderate	snare	snare	true	agree
generation_gate_reading	story	3	institutional	rope	indeterminate	false	stratum_indeterminate
generation_gate_reading	story	4	analytical	snare	snare	true	agree
genuine_relational_understanding_contradictions	axiom_contradiction	1	powerless	unknown	mountain	false	stratum_unknown
genuine_relational_understanding_contradictions	axiom_contradiction	2	moderate	unknown	rope	false	stratum_unknown
genuine_relational_understanding_contradictions	axiom_contradiction	3	institutional	unknown	rope	false	stratum_unknown
genuine_relational_understanding_contradictions	axiom_contradiction	4	analytical	unknown	mountain	false	stratum_unknown
geopolitical_settlement_competition	story	1	powerless	tangled_rope	indeterminate	false	stratum_indeterminate
geopolitical_settlement_competition	story	2	moderate	snare	snare	true	agree
geopolitical_settlement_competition	story	3	institutional	naturalized	indeterminate	false	stratum_indeterminate
geopolitical_settlement_competition	story	4	analytical	snare	snare	true	agree
gita_kurukshetra_discourse__gandhian_allegorical_reading	story	1	powerless	unknown	rope	false	stratum_unknown
gita_kurukshetra_discourse__gandhian_allegorical_reading	story	2	moderate	rope	rope	false	agree
gita_kurukshetra_discourse__gandhian_allegorical_reading	story	3	institutional	rope	rope	false	agree
gita_kurukshetra_discourse__gandhian_allegorical_reading	story	4	analytical	unknown	indeterminate	false	stratum_unknown
gpl_derivative_work_trigger__interface_boundary_reading	story	1	powerless	unknown	indeterminate	false	stratum_unknown
gpl_derivative_work_trigger__interface_boundary_reading	story	2	moderate	unknown	indeterminate	false	stratum_unknown
gpl_derivative_work_trigger__interface_boundary_reading	story	3	institutional	scaffold	rope	false	disagree
gpl_derivative_work_trigger__interface_boundary_reading	story	4	analytical	unknown	indeterminate	false	stratum_unknown
h2a_exit_mobility_axis	story	1	powerless	snare	snare	true	agree
h2a_exit_mobility_axis	story	2	moderate	snare	snare	true	agree
h2a_exit_mobility_axis	story	3	institutional	rope	indeterminate	false	stratum_indeterminate
h2a_exit_mobility_axis	story	4	analytical	snare	snare	true	agree
historical_treaty_substrate__stewardship_reading	story	1	powerless	unknown	rope	false	stratum_unknown
historical_treaty_substrate__stewardship_reading	story	2	moderate	rope	rope	false	agree
historical_treaty_substrate__stewardship_reading	story	3	institutional	rope	rope	false	agree
historical_treaty_substrate__stewardship_reading	story	4	analytical	rope	rope	false	agree
impression_management_reading	story	1	powerless	unknown	indeterminate	false	stratum_unknown
impression_management_reading	story	2	moderate	unknown	indeterminate	false	stratum_unknown
impression_management_reading	story	3	institutional	rope	rope	false	agree
impression_management_reading	story	4	analytical	unknown	indeterminate	false	stratum_unknown
indexical_realism	story	1	powerless	tangled_rope	indeterminate	false	stratum_indeterminate
indexical_realism	story	2	moderate	snare	snare	true	agree
indexical_realism	story	3	institutional	rope	indeterminate	false	stratum_indeterminate
indexical_realism	story	4	analytical	snare	snare	true	agree
information_control_regime	story	1	powerless	tangled_rope	indeterminate	false	stratum_indeterminate
information_control_regime	story	2	moderate	snare	snare	true	agree
information_control_regime	story	3	institutional	rope	indeterminate	false	stratum_indeterminate
information_control_regime	story	4	analytical	snare	snare	true	agree
installed_authorship_reading	story	1	powerless	unknown	rope	false	stratum_unknown
installed_authorship_reading	story	2	moderate	rope	rope	false	agree
installed_authorship_reading	story	3	institutional	rope	rope	false	agree
installed_authorship_reading	story	4	analytical	unknown	indeterminate	false	stratum_unknown
institutional_barrier_structure	story	1	powerless	tangled_rope	indeterminate	false	stratum_indeterminate
institutional_barrier_structure	story	2	moderate	snare	snare	true	agree
institutional_barrier_structure	story	3	institutional	rope	indeterminate	false	stratum_indeterminate
institutional_barrier_structure	story	4	analytical	snare	snare	true	agree
institutional_trust_erosion_c0	story	1	powerless	unknown	snare	false	stratum_unknown
institutional_trust_erosion_c0	story	2	moderate	unknown	indeterminate	false	stratum_unknown
institutional_trust_erosion_c0	story	3	institutional	unknown	indeterminate	false	stratum_unknown
institutional_trust_erosion_c0	story	4	analytical	unknown	indeterminate	false	stratum_unknown
institutional_validation_reading	story	1	powerless	tangled_rope	indeterminate	false	stratum_indeterminate
institutional_validation_reading	story	2	moderate	snare	snare	true	agree
institutional_validation_reading	story	3	institutional	rope	indeterminate	false	stratum_indeterminate
institutional_validation_reading	story	4	analytical	snare	snare	true	agree
institutional_verification_collapse	story	1	powerless	tangled_rope	indeterminate	false	stratum_indeterminate
institutional_verification_collapse	story	2	moderate	snare	snare	true	agree
institutional_verification_collapse	story	3	institutional	rope	indeterminate	false	stratum_indeterminate
institutional_verification_collapse	story	4	analytical	snare	snare	true	agree
instrument_capture_reading	story	1	powerless	snare	snare	true	agree
instrument_capture_reading	story	2	moderate	snare	snare	true	agree
instrument_capture_reading	story	3	institutional	rope	indeterminate	false	stratum_indeterminate
instrument_capture_reading	story	4	analytical	snare	snare	true	agree
instrument_dependent_reading	story	1	powerless	unknown	snare	false	stratum_unknown
instrument_dependent_reading	story	2	moderate	unknown	indeterminate	false	stratum_unknown
instrument_dependent_reading	story	3	institutional	rope	piton	false	disagree
instrument_dependent_reading	story	4	analytical	unknown	indeterminate	false	stratum_unknown
instrumentalist_reading	story	1	powerless	tangled_rope	indeterminate	false	stratum_indeterminate
instrumentalist_reading	story	2	moderate	tangled_rope	indeterminate	false	stratum_indeterminate
instrumentalist_reading	story	3	institutional	rope	indeterminate	false	stratum_indeterminate
instrumentalist_reading	story	4	analytical	tangled_rope	indeterminate	false	stratum_indeterminate
interactionist_reading	story	1	powerless	unknown	indeterminate	false	stratum_unknown
interactionist_reading	story	2	moderate	scaffold	indeterminate	false	stratum_indeterminate
interactionist_reading	story	3	institutional	scaffold	rope	false	disagree
interactionist_reading	story	4	analytical	unknown	indeterminate	false	stratum_unknown
intervention_target_selection	story	1	powerless	tangled_rope	indeterminate	false	stratum_indeterminate
intervention_target_selection	story	2	moderate	snare	snare	true	agree
intervention_target_selection	story	3	institutional	rope	indeterminate	false	stratum_indeterminate
intervention_target_selection	story	4	analytical	snare	snare	true	agree
issuance_as_deliberative_judgment	story	1	powerless	tangled_rope	indeterminate	false	stratum_indeterminate
issuance_as_deliberative_judgment	story	2	moderate	tangled_rope	indeterminate	false	stratum_indeterminate
issuance_as_deliberative_judgment	story	3	institutional	rope	rope	false	agree
issuance_as_deliberative_judgment	story	4	analytical	tangled_rope	indeterminate	false	stratum_indeterminate
issuance_as_market_discovered_confidence	story	1	powerless	tangled_rope	indeterminate	false	stratum_indeterminate
issuance_as_market_discovered_confidence	story	2	moderate	tangled_rope	indeterminate	false	stratum_indeterminate
issuance_as_market_discovered_confidence	story	3	institutional	rope	indeterminate	false	stratum_indeterminate
issuance_as_market_discovered_confidence	story	4	analytical	tangled_rope	indeterminate	false	stratum_indeterminate
issuance_as_physical_backing	story	1	powerless	tangled_rope	indeterminate	false	stratum_indeterminate
issuance_as_physical_backing	story	2	moderate	tangled_rope	indeterminate	false	stratum_indeterminate
issuance_as_physical_backing	story	3	institutional	rope	indeterminate	false	stratum_indeterminate
issuance_as_physical_backing	story	4	analytical	tangled_rope	indeterminate	false	stratum_indeterminate
jewish_self_determination__indigenous_return_reading	story	1	powerless	snare	snare	true	agree
jewish_self_determination__indigenous_return_reading	story	2	moderate	snare	snare	true	agree
jewish_self_determination__indigenous_return_reading	story	3	institutional	scaffold	indeterminate	false	stratum_indeterminate
jewish_self_determination__indigenous_return_reading	story	4	analytical	snare	snare	true	agree
jewish_sovereignty_palestine__cultural_zionist_reading	story	1	powerless	scaffold	rope	false	disagree
jewish_sovereignty_palestine__cultural_zionist_reading	story	2	moderate	scaffold	rope	false	disagree
jewish_sovereignty_palestine__cultural_zionist_reading	story	3	institutional	scaffold	rope	false	disagree
jewish_sovereignty_palestine__cultural_zionist_reading	story	4	analytical	scaffold	rope	false	disagree
jewish_sovereignty_palestine__settler_colonial_reading	story	1	powerless	snare	snare	true	agree
jewish_sovereignty_palestine__settler_colonial_reading	story	2	moderate	snare	snare	true	agree
jewish_sovereignty_palestine__settler_colonial_reading	story	3	institutional	rope	indeterminate	false	stratum_indeterminate
jewish_sovereignty_palestine__settler_colonial_reading	story	4	analytical	snare	snare	true	agree
jewish_territorial_claim__labor_zionism_reading	story	1	powerless	snare	snare	true	agree
jewish_territorial_claim__labor_zionism_reading	story	2	moderate	snare	snare	true	agree
jewish_territorial_claim__labor_zionism_reading	story	3	institutional	rope	indeterminate	false	stratum_indeterminate
jewish_territorial_claim__labor_zionism_reading	story	4	analytical	snare	snare	true	agree
john_1_1_logos__non_incarnational_monotheist	story	1	powerless	tangled_rope	indeterminate	false	stratum_indeterminate
john_1_1_logos__non_incarnational_monotheist	story	2	moderate	snare	snare	true	agree
john_1_1_logos__non_incarnational_monotheist	story	3	institutional	snare	snare	true	agree
john_1_1_logos__non_incarnational_monotheist	story	4	analytical	snare	snare	true	agree
knowledge_legitimacy_biomedicine_contradictions	axiom_contradiction	1	powerless	unknown	mountain	false	stratum_unknown
knowledge_legitimacy_biomedicine_contradictions	axiom_contradiction	2	moderate	unknown	rope	false	stratum_unknown
knowledge_legitimacy_biomedicine_contradictions	axiom_contradiction	3	institutional	unknown	rope	false	stratum_unknown
knowledge_legitimacy_biomedicine_contradictions	axiom_contradiction	4	analytical	unknown	mountain	false	stratum_unknown
knowledge_legitimacy_biomedicine_flat_control	story	1	powerless	tangled_rope	indeterminate	false	stratum_indeterminate
knowledge_legitimacy_biomedicine_flat_control	story	2	moderate	snare	snare	true	agree
knowledge_legitimacy_biomedicine_flat_control	story	3	institutional	rope	indeterminate	false	stratum_indeterminate
knowledge_legitimacy_biomedicine_flat_control	story	4	analytical	snare	snare	true	agree
lausanne_minority_protections__guarantor_reading	story	1	powerless	scaffold	rope	false	disagree
lausanne_minority_protections__guarantor_reading	story	2	moderate	scaffold	rope	false	disagree
lausanne_minority_protections__guarantor_reading	story	3	institutional	scaffold	rope	false	disagree
lausanne_minority_protections__guarantor_reading	story	4	analytical	scaffold	rope	false	disagree
learning_difficulty_substrate_contradictions	axiom_contradiction	1	powerless	unknown	mountain	false	stratum_unknown
learning_difficulty_substrate_contradictions	axiom_contradiction	2	moderate	unknown	rope	false	stratum_unknown
learning_difficulty_substrate_contradictions	axiom_contradiction	3	institutional	unknown	rope	false	stratum_unknown
learning_difficulty_substrate_contradictions	axiom_contradiction	4	analytical	unknown	mountain	false	stratum_unknown
learning_difficulty_substrate_flat_control	story	1	powerless	snare	snare	true	agree
learning_difficulty_substrate_flat_control	story	2	moderate	snare	snare	true	agree
learning_difficulty_substrate_flat_control	story	3	institutional	rope	indeterminate	false	stratum_indeterminate
learning_difficulty_substrate_flat_control	story	4	analytical	snare	snare	true	agree
legibility_primacy_reading	story	1	powerless	tangled_rope	indeterminate	false	stratum_indeterminate
legibility_primacy_reading	story	2	moderate	snare	snare	true	agree
legibility_primacy_reading	story	3	institutional	rope	indeterminate	false	stratum_indeterminate
legibility_primacy_reading	story	4	analytical	snare	snare	true	agree
liability_termination_visibility	story	1	powerless	snare	snare	true	agree
liability_termination_visibility	story	2	moderate	snare	snare	true	agree
liability_termination_visibility	story	3	institutional	rope	indeterminate	false	stratum_indeterminate
liability_termination_visibility	story	4	analytical	snare	snare	true	agree
livelihood_security_reading	story	1	powerless	unknown	indeterminate	false	stratum_unknown
livelihood_security_reading	story	2	moderate	unknown	indeterminate	false	stratum_unknown
livelihood_security_reading	story	3	institutional	rope	rope	false	agree
livelihood_security_reading	story	4	analytical	unknown	indeterminate	false	stratum_unknown
llm_synthesis_capacity	story	1	powerless	scaffold	rope	false	disagree
llm_synthesis_capacity	story	2	moderate	scaffold	rope	false	disagree
llm_synthesis_capacity	story	3	institutional	scaffold	rope	false	disagree
llm_synthesis_capacity	story	4	analytical	scaffold	rope	false	disagree
longevity_mismatch	story	1	powerless	rope	rope	false	agree
longevity_mismatch	story	2	moderate	rope	rope	false	agree
longevity_mismatch	story	3	institutional	rope	rope	false	agree
longevity_mismatch	story	4	analytical	rope	rope	false	agree
lycurgan_laws__demographic_trap_reading	story	1	powerless	tangled_rope	indeterminate	false	stratum_indeterminate
lycurgan_laws__demographic_trap_reading	story	2	moderate	snare	snare	true	agree
lycurgan_laws__demographic_trap_reading	story	3	institutional	rope	indeterminate	false	stratum_indeterminate
lycurgan_laws__demographic_trap_reading	story	4	analytical	snare	snare	true	agree
maat_order_principle__reciprocity_reading	story	1	powerless	unknown	indeterminate	false	stratum_unknown
maat_order_principle__reciprocity_reading	story	2	moderate	unknown	indeterminate	false	stratum_unknown
maat_order_principle__reciprocity_reading	story	3	institutional	rope	rope	false	agree
maat_order_principle__reciprocity_reading	story	4	analytical	unknown	indeterminate	false	stratum_unknown
marriage_authority__judicial_harmonization_reading	story	1	powerless	tangled_rope	indeterminate	false	stratum_indeterminate
marriage_authority__judicial_harmonization_reading	story	2	moderate	tangled_rope	indeterminate	false	stratum_indeterminate
marriage_authority__judicial_harmonization_reading	story	3	institutional	scaffold	indeterminate	false	stratum_indeterminate
marriage_authority__judicial_harmonization_reading	story	4	analytical	tangled_rope	indeterminate	false	stratum_indeterminate
measurement_architecture_reading	story	1	powerless	scaffold	rope	false	disagree
measurement_architecture_reading	story	2	moderate	scaffold	rope	false	disagree
measurement_architecture_reading	story	3	institutional	scaffold	rope	false	disagree
measurement_architecture_reading	story	4	analytical	scaffold	rope	false	disagree
measurement_authority_decoupling	story	1	powerless	snare	snare	true	agree
measurement_authority_decoupling	story	2	moderate	piton	indeterminate	false	stratum_indeterminate
measurement_authority_decoupling	story	3	institutional	rope	piton	false	disagree
measurement_authority_decoupling	story	4	analytical	snare	snare	true	agree
mechanism_defensibility_burden	story	1	powerless	scaffold	rope	false	disagree
mechanism_defensibility_burden	story	2	moderate	scaffold	rope	false	disagree
mechanism_defensibility_burden	story	3	institutional	scaffold	rope	false	disagree
mechanism_defensibility_burden	story	4	analytical	scaffold	rope	false	disagree
menu_curation_capture	story	1	powerless	unknown	snare	false	stratum_unknown
menu_curation_capture	story	2	moderate	unknown	indeterminate	false	stratum_unknown
menu_curation_capture	story	3	institutional	rope	piton	false	disagree
menu_curation_capture	story	4	analytical	unknown	indeterminate	false	stratum_unknown
mitochondrial_demand_signal_deficiency	story	1	powerless	tangled_rope	indeterminate	false	stratum_indeterminate
mitochondrial_demand_signal_deficiency	story	2	moderate	snare	snare	true	agree
mitochondrial_demand_signal_deficiency	story	3	institutional	naturalized	indeterminate	false	stratum_indeterminate
mitochondrial_demand_signal_deficiency	story	4	analytical	snare	snare	true	agree
mixed_sector_survival_bind	story	1	powerless	unknown	snare	false	stratum_unknown
mixed_sector_survival_bind	story	2	moderate	unknown	indeterminate	false	stratum_unknown
mixed_sector_survival_bind	story	3	institutional	scaffold	indeterminate	false	stratum_indeterminate
mixed_sector_survival_bind	story	4	analytical	unknown	indeterminate	false	stratum_unknown
model_collapse_feedback	story	1	powerless	tangled_rope	indeterminate	false	stratum_indeterminate
model_collapse_feedback	story	2	moderate	snare	snare	true	agree
model_collapse_feedback	story	3	institutional	naturalized	indeterminate	false	stratum_indeterminate
model_collapse_feedback	story	4	analytical	snare	snare	true	agree
money_governance_coupling_contradictions	axiom_contradiction	1	powerless	unknown	mountain	false	stratum_unknown
money_governance_coupling_contradictions	axiom_contradiction	2	moderate	unknown	rope	false	stratum_unknown
money_governance_coupling_contradictions	axiom_contradiction	3	institutional	unknown	rope	false	stratum_unknown
money_governance_coupling_contradictions	axiom_contradiction	4	analytical	unknown	mountain	false	stratum_unknown
money_governance_coupling_flat_control	story	1	powerless	tangled_rope	indeterminate	false	stratum_indeterminate
money_governance_coupling_flat_control	story	2	moderate	tangled_rope	indeterminate	false	stratum_indeterminate
money_governance_coupling_flat_control	story	3	institutional	rope	rope	false	agree
money_governance_coupling_flat_control	story	4	analytical	tangled_rope	indeterminate	false	stratum_indeterminate
moral_causation_locus_contradictions	axiom_contradiction	1	powerless	unknown	mountain	false	stratum_unknown
moral_causation_locus_contradictions	axiom_contradiction	2	moderate	unknown	rope	false	stratum_unknown
moral_causation_locus_contradictions	axiom_contradiction	3	institutional	unknown	rope	false	stratum_unknown
moral_causation_locus_contradictions	axiom_contradiction	4	analytical	unknown	mountain	false	stratum_unknown
moral_causation_locus_flat_control	story	1	powerless	tangled_rope	indeterminate	false	stratum_indeterminate
moral_causation_locus_flat_control	story	2	moderate	snare	snare	true	agree
moral_causation_locus_flat_control	story	3	institutional	rope	indeterminate	false	stratum_indeterminate
moral_causation_locus_flat_control	story	4	analytical	snare	snare	true	agree
nad_precursor_bioavailability	story	1	powerless	snare	snare	true	agree
nad_precursor_bioavailability	story	2	moderate	snare	snare	true	agree
nad_precursor_bioavailability	story	3	institutional	rope	indeterminate	false	stratum_indeterminate
nad_precursor_bioavailability	story	4	analytical	snare	snare	true	agree
negative_vs_positive_decision_structure	story	1	powerless	scaffold	rope	false	disagree
negative_vs_positive_decision_structure	story	2	moderate	scaffold	rope	false	disagree
negative_vs_positive_decision_structure	story	3	institutional	scaffold	rope	false	disagree
negative_vs_positive_decision_structure	story	4	analytical	scaffold	rope	false	disagree
negotiated_agency_reading	story	1	powerless	unknown	rope	false	stratum_unknown
negotiated_agency_reading	story	2	moderate	unknown	indeterminate	false	stratum_unknown
negotiated_agency_reading	story	3	institutional	rope	rope	false	agree
negotiated_agency_reading	story	4	analytical	unknown	indeterminate	false	stratum_unknown
neutron_star_bombardment_reading	story	1	powerless	scaffold	rope	false	disagree
neutron_star_bombardment_reading	story	2	moderate	scaffold	rope	false	disagree
neutron_star_bombardment_reading	story	3	institutional	scaffold	rope	false	disagree
neutron_star_bombardment_reading	story	4	analytical	scaffold	rope	false	disagree
nicene_creed_authority__liturgical_habituation_reading	story	1	powerless	unknown	rope	false	stratum_unknown
nicene_creed_authority__liturgical_habituation_reading	story	2	moderate	rope	rope	false	agree
nicene_creed_authority__liturgical_habituation_reading	story	3	institutional	rope	rope	false	agree
nicene_creed_authority__liturgical_habituation_reading	story	4	analytical	rope	rope	false	agree
nonperturbative_matter_sector_reading	story	1	powerless	tangled_rope	snare	false	disagree
nonperturbative_matter_sector_reading	story	2	moderate	tangled_rope	indeterminate	false	stratum_indeterminate
nonperturbative_matter_sector_reading	story	3	institutional	rope	indeterminate	false	stratum_indeterminate
nonperturbative_matter_sector_reading	story	4	analytical	tangled_rope	indeterminate	false	stratum_indeterminate
notability_guidelines__deliberative_reading	story	1	powerless	scaffold	rope	false	disagree
notability_guidelines__deliberative_reading	story	2	moderate	scaffold	rope	false	disagree
notability_guidelines__deliberative_reading	story	3	institutional	scaffold	rope	false	disagree
notability_guidelines__deliberative_reading	story	4	analytical	scaffold	indeterminate	false	stratum_indeterminate
omega_production_cost_asymmetry	story	1	powerless	unknown	snare	false	stratum_unknown
omega_production_cost_asymmetry	story	2	moderate	unknown	indeterminate	false	stratum_unknown
omega_production_cost_asymmetry	story	3	institutional	scaffold	indeterminate	false	stratum_indeterminate
omega_production_cost_asymmetry	story	4	analytical	unknown	indeterminate	false	stratum_unknown
ontological_commitment_reading	story	1	powerless	snare	snare	true	agree
ontological_commitment_reading	story	2	moderate	snare	snare	true	agree
ontological_commitment_reading	story	3	institutional	rope	indeterminate	false	stratum_indeterminate
ontological_commitment_reading	story	4	analytical	snare	snare	true	agree
operational_security_reading	story	1	powerless	tangled_rope	indeterminate	false	stratum_indeterminate
operational_security_reading	story	2	moderate	tangled_rope	indeterminate	false	stratum_indeterminate
operational_security_reading	story	3	institutional	rope	rope	false	agree
operational_security_reading	story	4	analytical	tangled_rope	indeterminate	false	stratum_indeterminate
organization_floor_c0	story	1	powerless	unknown	indeterminate	false	stratum_unknown
organization_floor_c0	story	2	moderate	unknown	indeterminate	false	stratum_unknown
organization_floor_c0	story	3	institutional	scaffold	rope	false	disagree
organization_floor_c0	story	4	analytical	unknown	indeterminate	false	stratum_unknown
paper_ready_boundary_flat_control	story	1	powerless	tangled_rope	indeterminate	false	stratum_indeterminate
paper_ready_boundary_flat_control	story	2	moderate	tangled_rope	indeterminate	false	stratum_indeterminate
paper_ready_boundary_flat_control	story	3	institutional	rope	rope	false	agree
paper_ready_boundary_flat_control	story	4	analytical	tangled_rope	indeterminate	false	stratum_indeterminate
partition_choice_reading	story	1	powerless	tangled_rope	indeterminate	false	stratum_indeterminate
partition_choice_reading	story	2	moderate	snare	snare	true	agree
partition_choice_reading	story	3	institutional	rope	indeterminate	false	stratum_indeterminate
partition_choice_reading	story	4	analytical	snare	snare	true	agree
performance_legitimacy_contradictions	axiom_contradiction	1	powerless	unknown	mountain	false	stratum_unknown
performance_legitimacy_contradictions	axiom_contradiction	2	moderate	unknown	rope	false	stratum_unknown
performance_legitimacy_contradictions	axiom_contradiction	3	institutional	unknown	rope	false	stratum_unknown
performance_legitimacy_contradictions	axiom_contradiction	4	analytical	unknown	mountain	false	stratum_unknown
performance_legitimacy_flat_control	story	1	powerless	naturalized	rope	false	disagree
performance_legitimacy_flat_control	story	2	moderate	snare	snare	true	agree
performance_legitimacy_flat_control	story	3	institutional	rope	indeterminate	false	stratum_indeterminate
performance_legitimacy_flat_control	story	4	analytical	snare	snare	true	agree
persona_as_valid_proxy_contradictions	axiom_contradiction	1	powerless	unknown	mountain	false	stratum_unknown
persona_as_valid_proxy_contradictions	axiom_contradiction	2	moderate	unknown	rope	false	stratum_unknown
persona_as_valid_proxy_contradictions	axiom_contradiction	3	institutional	unknown	rope	false	stratum_unknown
persona_as_valid_proxy_contradictions	axiom_contradiction	4	analytical	unknown	mountain	false	stratum_unknown
persona_as_valid_proxy_flat_control	story	1	powerless	tangled_rope	indeterminate	false	stratum_indeterminate
persona_as_valid_proxy_flat_control	story	2	moderate	tangled_rope	indeterminate	false	stratum_indeterminate
persona_as_valid_proxy_flat_control	story	3	institutional	rope	indeterminate	false	stratum_indeterminate
persona_as_valid_proxy_flat_control	story	4	analytical	tangled_rope	indeterminate	false	stratum_indeterminate
personhood_boundary_kernel_contradictions	axiom_contradiction	1	powerless	unknown	mountain	false	stratum_unknown
personhood_boundary_kernel_contradictions	axiom_contradiction	2	moderate	unknown	rope	false	stratum_unknown
personhood_boundary_kernel_contradictions	axiom_contradiction	3	institutional	unknown	rope	false	stratum_unknown
personhood_boundary_kernel_contradictions	axiom_contradiction	4	analytical	unknown	mountain	false	stratum_unknown
personhood_boundary_kernel_flat_control	story	1	powerless	naturalized	rope	false	disagree
personhood_boundary_kernel_flat_control	story	2	moderate	tangled_rope	indeterminate	false	stratum_indeterminate
personhood_boundary_kernel_flat_control	story	3	institutional	rope	indeterminate	false	stratum_indeterminate
personhood_boundary_kernel_flat_control	story	4	analytical	snare	snare	true	agree
personhood_continuity_reading	story	1	powerless	piton	indeterminate	false	stratum_indeterminate
personhood_continuity_reading	story	2	moderate	piton	indeterminate	false	stratum_indeterminate
personhood_continuity_reading	story	3	institutional	piton	rope	false	disagree
personhood_continuity_reading	story	4	analytical	piton	indeterminate	false	stratum_indeterminate
phenomenological_endorsement_reading	story	1	powerless	tangled_rope	indeterminate	false	stratum_indeterminate
phenomenological_endorsement_reading	story	2	moderate	tangled_rope	indeterminate	false	stratum_indeterminate
phenomenological_endorsement_reading	story	3	institutional	rope	rope	false	agree
phenomenological_endorsement_reading	story	4	analytical	tangled_rope	indeterminate	false	stratum_indeterminate
phenomenological_program_reading	story	1	powerless	unknown	rope	false	stratum_unknown
phenomenological_program_reading	story	2	moderate	rope	rope	false	agree
phenomenological_program_reading	story	3	institutional	rope	rope	false	agree
phenomenological_program_reading	story	4	analytical	unknown	indeterminate	false	stratum_unknown
polaris_document_status_contradictions	axiom_contradiction	1	powerless	unknown	mountain	false	stratum_unknown
polaris_document_status_contradictions	axiom_contradiction	2	moderate	unknown	rope	false	stratum_unknown
polaris_document_status_contradictions	axiom_contradiction	3	institutional	unknown	rope	false	stratum_unknown
polaris_document_status_contradictions	axiom_contradiction	4	analytical	unknown	mountain	false	stratum_unknown
polaris_document_status_flat_control	story	1	powerless	tangled_rope	indeterminate	false	stratum_indeterminate
polaris_document_status_flat_control	story	2	moderate	tangled_rope	indeterminate	false	stratum_indeterminate
polaris_document_status_flat_control	story	3	institutional	rope	rope	false	agree
polaris_document_status_flat_control	story	4	analytical	tangled_rope	indeterminate	false	stratum_indeterminate
positional_disagreement_as_evidence_contradictions	axiom_contradiction	1	powerless	unknown	mountain	false	stratum_unknown
positional_disagreement_as_evidence_contradictions	axiom_contradiction	2	moderate	unknown	rope	false	stratum_unknown
positional_disagreement_as_evidence_contradictions	axiom_contradiction	3	institutional	unknown	rope	false	stratum_unknown
positional_disagreement_as_evidence_contradictions	axiom_contradiction	4	analytical	unknown	mountain	false	stratum_unknown
positional_disagreement_as_evidence_flat_control	story	1	powerless	piton	indeterminate	false	stratum_indeterminate
positional_disagreement_as_evidence_flat_control	story	2	moderate	piton	indeterminate	false	stratum_indeterminate
positional_disagreement_as_evidence_flat_control	story	3	institutional	piton	rope	false	disagree
positional_disagreement_as_evidence_flat_control	story	4	analytical	piton	indeterminate	false	stratum_indeterminate
post_evidentiary	story	1	powerless	snare	snare	true	agree
post_evidentiary	story	2	moderate	snare	snare	true	agree
post_evidentiary	story	3	institutional	rope	indeterminate	false	stratum_indeterminate
post_evidentiary	story	4	analytical	snare	snare	true	agree
pragmatic_action_reading	story	1	powerless	unknown	indeterminate	false	stratum_unknown
pragmatic_action_reading	story	2	moderate	unknown	indeterminate	false	stratum_unknown
pragmatic_action_reading	story	3	institutional	scaffold	rope	false	disagree
pragmatic_action_reading	story	4	analytical	unknown	indeterminate	false	stratum_unknown
pragmatist_reading	story	1	powerless	scaffold	rope	false	disagree
pragmatist_reading	story	2	moderate	scaffold	rope	false	disagree
pragmatist_reading	story	3	institutional	scaffold	rope	false	disagree
pragmatist_reading	story	4	analytical	scaffold	indeterminate	false	stratum_indeterminate
pre_public_initiative_reading	story	1	powerless	unknown	indeterminate	false	stratum_unknown
pre_public_initiative_reading	story	2	moderate	scaffold	indeterminate	false	stratum_indeterminate
pre_public_initiative_reading	story	3	institutional	scaffold	rope	false	disagree
pre_public_initiative_reading	story	4	analytical	unknown	indeterminate	false	stratum_unknown
predictive_synthesis_reading	story	1	powerless	scaffold	rope	false	disagree
predictive_synthesis_reading	story	2	moderate	scaffold	rope	false	disagree
predictive_synthesis_reading	story	3	institutional	scaffold	rope	false	disagree
predictive_synthesis_reading	story	4	analytical	scaffold	indeterminate	false	stratum_indeterminate
prerequisite_debt_reading	story	1	powerless	unknown	indeterminate	false	stratum_unknown
prerequisite_debt_reading	story	2	moderate	unknown	indeterminate	false	stratum_unknown
prerequisite_debt_reading	story	3	institutional	scaffold	indeterminate	false	stratum_indeterminate
prerequisite_debt_reading	story	4	analytical	unknown	indeterminate	false	stratum_unknown
presentation_audit_reading	story	1	powerless	unknown	rope	false	stratum_unknown
presentation_audit_reading	story	2	moderate	rope	rope	false	agree
presentation_audit_reading	story	3	institutional	rope	rope	false	agree
presentation_audit_reading	story	4	analytical	rope	rope	false	agree
press_reformation_causality__strategic_deployment	story	1	powerless	tangled_rope	indeterminate	false	stratum_indeterminate
press_reformation_causality__strategic_deployment	story	2	moderate	snare	snare	true	agree
press_reformation_causality__strategic_deployment	story	3	institutional	rope	indeterminate	false	stratum_indeterminate
press_reformation_causality__strategic_deployment	story	4	analytical	snare	snare	true	agree
press_reformation_causation__mutual_shaping	story	1	powerless	piton	rope	false	disagree
press_reformation_causation__mutual_shaping	story	2	moderate	piton	rope	false	disagree
press_reformation_causation__mutual_shaping	story	3	institutional	piton	rope	false	disagree
press_reformation_causation__mutual_shaping	story	4	analytical	piton	rope	false	disagree
press_reformation_causation__strategic_deployment	story	1	powerless	snare	snare	false	agree
press_reformation_causation__strategic_deployment	story	2	moderate	snare	snare	false	agree
press_reformation_causation__strategic_deployment	story	3	institutional	snare	snare	false	agree
press_reformation_causation__strategic_deployment	story	4	analytical	snare	snare	false	agree
procedural_fairness_as_severity_laundering	story	1	powerless	snare	snare	true	agree
procedural_fairness_as_severity_laundering	story	2	moderate	snare	snare	true	agree
procedural_fairness_as_severity_laundering	story	3	institutional	rope	indeterminate	false	stratum_indeterminate
procedural_fairness_as_severity_laundering	story	4	analytical	snare	snare	true	agree
proceduralist_reading	story	1	powerless	piton	indeterminate	false	stratum_indeterminate
proceduralist_reading	story	2	moderate	piton	indeterminate	false	stratum_indeterminate
proceduralist_reading	story	3	institutional	piton	rope	false	disagree
proceduralist_reading	story	4	analytical	piton	indeterminate	false	stratum_indeterminate
process_transparency_reading	story	1	powerless	unknown	indeterminate	false	stratum_unknown
process_transparency_reading	story	2	moderate	unknown	indeterminate	false	stratum_unknown
process_transparency_reading	story	3	institutional	rope	rope	false	agree
process_transparency_reading	story	4	analytical	unknown	indeterminate	false	stratum_unknown
procurement_inertia	story	1	powerless	rope	snare	false	disagree
procurement_inertia	story	2	moderate	rope	indeterminate	false	stratum_indeterminate
procurement_inertia	story	3	institutional	rope	indeterminate	false	stratum_indeterminate
procurement_inertia	story	4	analytical	rope	indeterminate	false	stratum_indeterminate
products_liability_reading	story	1	powerless	unknown	indeterminate	false	stratum_unknown
products_liability_reading	story	2	moderate	unknown	indeterminate	false	stratum_unknown
products_liability_reading	story	3	institutional	rope	indeterminate	false	stratum_indeterminate
products_liability_reading	story	4	analytical	unknown	indeterminate	false	stratum_unknown
propagation_speed_asymmetry	story	1	powerless	rope	rope	false	agree
propagation_speed_asymmetry	story	2	moderate	rope	rope	false	agree
propagation_speed_asymmetry	story	3	institutional	rope	rope	false	agree
propagation_speed_asymmetry	story	4	analytical	rope	rope	false	agree
property_sector_overhang	story	1	powerless	tangled_rope	indeterminate	false	stratum_indeterminate
property_sector_overhang	story	2	moderate	snare	snare	true	agree
property_sector_overhang	story	3	institutional	naturalized	indeterminate	false	stratum_indeterminate
property_sector_overhang	story	4	analytical	snare	snare	true	agree
protective_fiction_as_distributed_liability	story	1	powerless	tangled_rope	indeterminate	false	stratum_indeterminate
protective_fiction_as_distributed_liability	story	2	moderate	snare	snare	true	agree
protective_fiction_as_distributed_liability	story	3	institutional	rope	indeterminate	false	stratum_indeterminate
protective_fiction_as_distributed_liability	story	4	analytical	snare	snare	true	agree
protein_anabolic_resistance	story	1	powerless	mountain	rope	true	disagree
protein_anabolic_resistance	story	2	moderate	scaffold	rope	false	disagree
protein_anabolic_resistance	story	3	institutional	scaffold	rope	false	disagree
protein_anabolic_resistance	story	4	analytical	mountain	mountain	true	agree
qualified_immunity_doctrine__protective_scaffold_reading	story	1	powerless	tangled_rope	indeterminate	false	stratum_indeterminate
qualified_immunity_doctrine__protective_scaffold_reading	story	2	moderate	tangled_rope	indeterminate	false	stratum_indeterminate
qualified_immunity_doctrine__protective_scaffold_reading	story	3	institutional	rope	indeterminate	false	stratum_indeterminate
qualified_immunity_doctrine__protective_scaffold_reading	story	4	analytical	tangled_rope	indeterminate	false	stratum_indeterminate
qualitative_development_reading	story	1	powerless	tangled_rope	indeterminate	false	stratum_indeterminate
qualitative_development_reading	story	2	moderate	snare	snare	true	agree
qualitative_development_reading	story	3	institutional	rope	indeterminate	false	stratum_indeterminate
qualitative_development_reading	story	4	analytical	snare	snare	true	agree
quantitative_growth_reading	story	1	powerless	tangled_rope	indeterminate	false	stratum_indeterminate
quantitative_growth_reading	story	2	moderate	snare	snare	true	agree
quantitative_growth_reading	story	3	institutional	rope	indeterminate	false	stratum_indeterminate
quantitative_growth_reading	story	4	analytical	snare	snare	true	agree
radiative_levitation_stratification	story	1	powerless	mountain	mountain	true	agree
radiative_levitation_stratification	story	2	moderate	scaffold	rope	false	disagree
radiative_levitation_stratification	story	3	institutional	scaffold	rope	false	disagree
radiative_levitation_stratification	story	4	analytical	mountain	mountain	true	agree
reading_acquisition_legitimacy__whole_language_meaning_primacy	story	1	powerless	naturalized	rope	false	disagree
reading_acquisition_legitimacy__whole_language_meaning_primacy	story	2	moderate	snare	snare	true	agree
reading_acquisition_legitimacy__whole_language_meaning_primacy	story	3	institutional	rope	indeterminate	false	stratum_indeterminate
reading_acquisition_legitimacy__whole_language_meaning_primacy	story	4	analytical	snare	snare	true	agree
redistributive_stabilization_reading	story	1	powerless	unknown	rope	false	stratum_unknown
redistributive_stabilization_reading	story	2	moderate	rope	rope	false	agree
redistributive_stabilization_reading	story	3	institutional	rope	rope	false	agree
redistributive_stabilization_reading	story	4	analytical	unknown	indeterminate	false	stratum_unknown
refugee_convention_text__expansive_humanitarian_reading	story	1	powerless	piton	rope	false	disagree
refugee_convention_text__expansive_humanitarian_reading	story	2	moderate	piton	indeterminate	false	stratum_indeterminate
refugee_convention_text__expansive_humanitarian_reading	story	3	institutional	piton	rope	false	disagree
refugee_convention_text__expansive_humanitarian_reading	story	4	analytical	piton	indeterminate	false	stratum_indeterminate
regulated_stablecoin_reading	story	1	powerless	tangled_rope	indeterminate	false	stratum_indeterminate
regulated_stablecoin_reading	story	2	moderate	tangled_rope	indeterminate	false	stratum_indeterminate
regulated_stablecoin_reading	story	3	institutional	rope	rope	false	agree
regulated_stablecoin_reading	story	4	analytical	tangled_rope	indeterminate	false	stratum_indeterminate
regulatory_lag_extraction	story	1	powerless	tangled_rope	indeterminate	false	stratum_indeterminate
regulatory_lag_extraction	story	2	moderate	snare	snare	true	agree
regulatory_lag_extraction	story	3	institutional	tangled_rope	indeterminate	false	stratum_indeterminate
regulatory_lag_extraction	story	4	analytical	snare	snare	true	agree
relational_obligation_reading	story	1	powerless	tangled_rope	indeterminate	false	stratum_indeterminate
relational_obligation_reading	story	2	moderate	tangled_rope	indeterminate	false	stratum_indeterminate
relational_obligation_reading	story	3	institutional	rope	indeterminate	false	stratum_indeterminate
relational_obligation_reading	story	4	analytical	tangled_rope	indeterminate	false	stratum_indeterminate
representational_correspondence_reading	story	1	powerless	tangled_rope	snare	false	disagree
representational_correspondence_reading	story	2	moderate	tangled_rope	indeterminate	false	stratum_indeterminate
representational_correspondence_reading	story	3	institutional	rope	indeterminate	false	stratum_indeterminate
representational_correspondence_reading	story	4	analytical	unknown	indeterminate	false	stratum_unknown
responsibility_preservation_mechanism	story	1	powerless	tangled_rope	indeterminate	false	stratum_indeterminate
responsibility_preservation_mechanism	story	2	moderate	snare	snare	true	agree
responsibility_preservation_mechanism	story	3	institutional	rope	indeterminate	false	stratum_indeterminate
responsibility_preservation_mechanism	story	4	analytical	snare	snare	true	agree
ritual_transmission_as_double_edged_inheritance	story	1	powerless	unknown	indeterminate	false	stratum_unknown
ritual_transmission_as_double_edged_inheritance	story	2	moderate	unknown	indeterminate	false	stratum_unknown
ritual_transmission_as_double_edged_inheritance	story	3	institutional	rope	rope	false	agree
ritual_transmission_as_double_edged_inheritance	story	4	analytical	unknown	indeterminate	false	stratum_unknown
scale_ceiling_c0	story	1	powerless	rope	rope	false	agree
scale_ceiling_c0	story	2	moderate	rope	rope	false	agree
scale_ceiling_c0	story	3	institutional	rope	rope	false	agree
scale_ceiling_c0	story	4	analytical	rope	rope	false	agree
scholarship_reading	story	1	powerless	unknown	rope	false	stratum_unknown
scholarship_reading	story	2	moderate	unknown	indeterminate	false	stratum_unknown
scholarship_reading	story	3	institutional	rope	rope	false	agree
scholarship_reading	story	4	analytical	unknown	indeterminate	false	stratum_unknown
seat_gauge_orientation_kernel_flat_control	story	1	powerless	unknown	indeterminate	false	stratum_unknown
seat_gauge_orientation_kernel_flat_control	story	2	moderate	scaffold	indeterminate	false	stratum_indeterminate
seat_gauge_orientation_kernel_flat_control	story	3	institutional	scaffold	rope	false	disagree
seat_gauge_orientation_kernel_flat_control	story	4	analytical	unknown	indeterminate	false	stratum_unknown
secession_legitimacy_boundary__constitutional_impossibility_reading	story	1	powerless	snare	snare	true	agree
secession_legitimacy_boundary__constitutional_impossibility_reading	story	2	moderate	unknown	indeterminate	false	stratum_unknown
secession_legitimacy_boundary__constitutional_impossibility_reading	story	3	institutional	scaffold	indeterminate	false	stratum_indeterminate
secession_legitimacy_boundary__constitutional_impossibility_reading	story	4	analytical	snare	snare	true	agree
sex_gender_category__identity_reading	story	1	powerless	tangled_rope	indeterminate	false	stratum_indeterminate
sex_gender_category__identity_reading	story	2	moderate	snare	snare	true	agree
sex_gender_category__identity_reading	story	3	institutional	rope	indeterminate	false	stratum_indeterminate
sex_gender_category__identity_reading	story	4	analytical	snare	snare	true	agree
shared_backbone_self_preference_confound	story	1	powerless	unknown	indeterminate	false	stratum_unknown
shared_backbone_self_preference_confound	story	2	moderate	unknown	indeterminate	false	stratum_unknown
shared_backbone_self_preference_confound	story	3	institutional	rope	piton	false	disagree
shared_backbone_self_preference_confound	story	4	analytical	unknown	indeterminate	false	stratum_unknown
shinbutsu_ontological_commitment__incoherence_reading	story	1	powerless	tangled_rope	snare	false	disagree
shinbutsu_ontological_commitment__incoherence_reading	story	2	moderate	tangled_rope	indeterminate	false	stratum_indeterminate
shinbutsu_ontological_commitment__incoherence_reading	story	3	institutional	rope	piton	false	disagree
shinbutsu_ontological_commitment__incoherence_reading	story	4	analytical	unknown	indeterminate	false	stratum_unknown
signaling_market_reading	story	1	powerless	unknown	indeterminate	false	stratum_unknown
signaling_market_reading	story	2	moderate	unknown	indeterminate	false	stratum_unknown
signaling_market_reading	story	3	institutional	rope	indeterminate	false	stratum_indeterminate
signaling_market_reading	story	4	analytical	unknown	indeterminate	false	stratum_unknown
silence_dependent_ritual_integrity	story	1	powerless	tangled_rope	indeterminate	false	stratum_indeterminate
silence_dependent_ritual_integrity	story	2	moderate	tangled_rope	indeterminate	false	stratum_indeterminate
silence_dependent_ritual_integrity	story	3	institutional	rope	indeterminate	false	stratum_indeterminate
silence_dependent_ritual_integrity	story	4	analytical	snare	snare	true	agree
simulation_reading	story	1	powerless	tangled_rope	snare	false	disagree
simulation_reading	story	2	moderate	tangled_rope	indeterminate	false	stratum_indeterminate
simulation_reading	story	3	institutional	rope	piton	false	disagree
simulation_reading	story	4	analytical	unknown	indeterminate	false	stratum_unknown
situational_reading	story	1	powerless	snare	snare	true	agree
situational_reading	story	2	moderate	snare	snare	true	agree
situational_reading	story	3	institutional	rope	indeterminate	false	stratum_indeterminate
situational_reading	story	4	analytical	snare	snare	true	agree
skills_mismatch_reading	story	1	powerless	unknown	indeterminate	false	stratum_unknown
skills_mismatch_reading	story	2	moderate	unknown	indeterminate	false	stratum_unknown
skills_mismatch_reading	story	3	institutional	rope	rope	false	agree
skills_mismatch_reading	story	4	analytical	unknown	indeterminate	false	stratum_unknown
sociotechnical_risk_reading	story	1	powerless	tangled_rope	snare	false	disagree
sociotechnical_risk_reading	story	2	moderate	tangled_rope	indeterminate	false	stratum_indeterminate
sociotechnical_risk_reading	story	3	institutional	rope	indeterminate	false	stratum_indeterminate
sociotechnical_risk_reading	story	4	analytical	unknown	indeterminate	false	stratum_unknown
sovereign_cbdc_reading	story	1	powerless	tangled_rope	indeterminate	false	stratum_indeterminate
sovereign_cbdc_reading	story	2	moderate	snare	snare	true	agree
sovereign_cbdc_reading	story	3	institutional	rope	indeterminate	false	stratum_indeterminate
sovereign_cbdc_reading	story	4	analytical	snare	snare	true	agree
specification_binding_authority	story	1	powerless	snare	snare	true	agree
specification_binding_authority	story	2	moderate	snare	snare	true	agree
specification_binding_authority	story	3	institutional	rope	indeterminate	false	stratum_indeterminate
specification_binding_authority	story	4	analytical	snare	snare	true	agree
speech_protection_kernel__absolutist_reading	story	1	powerless	tangled_rope	indeterminate	false	stratum_indeterminate
speech_protection_kernel__absolutist_reading	story	2	moderate	snare	snare	true	agree
speech_protection_kernel__absolutist_reading	story	3	institutional	rope	indeterminate	false	stratum_indeterminate
speech_protection_kernel__absolutist_reading	story	4	analytical	snare	snare	true	agree
stability_legitimacy_kernel_contradictions	axiom_contradiction	1	powerless	unknown	mountain	false	stratum_unknown
stability_legitimacy_kernel_contradictions	axiom_contradiction	2	moderate	unknown	rope	false	stratum_unknown
stability_legitimacy_kernel_contradictions	axiom_contradiction	3	institutional	unknown	rope	false	stratum_unknown
stability_legitimacy_kernel_contradictions	axiom_contradiction	4	analytical	unknown	mountain	false	stratum_unknown
stability_legitimacy_kernel_flat_control	story	1	powerless	naturalized	rope	false	disagree
stability_legitimacy_kernel_flat_control	story	2	moderate	snare	snare	true	agree
stability_legitimacy_kernel_flat_control	story	3	institutional	rope	indeterminate	false	stratum_indeterminate
stability_legitimacy_kernel_flat_control	story	4	analytical	snare	snare	true	agree
stance_reading	story	1	powerless	rope	rope	false	agree
stance_reading	story	2	moderate	rope	rope	false	agree
stance_reading	story	3	institutional	rope	rope	false	agree
stance_reading	story	4	analytical	rope	rope	false	agree
standpoint_reading	story	1	powerless	snare	snare	true	agree
standpoint_reading	story	2	moderate	snare	snare	true	agree
standpoint_reading	story	3	institutional	rope	indeterminate	false	stratum_indeterminate
standpoint_reading	story	4	analytical	snare	snare	true	agree
state_killing_legitimacy__abolition_reading	story	1	powerless	snare	snare	true	agree
state_killing_legitimacy__abolition_reading	story	2	moderate	snare	snare	true	agree
state_killing_legitimacy__abolition_reading	story	3	institutional	rope	indeterminate	false	stratum_indeterminate
state_killing_legitimacy__abolition_reading	story	4	analytical	snare	snare	true	agree
statute_of_anne_ip_foundation__entangled_event_reading	story	1	powerless	tangled_rope	indeterminate	false	stratum_indeterminate
statute_of_anne_ip_foundation__entangled_event_reading	story	2	moderate	tangled_rope	indeterminate	false	stratum_indeterminate
statute_of_anne_ip_foundation__entangled_event_reading	story	3	institutional	rope	indeterminate	false	stratum_indeterminate
statute_of_anne_ip_foundation__entangled_event_reading	story	4	analytical	tangled_rope	indeterminate	false	stratum_indeterminate
statutory_debt_ceiling__coordination_scaffold_reading	story	1	powerless	piton	rope	false	disagree
statutory_debt_ceiling__coordination_scaffold_reading	story	2	moderate	piton	rope	false	disagree
statutory_debt_ceiling__coordination_scaffold_reading	story	3	institutional	piton	rope	false	disagree
statutory_debt_ceiling__coordination_scaffold_reading	story	4	analytical	piton	rope	false	disagree
sufficiency_reading	story	1	powerless	rope	rope	false	agree
sufficiency_reading	story	2	moderate	rope	rope	false	agree
sufficiency_reading	story	3	institutional	rope	rope	false	agree
sufficiency_reading	story	4	analytical	rope	rope	false	agree
superheavy_decay_reading	story	1	powerless	unknown	snare	false	stratum_unknown
superheavy_decay_reading	story	2	moderate	unknown	indeterminate	false	stratum_unknown
superheavy_decay_reading	story	3	institutional	scaffold	indeterminate	false	stratum_indeterminate
superheavy_decay_reading	story	4	analytical	unknown	indeterminate	false	stratum_unknown
surveillance_productivity_dividend	story	1	powerless	tangled_rope	indeterminate	false	stratum_indeterminate
surveillance_productivity_dividend	story	2	moderate	snare	snare	true	agree
surveillance_productivity_dividend	story	3	institutional	rope	indeterminate	false	stratum_indeterminate
surveillance_productivity_dividend	story	4	analytical	snare	snare	true	agree
synthesis_infrastructure_gap	story	1	powerless	tangled_rope	indeterminate	false	stratum_indeterminate
synthesis_infrastructure_gap	story	2	moderate	snare	snare	true	agree
synthesis_infrastructure_gap	story	3	institutional	rope	indeterminate	false	stratum_indeterminate
synthesis_infrastructure_gap	story	4	analytical	snare	snare	true	agree
technician_intent_reading	story	1	powerless	tangled_rope	indeterminate	false	stratum_indeterminate
technician_intent_reading	story	2	moderate	snare	snare	true	agree
technician_intent_reading	story	3	institutional	rope	indeterminate	false	stratum_indeterminate
technician_intent_reading	story	4	analytical	snare	snare	true	agree
techno_nationalist_reading	story	1	powerless	tangled_rope	indeterminate	false	stratum_indeterminate
techno_nationalist_reading	story	2	moderate	snare	snare	true	agree
techno_nationalist_reading	story	3	institutional	rope	indeterminate	false	stratum_indeterminate
techno_nationalist_reading	story	4	analytical	snare	snare	true	agree
technological_displacement_axiom_contradictions	axiom_contradiction	1	powerless	unknown	mountain	false	stratum_unknown
technological_displacement_axiom_contradictions	axiom_contradiction	2	moderate	unknown	rope	false	stratum_unknown
technological_displacement_axiom_contradictions	axiom_contradiction	3	institutional	unknown	rope	false	stratum_unknown
technological_displacement_axiom_contradictions	axiom_contradiction	4	analytical	unknown	mountain	false	stratum_unknown
technological_displacement_axiom_flat_control	story	1	powerless	tangled_rope	snare	false	disagree
technological_displacement_axiom_flat_control	story	2	moderate	tangled_rope	indeterminate	false	stratum_indeterminate
technological_displacement_axiom_flat_control	story	3	institutional	rope	indeterminate	false	stratum_indeterminate
technological_displacement_axiom_flat_control	story	4	analytical	tangled_rope	indeterminate	false	stratum_indeterminate
technology_diffusion_asymmetry	story	1	powerless	rope	rope	false	agree
technology_diffusion_asymmetry	story	2	moderate	rope	rope	false	agree
technology_diffusion_asymmetry	story	3	institutional	rope	rope	false	agree
technology_diffusion_asymmetry	story	4	analytical	rope	rope	false	agree
tempo_margin_regime	story	1	powerless	naturalized	rope	false	disagree
tempo_margin_regime	story	2	moderate	snare	snare	true	agree
tempo_margin_regime	story	3	institutional	rope	indeterminate	false	stratum_indeterminate
tempo_margin_regime	story	4	analytical	snare	snare	true	agree
temporal_equivalence_reading	story	1	powerless	scaffold	rope	false	disagree
temporal_equivalence_reading	story	2	moderate	scaffold	rope	false	disagree
temporal_equivalence_reading	story	3	institutional	scaffold	rope	false	disagree
temporal_equivalence_reading	story	4	analytical	scaffold	rope	false	disagree
termination_and_falsifiability_of_review_loops	story	1	powerless	unknown	snare	false	stratum_unknown
termination_and_falsifiability_of_review_loops	story	2	moderate	unknown	indeterminate	false	stratum_unknown
termination_and_falsifiability_of_review_loops	story	3	institutional	scaffold	indeterminate	false	stratum_indeterminate
termination_and_falsifiability_of_review_loops	story	4	analytical	unknown	indeterminate	false	stratum_unknown
textualist_severability_reading	story	1	powerless	scaffold	rope	false	disagree
textualist_severability_reading	story	2	moderate	scaffold	rope	false	disagree
textualist_severability_reading	story	3	institutional	scaffold	rope	false	disagree
textualist_severability_reading	story	4	analytical	scaffold	indeterminate	false	stratum_indeterminate
third_act_arbitrage	story	1	powerless	tangled_rope	indeterminate	false	stratum_indeterminate
third_act_arbitrage	story	2	moderate	tangled_rope	indeterminate	false	stratum_indeterminate
third_act_arbitrage	story	3	institutional	rope	indeterminate	false	stratum_indeterminate
third_act_arbitrage	story	4	analytical	tangled_rope	indeterminate	false	stratum_indeterminate
tool_reading	story	1	powerless	scaffold	rope	false	disagree
tool_reading	story	2	moderate	scaffold	rope	false	disagree
tool_reading	story	3	institutional	scaffold	rope	false	disagree
tool_reading	story	4	analytical	scaffold	mountain	false	disagree
trajectory_extrapolation_reading	story	1	powerless	snare	snare	true	agree
trajectory_extrapolation_reading	story	2	moderate	snare	snare	true	agree
trajectory_extrapolation_reading	story	3	institutional	rope	indeterminate	false	stratum_indeterminate
trajectory_extrapolation_reading	story	4	analytical	snare	snare	true	agree
truth_procedure_reading	story	1	powerless	unknown	rope	false	stratum_unknown
truth_procedure_reading	story	2	moderate	rope	rope	false	agree
truth_procedure_reading	story	3	institutional	rope	rope	false	agree
truth_procedure_reading	story	4	analytical	unknown	indeterminate	false	stratum_unknown
udhr_article_3__negative_liberty_reading	story	1	powerless	snare	snare	true	agree
udhr_article_3__negative_liberty_reading	story	2	moderate	snare	snare	true	agree
udhr_article_3__negative_liberty_reading	story	3	institutional	rope	indeterminate	false	stratum_indeterminate
udhr_article_3__negative_liberty_reading	story	4	analytical	snare	snare	true	agree
unaudited_contentment_as_entitlement	story	1	powerless	snare	snare	true	agree
unaudited_contentment_as_entitlement	story	2	moderate	snare	snare	true	agree
unaudited_contentment_as_entitlement	story	3	institutional	rope	indeterminate	false	stratum_indeterminate
unaudited_contentment_as_entitlement	story	4	analytical	snare	snare	true	agree
unaudited_reserve_asymmetry	story	1	powerless	snare	snare	true	agree
unaudited_reserve_asymmetry	story	2	moderate	snare	snare	true	agree
unaudited_reserve_asymmetry	story	3	institutional	rope	indeterminate	false	stratum_indeterminate
unaudited_reserve_asymmetry	story	4	analytical	snare	snare	true	agree
unranked_substrate_as_negative_commons	story	1	powerless	scaffold	rope	false	disagree
unranked_substrate_as_negative_commons	story	2	moderate	scaffold	rope	false	disagree
unranked_substrate_as_negative_commons	story	3	institutional	scaffold	rope	false	disagree
unranked_substrate_as_negative_commons	story	4	analytical	scaffold	rope	false	disagree
unregulated_psychological_experimentation	story	1	powerless	snare	snare	true	agree
unregulated_psychological_experimentation	story	2	moderate	snare	snare	true	agree
unregulated_psychological_experimentation	story	3	institutional	rope	indeterminate	false	stratum_indeterminate
unregulated_psychological_experimentation	story	4	analytical	snare	snare	true	agree
unsettled_claim_ontology_contradictions	axiom_contradiction	1	powerless	unknown	mountain	false	stratum_unknown
unsettled_claim_ontology_contradictions	axiom_contradiction	2	moderate	unknown	rope	false	stratum_unknown
unsettled_claim_ontology_contradictions	axiom_contradiction	3	institutional	unknown	rope	false	stratum_unknown
unsettled_claim_ontology_contradictions	axiom_contradiction	4	analytical	unknown	mountain	false	stratum_unknown
unsettled_claim_ontology_flat_control	story	1	powerless	tangled_rope	indeterminate	false	stratum_indeterminate
unsettled_claim_ontology_flat_control	story	2	moderate	tangled_rope	indeterminate	false	stratum_indeterminate
unsettled_claim_ontology_flat_control	story	3	institutional	rope	indeterminate	false	stratum_indeterminate
unsettled_claim_ontology_flat_control	story	4	analytical	tangled_rope	indeterminate	false	stratum_indeterminate
utopian_fiction_reading	story	1	powerless	scaffold	rope	false	disagree
utopian_fiction_reading	story	2	moderate	scaffold	rope	false	disagree
utopian_fiction_reading	story	3	institutional	scaffold	rope	false	disagree
utopian_fiction_reading	story	4	analytical	scaffold	rope	false	disagree
validation_judgment_separation	story	1	powerless	rope	rope	false	agree
validation_judgment_separation	story	2	moderate	rope	rope	false	agree
validation_judgment_separation	story	3	institutional	rope	rope	false	agree
validation_judgment_separation	story	4	analytical	rope	rope	false	agree
vedic_corpus_social_prescription__colonial_orientalist_reading	story	1	powerless	tangled_rope	indeterminate	false	stratum_indeterminate
vedic_corpus_social_prescription__colonial_orientalist_reading	story	2	moderate	snare	snare	true	agree
vedic_corpus_social_prescription__colonial_orientalist_reading	story	3	institutional	rope	indeterminate	false	stratum_indeterminate
vedic_corpus_social_prescription__colonial_orientalist_reading	story	4	analytical	snare	snare	true	agree
verification_cost_as_constitutional_precondition	story	1	powerless	tangled_rope	snare	false	disagree
verification_cost_as_constitutional_precondition	story	2	moderate	tangled_rope	indeterminate	false	stratum_indeterminate
verification_cost_as_constitutional_precondition	story	3	institutional	rope	indeterminate	false	stratum_indeterminate
verification_cost_as_constitutional_precondition	story	4	analytical	unknown	indeterminate	false	stratum_unknown
verification_prohibition_as_self_defeating_trial	story	1	powerless	snare	snare	true	agree
verification_prohibition_as_self_defeating_trial	story	2	moderate	snare	snare	true	agree
verification_prohibition_as_self_defeating_trial	story	3	institutional	rope	indeterminate	false	stratum_indeterminate
verification_prohibition_as_self_defeating_trial	story	4	analytical	snare	snare	true	agree
victim_self_attribution_foreclosure	story	1	powerless	snare	snare	true	agree
victim_self_attribution_foreclosure	story	2	moderate	snare	snare	true	agree
victim_self_attribution_foreclosure	story	3	institutional	rope	indeterminate	false	stratum_indeterminate
victim_self_attribution_foreclosure	story	4	analytical	snare	snare	true	agree
virtue_performance_as_exculpation	story	1	powerless	snare	snare	true	agree
virtue_performance_as_exculpation	story	2	moderate	snare	snare	true	agree
virtue_performance_as_exculpation	story	3	institutional	rope	indeterminate	false	stratum_indeterminate
virtue_performance_as_exculpation	story	4	analytical	snare	snare	true	agree
visual_evidentiary_authority_contradictions	axiom_contradiction	1	powerless	unknown	mountain	false	stratum_unknown
visual_evidentiary_authority_contradictions	axiom_contradiction	2	moderate	unknown	rope	false	stratum_unknown
visual_evidentiary_authority_contradictions	axiom_contradiction	3	institutional	unknown	rope	false	stratum_unknown
visual_evidentiary_authority_contradictions	axiom_contradiction	4	analytical	unknown	mountain	false	stratum_unknown
visual_evidentiary_authority_flat_control	story	1	powerless	scaffold	indeterminate	false	stratum_indeterminate
visual_evidentiary_authority_flat_control	story	2	moderate	scaffold	indeterminate	false	stratum_indeterminate
visual_evidentiary_authority_flat_control	story	3	institutional	scaffold	rope	false	disagree
visual_evidentiary_authority_flat_control	story	4	analytical	unknown	indeterminate	false	stratum_unknown
vocabulary_collision_reading	story	1	powerless	rope	rope	false	agree
vocabulary_collision_reading	story	2	moderate	rope	rope	false	agree
vocabulary_collision_reading	story	3	institutional	rope	rope	false	agree
vocabulary_collision_reading	story	4	analytical	rope	rope	false	agree
voice_without_leverage	story	1	powerless	snare	snare	true	agree
voice_without_leverage	story	2	moderate	snare	snare	true	agree
voice_without_leverage	story	3	institutional	rope	indeterminate	false	stratum_indeterminate
voice_without_leverage	story	4	analytical	snare	snare	true	agree
weaponization_accessibility	story	1	powerless	scaffold	rope	false	disagree
weaponization_accessibility	story	2	moderate	scaffold	rope	false	disagree
weaponization_accessibility	story	3	institutional	scaffold	rope	false	disagree
weaponization_accessibility	story	4	analytical	scaffold	indeterminate	false	stratum_indeterminate
womens_financial_autonomy	story	1	powerless	scaffold	indeterminate	false	stratum_indeterminate
womens_financial_autonomy	story	2	moderate	scaffold	indeterminate	false	stratum_indeterminate
womens_financial_autonomy	story	3	institutional	scaffold	rope	false	disagree
womens_financial_autonomy	story	4	analytical	unknown	indeterminate	false	stratum_unknown
zero_mathematical_status__parmenidean_rejection	story	1	powerless	tangled_rope	indeterminate	false	stratum_indeterminate
zero_mathematical_status__parmenidean_rejection	story	2	moderate	snare	snare	true	agree
zero_mathematical_status__parmenidean_rejection	story	3	institutional	rope	indeterminate	false	stratum_indeterminate
zero_mathematical_status__parmenidean_rejection	story	4	analytical	snare	snare	true	agree
zero_mathematical_status__placeholder_reading	story	1	powerless	tangled_rope	indeterminate	false	stratum_indeterminate
zero_mathematical_status__placeholder_reading	story	2	moderate	tangled_rope	indeterminate	false	stratum_indeterminate
zero_mathematical_status__placeholder_reading	story	3	institutional	rope	indeterminate	false	stratum_indeterminate
zero_mathematical_status__placeholder_reading	story	4	analytical	tangled_rope	indeterminate	false	stratum_indeterminate
zionist_legitimacy_basis__national_liberation_reading	story	1	powerless	naturalized	rope	false	disagree
zionist_legitimacy_basis__national_liberation_reading	story	2	moderate	snare	snare	true	agree
zionist_legitimacy_basis__national_liberation_reading	story	3	institutional	rope	indeterminate	false	stratum_indeterminate
zionist_legitimacy_basis__national_liberation_reading	story	4	analytical	snare	snare	true	agree
