constraint_id,context,chi,KL_fwd,KL_rev,d_FR,H_sq,max_tvd,argmax_cl,argmax_idx,type_match
abolition_reading,powerless,0.4576,0.48919739754275116,0.2002683913704343,0.7687719772224686,0.1459422889206266,0.2047435802467994,tangled_rope,tangled_rope,True
abolition_reading,moderate,0.973713,0.09881910843787015,0.1118022705669455,0.4582607488102143,0.05227143619404935,0.21095445395246656,tangled_rope,tangled_rope,True
abolition_reading,institutional,-0.070627,0.8242300806961591,0.23003588166421796,0.8750122690664164,0.18837783129435393,0.21215761823623236,tangled_rope,tangled_rope,True
abolition_reading,analytical,1.205539,1.5671850501903297,1.1900347074276374,1.6372270276787986,0.6335314503893017,0.7141885372629916,tangled_rope,piton,False
abolitionist_rights,powerless,0.84777,0.18149915863736454,0.08757043811919644,0.4785565740755844,0.056981450132840006,0.114636505230094,tangled_rope,tangled_rope,True
abolitionist_rights,moderate,0.863064,0.2552996431641843,0.11366015738454363,0.5427818782952185,0.07320208604187273,0.14550987979666813,tangled_rope,tangled_rope,True
abolitionist_rights,institutional,-0.032957,1.5366045627493086,0.22329210080131018,0.8493073074441729,0.17763703184584473,0.20402419368412206,tangled_rope,tangled_rope,True
abolitionist_rights,analytical,1.068546,2.003038056143713,1.0697848380214443,1.4674600144998373,0.514636408486294,0.6526489203050937,tangled_rope,piton,False
absolutist_reading,powerless,0.3536,3.946238315031442,0.7292900348235088,1.5847537547481014,0.5956901871621578,0.5182431787114434,snare,tangled_rope,False
absolutist_reading,moderate,0.752415,0.390781413681255,0.3101501948896927,0.8326396996450818,0.1708332531535251,0.37561415537601706,snare,tangled_rope,False
absolutist_reading,institutional,-0.028731,11.243730883500247,0.7365090664930873,1.6079984700058363,0.6123354602165039,0.5183723400002229,snare,tangled_rope,False
absolutist_reading,analytical,0.931553,5.758038196929181,0.7306030213666331,1.603601267514429,0.6091722300150522,0.5183683977852754,snare,tangled_rope,False
adaptation_priority,powerless,0.3536,3.9372615192851432,0.7266229310376091,1.5822319206404218,0.5938956970430951,0.516957195838738,snare,tangled_rope,False
adaptation_priority,moderate,0.752415,0.39031812906988694,0.3093936896710137,0.8318693197928145,0.17052184925373876,0.3749556161049844,snare,tangled_rope,False
adaptation_priority,institutional,-0.028731,11.2137723645068,0.7304936031366722,1.6051590973298402,0.6102921230279805,0.5170803237386015,snare,tangled_rope,False
adaptation_priority,analytical,0.931553,5.744659217399665,0.7281332303211342,1.6010928978048198,0.607370786204749,0.517076402380074,snare,tangled_rope,False
adaptation_priority_reading,powerless,0.3016,7.150240446137952,0.9276921216636448,1.7783191327848786,0.7398702371538739,0.6045298921897175,snare,tangled_rope,False
adaptation_priority_reading,moderate,0.641765,0.0026869707447684916,0.002654130015267819,0.0730817929761715,0.0013350885512521697,0.03542249856907531,snare,snare,True
adaptation_priority_reading,institutional,0.063872,13.24894776967666,0.9325161007779844,1.7818147794690544,0.7425866787426976,0.6045322972800727,snare,tangled_rope,False
adaptation_priority_reading,analytical,0.79456,1.4413219544028235,0.7763291258570976,1.4274318304279294,0.48813102639236844,0.5735319929974502,snare,tangled_rope,False
antisubordination_reading,powerless,0.63726,0.0037309778418388403,0.003699010424334862,0.08619667804558834,0.0018571793290738802,0.04258524644269607,snare,snare,True
antisubordination_reading,moderate,0.641765,0.002796565685686304,0.0027770085365861697,0.07465581677862772,0.0013932109616014668,0.03690543720957673,snare,snare,True
antisubordination_reading,institutional,-0.024506,12.057225323415327,0.8067301342671966,1.678051242856046,0.6636238536454998,0.5535049414282266,snare,tangled_rope,False
antisubordination_reading,analytical,0.79456,1.360034410579728,0.6837323510506613,1.3589995761989002,0.4442256975751619,0.528218723924169,snare,tangled_rope,False
autonomy_reading,powerless,0.56518,0.07589287071804349,0.08836492991133026,0.4043959438013898,0.04074491760616009,0.17535294344296826,tangled_rope,tangled_rope,True
autonomy_reading,moderate,0.575376,0.1018242475397976,0.11996596332821283,0.4697352466365074,0.05490968841325256,0.2067959324154529,tangled_rope,tangled_rope,True
autonomy_reading,institutional,-0.021971,3.588691124020188,0.7355292894143811,0.9868362182714665,0.23856188651013066,0.17358667670859956,tangled_rope,tangled_rope,True
autonomy_reading,analytical,0.712364,0.002903888262202067,0.003014739056362055,0.07689043437909603,0.0014778526848332205,0.03002723133042809,tangled_rope,tangled_rope,True
balancing_reading,powerless,0.630393,0.00479190400993806,0.004724300385761551,0.09754915817168681,0.0023784879816805805,0.047624578319390765,snare,snare,True
balancing_reading,moderate,0.641765,0.002742076574263112,0.002714837447411461,0.07387007110812781,0.0013640417723448566,0.03614565536133779,snare,snare,True
balancing_reading,institutional,-0.024506,12.741920254223029,0.8752739162474699,1.7374059752510094,0.7083653026504452,0.5828736537383951,snare,tangled_rope,False
balancing_reading,analytical,0.79456,1.4087029533420599,0.7363690580959176,1.3989021161650583,0.46960857975696235,0.55447629759132,snare,tangled_rope,False
became_thinkable_reading,powerless,0.630393,4.562624374306009e-06,5.106098805360193e-06,0.003105624190334564,2.4112249183024482e-06,3.020681390852875e-05,tangled_rope,tangled_rope,True
became_thinkable_reading,moderate,0.641765,6.336447673719548e-06,7.3196581375624016e-06,0.003687968115225052,3.4002762412743366e-06,3.426105236559174e-05,tangled_rope,tangled_rope,True
became_thinkable_reading,institutional,0.038896,0.03928095697318285,0.7133585201305537,0.39271752618110856,0.03843303761696212,0.03797804844652433,tangled_rope,tangled_rope,True
became_thinkable_reading,analytical,0.79456,0.0002588026897914643,0.0002930734522224661,0.02223225670736725,0.00012356703715352366,0.00023045053077617927,tangled_rope,tangled_rope,True
behavioral_competence_reading,powerless,0.089148,4.3751112248788066e-05,4.337853763559466e-05,0.009334262183497437,2.178207308890683e-05,0.002749247052551862,mountain,mountain,True
behavioral_competence_reading,moderate,0.080689,2.6633291109699263e-07,2.661562484137328e-07,0.0007297185174529454,1.331222773367293e-07,0.00021613867057790337,mountain,mountain,True
behavioral_competence_reading,institutional,-0.00338,0.007451692863489512,0.008268536627782371,0.12524051933952743,0.003920015707790583,0.03996816509207368,mountain,mountain,True
behavioral_competence_reading,analytical,0.109594,0.0003837343288778421,0.00037401534514187786,0.027525554130640128,0.0001894110427621187,0.008008905480632711,mountain,mountain,True
beneficiary_agency_reading,powerless,0.56518,1.4360680762889397e-05,1.3219678867922684e-05,0.0052007033929429335,6.76182513531911e-06,1.7138969075474557e-05,tangled_rope,tangled_rope,True
beneficiary_agency_reading,moderate,0.575376,2.0224579813162636e-05,1.820631840447391e-05,0.006113530026684658,9.343805071242343e-06,1.9201776029691965e-05,tangled_rope,tangled_rope,True
beneficiary_agency_reading,institutional,0.71417,9.49548632157411e-05,2.5666018193976742e-05,0.00933679330195623,2.1793887709520583e-05,2.6963700935170202e-05,tangled_rope,tangled_rope,True
beneficiary_agency_reading,analytical,0.712364,9.382953098873563e-05,2.567128966159903e-05,0.009318862020183396,2.171025805990952e-05,2.6949559657726906e-05,tangled_rope,tangled_rope,True
beneficiary_maintained_reading,powerless,0.3016,7.245047748045045,0.9501027783522445,1.7962394038179839,0.7538364867232578,0.6133046343376518,snare,tangled_rope,False
beneficiary_maintained_reading,moderate,0.641765,0.002663207551381154,0.0026283875087384817,0.07274216429587042,0.0013227097941266074,0.03509371033190245,snare,snare,True
beneficiary_maintained_reading,institutional,-0.024506,13.454902434494363,0.956173962021695,1.799842953193942,0.7566570483023416,0.6133071297274773,snare,tangled_rope,False
beneficiary_maintained_reading,analytical,0.79456,1.4539818870107366,0.793258583987512,1.4389756369618134,0.495713289682951,0.5811807992083865,snare,tangled_rope,False
beneficiary_maintenance_reading,powerless,0.630393,0.004714442533847035,0.004815916684165083,0.09761749374791895,0.00238182086532655,0.04648729910881089,tangled_rope,tangled_rope,True
beneficiary_maintenance_reading,moderate,0.641765,0.0029454409690822187,0.003033755104709098,0.07730753875237968,0.001493927864893697,0.03548107085209318,tangled_rope,tangled_rope,True
beneficiary_maintenance_reading,institutional,-0.024506,7.020512199198998,0.4093328188009072,1.2330313725881592,0.36820395815497675,0.3357468804372147,tangled_rope,tangled_rope,True
beneficiary_maintenance_reading,analytical,0.79456,0.9130593636610731,0.3865854644068447,1.047798335918111,0.26824966293365726,0.3222309761620708,tangled_rope,tangled_rope,True
biology_reading,powerless,0.3016,6.425988661479452,0.7741440767206798,1.6458475877269556,0.6398388507257893,0.5388237133691935,snare,tangled_rope,False
biology_reading,moderate,0.641765,0.002811186773343502,0.0027949792717621392,0.07487407727603655,0.001401368178668062,0.03718014440075801,snare,snare,True
biology_reading,institutional,-0.024506,11.72027616876823,0.8486953188285851,1.6554217439085666,0.6468735804329766,0.5388255515425672,snare,tangled_rope,False
biology_reading,analytical,0.79456,1.3336302604473984,0.657529801568836,1.3382943958334144,0.43129808213084336,0.5149570227872681,snare,tangled_rope,False
birth_reading,powerless,0.133723,3.960399007589592e-06,4.009965930475167e-06,0.002823141012233978,1.9925309627686844e-06,0.00021232406325366604,rope,rope,True
birth_reading,moderate,0.121034,1.2396229100615508e-08,1.2404962235343107e-08,0.00015748393146967243,6.2002972181098685e-09,1.1737633031416728e-05,rope,rope,True
birth_reading,institutional,-0.00507,0.0012551151683049483,0.0015301388987832695,0.0525815321849156,0.0006911645690208087,0.004600852385678554,rope,rope,True
birth_reading,analytical,0.164392,0.00011355486648171893,0.00012112500893632664,0.015313230579512963,5.862347130080675e-05,0.0011991284435101113,rope,rope,True
birth_threshold_reading,powerless,0.413016,0.0011132622972507928,0.002110031021591231,0.0546358237820831,0.000746221901541788,0.0016307897750822537,tangled_rope,tangled_rope,True
birth_threshold_reading,moderate,0.420467,0.0019535734706607453,0.004181391957295868,0.07417747500577693,0.0013754167730328879,0.0025754026583942624,tangled_rope,tangled_rope,True
birth_threshold_reading,institutional,0.468516,0.025394494466434454,0.09644910598002747,0.2947213724470307,0.021675904552999357,0.026255395447985053,tangled_rope,tangled_rope,True
birth_threshold_reading,analytical,0.520574,0.14357597968603142,0.7200919223710042,0.7212908667635126,0.12866148159179722,0.13516155899153634,tangled_rope,tangled_rope,True
bodily_autonomy_primary,powerless,0.739082,0.08255939748076671,0.11813717700539936,0.44258192868530616,0.048770180925761845,0.14163399287077744,snare,snare,True
bodily_autonomy_primary,moderate,0.752415,0.1636321233861023,0.2517764581953583,0.6331655185865426,0.09939035342567067,0.22260951231457882,snare,snare,True
bodily_autonomy_primary,institutional,-0.054575,21.516075929603467,4.747035369918964,2.699297772814717,1.561301473360123,0.9434719607874261,snare,tangled_rope,False
bodily_autonomy_primary,analytical,0.931553,8.936684869909474,2.87219240972009,2.645844504255928,1.5093128674697007,0.9434108271760031,snare,tangled_rope,False
bridge_reading,powerless,0.413016,5.838571421926939e-06,3.6375067061986837e-06,0.002998688107228822,2.248032169936573e-06,6.40639428461931e-06,tangled_rope,tangled_rope,True
bridge_reading,moderate,0.420467,8.173483455337085e-06,4.684720841665466e-06,0.003448648924537844,2.973294114523879e-06,6.949632218145041e-06,tangled_rope,tangled_rope,True
bridge_reading,institutional,-0.016056,0.12542380080175625,1.0514560054960758,0.6958959873122568,0.11985127378394994,0.11794927785884557,tangled_rope,tangled_rope,True
bridge_reading,analytical,0.520574,6.27753883822876e-05,8.604723638924509e-05,0.009166696485461959,2.1007044339058572e-05,1.429703951651351e-05,tangled_rope,tangled_rope,True
catastrophe_as_necessary,powerless,0.3536,1.2738966989203628,5.226921288237405,1.993494839290482,0.9139272099305826,0.7208264265144366,snare,tangled_rope,False
catastrophe_as_necessary,moderate,0.752415,0.001155865988408025,0.002131309560534365,0.055347704977035665,0.0007657932366255415,0.001745986721354842,snare,snare,True
catastrophe_as_necessary,institutional,-0.054575,23.015752170966266,9.008113315948702,3.1077252819844543,1.96613424694798,0.9996840765257312,snare,tangled_rope,False
catastrophe_as_necessary,analytical,0.931553,4.587616010397122,8.100390106491352,2.9054743229141136,1.764429788765955,0.9895504571140484,snare,tangled_rope,False
catastrophic_tail_dominant,powerless,0.3016,7.14605704269572,0.9266930209931918,1.7775344948821648,0.7392610294714429,0.6041490525819471,snare,tangled_rope,False
catastrophic_tail_dominant,moderate,0.641765,0.002688659219238128,0.0026559913596620947,0.07310605818110527,0.0013359751733893633,0.035437414537754786,snare,snare,True
catastrophic_tail_dominant,institutional,-0.008431,13.239778657519956,0.928116237719947,1.7807232577811654,0.7417380523399218,0.604147320503614,snare,tangled_rope,False
catastrophic_tail_dominant,analytical,0.79456,1.440854733146247,0.7757360680951256,1.426990633894157,0.4878422350736399,0.5731989228952725,snare,tangled_rope,False
catastrophic_tail_reading,powerless,0.3016,7.1861465245635205,0.936106766710998,1.78508649448852,0.7451325848545,0.6078476401461038,snare,tangled_rope,False
catastrophic_tail_reading,moderate,0.641765,0.0026781732821753385,0.0026445749890329972,0.07295607221854093,0.0013304995731209734,0.035300749003555565,snare,snare,True
catastrophic_tail_reading,institutional,-0.024506,13.32707153299929,0.9491743450755695,1.789213189103439,0.7483485870371811,0.6078500789026822,snare,tangled_rope,False
catastrophic_tail_reading,analytical,0.79456,1.446160173820281,0.7826963848567648,1.431806107677655,0.4909982488490578,0.5764295787044612,snare,tangled_rope,False
categorical_abolition,powerless,0.347803,3.6461523492430586e-05,2.4431974848794272e-05,0.0076861725805673605,1.4769294056998187e-05,5.080918272359902e-05,tangled_rope,tangled_rope,True
categorical_abolition,moderate,0.354077,5.164398395703341e-05,3.158072774287419e-05,0.008916491673572268,1.9875923020051035e-05,5.623808507071448e-05,tangled_rope,tangled_rope,True
categorical_abolition,institutional,-0.013521,0.09570992286249716,0.5702836356938669,0.59873348471286,0.08895312401888956,0.09174690203216873,tangled_rope,tangled_rope,True
categorical_abolition,analytical,0.438378,0.00034494478880159644,7.553694196512982e-05,0.01611430173126877,6.491732888053026e-05,7.265135454415095e-05,tangled_rope,tangled_rope,True
civic_eugenic_reading,powerless,0.3536,1.4545523977277512,0.20273698479137653,0.8755294905465514,0.18859702920702945,0.18369863907029838,tangled_rope,tangled_rope,True
civic_eugenic_reading,moderate,0.752415,0.17407547357773986,0.10597051719644897,0.5169662679982728,0.06644235408208676,0.1500693239239047,tangled_rope,tangled_rope,True
civic_eugenic_reading,institutional,-0.028731,3.7537225948434543,0.20811115044404896,0.8868112212418721,0.19340832935009078,0.18372232773674918,tangled_rope,tangled_rope,True
civic_eugenic_reading,analytical,0.931553,2.0967398302972113,0.20308540764423266,0.8841990744818238,0.1922892119797266,0.18372150343301497,tangled_rope,tangled_rope,True
civic_right_reading,powerless,0.521705,0.00020572280939694485,0.0003186293235281918,0.02249108084874015,0.00012646084671800556,0.00039432313280940434,tangled_rope,tangled_rope,True
civic_right_reading,moderate,0.531116,0.00031480981725830583,0.0005255610588269714,0.02828318771992901,0.00019998134409975345,0.0005367990900584374,tangled_rope,tangled_rope,True
civic_right_reading,institutional,-0.006977,0.023869438734469128,0.316298142053465,0.2969288143711032,0.02200122362995179,0.021625428671913527,tangled_rope,tangled_rope,True
civic_right_reading,analytical,0.657567,0.0011317565928023504,0.002461208829642289,0.056633721506664014,0.0008017910247915339,0.0014770248845377143,tangled_rope,tangled_rope,True
co_constitution_reading,powerless,0.413016,2.357802649710637e-05,1.3588335553079949e-05,0.005923519046895464,8.772013062320194e-06,2.246551508555683e-05,tangled_rope,tangled_rope,True
co_constitution_reading,moderate,0.420467,3.2714526215852704e-05,1.668556369622388e-05,0.006732652428804326,1.1332141480489526e-05,2.420750428944185e-05,tangled_rope,tangled_rope,True
co_constitution_reading,institutional,0.247,0.006413443130270401,0.029741849795597824,0.15194328329328466,0.005768914834401453,0.0065415535456428975,tangled_rope,tangled_rope,True
co_constitution_reading,analytical,0.520574,0.00019227831693566217,2.8088297637782472e-05,0.010325791395770289,2.6655432777720305e-05,2.820563512373475e-05,tangled_rope,tangled_rope,True
codification_asymmetry,powerless,0.3016,3.5931645403174612,0.34969461246556066,1.1469138933172698,0.31993906177078424,0.2951132615752381,tangled_rope,tangled_rope,True
codification_asymmetry,moderate,0.641765,0.0024181765255711545,0.0024652347076667197,0.06987874524489335,0.0012206355764378908,0.032321107551818606,tangled_rope,tangled_rope,True
codification_asymmetry,institutional,-0.024506,6.1880332195411265,0.3564858285098265,1.14930404783139,0.32123701377996366,0.2950691776300775,tangled_rope,tangled_rope,True
codification_asymmetry,analytical,0.79456,0.8003176346124604,0.30785679992270576,0.9622136774405982,0.2270334710263761,0.28638887706832605,tangled_rope,tangled_rope,True
collective_militia_reading,powerless,0.630393,0.004963713253744342,0.004936425957926095,0.09949915191819705,0.002474509873095532,0.0495583014194822,snare,snare,True
collective_militia_reading,moderate,0.641765,0.0028314535427112495,0.0028214214134495044,0.07518550881458387,0.0014130487603370742,0.0374896556173524,snare,snare,True
collective_militia_reading,institutional,-0.024506,11.202032112806798,0.7363078231553689,1.6047235211729942,0.6099789110071859,0.5165592513780349,snare,tangled_rope,False
collective_militia_reading,analytical,0.79456,1.2926500711965794,0.6201448054675629,1.3070466077751486,0.41210678762249897,0.49468650392007635,snare,tangled_rope,False
collective_right_reading,powerless,0.347803,1.7998080315373048e-05,1.2046108124316896e-05,0.0053982196477919695,7.285189418544461e-06,2.4251729004814118e-05,tangled_rope,tangled_rope,True
collective_right_reading,moderate,0.354077,2.549247671122068e-05,1.557083808316319e-05,0.006262004866577023,9.803168228615762e-06,2.678201332201805e-05,tangled_rope,tangled_rope,True
collective_right_reading,institutional,-0.013521,0.04840740526629464,0.297268621992611,0.4277912002563333,0.04557716155421316,0.047482551628457714,tangled_rope,tangled_rope,True
collective_right_reading,analytical,0.438378,0.00017124091025659375,4.055705691096536e-05,0.011448392425471791,3.276633281198927e-05,3.4195330109241144e-05,tangled_rope,tangled_rope,True
colorblind_reading,powerless,0.2704,3.5730884128835996,0.2978606025940938,1.0639650838416714,0.27639373097834685,0.25757158759897214,tangled_rope,tangled_rope,True
colorblind_reading,moderate,0.575376,0.12603007018343063,0.13768845449960704,0.5131300445074414,0.06546531774842387,0.2458936319072768,tangled_rope,snare,False
colorblind_reading,institutional,-0.021971,5.360927331514612,0.30653985366667547,1.0659810730923809,0.277417202672328,0.2575716906458064,tangled_rope,tangled_rope,True
colorblind_reading,analytical,0.712364,0.003810572571813902,0.003924138851566739,0.08793929917639934,0.0019330186245468941,0.039336259424987974,tangled_rope,tangled_rope,True
commemorative_husk_reading,powerless,0.739082,0.3972725742120029,0.4103305210645267,0.8978332608825409,0.19816439548679604,0.4304497870818123,snare,piton,False
commemorative_husk_reading,moderate,0.752415,0.6672042602488357,0.6316653558712875,1.1372222788375186,0.31470072676654964,0.5324582239915423,snare,piton,False
commemorative_husk_reading,institutional,0.578117,0.07323897659054507,0.05851720634583853,0.36121664645947243,0.032530794185356114,0.13223225198235133,snare,snare,True
commemorative_husk_reading,analytical,0.931553,9.484969695639577,1.4293470536869006,2.0945403003602254,1.0001257477632217,0.7563955092965082,snare,piton,False
communal_autonomy_reading,powerless,0.521705,0.053186258832149697,0.0767760511426969,0.3559521528463569,0.03159196065402433,0.09765106656727118,tangled_rope,tangled_rope,True
communal_autonomy_reading,moderate,0.531116,0.07973187888541329,0.121194199062113,0.4408765059283337,0.04839656832741969,0.12824101612671335,tangled_rope,tangled_rope,True
communal_autonomy_reading,institutional,-0.035234,0.7680066148946394,0.05445993191353158,0.41115667014796514,0.04211381847277731,0.04070177943018063,tangled_rope,tangled_rope,True
communal_autonomy_reading,analytical,0.657567,0.2545250576403253,0.4415118203948523,0.8100692432448462,0.16182248990763173,0.2857650592628329,tangled_rope,tangled_rope,True
competence_reading,powerless,0.304328,0.016756908186628196,0.012515716299104373,0.1697269897150881,0.00719749162130106,0.031069986744336253,tangled_rope,tangled_rope,True
competence_reading,moderate,0.309818,0.024145936167627825,0.01681691020596206,0.19991482734606253,0.009983168171438295,0.03518013619614291,tangled_rope,tangled_rope,True
competence_reading,institutional,-0.011831,2.4783520784312167,2.5607829827043767,2.1897233543555754,1.0836611511976693,0.8885388319296817,tangled_rope,rope,False
competence_reading,analytical,0.383581,0.18170587963492943,0.050013626346139255,0.4105591940092057,0.04199194103338429,0.05156371908740587,tangled_rope,tangled_rope,True
composite_reading,powerless,0.56518,0.0947760947173978,0.10351331584900088,0.444958005366033,0.04929308120294585,0.21168674717011265,tangled_rope,tangled_rope,True
composite_reading,moderate,0.575376,0.1258186469028309,0.13757268077976906,0.512804465951509,0.06538272472568697,0.24558858746430812,tangled_rope,snare,False
composite_reading,institutional,-0.007558,5.338958536989827,0.3012176466889482,1.0630331147213146,0.27592118341152233,0.2565854032637541,tangled_rope,tangled_rope,True
composite_reading,analytical,0.712364,0.0038050551707973167,0.003920939849539281,0.08788784404383547,0.0019307575506114355,0.03925034847923825,tangled_rope,tangled_rope,True
conception_reading,powerless,0.739082,0.08774703444450425,0.05940129426732765,0.37813028355409917,0.03563927546725904,0.10384434449340074,tangled_rope,tangled_rope,True
conception_reading,moderate,0.752415,0.13766551605209196,0.0816281639092357,0.4563400561284248,0.05183608612529935,0.11751528211157192,tangled_rope,tangled_rope,True
conception_reading,institutional,-0.028731,2.8880088975414537,0.35379067370339257,0.8135284262558405,0.16318833174428776,0.14260439697914779,tangled_rope,tangled_rope,True
conception_reading,analytical,0.931553,1.6311549559934426,0.15384774792566946,0.7729098840842658,0.14749792972158843,0.14260378783194128,tangled_rope,tangled_rope,True
conceptual_emergence_reading,powerless,0.200584,0.00011860297109570947,0.00012662185836797971,0.015653369218157437,6.125667926883891e-05,0.0012337499308501254,rope,rope,True
conceptual_emergence_reading,moderate,0.181551,5.040048338577816e-07,5.062302822166472e-07,0.001005102698901909,2.5255785371459366e-07,7.558320742662161e-05,rope,rope,True
conceptual_emergence_reading,institutional,-0.007605,0.0003203007660999642,0.00035564915739271343,0.025971418699438756,0.0001686262776937124,0.0021126665848779204,rope,rope,True
conceptual_emergence_reading,analytical,0.246588,0.0024502908252612247,0.0031910534545072002,0.0746187602024123,0.0013918283813843307,0.006963086255949658,rope,rope,True
constitutional_hybrid_reading,powerless,0.260852,0.0063883529627221155,0.0051096095889561054,0.10672796091020888,0.0028470386843780083,0.016287578641209333,tangled_rope,tangled_rope,True
constitutional_hybrid_reading,moderate,0.265558,0.009317343691959704,0.007066455586938432,0.12708425314021501,0.004036243512819125,0.01877385807465559,tangled_rope,tangled_rope,True
constitutional_hybrid_reading,institutional,-0.01014,1.0598104023513055,1.8296479486424446,1.6373563753687121,0.633625902831488,0.6758438449602102,tangled_rope,rope,False
constitutional_hybrid_reading,analytical,0.328783,0.07839815974794498,0.0282081789337776,0.29580771617705764,0.021835701992955203,0.031552442577274964,tangled_rope,tangled_rope,True
constitutional_supremacy_reading,powerless,0.304328,2.567003971997166e-05,1.8791136776979144e-05,0.006607038872190815,1.091323073947007e-05,4.744534370604292e-05,tangled_rope,tangled_rope,True
constitutional_supremacy_reading,moderate,0.309818,3.6867504409282305e-05,2.5108087551493044e-05,0.007763614249102412,1.5068407630920447e-05,5.3515265632242404e-05,tangled_rope,tangled_rope,True
constitutional_supremacy_reading,institutional,-0.011831,0.021687437702321583,0.1022466144382618,0.2798086461755546,0.019541314530612423,0.021887216207039706,tangled_rope,tangled_rope,True
constitutional_supremacy_reading,analytical,0.383581,0.0002735567373198557,8.08472917976077e-05,0.015899407394421753,6.319745604430361e-05,7.623238080589623e-05,tangled_rope,tangled_rope,True
consumer_adoption_friction,powerless,0.56518,0.014203484413212338,0.01890108046742749,0.18055730291130329,0.008144700884871467,0.035348257169571906,tangled_rope,tangled_rope,True
consumer_adoption_friction,moderate,0.575376,0.019539842381687607,0.027025194393032744,0.21366776393616976,0.011402626841565601,0.043426285025697675,tangled_rope,tangled_rope,True
consumer_adoption_friction,institutional,-0.021971,0.44565495963938767,0.05647973523080876,0.3253181704887748,0.026399694052741337,0.02421830976070616,tangled_rope,tangled_rope,True
consumer_adoption_friction,analytical,0.712364,0.0005452328571660687,0.0006113966030031301,0.03390823725260115,0.0002874352532122392,0.005210427038369936,tangled_rope,tangled_rope,True
continuationist_reading,powerless,0.3016,6.9141267337296215,0.8743918232529558,1.7343767931666594,0.7060540289049252,0.5828964288321086,snare,tangled_rope,False
continuationist_reading,moderate,0.641765,0.002742076574263112,0.002714837447411461,0.07387007110812781,0.0013640417723448566,0.03614565536133779,snare,snare,True
continuationist_reading,institutional,-0.024506,12.741920254223029,0.8752739162474699,1.7374059752510094,0.7083653026504452,0.5828736537383951,snare,tangled_rope,False
continuationist_reading,analytical,0.79456,1.4087029533420599,0.7363690580959176,1.3989021161650583,0.46960857975696235,0.55447629759132,snare,tangled_rope,False
continuity_reading,powerless,0.133723,9.89840473535651e-07,1.0022758018694288e-06,0.0014114026850762882,4.980143643773761e-07,5.3106036528749456e-05,rope,rope,True
continuity_reading,moderate,0.121034,3.096604232428366e-09,3.0987830521936942e-09,7.871077706959575e-05,1.5488466760816872e-09,2.935290601691065e-06,rope,rope,True
continuity_reading,institutional,-0.00507,0.00031459620074778937,0.0003844271161580295,0.02633960979759676,0.00017344125419227558,0.0011547225477986248,rope,rope,True
continuity_reading,analytical,0.164392,2.8405077055724875e-05,3.0313366272271863e-05,0.007659753036582677,1.4667936216475688e-05,0.00030015069866540234,rope,rope,True
continuous_refresh_hybrid,powerless,0.630393,0.004984026428727937,0.004972624220428384,0.0997829566701421,0.0024886433270004194,0.049841235420006846,tangled_rope,snare,False
continuous_refresh_hybrid,moderate,0.641765,0.0028407690904481224,0.002837596103154292,0.07535490497469874,0.0014194224974680956,0.037659141715333244,tangled_rope,snare,False
continuous_refresh_hybrid,institutional,-0.024506,10.643665581270643,0.7258103900110661,1.5599128305906609,0.578111620874363,0.49224437973363144,tangled_rope,tangled_rope,True
continuous_refresh_hybrid,analytical,0.79456,1.245668934761804,0.5807790070334439,1.272309351448748,0.3912275354834926,0.47235885213275175,tangled_rope,tangled_rope,True
contraction_reading,powerless,0.413016,0.0011074735953282048,0.0020991474950234454,0.05449424897317848,0.0007423598633941571,0.0016225258108011342,tangled_rope,tangled_rope,True
contraction_reading,moderate,0.420467,0.0019434425725388133,0.0041598797941074656,0.07398576648162855,0.0013683173576307746,0.0025623479646130765,tangled_rope,tangled_rope,True
contraction_reading,institutional,-0.016056,0.004555941437157568,0.008103450900066788,0.06900929631584146,0.0011904526276315243,0.0007219427125213821,tangled_rope,tangled_rope,True
contraction_reading,analytical,0.520574,0.1428878507287129,0.7169323211644217,0.719609265690829,0.12806874273744262,0.13456061460091617,tangled_rope,tangled_rope,True
convergence_synthesis,powerless,0.413016,5.838571421926939e-06,3.6375067061986837e-06,0.002998688107228822,2.248032169936573e-06,6.40639428461931e-06,tangled_rope,tangled_rope,True
convergence_synthesis,moderate,0.420467,8.173483455337085e-06,4.684720841665466e-06,0.003448648924537844,2.973294114523879e-06,6.949632218145041e-06,tangled_rope,tangled_rope,True
convergence_synthesis,institutional,0.266357,0.000721147722064898,0.002882420330001239,0.04997857798540528,0.0006244320687039516,0.0007567461897721728,tangled_rope,tangled_rope,True
convergence_synthesis,analytical,0.520574,6.27753883822876e-05,8.604723638924509e-05,0.009166696485461959,2.1007044339058572e-05,1.429703951651351e-05,tangled_rope,tangled_rope,True
convertibility_constraint_removal,powerless,0.3016,7.14605704269572,0.9266930209931918,1.7775344948821648,0.7392610294714429,0.6041490525819471,snare,tangled_rope,False
convertibility_constraint_removal,moderate,0.662133,6.877813618653416e-05,6.945473996863703e-05,0.011755340194058833,3.454690631175832e-05,0.005646109735425342,snare,snare,True
convertibility_constraint_removal,institutional,-0.024506,13.239785951842197,0.9283132608963565,1.7807379147789335,0.7417494452479666,0.604147320503614,snare,tangled_rope,False
convertibility_constraint_removal,analytical,0.79456,1.440854733146247,0.7757360680951256,1.426990633894157,0.4878422350736399,0.5731989228952725,snare,tangled_rope,False
coordination_lock_in,powerless,0.413016,2.357802649710637e-05,1.3588335553079949e-05,0.005923519046895464,8.772013062320194e-06,2.246551508555683e-05,tangled_rope,tangled_rope,True
coordination_lock_in,moderate,0.420467,3.2714526215852704e-05,1.668556369622388e-05,0.006732652428804326,1.1332141480489526e-05,2.420750428944185e-05,tangled_rope,tangled_rope,True
coordination_lock_in,institutional,-0.016056,0.4713489314542007,3.30489859152869,1.3099109400905102,0.4138498937021713,0.37600270565661953,tangled_rope,tangled_rope,True
coordination_lock_in,analytical,0.520574,0.00019227831693566217,2.8088297637782472e-05,0.010325791395770289,2.6655432777720305e-05,2.820563512373475e-05,tangled_rope,tangled_rope,True
correctness_camouflage,powerless,0.739082,0.027445280396846652,0.04227625456983373,0.2594531263663139,0.016805393213477713,0.04917160019598299,snare,snare,True
correctness_camouflage,moderate,0.752415,0.056637034049636506,0.09811818114351624,0.38233559215856094,0.036433966225231366,0.08287599145981439,snare,snare,True
correctness_camouflage,institutional,-0.028731,22.55301511369031,4.224604811532534,2.8829266473546276,1.7420545097184579,0.9831659554987128,snare,tangled_rope,False
correctness_camouflage,analytical,0.931553,8.231814842050916,4.096639903818371,2.852911799207535,1.7123205057232143,0.982954087569255,snare,tangled_rope,False
credibility_paradox_reading,powerless,0.3016,6.589546483837712,0.8063291247863531,1.6752226591393933,0.6615207460685479,0.5535204329113504,snare,tangled_rope,False
credibility_paradox_reading,moderate,0.641765,0.002796565685686304,0.0027770085365861697,0.07465581677862772,0.0013932109616014668,0.03690543720957673,snare,snare,True
credibility_paradox_reading,institutional,-0.024506,12.057225323415327,0.8067301342671966,1.678051242856046,0.6636238536454998,0.5535049414282266,snare,tangled_rope,False
credibility_paradox_reading,analytical,0.79456,1.360034410579728,0.6837323510506613,1.3589995761989002,0.4442256975751619,0.528218723924169,snare,tangled_rope,False
cyclopean_point_as_manufactured_center,powerless,0.739082,0.18478016678794404,0.14129861521885526,0.5668214751918248,0.079785452997146,0.22509302029170813,tangled_rope,tangled_rope,True
cyclopean_point_as_manufactured_center,moderate,0.752415,0.29636073676934616,0.2021793716355118,0.6955292659506338,0.11972626459606786,0.261000369447511,tangled_rope,tangled_rope,True
cyclopean_point_as_manufactured_center,institutional,-0.028731,7.016315385448895,0.4173807120731723,1.2425165772451465,0.37370659475837903,0.34258911663662417,tangled_rope,tangled_rope,True
cyclopean_point_as_manufactured_center,analytical,0.931553,3.8765107448605414,0.6312423218455154,1.3332344237776996,0.4281643176857938,0.3311401611893605,tangled_rope,tangled_rope,True
decentralization_sovereignty_commitment,powerless,0.3016,5.533004171233401,0.6167205173381165,1.4889353788435304,0.5291026204290009,0.4603215512486739,tangled_rope,tangled_rope,True
decentralization_sovereignty_commitment,moderate,0.547191,0.02981589153766718,0.028850118786491883,0.2421853991422266,0.014645532601129775,0.11836759329022095,tangled_rope,tangled_rope,True
decentralization_sovereignty_commitment,institutional,-0.024506,9.907305935047818,0.6185757529713232,1.4914508557354804,0.5308082212774893,0.46022019180150764,tangled_rope,tangled_rope,True
decentralization_sovereignty_commitment,analytical,0.79456,1.1817697568975631,0.5328546133740218,1.2265345858418533,0.36445615914394525,0.4427149722499527,tangled_rope,tangled_rope,True
degrowth_reading,powerless,0.630393,0.004870752217729207,0.00481656529844971,0.09842299716554867,0.00242128288407811,0.048492788723825564,snare,snare,True
degrowth_reading,moderate,0.641765,0.0027822634406920034,0.0027604923027949664,0.07444922309036334,0.0013855117049073756,0.0367594095787499,snare,snare,True
degrowth_reading,institutional,-0.024506,12.204827701870382,0.9337520336889489,1.7003273031059043,0.6802796223145028,0.5596235068572895,snare,tangled_rope,False
degrowth_reading,analytical,0.79456,1.3699922801678053,0.6937066011243087,1.3670123361771493,0.4492734203928755,0.5337171717405411,snare,tangled_rope,False
deterrence_instrument,powerless,0.3536,2.92115095562434,0.47098755588430197,1.303256743241065,0.4098054496579972,0.37599778674417994,tangled_rope,tangled_rope,True
deterrence_instrument,moderate,0.752415,0.31922951864301713,0.22336620058525408,0.727544195673398,0.13087728868824092,0.29075936118500123,tangled_rope,tangled_rope,True
deterrence_instrument,institutional,-0.028731,7.997155305199877,0.47401705095719043,1.3205446068805833,0.42034950323459247,0.3760604608686826,tangled_rope,tangled_rope,True
deterrence_instrument,analytical,0.931553,4.235700820011256,0.4719956657522718,1.3174722577392417,0.4184669979502622,0.37605825362998374,tangled_rope,tangled_rope,True
deterrence_reading,powerless,0.56518,0.0947760947173978,0.10351331584900088,0.444958005366033,0.04929308120294585,0.21168674717011265,tangled_rope,tangled_rope,True
deterrence_reading,moderate,0.593637,0.17221021364351172,0.18773044202055347,0.5994715117560075,0.08917090950185069,0.2888592096960718,tangled_rope,snare,False
deterrence_reading,institutional,-0.021971,5.338991128645921,0.30164930811878904,1.0631070161291123,0.27595864087083377,0.2565854032637541,tangled_rope,tangled_rope,True
deterrence_reading,analytical,0.712364,0.0038050551707973167,0.003920939849539281,0.08788784404383547,0.0019307575506114355,0.03925034847923825,tangled_rope,tangled_rope,True
disparity_as_depth_signal,powerless,0.089148,2.0169063914729296e-05,1.9974435688578323e-05,0.006335833802185633,1.0035689099315302e-05,0.0012668109297306884,mountain,mountain,True
disparity_as_depth_signal,moderate,0.080689,1.229018885100559e-07,1.2280931494009574e-07,0.0004956926245126412,6.14277939704966e-08,9.975050033017574e-05,mountain,mountain,True
disparity_as_depth_signal,institutional,-0.00338,0.003493017843052191,0.003940570479924936,0.08609288477299741,0.0018527100868964913,0.018919589083422172,mountain,mountain,True
disparity_as_depth_signal,analytical,0.109594,0.0001765276889454997,0.00017148429642166574,0.01865360946255113,8.698865590277043e-05,0.0036783627228964555,mountain,mountain,True
diversity_reading,powerless,0.304328,0.008770298258995422,0.006477496471240816,0.12242182752082241,0.0037456062486385558,0.016107766352196018,tangled_rope,tangled_rope,True
diversity_reading,moderate,0.309818,0.01261516361004088,0.008674625086591434,0.14400069459467646,0.005181810866686751,0.018193792833993028,tangled_rope,tangled_rope,True
diversity_reading,institutional,-0.011831,2.0160506805383434,2.876395076468723,2.1330969377320996,1.0337019040099984,0.8618964489876153,tangled_rope,rope,False
diversity_reading,analytical,0.383581,0.093954665308557,0.02532407310047628,0.29328687009578375,0.021465788422585598,0.026337260022781583,tangled_rope,tangled_rope,True
domain_partition_reading,powerless,0.38041,3.194877373218784e-05,1.9891562029690338e-05,0.007048845646839406,1.2421543380536157e-05,3.6469703276753584e-05,tangled_rope,tangled_rope,True
domain_partition_reading,moderate,0.387272,4.4779452871940956e-05,2.505431755355088e-05,0.008094240550844848,1.6379160167230343e-05,3.980124010471986e-05,tangled_rope,tangled_rope,True
domain_partition_reading,institutional,-0.014788,0.22314653133027834,1.4988929515922917,0.9145036711506979,0.2054616905819869,0.2003228241037257,tangled_rope,tangled_rope,True
domain_partition_reading,analytical,0.479476,0.00027909626259391937,4.885734896058119e-05,0.01339157368643101,4.4833393945804074e-05,4.8490789445798654e-05,tangled_rope,tangled_rope,True
drop_confessional_instantiation,powerless,0.3016,3.351836737503123,0.3215562994960687,1.102374917294329,0.29619349663768857,0.27503074057877697,tangled_rope,tangled_rope,True
drop_confessional_instantiation,moderate,0.641765,0.0023352490781952213,0.002387158588464344,0.06871596110018503,0.0011803547061019464,0.03111695781054913,tangled_rope,tangled_rope,True
drop_confessional_instantiation,institutional,0.010072,5.742113311726697,0.32679468787933935,1.1045906516400983,0.2973549202998426,0.2748919997976607,tangled_rope,tangled_rope,True
drop_confessional_instantiation,analytical,0.79456,0.7503187247129987,0.28457006249745526,0.9272370591325353,0.21111960931956147,0.26703052803806754,tangled_rope,tangled_rope,True
dual_priority_reading,powerless,0.630393,0.004455111863314948,0.0045483818471403715,0.09488291464678189,0.0022502697701436676,0.04506974063026736,tangled_rope,tangled_rope,True
dual_priority_reading,moderate,0.641765,0.002524965496273497,0.002566208919273432,0.0713507025135735,0.00127259570607147,0.03376414579334086,tangled_rope,tangled_rope,True
dual_priority_reading,institutional,-0.024506,6.788610456488485,0.4083370033296868,1.2091732751728441,0.35452573555912786,0.3220721570687924,tangled_rope,tangled_rope,True
dual_priority_reading,analytical,0.79456,0.8665250108964868,0.3407619004584371,1.0082029529798784,0.24878233311288733,0.31222741097979084,tangled_rope,tangled_rope,True
ecumenical_boundary_shift,powerless,0.2704,4.394709827155184,0.3825705890319709,1.197253892856005,0.3477797579231328,0.317901588254203,tangled_rope,tangled_rope,True
ecumenical_boundary_shift,moderate,0.575376,0.13603483039272066,0.1414651188704957,0.5266775034354928,0.06894746940336825,0.25874489382207844,tangled_rope,snare,False
ecumenical_boundary_shift,institutional,-0.03817,6.6942997552895065,0.38357296627781023,1.1981297692827073,0.34827348034354333,0.3178798360164764,tangled_rope,tangled_rope,True
ecumenical_boundary_shift,analytical,0.712364,0.004342520109474034,0.004465965799986948,0.09382053790003154,0.0022001698189794586,0.044124114405611925,tangled_rope,tangled_rope,True
endogenous_climb_reading,powerless,0.56518,1.4360680762889397e-05,1.3219678867922684e-05,0.0052007033929429335,6.76182513531911e-06,1.7138969075474557e-05,tangled_rope,tangled_rope,True
endogenous_climb_reading,moderate,0.575376,2.0224579813162636e-05,1.820631840447391e-05,0.006113530026684658,9.343805071242343e-06,1.9201776029691965e-05,tangled_rope,tangled_rope,True
endogenous_climb_reading,institutional,-0.021971,0.8621458377089837,8.279250048676207,1.7214235404805687,0.6962042136828016,0.5778033055550086,tangled_rope,tangled_rope,True
endogenous_climb_reading,analytical,0.712364,9.382953098873563e-05,2.567128966159903e-05,0.009318862020183396,2.171025805990952e-05,2.6949559657726906e-05,tangled_rope,tangled_rope,True
endogenous_reinterpretation_reading,powerless,0.390025,0.28570060174835116,0.25791217501328195,0.7337833115584018,0.13310626988839971,0.28790731393674596,rope,tangled_rope,False
endogenous_reinterpretation_reading,moderate,0.353015,0.00151470752521615,0.0015180670927133454,0.05506971052568355,0.000758120353964042,0.025053222969651845,rope,rope,True
endogenous_reinterpretation_reading,institutional,-0.014788,1.9334643124429154,0.6317781563522207,1.3324886365022803,0.4277032836337016,0.5124496729788232,rope,rope,True
endogenous_reinterpretation_reading,analytical,0.479476,2.4992723413140805,1.1429508492691705,1.7029790789050894,0.6822732953318351,0.6759877308297434,rope,tangled_rope,False
engineered_infrastructure_reading,powerless,0.56518,0.014203484413212338,0.01890108046742749,0.18055730291130329,0.008144700884871467,0.035348257169571906,tangled_rope,tangled_rope,True
engineered_infrastructure_reading,moderate,0.575376,0.019539842381687607,0.027025194393032744,0.21366776393616976,0.011402626841565601,0.043426285025697675,tangled_rope,tangled_rope,True
engineered_infrastructure_reading,institutional,-0.021971,0.44565495963938767,0.05647973523080876,0.3253181704887748,0.026399694052741337,0.02421830976070616,tangled_rope,tangled_rope,True
engineered_infrastructure_reading,analytical,0.712364,0.0005452328571660687,0.0006113966030031301,0.03390823725260115,0.0002874352532122392,0.005210427038369936,tangled_rope,tangled_rope,True
episcopal_collegiality_tension,powerless,0.56518,9.44037743943942e-06,1.2453713909192297e-05,0.004642957768426603,5.389261789752759e-06,3.1061708144264344e-05,tangled_rope,tangled_rope,True
episcopal_collegiality_tension,moderate,0.575376,1.3347934045819422e-05,1.827922824073554e-05,0.005567842242349832,7.75021180334682e-06,3.898205644026209e-05,tangled_rope,tangled_rope,True
episcopal_collegiality_tension,institutional,-0.007558,0.04841446601613263,0.8103216985090448,0.43758266070157975,0.0476789920944378,0.04705751892526511,tangled_rope,tangled_rope,True
episcopal_collegiality_tension,analytical,0.712364,5.657152610257736e-05,9.025699600261599e-05,0.011870621141332454,3.5227808153189e-05,0.0001051749369179733,tangled_rope,tangled_rope,True
existential_matrix_reading,powerless,0.4056,0.05974415715358422,0.025934016251412142,0.27407476737501657,0.018749874582687526,0.031703972535900404,tangled_rope,tangled_rope,True
existential_matrix_reading,moderate,0.863064,0.04989299392288565,0.02264138166402468,0.2404921055219209,0.014441699436502739,0.026437190475527988,tangled_rope,tangled_rope,True
existential_matrix_reading,institutional,-0.032957,0.2744713736502996,0.07741268862466025,0.35570244540334095,0.031547768294138676,0.030601231957414043,tangled_rope,tangled_rope,True
existential_matrix_reading,analytical,1.068546,0.5127120312971555,0.6504374200273906,0.9502686172914432,0.22153742181003283,0.310317682766179,tangled_rope,tangled_rope,True
existential_risk_reading,powerless,0.3016,6.110758184553147,0.7150501283875982,1.5898927628328885,0.599353917220546,0.5108241728699844,snare,tangled_rope,False
existential_risk_reading,moderate,0.641765,0.00283482248769363,0.0028263928221599925,0.0752409793226398,0.0014151343270984037,0.03754544782340974,snare,snare,True
existential_risk_reading,institutional,-0.024506,11.07011496203657,0.7332316271185021,1.59407450825919,0.6023420155241179,0.5108258158210777,snare,tangled_rope,False
existential_risk_reading,analytical,0.79456,1.2817697439286149,0.6107225382663687,1.298910550940723,0.40717331939188894,0.4894386224884083,snare,tangled_rope,False
exogenous_override_reading,powerless,0.630393,0.004681404896584076,0.004600291151464902,0.09633879213780439,0.002319842106589695,0.0464626091635274,snare,snare,True
exogenous_override_reading,moderate,0.641765,0.0026781732821753385,0.0026445749890329972,0.07295607221854093,0.0013304995731209734,0.035300749003555565,snare,snare,True
exogenous_override_reading,institutional,-0.042575,13.327196025737015,0.9526650538068032,1.7894668459975545,0.7485464400797938,0.6078500789026822,snare,tangled_rope,False
exogenous_override_reading,analytical,0.79456,1.446160173820281,0.7826963848567648,1.431806107677655,0.4909982488490578,0.5764295787044612,snare,tangled_rope,False
expected_value_dominant,powerless,0.3016,7.245047748045045,0.9501027783522445,1.7962394038179839,0.7538364867232578,0.6133046343376518,snare,tangled_rope,False
expected_value_dominant,moderate,0.641765,0.002663207551381154,0.0026283875087384817,0.07274216429587042,0.0013227097941266074,0.03509371033190245,snare,snare,True
expected_value_dominant,institutional,-0.024506,13.454902434494363,0.956173962021695,1.799842953193942,0.7566570483023416,0.6133071297274773,snare,tangled_rope,False
expected_value_dominant,analytical,0.79456,1.4539818870107366,0.793258583987512,1.4389756369618134,0.495713289682951,0.5811807992083865,snare,tangled_rope,False
explanatory_closure_mechanism,powerless,0.24981,2.777141382005421e-06,2.865275992331445e-06,0.002374440254028746,1.4094914644541648e-06,0.0004042377976845035,mountain,mountain,True
explanatory_closure_mechanism,moderate,0.219995,9.004009035761088e-15,9.22950484639271e-15,1.3657139822709086e-07,4.557383190582821e-15,2.8270525652145833e-10,mountain,mountain,True
explanatory_closure_mechanism,institutional,-0.026263,0.013534319131671562,0.017015749547497332,0.17392816328816682,0.007557986430057043,0.039492854764007324,mountain,mountain,True
explanatory_closure_mechanism,analytical,0.303605,0.00015351178343190087,0.00016371544389720747,0.017776741872369786,7.900261777594329e-05,0.0032932897042429188,mountain,mountain,True
first_held_reading,powerless,0.56518,1.4360680762889397e-05,1.3219678867922684e-05,0.0052007033929429335,6.76182513531911e-06,1.7138969075474557e-05,tangled_rope,tangled_rope,True
first_held_reading,moderate,0.575376,2.0224579813162636e-05,1.820631840447391e-05,0.006113530026684658,9.343805071242343e-06,1.9201776029691965e-05,tangled_rope,tangled_rope,True
first_held_reading,institutional,-0.021971,0.8621458377089837,8.279250048676207,1.7214235404805687,0.6962042136828016,0.5778033055550086,tangled_rope,tangled_rope,True
first_held_reading,analytical,0.712364,9.382953098873563e-05,2.567128966159903e-05,0.009318862020183396,2.171025805990952e-05,2.6949559657726906e-05,tangled_rope,tangled_rope,True
fork_diffusion_status_signal,powerless,0.413016,0.0008898934664664729,0.0016861088986572105,0.04884341568457546,0.0005963901714739353,0.0013170970173308483,tangled_rope,tangled_rope,True
fork_diffusion_status_signal,moderate,0.420467,0.0015615332304476368,0.003341560099971533,0.0663132483266759,0.001099261013249241,0.0020755757721335755,tangled_rope,tangled_rope,True
fork_diffusion_status_signal,institutional,-0.016056,0.0032886980027926438,0.003874379000878572,0.050033435719325337,0.0006258035339080302,0.0003939730637330538,tangled_rope,tangled_rope,True
fork_diffusion_status_signal,analytical,0.520574,0.11627089053979986,0.5924569515998128,0.6507720377652554,0.10494520681568605,0.11098431522014496,tangled_rope,tangled_rope,True
frame_absorption_dynamics,powerless,0.3016,3.6664451624057937,0.35853168892480086,1.1603046143377609,0.327241655521384,0.30120740884285147,tangled_rope,tangled_rope,True
frame_absorption_dynamics,moderate,0.641765,0.002439253531382212,0.0024844192416943233,0.0701666502102968,0.001230713458416063,0.032653790692796336,tangled_rope,tangled_rope,True
frame_absorption_dynamics,institutional,-0.024506,6.32812169484257,0.4307035685214424,1.1714487052462506,0.33337623973577024,0.30120808693421797,tangled_rope,tangled_rope,True
frame_absorption_dynamics,analytical,0.79456,0.81524547667174,0.3148529624478393,0.9725250972068321,0.23182873309375054,0.29226777091047756,tangled_rope,tangled_rope,True
frame_mismatch_friction,powerless,0.521705,0.0001315504432105976,0.0001986554931801068,0.01785358546424488,7.968709930722278e-05,0.0002397525491245642,tangled_rope,tangled_rope,True
frame_mismatch_friction,moderate,0.531116,0.00020065283954428997,0.00032620716757661677,0.022401960474539163,0.0001254606465560875,0.000326418429397673,tangled_rope,tangled_rope,True
frame_mismatch_friction,institutional,-0.020281,0.26806860326870474,2.744197629686906,1.0050525233956105,0.2472627831202997,0.23437702282362072,tangled_rope,tangled_rope,True
frame_mismatch_friction,analytical,0.657567,0.0007507007038628006,0.0015162698745467321,0.044863641109399534,0.0005031654740248944,0.0008969732414334643,tangled_rope,tangled_rope,True
freedom_floor_reading,powerless,0.200584,0.00011860297109570947,0.00012662185836797971,0.015653369218157437,6.125667926883891e-05,0.0012337499308501254,rope,rope,True
freedom_floor_reading,moderate,0.181551,5.040048338577816e-07,5.062302822166472e-07,0.001005102698901909,2.5255785371459366e-07,7.558320742662161e-05,rope,rope,True
freedom_floor_reading,institutional,-0.007605,0.0003203007660999642,0.00035564915739271343,0.025971418699438756,0.0001686262776937124,0.0021126665848779204,rope,rope,True
freedom_floor_reading,analytical,0.246588,0.0024502908252612247,0.0031910534545072002,0.0746187602024123,0.0013918283813843307,0.006963086255949658,rope,rope,True
freedom_of_movement_reading,powerless,0.36032,4.457248284076593,0.9478202187122086,1.7687280620186383,0.7324368813611325,0.6130719972036399,snare,tangled_rope,False
freedom_of_movement_reading,moderate,0.641765,0.002663207551381154,0.0026283875087384817,0.07274216429587042,0.0013227097941266074,0.03509371033190245,snare,snare,True
freedom_of_movement_reading,institutional,-0.024506,13.454902434494363,0.956173962021695,1.799842953193942,0.7566570483023416,0.6133071297274773,snare,tangled_rope,False
freedom_of_movement_reading,analytical,0.79456,1.4539818870107366,0.793258583987512,1.4389756369618134,0.495713289682951,0.5811807992083865,snare,tangled_rope,False
freedom_primary,powerless,0.3536,2.144561816287019,5.856593154962724,2.3860431946712226,1.2622939546084766,0.883034572623168,snare,tangled_rope,False
freedom_primary,moderate,0.752415,0.0032740591180431657,0.00598583591436216,0.09299511260709069,0.0021616332417443854,0.004962196096589988,snare,snare,True
freedom_primary,institutional,-0.054575,22.99901199140685,16.361438754644166,3.114953676942529,1.9733618110104256,0.9990862919995751,snare,scaffold,False
freedom_primary,analytical,0.931553,5.511786143888783,6.944095881064805,2.954722531172073,1.813401658396044,0.9950969833995789,snare,tangled_rope,False
gender_identity_reading,powerless,0.413016,1.9398075976832545e-05,1.738014939787071e-05,0.005966463141512381,8.8996640041594e-06,3.3771455956621566e-05,tangled_rope,tangled_rope,True
gender_identity_reading,moderate,0.323065,0.00011795653485510382,0.0002150211513577454,0.017502318123166043,7.658229617854391e-05,0.00020491521781729194,tangled_rope,tangled_rope,True
gender_identity_reading,institutional,-0.016056,0.1595497176459704,1.1784973561502132,0.77690848559822,0.14900873273788598,0.14789207453083264,tangled_rope,tangled_rope,True
gender_identity_reading,analytical,0.520574,0.0005378141763335714,0.0020489374563870504,0.03924582424118562,0.00038504632440209546,0.0003683473852491558,tangled_rope,tangled_rope,True
gender_justice_fragmentation,powerless,0.3016,6.9851565952099826,0.8900513526190114,1.7475014284797115,0.7160895222501511,0.5893764850137324,snare,tangled_rope,False
gender_justice_fragmentation,moderate,0.641765,0.0027265340402456216,0.0026975659971125504,0.07364758869560802,0.0013558386109410597,0.03594283460689324,snare,snare,True
gender_justice_fragmentation,institutional,-0.024506,12.893565167209282,0.8910510576969485,1.7505733698221693,0.7184464226311078,0.589362311435193,snare,tangled_rope,False
gender_justice_fragmentation,analytical,0.79456,1.4187353939542444,0.7481678845741269,1.4074978117711632,0.4751565863807615,0.5602123761273149,snare,tangled_rope,False
hanafi_reading,powerless,0.413016,0.0003608019842501906,0.00023767257817507338,0.02400153626755698,0.00014401670736679018,0.0005792307099370397,tangled_rope,tangled_rope,True
hanafi_reading,moderate,0.420467,0.0005081433773320328,0.00030732426953603584,0.027771106388005503,0.00019280548959414422,0.0006505311508011591,tangled_rope,tangled_rope,True
hanafi_reading,institutional,-0.016056,2.0009274908670815,6.435822981858235,2.3452414907356474,1.2245254112666193,0.8649307903250394,tangled_rope,rope,False
hanafi_reading,analytical,0.520574,0.0033404465897564897,0.000860972412555218,0.05284791996981436,0.0006981850356402204,0.000985690344688317,tangled_rope,tangled_rope,True
hanbali_reading,powerless,0.3016,5.899764718691337,0.6778419515110182,1.552834953359402,0.5731430291054695,0.4922428545128691,tangled_rope,tangled_rope,True
hanbali_reading,moderate,0.641765,0.0028407690904481224,0.002837596103154292,0.07535490497469874,0.0014194224974680956,0.037659141715333244,tangled_rope,snare,False
hanbali_reading,institutional,-0.024506,10.643665581270643,0.7258103900110661,1.5599128305906609,0.578111620874363,0.49224437973363144,tangled_rope,tangled_rope,True
hanbali_reading,analytical,0.79456,1.245668934761804,0.5807790070334439,1.272309351448748,0.3912275354834926,0.47235885213275175,tangled_rope,tangled_rope,True
harm_limited_reading,powerless,0.630393,0.00440056309565036,0.004497632721943008,0.09432602864403607,0.002223937639461266,0.04454279083878243,tangled_rope,tangled_rope,True
harm_limited_reading,moderate,0.641765,0.0024933216942613487,0.002536124953907573,0.07091665453832886,0.0012571612461130769,0.03335542777699063,tangled_rope,tangled_rope,True
harm_limited_reading,institutional,-0.042575,6.612215342315694,0.4214710567350747,1.1953188902873417,0.346690140576595,0.31407968573743084,tangled_rope,tangled_rope,True
harm_limited_reading,analytical,0.79456,0.8469811784750173,0.33075524863182804,0.994642548444719,0.2422726773464693,0.30458767705452644,tangled_rope,tangled_rope,True
harm_reduction_reading,powerless,0.413016,0.0003608019842501906,0.00023767257817507338,0.02400153626755698,0.00014401670736679018,0.0005792307099370397,tangled_rope,tangled_rope,True
harm_reduction_reading,moderate,0.323065,0.003297302915378752,0.007003338795078369,0.09591030047718554,0.002299255751214243,0.00479340399472894,tangled_rope,tangled_rope,True
harm_reduction_reading,institutional,-0.016056,2.0009274908670815,6.435822981858235,2.3452414907356474,1.2245254112666193,0.8649307903250394,tangled_rope,rope,False
harm_reduction_reading,analytical,0.520574,0.0033404465897564897,0.000860972412555218,0.05284791996981436,0.0006981850356402204,0.000985690344688317,tangled_rope,tangled_rope,True
harm_threshold_reading,powerless,0.630393,0.004984026428727937,0.004972624220428384,0.0997829566701421,0.0024886433270004194,0.049841235420006846,tangled_rope,snare,False
harm_threshold_reading,moderate,0.620043,0.0057314060259863395,0.005715878517068965,0.10699189760141659,0.0028611341036992545,0.05343181816202647,tangled_rope,snare,False
harm_threshold_reading,institutional,-0.024506,10.643665581270643,0.7258103900110661,1.5599128305906609,0.578111620874363,0.49224437973363144,tangled_rope,tangled_rope,True
harm_threshold_reading,analytical,0.79456,1.245668934761804,0.5807790070334439,1.272309351448748,0.3912275354834926,0.47235885213275175,tangled_rope,tangled_rope,True
husk_reading,powerless,0.630393,0.005121159669054637,0.005213010158752042,0.10165025637006962,0.0025826376287831645,0.04913015757346395,tangled_rope,tangled_rope,True
husk_reading,moderate,0.641765,0.0034938051867159483,0.0036247511233298132,0.08434082727110286,0.0017780802595970232,0.03819998334712049,tangled_rope,tangled_rope,True
husk_reading,institutional,-0.024506,7.873283602994486,0.47245321630183934,1.316950486701422,0.4181476663750963,0.3778315906851505,tangled_rope,tangled_rope,True
husk_reading,analytical,0.79456,1.0316822385530127,0.47644005328380584,1.134321481919477,0.31314053033613715,0.35861212617037586,tangled_rope,tangled_rope,True
hybrid_atrophy_reading,powerless,0.413016,0.030004014834005274,0.05457875178411907,0.2810269871855518,0.01971157765485985,0.04849501973382542,tangled_rope,tangled_rope,True
hybrid_atrophy_reading,moderate,0.420467,0.05176471616429394,0.10468265668721642,0.37716769328664485,0.03545859302780033,0.0720468625791697,tangled_rope,tangled_rope,True
hybrid_atrophy_reading,institutional,-0.016056,0.1625262630057595,0.16780755162704644,0.36078269698952653,0.03245289100758226,0.0339698388271346,tangled_rope,tangled_rope,True
hybrid_atrophy_reading,analytical,0.520574,1.5929209543242824,3.4706265819100963,2.058108938247712,0.9687415652356829,0.7961170512366519,tangled_rope,snare,False
hybrid_pedagogical_reading,powerless,0.521705,0.053186258832149697,0.0767760511426969,0.3559521528463569,0.03159196065402433,0.09765106656727118,tangled_rope,tangled_rope,True
hybrid_pedagogical_reading,moderate,0.547972,0.13632867588657296,0.22167813846093906,0.5850117439800108,0.08495138400559878,0.18549479385472378,tangled_rope,tangled_rope,True
hybrid_pedagogical_reading,institutional,-0.020281,0.7679590335882008,0.05406701062588741,0.41092208492306426,0.04206594527266675,0.04070177943018063,tangled_rope,tangled_rope,True
hybrid_pedagogical_reading,analytical,0.657567,0.2545250576403253,0.4415118203948523,0.8100692432448462,0.16182248990763173,0.2857650592628329,tangled_rope,tangled_rope,True
hybrid_reading,powerless,0.56518,0.014203484413212338,0.01890108046742749,0.18055730291130329,0.008144700884871467,0.035348257169571906,tangled_rope,tangled_rope,True
hybrid_reading,moderate,0.575376,0.019539842381687607,0.027025194393032744,0.21366776393616976,0.011402626841565601,0.043426285025697675,tangled_rope,tangled_rope,True
hybrid_reading,institutional,0.034872,0.4452577013350071,0.04995136558722159,0.32283825850756964,0.025999607556477358,0.02421830976070616,tangled_rope,tangled_rope,True
hybrid_reading,analytical,0.712364,0.0005452328571660687,0.0006113966030031301,0.03390823725260115,0.0002874352532122392,0.005210427038369936,tangled_rope,tangled_rope,True
hybrid_scaffolding_reading,powerless,0.56518,8.951505074153634e-06,1.2178978953917188e-05,0.004555605916761293,5.1883840736429025e-06,2.264262838203024e-05,tangled_rope,tangled_rope,True
hybrid_scaffolding_reading,moderate,0.575376,1.2384335166619084e-05,1.7605471690014018e-05,0.005412330876204273,7.323326909318183e-06,2.8074963205337866e-05,tangled_rope,tangled_rope,True
hybrid_scaffolding_reading,institutional,-0.021971,0.08952980051926321,1.463201789856559,0.5933919485673782,0.08738464158018909,0.08548114272864371,tangled_rope,tangled_rope,True
hybrid_scaffolding_reading,analytical,0.712364,1.8843798875588216e-06,2.5194336073161407e-06,0.002043424958022992,1.0438962991540493e-06,5.492322066813493e-06,tangled_rope,tangled_rope,True
individual_right_reading,powerless,0.3016,3.44775100966999,0.332840863831674,1.120166862686682,0.3055784190267424,0.282903349039406,tangled_rope,tangled_rope,True
individual_right_reading,moderate,0.641765,0.0023555294449140157,0.0024036733227414584,0.06898427421722154,0.0011895895766642782,0.03156245551810177,tangled_rope,tangled_rope,True
individual_right_reading,institutional,-0.024506,5.9278100079264835,0.4754237228846111,1.1420852711849472,0.31732424385447056,0.2829039696376227,tangled_rope,tangled_rope,True
individual_right_reading,analytical,0.79456,0.769568859296608,0.2926595475428496,0.9404225646171637,0.21705483712751744,0.2747151769240933,tangled_rope,tangled_rope,True
inflation_credibility_constraint,powerless,0.3016,3.659914369304567,0.3576460905515888,1.159106841197982,0.3265853946014212,0.30069055846963766,tangled_rope,tangled_rope,True
inflation_credibility_constraint,moderate,0.641765,0.0024409894949200214,0.002486818861763505,0.07019591723903919,0.001231740246486427,0.03263688764539818,tangled_rope,tangled_rope,True
inflation_credibility_constraint,institutional,-0.042575,6.3119972685430445,0.3649135570209601,1.1615605714323975,0.32793043985961395,0.30066133206584905,tangled_rope,tangled_rope,True
inflation_credibility_constraint,analytical,0.79456,0.814110493216919,0.31452622585531087,0.9718261549537056,0.2315022079324345,0.2917466695014738,tangled_rope,tangled_rope,True
infrastructure_regulatory_lag,powerless,0.56518,0.013855254024710734,0.01844883978794608,0.17835520495213084,0.00794737580037544,0.03449698027300363,tangled_rope,tangled_rope,True
infrastructure_regulatory_lag,moderate,0.575376,0.01906330026698851,0.026385672233909706,0.21108212610460655,0.011128580207732898,0.04238968507061169,tangled_rope,tangled_rope,True
infrastructure_regulatory_lag,institutional,0.00903,0.4333782112865837,0.05182703192669422,0.31987022149918226,0.025524761327587474,0.02359468770560891,tangled_rope,tangled_rope,True
infrastructure_regulatory_lag,analytical,0.712364,0.0005603020735377129,0.0006419423271360475,0.034533533623628515,0.0002981338288574984,0.005131152369363234,tangled_rope,tangled_rope,True
institutional_adoption_lag,powerless,0.413016,0.0009813758628753532,0.001860078342002433,0.05129744134421421,0.0006578208082682175,0.0014423256033763154,tangled_rope,tangled_rope,True
institutional_adoption_lag,moderate,0.420467,0.0017221899029175888,0.0036864234997929443,0.06964697435180439,0.0012125527156036549,0.0022764055272113115,tangled_rope,tangled_rope,True
institutional_adoption_lag,institutional,-0.027894,0.003670012116499399,0.004602596982433693,0.053780694054072264,0.0007230471925972837,0.00045880448894709553,tangled_rope,tangled_rope,True
institutional_adoption_lag,analytical,0.520574,0.12758272526816142,0.6458849926829078,0.6809759183712143,0.11481634958398498,0.1210689955452896,tangled_rope,tangled_rope,True
institutional_pluralism_equilibrium,powerless,0.415322,8.299165206713201e-06,1.0787754092497e-05,0.004220940710612275,4.454083467814568e-06,5.7251099800927415e-06,tangled_rope,tangled_rope,True
institutional_pluralism_equilibrium,moderate,0.420467,1.1269031135000684e-05,1.6032850776755762e-05,0.004994695388350681,6.236742264419481e-06,7.81931718882507e-06,tangled_rope,tangled_rope,True
institutional_pluralism_equilibrium,institutional,-0.027894,0.06115064814888652,0.5104615085936722,0.4873457202015713,0.05908324659377571,0.059394760815299485,tangled_rope,tangled_rope,True
institutional_pluralism_equilibrium,analytical,0.520574,0.0005039768996448162,0.0025647770830918653,0.04213504874044991,0.00044382416712783793,0.00047308472347521954,tangled_rope,tangled_rope,True
institutional_pragmatism_reading,powerless,0.3016,5.533004171233401,0.6167205173381165,1.4889353788435304,0.5291026204290009,0.4603215512486739,tangled_rope,tangled_rope,True
institutional_pragmatism_reading,moderate,0.641765,0.0028462337985089054,0.0028538874033126505,0.07549855511593524,0.0014248387435464472,0.03764490489809935,tangled_rope,tangled_rope,True
institutional_pragmatism_reading,institutional,-0.024506,9.907305935047818,0.6185757529713232,1.4914508557354804,0.5308082212774893,0.46022019180150764,tangled_rope,tangled_rope,True
institutional_pragmatism_reading,analytical,0.79456,1.1817697568975631,0.5328546133740218,1.2265345858418533,0.36445615914394525,0.4427149722499527,tangled_rope,tangled_rope,True
institutional_reallocation_reading,powerless,0.413016,0.0003608019842501906,0.00023767257817507338,0.02400153626755698,0.00014401670736679018,0.0005792307099370397,tangled_rope,tangled_rope,True
institutional_reallocation_reading,moderate,0.420467,0.0005081433773320328,0.00030732426953603584,0.027771106388005503,0.00019280548959414422,0.0006505311508011591,tangled_rope,tangled_rope,True
institutional_reallocation_reading,institutional,-0.016056,2.0009274908670815,6.435822981858235,2.3452414907356474,1.2245254112666193,0.8649307903250394,tangled_rope,rope,False
institutional_reallocation_reading,analytical,0.520574,0.0033404465897564897,0.000860972412555218,0.05284791996981436,0.0006981850356402204,0.000985690344688317,tangled_rope,tangled_rope,True
integration_primary,powerless,0.2704,4.145684541127336,0.35634330398545094,1.1576664472758564,0.3257969964417775,0.2995393402891323,tangled_rope,tangled_rope,True
integration_primary,moderate,0.575376,0.13357946883828736,0.14095733079063377,0.5237913561010018,0.06819819987948478,0.25598033521439484,tangled_rope,snare,False
integration_primary,institutional,-0.021971,6.292561811089394,0.428848904269513,1.1708129831032803,0.3330248947397711,0.2995394673196751,tangled_rope,tangled_rope,True
integration_primary,analytical,0.712364,0.004157196663962719,0.004254932430609397,0.09171015461425319,0.002102319699223377,0.042788673288363666,tangled_rope,tangled_rope,True
integration_reading,powerless,0.3016,7.1861465245635205,0.936106766710998,1.78508649448852,0.7451325848545,0.6078476401461038,snare,tangled_rope,False
integration_reading,moderate,0.641765,0.0026781732821753385,0.0026445749890329972,0.07295607221854093,0.0013304995731209734,0.035300749003555565,snare,snare,True
integration_reading,institutional,0.620043,0.0053775511097959175,0.005276437589068804,0.10321466419204131,0.0026627256738779343,0.04972906056011189,snare,snare,True
integration_reading,analytical,0.79456,1.446160173820281,0.7826963848567648,1.431806107677655,0.4909982488490578,0.5764295787044612,snare,tangled_rope,False
legalization_reading,powerless,0.3016,5.011933441626896,0.5395511902800054,1.3989173054712185,0.46961835864201906,0.4151777060547405,tangled_rope,tangled_rope,True
legalization_reading,moderate,0.641765,0.0027821429605055016,0.0028004012599479058,0.07471567689202444,0.001395445790746446,0.037014380281135684,tangled_rope,tangled_rope,True
legalization_reading,institutional,0.584996,0.0003065308386798328,0.00030733854902179395,0.02477637143940575,0.00015346518275544384,0.012233255877438398,tangled_rope,tangled_rope,True
legalization_reading,analytical,0.79456,1.0836557088905647,0.46509512098720096,1.1577457749192634,0.32584039375558027,0.4005400880541621,tangled_rope,tangled_rope,True
literacy_extraction_tradeoff,powerless,0.630393,0.004867346848550291,0.004812504739419931,0.09838504205313127,0.002419416169646056,0.04845566883995611,snare,snare,True
literacy_extraction_tradeoff,moderate,0.641765,0.0027803922653346683,0.002758347539503927,0.0744222576463084,0.0013845083401868468,0.03673321139169072,snare,snare,True
literacy_extraction_tradeoff,institutional,-0.024506,12.227200185281808,0.8549882027745733,1.695417952934704,0.6765947731765014,0.5607400433052097,snare,tangled_rope,False
literacy_extraction_tradeoff,analytical,0.79456,1.3718886107471413,0.6956846455119896,1.3685411473797673,0.4502393412568713,0.534719054297803,snare,tangled_rope,False
literary_continuity_reading,powerless,0.413016,4.664299972249837e-06,7.601440887301155e-06,0.0033753423142639464,2.848233258399213e-06,5.4240356585585094e-06,tangled_rope,tangled_rope,True
literary_continuity_reading,moderate,0.420467,7.841069858035965e-06,1.4655940221328694e-05,0.004497703115288255,5.05733119661767e-06,8.573922081190098e-06,tangled_rope,tangled_rope,True
literary_continuity_reading,institutional,-0.016056,0.02233136003579178,0.19841486141243686,0.29624088394279674,0.021899582243841323,0.02208786806124785,tangled_rope,tangled_rope,True
literary_continuity_reading,analytical,0.520574,0.0005216859388807384,0.0028031958077407377,0.043792850440885656,0.00047943428144027966,0.000518714445724968,tangled_rope,tangled_rope,True
literary_revival_reading,powerless,0.089148,1.9491075908541585e-07,1.9383566966150082e-07,0.0006234930245088721,9.718588714645006e-08,2.2488627162980815e-05,rope,rope,True
literary_revival_reading,moderate,0.080689,1.7204510876557204e-09,1.7195418585440927e-09,5.8651447478025904e-05,8.599981922378157e-10,2.1256571078565826e-06,rope,rope,True
literary_revival_reading,institutional,-0.00338,0.0002691078118334714,0.00032588708663820417,0.02430882526326244,0.0001477279277558808,0.0010295972037403925,rope,rope,True
literary_revival_reading,analytical,0.109594,3.472103195741601e-07,3.463910574658383e-07,0.0008327678272456327,1.733755609493893e-07,2.9541336640470173e-05,rope,rope,True
liturgical_continuity_reading,powerless,0.133723,8.543072054835137e-07,8.652822203424591e-07,0.001311308524930272,4.2988249656034605e-07,4.5692243148209855e-05,rope,rope,True
liturgical_continuity_reading,moderate,0.121034,2.677841153395521e-09,2.6798080882350117e-09,7.3195959913311e-05,1.3394121331686857e-09,2.5257182965088276e-06,rope,rope,True
liturgical_continuity_reading,institutional,-0.00507,0.00027059876454133545,0.00033067272733491794,0.024428475927200707,0.0001491857542955511,0.0009931152971028767,rope,rope,True
liturgical_continuity_reading,analytical,0.164392,2.447699710176899e-05,2.6136486745155583e-05,0.007111353617187895,1.264282424718506e-05,0.00025824337186963753,rope,rope,True
liturgical_preservation_reading,powerless,0.408045,7.147538669814784e-06,7.304252295459155e-06,0.0037361744064267712,3.4897487842778786e-06,9.600519815965149e-06,tangled_rope,tangled_rope,True
liturgical_preservation_reading,moderate,0.420467,1.5140690754652629e-05,1.8009886746231514e-05,0.005544320615133692,7.684867849399042e-06,1.2461109063003854e-05,tangled_rope,tangled_rope,True
liturgical_preservation_reading,institutional,0.006599,0.08073004124260832,0.6554452168827546,0.5582302657656288,0.07740079988672709,0.07771025240713358,tangled_rope,tangled_rope,True
liturgical_preservation_reading,analytical,0.520574,0.0004960717629995003,0.0023594050270619674,0.040759654650983086,0.00041532298658885963,0.0004330111686941359,tangled_rope,tangled_rope,True
liturgical_vernacularization,powerless,0.36032,3.4409916472791644,0.6154692572477183,1.4687407447383365,0.5154943469316595,0.4601770084521595,tangled_rope,tangled_rope,True
liturgical_vernacularization,moderate,0.641765,0.0028462337985089054,0.0028538874033126505,0.07549855511593524,0.0014248387435464472,0.03764490489809935,tangled_rope,tangled_rope,True
liturgical_vernacularization,institutional,-0.024506,9.907305935047818,0.6185757529713232,1.4914508557354804,0.5308082212774893,0.46022019180150764,tangled_rope,tangled_rope,True
liturgical_vernacularization,analytical,0.79456,1.1817697568975631,0.5328546133740218,1.2265345858418533,0.36445615914394525,0.4427149722499527,tangled_rope,tangled_rope,True
living_constitutionalist_reading,powerless,0.521705,1.991293076380559e-06,1.0037290723899702e-06,0.0016449826532546007,6.764919444559088e-07,1.7378254473232602e-06,tangled_rope,tangled_rope,True
living_constitutionalist_reading,moderate,0.531116,2.71675196627777e-06,1.207439209648238e-06,0.0018433134907122953,8.494510963195666e-07,1.8846841574049478e-06,tangled_rope,tangled_rope,True
living_constitutionalist_reading,institutional,0.052859,1.561802258199014,10.529407211289197,2.1882191024054882,1.0823243337749873,0.7902456271535887,tangled_rope,rope,False
living_constitutionalist_reading,analytical,0.657567,1.1737066178559236e-05,2.414138395673682e-06,0.0028832924092601847,2.0783434191977196e-06,2.3309602736887314e-06,tangled_rope,tangled_rope,True
lock_in_reading,powerless,0.413016,0.0003608019842501906,0.00023767257817507338,0.02400153626755698,0.00014401670736679018,0.0005792307099370397,tangled_rope,tangled_rope,True
lock_in_reading,moderate,0.420467,0.0005081433773320328,0.00030732426953603584,0.027771106388005503,0.00019280548959414422,0.0006505311508011591,tangled_rope,tangled_rope,True
lock_in_reading,institutional,-0.016056,2.0009274908670815,6.435822981858235,2.3452414907356474,1.2245254112666193,0.8649307903250394,tangled_rope,rope,False
lock_in_reading,analytical,0.520574,0.0033404465897564897,0.000860972412555218,0.05284791996981436,0.0006981850356402204,0.000985690344688317,tangled_rope,tangled_rope,True
mitigation_priority_reading,powerless,0.3016,6.9851565952099826,0.8900513526190114,1.7475014284797115,0.7160895222501511,0.5893764850137324,snare,tangled_rope,False
mitigation_priority_reading,moderate,0.641765,0.0027265340402456216,0.0026975659971125504,0.07364758869560802,0.0013558386109410597,0.03594283460689324,snare,snare,True
mitigation_priority_reading,institutional,-0.024506,12.893565167209282,0.8910510576969485,1.7505733698221693,0.7184464226311078,0.589362311435193,snare,tangled_rope,False
mitigation_priority_reading,analytical,0.79456,1.4187353939542444,0.7481678845741269,1.4074978117711632,0.4751565863807615,0.5602123761273149,snare,tangled_rope,False
mixed_constitutional_reading,powerless,0.521705,0.00020572280939694485,0.0003186293235281918,0.02249108084874015,0.00012646084671800556,0.00039432313280940434,tangled_rope,tangled_rope,True
mixed_constitutional_reading,moderate,0.531116,0.00031480981725830583,0.0005255610588269714,0.02828318771992901,0.00019998134409975345,0.0005367990900584374,tangled_rope,tangled_rope,True
mixed_constitutional_reading,institutional,-0.020281,0.02427989616377636,0.3220898867859909,0.29965339349199793,0.02240607759568374,0.022026918509911786,tangled_rope,tangled_rope,True
mixed_constitutional_reading,analytical,0.657567,0.0011317565928023504,0.002461208829642289,0.056633721506664014,0.0008017910247915339,0.0014770248845377143,tangled_rope,tangled_rope,True
modernization_defection_gradient,powerless,0.413016,0.0029724801356557458,0.005621815755685091,0.0892337115396365,0.0019903336121600123,0.004346412660277662,tangled_rope,tangled_rope,True
modernization_defection_gradient,moderate,0.420467,0.005211181782086128,0.011119092654001099,0.12106953834956881,0.003663339394515526,0.006853209880934091,tangled_rope,tangled_rope,True
modernization_defection_gradient,institutional,-0.005523,0.019158510373360818,0.04991861654015743,0.18869257368638048,0.008894621153984551,0.008545424538398993,tangled_rope,tangled_rope,True
modernization_defection_gradient,analytical,0.520574,0.34477315745974496,1.5375096217511963,1.0959212855488156,0.29282261103405993,0.29456680668450197,tangled_rope,tangled_rope,True
monarchical_reading,powerless,0.3536,3.946238315031442,0.7292900348235088,1.5847537547481014,0.5956901871621578,0.5182431787114434,snare,tangled_rope,False
monarchical_reading,moderate,0.752415,0.390781413681255,0.3101501948896927,0.8326396996450818,0.1708332531535251,0.37561415537601706,snare,tangled_rope,False
monarchical_reading,institutional,-0.028731,11.243730883500247,0.7365090664930873,1.6079984700058363,0.6123354602165039,0.5183723400002229,snare,tangled_rope,False
monarchical_reading,analytical,0.931553,5.758038196929181,0.7306030213666331,1.603601267514429,0.6091722300150522,0.5183683977852754,snare,tangled_rope,False
monetary_aggregate_collapse,powerless,0.56518,9.44037743943942e-06,1.2453713909192297e-05,0.004642957768426603,5.389261789752759e-06,3.1061708144264344e-05,tangled_rope,tangled_rope,True
monetary_aggregate_collapse,moderate,0.575376,1.3347934045819422e-05,1.827922824073554e-05,0.005567842242349832,7.75021180334682e-06,3.898205644026209e-05,tangled_rope,tangled_rope,True
monetary_aggregate_collapse,institutional,-0.021971,0.04914129054406731,0.8228360334049933,0.4408369946429109,0.048387929277585305,0.04774948343481289,tangled_rope,tangled_rope,True
monetary_aggregate_collapse,analytical,0.712364,5.657152610257736e-05,9.025699600261599e-05,0.011870621141332454,3.5227808153189e-05,0.0001051749369179733,tangled_rope,tangled_rope,True
monetary_discretion_expansion,powerless,0.3016,3.351836737503123,0.3215562994960687,1.102374917294329,0.29619349663768857,0.27503074057877697,tangled_rope,tangled_rope,True
monetary_discretion_expansion,moderate,0.641765,0.0023352490781952213,0.002387158588464344,0.06871596110018503,0.0011803547061019464,0.03111695781054913,tangled_rope,tangled_rope,True
monetary_discretion_expansion,institutional,-0.024506,5.742142009528014,0.32724225382400385,1.104644880132989,0.29738337150711797,0.2748919997976607,tangled_rope,tangled_rope,True
monetary_discretion_expansion,analytical,0.79456,0.7503187247129987,0.28457006249745526,0.9272370591325353,0.21111960931956147,0.26703052803806754,tangled_rope,tangled_rope,True
monopoly_transfer_mechanism,powerless,0.56518,0.0947760947173978,0.10351331584900088,0.444958005366033,0.04929308120294585,0.21168674717011265,tangled_rope,tangled_rope,True
monopoly_transfer_mechanism,moderate,0.46676,0.22196167230104002,0.14437636346714552,0.5946678906579451,0.08775806794283844,0.20289556243331464,tangled_rope,tangled_rope,True
monopoly_transfer_mechanism,institutional,-0.021971,5.338991128645921,0.30164930811878904,1.0631070161291123,0.27595864087083377,0.2565854032637541,tangled_rope,tangled_rope,True
monopoly_transfer_mechanism,analytical,0.712364,0.0038050551707973167,0.003920939849539281,0.08788784404383547,0.0019307575506114355,0.03925034847923825,tangled_rope,tangled_rope,True
mourning_practice_reading,powerless,0.3016,7.1861465245635205,0.936106766710998,1.78508649448852,0.7451325848545,0.6078476401461038,snare,tangled_rope,False
mourning_practice_reading,moderate,0.641765,0.0026781732821753385,0.0026445749890329972,0.07295607221854093,0.0013304995731209734,0.035300749003555565,snare,snare,True
mourning_practice_reading,institutional,-0.024506,13.32707153299929,0.9491743450755695,1.789213189103439,0.7483485870371811,0.6078500789026822,snare,tangled_rope,False
mourning_practice_reading,analytical,0.79456,1.446160173820281,0.7826963848567648,1.431806107677655,0.4909982488490578,0.5764295787044612,snare,tangled_rope,False
muslim_uncodified_reading,powerless,0.630393,0.004654397647915881,0.0045705141354472,0.09604341866703281,0.002305641432541457,0.04617825710515577,snare,snare,True
muslim_uncodified_reading,moderate,0.641765,0.002663207551381154,0.0026283875087384817,0.07274216429587042,0.0013227097941266074,0.03509371033190245,snare,snare,True
muslim_uncodified_reading,institutional,0.4504,1.3218198303703677,0.7635170242068722,1.3963800451870532,0.467986093423072,0.5732481624071321,snare,tangled_rope,False
muslim_uncodified_reading,analytical,0.79456,1.4539818870107366,0.793258583987512,1.4389756369618134,0.495713289682951,0.5811807992083865,snare,tangled_rope,False
native_generation,powerless,0.630393,0.00484288234816386,0.004783494632317063,0.0981126853749489,0.0024060421831322574,0.048187826642728804,snare,snare,True
native_generation,moderate,0.641765,0.00276711004236156,0.002743066013285254,0.07423000581207985,0.0013773653170737698,0.036543507599983927,snare,snare,True
native_generation,institutional,-0.024506,12.408297269699252,0.9267859089536169,1.7155245368273286,0.6917366370634385,0.568417756847323,snare,tangled_rope,False
native_generation,analytical,0.79456,1.3847674409735848,0.7093861302963417,1.379017241139599,0.45688259369539225,0.5415933871793027,snare,tangled_rope,False
native_generation_reading,powerless,0.56518,0.0947760947173978,0.10351331584900088,0.444958005366033,0.04929308120294585,0.21168674717011265,tangled_rope,tangled_rope,True
native_generation_reading,moderate,0.575376,0.1258186469028309,0.13757268077976906,0.512804465951509,0.06538272472568697,0.24558858746430812,tangled_rope,snare,False
native_generation_reading,institutional,-0.021971,5.338991128645921,0.30164930811878904,1.0631070161291123,0.27595864087083377,0.2565854032637541,tangled_rope,tangled_rope,True
native_generation_reading,analytical,0.712364,0.0038050551707973167,0.003920939849539281,0.08788784404383547,0.0019307575506114355,0.03925034847923825,tangled_rope,tangled_rope,True
naturalization_reading,powerless,0.20439,7.06742075728432e-07,7.657397923772368e-07,0.0012127270523830309,3.6767671473043316e-07,6.1204474310905255e-06,rope,rope,True
naturalization_reading,moderate,0.179996,1.2930643921649463e-14,1.3171619804659278e-14,1.6049041769309358e-07,6.553469082684909e-15,7.68030861131308e-10,rope,rope,True
naturalization_reading,institutional,-0.021488,3.290635923689771e-06,3.880811636648264e-06,0.0026711153580816507,1.7837140489014356e-06,1.4454096788874476e-05,rope,rope,True
naturalization_reading,analytical,0.248404,1.0690610546234071e-05,1.4120819025552593e-05,0.004945048423510771,6.113372863399807e-06,2.957029407579803e-05,rope,rope,True
near_miss_as_bridge,powerless,0.56518,8.881736871475886e-06,1.2020472144871116e-05,0.004532063597731085,5.134897916234391e-06,2.388924575791318e-05,tangled_rope,tangled_rope,True
near_miss_as_bridge,moderate,0.575376,1.2341730017740302e-05,1.7430073533520297e-05,0.005394548296801988,7.2752834206988115e-06,2.970592527529181e-05,tangled_rope,tangled_rope,True
near_miss_as_bridge,institutional,-0.03817,0.06152798777855444,1.022060637024514,0.49292622963090094,0.06043720208366753,0.05950607450046441,tangled_rope,tangled_rope,True
near_miss_as_bridge,analytical,0.712364,1.2042872604336904e-05,1.901753830494171e-05,0.0054599140274064345,7.452660667873944e-06,2.4279260177895168e-05,tangled_rope,tangled_rope,True
near_term_harms_reading,powerless,0.3016,5.899764718691337,0.6778419515110182,1.552834953359402,0.5731430291054695,0.4922428545128691,tangled_rope,tangled_rope,True
near_term_harms_reading,moderate,0.641765,0.0028407690904481224,0.002837596103154292,0.07535490497469874,0.0014194224974680956,0.037659141715333244,tangled_rope,snare,False
near_term_harms_reading,institutional,0.063872,10.642088105170407,0.692638396633381,1.5567836275963578,0.5759127550433876,0.49224437973363144,tangled_rope,tangled_rope,True
near_term_harms_reading,analytical,0.79456,1.245668934761804,0.5807790070334439,1.272309351448748,0.3912275354834926,0.47235885213275175,tangled_rope,tangled_rope,True
option_value_preserving,powerless,0.413016,5.838571421926939e-06,3.6375067061986837e-06,0.002998688107228822,2.248032169936573e-06,6.40639428461931e-06,tangled_rope,tangled_rope,True
option_value_preserving,moderate,0.420467,8.173483455337085e-06,4.684720841665466e-06,0.003448648924537844,2.973294114523879e-06,6.949632218145041e-06,tangled_rope,tangled_rope,True
option_value_preserving,institutional,-0.016056,0.12542380080175625,1.0514560054960758,0.6958959873122568,0.11985127378394994,0.11794927785884557,tangled_rope,tangled_rope,True
option_value_preserving,analytical,0.520574,6.27753883822876e-05,8.604723638924509e-05,0.009166696485461959,2.1007044339058572e-05,1.429703951651351e-05,tangled_rope,tangled_rope,True
originalist_reading,powerless,0.3016,6.589546483837712,0.8063291247863531,1.6752226591393933,0.6615207460685479,0.5535204329113504,snare,tangled_rope,False
originalist_reading,moderate,0.641765,0.002796565685686304,0.0027770085365861697,0.07465581677862772,0.0013932109616014668,0.03690543720957673,snare,snare,True
originalist_reading,institutional,-0.008431,12.057222310431523,0.8066763432092874,1.6780464429635862,0.6636202825658127,0.5535096925801992,snare,tangled_rope,False
originalist_reading,analytical,0.79456,1.360034410579728,0.6837323510506613,1.3589995761989002,0.4442256975751619,0.528218723924169,snare,tangled_rope,False
overdetermined_composite_reading,powerless,0.630393,0.004984026428727937,0.004972624220428384,0.0997829566701421,0.0024886433270004194,0.049841235420006846,tangled_rope,snare,False
overdetermined_composite_reading,moderate,0.641765,0.0028407690904481224,0.002837596103154292,0.07535490497469874,0.0014194224974680956,0.037659141715333244,tangled_rope,snare,False
overdetermined_composite_reading,institutional,-0.024506,10.643665581270643,0.7258103900110661,1.5599128305906609,0.578111620874363,0.49224437973363144,tangled_rope,tangled_rope,True
overdetermined_composite_reading,analytical,0.79456,1.245668934761804,0.5807790070334439,1.272309351448748,0.3912275354834926,0.47235885213275175,tangled_rope,tangled_rope,True
parallel_adjudication_structure,powerless,0.56518,0.013855254024710734,0.01844883978794608,0.17835520495213084,0.00794737580037544,0.03449698027300363,tangled_rope,tangled_rope,True
parallel_adjudication_structure,moderate,0.575376,0.01906330026698851,0.026385672233909706,0.21108212610460655,0.011128580207732898,0.04238968507061169,tangled_rope,tangled_rope,True
parallel_adjudication_structure,institutional,-0.007558,0.4334726042828111,0.05337459743520812,0.32046506651146217,0.025619580191713093,0.02359468770560891,tangled_rope,tangled_rope,True
parallel_adjudication_structure,analytical,0.712364,0.0005603020735377129,0.0006419423271360475,0.034533533623628515,0.0002981338288574984,0.005131152369363234,tangled_rope,tangled_rope,True
parmenidean_ontological_barrier,powerless,0.413016,2.2514567516297464e-06,1.520420587263894e-06,0.0018919177185703713,8.948380970082332e-07,2.691689383534716e-06,tangled_rope,tangled_rope,True
parmenidean_ontological_barrier,moderate,0.420467,3.1915307032948902e-06,2.075479271428971e-06,0.0022081541855349263,1.2189861029038588e-06,3.3930559729555384e-06,tangled_rope,tangled_rope,True
parmenidean_ontological_barrier,institutional,-0.016056,0.04880035140252593,0.4300210204009593,0.43716114435673864,0.04758754536359816,0.0476330304860858,tangled_rope,tangled_rope,True
parmenidean_ontological_barrier,analytical,0.520574,3.468884798393774e-05,7.993459939571954e-05,0.008376522209091648,1.7541505437824946e-05,2.8525080257413293e-05,tangled_rope,tangled_rope,True
partition_reading,powerless,0.630393,0.004103688584536835,0.0042175311930379615,0.09121420951590839,0.0020796474932910252,0.041594382669900565,tangled_rope,tangled_rope,True
partition_reading,moderate,0.641765,0.0023352490781952213,0.002387158588464344,0.06871596110018503,0.0011803547061019464,0.03111695781054913,tangled_rope,tangled_rope,True
partition_reading,institutional,-0.042575,5.742140478088579,0.32715236401517894,1.1046377393738969,0.2973796250062122,0.2748919997976607,tangled_rope,tangled_rope,True
partition_reading,analytical,0.79456,0.7503187247129987,0.28457006249745526,0.9272370591325353,0.21111960931956147,0.26703052803806754,tangled_rope,tangled_rope,True
performance_only,powerless,0.739082,0.14007709681007402,0.10271365567552548,0.48695498797381775,0.05898901221577636,0.1519192360888511,tangled_rope,tangled_rope,True
performance_only,moderate,0.752415,0.2206465752466286,0.14489767228755848,0.5916187593443325,0.08686697995244329,0.17251024537240314,tangled_rope,tangled_rope,True
performance_only,institutional,-0.028731,4.446402182378322,0.3040906754231298,1.0461091761896006,0.26740526141927373,0.2700342530530615,tangled_rope,tangled_rope,True
performance_only,analytical,0.931553,2.8138305931488965,0.8030339885607367,1.3250461180674744,0.42311442269811095,0.4211268796379888,tangled_rope,tangled_rope,True
phonetic_script_mismatch,powerless,0.3016,6.589546483837712,0.8063291247863531,1.6752226591393933,0.6615207460685479,0.5535204329113504,snare,tangled_rope,False
phonetic_script_mismatch,moderate,0.641765,0.002796565685686304,0.0027770085365861697,0.07465581677862772,0.0013932109616014668,0.03690543720957673,snare,snare,True
phonetic_script_mismatch,institutional,-0.057309,12.057232120170445,0.8068718603432098,1.6780630937433707,0.6636326706391236,0.5534925703897797,snare,tangled_rope,False
phonetic_script_mismatch,analytical,0.79456,1.360034410579728,0.6837323510506613,1.3589995761989002,0.4442256975751619,0.528218723924169,snare,tangled_rope,False
political_swap_reading,powerless,0.3016,5.899764718691337,0.6778419515110182,1.552834953359402,0.5731430291054695,0.4922428545128691,tangled_rope,tangled_rope,True
political_swap_reading,moderate,0.641765,0.0028407690904481224,0.002837596103154292,0.07535490497469874,0.0014194224974680956,0.037659141715333244,tangled_rope,snare,False
political_swap_reading,institutional,-0.024506,10.643665581270643,0.7258103900110661,1.5599128305906609,0.578111620874363,0.49224437973363144,tangled_rope,tangled_rope,True
political_swap_reading,analytical,0.79456,1.245668934761804,0.5807790070334439,1.272309351448748,0.3912275354834926,0.47235885213275175,tangled_rope,tangled_rope,True
polycentric_petrification,powerless,0.36032,3.4409916472791644,0.6154692572477183,1.4687407447383365,0.5154943469316595,0.4601770084521595,tangled_rope,tangled_rope,True
polycentric_petrification,moderate,0.641765,0.0028462337985089054,0.0028538874033126505,0.07549855511593524,0.0014248387435464472,0.03764490489809935,tangled_rope,tangled_rope,True
polycentric_petrification,institutional,-0.024506,9.907305935047818,0.6185757529713232,1.4914508557354804,0.5308082212774893,0.46022019180150764,tangled_rope,tangled_rope,True
polycentric_petrification,analytical,0.79456,1.1817697568975631,0.5328546133740218,1.2265345858418533,0.36445615914394525,0.4427149722499527,tangled_rope,tangled_rope,True
positional_notation_dependency,powerless,0.38041,7.628813878583043e-06,4.7729147575040275e-06,0.0034472761364588243,2.97092745488718e-06,8.32114953787657e-06,tangled_rope,tangled_rope,True
positional_notation_dependency,moderate,0.387272,1.0700805238872855e-05,6.039978725656132e-06,0.003962346501157827,3.925046164962746e-06,9.055244151083328e-06,tangled_rope,tangled_rope,True
positional_notation_dependency,institutional,-0.014788,0.05792547348764573,0.42714281322444875,0.4728286741612871,0.05563189942001923,0.05636548351912363,tangled_rope,tangled_rope,True
positional_notation_dependency,analytical,0.479476,7.073445574788042e-05,3.519525656554094e-05,0.007633962724742774,1.4569329031944098e-05,1.0823697030945628e-05,tangled_rope,tangled_rope,True
power_asymmetry_in_legibility,powerless,0.3536,1.312137746282376,0.18087064846558007,0.8283897635049006,0.16911872113296608,0.1657138405809434,tangled_rope,tangled_rope,True
power_asymmetry_in_legibility,moderate,0.752415,0.15821747014054724,0.09524006999804237,0.49127831511037384,0.06003580977150771,0.13569295311795562,tangled_rope,tangled_rope,True
power_asymmetry_in_legibility,institutional,-0.028731,3.3616572155379134,0.1814565884302338,0.8383953483343086,0.17316839373511522,0.16574722356175176,tangled_rope,tangled_rope,True
power_asymmetry_in_legibility,analytical,0.931553,1.8932015960862585,0.1872306791675921,0.8408125890424145,0.17415361177072572,0.16544270875576084,tangled_rope,tangled_rope,True
pragmatic_incoherence_reading,powerless,0.630393,0.0049506971892706204,0.004915831277577482,0.09932983470510028,0.0024660970460396586,0.04933965816393793,snare,snare,True
pragmatic_incoherence_reading,moderate,0.641765,0.0028369828263239446,0.0028253597461086384,0.07524776780649658,0.0014153896644604348,0.03736733012694443,snare,snare,True
pragmatic_incoherence_reading,institutional,0.260901,8.267225517439604,0.7528463656334877,1.6282878354563206,0.6270177299283088,0.5289976013209009,snare,tangled_rope,False
pragmatic_incoherence_reading,analytical,0.79456,1.3172151179124079,0.6430746434393195,1.3256311445975542,0.42347434470998063,0.5059634843645942,snare,tangled_rope,False
precautionary_reading,powerless,0.2704,4.145684541127336,0.35634330398545094,1.1576664472758564,0.3257969964417775,0.2995393402891323,tangled_rope,tangled_rope,True
precautionary_reading,moderate,0.575376,0.13357946883828736,0.14095733079063377,0.5237913561010018,0.06819819987948478,0.25598033521439484,tangled_rope,snare,False
precautionary_reading,institutional,-0.021971,6.292561811089394,0.428848904269513,1.1708129831032803,0.3330248947397711,0.2995394673196751,tangled_rope,tangled_rope,True
precautionary_reading,analytical,0.712364,0.004157196663962719,0.004254932430609397,0.09171015461425319,0.002102319699223377,0.042788673288363666,tangled_rope,tangled_rope,True
prohibition_reading,powerless,0.3536,2.92115095562434,0.47098755588430197,1.303256743241065,0.4098054496579972,0.37599778674417994,tangled_rope,tangled_rope,True
prohibition_reading,moderate,0.752415,0.31922951864301713,0.22336620058525408,0.727544195673398,0.13087728868824092,0.29075936118500123,tangled_rope,tangled_rope,True
prohibition_reading,institutional,-0.028731,7.997155305199877,0.47401705095719043,1.3205446068805833,0.42034950323459247,0.3760604608686826,tangled_rope,tangled_rope,True
prohibition_reading,analytical,0.931553,4.235700820011256,0.4719956657522718,1.3174722577392417,0.4184669979502622,0.37605825362998374,tangled_rope,tangled_rope,True
proportionality_reading,powerless,0.413016,2.6889094704837332e-05,1.826498400168454e-05,0.006604332591649263,1.0904292336535704e-05,4.658940042023829e-05,tangled_rope,tangled_rope,True
proportionality_reading,moderate,0.420467,3.801194935911911e-05,2.3927556273900884e-05,0.007673744241935967,1.4721569611922896e-05,5.251168341646739e-05,tangled_rope,tangled_rope,True
proportionality_reading,institutional,0.006599,0.33805603624876657,2.4380572756996015,1.1187570405981344,0.30482986237809995,0.2872472086119793,tangled_rope,tangled_rope,True
proportionality_reading,analytical,0.520574,0.00026505750008487886,0.00012905089941573502,0.016289991461436993,6.634058869368731e-05,7.098102161717801e-05,tangled_rope,tangled_rope,True
public_health_primary,powerless,0.3016,5.352673462051894,0.5914239915574235,1.458117750432263,0.5083966404260674,0.44452455951532643,tangled_rope,tangled_rope,True
public_health_primary,moderate,0.641765,0.002820975867589042,0.0028310334738932087,0.07517928300504113,0.0014128147798134832,0.03747443233483522,tangled_rope,tangled_rope,True
public_health_primary,institutional,-0.024506,9.620887073287244,1.792507920794709,1.5942604988755802,0.6024750585686827,0.44452581762938864,tangled_rope,tangled_rope,True
public_health_primary,analytical,0.79456,1.1475077597920575,0.50763329870936,1.2022227308206588,0.3505848375497641,0.428054877930486,tangled_rope,tangled_rope,True
punctuated_swap_reading,powerless,0.413016,0.0003608019842501906,0.00023767257817507338,0.02400153626755698,0.00014401670736679018,0.0005792307099370397,tangled_rope,tangled_rope,True
punctuated_swap_reading,moderate,0.420467,0.0005081433773320328,0.00030732426953603584,0.027771106388005503,0.00019280548959414422,0.0006505311508011591,tangled_rope,tangled_rope,True
punctuated_swap_reading,institutional,-0.016056,2.0009274908670815,6.435822981858235,2.3452414907356474,1.2245254112666193,0.8649307903250394,tangled_rope,rope,False
punctuated_swap_reading,analytical,0.520574,0.0033404465897564897,0.000860972412555218,0.05284791996981436,0.0006981850356402204,0.000985690344688317,tangled_rope,tangled_rope,True
pure_property,powerless,0.739082,0.2312334080778382,0.1976014022133491,0.6532322621432021,0.10573311157070352,0.3026338575105353,tangled_rope,tangled_rope,True
pure_property,moderate,0.752415,0.3813350781186774,0.29567781963883905,0.8174457791602109,0.1647417142250522,0.3627982115833681,tangled_rope,tangled_rope,True
pure_property,institutional,-0.028731,10.684825805833588,0.7236420953490587,1.5623772276212202,0.5798457832230495,0.4940601065442718,tangled_rope,tangled_rope,True
pure_property,analytical,0.931553,5.502924451937234,0.6812912642110733,1.5551344000932397,0.5747552586251601,0.4940565296283083,tangled_rope,tangled_rope,True
qualified_sovereignty,powerless,0.36032,3.6622000365122274,0.6763703449290013,1.5313120372933684,0.5581442298852018,0.4921006445280835,tangled_rope,tangled_rope,True
qualified_sovereignty,moderate,0.641765,0.0028407690904481224,0.002837596103154292,0.07535490497469874,0.0014194224974680956,0.037659141715333244,tangled_rope,snare,False
qualified_sovereignty,institutional,-0.024506,10.643665581270643,0.7258103900110661,1.5599128305906609,0.578111620874363,0.49224437973363144,tangled_rope,tangled_rope,True
qualified_sovereignty,analytical,0.79456,1.245668934761804,0.5807790070334439,1.272309351448748,0.3912275354834926,0.47235885213275175,tangled_rope,tangled_rope,True
rational_dropout_reading,powerless,0.56518,8.881736871475886e-06,1.2020472144871116e-05,0.004532063597731085,5.134897916234391e-06,2.388924575791318e-05,tangled_rope,tangled_rope,True
rational_dropout_reading,moderate,0.575376,1.2341730017740302e-05,1.7430073533520297e-05,0.005394548296801988,7.2752834206988115e-06,2.970592527529181e-05,tangled_rope,tangled_rope,True
rational_dropout_reading,institutional,-0.021971,0.062292093971279175,1.0356505379619654,0.4959555071874124,0.06117849607283617,0.06022449991132495,tangled_rope,tangled_rope,True
rational_dropout_reading,analytical,0.712364,1.2042872604336904e-05,1.901753830494171e-05,0.0054599140274064345,7.452660667873944e-06,2.4279260177895168e-05,tangled_rope,tangled_rope,True
reachability_contraction_vs_probability_drop,powerless,0.2704,4.394709827155184,0.3825705890319709,1.197253892856005,0.3477797579231328,0.317901588254203,tangled_rope,tangled_rope,True
reachability_contraction_vs_probability_drop,moderate,0.575376,0.13603483039272066,0.1414651188704957,0.5266775034354928,0.06894746940336825,0.25874489382207844,tangled_rope,snare,False
reachability_contraction_vs_probability_drop,institutional,-0.021971,6.694293983006711,0.3834985225184222,1.1981180548067776,0.3482668749251492,0.3178798360164764,tangled_rope,tangled_rope,True
reachability_contraction_vs_probability_drop,analytical,0.712364,0.004342520109474034,0.004465965799986948,0.09382053790003154,0.0022001698189794586,0.044124114405611925,tangled_rope,tangled_rope,True
real_catastrophe_only,powerless,0.3536,4.787632727059117,4.019975762295453,2.714083139982084,1.5757386200079901,0.976218717682554,snare,tangled_rope,False
real_catastrophe_only,moderate,0.752415,0.056277102805628004,0.09749499455994182,0.3811220624830575,0.0362037503267573,0.08238960597260125,snare,snare,True
real_catastrophe_only,institutional,-0.049915,22.556003865634253,4.510656192587598,2.8865375888636384,1.745635711614994,0.9832632834159181,snare,tangled_rope,False
real_catastrophe_only,analytical,0.931553,8.22022505429573,4.09118501712471,2.852993006673874,1.7124008689497372,0.983048656874276,snare,tangled_rope,False
reconstruction_reading,powerless,0.56518,0.013855254024710734,0.01844883978794608,0.17835520495213084,0.00794737580037544,0.03449698027300363,tangled_rope,tangled_rope,True
reconstruction_reading,moderate,0.575376,0.01906330026698851,0.026385672233909706,0.21108212610460655,0.011128580207732898,0.04238968507061169,tangled_rope,tangled_rope,True
reconstruction_reading,institutional,-0.021971,0.4335077313598998,0.053913514022593756,0.32068470059718923,0.025654634224543456,0.02359468770560891,tangled_rope,tangled_rope,True
reconstruction_reading,analytical,0.712364,0.0005603020735377129,0.0006419423271360475,0.034533533623628515,0.0002981338288574984,0.005131152369363234,tangled_rope,tangled_rope,True
regulatory_recognition_reading,powerless,0.3016,6.7550945153531785,0.8404845411160536,1.7052192200802063,0.6839592960812049,0.5684156847609122,snare,tangled_rope,False
regulatory_recognition_reading,moderate,0.641765,0.00276711004236156,0.002743066013285254,0.07423000581207985,0.0013773653170737698,0.036543507599983927,snare,snare,True
regulatory_recognition_reading,institutional,-0.042575,12.409293132408207,0.9519718476753197,1.7175099652624857,0.6932390211747034,0.568417756847323,snare,tangled_rope,False
regulatory_recognition_reading,analytical,0.79456,1.3847674409735848,0.7093861302963417,1.379017241139599,0.45688259369539225,0.5415933871793027,snare,tangled_rope,False
relational_autonomy,powerless,0.423455,0.05786476526152474,0.029744107819519743,0.2833808298973032,0.020042608428203948,0.04324832629076181,tangled_rope,tangled_rope,True
relational_autonomy,moderate,0.383273,0.0005078765414921564,0.00048392583608375975,0.03148581980453931,0.0002478340935436303,0.006533285726336269,tangled_rope,tangled_rope,True
relational_autonomy,institutional,-0.016056,6.342853266956114,3.1707037123357873,2.6543435019341404,1.517556509101567,0.9482141702872814,tangled_rope,rope,False
relational_autonomy,analytical,0.50456,0.2668181531041371,0.056550233135860356,0.43120845449818923,0.0463053889148508,0.051398327404745814,tangled_rope,tangled_rope,True
remedial_reading,powerless,0.630393,0.004307029216164641,0.004409854205092999,0.09335936401108026,0.0021785970734391857,0.043635070118842545,tangled_rope,tangled_rope,True
remedial_reading,moderate,0.641765,0.002439253531382212,0.0024844192416943233,0.0701666502102968,0.001230713458416063,0.032653790692796336,tangled_rope,tangled_rope,True
remedial_reading,institutional,-0.024506,6.32812169484257,0.4307035685214424,1.1714487052462506,0.33337623973577024,0.30120808693421797,tangled_rope,tangled_rope,True
remedial_reading,analytical,0.79456,0.81524547667174,0.3148529624478393,0.9725250972068321,0.23182873309375054,0.29226777091047756,tangled_rope,tangled_rope,True
republican_reading,powerless,0.46803,3.1854346205003064e-05,1.3376030390873978e-05,0.006262187677905894,9.803740619010065e-06,1.649909587519982e-05,tangled_rope,tangled_rope,True
republican_reading,moderate,0.464727,2.862023980939827e-05,1.2716052340686354e-05,0.006040912145687245,9.123147952369576e-06,1.62508790146898e-05,tangled_rope,tangled_rope,True
republican_reading,institutional,-0.017746,1.4443398781648717,7.838494981961538,2.119084238443402,1.0214570691868203,0.7641345876111415,tangled_rope,rope,False
republican_reading,analytical,0.575371,0.00015699863364145226,1.8469623548003432e-05,0.008428991775480248,1.776194929702799e-05,1.715063959994989e-05,tangled_rope,tangled_rope,True
responsibility_misassignment,powerless,0.200584,7.090861592443673e-05,7.58376795074575e-05,0.012108571585759212,3.66542645001022e-05,0.0007323830699870193,rope,rope,True
responsibility_misassignment,moderate,0.181551,3.013155237978403e-07,3.0268399259627057e-07,0.0007771724959074318,1.509992701686702e-07,4.482647290726671e-05,rope,rope,True
responsibility_misassignment,institutional,-0.007605,0.0001969170652863794,0.0002136839147199234,0.020210470384986072,0.00010211490932923743,0.001248793095525095,rope,rope,True
responsibility_misassignment,analytical,0.246588,0.0014687823420038485,0.0019273979313428292,0.057863183781156194,0.0008369786250389949,0.004152148266296174,rope,rope,True
retributive_desert,powerless,0.630393,0.004984026428727937,0.004972624220428384,0.0997829566701421,0.0024886433270004194,0.049841235420006846,tangled_rope,snare,False
retributive_desert,moderate,0.641765,0.0028407690904481224,0.002837596103154292,0.07535490497469874,0.0014194224974680956,0.037659141715333244,tangled_rope,snare,False
retributive_desert,institutional,-0.024506,10.643665581270643,0.7258103900110661,1.5599128305906609,0.578111620874363,0.49224437973363144,tangled_rope,tangled_rope,True
retributive_desert,analytical,0.79456,1.245668934761804,0.5807790070334439,1.272309351448748,0.3912275354834926,0.47235885213275175,tangled_rope,tangled_rope,True
retributive_reading,powerless,0.3536,3.946238315031442,0.7292900348235088,1.5847537547481014,0.5956901871621578,0.5182431787114434,snare,tangled_rope,False
retributive_reading,moderate,0.610379,0.02714604764235027,0.026507307948908588,0.23161912137093726,0.013396871226182647,0.11420827044716286,snare,snare,True
retributive_reading,institutional,-0.028731,11.243730883500247,0.7365090664930873,1.6079984700058363,0.6123354602165039,0.5183723400002229,snare,tangled_rope,False
retributive_reading,analytical,0.931553,5.758038196929181,0.7306030213666331,1.603601267514429,0.6091722300150522,0.5183683977852754,snare,tangled_rope,False
revolutionary_legitimacy_scaffold,powerless,0.56518,0.10516772267963233,0.1083313345914061,0.46200641097076756,0.05312560643529803,0.22792401309524457,tangled_rope,snare,False
revolutionary_legitimacy_scaffold,moderate,0.575376,0.13836146003218827,0.14143982964803178,0.5289088910149369,0.06952951393595419,0.2608893848918893,tangled_rope,snare,False
revolutionary_legitimacy_scaffold,institutional,-0.021971,7.186326928100403,0.4206848988326321,1.2456658428452447,0.37554166791016924,0.3399192018097662,tangled_rope,tangled_rope,True
revolutionary_legitimacy_scaffold,analytical,0.712364,0.004421311485996794,0.004502320578625013,0.09446134656129324,0.002230321847266182,0.045385194762997294,tangled_rope,tangled_rope,True
rupture_reading,powerless,0.3016,8.82017573885774,4.370004606088311,2.8940707370174543,1.753109472600212,0.9872206123995951,snare,tangled_rope,False
rupture_reading,moderate,0.641765,0.00013771175860485176,0.0001315771141096129,0.016406031352112032,6.72890888599132e-05,0.0017444755305171273,snare,snare,True
rupture_reading,institutional,-0.024506,22.666696765464707,4.425772431885658,2.916884448141772,1.775764261501595,0.9873437830563486,snare,tangled_rope,False
rupture_reading,analytical,0.79456,0.4241746587678449,1.0322505900758991,1.1141563581980523,0.3023929535623649,0.37223080078491577,snare,snare,True
sanctity_reading,powerless,0.630393,0.004890229932793,0.004839847484251992,0.09864012586319612,0.002431975572261022,0.04869129566559699,snare,snare,True
sanctity_reading,moderate,0.641765,0.002796565685686304,0.0027770085365861697,0.07465581677862772,0.0013932109616014668,0.03690543720957673,snare,snare,True
sanctity_reading,institutional,-0.024506,12.057225323415327,0.8067301342671966,1.678051242856046,0.6636238536454998,0.5535049414282266,snare,tangled_rope,False
sanctity_reading,analytical,0.79456,1.360034410579728,0.6837323510506613,1.3589995761989002,0.4442256975751619,0.528218723924169,snare,tangled_rope,False
sartorial_commitment_override,powerless,0.3016,6.9141267337296215,0.8743918232529558,1.7343767931666594,0.7060540289049252,0.5828964288321086,snare,tangled_rope,False
sartorial_commitment_override,moderate,0.584996,0.0003051941911699957,0.00030428697314294304,0.02468765178955196,0.00015236810301140288,0.01214626109651401,snare,snare,True
sartorial_commitment_override,institutional,-0.024506,12.741920254223029,0.8752739162474699,1.7374059752510094,0.7083653026504452,0.5828736537383951,snare,tangled_rope,False
sartorial_commitment_override,analytical,0.79456,1.4087029533420599,0.7363690580959176,1.3989021161650583,0.46960857975696235,0.55447629759132,snare,tangled_rope,False
security_occupation_tradeoff,powerless,0.488303,0.3118023110348718,0.21961967046118896,0.7203463507249701,0.1283283911468738,0.28874471575763816,tangled_rope,tangled_rope,True
security_occupation_tradeoff,moderate,0.752415,0.31922951864301713,0.22336620058525408,0.727544195673398,0.13087728868824092,0.29075936118500123,tangled_rope,tangled_rope,True
security_occupation_tradeoff,institutional,0.074884,7.997063820040196,0.4721912756138239,1.3203588589672626,0.4202355849181518,0.3760604608686826,tangled_rope,tangled_rope,True
security_occupation_tradeoff,analytical,0.931553,4.235700820011256,0.4719956657522718,1.3174722577392417,0.4184669979502622,0.37605825362998374,tangled_rope,tangled_rope,True
self_determination_reading,powerless,0.3016,5.899764718691337,0.6778419515110182,1.552834953359402,0.5731430291054695,0.4922428545128691,tangled_rope,tangled_rope,True
self_determination_reading,moderate,0.641765,0.0028407690904481224,0.002837596103154292,0.07535490497469874,0.0014194224974680956,0.037659141715333244,tangled_rope,snare,False
self_determination_reading,institutional,-0.024506,10.643665581270643,0.7258103900110661,1.5599128305906609,0.578111620874363,0.49224437973363144,tangled_rope,tangled_rope,True
self_determination_reading,analytical,0.79456,1.245668934761804,0.5807790070334439,1.272309351448748,0.3912275354834926,0.47235885213275175,tangled_rope,tangled_rope,True
sex_biology_reading,powerless,0.2704,4.693080565520574,0.4154128808552903,1.244120196126803,0.3746405179018012,0.3399190488039845,tangled_rope,tangled_rope,True
sex_biology_reading,moderate,0.575376,0.13836146003218827,0.14143982964803178,0.5289088910149369,0.06952951393595419,0.2608893848918893,tangled_rope,snare,False
sex_biology_reading,institutional,-0.021971,7.186326928100403,0.4206848988326321,1.2456658428452447,0.37554166791016924,0.3399192018097662,tangled_rope,tangled_rope,True
sex_biology_reading,analytical,0.712364,0.004421311485996794,0.004502320578625013,0.09446134656129324,0.002230321847266182,0.045385194762997294,tangled_rope,tangled_rope,True
simulation_as_proxy,powerless,0.56518,0.012635213873187523,0.016859218731079515,0.17040336162792524,0.007254935991029179,0.03151802906022971,tangled_rope,tangled_rope,True
simulation_as_proxy,moderate,0.575376,0.017393079418119742,0.024135193718045147,0.20174065833253432,0.010166198979162678,0.038759248729633655,tangled_rope,tangled_rope,True
simulation_as_proxy,institutional,-0.021971,0.39144525844137107,0.04716378683411477,0.304999653336241,0.023211161166458525,0.02141892792246099,tangled_rope,tangled_rope,True
simulation_as_proxy,analytical,0.712364,0.0006865157532395407,0.0008659854963702378,0.03905529361697533,0.0003813168723812505,0.004984511209052522,tangled_rope,tangled_rope,True
simulation_as_sufficient,powerless,0.3016,3.351836737503123,0.3215562994960687,1.102374917294329,0.29619349663768857,0.27503074057877697,tangled_rope,tangled_rope,True
simulation_as_sufficient,moderate,0.641765,0.0023352490781952213,0.002387158588464344,0.06871596110018503,0.0011803547061019464,0.03111695781054913,tangled_rope,tangled_rope,True
simulation_as_sufficient,institutional,0.023865,5.742091509243748,0.3264164022038901,1.104546886647683,0.2973319597249394,0.2748919997976607,tangled_rope,tangled_rope,True
simulation_as_sufficient,analytical,0.79456,0.7503187247129987,0.28457006249745526,0.9272370591325353,0.21111960931956147,0.26703052803806754,tangled_rope,tangled_rope,True
sound_money_scarcity_constraint,powerless,0.630393,3.3583993336050953e-05,3.6075940497529224e-05,0.008342033606001435,1.7397355948488423e-05,0.0003337813920029076,tangled_rope,tangled_rope,True
sound_money_scarcity_constraint,moderate,0.641765,2.191718220848294e-05,2.3581644438706504e-05,0.006740744736400247,1.1359399147779723e-05,0.00025554398754212837,tangled_rope,tangled_rope,True
sound_money_scarcity_constraint,institutional,-0.024506,0.03709847268290161,0.26417189340531905,0.25532761015055055,0.01627592361998383,0.014705400764893555,tangled_rope,tangled_rope,True
sound_money_scarcity_constraint,analytical,0.79456,0.004254587044968994,0.0014992562382349838,0.06711727905242634,0.0011260766002725107,0.0014022097467879992,tangled_rope,tangled_rope,True
sound_money_stability_paradox,powerless,0.3016,3.351836737503123,0.3215562994960687,1.102374917294329,0.29619349663768857,0.27503074057877697,tangled_rope,tangled_rope,True
sound_money_stability_paradox,moderate,0.641765,0.0023352490781952213,0.002387158588464344,0.06871596110018503,0.0011803547061019464,0.03111695781054913,tangled_rope,tangled_rope,True
sound_money_stability_paradox,institutional,-0.042575,5.742140478088579,0.32715236401517894,1.1046377393738969,0.2973796250062122,0.2748919997976607,tangled_rope,tangled_rope,True
sound_money_stability_paradox,analytical,0.79456,0.7503187247129987,0.28457006249745526,0.9272370591325353,0.21111960931956147,0.26703052803806754,tangled_rope,tangled_rope,True
sovereignty_primary,powerless,0.3016,6.932442828186038,0.8783568537885861,1.7377253487873956,0.7086091582405732,0.5845408835146667,snare,tangled_rope,False
sovereignty_primary,moderate,0.641765,0.00273491861764135,0.0027068476779790163,0.0737675866813672,0.0013602599909563603,0.03608946862284579,snare,snare,True
sovereignty_primary,institutional,0.169004,12.780830844151021,0.8785619846884076,1.7407006749609943,0.7108825308008359,0.5845430971971052,snare,tangled_rope,False
sovereignty_primary,analytical,0.79456,1.4108776171512338,0.7387678278386629,1.4008188474772434,0.47084326965308504,0.5559397417712987,snare,tangled_rope,False
sovereignty_reading,powerless,0.630393,0.004984026428727937,0.004972624220428384,0.0997829566701421,0.0024886433270004194,0.049841235420006846,tangled_rope,snare,False
sovereignty_reading,moderate,0.641765,0.0028407690904481224,0.002837596103154292,0.07535490497469874,0.0014194224974680956,0.037659141715333244,tangled_rope,snare,False
sovereignty_reading,institutional,-0.024506,10.643665581270643,0.7258103900110661,1.5599128305906609,0.578111620874363,0.49224437973363144,tangled_rope,tangled_rope,True
sovereignty_reading,analytical,0.79456,1.245668934761804,0.5807790070334439,1.272309351448748,0.3912275354834926,0.47235885213275175,tangled_rope,tangled_rope,True
spatial_access_conflict,powerless,0.630393,0.004984026428727937,0.004972624220428384,0.0997829566701421,0.0024886433270004194,0.049841235420006846,tangled_rope,snare,False
spatial_access_conflict,moderate,0.641765,0.0028407690904481224,0.002837596103154292,0.07535490497469874,0.0014194224974680956,0.037659141715333244,tangled_rope,snare,False
spatial_access_conflict,institutional,0.063872,10.642088105170407,0.692638396633381,1.5567836275963578,0.5759127550433876,0.49224437973363144,tangled_rope,tangled_rope,True
spatial_access_conflict,analytical,0.79456,1.245668934761804,0.5807790070334439,1.272309351448748,0.3912275354834926,0.47235885213275175,tangled_rope,tangled_rope,True
speculative_narrative_volatility,powerless,0.3016,5.533004171233401,0.6167205173381165,1.4889353788435304,0.5291026204290009,0.4603215512486739,tangled_rope,tangled_rope,True
speculative_narrative_volatility,moderate,0.547191,0.02981589153766718,0.028850118786491883,0.2421853991422266,0.014645532601129775,0.11836759329022095,tangled_rope,tangled_rope,True
speculative_narrative_volatility,institutional,-0.042575,9.90730803144771,0.6185743830078857,1.4914522143694304,0.5308091431176011,0.46022019180150764,tangled_rope,tangled_rope,True
speculative_narrative_volatility,analytical,0.79456,1.1817697568975631,0.5328546133740218,1.2265345858418533,0.36445615914394525,0.4427149722499527,tangled_rope,tangled_rope,True
speculative_price_volatility_trap,powerless,0.3016,3.351836737503123,0.3215562994960687,1.102374917294329,0.29619349663768857,0.27503074057877697,tangled_rope,tangled_rope,True
speculative_price_volatility_trap,moderate,0.641765,0.0023352490781952213,0.002387158588464344,0.06871596110018503,0.0011803547061019464,0.03111695781054913,tangled_rope,tangled_rope,True
speculative_price_volatility_trap,institutional,0.662133,0.00010214108469782773,0.00011272809687457273,0.014629958245712157,5.3508680968005214e-05,0.0047107706641448255,tangled_rope,tangled_rope,True
speculative_price_volatility_trap,analytical,0.79456,0.7503187247129987,0.28457006249745526,0.9272370591325353,0.21111960931956147,0.26703052803806754,tangled_rope,tangled_rope,True
spontaneous_order_reading,powerless,0.413016,0.0008898934664664729,0.0016861088986572105,0.04884341568457546,0.0005963901714739353,0.0013170970173308483,tangled_rope,tangled_rope,True
spontaneous_order_reading,moderate,0.420467,0.0015615332304476368,0.003341560099971533,0.0663132483266759,0.001099261013249241,0.0020755757721335755,tangled_rope,tangled_rope,True
spontaneous_order_reading,institutional,0.406235,0.000489325519047273,0.0008235122718538986,0.035322524297242676,0.00031191207291675544,0.0008341144606129891,tangled_rope,tangled_rope,True
spontaneous_order_reading,analytical,0.520574,0.11627089053979986,0.5924569515998128,0.6507720377652554,0.10494520681568605,0.11098431522014496,tangled_rope,tangled_rope,True
standing_army_structural_threat,powerless,0.630393,0.004103688584536835,0.0042175311930379615,0.09121420951590839,0.0020796474932910252,0.041594382669900565,tangled_rope,tangled_rope,True
standing_army_structural_threat,moderate,0.641765,0.0023352490781952213,0.002387158588464344,0.06871596110018503,0.0011803547061019464,0.03111695781054913,tangled_rope,tangled_rope,True
standing_army_structural_threat,institutional,-0.024506,5.742142009528014,0.32724225382400385,1.104644880132989,0.29738337150711797,0.2748919997976607,tangled_rope,tangled_rope,True
standing_army_structural_threat,analytical,0.79456,0.7503187247129987,0.28457006249745526,0.9272370591325353,0.21111960931956147,0.26703052803806754,tangled_rope,tangled_rope,True
state_modernization_extraction,powerless,0.496034,0.3932616486220588,0.3248618271645573,0.8441385812665544,0.17551357775564475,0.3895021964241985,snare,tangled_rope,False
state_modernization_extraction,moderate,0.641765,0.002796565685686304,0.0027770085365861697,0.07465581677862772,0.0013932109616014668,0.03690543720957673,snare,snare,True
state_modernization_extraction,institutional,-0.024506,12.057225323415327,0.8067301342671966,1.678051242856046,0.6636238536454998,0.5535049414282266,snare,tangled_rope,False
state_modernization_extraction,analytical,0.79456,1.360034410579728,0.6837323510506613,1.3589995761989002,0.4442256975751619,0.528218723924169,snare,tangled_rope,False
state_role_time_collapse,powerless,0.09084,2.3418417843707017e-05,2.3149680753376397e-05,0.006823997024785812,1.164172255445492e-05,0.0012512408227555172,mountain,mountain,True
state_role_time_collapse,moderate,0.079998,8.728376379952481e-13,8.725785186832618e-13,1.3210868990005198e-06,4.3635559464098803e-13,2.443383486649964e-07,mountain,mountain,True
state_role_time_collapse,institutional,-0.00955,0.0034854569802833745,0.003962854678396151,0.08617009605883154,0.0018560342207150646,0.017638478989423723,mountain,mountain,True
state_role_time_collapse,analytical,0.110402,0.00015552186006141967,0.00015091386242907734,0.017503820977878934,7.659544829635732e-05,0.0031659487660944396,mountain,mountain,True
structural_contraction_reading,powerless,0.766846,0.002723964102741989,0.006031853037050391,0.08813106329040987,0.0019414568932673592,0.0035234330780182788,snare,snare,True
structural_contraction_reading,moderate,0.752415,0.001268034397873304,0.00237617321238646,0.058151883466875096,0.0008453508294710161,0.0018921036801768931,snare,snare,True
structural_contraction_reading,institutional,-0.054575,23.015328374200315,8.66646806545053,3.106854009051974,1.9652631021722085,0.9996698475244404,snare,tangled_rope,False
structural_contraction_reading,analytical,0.931553,4.906301655668988,8.371447350858407,2.9365503750468145,1.7953167184236336,0.9923032883199501,snare,tangled_rope,False
study_as_archiving,powerless,0.56518,0.10507526258046883,0.10832040294648104,0.4618925029905392,0.053099529882861395,0.22781373111173636,tangled_rope,snare,False
study_as_archiving,moderate,0.575376,0.13825581505372064,0.14145757710701357,0.5288238267193459,0.06950728134521433,0.2608075380888983,tangled_rope,snare,False
study_as_archiving,institutional,-0.030475,7.160261858160974,0.4165376967307318,1.242851252350375,0.37390141811531674,0.3387613667827905,tangled_rope,tangled_rope,True
study_as_archiving,analytical,0.712364,0.004418163168495604,0.004501749947110402,0.09443995278687914,0.0022293118948227384,0.04532463055254976,tangled_rope,tangled_rope,True
study_as_exercise,powerless,0.0,0.0,0.0,0.0,0.0,0.0,rope,rope,True
study_as_exercise,moderate,0.0,0.0,0.0,0.0,0.0,0.0,rope,rope,True
study_as_exercise,institutional,-0.0,0.0,0.0,0.0,0.0,0.0,rope,rope,True
study_as_exercise,analytical,0.0,0.0,0.0,0.0,0.0,0.0,rope,rope,True
study_as_occupation,powerless,0.133723,8.543072054835137e-07,8.652822203424591e-07,0.001311308524930272,4.2988249656034605e-07,4.5692243148209855e-05,rope,rope,True
study_as_occupation,moderate,0.121034,2.677841153395521e-09,2.6798080882350117e-09,7.3195959913311e-05,1.3394121331686857e-09,2.5257182965088276e-06,rope,rope,True
study_as_occupation,institutional,-0.00507,0.00027059876454133545,0.00033067272733491794,0.024428475927200707,0.0001491857542955511,0.0009931152971028767,rope,rope,True
study_as_occupation,analytical,0.164392,2.447699710176899e-05,2.6136486745155583e-05,0.007111353617187895,1.264282424718506e-05,0.00025824337186963753,rope,rope,True
subsidy_capture_reading,powerless,0.3016,3.9149022009681667,0.388731039583837,1.205244467323664,0.3522956908829816,0.32207140966491815,tangled_rope,tangled_rope,True
subsidy_capture_reading,moderate,0.641765,0.002524965496273497,0.002566208919273432,0.0713507025135735,0.00127259570607147,0.03376414579334086,tangled_rope,tangled_rope,True
subsidy_capture_reading,institutional,-0.042575,6.788712387913984,0.4098954963329105,1.2093898761882511,0.3546488659989969,0.3220721570687924,tangled_rope,tangled_rope,True
subsidy_capture_reading,analytical,0.79456,0.8665250108964868,0.3407619004584371,1.0082029529798784,0.24878233311288733,0.31222741097979084,tangled_rope,tangled_rope,True
substitution_archive,powerless,0.56518,0.012635213873187523,0.016859218731079515,0.17040336162792524,0.007254935991029179,0.03151802906022971,tangled_rope,tangled_rope,True
substitution_archive,moderate,0.575376,0.017393079418119742,0.024135193718045147,0.20174065833253432,0.010166198979162678,0.038759248729633655,tangled_rope,tangled_rope,True
substitution_archive,institutional,-0.021971,0.39144525844137107,0.04716378683411477,0.304999653336241,0.023211161166458525,0.02141892792246099,tangled_rope,tangled_rope,True
substitution_archive,analytical,0.712364,0.0006865157532395407,0.0008659854963702378,0.03905529361697533,0.0003813168723812505,0.004984511209052522,tangled_rope,tangled_rope,True
supply_cap_scarcity,powerless,0.3016,3.351836737503123,0.3215562994960687,1.102374917294329,0.29619349663768857,0.27503074057877697,tangled_rope,tangled_rope,True
supply_cap_scarcity,moderate,0.641765,0.0023352490781952213,0.002387158588464344,0.06871596110018503,0.0011803547061019464,0.03111695781054913,tangled_rope,tangled_rope,True
supply_cap_scarcity,institutional,-0.024506,5.742142009528014,0.32724225382400385,1.104644880132989,0.29738337150711797,0.2748919997976607,tangled_rope,tangled_rope,True
supply_cap_scarcity,analytical,0.79456,0.7503187247129987,0.28457006249745526,0.9272370591325353,0.21111960931956147,0.26703052803806754,tangled_rope,tangled_rope,True
survival_competence_reading,powerless,0.413016,0.0003608019842501906,0.00023767257817507338,0.02400153626755698,0.00014401670736679018,0.0005792307099370397,tangled_rope,tangled_rope,True
survival_competence_reading,moderate,0.420467,0.0005081433773320328,0.00030732426953603584,0.027771106388005503,0.00019280548959414422,0.0006505311508011591,tangled_rope,tangled_rope,True
survival_competence_reading,institutional,-0.016056,2.0009274908670815,6.435822981858235,2.3452414907356474,1.2245254112666193,0.8649307903250394,tangled_rope,rope,False
survival_competence_reading,analytical,0.520574,0.0033404465897564897,0.000860972412555218,0.05284791996981436,0.0006981850356402204,0.000985690344688317,tangled_rope,tangled_rope,True
swap_henrician_substitution,powerless,0.3016,5.533004171233401,0.6167205173381165,1.4889353788435304,0.5291026204290009,0.4603215512486739,tangled_rope,tangled_rope,True
swap_henrician_substitution,moderate,0.641765,0.0028462337985089054,0.0028538874033126505,0.07549855511593524,0.0014248387435464472,0.03764490489809935,tangled_rope,tangled_rope,True
swap_henrician_substitution,institutional,0.715104,0.11606844307908146,0.10486587542099751,0.4695277547196903,0.05486141255624223,0.22103681235494554,tangled_rope,tangled_rope,True
swap_henrician_substitution,analytical,0.79456,1.1817697568975631,0.5328546133740218,1.2265345858418533,0.36445615914394525,0.4427149722499527,tangled_rope,tangled_rope,True
temporal_boundary_constraint,powerless,0.630393,4.0096831374262745e-05,4.3658895632162396e-05,0.009144999685164705,2.090771838246119e-05,0.0003549672910109214,tangled_rope,tangled_rope,True
temporal_boundary_constraint,moderate,0.641765,3.5830841491257034e-05,3.999374320365588e-05,0.008695848411925862,1.8904415119275835e-05,0.00030377503233747216,tangled_rope,tangled_rope,True
temporal_boundary_constraint,institutional,-0.063593,0.030588071785644242,0.19184071367830122,0.22157998656520914,0.012261872626458274,0.010854709061121832,tangled_rope,tangled_rope,True
temporal_boundary_constraint,analytical,0.79456,0.004163436062630692,0.0020483848970792636,0.07100824924154986,0.0012604104566249024,0.0012367921413253748,tangled_rope,tangled_rope,True
temporal_decay_pressure,powerless,0.630393,0.004654397647915881,0.0045705141354472,0.09604341866703281,0.002305641432541457,0.04617825710515577,snare,snare,True
temporal_decay_pressure,moderate,0.641765,0.002663207551381154,0.0026283875087384817,0.07274216429587042,0.0013227097941266074,0.03509371033190245,snare,snare,True
temporal_decay_pressure,institutional,0.010072,13.454827343180368,0.9540868874967937,1.799689571998574,0.7565369118280744,0.6133071297274773,snare,tangled_rope,False
temporal_decay_pressure,analytical,0.79456,1.4539818870107366,0.793258583987512,1.4389756369618134,0.495713289682951,0.5811807992083865,snare,tangled_rope,False
temporal_kernel_drift,powerless,0.3016,6.31426913082145,0.7527990836430313,1.6260327896398699,0.6253788731239852,0.5289824825130383,snare,tangled_rope,False
temporal_kernel_drift,moderate,0.641765,0.0028369828263239446,0.0028253597461086384,0.07524776780649658,0.0014153896644604348,0.03736733012694443,snare,snare,True
temporal_kernel_drift,institutional,-0.024506,11.486540620841566,0.7531043857610609,1.628765203185035,0.6273648813321443,0.5290155559264154,snare,tangled_rope,False
temporal_kernel_drift,analytical,0.79456,1.3172151179124079,0.6430746434393195,1.3256311445975542,0.42347434470998063,0.5059634843645942,snare,tangled_rope,False
textualist_reading,powerless,0.56518,0.013855254024710734,0.01844883978794608,0.17835520495213084,0.00794737580037544,0.03449698027300363,tangled_rope,tangled_rope,True
textualist_reading,moderate,0.575376,0.01906330026698851,0.026385672233909706,0.21108212610460655,0.011128580207732898,0.04238968507061169,tangled_rope,tangled_rope,True
textualist_reading,institutional,-0.007558,0.4334726042828111,0.05337459743520812,0.32046506651146217,0.025619580191713093,0.02359468770560891,tangled_rope,tangled_rope,True
textualist_reading,analytical,0.712364,0.0005603020735377129,0.0006419423271360475,0.034533533623628515,0.0002981338288574984,0.005131152369363234,tangled_rope,tangled_rope,True
theological_climb_reading,powerless,0.200584,0.0005104617140324922,0.0005438141663798319,0.03245718149096267,0.0002633613774467702,0.005284660753930082,rope,rope,True
theological_climb_reading,moderate,0.181551,2.175087818981564e-06,2.1844224270060994e-06,0.002087940349615483,1.0898736269254095e-06,0.00032496467098142023,rope,rope,True
theological_climb_reading,institutional,-0.007605,0.001394168558409738,0.001523742824732277,0.05392595445993869,0.0007269580978283856,0.009004516755833334,rope,rope,True
theological_climb_reading,analytical,0.246588,0.01042648174533935,0.013403884376289824,0.153444860641076,0.005883444472743222,0.02928512817451545,rope,rope,True
transmission_as_conceptual_import,powerless,0.56518,0.012635213873187523,0.016859218731079515,0.17040336162792524,0.007254935991029179,0.03151802906022971,tangled_rope,tangled_rope,True
transmission_as_conceptual_import,moderate,0.575376,0.017393079418119742,0.024135193718045147,0.20174065833253432,0.010166198979162678,0.038759248729633655,tangled_rope,tangled_rope,True
transmission_as_conceptual_import,institutional,-0.021971,0.39144525844137107,0.04716378683411477,0.304999653336241,0.023211161166458525,0.02141892792246099,tangled_rope,tangled_rope,True
transmission_as_conceptual_import,analytical,0.712364,0.0006865157532395407,0.0008659854963702378,0.03905529361697533,0.0003813168723812505,0.004984511209052522,tangled_rope,tangled_rope,True
transmission_bypass,powerless,0.554311,0.05644508051193961,0.07237755221353714,0.3568311947085839,0.03174777457505818,0.12358423716789446,tangled_rope,tangled_rope,True
transmission_bypass,moderate,0.564311,0.07877999005285725,0.10399097340282643,0.4244092771619822,0.04486208093281904,0.15168853802717852,tangled_rope,tangled_rope,True
transmission_bypass,institutional,0.148607,1.6670745007244572,0.08972689810087282,0.5921382656180366,0.08701848793261584,0.08508144978226972,tangled_rope,tangled_rope,True
transmission_bypass,analytical,0.698665,0.030583116707294834,0.037318222849784304,0.25960206094393073,0.016824665337234087,0.08548229757439796,tangled_rope,tangled_rope,True
unified_manifestation_reading,powerless,0.413016,4.096773620561836e-06,6.818994506069756e-06,0.0031879184738769824,2.5407055108360024e-06,7.506518485911329e-06,tangled_rope,tangled_rope,True
unified_manifestation_reading,moderate,0.420467,6.933250461652491e-06,1.3169331803076597e-05,0.004258349024837367,4.5333823918611715e-06,1.1097197016307625e-05,tangled_rope,tangled_rope,True
unified_manifestation_reading,institutional,-0.016056,0.01402900603312307,0.12580711170296285,0.2350017067188223,0.013790573009119622,0.013910586994948293,tangled_rope,tangled_rope,True
unified_manifestation_reading,analytical,0.520574,0.00046658551150843147,0.0024915253338444166,0.04138614235251728,0.0004281879150924159,0.0004802153699637879,tangled_rope,tangled_rope,True
universality_paradox_reading,powerless,0.413016,4.2250299329675945e-06,6.734347793592017e-06,0.0032060865382503765,2.569747172373907e-06,1.3448843289687318e-05,tangled_rope,tangled_rope,True
universality_paradox_reading,moderate,0.420467,7.079658886514482e-06,1.2808370318036988e-05,0.004255278187580162,4.526846405726119e-06,1.8427739832849177e-05,tangled_rope,tangled_rope,True
universality_paradox_reading,institutional,0.420467,7.079658886514482e-06,1.2808370318036988e-05,0.004255278187580162,4.526846405726119e-06,1.8427739832849177e-05,tangled_rope,tangled_rope,True
universality_paradox_reading,analytical,0.520574,0.0004376254119657156,0.0022767238616058926,0.03982451936592118,0.0003964849849605601,0.00047890841487752134,tangled_rope,tangled_rope,True
viability_reading,powerless,0.630393,0.0049821316352032345,0.004985378984086884,0.09983739739081685,0.002491359068389836,0.04989538779302238,tangled_rope,snare,False
viability_reading,moderate,0.641765,0.0028376609485105202,0.0028407858159820716,0.0753554284531588,0.0014194422162050226,0.03765931707705572,tangled_rope,snare,False
viability_reading,institutional,-0.024506,10.139452703987502,0.7392109292315824,1.5217089479749766,0.5515058385048992,0.47014168218858654,tangled_rope,tangled_rope,True
viability_reading,analytical,0.79456,1.2011283213869033,0.5462532323623068,1.2401718823578005,0.37234296237938047,0.4519106325384239,tangled_rope,tangled_rope,True
vulnerability_protection_reading,powerless,0.521705,0.10123449952640103,0.1359345159758725,0.48299923109694254,0.05803915952761715,0.17820352569431375,tangled_rope,tangled_rope,True
vulnerability_protection_reading,moderate,0.531116,0.1488915560976997,0.2062106753449011,0.5898851868290949,0.08636233774704637,0.22664330372146335,tangled_rope,tangled_rope,True
vulnerability_protection_reading,institutional,0.287549,0.9695907597207872,0.09114688935825498,0.5978288914903207,0.088686541234534,0.08711267341597714,tangled_rope,tangled_rope,True
vulnerability_protection_reading,analytical,0.657567,0.4339060063242858,0.6242876466493475,1.0147121444256344,0.2519356777294157,0.4344506252436609,tangled_rope,snare,False
welfare_reading,powerless,0.56518,0.014203484413212338,0.01890108046742749,0.18055730291130329,0.008144700884871467,0.035348257169571906,tangled_rope,tangled_rope,True
welfare_reading,moderate,0.403807,0.09482714971081925,0.023449523133663074,0.28561873611208544,0.020359877803809896,0.024053497240246413,tangled_rope,tangled_rope,True
welfare_reading,institutional,-0.021971,0.44565495963938767,0.05647973523080876,0.3253181704887748,0.026399694052741337,0.02421830976070616,tangled_rope,tangled_rope,True
welfare_reading,analytical,0.712364,0.0005452328571660687,0.0006113966030031301,0.03390823725260115,0.0002874352532122392,0.005210427038369936,tangled_rope,tangled_rope,True
welfare_regulated_use,powerless,0.630393,0.00426310836580798,0.00436876443916642,0.09290261327020308,0.002157335934980988,0.0431902062713404,tangled_rope,tangled_rope,True
welfare_regulated_use,moderate,0.641765,0.0024181765255711545,0.0024652347076667197,0.06987874524489335,0.0012206355764378908,0.032321107551818606,tangled_rope,tangled_rope,True
welfare_regulated_use,institutional,-0.042575,6.188033216319513,0.35643349272963354,1.1493027982621906,0.3212363345860264,0.2950691776300775,tangled_rope,tangled_rope,True
welfare_regulated_use,analytical,0.79456,0.8003176346124604,0.30785679992270576,0.9622136774405982,0.2270334710263761,0.28638887706832605,tangled_rope,tangled_rope,True
