
====================================================
   STRUCTURAL ANALYSIS STACK INITIALIZED             
====================================================
Control:    Scenario Manager Active
Usage:      run_scenario('file.pl', interval_id).
====================================================
NCORP	testsets_flash	960
FAM	preparedness_transmission__husk_reading	1014
FAM	electronic_money_emergence__m4_m5_collapse_reading	1015
FAM	jewish_self_determination__diasporist_reading	1016
FAM	jurisprudential_method_kernel__hanafi_reading	1107
FAM	equal_protection_clause__remedial_reading	1108
FAM	human_dignity_ai_governance__techno_optimist_reading	30007
FAM	dharmasastra_corpus__abolitionist_rejection	30007
FAM	animal_status__abolitionist_reading	30007
FAM	state_execution_authority__abolition_reading	30007
FAM	statutory_debt_ceiling__constitutional_nullity_reading	40009
FAM	article_27_veto_power__sovereignty_reading	40009
FAM	price_formation_kernel__naturalist_reading	40009
FAM	animal_moral_status__property_reading	40009
FAM	catastrophe_proxy_sufficiency__catastrophe_necessity_reading	40009
FAM	animal_status_kernel__abolitionist_reading	40009
FAM	simultaneous_veneration__pragmatic_incoherence_reading	40009
FAM	temple_sacrifice_obligation__study_as_archiving	40009
FAM	sacrifice_obligation_continuity__performance_only	40009
FAM	vaccine_mandate_legitimacy__bodily_autonomy_primacy_reading	40009
FAM	westphalian_sovereignty__absolute_sovereignty	60013
FAM	dignified_death__autonomy_primary	60013
FAM	equal_protection_commitment__remedial_reading	60013
FAM	marriage_commitment_legitimacy__hybrid_pragmatic_reading	60013
FAM	unsc_242_withdrawal_clause__partial_withdrawal_reading	60013
FAM	church_turing_thesis__physical_claim_reading	60013
FAM	magna_carta_constraint_authority__parliamentary_sovereignty_reading	60013
FAM	kjv_text_1611__revisable_translation_reading	70015
FAM	turkish_graphemic_substrate__gradual_transition_reading	70015
FAM	total_war_reachability_boundary__contingent_reachability_reading	70015
FAM	preparedness_transmission__hybrid_reading	70015
FAM	flexible_employment_legitimacy__market_efficiency_reading	70015
FAM	vedic_dharmic_corpus__bhakti_devotional_reading	70015
FAM	classical_latin_standard__continuity_reading	70015
FAM	zero_as_number_entry__hybrid_scaffolding_reading	70015
FAM	commerce_clause_text__originalist_narrow_reading	70015
FAM	honor_settlement_legitimacy__composite_reading	70015
FAM	reformation_event_boundary__composite_overdetermination_reading	70015
FAM	shinbutsu_ontological_substrate__syncretic_fusion_reading	70015
FAM	monopoly_rulebook__extraction_demo_reading	70015
FAM	sacrifice_obligation_kernel__performance_only_reading	70015
FAM	competence_occupation__real_incident_necessity	70015
FAM	vaccine_mandate_balance__bodily_autonomy_primary	70015
FAM	tsunami_stone_commitment__commemorative_husk_reading	70015
FAM	biblical_source_text__dynamic_equivalence_reading	70015
FAM	all_men_created_equal__textualist_paradox_reading	70015
FAM	sacrifice_commandment__archive_maintenance	70015
FAM	catastrophe_memory_survival__competence_transmission_reading	70015
FAM	human_dignity_ai_governance__magisterial_integralist_reading	70015
FAM	ai_risk_governance_priority__bridge_reading	70015
FAM	bitcoin_consensus_kernel__utility_reading	70015
FAM	basic_law_interpretive_boundary__balanced_contestation_reading	110023
FAM	federation_membership_treaty__subsidiarity_balance	110023
FAM	ost_article_ii_non_appropriation__international_regime	110023
FAM	honor_satisfaction_mechanism__decline_reading	110023
FAM	second_amendment_boundary__militia_conditioned_reading	110023
FAM	treaty_authority_cession__rangatiratanga_retention_reading	110023
FAM	speech_protection_kernel__democratic_participation_reading	110023
FAM	magna_carta_1215__universal_rights_reading	110023
FAM	notability_guidelines__deletionist_reading	110023
FAM	dignity_kernel__imago_dei_reading	110023
FAM	catastrophe_proxy_sufficiency__simulation_as_proxy_catastrophe_reading	110023
FAM	nafta_jurisdictional_boundary__sovereignty_primacy_reading	110023
FAM	magna_carta_1215__baronial_privilege_reading	220045
FAM	ip_category_emergence__first_holding_reading	220045
FAM	total_war_reachability_boundary__dropping_reading	220045
FAM	eternal_marriage_covenant__temporal_accommodation_reading	220045
FAM	geneva_conventions_1949__humanitarian_ceiling_reading	220045
FAM	provincial_sovereignty_boundary__constitutional_subordination	220045
FAM	jcpoa_treaty_bindingness__binding_multilateral_reading	220045
FAM	gpl_reciprocity_obligation__copyleft_as_freedom_reading	220045
FAM	church_turing_thesis__epistemological_boundary_reading	220045
FAM	us_constitution_text__positivist_reading	220045
FAM	commerce_clause_text__substantial_effects_limited_reading	220045
FAM	wto_treaty_framework__developmental_reading	220045
FAM	exercise_as_competence_maintenance__simulation_sufficiency_reading	220045
FAM	vatican_ii_magisterial_authority__continuity_reading	220045
FAM	performance_legitimacy__livelihood_security_reading	220045
FAM	article_9_war_renunciation__inherent_right_reading	220045
FAM	human_dignity_ai_safeguarding__autonomy_rights_reading	220045
FAM	refugee_convention_text__procedural_integrity_reading	220045
FAM	equality_clause_scope__progressive_textualist	220045
FAM	jewish_self_determination__liberal_nationalist_reading	220045
FAM	trips_agreement_interpretive_kernel__public_health_flexibility_reading	220045
FAM	gpl_derivative_work_trigger__broad_copyleft_reading	220045
FAM	marriage_authority_kernel__parsi_communal_reading	220045
FAM	competence_exercise_requirement__hybrid_dependency	240049
FAM	ai_human_relationship__instrumental_subsidiarity	240049
FAM	competence_exercise_requirement__simulation_as_adequate_exercise	240049
FAM	equal_protection_commitment__diversity_reading	240049
FAM	competence_retention_exercise__near_miss_as_bridge	240049
FAM	dual_class_legitimacy__founder_stewardship	240049
FAM	magna_carta_clause_39__originalist_limitation_reading	240049
FAM	end_of_life_authority__autonomy_reading	240049
FAM	dignity_kernel__autonomy_rights_reading	240049
FAM	human_dignity_ai_governance__secular_humanist_reading	240049
FAM	software_control_legitimacy__commons_reading	240049
FAM	substance_control_kernel__legalization_reading	240049
FAM	common_law_precedent_corpus__evolutionary_framework	240049
FAM	legal_personhood_boundary__restrictive_anthropocentric_reading	240049
FAM	substance_control_legitimacy__legalization_reading	240049
FAM	constitutional_text_authority__living_constitutionalist_reading	240049
FAM	end_of_life_decision_authority__autonomy_reading	240049
FAM	state_commitment_installation_mechanism__endogenous_climb_reading	240049
FAM	usul_al_fiqh_method__maliki_reading	240049
FAM	us_constitution_text__living_constitutionalist_reading	240049
FAM	substance_control_authority__legalization_reading	240049
FAM	speech_protection_kernel__marketplace_reading	240049
FAM	tcp_ip_interpretation__neutrality_reading	240049
FAM	eu_council_unanimity__sovereignty_guarantor_reading	240049
FAM	rome_statute_jurisdiction__sovereigntist_reading	240049
FAM	beta_designation_doctrine__severity_carve_out_reading	370075
FAM	digital_money_emergence_boundary__infrastructure_reading	370075
FAM	hebrew_living_language__liturgical_continuity_reading	370075
FAM	quantum_formalism__copenhagen_reading	370075
FAM	sacrifice_commandment__study_as_performance	370075
FAM	sacrifice_obligation_continuity__archival_preservation	370075
FAM	honor_satisfaction_mechanism__contraction_reading	370075
FAM	temple_sacrifice_commitment__study_as_exercise	370075
FAM	sacrifice_obligation_kernel__symbolic_archive_reading	370075
FAM	total_war_winnability_post1945__structural_contraction_reading	370075
FAM	electronic_money_emergence__first_held_reading	370075
FAM	temple_sacrifice_obligation__study_as_occupation	370075
FAM	equal_protection_clause__colorblind_reading	370075
FAM	hebrew_vitality__hybrid_continuity_reading	370075
FAM	temple_sacrifice_obligation__messianic_suspension	370075
FAM	tsunami_stone_commitment__catastrophe_validation_axis	370075
FAM	digital_money_emergence_boundary__conceptualization_reading	370075
FAM	electronic_money_emergence__became_thinkable_reading	370075
FAM	zero_as_number_entry__universal_discovery_reading	370075
FAM	zero_mathematical_status__number_reading	370075
FAM	honor_satisfaction_substrate__cultural_contraction_reading	370075
FAM	animal_status__property_reading	370075
FAM	ip_category_emergence__thinkability_reading	370075
FAM	press_reformation_causation__technological_determinism	370075
FAM	reformation_composite__technological_mediation_reading	370075
FAM	press_reformation_causality__technological_determinism	370075
FAM	technology_reformation_causality__technological_determinism_reading	370075
FAM	market_as_natural_default__lapsed_alternative_reading	370075
FAM	war_winnability_post_1945__deterrence_unthinkable	370075
FAM	genesis_creation_cosmology__literary_framework	370075
FAM	shinbutsu_ontological_commitment__partition_reading	370075
FAM	honor_violence_legitimacy__contraction_reading	370075
FAM	quran_9_5_scope__progressive_synthesis	370075
FAM	kodashim_obligation__study_as_performance	370075
FAM	ai_dignity_safeguarding__posthuman_continuity_reading	370075
FAM	orthographic_legitimacy_kernel__continuity_reading	370075
FAM	ai_human_relationship__incarnational_humanism	370075
FAM	sacrifice_obligation_kernel__messianic_suspension_reading	370075
FAM	hebrew_living_language__literary_revival_reading	400081
FAM	total_war_reachability_boundary__contraction_reading	400081
FAM	quantum_formalism__many_worlds_reading	400081
FAM	hebrew_vitality__liturgical_reading	400081
FAM	kodashim_commandment_status__study_as_performance	400081
FAM	herem_command_dt7__allegorical_displacement_reading	400081
FAM	church_turing_thesis__mathematical_definition_reading	400081
FAM	state_killing_authority__categorical_abolition	400081
FAM	sacrifice_obligation_kernel__study_as_exercise_reading	400081
FAM	simultaneous_veneration__domain_partition_reading	400081
FAM	human_dignity_ai_safeguarding__posthumanist_reading	400081
FAM	qwerty_persistence_inevitability__path_dependency_reading	400081
FAM	latin_correctness__continuity_reading	400081
FAM	market_naturalization__lapsed_alternative_reading	400081
FAM	preparedness_persistence__competence_reading	400081
FAM	genesis_creation_narrative__allegorical_ancient_near_east	400081
FAM	rfc9293_tcp_specification__strict_invariance_reading	400081
FAM	quran_ontological_status__uncreated_reading	400081
FAM	humane_treatment_standard__absolute_prohibition	400081
FAM	transition_causality__overdetermined_collapse_reading	400081
FAM	imposition_mechanism_kernel__endogenous_climb_reading	400081
FAM	second_amendment_text__originalist_civic_virtue_reading	400081
FAM	statute_of_anne_ip_foundation__conceptual_emergence_reading	400081
FAM	total_war_possibility_space__space_contraction_reading	400081
FAM	nuclear_impossibility_kernel__structural_contraction_reading	400081
FAM	nuclear_impossibility_kernel__rational_dropout_reading	400081
FAM	honor_settlement_legitimacy__contraction_reading	400081
FAM	lycurgan_laws__sacral_fidelity_reading	400081
FAM	vedic_corpus_social_prescription__reformist_spiritual_reading	400081
FAM	article_27_veto_power__coordination_reading	400081
FAM	jihad_quranic_corpus__defensive_spiritual_reading	400081
FAM	reformation_event_boundary__theological_climb_reading	400081
FAM	ai_governance_legitimacy__market_libertarian_reading	400081
FAM	montevideo_statehood_criteria__declaratory_reading	400081
FAM	digital_money_emergence_boundary__consumer_holdings_reading	400081
FAM	anthropological_record__indigenous_epistemology_reading	400081
FAM	kami_buddha_ontology__honji_suijaku_monism	400081
FAM	monetary_anchor_principle__triffin_inevitability_reading	400081
FAM	rogers_commission_findings__engineering_absolute_threshold	400081
FAM	aneyoshi_stone_directive__behavioral_competence_reading	400081
FAM	temple_sacrifice_commitment__performance_only	400081
FAM	fisa_702_statutory_text__constitutional_floor_reading	520105
FAM	structural_adjustment_conditionalities__creditor_coordination_reading	520105
FAM	gelassenheit_separation__consequence_reading	520105
FAM	commerce_clause_scope__narrow_originalist	520105
FAM	tenure_contract__academic_freedom_reading	520105
FAM	hagia_sophia_substrate__orthodox_restitution_reading	520105
FAM	preparedness_retention__competence_reading	520105
FAM	income_support_commitment__freedom_floor_reading	520105
FAM	tsunami_stone_commitment__behavioral_competence_reading	520105
FAM	fifth_republic_constitution__parliamentary_constraint_reading	520105
FAM	unconditional_income_support__freedom_floor_reading	520105
FAM	fair_use_four_factor_test__user_centric_reading	520105
FAM	fair_use_statutory_exception__transformative_right_reading	520105
FAM	licensing_statute_mandate__public_safety_coordination	520105
FAM	dual_class_legitimacy__disclosure_consent	520105
FAM	eu_council_unanimity__diplomatic_capital_reading	520105
FAM	article17_erasure_right__privacy_fundamental_reading	520105
FAM	maat_order_principle__distributed_maintenance_reading	520105
FAM	total_war_possibility_space__nuclear_taboo_reading	520105
FAM	lausanne_minority_protections__expansive_reading	520105
FAM	one_country_two_systems_framework__autonomy_primacy_reading	520105
FAM	magna_carta_constraint_authority__living_constitutionalism_reading	520105
FAM	separation_of_powers_text__functionalist_reading	520105
FAM	constitutional_text_authority__positivist_reading	520105
FAM	shinbutsu_coexistence_commitment__syncretic_fusion_reading	520105
FAM	constitutional_authority_boundary__parliamentary_primacy_reading	520105
FAM	beta_designation_doctrine__narrow_warning_reading	520105
FAM	family_law_authority__secular_contractual_reading	520105
FAM	lycurgan_laws__adaptive_fiction_reading	520105
FAM	manifesto_revolutionary_method__council_communist_reading	520105
FAM	plural_marriage_mandate__endogenous_reinterpretation_reading	520105
FAM	vatican_ii_doctrinal_authority__continuity_reading	520105
FAM	paris_article_4_ndc__sovereigntist_reading	520105
FAM	total_war_winnability_post1945__normative_reading_drop	520105
FAM	equality_clause_scope__expansive_universalist	520105
FAM	hoa_covenant_scope__coordination_reading	520105
FAM	vatican_ii_authority__continuity_reading	520105
FAM	marriage_commitment_legitimacy__endogenous_reinterpretation_reading	520105
FAM	woman_category__intersex_accommodation_reading	520105
FAM	marriage_authority__federalist_millet_reading	520105
FAM	catastrophe_avoidance_retention__hybrid_near_miss_learning	520105
FAM	second_amendment_arms_right__collective_right_reading	520105
FAM	constitutional_secularism__strict_neutrality_reading	520105
FAM	preparedness_commitment__competence_reading	520105
FAM	combatant_status_definition__functional_protection_reading	520105
FAM	feudal_oath_reciprocity__vassal_coordination_reading	520105
FAM	income_support_conditionality__freedom_floor_reading	520105
FAM	fisa_702_statutory_text__foreign_target_strict_reading	520105
FAM	preparedness_transmission__competence_reading	520105
FAM	competence_exercise_validity__continuous_refresh_hybrid	520105
FAM	feud_obligation_kernel__stateless_coordination_reading	520105
FAM	honor_satisfaction_substrate__practice_decline_reading	520105
FAM	magna_carta_clause_39__feudal_prerogative_reading	520105
FAM	equality_clause_scope__restrictive_originalist	820165
FAM	turkish_graphemic_substrate__ottoman_continuity_reading	820165
FAM	commerce_clause_text__expansive_federal_reading	820165
FAM	competence_exercise_validity__real_catastrophe_only	820165
FAM	correct_latin__discontinuity_reading	820165
FAM	unclos_maritime_sovereignty__hybrid_effective_control_reading	820165
FAM	naskh_principle__classical_abrogation	820165
FAM	secession_legitimacy_boundary__popular_sovereignty_reading	820165
FAM	climate_response_legitimacy__degrowth_transformation	820165
FAM	first_amendment_speech_protection__categorical_balancing_reading	820165
FAM	magna_carta_constraint_authority__feudal_obsolescence_reading	820165
FAM	constitutional_interpretive_authority__judicial_supremacy_reading	820165
FAM	federation_membership_kernel__welfare_coordination_reading	820165
FAM	reading_acquisition_legitimacy__structured_literacy_remediation	820165
FAM	article_9_war_renunciation__collective_self_defense_reading	820165
FAM	climate_response_action__adaptation_priority	820165
FAM	end_of_life_authority__sanctity_reading	820165
FAM	genesis_creation_narrative__literal_young_earth	820165
FAM	script_as_identity__kemalist_rupture_reading	820165
FAM	family_law_authority__hindu_dharmashastra_reading	820165
FAM	state_killing_authority__deterrence_instrument	820165
FAM	caa_section_111d_delegation__facility_constraint_reading	820165
FAM	bitcoin_whitepaper__digital_gold_reading	820165
FAM	federation_membership_treaty__integration_primary	820165
FAM	caa_section_111d_delegation__systemic_transformation_reading	820165
FAM	software_source_status__property_rights_reading	820165
FAM	federation_membership_kernel__integration_reading	820165
FAM	hebrew_living_language__native_generation_reading	820165
FAM	legitimate_health_intervention__bodily_autonomy_primary	820165
FAM	homoousios_nicene__metaphysical_equality_reading	820165
FAM	bitcoin_whitepaper__protocol_ossification_reading	820165
FAM	ecb_mandate_article_127__orthodox_price_stability	820165
FAM	second_amendment_boundary__insurrectionist_reading	820165
FAM	war_powers_allocation__inherent_executive_reading	820165
FAM	genesis_creation_cosmology__young_earth_literal	820165
FAM	imperial_mandate__loyalist_restoration_reading	820165
FAM	performance_legitimacy__qualitative_development_reading	820165
FAM	rfc9293_tcp_specification__middlebox_realism_reading	820165
FAM	usul_al_fiqh_method__shafii_reading	820165
FAM	geneva_conventions_protective_scope__hybrid_proportionality_reading	820165
FAM	provincial_sovereignty_boundary__resource_sovereignty_primacy	820165
FAM	state_commitment_installation_mechanism__exogenous_imposition_reading	820165
FAM	unclos_sovereignty_boundary__historical_rights_reading	820165
FAM	usul_al_fiqh_method__hanbali_reading	820165
FAM	rome_statute_jurisdiction__universalist_reading	820165
FAM	second_amendment_boundary__individual_right_reading	820165
FAM	human_dignity_ai_safeguarding__imago_dei_reading	820165
FAM	common_article_3_scope__expansive_human_rights_reading	820165
FAM	july_charter_sovereign_legitimacy__secular_democratic_reading	820165
FAM	reading_acquisition_mechanism__whole_language_reading	820165
FAM	qwerty_persistence__incumbent_preservation_reading	820165
FAM	ai_alignment_commitment__integrated_reading	820165
FAM	article_17_complementarity__international_oversight_reading	820165
FAM	climate_mitigation_imperative__systems_transition_reading	820165
FAM	climate_mitigation_legitimacy__renewable_primacy_reading	820165
FAM	climate_response_imperative__degrowth_reading	820165
FAM	price_formation_kernel__georgist_reading	820165
FAM	sex_gender_category__biology_reading	820165
FAM	shinbutsu_ontological_commitment__syncretic_reading	820165
FAM	speech_protection_kernel__harm_threshold_reading	820165
FAM	woman_female_category__gender_identity_reading	820165
FAM	ai_risk_governance_priority__near_term_harms_reading	820165
FAM	ai_safety_commitment__near_term_harms_reading	820165
FAM	constitutional_secularism__principled_intervention_reading	820165
FAM	federation_membership__integration_reading	820165
FAM	federation_membership_kernel__member_sovereignty_reading	820165
FAM	federation_membership_obligations__integration_primary	820165
FAM	jurisprudential_method_kernel__shafii_reading	820165
FAM	literacy_acquisition_kernel__whole_language_reading	820165
FAM	naskh_principle__progressive_restriction	820165
FAM	statute_of_anne_ip_foundation__institutional_reallocation_reading	820165
FAM	competence_exercise_requirement__catastrophe_as_necessary_anchor	820165
FAM	imperial_mandate__bakufu_delegation_reading	820165
FAM	vatican_ii_authority__composite_overdetermination_reading	820165
FAM	marriage_authority_kernel__christian_canonical_reading	820165
FAM	biblical_divine_nature__unitarian_reading	820165
FAM	decalogue_image_prohibition__iconoclast_reading	820165
FAM	us_constitution_interpretive__originalist_reading	820165
FAM	dignity_kernel__posthumanist_reading	820165
FAM	technology_legitimacy_kernel__precautionary_reading	820165
FAM	acceptable_risk_energy__expected_value_dominant	820165
FAM	market_naturalization__hybrid_reading	820165
FAM	technology_legitimacy_kernel__reliability_primacy_reading	820165
FAM	speech_harm_boundary__absolutist_reading	820165
FAM	ai_governance_legitimacy__magisterial_subsidiarity_reading	820165
FAM	first_amendment_speech_protection__absolutist_reading	820165
FAM	irc_469_material_participation_kernel__strategic_shelter_reading	820165
FAM	aneyoshi_land_use_prohibition__commemorative_husk_reading	820165
FAM	aneyoshi_stone_commitment__commemorative_husk_reading	820165
FAM	stone_land_use_rule__commemorative_husk	820165
FAM	aneyoshi_stone_directive__commemorative_husk_reading	820165
FAM	kodashim_commandment_status__performance_only	820165
FAM	preparedness_retention__husk_reading	820165
FAM	constitutional_authority_boundary__coordinate_construction_reading	820165
FAM	flexible_employment_legitimacy__developmental_state_reading	820165
FAM	sovereign_legitimacy__constitutional_hybrid_reading	820165
FAM	ai_dignity_safeguarding__autonomy_rights_reading	820165
FAM	second_amendment_arms_right__civic_republican_reading	820165
FAM	unconditional_income_support__universality_paradox_reading	820165
FAM	gpl_copyleft_scope__enforcement_vacuum_reading	820165
FAM	gpl_copyleft_scope__narrow_scope_reading	820165
FAM	animal_moral_status__welfare_reading	820165
FAM	dignified_death__relational_autonomy	820165
FAM	catastrophe_memory_preservation__hybrid_atrophy_reading	820165
FAM	preparedness_persistence__hybrid_reading	820165
FAM	constitutional_text__popular_sovereignty_reading	820165
FAM	acceptable_risk_for_energy__comparative_risk_dominant	820165
FAM	constitutional_text__legislative_sovereignty_reading	820165
FAM	human_dignity_ai_governance__pluralist_pragmatic_reading	820165
FAM	udhr_authority__customary_emergence_reading	820165
FAM	latin_correctness__hybrid_reading	820165
FAM	marriage_sacrament__civic_pastoral_reading	820165
FAM	jewish_sovereignty_palestine__liberal_nationalist_reading	820165
FAM	speech_harm_boundary__harm_balancing_reading	820165
FAM	npt_treaty_1970__withdrawal_sovereignty_reading	820165
FAM	sovereign_legitimacy__republican_reading	820165
FAM	historical_treaty_substrate__nation_to_nation_reading	820165
FAM	homoousios_nicene__honorific_similarity_reading	820165
FAM	vaccine_mandate_balance__proportionality_reading	820165
FAM	us_constitution_meaning__living_constitutionalist_reading	820165
FAM	correct_latin_kernel__hybrid_reading	820165
FAM	us_constitution_interpretive__popular_constitutionalism_reading	820165
FAM	equal_protection_kernel__remedial_reading	820165
FAM	gdpr_article_3_scope__market_access_reading	820165
FAM	manifesto_revolutionary_method__democratic_gradualism_reading	820165
FAM	correct_latin__hybrid_reading	820165
FAM	supermajority_threshold__adaptive_gradient_reading	820165
FAM	liability_attribution__shared_liability	820165
FAM	second_amendment_scope__civic_right_reading	820165
FAM	abrahamic_covenant__ishmael_covenant_reading	820165
FAM	provincial_sovereignty_boundary__compact_federalism	820165
FAM	nafta_jurisdictional_boundary__embedded_liberalism_reading	820165
FAM	npt_treaty_text__nnws_reading	820165
FAM	climate_mitigation_imperative__portfolio_optimization_reading	820165
FAM	speech_protection_boundary__balancing_reading	820165
FAM	legitimate_health_intervention__proportionality_reading	820165
FAM	marriage_authority_kernel__secular_civil_reading	820165
FAM	nicene_christological_kernel__homoiousios_reading	820165
FAM	quran_hadith_substrate__reformist_ijtihad	820165
FAM	quranic_gender_verses__contextual_egalitarian	820165
FAM	speech_protection_kernel__dignity_reading	820165
FAM	legitimate_knowledge_boundary__hybrid_coproduction_reading	820165
FAM	one_country_two_systems_framework__balanced_coexistence_reading	820165
FAM	vedic_dharmic_corpus__reformist_egalitarian_reading	820165
FAM	temple_sacrifice_commitment__hybrid_preparatory	820165
FAM	vatican_ii_doctrinal_authority__composite_overdetermination_reading	820165
FAM	preparedness_commitment__hybrid_reading	820165
FAM	rbio_practice_norm_complex__liberal_institutional_reading	820165
FAM	rome_statute_jurisdiction__hybrid_complementarity_reading	820165
FAM	us_constitution_1787__living_reading	820165
FAM	dharmasastra_corpus__reformist_contextual	820165
FAM	paris_article_4_ndc__equity_reading	820165
FAM	ai_alignment_priority__integrated_reading	820165
FAM	waitangi_sovereignty_allocation__partnership_reading	820165
FAM	substance_control_authority__harm_reduction_reading	820165
FAM	versailles_reparations_clauses__limited_responsibility_reading	820165
FAM	kodashim_obligation__study_as_archive	820165
FAM	takings_clause_boundary__categorical_takings_reading	820165
FAM	all_men_created_equal__universalist_reading	820165
FAM	fair_use_four_factor_test__transformative_use_reading	820165
FAM	equal_protection_clause__diversity_reading	820165
FAM	us_constitution_interpretive__living_constitution_reading	820165
FAM	monopoly_rulebook__social_scaffold_reading	820165
FAM	gpl_derivative_work_trigger__narrow_linking_permissive_reading	820165
FAM	bitcoin_whitepaper__p2p_cash_reading	820165
FAM	sacrifice_obligation_continuity__messianic_suspension	820165
FAM	climate_mitigation_legitimacy__portfolio_pragmatism_reading	840169
FAM	software_source_status__utilitarian_hybrid_reading	840169
FAM	hebrew_continuity__bridge_pidginized	840169
FAM	jewish_territorial_claim__cultural_zionism_reading	840169
FAM	honor_violence_legitimacy__drop_reading	840169
FAM	acceptable_risk_for_energy__expected_value_dominant	840169
FAM	basic_law_interpretive_authority__popular_constitutionalism_reading	840169
FAM	legitimacy_of_practice_standardization__dual_practice_equilibrium_reading	840169
FAM	digital_money_origin__first_held_reading	840169
FAM	qwerty_persistence_mechanism__lock_in_reading	840169
FAM	common_article_3_scope__icrc_customary_reading	840169
FAM	coercion_legitimacy_boundary__bodily_autonomy_primary	840169
FAM	naskh_principle__contextual_harmonization	840169
FAM	biblical_authority__sola_scriptura_reading	840169
FAM	biblical_source_text__critical_reconstructive_reading	840169
FAM	deferential_realism_ontology__immutable_diagnostic_reading	840169
FAM	deferential_realism_ontology__rhetorical_scaffold_reading	840169
FAM	monopoly_rulebook__tournament_orthodoxy_reading	840169
FAM	quran_ontological_status__created_reading	840169
FAM	quran_9_5_scope__contextual_defensive	840169
FAM	catastrophe_memory_survival__hybrid_encoding_reading	840169
FAM	stone_land_use_rule__behavioral_competence	840169
FAM	dueling_disappearance_mechanism__institutional_displacement_reading	840169
FAM	ip_category_emergence__synchronic_diachronic_seam	840169
FAM	catastrophe_memory_function__mourning_practice_reading	840169
FAM	copyright_constitutional_mandate__public_scaffold_reading	840169
FAM	creed_381_pneumatology__ecumenical_reunion_reading	840169
FAM	technology_reformation_causality__co_constitution_reading	840169
FAM	wto_dsb_authority__advisory_coordination_reading	840169
FAM	ietf_openness_commitment__commons_stewardship_reading	840169
FAM	qwerty_persistence__lapsed_alternatives_reading	840169
FAM	catastrophe_memory_transmission__hybrid_embedded_reading	840169
FAM	genesis_creation_narrative__theistic_evolutionary	840169
FAM	qwerty_persistence_mechanism__naturalization_reading	840169
FAM	rfc9293_tcp_specification__optimization_latitude_reading	840169
FAM	quantum_formalism__pilot_wave_reading	840169
FAM	living_language_status__literary_continuity_reading	840169
FAM	correct_latin__continuity_reading	840169
FAM	script_as_identity__phonetic_instrumentalism_reading	840169
FAM	catastrophe_memory_preservation__mourning_practice_reading	840169
FAM	hebrew_linguistic_life__marketplace_pidgin_reading	840169
FAM	software_source_status__pragmatic_development_reading	840169
FAM	catastrophe_proxy_sufficiency__simulation_fidelity_threshold	840169
FAM	competence_retention_exercise__simulation_as_sufficient	840169
FAM	magna_carta_1215__living_document_reading	840169
FAM	legitimacy_of_practice_standardization__endogenous_displacement_reading	840169
FAM	legitimate_knowledge_boundary__experiential_pluralism_reading	840169
FAM	constitutional_interpretive_authority__coordinate_construction_reading	840169
FAM	shinbutsu_coexistence_commitment__domain_partition_reading	840169
FAM	hebrew_continuity__liturgical_preservation	840169
FAM	sacrifice_obligation_continuity__study_as_performance	840169
FAM	kami_buddha_ontology__domain_partition	840169
FAM	second_amendment_scope__collective_right_reading	840169
FAM	shinbutsu_ontological_substrate__domain_partition_reading	840169
FAM	supermajority_threshold__consensus_safeguard_reading	840169
FAM	decalogue_image_prohibition__iconodule_reading	840169
FAM	derivative_work_statutory_boundary__coordination_reading	840169
FAM	udhr_authority__aspirational_sovereignty_reading	840169
FAM	permissive_license_text__commons_coordination_reading	840169
FAM	kjv_text_1611__functional_equivalence_reading	840169
FAM	software_control_legitimacy__pragmatic_openness_reading	840169
FAM	genesis_creation_cosmology__theistic_evolution	840169
FAM	imposition_pathway_kernel__endogenous_climb_reading	840169
FAM	catastrophe_memory_function__hybrid_transformation_reading	840169
FAM	correct_latin_kernel__continuity_reading	840169
FAM	jati_practice_norm__localized_practice_reading	840169
FAM	dueling_disappearance_mechanism__contraction_reading	840169
FAM	catastrophe_memory_kernel__symbol_continuity_reading	840169
FAM	total_war_winnability_post1945__strategic_culture_drift	840169
FAM	kodashim_corpus__study_as_exercise	840169
FAM	aneyoshi_land_use_prohibition__behavioral_competence_reading	840169
FAM	aneyoshi_stone_commitment__behavioral_competence_reading	840169
FAM	personhood_boundary__birth_threshold_reading	840169
FAM	kodashim_obligation__study_as_preparation	840169
FAM	unclos_maritime_sovereignty__strict_geographic_reading	840169
FAM	nicene_creed_authority__symbolic_confessional_reading	840169
FAM	digital_money_origin__became_thinkable_reading	840169
FAM	living_language_status__liturgical_preservation_reading	840169
FAM	valuation_legitimacy__real_options_technologist	840169
FAM	human_transcendence_pathway__jerusalem_reading	840169
FAM	hebrew_linguistic_life__liturgical_preservation_reading	840169
FAM	catastrophe_memory_function__survival_competence_reading	840169
FAM	catastrophe_memory_transmission__operational_competence_reading	840169
FAM	gita_kurukshetra_discourse__universalist_devotional_reading	840169
FAM	herem_command_dt7__contextual_supersession_reading	840169
FAM	ai_dignity_safeguarding__imago_dei_reading	1040209
FAM	literacy_acquisition_kernel__balanced_literacy_reading	1040209
FAM	preparedness_commitment__husk_reading	1040209
FAM	doomsday_clock_metric__performative_tool_reading	1040209
FAM	ai_risk_governance_priority__existential_risk_reading	1040209
FAM	cbdr_principle__voluntary_commitment_reading	1040209
FAM	climate_response_action__mitigation_priority	1040209
FAM	second_amendment_scope__individual_right_reading	1040209
FAM	ai_safety_commitment__dual_priority_reading	1040209
FAM	climate_mitigation_legitimacy__baseload_necessity_reading	1040209
FAM	ai_safety_commitment__existential_risk_reading	1040209
FAM	climate_response_legitimacy__mitigation_priority	1040209
FAM	ietf_openness_commitment__capture_substrate_reading	1040209
FAM	vatican_ii_doctrinal_authority__rupture_progressive_reading	1040209
FAM	climate_mitigation_legitimacy__degrowth_sufficiency_reading	1040209
FAM	takings_clause_boundary__regulatory_takings_reading	1040209
FAM	honor_violence_legitimacy__composite_reading	1040209
FAM	ihl_distinction_proportionality__outcomes_based_reading	1040209
FAM	fourteenth_amendment_equal_protection__anti_caste_reading	1040209
FAM	remonstrance_authority__magistrate_reading	1040209
FAM	preparedness_retention__hybrid_reading	1040209
FAM	magna_carta_clause_39__liberal_due_process_reading	1040209
FAM	second_amendment_arms_right__individual_right_reading	1040209
FAM	usul_al_fiqh_method__hanafi_reading	1040209
FAM	first_amendment_speech_protection__harm_limited_reading	1040209
FAM	gdpr_article_3_scope__territorial_sovereignty_reading	1040209
FAM	climate_harm_prevention__mitigation_priority	1040209
FAM	climate_response_obligation__mitigation_priority	1040209
FAM	vatican_ii_magisterial_authority__rupture_reading	1040209
FAM	ai_alignment_commitment__ethics_justice_reading	1040209
FAM	climate_mitigation_imperative__opportunity_cost_reading	1040209
FAM	fifth_republic_constitution__cohabitation_equilibrium_reading	1040209
FAM	honor_satisfaction_substrate__composite_overdetermined_reading	1040209
FAM	jcpoa_treaty_bindingness__graduated_compliance_reading	1040209
FAM	substance_control_kernel__harm_reduction_reading	1040209
FAM	fisa_702_statutory_text__incidental_collection_reading	1040209
FAM	nsl_legal_text__sovereignty_restoration_reading	1040209
FAM	state_execution_authority__deterrence_reading	1040209
FAM	orthographic_kernel__modernization_reading	1040209
FAM	animal_status__welfare_reading	1040209
FAM	substance_control_legitimacy__harm_reduction_reading	1040209
FAM	monetary_anchor_principle__punctuated_swap_reading	1040209
FAM	salic_prohibition__cognatic_reversion_reading	1040209
FAM	deferential_realism_ontology__hybrid_pragmatic_reading	1040209
FAM	press_reformation_causality__co_constitution	1040209
FAM	humane_treatment_standard__proportionality_balancing	1040209
FAM	market_as_natural_default__hybrid_amnesia_reading	1040209
FAM	westphalian_sovereignty__conditional_sovereignty	1040209
FAM	reading_acquisition_legitimacy__phonics_decoding_primacy	1040209
FAM	rogers_commission_findings__management_compliance_narrative	1040209
FAM	reading_acquisition_mechanism__balanced_literacy_reading	1040209
FAM	border_legitimacy__humanitarian_obligation_reading	1040209
FAM	market_as_natural_default__beneficiary_maintained_reading	1040209
FAM	ecb_mandate_article_127__expansive_secondary_objectives	1040209
FAM	feudal_oath_reciprocity__ecclesiastical_mediation_reading	1040209
FAM	gold_fiat_transition_mechanism__composite_overdetermination_reading	1040209
FAM	gpl_reciprocity_obligation__copyleft_as_commons_reading	1040209
FAM	gendered_category_membership__social_role_reading	1040209
FAM	woman_female_category__hybrid_contextual_reading	1040209
FAM	public_health_mandate_authority__proportionality_reading	1040209
FAM	second_amendment_text__collective_security_reading	1040209
FAM	employment_boundary__hybrid_security_reading	1040209
FAM	geneva_conventions_1949__conditional_reciprocity_reading	1040209
FAM	gendered_category_membership__gender_identity_reading	1040209
FAM	state_commitment_installation_mechanism__hybrid_cascade_reading	1040209
FAM	end_of_life_decision_authority__vulnerability_protection_reading	1040209
FAM	bretton_woods_treaty_substrate__keynesian_embedded_liberalism	1040209
FAM	constitutional_interpretive_authority__parliamentary_supremacy_reading	1040209
FAM	catastrophe_avoidance_retention__simulation_as_proxy_catastrophe	1040209
FAM	reading_acquisition_legitimacy__balanced_literacy_integration	1040209
FAM	biblical_divine_nature__modalist_reading	1040209
FAM	homoousios_christology__semi_arian_reading	1040209
FAM	territorial_legitimacy_dual__two_state_coexistence_reading	1040209
FAM	competence_exercise_validity__simulation_as_proxy	1040209
FAM	constitutional_text_authority__originalist_reading	1040209
FAM	classical_latin_standard__hybrid_reading	1040209
FAM	divine_marriage_command__coercion_visibility_reading	1040209
FAM	derivative_work_statutory_boundary__hybrid_carveout_reading	1040209
FAM	equal_protection_commitment__colorblind_reading	1040209
FAM	john_1_1_logos__subordinationist	1040209
FAM	takings_clause_boundary__physical_appropriation_reading	1040209
FAM	marriage_commitment_reversal__endogenous_reinterpretation_reading	1040209
FAM	imposition_mechanism_kernel__hybrid_legitimation_reading	1040209
FAM	hoa_covenant_scope__behavioral_control_reading	1040209
FAM	common_law_precedent_corpus__strict_stare_decisis	1040209
FAM	animal_status_kernel__welfare_reading	1040209
FAM	commerce_clause_scope__intermediate_channels	1040209
FAM	family_law_authority__parsi_zoroastrian_reading	1040209
FAM	reading_acquisition_mechanism__phonics_reading	1040209
FAM	biblical_authority__conciliar_reading	1040209
FAM	catastrophe_memory_kernel__survival_competence_reading	1040209
FAM	marriage_authority_kernel__hindu_codified_reading	1040209
FAM	software_control_legitimacy__property_rights_reading	1040209
FAM	acceptable_risk_energy__option_value_preserving	1040209
FAM	coercion_legitimacy_boundary__proportionality_reading	1040209
FAM	kodashim_commandment_status__messianic_deferral	1040209
FAM	mandate_legitimacy_scope__proportionality_reading	1040209
FAM	orthographic_legitimacy_kernel__instrumentalist_reading	1040209
FAM	us_constitution_1787__positivist_reading	1040209
FAM	quran_hadith_substrate__state_hybrid	1040209
FAM	marriage_authority__communal_autonomy_reading	1040209
FAM	udhr_article_3__procedural_hybrid_reading	1040209
FAM	copyright_constitutional_mandate__judicial_ambiguity_reading	1040209
FAM	ai_governance_legitimacy__technocratic_optimization_reading	1040209
FAM	gelassenheit_separation__principle_reading	1040209
FAM	script_as_identity__ottoman_continuity_reading	1540309
FAM	state_killing_legitimacy__deterrence_reading	1540309
FAM	divine_marriage_command__continuationist_reading	1540309
FAM	honor_settlement_legitimacy__drop_reading	1540309
FAM	bitcoin_whitepaper_purpose__store_of_value_reading	1540309
FAM	imposition_pathway_kernel__exogenous_override_reading	1540309
FAM	preparedness_persistence__husk_reading	1540309
FAM	war_winnability_post_1945__rhetorical_contraction	1540309
FAM	npt_treaty_text__withdrawal_threshold_reading	1540309
FAM	divine_legitimacy_substrate__amun_polytheistic_reading	1540309
FAM	exercise_as_competence_maintenance__hybrid_decay_reading	1540309
FAM	anthropological_record__creationist_reading	1540309
FAM	border_normative_status__qualified_sovereignty	1540309
FAM	catastrophe_avoidance_retention__catastrophe_as_necessary_selector	1540309
FAM	honor_satisfaction_mechanism__composite_reading	1540309
FAM	kami_buddha_ontology__incoherent_bundle	1540309
FAM	kodashim_corpus__substitution_archive	1540309
FAM	legitimacy_of_imposed_practice__hybrid_scaffolding_reading	1540309
FAM	shinbutsu_coexistence_commitment__incoherent_bundle_reading	1540309
FAM	bitcoin_whitepaper_purpose__electronic_cash_reading	1540309
FAM	us_constitution_1787__originalist_reading	1540309
FAM	competence_occupation__hybrid_occupation	1540309
FAM	territorial_legitimacy_dual__zionist_refuge_reading	1540309
FAM	basic_law_interpretive_authority__judicial_supremacy_reading	1540309
FAM	border_control_legitimacy__jurisdictional_sovereignty	1540309
FAM	correct_latin_kernel__discontinuity_reading	1540309
FAM	end_of_life_decision_authority__sanctity_reading	1540309
FAM	equal_protection_kernel__antisubordination_reading	1540309
FAM	family_law_authority__christian_canonical_reading	1540309
FAM	jurisprudential_method_kernel__maliki_reading	1540309
FAM	reformation_composite__theological_fragmentation_reading	1540309
FAM	salic_prohibition__sovereign_override_reading	1540309
FAM	secession_legitimacy_boundary__grievance_threshold_reading	1540309
FAM	transition_causality__contingent_choice_reading	1540309
FAM	vaccine_mandate_legitimacy__risk_stratification_reading	1540309
FAM	war_powers_allocation__congressional_primacy_reading	1540309
FAM	westphalia_sovereignty__absolute_non_intervention	1540309
FAM	woman_category__sex_biology_reading	1540309
FAM	article_51_self_defense__narrow_armed_attack_reading	1540309
FAM	article_51_self_defense__unable_unwilling_doctrine_reading	1540309
FAM	dignified_death__sanctity_primary	1540309
FAM	woman_female_category__sex_biology_reading	1540309
FAM	constitutional_text__judicial_supremacy_reading	1540309
FAM	imposition_pathway_kernel__hybrid_cascade_reading	1540309
FAM	ietf_openness_commitment__legitimacy_erosion_reading	1540309
FAM	living_language_status__native_generation_reading	1540309
FAM	legitimacy_of_imposed_practice__endogenous_climb_reading	1540309
FAM	territorial_legitimacy__partition_reading	1540309
FAM	waitangi_sovereignty_allocation__rangatiratanga_reading	1540309
FAM	competence_occupation__simulation_sufficiency	1540309
FAM	exercise_as_competence_maintenance__lived_catastrophe_necessity_reading	1540309
FAM	ai_risk_prioritization__existential_risk_reading	1540309
FAM	common_law_precedent_corpus__pluralist_balancing	1540309
FAM	legal_personhood_boundary__functional_capacity_reading	1540309
FAM	total_war_possibility_space__deterrence_equilibrium_reading	1540309
FAM	treaty_authority_cession__retrospective_snare_exposure	1540309
FAM	geneva_conventions_1949__security_maximization_reading	1540309
FAM	one_country_two_systems_framework__sovereignty_primacy_reading	1540309
FAM	fair_use_statutory_exception__narrow_defense_reading	1540309
FAM	hebrew_linguistic_life__native_generational_reading	1540309
FAM	trips_agreement_interpretive_kernel__strong_exclusivity_reading	1540309
FAM	nsl_legal_text__jurisdictional_capture_reading	1540309
FAM	substance_control_authority__prohibition_reading	1540309
FAM	orthographic_kernel__rupture_reading	1540309
FAM	shinbutsu_ontological_substrate__incoherent_bundle_reading	1540309
FAM	reformation_composite__political_realignment_reading	1540309
FAM	climate_response_obligation__adaptation_priority	1540309
FAM	latin_correctness__rupture_reading	1540309
FAM	notability_guidelines__inclusionist_reading	1540309
FAM	ai_human_relationship__technocratic_optimization	1540309
FAM	copyright_constitutional_mandate__corporate_enclosure_reading	1540309
FAM	paris_article_4_ndc__supranational_reading	1540309
FAM	substance_control_kernel__prohibition_reading	1540309
FAM	substance_control_legitimacy__prohibition_reading	1540309
FAM	territorial_legitimacy__security_necessity_reading	1540309
FAM	july_charter_sovereign_legitimacy__military_custodian_reading	1540309
FAM	treaty_authority_cession__crown_cession_reading	1540309
FAM	speech_harm_boundary__dignity_reading	1540309
FAM	jurisprudential_method_kernel__hanbali_reading	1540309
FAM	fair_use_statutory_exception__market_licensing_reading	1540309
FAM	feud_obligation_kernel__extraction_cycle_reading	1540309
FAM	climate_harm_prevention__degrowth_reading	1540309
FAM	climate_response_obligation__degrowth_reading	1540309
FAM	market_naturalization__beneficiary_maintained_reading	1540309
FAM	nicene_christological_kernel__homoousios_reading	1540309
FAM	rbio_practice_norm_complex__sovereignty_maximalist_reading	1540309
FAM	classical_latin_standard__reconstruction_reading	1540309
FAM	homoousios_christology__pro_nicene_reading	1540309
FAM	lausanne_minority_protections__restrictive_reading	1540309
FAM	separation_of_powers_text__formalist_reading	1540309
FAM	nafta_jurisdictional_boundary__capital_supremacy_reading	1540309
FAM	qwerty_persistence_mechanism__beneficiary_extraction_reading	1540309
FAM	jihad_quranic_corpus__revolutionary_vanguard_reading	1540309
FAM	ihl_distinction_proportionality__categorical_prohibition_reading	1540309
FAM	climate_response_action__degrowth_transformation	1540309
FAM	dharmasastra_corpus__orthodox_literalist	1540309
FAM	manifesto_revolutionary_method__vanguard_rupture_reading	1540309
FAM	nsl_legal_text__democratic_enclosure_reading	1540309
FAM	all_men_created_equal__originalist_reading	1540309
FAM	quranic_gender_verses__literal_hierarchical	1540309
FAM	eternal_marriage_covenant__immutable_commandment_reading	1540309
FAM	statutory_debt_ceiling__extraction_snare_reading	1540309
FAM	tenure_contract__institutional_extraction_reading	1540309
FAM	constitutional_secularism__reformist_reading	1540309
FAM	fifth_republic_constitution__hyper_presidential_reading	1540309
FAM	price_formation_kernel__financialization_reading	1540309
FAM	unclos_maritime_sovereignty__expansive_construction_reading	1540309
FAM	commerce_clause_scope__broad_effects_test	1540309
FAM	divine_legitimacy_substrate__atenist_monotheistic_reading	1540309
FAM	derivative_work_statutory_boundary__enclosure_reading	1540309
FAM	kjv_text_1611__exclusive_inspiration_reading	1540309
FAM	border_legitimacy__freedom_of_movement_reading	1540309
FAM	vedic_corpus_social_prescription__orthodox_varna_reading	1540309
FAM	orthographic_legitimacy_kernel__modernist_reading	1540309
FAM	turkish_graphemic_substrate__secular_nationalist_reading	1540309
FAM	fair_use_four_factor_test__creator_centric_reading	1540309
FAM	article_2_7_chapter_vii_tension__r2p_reading	1540309
FAM	ihl_distinction_proportionality__human_agency_reading	1540309
FAM	nicene_creed_authority__strict_orthodox_reading	1540309
FAM	quran_hadith_substrate__traditionalist_taqlid	1540309
FAM	structural_adjustment_conditionalities__hybrid_selectivity_reading	1540309
FAM	hoa_covenant_scope__extraction_reading	1540309
FAM	price_formation_kernel__institutional_reading	1540309
FAM	vedic_dharmic_corpus__hereditary_monopoly_reading	1540309
FAM	plural_marriage_mandate__institutional_pragmatism_reading	1540309
FAM	climate_response_imperative__mitigation_priority_reading	1540309
FAM	july_charter_sovereign_legitimacy__guided_nationalism_reading	1540309
FAM	hagia_sophia_substrate__islamic_sovereignty_reading	1540309
FAM	performance_legitimacy__techno_nationalist_reading	1540309
FAM	anthropological_record__naturalist_reading	1540309
FAM	constitutional_authority_boundary__judicial_supremacy_reading	1540309
FAM	climate_response_legitimacy__adaptation_priority	1540309
FAM	performance_legitimacy__quantitative_growth_reading	1540309
FAM	reformation_event_boundary__political_swap_reading	1540309
FAM	structural_adjustment_conditionalities__debtor_extraction_reading	1540309
FAM	article_9_war_renunciation__strict_pacifist_reading	1540309
FAM	competence_retention_exercise__catastrophe_as_necessary	1540309
FAM	legitimate_health_intervention__public_health_primary	1540309
FAM	article17_erasure_right__censorship_mechanism_reading	1540309
FAM	tenure_contract__demographic_reproduction_reading	1540309
FAM	quran_9_5_scope__abrogating_universal	1540309
FAM	bretton_woods_treaty_substrate__neoliberal_convertibility	1540309
FAM	personhood_boundary__fitness_contingent_reading	1540309
FAM	bitcoin_consensus_kernel__maximalist_reading	1540309
FAM	human_transcendence_pathway__technocratic_vs_incarnational_reading	1540309
FAM	quran_ontological_status__state_enforced_creation_reading	1540309
FAM	balfour_mandate_instruments__jewish_national_home_primacy	1540309
FAM	human_transcendence_pathway__babel_reading	1540309
FAM	npt_article_iv_vi_pairing__abolitionist	1540309
FAM	salic_prohibition__immutable_mandate_reading	1540309
FAM	ai_alignment_commitment__safety_control_reading	1540309
FAM	vatican_ii_authority__rupture_reading	1540309
FAM	vatican_ii_doctrinal_authority__rupture_traditionalist_reading	1540309
FAM	udhr_article_3__positive_entitlement_reading	1540309
FAM	valuation_legitimacy__governance_skeptic	1540309
FAM	family_law_authority__muslim_shariat_reading	2060413
FAM	tordesillas_demarcation_kernel__portuguese_exploration_legitimation	2060413
FAM	public_health_mandate_authority__public_health_primary	2060413
FAM	abrahamic_covenant__isaac_covenant_reading	2060413
FAM	border_control_legitimacy__sovereignty_primary	2060413
FAM	creed_381_pneumatology__monoprocession_reading	2060413
FAM	permissive_license_text__copyleft_counterfactual_reading	2060413
FAM	jewish_sovereignty_palestine__post_zionist_reading	2060413
FAM	catastrophe_memory_survival__symbol_survival_reading	2060413
FAM	article_51_self_defense__expansive_preventive_reading	2060413
FAM	dsm_taxonomy_kernel__critical_psychiatry_reading	2060413
FAM	balfour_mandate_instruments__dual_obligation_indigenous_rights	2060413
FAM	catastrophe_memory_preservation__survival_competence_reading	2060413
FAM	wto_dsb_authority__judicial_activism_reading	2060413
FAM	speech_protection_boundary__absolutist_reading	2060413
FAM	coercion_legitimacy_boundary__public_health_primary	2060413
FAM	personhood_boundary__potential_based_reading	2060413
FAM	basic_law_interpretive_boundary__judicial_supremacy_reading	2060413
FAM	ost_article_ii_non_appropriation__extraction_permissive	2060413
FAM	literacy_acquisition_kernel__structured_literacy_reading	2060413
FAM	mandate_legitimacy_scope__public_health_primary	2060413
FAM	gpl_reciprocity_obligation__copyleft_as_restriction_reading	2060413
FAM	vaccine_mandate_legitimacy__public_health_primacy_reading	2060413
FAM	tcp_ip_interpretation__prioritization_reading	2060413
FAM	biblical_source_text__formal_equivalence_reading	2060413
FAM	hebrew_continuity__native_generative	2060413
FAM	cbdr_principle__historical_responsibility_reading	2060413
FAM	npt_article_iv_vi_pairing__grand_bargain	2060413
FAM	valuation_legitimacy__musk_cult_believer	2060413
FAM	vatican_ii_magisterial_authority__composite_overdetermination_reading	2060413
FAM	ai_risk_prioritization__near_term_harms_reading	2060413
FAM	hagia_sophia_substrate__universal_heritage_reading	2060413
FAM	income_support_conditionality__wage_subsidy_reading	2060413
FAM	permissive_license_text__corporate_moat_reading	2060413
FAM	end_of_life_authority__slippery_slope_mechanism	2060413
FAM	federation_membership_treaty__sovereignty_primary	2060413
FAM	jcpoa_treaty_bindingness__transactional_provisional_reading	2060413
FAM	liability_attribution__developer_liability	2060413
FAM	orthographic_kernel__continuity_reading	2060413
FAM	speech_protection_boundary__harm_limited_reading	2060413
FAM	tcp_ip_interpretation__zero_rating_reading	2060413
FAM	climate_harm_prevention__adaptation_priority	2060413
FAM	cultural_property_legal_corpus__sovereign_repatriation_reading	2060413
FAM	qwerty_persistence_inevitability__strategic_lock_in_reading	2060413
FAM	gdpr_article_3_scope__effects_jurisdiction_reading	2060413
FAM	secession_legitimacy_boundary__treaty_primacy_reading	2060413
FAM	homoousios_christology__arian_reading	2060413
FAM	npt_treaty_1970__oligopoly_enforcement_reading	2060413
FAM	nuclear_impossibility_kernel__credibility_paradox_reading	2060413
FAM	territorial_sovereignty_legitimacy__covenant_continuity_reading	2060413
FAM	westphalia_sovereignty__conditional_responsibility	2060413
FAM	irc_469_material_participation_kernel__strict_gatekeeper_reading	2060413
FAM	jihad_quranic_corpus__expansionist_legalist_reading	2060413
FAM	digital_money_origin__regulatory_recognition_reading	2060413
FAM	federation_membership_obligations__member_sovereignty_primary	2060413
FAM	jati_practice_norm__colonial_census_reading	2060413
FAM	legitimate_knowledge_boundary__credentialed_expertise_reading	2060413
FAM	montevideo_statehood_criteria__hybrid_reading	2060413
FAM	us_constitution_meaning__positivist_reading	2060413
FAM	article17_erasure_right__competitive_moat_reading	2060413
FAM	balfour_mandate_instruments__mandatory_interpretive_discretion	2060413
FAM	bretton_woods_treaty_substrate__sovereignty_defense	2060413
FAM	combatant_status_definition__national_liberation_reading	2060413
FAM	marriage_authority__secularist_reading	2060413
FAM	climate_response_imperative__adaptation_priority_reading	2060413
FAM	federation_membership_obligations__selective_solidarity	2060413
FAM	liability_attribution__deployer_liability	2060413
FAM	war_winnability_post_1945__countervailing_thinkable	2060413
FAM	ai_alignment_priority__nearterm_harms_reading	2060413
FAM	federation_membership__sovereignty_reading	2060413
FAM	temple_sacrifice_commitment__symbolic_transformation	2060413
FAM	woman_category__gender_identity_reading	2060413
FAM	ecb_mandate_article_127__climate_incorporation	2060413
FAM	homoousios_nicene__subordinationist_reading	2060413
FAM	separation_of_powers_text__unitary_executive_reading	2060413
FAM	technology_legitimacy_kernel__velocity_primacy_reading	2060413
FAM	transition_causality__hybrid_trigger_reading	2060413
FAM	war_powers_allocation__functional_accommodation_reading	2060413
FAM	article_17_complementarity__national_primacy_reading	2060413
FAM	geneva_conventions_protective_scope__universal_rights_reading	2060413
FAM	legitimacy_of_practice_standardization__exogenous_override_reading	2060413
FAM	westphalia_sovereignty__graded_sovereignty	2060413
FAM	marriage_authority_kernel__muslim_shariat_reading	2060413
FAM	biblical_divine_nature__trinitarian_reading	2060413
FAM	second_amendment_text__individual_right_reading	2060413
FAM	trips_agreement_interpretive_kernel__dispute_settlement_interpretive_authority	2060413
FAM	unclos_sovereignty_boundary__strict_eez_reading	2060413
FAM	westphalian_sovereignty__graduated_sovereignty	2060413
FAM	decalogue_image_prohibition__moderate_iconoclast_reading	2060413
FAM	doomsday_clock_metric__objective_index_reading	2060413
FAM	geneva_conventions_protective_scope__state_centric_reading	2060413
FAM	sex_gender_category__hybrid_reading	2060413
FAM	unclos_sovereignty_boundary__non_ratifier_enforcement_reading	2060413
FAM	us_constitution_text__originalist_reading	2060413
FAM	acceptable_risk_energy__catastrophic_tail_dominant	2060413
FAM	divine_marriage_command__substitutionist_reading	2060413
FAM	acceptable_risk_for_energy__catastrophic_tail_dominant	2060413
FAM	common_article_3_scope__state_centric_reading	2060413
FAM	us_constitution_meaning__originalist_reading	2060413
FAM	vaccine_mandate_balance__public_health_primary	2060413
FAM	gita_kurukshetra_discourse__orthodox_literal_reading	2060413
FAM	npt_article_iv_vi_pairing__nonproliferation_primary	2060413
FAM	technology_reformation_causality__beneficiary_agency_reading	2060413
FAM	employment_boundary__substantive_employment_reading	2060413
FAM	hebrew_vitality__native_daily_reading	2060413
FAM	wto_dsb_authority__binding_referee_reading	2060413
FAM	john_1_1_logos__orthodox_christological	2060413
FAM	literacy_acquisition_kernel__phonics_reading	2060413
FAM	catastrophe_memory_transmission__symbol_continuity_reading	2060413
FAM	income_support_commitment__dependency_trap_reading	2060413
FAM	catastrophe_proxy_sufficiency__hybrid_degradation_reading	2060413
FAM	dollar_gold_convertibility__policy_flexible_reading	2060413
FAM	npt_treaty_1970__reciprocal_disarmament_reading	2060413
FAM	rogers_commission_findings__actuarial_risk_acceptance	2060413
FAM	eternal_marriage_covenant__prophetic_override_reading	2060413
FAM	humane_treatment_standard__contextual_necessity	2060413
FAM	legitimacy_of_imposed_practice__exogenous_override_reading	2060413
FAM	catastrophe_memory_kernel__trauma_encoding_reading	2060413
FAM	cultural_property_legal_corpus__universal_heritage_reading	2060413
FAM	animal_moral_status__abolitionist_reading	2060413
FAM	mandate_legitimacy_scope__bodily_autonomy_primary	2060413
FAM	public_health_mandate_authority__bodily_autonomy_primary	2060413
FAM	zero_as_number_entry__contingent_thinkability_reading	2060413
FAM	income_support_commitment__targeting_efficiency_reading	2060413
FAM	udhr_authority__binding_universalism_reading	2060413
FAM	abrahamic_covenant__land_promise_constraint	2060413
FAM	kodashim_corpus__performance_only	2060413
FAM	sovereign_legitimacy__monarchical_reading	2060413
FAM	marriage_commitment_legitimacy__exogenous_override_reading	2060413
FAM	rbio_practice_norm_complex__hegemonic_extraction_reading	2060413
FAM	software_control_legitimacy__freedom_imperative_reading	2060413
FAM	software_source_status__freedom_imperative_reading	2060413
FAM	qualified_immunity_doctrine__accountability_void_reading	2060413
FAM	jewish_sovereignty_palestine__religious_zionist_reading	2060413
FAM	quranic_gender_verses__progressive_abrogation	2060413
FAM	ost_article_ii_non_appropriation__commons_conservation	2060413
FAM	wto_treaty_framework__market_access_reading	2060413
FAM	feud_obligation_kernel__christianized_pacification_reading	2060413
FAM	npt_treaty_text__nws_reading	2060413
FAM	refugee_convention_text__restrictive_sovereignty_reading	2060413
FAM	gold_fiat_transition_mechanism__automatic_constraint_reading	2060413
FAM	income_support_conditionality__dependency_trap_reading	2060413
FAM	monetary_anchor_principle__overdetermined_composite_reading	2060413
FAM	border_normative_status__freedom_primary	2060413
FAM	legal_personhood_boundary__developmental_potentiality_reading	2060413
FAM	territorial_legitimacy_dual__palestinian_autochthony_reading	2060413
FAM	zionist_legitimacy_basis__religious_restoration_reading	2060413
FAM	territorial_sovereignty_legitimacy__self_determination_reading	2060413
FAM	border_legitimacy__sovereignty_reading	2060413
FAM	border_normative_status__sovereignty_primary	2060413
FAM	combatant_status_definition__state_centric_reading	2060413
FAM	feudal_oath_reciprocity__lord_extraction_reading	2060413
FAM	gendered_category_membership__biological_sex_reading	2060413
FAM	sacrifice_commandment__performance_only	2060413
FAM	biblical_authority__tradition_scripture_reading	2060413
FAM	jati_practice_norm__orthodox_textual_reading	2060413
FAM	plural_marriage_mandate__exogenous_override_reading	2060413
FAM	ai_alignment_priority__existential_risk_reading	2060413
FAM	beta_designation_doctrine__expansive_shield_reading	2060413
FAM	licensing_statute_mandate__rent_seeking_suppression	2060413
FAM	waitangi_sovereignty_allocation__crown_sovereignty_reading	2060413
FAM	flexible_employment_legitimacy__precarity_extraction_reading	2060413
FAM	creed_381_pneumatology__filioque_reading	2060413
FAM	unconditional_income_support__dependency_trap_reading	2060413
FAM	article_2_7_chapter_vii_tension__sovereignty_first_reading	2060413
FAM	gpl_copyleft_scope__strong_copyleft_reading	2060413
FAM	imposition_mechanism_kernel__exogenous_override_reading	2060413
FAM	montevideo_statehood_criteria__constitutive_reading	2060413
FAM	unsc_242_withdrawal_clause__maximal_withdrawal_reading	2060413
FAM	cultural_property_legal_corpus__indigenous_stewardship_reading	2060413
FAM	dollar_gold_convertibility__strict_convertibility_reading	2060413
FAM	dollar_gold_convertibility__triffin_structural_reading	2060413
FAM	state_killing_legitimacy__retributive_reading	2060413
FAM	jewish_territorial_claim__political_zionism_reading	2060413
FAM	article_27_veto_power__oligopoly_reading	2060413
FAM	marriage_sacrament__hierarchical_indissolubility_reading	2060413
FAM	valuation_legitimacy__dcf_fundamentalist	2060413
FAM	employment_boundary__formalist_employment_reading	2060413
FAM	dual_class_legitimacy__minority_extraction	2060413
FAM	eu_council_unanimity__veto_trap_reading	2060413
FAM	simultaneous_veneration__ontological_fusion_reading	2060413
FAM	supermajority_threshold__minoritarian_veto_reading	2060413
FAM	dsm_taxonomy_kernel__neurodiversity_reading	2060413
FAM	state_execution_authority__retributive_reading	2060413
FAM	historical_treaty_substrate__extinguishment_reading	2060413
FAM	licensing_statute_mandate__graduated_access_filter	2060413
FAM	tordesillas_demarcation_kernel__spanish_conquest_legitimation	2060413
FAM	gelassenheit_separation__artifact_reading	2060413
FAM	herem_command_dt7__durable_separation_reading	2060413
FAM	jewish_territorial_claim__revisionist_zionism_reading	2060413
FAM	versailles_reparations_clauses__repudiation_reading	2060413
FAM	territorial_legitimacy__indigenous_continuity_reading	2060413
FAM	jewish_self_determination__religious_covenant_reading	2060413
FAM	maat_order_principle__divine_mandate_reading	2060413
FAM	marriage_commitment_reversal__practice_doctrine_gap	2060413
FAM	zionist_legitimacy_basis__settler_colonial_reading	2060413
FAM	state_killing_authority__retributive_desert	2060413
FAM	versailles_reparations_clauses__punitive_liability_reading	2060413
FAM	territorial_sovereignty_legitimacy__existential_matrix_reading	2060413
FAM	jewish_self_determination__settler_colonial_reading	2060413
FAM	qualified_immunity_doctrine__constitutional_fidelity_reading	2060413
FAM	gold_fiat_transition_mechanism__creditor_discipline_reading	2060413
FAM	marriage_authority__gender_rights_reading	2060413
FAM	remonstrance_authority__crown_reading	2060413
FAM	dsm_taxonomy_kernel__biomedical_reading	2060413
FAM	marriage_commitment_reversal__exogenous_override_reading	2060413
FAM	unsc_242_withdrawal_clause__interpretive_authority_structure	2060413
KERN	abrahamic_covenant__isaac_covenant_reading	abrahamic_covenant
KERN	abrahamic_covenant__ishmael_covenant_reading	abrahamic_covenant
KERN	abrahamic_covenant__land_promise_constraint	abrahamic_covenant
KERN	acceptable_risk_energy__catastrophic_tail_dominant	acceptable_risk_energy
KERN	acceptable_risk_energy__expected_value_dominant	acceptable_risk_energy
KERN	acceptable_risk_energy__option_value_preserving	acceptable_risk_energy
KERN	acceptable_risk_for_energy__catastrophic_tail_dominant	acceptable_risk_for_energy
KERN	acceptable_risk_for_energy__comparative_risk_dominant	acceptable_risk_for_energy
KERN	acceptable_risk_for_energy__expected_value_dominant	acceptable_risk_for_energy
KERN	ai_alignment_commitment__ethics_justice_reading	ai_alignment_commitment
KERN	ai_alignment_commitment__integrated_reading	ai_alignment_commitment
KERN	ai_alignment_commitment__safety_control_reading	ai_alignment_commitment
KERN	ai_alignment_priority__existential_risk_reading	ai_alignment_priority
KERN	ai_alignment_priority__integrated_reading	ai_alignment_priority
KERN	ai_alignment_priority__nearterm_harms_reading	ai_alignment_priority
KERN	ai_dignity_safeguarding__autonomy_rights_reading	ai_dignity_safeguarding
KERN	ai_dignity_safeguarding__imago_dei_reading	ai_dignity_safeguarding
KERN	ai_dignity_safeguarding__posthuman_continuity_reading	ai_dignity_safeguarding
KERN	ai_governance_legitimacy__magisterial_subsidiarity_reading	ai_governance_legitimacy
KERN	ai_governance_legitimacy__market_libertarian_reading	ai_governance_legitimacy
KERN	ai_governance_legitimacy__technocratic_optimization_reading	ai_governance_legitimacy
KERN	ai_human_relationship__incarnational_humanism	ai_human_relationship
KERN	ai_human_relationship__instrumental_subsidiarity	ai_human_relationship
KERN	ai_human_relationship__technocratic_optimization	ai_human_relationship
KERN	ai_risk_governance_priority__bridge_reading	ai_risk_governance_priority
KERN	ai_risk_governance_priority__existential_risk_reading	ai_risk_governance_priority
KERN	ai_risk_governance_priority__near_term_harms_reading	ai_risk_governance_priority
KERN	ai_risk_prioritization__existential_risk_reading	ai_risk_prioritization
KERN	ai_risk_prioritization__near_term_harms_reading	ai_risk_prioritization
KERN	ai_safety_commitment__dual_priority_reading	ai_safety_commitment
KERN	ai_safety_commitment__existential_risk_reading	ai_safety_commitment
KERN	ai_safety_commitment__near_term_harms_reading	ai_safety_commitment
KERN	all_men_created_equal__originalist_reading	all_men_created_equal
KERN	all_men_created_equal__textualist_paradox_reading	all_men_created_equal
KERN	all_men_created_equal__universalist_reading	all_men_created_equal
KERN	aneyoshi_land_use_prohibition__behavioral_competence_reading	aneyoshi_land_use_prohibition
KERN	aneyoshi_land_use_prohibition__commemorative_husk_reading	aneyoshi_land_use_prohibition
KERN	aneyoshi_stone_commitment__behavioral_competence_reading	aneyoshi_stone_commitment
KERN	aneyoshi_stone_commitment__commemorative_husk_reading	aneyoshi_stone_commitment
KERN	aneyoshi_stone_directive__behavioral_competence_reading	aneyoshi_stone_directive
KERN	aneyoshi_stone_directive__commemorative_husk_reading	aneyoshi_stone_directive
KERN	animal_moral_status__abolitionist_reading	animal_moral_status
KERN	animal_moral_status__property_reading	animal_moral_status
KERN	animal_moral_status__welfare_reading	animal_moral_status
KERN	animal_status__abolitionist_reading	animal_status
KERN	animal_status__property_reading	animal_status
KERN	animal_status__welfare_reading	animal_status
KERN	animal_status_kernel__abolitionist_reading	animal_status_kernel
KERN	animal_status_kernel__welfare_reading	animal_status_kernel
KERN	anthropological_record__creationist_reading	anthropological_record
KERN	anthropological_record__indigenous_epistemology_reading	anthropological_record
KERN	anthropological_record__naturalist_reading	anthropological_record
KERN	article17_erasure_right__censorship_mechanism_reading	article17_erasure_right
KERN	article17_erasure_right__competitive_moat_reading	article17_erasure_right
KERN	article17_erasure_right__privacy_fundamental_reading	article17_erasure_right
KERN	article_17_complementarity__international_oversight_reading	article_17_complementarity
KERN	article_17_complementarity__national_primacy_reading	article_17_complementarity
KERN	article_27_veto_power__coordination_reading	article_27_veto_power
KERN	article_27_veto_power__oligopoly_reading	article_27_veto_power
KERN	article_27_veto_power__sovereignty_reading	article_27_veto_power
KERN	article_2_7_chapter_vii_tension__r2p_reading	article_2_7_chapter_vii_tension
KERN	article_2_7_chapter_vii_tension__sovereignty_first_reading	article_2_7_chapter_vii_tension
KERN	article_51_self_defense__expansive_preventive_reading	article_51_self_defense
KERN	article_51_self_defense__narrow_armed_attack_reading	article_51_self_defense
KERN	article_51_self_defense__unable_unwilling_doctrine_reading	article_51_self_defense
KERN	article_9_war_renunciation__collective_self_defense_reading	article_9_war_renunciation
KERN	article_9_war_renunciation__inherent_right_reading	article_9_war_renunciation
KERN	article_9_war_renunciation__strict_pacifist_reading	article_9_war_renunciation
KERN	balfour_mandate_instruments__dual_obligation_indigenous_rights	balfour_mandate_instruments
KERN	balfour_mandate_instruments__jewish_national_home_primacy	balfour_mandate_instruments
KERN	balfour_mandate_instruments__mandatory_interpretive_discretion	balfour_mandate_instruments
KERN	basic_law_interpretive_authority__judicial_supremacy_reading	basic_law_interpretive_authority
KERN	basic_law_interpretive_authority__popular_constitutionalism_reading	basic_law_interpretive_authority
KERN	basic_law_interpretive_boundary__balanced_contestation_reading	basic_law_interpretive_boundary
KERN	basic_law_interpretive_boundary__judicial_supremacy_reading	basic_law_interpretive_boundary
KERN	beta_designation_doctrine__expansive_shield_reading	beta_designation_doctrine
KERN	beta_designation_doctrine__narrow_warning_reading	beta_designation_doctrine
KERN	beta_designation_doctrine__severity_carve_out_reading	beta_designation_doctrine
KERN	biblical_authority__conciliar_reading	biblical_authority
KERN	biblical_authority__sola_scriptura_reading	biblical_authority
KERN	biblical_authority__tradition_scripture_reading	biblical_authority
KERN	biblical_divine_nature__modalist_reading	biblical_divine_nature
KERN	biblical_divine_nature__trinitarian_reading	biblical_divine_nature
KERN	biblical_divine_nature__unitarian_reading	biblical_divine_nature
KERN	biblical_source_text__critical_reconstructive_reading	biblical_source_text
KERN	biblical_source_text__dynamic_equivalence_reading	biblical_source_text
KERN	biblical_source_text__formal_equivalence_reading	biblical_source_text
KERN	bitcoin_consensus_kernel__maximalist_reading	bitcoin_consensus_kernel
KERN	bitcoin_consensus_kernel__utility_reading	bitcoin_consensus_kernel
KERN	bitcoin_whitepaper__digital_gold_reading	bitcoin_whitepaper
KERN	bitcoin_whitepaper__p2p_cash_reading	bitcoin_whitepaper
KERN	bitcoin_whitepaper__protocol_ossification_reading	bitcoin_whitepaper
KERN	bitcoin_whitepaper_purpose__electronic_cash_reading	bitcoin_whitepaper_purpose
KERN	bitcoin_whitepaper_purpose__store_of_value_reading	bitcoin_whitepaper_purpose
KERN	border_control_legitimacy__jurisdictional_sovereignty	border_control_legitimacy
KERN	border_control_legitimacy__sovereignty_primary	border_control_legitimacy
KERN	border_legitimacy__freedom_of_movement_reading	border_legitimacy
KERN	border_legitimacy__humanitarian_obligation_reading	border_legitimacy
KERN	border_legitimacy__sovereignty_reading	border_legitimacy
KERN	border_normative_status__freedom_primary	border_normative_status
KERN	border_normative_status__qualified_sovereignty	border_normative_status
KERN	border_normative_status__sovereignty_primary	border_normative_status
KERN	bretton_woods_treaty_substrate__keynesian_embedded_liberalism	bretton_woods_treaty_substrate
KERN	bretton_woods_treaty_substrate__neoliberal_convertibility	bretton_woods_treaty_substrate
KERN	bretton_woods_treaty_substrate__sovereignty_defense	bretton_woods_treaty_substrate
KERN	caa_section_111d_delegation__facility_constraint_reading	caa_section_111d_delegation
KERN	caa_section_111d_delegation__systemic_transformation_reading	caa_section_111d_delegation
KERN	catastrophe_avoidance_retention__catastrophe_as_necessary_selector	catastrophe_avoidance_retention
KERN	catastrophe_avoidance_retention__hybrid_near_miss_learning	catastrophe_avoidance_retention
KERN	catastrophe_avoidance_retention__simulation_as_proxy_catastrophe	catastrophe_avoidance_retention
KERN	catastrophe_memory_function__hybrid_transformation_reading	catastrophe_memory_function
KERN	catastrophe_memory_function__mourning_practice_reading	catastrophe_memory_function
KERN	catastrophe_memory_function__survival_competence_reading	catastrophe_memory_function
KERN	catastrophe_memory_kernel__survival_competence_reading	catastrophe_memory_kernel
KERN	catastrophe_memory_kernel__symbol_continuity_reading	catastrophe_memory_kernel
KERN	catastrophe_memory_kernel__trauma_encoding_reading	catastrophe_memory_kernel
KERN	catastrophe_memory_preservation__hybrid_atrophy_reading	catastrophe_memory_preservation
KERN	catastrophe_memory_preservation__mourning_practice_reading	catastrophe_memory_preservation
KERN	catastrophe_memory_preservation__survival_competence_reading	catastrophe_memory_preservation
KERN	catastrophe_memory_survival__competence_transmission_reading	catastrophe_memory_survival
KERN	catastrophe_memory_survival__hybrid_encoding_reading	catastrophe_memory_survival
KERN	catastrophe_memory_survival__symbol_survival_reading	catastrophe_memory_survival
KERN	catastrophe_memory_transmission__hybrid_embedded_reading	catastrophe_memory_transmission
KERN	catastrophe_memory_transmission__operational_competence_reading	catastrophe_memory_transmission
KERN	catastrophe_memory_transmission__symbol_continuity_reading	catastrophe_memory_transmission
KERN	catastrophe_proxy_sufficiency__catastrophe_necessity_reading	catastrophe_proxy_sufficiency
KERN	catastrophe_proxy_sufficiency__hybrid_degradation_reading	catastrophe_proxy_sufficiency
KERN	catastrophe_proxy_sufficiency__simulation_as_proxy_catastrophe_reading	catastrophe_proxy_sufficiency
KERN	catastrophe_proxy_sufficiency__simulation_fidelity_threshold	catastrophe_proxy_sufficiency
KERN	cbdr_principle__historical_responsibility_reading	cbdr_principle
KERN	cbdr_principle__voluntary_commitment_reading	cbdr_principle
KERN	church_turing_thesis__epistemological_boundary_reading	church_turing_thesis
KERN	church_turing_thesis__mathematical_definition_reading	church_turing_thesis
KERN	church_turing_thesis__physical_claim_reading	church_turing_thesis
KERN	classical_latin_standard__continuity_reading	classical_latin_standard
KERN	classical_latin_standard__hybrid_reading	classical_latin_standard
KERN	classical_latin_standard__reconstruction_reading	classical_latin_standard
KERN	climate_harm_prevention__adaptation_priority	climate_harm_prevention
KERN	climate_harm_prevention__degrowth_reading	climate_harm_prevention
KERN	climate_harm_prevention__mitigation_priority	climate_harm_prevention
KERN	climate_mitigation_imperative__opportunity_cost_reading	climate_mitigation_imperative
KERN	climate_mitigation_imperative__portfolio_optimization_reading	climate_mitigation_imperative
KERN	climate_mitigation_imperative__systems_transition_reading	climate_mitigation_imperative
KERN	climate_mitigation_legitimacy__baseload_necessity_reading	climate_mitigation_legitimacy
KERN	climate_mitigation_legitimacy__degrowth_sufficiency_reading	climate_mitigation_legitimacy
KERN	climate_mitigation_legitimacy__portfolio_pragmatism_reading	climate_mitigation_legitimacy
KERN	climate_mitigation_legitimacy__renewable_primacy_reading	climate_mitigation_legitimacy
KERN	climate_response_action__adaptation_priority	climate_response_action
KERN	climate_response_action__degrowth_transformation	climate_response_action
KERN	climate_response_action__mitigation_priority	climate_response_action
KERN	climate_response_imperative__adaptation_priority_reading	climate_response_imperative
KERN	climate_response_imperative__degrowth_reading	climate_response_imperative
KERN	climate_response_imperative__mitigation_priority_reading	climate_response_imperative
KERN	climate_response_legitimacy__adaptation_priority	climate_response_legitimacy
KERN	climate_response_legitimacy__degrowth_transformation	climate_response_legitimacy
KERN	climate_response_legitimacy__mitigation_priority	climate_response_legitimacy
KERN	climate_response_obligation__adaptation_priority	climate_response_obligation
KERN	climate_response_obligation__degrowth_reading	climate_response_obligation
KERN	climate_response_obligation__mitigation_priority	climate_response_obligation
KERN	coercion_legitimacy_boundary__bodily_autonomy_primary	coercion_legitimacy_boundary
KERN	coercion_legitimacy_boundary__proportionality_reading	coercion_legitimacy_boundary
KERN	coercion_legitimacy_boundary__public_health_primary	coercion_legitimacy_boundary
KERN	combatant_status_definition__functional_protection_reading	combatant_status_definition
KERN	combatant_status_definition__national_liberation_reading	combatant_status_definition
KERN	combatant_status_definition__state_centric_reading	combatant_status_definition
KERN	commerce_clause_scope__broad_effects_test	commerce_clause_scope
KERN	commerce_clause_scope__intermediate_channels	commerce_clause_scope
KERN	commerce_clause_scope__narrow_originalist	commerce_clause_scope
KERN	commerce_clause_text__expansive_federal_reading	commerce_clause_text
KERN	commerce_clause_text__originalist_narrow_reading	commerce_clause_text
KERN	commerce_clause_text__substantial_effects_limited_reading	commerce_clause_text
KERN	common_article_3_scope__expansive_human_rights_reading	common_article_3_scope
KERN	common_article_3_scope__icrc_customary_reading	common_article_3_scope
KERN	common_article_3_scope__state_centric_reading	common_article_3_scope
KERN	common_law_precedent_corpus__evolutionary_framework	common_law_precedent_corpus
KERN	common_law_precedent_corpus__pluralist_balancing	common_law_precedent_corpus
KERN	common_law_precedent_corpus__strict_stare_decisis	common_law_precedent_corpus
KERN	competence_exercise_requirement__catastrophe_as_necessary_anchor	competence_exercise_requirement
KERN	competence_exercise_requirement__hybrid_dependency	competence_exercise_requirement
KERN	competence_exercise_requirement__simulation_as_adequate_exercise	competence_exercise_requirement
KERN	competence_exercise_validity__continuous_refresh_hybrid	competence_exercise_validity
KERN	competence_exercise_validity__real_catastrophe_only	competence_exercise_validity
KERN	competence_exercise_validity__simulation_as_proxy	competence_exercise_validity
KERN	competence_occupation__hybrid_occupation	competence_occupation
KERN	competence_occupation__real_incident_necessity	competence_occupation
KERN	competence_occupation__simulation_sufficiency	competence_occupation
KERN	competence_retention_exercise__catastrophe_as_necessary	competence_retention_exercise
KERN	competence_retention_exercise__near_miss_as_bridge	competence_retention_exercise
KERN	competence_retention_exercise__simulation_as_sufficient	competence_retention_exercise
KERN	constitutional_authority_boundary__coordinate_construction_reading	constitutional_authority_boundary
KERN	constitutional_authority_boundary__judicial_supremacy_reading	constitutional_authority_boundary
KERN	constitutional_authority_boundary__parliamentary_primacy_reading	constitutional_authority_boundary
KERN	constitutional_interpretive_authority__coordinate_construction_reading	constitutional_interpretive_authority
KERN	constitutional_interpretive_authority__judicial_supremacy_reading	constitutional_interpretive_authority
KERN	constitutional_interpretive_authority__parliamentary_supremacy_reading	constitutional_interpretive_authority
KERN	constitutional_secularism__principled_intervention_reading	constitutional_secularism
KERN	constitutional_secularism__reformist_reading	constitutional_secularism
KERN	constitutional_secularism__strict_neutrality_reading	constitutional_secularism
KERN	constitutional_text__judicial_supremacy_reading	constitutional_text
KERN	constitutional_text__legislative_sovereignty_reading	constitutional_text
KERN	constitutional_text__popular_sovereignty_reading	constitutional_text
KERN	constitutional_text_authority__living_constitutionalist_reading	constitutional_text_authority
KERN	constitutional_text_authority__originalist_reading	constitutional_text_authority
KERN	constitutional_text_authority__positivist_reading	constitutional_text_authority
KERN	copyright_constitutional_mandate__corporate_enclosure_reading	copyright_constitutional_mandate
KERN	copyright_constitutional_mandate__judicial_ambiguity_reading	copyright_constitutional_mandate
KERN	copyright_constitutional_mandate__public_scaffold_reading	copyright_constitutional_mandate
KERN	correct_latin__continuity_reading	correct_latin
KERN	correct_latin__discontinuity_reading	correct_latin
KERN	correct_latin__hybrid_reading	correct_latin
KERN	correct_latin_kernel__continuity_reading	correct_latin_kernel
KERN	correct_latin_kernel__discontinuity_reading	correct_latin_kernel
KERN	correct_latin_kernel__hybrid_reading	correct_latin_kernel
KERN	creed_381_pneumatology__ecumenical_reunion_reading	creed_381_pneumatology
KERN	creed_381_pneumatology__filioque_reading	creed_381_pneumatology
KERN	creed_381_pneumatology__monoprocession_reading	creed_381_pneumatology
KERN	cultural_property_legal_corpus__indigenous_stewardship_reading	cultural_property_legal_corpus
KERN	cultural_property_legal_corpus__sovereign_repatriation_reading	cultural_property_legal_corpus
KERN	cultural_property_legal_corpus__universal_heritage_reading	cultural_property_legal_corpus
KERN	decalogue_image_prohibition__iconoclast_reading	decalogue_image_prohibition
KERN	decalogue_image_prohibition__iconodule_reading	decalogue_image_prohibition
KERN	decalogue_image_prohibition__moderate_iconoclast_reading	decalogue_image_prohibition
KERN	deferential_realism_ontology__hybrid_pragmatic_reading	deferential_realism_ontology
KERN	deferential_realism_ontology__immutable_diagnostic_reading	deferential_realism_ontology
KERN	deferential_realism_ontology__rhetorical_scaffold_reading	deferential_realism_ontology
KERN	derivative_work_statutory_boundary__coordination_reading	derivative_work_statutory_boundary
KERN	derivative_work_statutory_boundary__enclosure_reading	derivative_work_statutory_boundary
KERN	derivative_work_statutory_boundary__hybrid_carveout_reading	derivative_work_statutory_boundary
KERN	dharmasastra_corpus__abolitionist_rejection	dharmasastra_corpus
KERN	dharmasastra_corpus__orthodox_literalist	dharmasastra_corpus
KERN	dharmasastra_corpus__reformist_contextual	dharmasastra_corpus
KERN	digital_money_emergence_boundary__conceptualization_reading	digital_money_emergence_boundary
KERN	digital_money_emergence_boundary__consumer_holdings_reading	digital_money_emergence_boundary
KERN	digital_money_emergence_boundary__infrastructure_reading	digital_money_emergence_boundary
KERN	digital_money_origin__became_thinkable_reading	digital_money_origin
KERN	digital_money_origin__first_held_reading	digital_money_origin
KERN	digital_money_origin__regulatory_recognition_reading	digital_money_origin
KERN	dignified_death__autonomy_primary	dignified_death
KERN	dignified_death__relational_autonomy	dignified_death
KERN	dignified_death__sanctity_primary	dignified_death
KERN	dignity_kernel__autonomy_rights_reading	dignity_kernel
KERN	dignity_kernel__imago_dei_reading	dignity_kernel
KERN	dignity_kernel__posthumanist_reading	dignity_kernel
KERN	divine_legitimacy_substrate__amun_polytheistic_reading	divine_legitimacy_substrate
KERN	divine_legitimacy_substrate__atenist_monotheistic_reading	divine_legitimacy_substrate
KERN	divine_marriage_command__coercion_visibility_reading	divine_marriage_command
KERN	divine_marriage_command__continuationist_reading	divine_marriage_command
KERN	divine_marriage_command__substitutionist_reading	divine_marriage_command
KERN	dollar_gold_convertibility__policy_flexible_reading	dollar_gold_convertibility
KERN	dollar_gold_convertibility__strict_convertibility_reading	dollar_gold_convertibility
KERN	dollar_gold_convertibility__triffin_structural_reading	dollar_gold_convertibility
KERN	doomsday_clock_metric__objective_index_reading	doomsday_clock_metric
KERN	doomsday_clock_metric__performative_tool_reading	doomsday_clock_metric
KERN	dsm_taxonomy_kernel__biomedical_reading	dsm_taxonomy_kernel
KERN	dsm_taxonomy_kernel__critical_psychiatry_reading	dsm_taxonomy_kernel
KERN	dsm_taxonomy_kernel__neurodiversity_reading	dsm_taxonomy_kernel
KERN	dual_class_legitimacy__disclosure_consent	dual_class_legitimacy
KERN	dual_class_legitimacy__founder_stewardship	dual_class_legitimacy
KERN	dual_class_legitimacy__minority_extraction	dual_class_legitimacy
KERN	dueling_disappearance_mechanism__contraction_reading	dueling_disappearance_mechanism
KERN	dueling_disappearance_mechanism__institutional_displacement_reading	dueling_disappearance_mechanism
KERN	ecb_mandate_article_127__climate_incorporation	ecb_mandate_article_127
KERN	ecb_mandate_article_127__expansive_secondary_objectives	ecb_mandate_article_127
KERN	ecb_mandate_article_127__orthodox_price_stability	ecb_mandate_article_127
KERN	electronic_money_emergence__became_thinkable_reading	electronic_money_emergence
KERN	electronic_money_emergence__first_held_reading	electronic_money_emergence
KERN	electronic_money_emergence__m4_m5_collapse_reading	electronic_money_emergence
KERN	employment_boundary__formalist_employment_reading	employment_boundary
KERN	employment_boundary__hybrid_security_reading	employment_boundary
KERN	employment_boundary__substantive_employment_reading	employment_boundary
KERN	end_of_life_authority__autonomy_reading	end_of_life_authority
KERN	end_of_life_authority__sanctity_reading	end_of_life_authority
KERN	end_of_life_authority__slippery_slope_mechanism	end_of_life_authority
KERN	end_of_life_decision_authority__autonomy_reading	end_of_life_decision_authority
KERN	end_of_life_decision_authority__sanctity_reading	end_of_life_decision_authority
KERN	end_of_life_decision_authority__vulnerability_protection_reading	end_of_life_decision_authority
KERN	equal_protection_clause__colorblind_reading	equal_protection_clause
KERN	equal_protection_clause__diversity_reading	equal_protection_clause
KERN	equal_protection_clause__remedial_reading	equal_protection_clause
KERN	equal_protection_commitment__colorblind_reading	equal_protection_commitment
KERN	equal_protection_commitment__diversity_reading	equal_protection_commitment
KERN	equal_protection_commitment__remedial_reading	equal_protection_commitment
KERN	equal_protection_kernel__antisubordination_reading	equal_protection_kernel
KERN	equal_protection_kernel__remedial_reading	equal_protection_kernel
KERN	equality_clause_scope__expansive_universalist	equality_clause_scope
KERN	equality_clause_scope__progressive_textualist	equality_clause_scope
KERN	equality_clause_scope__restrictive_originalist	equality_clause_scope
KERN	eternal_marriage_covenant__immutable_commandment_reading	eternal_marriage_covenant
KERN	eternal_marriage_covenant__prophetic_override_reading	eternal_marriage_covenant
KERN	eternal_marriage_covenant__temporal_accommodation_reading	eternal_marriage_covenant
KERN	eu_council_unanimity__diplomatic_capital_reading	eu_council_unanimity
KERN	eu_council_unanimity__sovereignty_guarantor_reading	eu_council_unanimity
KERN	eu_council_unanimity__veto_trap_reading	eu_council_unanimity
KERN	exercise_as_competence_maintenance__hybrid_decay_reading	exercise_as_competence_maintenance
KERN	exercise_as_competence_maintenance__lived_catastrophe_necessity_reading	exercise_as_competence_maintenance
KERN	exercise_as_competence_maintenance__simulation_sufficiency_reading	exercise_as_competence_maintenance
KERN	fair_use_four_factor_test__creator_centric_reading	fair_use_four_factor_test
KERN	fair_use_four_factor_test__transformative_use_reading	fair_use_four_factor_test
KERN	fair_use_four_factor_test__user_centric_reading	fair_use_four_factor_test
KERN	fair_use_statutory_exception__market_licensing_reading	fair_use_statutory_exception
KERN	fair_use_statutory_exception__narrow_defense_reading	fair_use_statutory_exception
KERN	fair_use_statutory_exception__transformative_right_reading	fair_use_statutory_exception
KERN	family_law_authority__christian_canonical_reading	family_law_authority
KERN	family_law_authority__hindu_dharmashastra_reading	family_law_authority
KERN	family_law_authority__muslim_shariat_reading	family_law_authority
KERN	family_law_authority__parsi_zoroastrian_reading	family_law_authority
KERN	family_law_authority__secular_contractual_reading	family_law_authority
KERN	federation_membership__integration_reading	federation_membership
KERN	federation_membership__sovereignty_reading	federation_membership
KERN	federation_membership_kernel__integration_reading	federation_membership_kernel
KERN	federation_membership_kernel__member_sovereignty_reading	federation_membership_kernel
KERN	federation_membership_kernel__welfare_coordination_reading	federation_membership_kernel
KERN	federation_membership_obligations__integration_primary	federation_membership_obligations
KERN	federation_membership_obligations__member_sovereignty_primary	federation_membership_obligations
KERN	federation_membership_obligations__selective_solidarity	federation_membership_obligations
KERN	federation_membership_treaty__integration_primary	federation_membership_treaty
KERN	federation_membership_treaty__sovereignty_primary	federation_membership_treaty
KERN	federation_membership_treaty__subsidiarity_balance	federation_membership_treaty
KERN	feud_obligation_kernel__christianized_pacification_reading	feud_obligation_kernel
KERN	feud_obligation_kernel__extraction_cycle_reading	feud_obligation_kernel
KERN	feud_obligation_kernel__stateless_coordination_reading	feud_obligation_kernel
KERN	feudal_oath_reciprocity__ecclesiastical_mediation_reading	feudal_oath_reciprocity
KERN	feudal_oath_reciprocity__lord_extraction_reading	feudal_oath_reciprocity
KERN	feudal_oath_reciprocity__vassal_coordination_reading	feudal_oath_reciprocity
KERN	fifth_republic_constitution__cohabitation_equilibrium_reading	fifth_republic_constitution
KERN	fifth_republic_constitution__hyper_presidential_reading	fifth_republic_constitution
KERN	fifth_republic_constitution__parliamentary_constraint_reading	fifth_republic_constitution
KERN	first_amendment_speech_protection__absolutist_reading	first_amendment_speech_protection
KERN	first_amendment_speech_protection__categorical_balancing_reading	first_amendment_speech_protection
KERN	first_amendment_speech_protection__harm_limited_reading	first_amendment_speech_protection
KERN	fisa_702_statutory_text__constitutional_floor_reading	fisa_702_statutory_text
KERN	fisa_702_statutory_text__foreign_target_strict_reading	fisa_702_statutory_text
KERN	fisa_702_statutory_text__incidental_collection_reading	fisa_702_statutory_text
KERN	flexible_employment_legitimacy__developmental_state_reading	flexible_employment_legitimacy
KERN	flexible_employment_legitimacy__market_efficiency_reading	flexible_employment_legitimacy
KERN	flexible_employment_legitimacy__precarity_extraction_reading	flexible_employment_legitimacy
KERN	fourteenth_amendment_equal_protection__anti_caste_reading	fourteenth_amendment_equal_protection
KERN	gdpr_article_3_scope__effects_jurisdiction_reading	gdpr_article_3_scope
KERN	gdpr_article_3_scope__market_access_reading	gdpr_article_3_scope
KERN	gdpr_article_3_scope__territorial_sovereignty_reading	gdpr_article_3_scope
KERN	gelassenheit_separation__artifact_reading	gelassenheit_separation
KERN	gelassenheit_separation__consequence_reading	gelassenheit_separation
KERN	gelassenheit_separation__principle_reading	gelassenheit_separation
KERN	gendered_category_membership__biological_sex_reading	gendered_category_membership
KERN	gendered_category_membership__gender_identity_reading	gendered_category_membership
KERN	gendered_category_membership__social_role_reading	gendered_category_membership
KERN	genesis_creation_cosmology__literary_framework	genesis_creation_cosmology
KERN	genesis_creation_cosmology__theistic_evolution	genesis_creation_cosmology
KERN	genesis_creation_cosmology__young_earth_literal	genesis_creation_cosmology
KERN	genesis_creation_narrative__allegorical_ancient_near_east	genesis_creation_narrative
KERN	genesis_creation_narrative__literal_young_earth	genesis_creation_narrative
KERN	genesis_creation_narrative__theistic_evolutionary	genesis_creation_narrative
KERN	geneva_conventions_1949__conditional_reciprocity_reading	geneva_conventions_1949
KERN	geneva_conventions_1949__humanitarian_ceiling_reading	geneva_conventions_1949
KERN	geneva_conventions_1949__security_maximization_reading	geneva_conventions_1949
KERN	geneva_conventions_protective_scope__hybrid_proportionality_reading	geneva_conventions_protective_scope
KERN	geneva_conventions_protective_scope__state_centric_reading	geneva_conventions_protective_scope
KERN	geneva_conventions_protective_scope__universal_rights_reading	geneva_conventions_protective_scope
KERN	gita_kurukshetra_discourse__orthodox_literal_reading	gita_kurukshetra_discourse
KERN	gita_kurukshetra_discourse__universalist_devotional_reading	gita_kurukshetra_discourse
KERN	gold_fiat_transition_mechanism__automatic_constraint_reading	gold_fiat_transition_mechanism
KERN	gold_fiat_transition_mechanism__composite_overdetermination_reading	gold_fiat_transition_mechanism
KERN	gold_fiat_transition_mechanism__creditor_discipline_reading	gold_fiat_transition_mechanism
KERN	gpl_copyleft_scope__enforcement_vacuum_reading	gpl_copyleft_scope
KERN	gpl_copyleft_scope__narrow_scope_reading	gpl_copyleft_scope
KERN	gpl_copyleft_scope__strong_copyleft_reading	gpl_copyleft_scope
KERN	gpl_derivative_work_trigger__broad_copyleft_reading	gpl_derivative_work_trigger
KERN	gpl_derivative_work_trigger__narrow_linking_permissive_reading	gpl_derivative_work_trigger
KERN	gpl_reciprocity_obligation__copyleft_as_commons_reading	gpl_reciprocity_obligation
KERN	gpl_reciprocity_obligation__copyleft_as_freedom_reading	gpl_reciprocity_obligation
KERN	gpl_reciprocity_obligation__copyleft_as_restriction_reading	gpl_reciprocity_obligation
KERN	hagia_sophia_substrate__islamic_sovereignty_reading	hagia_sophia_substrate
KERN	hagia_sophia_substrate__orthodox_restitution_reading	hagia_sophia_substrate
KERN	hagia_sophia_substrate__universal_heritage_reading	hagia_sophia_substrate
KERN	hebrew_continuity__bridge_pidginized	hebrew_continuity
KERN	hebrew_continuity__liturgical_preservation	hebrew_continuity
KERN	hebrew_continuity__native_generative	hebrew_continuity
KERN	hebrew_linguistic_life__liturgical_preservation_reading	hebrew_linguistic_life
KERN	hebrew_linguistic_life__marketplace_pidgin_reading	hebrew_linguistic_life
KERN	hebrew_linguistic_life__native_generational_reading	hebrew_linguistic_life
KERN	hebrew_living_language__literary_revival_reading	hebrew_living_language
KERN	hebrew_living_language__liturgical_continuity_reading	hebrew_living_language
KERN	hebrew_living_language__native_generation_reading	hebrew_living_language
KERN	hebrew_vitality__hybrid_continuity_reading	hebrew_vitality
KERN	hebrew_vitality__liturgical_reading	hebrew_vitality
KERN	hebrew_vitality__native_daily_reading	hebrew_vitality
KERN	herem_command_dt7__allegorical_displacement_reading	herem_command_dt7
KERN	herem_command_dt7__contextual_supersession_reading	herem_command_dt7
KERN	herem_command_dt7__durable_separation_reading	herem_command_dt7
KERN	historical_treaty_substrate__extinguishment_reading	historical_treaty_substrate
KERN	historical_treaty_substrate__nation_to_nation_reading	historical_treaty_substrate
KERN	hoa_covenant_scope__behavioral_control_reading	hoa_covenant_scope
KERN	hoa_covenant_scope__coordination_reading	hoa_covenant_scope
KERN	hoa_covenant_scope__extraction_reading	hoa_covenant_scope
KERN	homoousios_christology__arian_reading	homoousios_christology
KERN	homoousios_christology__pro_nicene_reading	homoousios_christology
KERN	homoousios_christology__semi_arian_reading	homoousios_christology
KERN	homoousios_nicene__honorific_similarity_reading	homoousios_nicene
KERN	homoousios_nicene__metaphysical_equality_reading	homoousios_nicene
KERN	homoousios_nicene__subordinationist_reading	homoousios_nicene
KERN	honor_satisfaction_mechanism__composite_reading	honor_satisfaction_mechanism
KERN	honor_satisfaction_mechanism__contraction_reading	honor_satisfaction_mechanism
KERN	honor_satisfaction_mechanism__decline_reading	honor_satisfaction_mechanism
KERN	honor_satisfaction_substrate__composite_overdetermined_reading	honor_satisfaction_substrate
KERN	honor_satisfaction_substrate__cultural_contraction_reading	honor_satisfaction_substrate
KERN	honor_satisfaction_substrate__practice_decline_reading	honor_satisfaction_substrate
KERN	honor_settlement_legitimacy__composite_reading	honor_settlement_legitimacy
KERN	honor_settlement_legitimacy__contraction_reading	honor_settlement_legitimacy
KERN	honor_settlement_legitimacy__drop_reading	honor_settlement_legitimacy
KERN	honor_violence_legitimacy__composite_reading	honor_violence_legitimacy
KERN	honor_violence_legitimacy__contraction_reading	honor_violence_legitimacy
KERN	honor_violence_legitimacy__drop_reading	honor_violence_legitimacy
KERN	human_dignity_ai_governance__magisterial_integralist_reading	human_dignity_ai_governance
KERN	human_dignity_ai_governance__pluralist_pragmatic_reading	human_dignity_ai_governance
KERN	human_dignity_ai_governance__secular_humanist_reading	human_dignity_ai_governance
KERN	human_dignity_ai_governance__techno_optimist_reading	human_dignity_ai_governance
KERN	human_dignity_ai_safeguarding__autonomy_rights_reading	human_dignity_ai_safeguarding
KERN	human_dignity_ai_safeguarding__imago_dei_reading	human_dignity_ai_safeguarding
KERN	human_dignity_ai_safeguarding__posthumanist_reading	human_dignity_ai_safeguarding
KERN	human_transcendence_pathway__babel_reading	human_transcendence_pathway
KERN	human_transcendence_pathway__jerusalem_reading	human_transcendence_pathway
KERN	human_transcendence_pathway__technocratic_vs_incarnational_reading	human_transcendence_pathway
KERN	humane_treatment_standard__absolute_prohibition	humane_treatment_standard
KERN	humane_treatment_standard__contextual_necessity	humane_treatment_standard
KERN	humane_treatment_standard__proportionality_balancing	humane_treatment_standard
KERN	ietf_openness_commitment__capture_substrate_reading	ietf_openness_commitment
KERN	ietf_openness_commitment__commons_stewardship_reading	ietf_openness_commitment
KERN	ietf_openness_commitment__legitimacy_erosion_reading	ietf_openness_commitment
KERN	ihl_distinction_proportionality__categorical_prohibition_reading	ihl_distinction_proportionality
KERN	ihl_distinction_proportionality__human_agency_reading	ihl_distinction_proportionality
KERN	ihl_distinction_proportionality__outcomes_based_reading	ihl_distinction_proportionality
KERN	imperial_mandate__bakufu_delegation_reading	imperial_mandate
KERN	imperial_mandate__loyalist_restoration_reading	imperial_mandate
KERN	imposition_mechanism_kernel__endogenous_climb_reading	imposition_mechanism_kernel
KERN	imposition_mechanism_kernel__exogenous_override_reading	imposition_mechanism_kernel
KERN	imposition_mechanism_kernel__hybrid_legitimation_reading	imposition_mechanism_kernel
KERN	imposition_pathway_kernel__endogenous_climb_reading	imposition_pathway_kernel
KERN	imposition_pathway_kernel__exogenous_override_reading	imposition_pathway_kernel
KERN	imposition_pathway_kernel__hybrid_cascade_reading	imposition_pathway_kernel
KERN	income_support_commitment__dependency_trap_reading	income_support_commitment
KERN	income_support_commitment__freedom_floor_reading	income_support_commitment
KERN	income_support_commitment__targeting_efficiency_reading	income_support_commitment
KERN	income_support_conditionality__dependency_trap_reading	income_support_conditionality
KERN	income_support_conditionality__freedom_floor_reading	income_support_conditionality
KERN	income_support_conditionality__wage_subsidy_reading	income_support_conditionality
KERN	ip_category_emergence__first_holding_reading	ip_category_emergence
KERN	ip_category_emergence__synchronic_diachronic_seam	ip_category_emergence
KERN	ip_category_emergence__thinkability_reading	ip_category_emergence
KERN	irc_469_material_participation_kernel__strategic_shelter_reading	irc_469_material_participation_kernel
KERN	irc_469_material_participation_kernel__strict_gatekeeper_reading	irc_469_material_participation_kernel
KERN	jati_practice_norm__colonial_census_reading	jati_practice_norm
KERN	jati_practice_norm__localized_practice_reading	jati_practice_norm
KERN	jati_practice_norm__orthodox_textual_reading	jati_practice_norm
KERN	jcpoa_treaty_bindingness__binding_multilateral_reading	jcpoa_treaty_bindingness
KERN	jcpoa_treaty_bindingness__graduated_compliance_reading	jcpoa_treaty_bindingness
KERN	jcpoa_treaty_bindingness__transactional_provisional_reading	jcpoa_treaty_bindingness
KERN	jewish_self_determination__diasporist_reading	jewish_self_determination
KERN	jewish_self_determination__liberal_nationalist_reading	jewish_self_determination
KERN	jewish_self_determination__religious_covenant_reading	jewish_self_determination
KERN	jewish_self_determination__settler_colonial_reading	jewish_self_determination
KERN	jewish_sovereignty_palestine__liberal_nationalist_reading	jewish_sovereignty_palestine
KERN	jewish_sovereignty_palestine__post_zionist_reading	jewish_sovereignty_palestine
KERN	jewish_sovereignty_palestine__religious_zionist_reading	jewish_sovereignty_palestine
KERN	jewish_territorial_claim__cultural_zionism_reading	jewish_territorial_claim
KERN	jewish_territorial_claim__political_zionism_reading	jewish_territorial_claim
KERN	jewish_territorial_claim__revisionist_zionism_reading	jewish_territorial_claim
KERN	jihad_quranic_corpus__defensive_spiritual_reading	jihad_quranic_corpus
KERN	jihad_quranic_corpus__expansionist_legalist_reading	jihad_quranic_corpus
KERN	jihad_quranic_corpus__revolutionary_vanguard_reading	jihad_quranic_corpus
KERN	john_1_1_logos__orthodox_christological	john_1_1_logos
KERN	john_1_1_logos__subordinationist	john_1_1_logos
KERN	july_charter_sovereign_legitimacy__guided_nationalism_reading	july_charter_sovereign_legitimacy
KERN	july_charter_sovereign_legitimacy__military_custodian_reading	july_charter_sovereign_legitimacy
KERN	july_charter_sovereign_legitimacy__secular_democratic_reading	july_charter_sovereign_legitimacy
KERN	jurisprudential_method_kernel__hanafi_reading	jurisprudential_method_kernel
KERN	jurisprudential_method_kernel__hanbali_reading	jurisprudential_method_kernel
KERN	jurisprudential_method_kernel__maliki_reading	jurisprudential_method_kernel
KERN	jurisprudential_method_kernel__shafii_reading	jurisprudential_method_kernel
KERN	kami_buddha_ontology__domain_partition	kami_buddha_ontology
KERN	kami_buddha_ontology__honji_suijaku_monism	kami_buddha_ontology
KERN	kami_buddha_ontology__incoherent_bundle	kami_buddha_ontology
KERN	kjv_text_1611__exclusive_inspiration_reading	kjv_text_1611
KERN	kjv_text_1611__functional_equivalence_reading	kjv_text_1611
KERN	kjv_text_1611__revisable_translation_reading	kjv_text_1611
KERN	kodashim_commandment_status__messianic_deferral	kodashim_commandment_status
KERN	kodashim_commandment_status__performance_only	kodashim_commandment_status
KERN	kodashim_commandment_status__study_as_performance	kodashim_commandment_status
KERN	kodashim_corpus__performance_only	kodashim_corpus
KERN	kodashim_corpus__study_as_exercise	kodashim_corpus
KERN	kodashim_corpus__substitution_archive	kodashim_corpus
KERN	kodashim_obligation__study_as_archive	kodashim_obligation
KERN	kodashim_obligation__study_as_performance	kodashim_obligation
KERN	kodashim_obligation__study_as_preparation	kodashim_obligation
KERN	latin_correctness__continuity_reading	latin_correctness
KERN	latin_correctness__hybrid_reading	latin_correctness
KERN	latin_correctness__rupture_reading	latin_correctness
KERN	lausanne_minority_protections__expansive_reading	lausanne_minority_protections
KERN	lausanne_minority_protections__restrictive_reading	lausanne_minority_protections
KERN	legal_personhood_boundary__developmental_potentiality_reading	legal_personhood_boundary
KERN	legal_personhood_boundary__functional_capacity_reading	legal_personhood_boundary
KERN	legal_personhood_boundary__restrictive_anthropocentric_reading	legal_personhood_boundary
KERN	legitimacy_of_imposed_practice__endogenous_climb_reading	legitimacy_of_imposed_practice
KERN	legitimacy_of_imposed_practice__exogenous_override_reading	legitimacy_of_imposed_practice
KERN	legitimacy_of_imposed_practice__hybrid_scaffolding_reading	legitimacy_of_imposed_practice
KERN	legitimacy_of_practice_standardization__dual_practice_equilibrium_reading	legitimacy_of_practice_standardization
KERN	legitimacy_of_practice_standardization__endogenous_displacement_reading	legitimacy_of_practice_standardization
KERN	legitimacy_of_practice_standardization__exogenous_override_reading	legitimacy_of_practice_standardization
KERN	legitimate_health_intervention__bodily_autonomy_primary	legitimate_health_intervention
KERN	legitimate_health_intervention__proportionality_reading	legitimate_health_intervention
KERN	legitimate_health_intervention__public_health_primary	legitimate_health_intervention
KERN	legitimate_knowledge_boundary__credentialed_expertise_reading	legitimate_knowledge_boundary
KERN	legitimate_knowledge_boundary__experiential_pluralism_reading	legitimate_knowledge_boundary
KERN	legitimate_knowledge_boundary__hybrid_coproduction_reading	legitimate_knowledge_boundary
KERN	liability_attribution__deployer_liability	liability_attribution
KERN	liability_attribution__developer_liability	liability_attribution
KERN	liability_attribution__shared_liability	liability_attribution
KERN	licensing_statute_mandate__graduated_access_filter	licensing_statute_mandate
KERN	licensing_statute_mandate__public_safety_coordination	licensing_statute_mandate
KERN	licensing_statute_mandate__rent_seeking_suppression	licensing_statute_mandate
KERN	literacy_acquisition_kernel__balanced_literacy_reading	literacy_acquisition_kernel
KERN	literacy_acquisition_kernel__phonics_reading	literacy_acquisition_kernel
KERN	literacy_acquisition_kernel__structured_literacy_reading	literacy_acquisition_kernel
KERN	literacy_acquisition_kernel__whole_language_reading	literacy_acquisition_kernel
KERN	living_language_status__literary_continuity_reading	living_language_status
KERN	living_language_status__liturgical_preservation_reading	living_language_status
KERN	living_language_status__native_generation_reading	living_language_status
KERN	lycurgan_laws__adaptive_fiction_reading	lycurgan_laws
KERN	lycurgan_laws__sacral_fidelity_reading	lycurgan_laws
KERN	maat_order_principle__distributed_maintenance_reading	maat_order_principle
KERN	maat_order_principle__divine_mandate_reading	maat_order_principle
KERN	magna_carta_1215__baronial_privilege_reading	magna_carta_1215
KERN	magna_carta_1215__living_document_reading	magna_carta_1215
KERN	magna_carta_1215__universal_rights_reading	magna_carta_1215
KERN	magna_carta_clause_39__feudal_prerogative_reading	magna_carta_clause_39
KERN	magna_carta_clause_39__liberal_due_process_reading	magna_carta_clause_39
KERN	magna_carta_clause_39__originalist_limitation_reading	magna_carta_clause_39
KERN	magna_carta_constraint_authority__feudal_obsolescence_reading	magna_carta_constraint_authority
KERN	magna_carta_constraint_authority__living_constitutionalism_reading	magna_carta_constraint_authority
KERN	magna_carta_constraint_authority__parliamentary_sovereignty_reading	magna_carta_constraint_authority
KERN	mandate_legitimacy_scope__bodily_autonomy_primary	mandate_legitimacy_scope
KERN	mandate_legitimacy_scope__proportionality_reading	mandate_legitimacy_scope
KERN	mandate_legitimacy_scope__public_health_primary	mandate_legitimacy_scope
KERN	manifesto_revolutionary_method__council_communist_reading	manifesto_revolutionary_method
KERN	manifesto_revolutionary_method__democratic_gradualism_reading	manifesto_revolutionary_method
KERN	manifesto_revolutionary_method__vanguard_rupture_reading	manifesto_revolutionary_method
KERN	market_as_natural_default__beneficiary_maintained_reading	market_as_natural_default
KERN	market_as_natural_default__hybrid_amnesia_reading	market_as_natural_default
KERN	market_as_natural_default__lapsed_alternative_reading	market_as_natural_default
KERN	market_naturalization__beneficiary_maintained_reading	market_naturalization
KERN	market_naturalization__hybrid_reading	market_naturalization
KERN	market_naturalization__lapsed_alternative_reading	market_naturalization
KERN	marriage_authority__communal_autonomy_reading	marriage_authority
KERN	marriage_authority__federalist_millet_reading	marriage_authority
KERN	marriage_authority__gender_rights_reading	marriage_authority
KERN	marriage_authority__secularist_reading	marriage_authority
KERN	marriage_authority_kernel__christian_canonical_reading	marriage_authority_kernel
KERN	marriage_authority_kernel__hindu_codified_reading	marriage_authority_kernel
KERN	marriage_authority_kernel__muslim_shariat_reading	marriage_authority_kernel
KERN	marriage_authority_kernel__parsi_communal_reading	marriage_authority_kernel
KERN	marriage_authority_kernel__secular_civil_reading	marriage_authority_kernel
KERN	marriage_commitment_legitimacy__endogenous_reinterpretation_reading	marriage_commitment_legitimacy
KERN	marriage_commitment_legitimacy__exogenous_override_reading	marriage_commitment_legitimacy
KERN	marriage_commitment_legitimacy__hybrid_pragmatic_reading	marriage_commitment_legitimacy
KERN	marriage_commitment_reversal__endogenous_reinterpretation_reading	marriage_commitment_reversal
KERN	marriage_commitment_reversal__exogenous_override_reading	marriage_commitment_reversal
KERN	marriage_commitment_reversal__practice_doctrine_gap	marriage_commitment_reversal
KERN	marriage_sacrament__civic_pastoral_reading	marriage_sacrament
KERN	marriage_sacrament__hierarchical_indissolubility_reading	marriage_sacrament
KERN	monetary_anchor_principle__overdetermined_composite_reading	monetary_anchor_principle
KERN	monetary_anchor_principle__punctuated_swap_reading	monetary_anchor_principle
KERN	monetary_anchor_principle__triffin_inevitability_reading	monetary_anchor_principle
KERN	monopoly_rulebook__extraction_demo_reading	monopoly_rulebook
KERN	monopoly_rulebook__social_scaffold_reading	monopoly_rulebook
KERN	monopoly_rulebook__tournament_orthodoxy_reading	monopoly_rulebook
KERN	montevideo_statehood_criteria__constitutive_reading	montevideo_statehood_criteria
KERN	montevideo_statehood_criteria__declaratory_reading	montevideo_statehood_criteria
KERN	montevideo_statehood_criteria__hybrid_reading	montevideo_statehood_criteria
KERN	nafta_jurisdictional_boundary__capital_supremacy_reading	nafta_jurisdictional_boundary
KERN	nafta_jurisdictional_boundary__embedded_liberalism_reading	nafta_jurisdictional_boundary
KERN	nafta_jurisdictional_boundary__sovereignty_primacy_reading	nafta_jurisdictional_boundary
KERN	naskh_principle__classical_abrogation	naskh_principle
KERN	naskh_principle__contextual_harmonization	naskh_principle
KERN	naskh_principle__progressive_restriction	naskh_principle
KERN	nicene_christological_kernel__homoiousios_reading	nicene_christological_kernel
KERN	nicene_christological_kernel__homoousios_reading	nicene_christological_kernel
KERN	nicene_creed_authority__strict_orthodox_reading	nicene_creed_authority
KERN	nicene_creed_authority__symbolic_confessional_reading	nicene_creed_authority
KERN	notability_guidelines__deletionist_reading	notability_guidelines
KERN	notability_guidelines__inclusionist_reading	notability_guidelines
KERN	npt_article_iv_vi_pairing__abolitionist	npt_article_iv_vi_pairing
KERN	npt_article_iv_vi_pairing__grand_bargain	npt_article_iv_vi_pairing
KERN	npt_article_iv_vi_pairing__nonproliferation_primary	npt_article_iv_vi_pairing
KERN	npt_treaty_1970__oligopoly_enforcement_reading	npt_treaty_1970
KERN	npt_treaty_1970__reciprocal_disarmament_reading	npt_treaty_1970
KERN	npt_treaty_1970__withdrawal_sovereignty_reading	npt_treaty_1970
KERN	npt_treaty_text__nnws_reading	npt_treaty_text
KERN	npt_treaty_text__nws_reading	npt_treaty_text
KERN	npt_treaty_text__withdrawal_threshold_reading	npt_treaty_text
KERN	nsl_legal_text__democratic_enclosure_reading	nsl_legal_text
KERN	nsl_legal_text__jurisdictional_capture_reading	nsl_legal_text
KERN	nsl_legal_text__sovereignty_restoration_reading	nsl_legal_text
KERN	nuclear_impossibility_kernel__credibility_paradox_reading	nuclear_impossibility_kernel
KERN	nuclear_impossibility_kernel__rational_dropout_reading	nuclear_impossibility_kernel
KERN	nuclear_impossibility_kernel__structural_contraction_reading	nuclear_impossibility_kernel
KERN	one_country_two_systems_framework__autonomy_primacy_reading	one_country_two_systems_framework
KERN	one_country_two_systems_framework__balanced_coexistence_reading	one_country_two_systems_framework
KERN	one_country_two_systems_framework__sovereignty_primacy_reading	one_country_two_systems_framework
KERN	orthographic_kernel__continuity_reading	orthographic_kernel
KERN	orthographic_kernel__modernization_reading	orthographic_kernel
KERN	orthographic_kernel__rupture_reading	orthographic_kernel
KERN	orthographic_legitimacy_kernel__continuity_reading	orthographic_legitimacy_kernel
KERN	orthographic_legitimacy_kernel__instrumentalist_reading	orthographic_legitimacy_kernel
KERN	orthographic_legitimacy_kernel__modernist_reading	orthographic_legitimacy_kernel
KERN	ost_article_ii_non_appropriation__commons_conservation	ost_article_ii_non_appropriation
KERN	ost_article_ii_non_appropriation__extraction_permissive	ost_article_ii_non_appropriation
KERN	ost_article_ii_non_appropriation__international_regime	ost_article_ii_non_appropriation
KERN	paris_article_4_ndc__equity_reading	paris_article_4_ndc
KERN	paris_article_4_ndc__sovereigntist_reading	paris_article_4_ndc
KERN	paris_article_4_ndc__supranational_reading	paris_article_4_ndc
KERN	performance_legitimacy__livelihood_security_reading	performance_legitimacy
KERN	performance_legitimacy__qualitative_development_reading	performance_legitimacy
KERN	performance_legitimacy__quantitative_growth_reading	performance_legitimacy
KERN	performance_legitimacy__techno_nationalist_reading	performance_legitimacy
KERN	permissive_license_text__commons_coordination_reading	permissive_license_text
KERN	permissive_license_text__copyleft_counterfactual_reading	permissive_license_text
KERN	permissive_license_text__corporate_moat_reading	permissive_license_text
KERN	personhood_boundary__birth_threshold_reading	personhood_boundary
KERN	personhood_boundary__fitness_contingent_reading	personhood_boundary
KERN	personhood_boundary__potential_based_reading	personhood_boundary
KERN	plural_marriage_mandate__endogenous_reinterpretation_reading	plural_marriage_mandate
KERN	plural_marriage_mandate__exogenous_override_reading	plural_marriage_mandate
KERN	plural_marriage_mandate__institutional_pragmatism_reading	plural_marriage_mandate
KERN	preparedness_commitment__competence_reading	preparedness_commitment
KERN	preparedness_commitment__husk_reading	preparedness_commitment
KERN	preparedness_commitment__hybrid_reading	preparedness_commitment
KERN	preparedness_persistence__competence_reading	preparedness_persistence
KERN	preparedness_persistence__husk_reading	preparedness_persistence
KERN	preparedness_persistence__hybrid_reading	preparedness_persistence
KERN	preparedness_retention__competence_reading	preparedness_retention
KERN	preparedness_retention__husk_reading	preparedness_retention
KERN	preparedness_retention__hybrid_reading	preparedness_retention
KERN	preparedness_transmission__competence_reading	preparedness_transmission
KERN	preparedness_transmission__husk_reading	preparedness_transmission
KERN	preparedness_transmission__hybrid_reading	preparedness_transmission
KERN	press_reformation_causality__co_constitution	press_reformation_causality
KERN	press_reformation_causality__technological_determinism	press_reformation_causality
KERN	press_reformation_causation__technological_determinism	press_reformation_causation
KERN	price_formation_kernel__financialization_reading	price_formation_kernel
KERN	price_formation_kernel__georgist_reading	price_formation_kernel
KERN	price_formation_kernel__institutional_reading	price_formation_kernel
KERN	price_formation_kernel__naturalist_reading	price_formation_kernel
KERN	provincial_sovereignty_boundary__compact_federalism	provincial_sovereignty_boundary
KERN	provincial_sovereignty_boundary__constitutional_subordination	provincial_sovereignty_boundary
KERN	provincial_sovereignty_boundary__resource_sovereignty_primacy	provincial_sovereignty_boundary
KERN	public_health_mandate_authority__bodily_autonomy_primary	public_health_mandate_authority
KERN	public_health_mandate_authority__proportionality_reading	public_health_mandate_authority
KERN	public_health_mandate_authority__public_health_primary	public_health_mandate_authority
KERN	qualified_immunity_doctrine__accountability_void_reading	qualified_immunity_doctrine
KERN	qualified_immunity_doctrine__constitutional_fidelity_reading	qualified_immunity_doctrine
KERN	quantum_formalism__copenhagen_reading	quantum_formalism
KERN	quantum_formalism__many_worlds_reading	quantum_formalism
KERN	quantum_formalism__pilot_wave_reading	quantum_formalism
KERN	quran_9_5_scope__abrogating_universal	quran_9_5_scope
KERN	quran_9_5_scope__contextual_defensive	quran_9_5_scope
KERN	quran_9_5_scope__progressive_synthesis	quran_9_5_scope
KERN	quran_hadith_substrate__reformist_ijtihad	quran_hadith_substrate
KERN	quran_hadith_substrate__state_hybrid	quran_hadith_substrate
KERN	quran_hadith_substrate__traditionalist_taqlid	quran_hadith_substrate
KERN	quran_ontological_status__created_reading	quran_ontological_status
KERN	quran_ontological_status__state_enforced_creation_reading	quran_ontological_status
KERN	quran_ontological_status__uncreated_reading	quran_ontological_status
KERN	quranic_gender_verses__contextual_egalitarian	quranic_gender_verses
KERN	quranic_gender_verses__literal_hierarchical	quranic_gender_verses
KERN	quranic_gender_verses__progressive_abrogation	quranic_gender_verses
KERN	qwerty_persistence__incumbent_preservation_reading	qwerty_persistence
KERN	qwerty_persistence__lapsed_alternatives_reading	qwerty_persistence
KERN	qwerty_persistence_inevitability__path_dependency_reading	qwerty_persistence_inevitability
KERN	qwerty_persistence_inevitability__strategic_lock_in_reading	qwerty_persistence_inevitability
KERN	qwerty_persistence_mechanism__beneficiary_extraction_reading	qwerty_persistence_mechanism
KERN	qwerty_persistence_mechanism__lock_in_reading	qwerty_persistence_mechanism
KERN	qwerty_persistence_mechanism__naturalization_reading	qwerty_persistence_mechanism
KERN	rbio_practice_norm_complex__hegemonic_extraction_reading	rbio_practice_norm_complex
KERN	rbio_practice_norm_complex__liberal_institutional_reading	rbio_practice_norm_complex
KERN	rbio_practice_norm_complex__sovereignty_maximalist_reading	rbio_practice_norm_complex
KERN	reading_acquisition_legitimacy__balanced_literacy_integration	reading_acquisition_legitimacy
KERN	reading_acquisition_legitimacy__phonics_decoding_primacy	reading_acquisition_legitimacy
KERN	reading_acquisition_legitimacy__structured_literacy_remediation	reading_acquisition_legitimacy
KERN	reading_acquisition_mechanism__balanced_literacy_reading	reading_acquisition_mechanism
KERN	reading_acquisition_mechanism__phonics_reading	reading_acquisition_mechanism
KERN	reading_acquisition_mechanism__whole_language_reading	reading_acquisition_mechanism
KERN	reformation_composite__political_realignment_reading	reformation_composite
KERN	reformation_composite__technological_mediation_reading	reformation_composite
KERN	reformation_composite__theological_fragmentation_reading	reformation_composite
KERN	reformation_event_boundary__composite_overdetermination_reading	reformation_event_boundary
KERN	reformation_event_boundary__political_swap_reading	reformation_event_boundary
KERN	reformation_event_boundary__theological_climb_reading	reformation_event_boundary
KERN	refugee_convention_text__procedural_integrity_reading	refugee_convention_text
KERN	refugee_convention_text__restrictive_sovereignty_reading	refugee_convention_text
KERN	remonstrance_authority__crown_reading	remonstrance_authority
KERN	remonstrance_authority__magistrate_reading	remonstrance_authority
KERN	rfc9293_tcp_specification__middlebox_realism_reading	rfc9293_tcp_specification
KERN	rfc9293_tcp_specification__optimization_latitude_reading	rfc9293_tcp_specification
KERN	rfc9293_tcp_specification__strict_invariance_reading	rfc9293_tcp_specification
KERN	rogers_commission_findings__actuarial_risk_acceptance	rogers_commission_findings
KERN	rogers_commission_findings__engineering_absolute_threshold	rogers_commission_findings
KERN	rogers_commission_findings__management_compliance_narrative	rogers_commission_findings
KERN	rome_statute_jurisdiction__hybrid_complementarity_reading	rome_statute_jurisdiction
KERN	rome_statute_jurisdiction__sovereigntist_reading	rome_statute_jurisdiction
KERN	rome_statute_jurisdiction__universalist_reading	rome_statute_jurisdiction
KERN	sacrifice_commandment__archive_maintenance	sacrifice_commandment
KERN	sacrifice_commandment__performance_only	sacrifice_commandment
KERN	sacrifice_commandment__study_as_performance	sacrifice_commandment
KERN	sacrifice_obligation_continuity__archival_preservation	sacrifice_obligation_continuity
KERN	sacrifice_obligation_continuity__messianic_suspension	sacrifice_obligation_continuity
KERN	sacrifice_obligation_continuity__performance_only	sacrifice_obligation_continuity
KERN	sacrifice_obligation_continuity__study_as_performance	sacrifice_obligation_continuity
KERN	sacrifice_obligation_kernel__messianic_suspension_reading	sacrifice_obligation_kernel
KERN	sacrifice_obligation_kernel__performance_only_reading	sacrifice_obligation_kernel
KERN	sacrifice_obligation_kernel__study_as_exercise_reading	sacrifice_obligation_kernel
KERN	sacrifice_obligation_kernel__symbolic_archive_reading	sacrifice_obligation_kernel
KERN	salic_prohibition__cognatic_reversion_reading	salic_prohibition
KERN	salic_prohibition__immutable_mandate_reading	salic_prohibition
KERN	salic_prohibition__sovereign_override_reading	salic_prohibition
KERN	script_as_identity__kemalist_rupture_reading	script_as_identity
KERN	script_as_identity__ottoman_continuity_reading	script_as_identity
KERN	script_as_identity__phonetic_instrumentalism_reading	script_as_identity
KERN	secession_legitimacy_boundary__grievance_threshold_reading	secession_legitimacy_boundary
KERN	secession_legitimacy_boundary__popular_sovereignty_reading	secession_legitimacy_boundary
KERN	secession_legitimacy_boundary__treaty_primacy_reading	secession_legitimacy_boundary
KERN	second_amendment_arms_right__civic_republican_reading	second_amendment_arms_right
KERN	second_amendment_arms_right__collective_right_reading	second_amendment_arms_right
KERN	second_amendment_arms_right__individual_right_reading	second_amendment_arms_right
KERN	second_amendment_boundary__individual_right_reading	second_amendment_boundary
KERN	second_amendment_boundary__insurrectionist_reading	second_amendment_boundary
KERN	second_amendment_boundary__militia_conditioned_reading	second_amendment_boundary
KERN	second_amendment_scope__civic_right_reading	second_amendment_scope
KERN	second_amendment_scope__collective_right_reading	second_amendment_scope
KERN	second_amendment_scope__individual_right_reading	second_amendment_scope
KERN	second_amendment_text__collective_security_reading	second_amendment_text
KERN	second_amendment_text__individual_right_reading	second_amendment_text
KERN	second_amendment_text__originalist_civic_virtue_reading	second_amendment_text
KERN	separation_of_powers_text__formalist_reading	separation_of_powers_text
KERN	separation_of_powers_text__functionalist_reading	separation_of_powers_text
KERN	separation_of_powers_text__unitary_executive_reading	separation_of_powers_text
KERN	sex_gender_category__biology_reading	sex_gender_category
KERN	sex_gender_category__hybrid_reading	sex_gender_category
KERN	shinbutsu_coexistence_commitment__domain_partition_reading	shinbutsu_coexistence_commitment
KERN	shinbutsu_coexistence_commitment__incoherent_bundle_reading	shinbutsu_coexistence_commitment
KERN	shinbutsu_coexistence_commitment__syncretic_fusion_reading	shinbutsu_coexistence_commitment
KERN	shinbutsu_ontological_commitment__partition_reading	shinbutsu_ontological_commitment
KERN	shinbutsu_ontological_commitment__syncretic_reading	shinbutsu_ontological_commitment
KERN	shinbutsu_ontological_substrate__domain_partition_reading	shinbutsu_ontological_substrate
KERN	shinbutsu_ontological_substrate__incoherent_bundle_reading	shinbutsu_ontological_substrate
KERN	shinbutsu_ontological_substrate__syncretic_fusion_reading	shinbutsu_ontological_substrate
KERN	simultaneous_veneration__domain_partition_reading	simultaneous_veneration
KERN	simultaneous_veneration__ontological_fusion_reading	simultaneous_veneration
KERN	simultaneous_veneration__pragmatic_incoherence_reading	simultaneous_veneration
KERN	software_control_legitimacy__commons_reading	software_control_legitimacy
KERN	software_control_legitimacy__freedom_imperative_reading	software_control_legitimacy
KERN	software_control_legitimacy__pragmatic_openness_reading	software_control_legitimacy
KERN	software_control_legitimacy__property_rights_reading	software_control_legitimacy
KERN	software_source_status__freedom_imperative_reading	software_source_status
KERN	software_source_status__pragmatic_development_reading	software_source_status
KERN	software_source_status__property_rights_reading	software_source_status
KERN	software_source_status__utilitarian_hybrid_reading	software_source_status
KERN	sovereign_legitimacy__constitutional_hybrid_reading	sovereign_legitimacy
KERN	sovereign_legitimacy__monarchical_reading	sovereign_legitimacy
KERN	sovereign_legitimacy__republican_reading	sovereign_legitimacy
KERN	speech_harm_boundary__absolutist_reading	speech_harm_boundary
KERN	speech_harm_boundary__dignity_reading	speech_harm_boundary
KERN	speech_harm_boundary__harm_balancing_reading	speech_harm_boundary
KERN	speech_protection_boundary__absolutist_reading	speech_protection_boundary
KERN	speech_protection_boundary__balancing_reading	speech_protection_boundary
KERN	speech_protection_boundary__harm_limited_reading	speech_protection_boundary
KERN	speech_protection_kernel__democratic_participation_reading	speech_protection_kernel
KERN	speech_protection_kernel__dignity_reading	speech_protection_kernel
KERN	speech_protection_kernel__harm_threshold_reading	speech_protection_kernel
KERN	speech_protection_kernel__marketplace_reading	speech_protection_kernel
KERN	state_commitment_installation_mechanism__endogenous_climb_reading	state_commitment_installation_mechanism
KERN	state_commitment_installation_mechanism__exogenous_imposition_reading	state_commitment_installation_mechanism
KERN	state_commitment_installation_mechanism__hybrid_cascade_reading	state_commitment_installation_mechanism
KERN	state_execution_authority__abolition_reading	state_execution_authority
KERN	state_execution_authority__deterrence_reading	state_execution_authority
KERN	state_execution_authority__retributive_reading	state_execution_authority
KERN	state_killing_authority__categorical_abolition	state_killing_authority
KERN	state_killing_authority__deterrence_instrument	state_killing_authority
KERN	state_killing_authority__retributive_desert	state_killing_authority
KERN	state_killing_legitimacy__deterrence_reading	state_killing_legitimacy
KERN	state_killing_legitimacy__retributive_reading	state_killing_legitimacy
KERN	statute_of_anne_ip_foundation__conceptual_emergence_reading	statute_of_anne_ip_foundation
KERN	statute_of_anne_ip_foundation__institutional_reallocation_reading	statute_of_anne_ip_foundation
KERN	statutory_debt_ceiling__constitutional_nullity_reading	statutory_debt_ceiling
KERN	statutory_debt_ceiling__extraction_snare_reading	statutory_debt_ceiling
KERN	stone_land_use_rule__behavioral_competence	stone_land_use_rule
KERN	stone_land_use_rule__commemorative_husk	stone_land_use_rule
KERN	structural_adjustment_conditionalities__creditor_coordination_reading	structural_adjustment_conditionalities
KERN	structural_adjustment_conditionalities__debtor_extraction_reading	structural_adjustment_conditionalities
KERN	structural_adjustment_conditionalities__hybrid_selectivity_reading	structural_adjustment_conditionalities
KERN	substance_control_authority__harm_reduction_reading	substance_control_authority
KERN	substance_control_authority__legalization_reading	substance_control_authority
KERN	substance_control_authority__prohibition_reading	substance_control_authority
KERN	substance_control_kernel__harm_reduction_reading	substance_control_kernel
KERN	substance_control_kernel__legalization_reading	substance_control_kernel
KERN	substance_control_kernel__prohibition_reading	substance_control_kernel
KERN	substance_control_legitimacy__harm_reduction_reading	substance_control_legitimacy
KERN	substance_control_legitimacy__legalization_reading	substance_control_legitimacy
KERN	substance_control_legitimacy__prohibition_reading	substance_control_legitimacy
KERN	supermajority_threshold__adaptive_gradient_reading	supermajority_threshold
KERN	supermajority_threshold__consensus_safeguard_reading	supermajority_threshold
KERN	supermajority_threshold__minoritarian_veto_reading	supermajority_threshold
KERN	takings_clause_boundary__categorical_takings_reading	takings_clause_boundary
KERN	takings_clause_boundary__physical_appropriation_reading	takings_clause_boundary
KERN	takings_clause_boundary__regulatory_takings_reading	takings_clause_boundary
KERN	tcp_ip_interpretation__neutrality_reading	tcp_ip_interpretation
KERN	tcp_ip_interpretation__prioritization_reading	tcp_ip_interpretation
KERN	tcp_ip_interpretation__zero_rating_reading	tcp_ip_interpretation
KERN	technology_legitimacy_kernel__precautionary_reading	technology_legitimacy_kernel
KERN	technology_legitimacy_kernel__reliability_primacy_reading	technology_legitimacy_kernel
KERN	technology_legitimacy_kernel__velocity_primacy_reading	technology_legitimacy_kernel
KERN	technology_reformation_causality__beneficiary_agency_reading	technology_reformation_causality
KERN	technology_reformation_causality__co_constitution_reading	technology_reformation_causality
KERN	technology_reformation_causality__technological_determinism_reading	technology_reformation_causality
KERN	temple_sacrifice_commitment__hybrid_preparatory	temple_sacrifice_commitment
KERN	temple_sacrifice_commitment__performance_only	temple_sacrifice_commitment
KERN	temple_sacrifice_commitment__study_as_exercise	temple_sacrifice_commitment
KERN	temple_sacrifice_commitment__symbolic_transformation	temple_sacrifice_commitment
KERN	temple_sacrifice_obligation__messianic_suspension	temple_sacrifice_obligation
KERN	temple_sacrifice_obligation__study_as_archiving	temple_sacrifice_obligation
KERN	temple_sacrifice_obligation__study_as_occupation	temple_sacrifice_obligation
KERN	tenure_contract__academic_freedom_reading	tenure_contract
KERN	tenure_contract__demographic_reproduction_reading	tenure_contract
KERN	tenure_contract__institutional_extraction_reading	tenure_contract
KERN	territorial_legitimacy__indigenous_continuity_reading	territorial_legitimacy
KERN	territorial_legitimacy__partition_reading	territorial_legitimacy
KERN	territorial_legitimacy__security_necessity_reading	territorial_legitimacy
KERN	territorial_legitimacy_dual__palestinian_autochthony_reading	territorial_legitimacy_dual
KERN	territorial_legitimacy_dual__two_state_coexistence_reading	territorial_legitimacy_dual
KERN	territorial_legitimacy_dual__zionist_refuge_reading	territorial_legitimacy_dual
KERN	territorial_sovereignty_legitimacy__covenant_continuity_reading	territorial_sovereignty_legitimacy
KERN	territorial_sovereignty_legitimacy__existential_matrix_reading	territorial_sovereignty_legitimacy
KERN	territorial_sovereignty_legitimacy__self_determination_reading	territorial_sovereignty_legitimacy
KERN	tordesillas_demarcation_kernel__portuguese_exploration_legitimation	tordesillas_demarcation_kernel
KERN	tordesillas_demarcation_kernel__spanish_conquest_legitimation	tordesillas_demarcation_kernel
KERN	total_war_possibility_space__deterrence_equilibrium_reading	total_war_possibility_space
KERN	total_war_possibility_space__nuclear_taboo_reading	total_war_possibility_space
KERN	total_war_possibility_space__space_contraction_reading	total_war_possibility_space
KERN	total_war_reachability_boundary__contingent_reachability_reading	total_war_reachability_boundary
KERN	total_war_reachability_boundary__contraction_reading	total_war_reachability_boundary
KERN	total_war_reachability_boundary__dropping_reading	total_war_reachability_boundary
KERN	total_war_winnability_post1945__normative_reading_drop	total_war_winnability_post1945
KERN	total_war_winnability_post1945__strategic_culture_drift	total_war_winnability_post1945
KERN	total_war_winnability_post1945__structural_contraction_reading	total_war_winnability_post1945
KERN	transition_causality__contingent_choice_reading	transition_causality
KERN	transition_causality__hybrid_trigger_reading	transition_causality
KERN	transition_causality__overdetermined_collapse_reading	transition_causality
KERN	treaty_authority_cession__crown_cession_reading	treaty_authority_cession
KERN	treaty_authority_cession__rangatiratanga_retention_reading	treaty_authority_cession
KERN	treaty_authority_cession__retrospective_snare_exposure	treaty_authority_cession
KERN	trips_agreement_interpretive_kernel__dispute_settlement_interpretive_authority	trips_agreement_interpretive_kernel
KERN	trips_agreement_interpretive_kernel__public_health_flexibility_reading	trips_agreement_interpretive_kernel
KERN	trips_agreement_interpretive_kernel__strong_exclusivity_reading	trips_agreement_interpretive_kernel
KERN	tsunami_stone_commitment__behavioral_competence_reading	tsunami_stone_commitment
KERN	tsunami_stone_commitment__catastrophe_validation_axis	tsunami_stone_commitment
KERN	tsunami_stone_commitment__commemorative_husk_reading	tsunami_stone_commitment
KERN	turkish_graphemic_substrate__gradual_transition_reading	turkish_graphemic_substrate
KERN	turkish_graphemic_substrate__ottoman_continuity_reading	turkish_graphemic_substrate
KERN	turkish_graphemic_substrate__secular_nationalist_reading	turkish_graphemic_substrate
KERN	udhr_article_3__positive_entitlement_reading	udhr_article_3
KERN	udhr_article_3__procedural_hybrid_reading	udhr_article_3
KERN	udhr_authority__aspirational_sovereignty_reading	udhr_authority
KERN	udhr_authority__binding_universalism_reading	udhr_authority
KERN	udhr_authority__customary_emergence_reading	udhr_authority
KERN	unclos_maritime_sovereignty__expansive_construction_reading	unclos_maritime_sovereignty
KERN	unclos_maritime_sovereignty__hybrid_effective_control_reading	unclos_maritime_sovereignty
KERN	unclos_maritime_sovereignty__strict_geographic_reading	unclos_maritime_sovereignty
KERN	unclos_sovereignty_boundary__historical_rights_reading	unclos_sovereignty_boundary
KERN	unclos_sovereignty_boundary__non_ratifier_enforcement_reading	unclos_sovereignty_boundary
KERN	unclos_sovereignty_boundary__strict_eez_reading	unclos_sovereignty_boundary
KERN	unconditional_income_support__dependency_trap_reading	unconditional_income_support
KERN	unconditional_income_support__freedom_floor_reading	unconditional_income_support
KERN	unconditional_income_support__universality_paradox_reading	unconditional_income_support
KERN	unsc_242_withdrawal_clause__interpretive_authority_structure	unsc_242_withdrawal_clause
KERN	unsc_242_withdrawal_clause__maximal_withdrawal_reading	unsc_242_withdrawal_clause
KERN	unsc_242_withdrawal_clause__partial_withdrawal_reading	unsc_242_withdrawal_clause
KERN	us_constitution_1787__living_reading	us_constitution_1787
KERN	us_constitution_1787__originalist_reading	us_constitution_1787
KERN	us_constitution_1787__positivist_reading	us_constitution_1787
KERN	us_constitution_interpretive__living_constitution_reading	us_constitution_interpretive
KERN	us_constitution_interpretive__originalist_reading	us_constitution_interpretive
KERN	us_constitution_interpretive__popular_constitutionalism_reading	us_constitution_interpretive
KERN	us_constitution_meaning__living_constitutionalist_reading	us_constitution_meaning
KERN	us_constitution_meaning__originalist_reading	us_constitution_meaning
KERN	us_constitution_meaning__positivist_reading	us_constitution_meaning
KERN	us_constitution_text__living_constitutionalist_reading	us_constitution_text
KERN	us_constitution_text__originalist_reading	us_constitution_text
KERN	us_constitution_text__positivist_reading	us_constitution_text
KERN	usul_al_fiqh_method__hanafi_reading	usul_al_fiqh_method
KERN	usul_al_fiqh_method__hanbali_reading	usul_al_fiqh_method
KERN	usul_al_fiqh_method__maliki_reading	usul_al_fiqh_method
KERN	usul_al_fiqh_method__shafii_reading	usul_al_fiqh_method
KERN	vaccine_mandate_balance__bodily_autonomy_primary	vaccine_mandate_balance
KERN	vaccine_mandate_balance__proportionality_reading	vaccine_mandate_balance
KERN	vaccine_mandate_balance__public_health_primary	vaccine_mandate_balance
KERN	vaccine_mandate_legitimacy__bodily_autonomy_primacy_reading	vaccine_mandate_legitimacy
KERN	vaccine_mandate_legitimacy__public_health_primacy_reading	vaccine_mandate_legitimacy
KERN	vaccine_mandate_legitimacy__risk_stratification_reading	vaccine_mandate_legitimacy
KERN	valuation_legitimacy__dcf_fundamentalist	valuation_legitimacy
KERN	valuation_legitimacy__governance_skeptic	valuation_legitimacy
KERN	valuation_legitimacy__musk_cult_believer	valuation_legitimacy
KERN	valuation_legitimacy__real_options_technologist	valuation_legitimacy
KERN	vatican_ii_authority__composite_overdetermination_reading	vatican_ii_authority
KERN	vatican_ii_authority__continuity_reading	vatican_ii_authority
KERN	vatican_ii_authority__rupture_reading	vatican_ii_authority
KERN	vatican_ii_doctrinal_authority__composite_overdetermination_reading	vatican_ii_doctrinal_authority
KERN	vatican_ii_doctrinal_authority__continuity_reading	vatican_ii_doctrinal_authority
KERN	vatican_ii_doctrinal_authority__rupture_progressive_reading	vatican_ii_doctrinal_authority
KERN	vatican_ii_doctrinal_authority__rupture_traditionalist_reading	vatican_ii_doctrinal_authority
KERN	vatican_ii_magisterial_authority__composite_overdetermination_reading	vatican_ii_magisterial_authority
KERN	vatican_ii_magisterial_authority__continuity_reading	vatican_ii_magisterial_authority
KERN	vatican_ii_magisterial_authority__rupture_reading	vatican_ii_magisterial_authority
KERN	vedic_corpus_social_prescription__orthodox_varna_reading	vedic_corpus_social_prescription
KERN	vedic_corpus_social_prescription__reformist_spiritual_reading	vedic_corpus_social_prescription
KERN	vedic_dharmic_corpus__bhakti_devotional_reading	vedic_dharmic_corpus
KERN	vedic_dharmic_corpus__hereditary_monopoly_reading	vedic_dharmic_corpus
KERN	vedic_dharmic_corpus__reformist_egalitarian_reading	vedic_dharmic_corpus
KERN	versailles_reparations_clauses__limited_responsibility_reading	versailles_reparations_clauses
KERN	versailles_reparations_clauses__punitive_liability_reading	versailles_reparations_clauses
KERN	versailles_reparations_clauses__repudiation_reading	versailles_reparations_clauses
KERN	waitangi_sovereignty_allocation__crown_sovereignty_reading	waitangi_sovereignty_allocation
KERN	waitangi_sovereignty_allocation__partnership_reading	waitangi_sovereignty_allocation
KERN	waitangi_sovereignty_allocation__rangatiratanga_reading	waitangi_sovereignty_allocation
KERN	war_powers_allocation__congressional_primacy_reading	war_powers_allocation
KERN	war_powers_allocation__functional_accommodation_reading	war_powers_allocation
KERN	war_powers_allocation__inherent_executive_reading	war_powers_allocation
KERN	war_winnability_post_1945__countervailing_thinkable	war_winnability_post_1945
KERN	war_winnability_post_1945__deterrence_unthinkable	war_winnability_post_1945
KERN	war_winnability_post_1945__rhetorical_contraction	war_winnability_post_1945
KERN	westphalia_sovereignty__absolute_non_intervention	westphalia_sovereignty
KERN	westphalia_sovereignty__conditional_responsibility	westphalia_sovereignty
KERN	westphalia_sovereignty__graded_sovereignty	westphalia_sovereignty
KERN	westphalian_sovereignty__absolute_sovereignty	westphalian_sovereignty
KERN	westphalian_sovereignty__conditional_sovereignty	westphalian_sovereignty
KERN	westphalian_sovereignty__graduated_sovereignty	westphalian_sovereignty
KERN	woman_category__gender_identity_reading	woman_category
KERN	woman_category__intersex_accommodation_reading	woman_category
KERN	woman_category__sex_biology_reading	woman_category
KERN	woman_female_category__gender_identity_reading	woman_female_category
KERN	woman_female_category__hybrid_contextual_reading	woman_female_category
KERN	woman_female_category__sex_biology_reading	woman_female_category
KERN	wto_dsb_authority__advisory_coordination_reading	wto_dsb_authority
KERN	wto_dsb_authority__binding_referee_reading	wto_dsb_authority
KERN	wto_dsb_authority__judicial_activism_reading	wto_dsb_authority
KERN	wto_treaty_framework__developmental_reading	wto_treaty_framework
KERN	wto_treaty_framework__market_access_reading	wto_treaty_framework
KERN	zero_as_number_entry__contingent_thinkability_reading	zero_as_number_entry
KERN	zero_as_number_entry__hybrid_scaffolding_reading	zero_as_number_entry
KERN	zero_as_number_entry__universal_discovery_reading	zero_as_number_entry
KERN	zero_mathematical_status__number_reading	zero_mathematical_status
KERN	zionist_legitimacy_basis__religious_restoration_reading	zionist_legitimacy_basis
KERN	zionist_legitimacy_basis__settler_colonial_reading	zionist_legitimacy_basis
