constraint_id,context,chi,KL_fwd,KL_rev,d_FR,H_sq,max_tvd,argmax_cl,argmax_idx,type_match
academic_peer_review_gatekeeping,powerless,0.3016,4.818572040970408,1.2360790260159584,1.9611543720992015,0.8869137949758577,0.7099249994615654,snare,tangled_rope,False
academic_peer_review_gatekeeping,moderate,0.641765,0.0030082530426557086,0.002930886757112825,0.07706060118227441,0.0014844004069120408,0.03427501976408032,snare,snare,True
academic_peer_review_gatekeeping,institutional,-0.024506,15.783880651874977,2.8169383652863833,2.064492892326638,0.9742166569132853,0.7104108442121635,snare,tangled_rope,False
academic_peer_review_gatekeeping,analytical,0.79456,0.5067116357290635,0.4863173604608155,0.9952842166856991,0.24257889041111488,0.47610819831345036,snare,tangled_rope,False
adversarial_surface_inflation,powerless,0.2704,4.335141529822254,0.7729338599365184,1.6266316510842835,0.6258139259408996,0.5368736284060396,snare,tangled_rope,False
adversarial_surface_inflation,moderate,0.575376,0.0633225480170992,0.059641905504717846,0.35054080267817533,0.030641152336224255,0.16898528603020946,snare,snare,True
adversarial_surface_inflation,institutional,-0.021971,11.731799533250701,2.4418421234097525,1.7551035056824962,0.7219276158594726,0.5369598310433067,snare,tangled_rope,False
adversarial_surface_inflation,analytical,0.712364,0.016980626735139698,0.016640228227472877,0.1833504375969734,0.008398461304847392,0.09027955079230571,snare,snare,True
agentive_optimism_2026,powerless,0.56518,0.0025458090669333707,0.0020742402893237483,0.0677039152067444,0.0011458456033492743,0.007321967558948872,snare,snare,True
agentive_optimism_2026,moderate,0.575376,0.0032878235718563874,0.0025963672693610795,0.07630836529855649,0.0014555650635570717,0.008091345229021552,snare,snare,True
agentive_optimism_2026,institutional,-0.021971,22.61064327131276,15.188830537693017,3.0425410743769747,1.9009889081703935,0.9842104154976072,snare,rope,False
agentive_optimism_2026,analytical,0.712364,0.0010292437517488106,0.0009689772715403755,0.044542246569637164,0.0004959824311304967,0.004845404178855801,snare,snare,True
ai_compute_capital_moat,powerless,0.3016,4.833800262128201,1.2932308721556747,1.968912166884138,0.8933674737352422,0.7116078079020308,snare,tangled_rope,False
ai_compute_capital_moat,moderate,0.641765,0.002995410245881519,0.0029166919864488197,0.07688453719357484,0.0014776260307886157,0.03414621576163568,snare,snare,True
ai_compute_capital_moat,institutional,-0.024506,16.585366447488706,12.491977028973622,2.86541821971264,1.724702415722658,0.7735964107430707,snare,scaffold,False
ai_compute_capital_moat,analytical,0.79456,0.5054697451099435,0.4850005473470278,0.9943314747616875,0.24212429374740102,0.47610327655113194,snare,tangled_rope,False
ai_evaluators_matching,powerless,0.630393,0.003524409133267442,0.0034237348534046958,0.08334894239903103,0.001736510202587588,0.036937414040603134,snare,snare,True
ai_evaluators_matching,moderate,0.641765,0.0029916312868896633,0.0029134956202020476,0.07683970630711001,0.0014759035563352873,0.034109406735605974,snare,snare,True
ai_evaluators_matching,institutional,-0.024506,15.839020173323373,3.022076885539564,2.07666674373024,0.9846862786697326,0.7125673580581919,snare,tangled_rope,False
ai_evaluators_matching,analytical,0.79456,0.5055407864300813,0.4857143844076532,0.9946611321752535,0.24228154321876677,0.4762075433112606,snare,tangled_rope,False
banach_tarski_paradox,powerless,0.09084,2.429484382656167e-07,2.3719929897782098e-07,0.0006928892521202798,1.2002387773206736e-07,6.714839275279161e-06,mountain,mountain,True
banach_tarski_paradox,moderate,0.079998,3.3267586145946284e-14,3.343828346489071e-14,2.563692708922217e-07,1.670585098434648e-14,2.5517917778827837e-09,mountain,mountain,True
banach_tarski_paradox,institutional,-0.00955,0.03724861243582727,0.1848963791947559,0.36853699493426995,0.03385891001835111,0.03712155731021061,mountain,mountain,True
banach_tarski_paradox,analytical,0.110402,1.2636512976306303e-06,1.3314174647527308e-06,0.0016105093000504647,6.48435016615602e-07,1.653824406859202e-05,mountain,mountain,True
blackstone_tax_receiveable_agreement,powerless,0.739082,0.010873241840820416,0.013818583656999731,0.1562912498211435,0.006103631637067774,0.031334006131304645,snare,snare,True
blackstone_tax_receiveable_agreement,moderate,0.578117,7.438603711755891e-06,1.074475014521011e-05,0.0041573073267162745,4.3207994965241246e-06,0.00046746050123398775,snare,snare,True
blackstone_tax_receiveable_agreement,institutional,-0.028731,22.433537303981442,16.45880170452422,3.125739732420107,1.9841472448330681,0.9722248480557207,snare,scaffold,False
blackstone_tax_receiveable_agreement,analytical,0.931553,3.551657147133567,3.394173609588659,2.503871253417338,1.3730302142684938,0.9494707515216051,snare,tangled_rope,False
boltzmann_universality_2026,powerless,0.13626,5.139366353940738e-05,6.539683225785495e-05,0.010748291686770797,2.8881374034645172e-05,0.00016086697357020618,mountain,mountain,True
boltzmann_universality_2026,moderate,0.119997,8.263682932206564e-13,8.26448214545808e-13,1.2856516009642697e-06,4.132109457341962e-13,1.5788007567962836e-08,mountain,mountain,True
boltzmann_universality_2026,institutional,-0.014325,0.0662911847317683,0.33270318985074987,0.49164636691848085,0.060125344113724916,0.06499731744151283,mountain,mountain,True
boltzmann_universality_2026,analytical,0.165603,0.001996357835740478,0.004876775669411518,0.07691093824328682,0.0014786408712008595,0.002421243611359314,mountain,mountain,True
cancer_prevention,powerless,0.3016,4.167992944286866,0.902508192611333,1.7274467178503408,0.7007775353654666,0.5944105222557482,snare,tangled_rope,False
cancer_prevention,moderate,0.641765,0.0035797186581868895,0.00353478709962996,0.08434527930222369,0.001778267952900822,0.04095955141189883,snare,snare,True
cancer_prevention,institutional,-0.024506,13.075271364121567,3.153883280488355,1.870712630366625,0.8129366043672497,0.5947011847636008,snare,tangled_rope,False
cancer_prevention,analytical,0.79456,0.5046031232562607,0.4181995133458033,0.9557005607522614,0.22402886352264478,0.4402237041569316,snare,tangled_rope,False
cantor_set_topology,powerless,0.13626,5.139366353940738e-05,6.539683225785495e-05,0.010748291686770797,2.8881374034645172e-05,0.00016086697357020618,mountain,mountain,True
cantor_set_topology,moderate,0.119997,8.263682932206564e-13,8.26448214545808e-13,1.2856516009642697e-06,4.132109457341962e-13,1.5788007567962836e-08,mountain,mountain,True
cantor_set_topology,institutional,-0.014325,0.0662911847317683,0.33270318985074987,0.49164636691848085,0.060125344113724916,0.06499731744151283,mountain,mountain,True
cantor_set_topology,analytical,0.165603,0.001996357835740478,0.004876775669411518,0.07691093824328682,0.0014786408712008595,0.002421243611359314,mountain,mountain,True
carrier_deployment_deterrence,powerless,0.3016,4.982822181021924,1.3589717123510423,2.0332402835683094,0.947514078500335,0.7436822707388695,snare,tangled_rope,False
carrier_deployment_deterrence,moderate,0.641765,0.0027795086248152026,0.002699257273506846,0.0740117558243304,0.0013692787278319772,0.0315347926085045,snare,snare,True
carrier_deployment_deterrence,institutional,0.260901,6.700805133683722,1.3660146085928857,2.0662249092833758,0.9757038971188491,0.7442013893678906,snare,tangled_rope,False
carrier_deployment_deterrence,analytical,0.79456,0.49757591461688216,0.5063765126938977,1.0001550515914757,0.24490921718642417,0.4785054762466611,snare,tangled_rope,False
castration_longevity_choice,powerless,0.2704,4.324202331962244,0.7691888612636759,1.6236611998204629,0.6236572032630401,0.5353951030540645,snare,tangled_rope,False
castration_longevity_choice,moderate,0.575376,0.06339268009866621,0.05974778742451977,0.3507942093666626,0.030685355783810823,0.16922725532061644,snare,snare,True
castration_longevity_choice,institutional,-0.007558,11.682684980598733,2.0221890685496438,1.7251473331554628,0.6990302491026996,0.5354808005807763,snare,tangled_rope,False
castration_longevity_choice,analytical,0.712364,0.017005391919101696,0.016678907905253407,0.1835188988246162,0.008413890466430837,0.09037338552231161,snare,snare,True
cb_far_beyond_human,powerless,0.3016,4.821614917498624,1.238153709000647,1.9624070567520575,0.8879547671244042,0.7105210921064471,snare,tangled_rope,False
cb_far_beyond_human,moderate,0.641765,0.003003360105594962,0.0029257288070210657,0.07699541093476309,0.0014818902901840177,0.03422911003115919,snare,snare,True
cb_far_beyond_human,institutional,-0.024506,15.798747323224893,2.852488945578066,2.06702828083487,0.9763939932997519,0.7110083398770009,snare,tangled_rope,False
cb_far_beyond_human,analytical,0.79456,0.5063139502447708,0.48595937709987586,0.9950070261856035,0.24244658902940353,0.4761186330564913,snare,tangled_rope,False
cbdc_implementation,powerless,0.2704,4.335141529822254,0.7729338599365184,1.6266316510842835,0.6258139259408996,0.5368736284060396,snare,tangled_rope,False
cbdc_implementation,moderate,0.575376,0.0633225480170992,0.059641905504717846,0.35054080267817533,0.030641152336224255,0.16898528603020946,snare,snare,True
cbdc_implementation,institutional,-0.021971,11.731799533250701,2.4418421234097525,1.7551035056824962,0.7219276158594726,0.5369598310433067,snare,tangled_rope,False
cbdc_implementation,analytical,0.712364,0.016980626735139698,0.016640228227472877,0.1833504375969734,0.008398461304847392,0.09027955079230571,snare,snare,True
central_limit_theorem_convergence,powerless,0.09084,6.375556736255286e-07,6.223850747153002e-07,0.0011224086400029845,3.1495028029419133e-07,1.757509230537746e-05,mountain,mountain,True
central_limit_theorem_convergence,moderate,0.079998,8.75681089261366e-14,8.749904955599671e-14,4.182955279236503e-07,4.37501865035164e-14,6.6758296668467665e-09,mountain,mountain,True
central_limit_theorem_convergence,institutional,-0.00955,0.09470399355221815,0.4544643166182809,0.5843390180088306,0.08475751008678456,0.09172098174546384,mountain,mountain,True
central_limit_theorem_convergence,analytical,0.110402,3.301727918846741e-06,3.4786633811143442e-06,0.0026032523835323785,1.6942305039230182e-06,4.320105945343283e-05,mountain,mountain,True
china_contraceptive_tax,powerless,0.2704,3.3858157746073565,0.5363739441399336,1.3801324313075964,0.457592270838638,0.41187951026580627,tangled_rope,tangled_rope,True
china_contraceptive_tax,moderate,0.575376,0.06549584849585587,0.06543443697510727,0.36183850490468594,0.03264259249875578,0.17993235849752287,tangled_rope,snare,False
china_contraceptive_tax,institutional,-0.021971,8.917153171749309,2.9346873871875525,1.5944788151479694,0.6026312402619541,0.4119315700882379,tangled_rope,tangled_rope,True
china_contraceptive_tax,analytical,0.712364,0.01706667657735723,0.017250553945078476,0.1852443020412707,0.008572731539250065,0.09214395490124244,tangled_rope,snare,False
cholesterol_pill_cost,powerless,0.3016,3.6013829720114034,5.049289332690047,2.6539541446486483,1.517178658671598,0.9672931757184184,snare,tangled_rope,False
cholesterol_pill_cost,moderate,0.641765,0.00010185198886121684,9.619456308111637e-05,0.01406844643633382,4.948009225852688e-05,0.0011436924050901576,snare,snare,True
cholesterol_pill_cost,institutional,-0.024506,22.844131528464043,17.253873085067532,3.116296945113388,1.9747049659364304,0.9927599098901192,snare,rope,False
cholesterol_pill_cost,analytical,0.79456,0.034427113838474334,0.06529613542022342,0.30383528946513083,0.02303461833920969,0.0479345138685483,snare,snare,True
climate_catastrophe_belief,powerless,0.291591,2.890049960702565,0.532214466879691,1.367833215350801,0.4497919488806734,0.41175816863691156,tangled_rope,tangled_rope,True
climate_catastrophe_belief,moderate,0.575376,0.06549584849585587,0.06543443697510727,0.36183850490468594,0.03264259249875578,0.17993235849752287,tangled_rope,snare,False
climate_catastrophe_belief,institutional,-0.021971,8.917153171749309,2.9346873871875525,1.5944788151479694,0.6026312402619541,0.4119315700882379,tangled_rope,tangled_rope,True
climate_catastrophe_belief,analytical,0.712364,0.01706667657735723,0.017250553945078476,0.1852443020412707,0.008572731539250065,0.09214395490124244,tangled_rope,snare,False
clt_convergence_2026,powerless,0.09084,6.375556736255286e-07,6.223850747153002e-07,0.0011224086400029845,3.1495028029419133e-07,1.757509230537746e-05,mountain,mountain,True
clt_convergence_2026,moderate,0.079998,8.75681089261366e-14,8.749904955599671e-14,4.182955279236503e-07,4.37501865035164e-14,6.6758296668467665e-09,mountain,mountain,True
clt_convergence_2026,institutional,-0.00955,0.09470399355221815,0.4544643166182809,0.5843390180088306,0.08475751008678456,0.09172098174546384,mountain,mountain,True
clt_convergence_2026,analytical,0.110402,3.301727918846741e-06,3.4786633811143442e-06,0.0026032523835323785,1.6942305039230182e-06,4.320105945343283e-05,mountain,mountain,True
coalition_disinfo_framework_2026,powerless,0.2808,4.6906308060600015,0.9435241857587442,1.7689482842120872,0.7326072335715559,0.6103112564949326,snare,tangled_rope,False
coalition_disinfo_framework_2026,moderate,0.597506,0.03507333386951589,0.03288957963701344,0.2605949194232793,0.01695342217430788,0.12191117023799763,snare,snare,True
coalition_disinfo_framework_2026,institutional,0.059467,13.402000938873936,1.4482727157052937,1.8219246761702197,0.7740286082084923,0.61046525593504,snare,tangled_rope,False
coalition_disinfo_framework_2026,analytical,0.739763,0.018564641563376984,0.019162724338538967,0.19401186727902267,0.009402774230138331,0.09530631811082713,snare,snare,True
coe_ukraine_reparations_register,powerless,0.2704,4.335141529822254,0.7729338599365184,1.6266316510842835,0.6258139259408996,0.5368736284060396,snare,tangled_rope,False
coe_ukraine_reparations_register,moderate,0.575376,0.0633225480170992,0.059641905504717846,0.35054080267817533,0.030641152336224255,0.16898528603020946,snare,snare,True
coe_ukraine_reparations_register,institutional,-0.021971,11.731799533250701,2.4418421234097525,1.7551035056824962,0.7219276158594726,0.5369598310433067,snare,tangled_rope,False
coe_ukraine_reparations_register,analytical,0.712364,0.016980626735139698,0.016640228227472877,0.1833504375969734,0.008398461304847392,0.09027955079230571,snare,snare,True
coffee_cardiovascular_2026,powerless,0.413016,0.006227131542441967,0.009315196278282575,0.12277604745252985,0.0037673061462688614,0.01241468165799926,tangled_rope,tangled_rope,True
coffee_cardiovascular_2026,moderate,0.420467,0.010048756423520265,0.01626786169047944,0.1587123186139443,0.006294095943006779,0.017435029477616944,tangled_rope,tangled_rope,True
coffee_cardiovascular_2026,institutional,-0.016056,0.2824799338154746,1.4797580625279596,0.8787067822353661,0.18994621939498924,0.17983077981739276,tangled_rope,tangled_rope,True
coffee_cardiovascular_2026,analytical,0.520574,0.2394351900631587,0.6918400274535285,0.86473234739541,0.18404636536050972,0.22782980424589216,tangled_rope,tangled_rope,True
cognac_geopolitical_risk,powerless,0.2704,5.026199467495049,13.548787202215186,2.969084711275944,1.8277058807211,0.9929888892319301,snare,rope,False
cognac_geopolitical_risk,moderate,0.575376,0.00010305697186647273,8.010320016390089e-05,0.013442953978259758,4.517808282608888e-05,0.00024875991034878364,snare,snare,True
cognac_geopolitical_risk,institutional,-0.030475,23.014889599199897,14.027739254895987,3.139198155007852,1.9976055019901067,0.9995194897257291,snare,rope,False
cognac_geopolitical_risk,analytical,0.712364,3.592414544944537e-05,2.6983434579927697e-05,0.007677050465156627,1.4734257869654366e-05,0.00014998137685295898,snare,snare,True
cognitive_bicycle_scaffold,powerless,0.307643,0.03621621371625694,0.028706160350896633,0.2535081107316429,0.016045090791143968,0.07482827470720288,tangled_rope,tangled_rope,True
cognitive_bicycle_scaffold,moderate,0.309818,0.04164001363266754,0.03234201679377022,0.27036763985045525,0.018246851834759596,0.07885684804270532,tangled_rope,tangled_rope,True
cognitive_bicycle_scaffold,institutional,-0.011831,3.0859134799292773,1.8646700228907618,2.115708239275228,1.0185141493136634,0.8447451627188883,tangled_rope,rope,False
cognitive_bicycle_scaffold,analytical,0.383581,0.34244885977289946,0.126984950956864,0.6235980850197709,0.0964335688245724,0.13299626077481375,tangled_rope,tangled_rope,True
cognitive_diversity_arbitrage,powerless,0.630393,0.0035371567008971824,0.0034368661452909267,0.08350407883702213,0.0017429795719379724,0.037067040516270744,snare,snare,True
cognitive_diversity_arbitrage,moderate,0.641765,0.003003360105594962,0.0029257288070210657,0.07699541093476309,0.0014818902901840177,0.03422911003115919,snare,snare,True
cognitive_diversity_arbitrage,institutional,-0.024506,15.798747323224893,2.852488945578066,2.06702828083487,0.9763939932997519,0.7110083398770009,snare,tangled_rope,False
cognitive_diversity_arbitrage,analytical,0.79456,0.5063139502447708,0.48595937709987586,0.9950070261856035,0.24244658902940353,0.4761186330564913,snare,tangled_rope,False
cognitive_induction_gap,powerless,0.56518,0.049294705828367216,0.04950172592293583,0.3143163198508322,0.024647893635722666,0.1564808382053321,tangled_rope,snare,False
cognitive_induction_gap,moderate,0.575376,0.06549584849585587,0.06543443697510727,0.36183850490468594,0.03264259249875578,0.17993235849752287,tangled_rope,snare,False
cognitive_induction_gap,institutional,-0.03817,8.932570385132124,3.2596830788761433,1.619741891230577,0.6208162007093596,0.4119315700882379,tangled_rope,tangled_rope,True
cognitive_induction_gap,analytical,0.712364,0.01706667657735723,0.017250553945078476,0.1852443020412707,0.008572731539250065,0.09214395490124244,tangled_rope,snare,False
cognitive_mimicry_arbitrage,powerless,0.630393,0.003506039306804773,0.003404893447819968,0.08312533577357042,0.0017272067010166514,0.03674311148237197,snare,snare,True
cognitive_mimicry_arbitrage,moderate,0.641765,0.0029756803429898727,0.0028970789468310823,0.07662877435465314,0.001467812690120371,0.03393074113731276,snare,snare,True
cognitive_mimicry_arbitrage,institutional,0.038896,15.888012004785024,2.6184186536020406,2.0683692119854187,0.9775462210378231,0.7148878243852669,snare,tangled_rope,False
cognitive_mimicry_arbitrage,analytical,0.79456,0.5047797947082489,0.4863891013595336,0.9947092662308586,0.24230450758008495,0.47642596391373626,snare,tangled_rope,False
cognitive_surrender_to_system_3,powerless,0.630393,0.004213753569498476,0.0041531816574752805,0.09146889450551735,0.002091275111225617,0.04442109499769897,snare,snare,True
cognitive_surrender_to_system_3,moderate,0.641765,0.0035797186581868895,0.00353478709962996,0.08434527930222369,0.001778267952900822,0.04095955141189883,snare,snare,True
cognitive_surrender_to_system_3,institutional,-0.024506,13.075271364121567,3.153883280488355,1.870712630366625,0.8129366043672497,0.5947011847636008,snare,tangled_rope,False
cognitive_surrender_to_system_3,analytical,0.79456,0.5046031232562607,0.4181995133458033,0.9557005607522614,0.22402886352264478,0.4402237041569316,snare,tangled_rope,False
coinbase_crypto_volatility,powerless,0.2704,4.343142043664918,0.7761685038357764,1.6288457419036328,0.6274234584166625,0.537947745946198,snare,tangled_rope,False
coinbase_crypto_volatility,moderate,0.575376,0.06327082377314605,0.05956432685483997,0.35035453438694336,0.03060868045534294,0.1688075455422492,snare,snare,True
coinbase_crypto_volatility,institutional,-0.021971,11.771562751234827,2.8271976977051136,1.7835444915039025,0.7439322465092126,0.5380343124459922,snare,tangled_rope,False
coinbase_crypto_volatility,analytical,0.690451,0.0485870877328271,0.0462944514159367,0.3079587100141377,0.023662833183064145,0.14932768026346538,snare,snare,True
coinbase_regulatory_uncertainty,powerless,0.2704,4.310275319468763,0.764822512676381,1.6199159844169775,0.6209422839040202,0.5335087920350912,snare,tangled_rope,False
coinbase_regulatory_uncertainty,moderate,0.575376,0.06348006725277446,0.05988103394563815,0.3511116162010102,0.030740767810964208,0.16953066743642153,snare,snare,True
coinbase_regulatory_uncertainty,institutional,-0.021971,11.640456018756844,2.0672907728620586,1.7240585779302446,0.6982035114067705,0.5335938463626007,snare,tangled_rope,False
coinbase_regulatory_uncertainty,analytical,0.712364,0.017056466893997025,0.016762145301791088,0.1838704620701756,0.008446135234966205,0.0905022512180036,snare,snare,True
cold_dark_matter_paradigm,powerless,0.413016,0.0004171950562604766,0.0002740814422786604,0.02586029735491228,0.00016718641549424404,0.0005411658342175125,tangled_rope,tangled_rope,True
cold_dark_matter_paradigm,moderate,0.420467,0.0005874901928892223,0.0003509144139116036,0.029879287201313196,0.00022318879968779605,0.0005952678129163468,tangled_rope,tangled_rope,True
cold_dark_matter_paradigm,institutional,-0.016056,2.2052424172301515,6.0622804971043704,2.412643560152512,1.2870831863461116,0.889862364172898,tangled_rope,rope,False
cold_dark_matter_paradigm,analytical,0.520574,0.003739320715874363,0.0007436366441271559,0.05213324975291211,0.0006794304601520596,0.0007486988573485463,tangled_rope,tangled_rope,True
collatz_conjecture_determinism,powerless,0.13626,5.139366353940738e-05,6.539683225785495e-05,0.010748291686770797,2.8881374034645172e-05,0.00016086697357020618,mountain,mountain,True
collatz_conjecture_determinism,moderate,0.119997,8.263682932206564e-13,8.26448214545808e-13,1.2856516009642697e-06,4.132109457341962e-13,1.5788007567962836e-08,mountain,mountain,True
collatz_conjecture_determinism,institutional,-0.014325,0.0662911847317683,0.33270318985074987,0.49164636691848085,0.060125344113724916,0.06499731744151283,mountain,mountain,True
collatz_conjecture_determinism,analytical,0.165603,0.001996357835740478,0.004876775669411518,0.07691093824328682,0.0014786408712008595,0.002421243611359314,mountain,mountain,True
collective_action_deadlock,powerless,0.56518,0.048024406458875235,0.04580037545931812,0.3062416601343029,0.023400214855338983,0.1486064738848858,snare,snare,True
collective_action_deadlock,moderate,0.442089,0.3998445702948832,0.3227341540383501,0.8459852729495337,0.17627085084463298,0.3857435512314148,snare,tangled_rope,False
collective_action_deadlock,institutional,-0.021971,11.731799533250701,2.4418421234097525,1.7551035056824962,0.7219276158594726,0.5369598310433067,snare,tangled_rope,False
collective_action_deadlock,analytical,0.712364,0.016980626735139698,0.016640228227472877,0.1833504375969734,0.008398461304847392,0.09027955079230571,snare,snare,True
collective_stupidity_2026,powerless,0.3016,0.6326547736860555,4.053189512477145,1.4839363638174636,0.5257199839993597,0.4696558047682029,snare,snare,True
collective_stupidity_2026,moderate,0.641765,1.3192072372410641e-05,1.4892891695611716e-05,0.005290193501276417,6.996532740980563e-06,5.7536216111071624e-05,snare,snare,True
collective_stupidity_2026,institutional,-0.046549,23.01956855474962,21.845739893987034,3.1374463785447153,1.9958537279249668,0.9997786080713049,snare,rope,False
collective_stupidity_2026,analytical,0.79456,0.012137692169283011,0.04651171835039264,0.20370276589579558,0.010364739497221912,0.012796206211716954,snare,snare,True
college_admissions_market,powerless,-0.03406,15.80106323515459,2.984119001957748,2.071785831715721,0.9804841109804829,0.7110083398770009,snare,tangled_rope,False
college_admissions_market,moderate,0.641765,0.003003360105594962,0.0029257288070210657,0.07699541093476309,0.0014818902901840177,0.03422911003115919,snare,snare,True
college_admissions_market,institutional,-0.024506,15.798747323224893,2.852488945578066,2.06702828083487,0.9763939932997519,0.7110083398770009,snare,tangled_rope,False
college_admissions_market,analytical,0.79456,0.5063139502447708,0.48595937709987586,0.9950070261856035,0.24244658902940353,0.4761186330564913,snare,tangled_rope,False
colorado_sbe_decentralization_friction,powerless,0.56518,0.013324091641640598,0.015892726237088126,0.1704312781043067,0.007257311839154262,0.046279215360412684,tangled_rope,tangled_rope,True
colorado_sbe_decentralization_friction,moderate,0.575376,0.01822780347732002,0.022287204144933022,0.20052049564928073,0.010043699692947038,0.055682380827989264,tangled_rope,tangled_rope,True
colorado_sbe_decentralization_friction,institutional,-0.021971,1.488003854211105,4.525112906066254,1.280498721177499,0.3961063681169194,0.31620891390016803,tangled_rope,tangled_rope,True
colorado_sbe_decentralization_friction,analytical,0.712364,0.00437697617359169,0.004938186743622329,0.09631760121191066,0.00231882185931602,0.024424417288660183,tangled_rope,tangled_rope,True
colossus_nero_inertia,powerless,0.597787,0.022063461154130184,0.021627980659375306,0.2090168992923415,0.010912078796340059,0.10327148316653123,snare,snare,True
colossus_nero_inertia,moderate,0.608571,0.026813730603754752,0.02618748904269192,0.2302074053436999,0.013234241131081093,0.11351869196462083,snare,snare,True
colossus_nero_inertia,institutional,-0.05112,11.32977762571729,3.218519010929593,1.7599209498862605,0.7256367856021918,0.5185501477024832,snare,tangled_rope,False
colossus_nero_inertia,analytical,0.753462,0.07742466599585954,0.07535339773177777,0.39038764600627185,0.037979810579170235,0.19045122206897241,snare,tangled_rope,False
columbia_2026_elections,powerless,0.413016,0.00010428456501106949,0.00010470197225382854,0.01422350771831408,5.05768297840407e-05,8.515739151517289e-05,tangled_rope,tangled_rope,True
columbia_2026_elections,moderate,0.420467,0.00015579490257956296,0.00016464320950372263,0.017479900275179757,7.638624216450236e-05,0.00012020425812922492,tangled_rope,tangled_rope,True
columbia_2026_elections,institutional,-0.016056,0.7903149280794669,4.287715081651913,1.6431433794829977,0.6378575385071913,0.5465083240681444,tangled_rope,rope,False
columbia_2026_elections,analytical,0.520574,0.002417540876856491,0.0064193359454528766,0.08106216236933418,0.0016425436636055518,0.0019977893726715753,tangled_rope,tangled_rope,True
comitatus_bond,powerless,0.413016,0.014223685642203257,0.021059695204499566,0.18513485811057878,0.00856261207631234,0.028201704444182234,tangled_rope,tangled_rope,True
comitatus_bond,moderate,0.420467,0.022870440461355487,0.03648960066129495,0.23868117659946572,0.014225280740205097,0.039347422613413695,tangled_rope,tangled_rope,True
comitatus_bond,institutional,-0.016056,0.42327497554167526,1.6220072904362508,0.9328285876110639,0.21362705939009963,0.18679200009443217,tangled_rope,tangled_rope,True
comitatus_bond,analytical,0.520574,0.47694749845371887,1.1729270805031013,1.183286849007472,0.3399495598931941,0.4036440322970571,tangled_rope,tangled_rope,True
commercial_data_brokerage,powerless,0.630393,0.00010856212411337925,0.00010288592755242846,0.01453559930391813,5.282067927747872e-05,0.0010665219215641722,snare,snare,True
commercial_data_brokerage,moderate,0.641765,9.951411544150017e-05,9.642825140087435e-05,0.013990746919213181,4.893505028503907e-05,0.0009886357620380662,snare,snare,True
commercial_data_brokerage,institutional,-0.024506,22.84979629617641,17.319979204567204,3.06163442501045,1.9200630696521488,0.9936428138293127,snare,rope,False
commercial_data_brokerage,analytical,0.79456,0.04087764729932568,0.09906675175552138,0.34326712393123476,0.029385835693129997,0.05259563330274075,snare,snare,True
communal_narcissism_social_trap,powerless,0.3016,3.798825361334216,4.376559746208794,2.639238162347086,1.5029111290849322,0.9672650807320463,snare,tangled_rope,False
communal_narcissism_social_trap,moderate,0.641765,0.0006440178088211353,0.0007193960955235563,0.03686333710862591,0.00033971678796904553,0.0026424508879394817,snare,snare,True
communal_narcissism_social_trap,institutional,-0.024506,22.682531910773,16.53233302038194,3.0347983757485717,1.8932564645341647,0.9871961382549884,snare,rope,False
communal_narcissism_social_trap,analytical,0.79456,0.4402147502970053,1.2633782594874563,1.1632169539583286,0.32883983127634603,0.3762847489931188,snare,snare,True
complexity_debt,powerless,0.2704,3.336078843042163,0.5240877878584701,1.3672233519257,0.4494066887301821,0.4055422377628876,tangled_rope,tangled_rope,True
complexity_debt,moderate,0.524479,0.0007273962887170476,0.0007305973388768388,0.03818361359398773,0.000364486015397585,0.01881215854582624,tangled_rope,tangled_rope,True
complexity_debt,institutional,-0.021971,8.745626559766388,2.3436133129898598,1.5344146732798751,0.5602961220420642,0.40559296255546007,tangled_rope,tangled_rope,True
complexity_debt,analytical,0.712364,0.01725725719518201,0.01765111362085282,0.18672647034805928,0.008710363792537154,0.09211458990606802,tangled_rope,tangled_rope,True
compounding_logic,powerless,0.38041,0.013928446806161126,0.009865306272949226,0.15252716502087024,0.0058133156125404085,0.022059281385502505,tangled_rope,tangled_rope,True
compounding_logic,moderate,0.387272,0.01981892352305669,0.012956345750359486,0.17797118812246474,0.007913212193740577,0.02465554795816971,tangled_rope,tangled_rope,True
compounding_logic,institutional,-0.014788,4.642590897813143,3.351900056070368,2.6056151973509984,1.4704150136005236,0.9588269841103508,tangled_rope,rope,False
compounding_logic,analytical,0.479476,0.13492981330089887,0.03290688916100731,0.3381799379368432,0.02852336006644099,0.03378769337450738,tangled_rope,tangled_rope,True
condiment_tyranny,powerless,0.413016,0.00012472007860929405,0.00011871600310923003,0.015350475700844487,5.890898686911172e-05,0.00010565736448370658,tangled_rope,tangled_rope,True
condiment_tyranny,moderate,0.420467,0.00018470495039346323,0.00018307178448030866,0.018724120210774894,8.764752923524274e-05,0.00012219090760593994,tangled_rope,tangled_rope,True
condiment_tyranny,institutional,-0.016056,0.9539921760808012,4.762682524786758,1.779127328400312,0.740497938262218,0.6150568702017618,tangled_rope,rope,False
condiment_tyranny,analytical,0.520574,0.0026217100810304534,0.006553938859853092,0.08242167945520518,0.0016980929633246568,0.0020307687713072196,tangled_rope,tangled_rope,True
confidential_ai_whatsapp,powerless,0.392468,1.1797724544656816,0.6199581095333254,1.2843270256443644,0.3983963166434848,0.502168646599001,snare,tangled_rope,False
confidential_ai_whatsapp,moderate,0.575376,0.06351272883250016,0.059931277530915913,0.3512308183273512,0.030761590607230452,0.16964472578469247,snare,snare,True
confidential_ai_whatsapp,institutional,-0.021971,11.622844466954552,2.0385311139673616,1.720909534774921,0.6958144827457994,0.5328730347864006,snare,tangled_rope,False
confidential_ai_whatsapp,analytical,0.712364,0.017085007840238246,0.0168096079350084,0.1840678606887738,0.008464267269173069,0.09055607602911286,snare,snare,True
confirmation_bias,powerless,0.3016,4.167992944286866,0.902508192611333,1.7274467178503408,0.7007775353654666,0.5944105222557482,snare,tangled_rope,False
confirmation_bias,moderate,0.641765,0.0035797186581868895,0.00353478709962996,0.08434527930222369,0.001778267952900822,0.04095955141189883,snare,snare,True
confirmation_bias,institutional,-0.008431,13.06774459818124,2.8583766552457033,1.8569377314541864,0.8018786623989609,0.5947011847636008,snare,tangled_rope,False
confirmation_bias,analytical,0.79456,0.5046031232562607,0.4181995133458033,0.9557005607522614,0.22402886352264478,0.4402237041569316,snare,tangled_rope,False
consensus_without_truth,powerless,0.3016,4.7265100565298255,1.1832077878261726,1.9267868839396847,0.8585263796164718,0.6928645297602752,snare,tangled_rope,False
consensus_without_truth,moderate,0.641765,0.0035577003979983214,0.0035574487600938077,0.08431948749833368,0.0017771807329979785,0.03580342558860322,snare,snare,True
consensus_without_truth,institutional,0.377,2.272581170371223,1.0919416834927562,1.7183956785891694,0.6939096605711574,0.6776756548267707,snare,tangled_rope,False
consensus_without_truth,analytical,0.79456,0.6108764772382873,0.7135767184175168,1.1218233090581224,0.30645899861074766,0.4962731304709742,snare,tangled_rope,False
constitutional_consecration,powerless,0.413016,0.02247890064612683,0.032916846468760114,0.23216539440843711,0.01346006765072684,0.04429611953232862,tangled_rope,tangled_rope,True
constitutional_consecration,moderate,0.420467,0.03600807314401591,0.05657047612672331,0.2984759617284054,0.022230668869633215,0.061387593959183015,tangled_rope,tangled_rope,True
constitutional_consecration,institutional,-0.016056,0.43052512679211824,0.7234145507079405,0.6474812533787352,0.10389579245132834,0.0849441332920319,tangled_rope,tangled_rope,True
constitutional_consecration,analytical,0.520574,0.6698803792275171,1.440811307458736,1.3652480512672924,0.4481598507198178,0.5164121310736395,tangled_rope,snare,False
constitutional_supremacy,powerless,0.56518,0.049294705828367216,0.04950172592293583,0.3143163198508322,0.024647893635722666,0.1564808382053321,tangled_rope,snare,False
constitutional_supremacy,moderate,0.575376,0.06549584849585587,0.06543443697510727,0.36183850490468594,0.03264259249875578,0.17993235849752287,tangled_rope,snare,False
constitutional_supremacy,institutional,-0.007558,8.903711676244535,2.64588191694032,1.5719200689153585,0.5865812664917396,0.4119315700882379,tangled_rope,tangled_rope,True
constitutional_supremacy,analytical,0.712364,0.01706667657735723,0.017250553945078476,0.1852443020412707,0.008572731539250065,0.09214395490124244,tangled_rope,snare,False
consumer_debt_slavery,powerless,0.739082,0.0025624647766352877,0.003311626062542355,0.07617128466828403,0.0014503408273890152,0.007454248445761191,snare,snare,True
consumer_debt_slavery,moderate,0.752415,0.0049638020943705615,0.006958837837826226,0.10802791733221515,0.002916798478815315,0.01141112849933993,snare,snare,True
consumer_debt_slavery,institutional,0.273621,5.15672320737059,7.370949469664379,2.853042653547866,1.7124499999241076,0.9883235122917676,snare,tangled_rope,False
consumer_debt_slavery,analytical,0.931553,2.3024350229759487,4.272651322879423,2.356312728303597,1.234742374378208,0.8987907011272959,snare,tangled_rope,False
container_capacity_mismatch,powerless,0.2704,4.335141529822254,0.7729338599365184,1.6266316510842835,0.6258139259408996,0.5368736284060396,snare,tangled_rope,False
container_capacity_mismatch,moderate,0.575376,0.0633225480170992,0.059641905504717846,0.35054080267817533,0.030641152336224255,0.16898528603020946,snare,snare,True
container_capacity_mismatch,institutional,0.151521,8.69910198706419,0.8783098960362598,1.6530850654364744,0.6451538103910954,0.536959805484218,snare,tangled_rope,False
container_capacity_mismatch,analytical,0.712364,0.016980626735139698,0.016640228227472877,0.1833504375969734,0.008398461304847392,0.09027955079230571,snare,snare,True
continuum_hypothesis_undecidability,powerless,0.09084,2.1668639546117004e-07,2.1155951426566046e-07,0.0006543694347448465,1.0704983857616881e-07,5.989453569332781e-06,mountain,mountain,True
continuum_hypothesis_undecidability,moderate,0.079998,2.987443788425516e-14,2.97240305557284e-14,2.4575624618635555e-07,1.4900914427480652e-14,2.2761613704957995e-09,mountain,mountain,True
continuum_hypothesis_undecidability,institutional,-0.00955,0.033291896961379144,0.16564578355890783,0.3485491398581495,0.030294833866207255,0.03324401513594033,mountain,mountain,True
continuum_hypothesis_undecidability,analytical,0.110402,1.1272015257364696e-06,1.18765234239376e-06,0.0015210748533730912,5.784171495853366e-07,1.4752550535313474e-05,mountain,mountain,True
conversational_dogmas_interuption,powerless,0.2704,3.3858157746073565,0.5363739441399336,1.3801324313075964,0.457592270838638,0.41187951026580627,tangled_rope,tangled_rope,True
conversational_dogmas_interuption,moderate,0.575376,0.06549584849585587,0.06543443697510727,0.36183850490468594,0.03264259249875578,0.17993235849752287,tangled_rope,snare,False
conversational_dogmas_interuption,institutional,-0.021971,8.917153171749309,2.9346873871875525,1.5944788151479694,0.6026312402619541,0.4119315700882379,tangled_rope,tangled_rope,True
conversational_dogmas_interuption,analytical,0.712364,0.01706667657735723,0.017250553945078476,0.1852443020412707,0.008572731539250065,0.09214395490124244,tangled_rope,snare,False
conways_game_of_life_dynamics,powerless,0.09084,6.375556736255286e-07,6.223850747153002e-07,0.0011224086400029845,3.1495028029419133e-07,1.757509230537746e-05,mountain,mountain,True
conways_game_of_life_dynamics,moderate,0.079998,8.75681089261366e-14,8.749904955599671e-14,4.182955279236503e-07,4.37501865035164e-14,6.6758296668467665e-09,mountain,mountain,True
conways_game_of_life_dynamics,institutional,-0.00955,0.09470399355221815,0.4544643166182809,0.5843390180088306,0.08475751008678456,0.09172098174546384,mountain,mountain,True
conways_game_of_life_dynamics,analytical,0.110402,3.301727918846741e-06,3.4786633811143442e-06,0.0026032523835323785,1.6942305039230182e-06,4.320105945343283e-05,mountain,mountain,True
coordination_attack_vulnerability,powerless,0.2704,4.335141529822254,0.7729338599365184,1.6266316510842835,0.6258139259408996,0.5368736284060396,snare,tangled_rope,False
coordination_attack_vulnerability,moderate,0.575376,0.0633225480170992,0.059641905504717846,0.35054080267817533,0.030641152336224255,0.16898528603020946,snare,snare,True
coordination_attack_vulnerability,institutional,-0.021971,11.731799533250701,2.4418421234097525,1.7551035056824962,0.7219276158594726,0.5369598310433067,snare,tangled_rope,False
coordination_attack_vulnerability,analytical,0.712364,0.016980626735139698,0.016640228227472877,0.1833504375969734,0.008398461304847392,0.09027955079230571,snare,snare,True
coordination_fatigue,powerless,0.2704,3.336078843042163,0.5240877878584701,1.3672233519257,0.4494066887301821,0.4055422377628876,tangled_rope,tangled_rope,True
coordination_fatigue,moderate,0.575376,0.06538439346912008,0.06552662293043253,0.3618117132149166,0.03263777194209157,0.17990812418981894,tangled_rope,snare,False
coordination_fatigue,institutional,-0.021971,8.745626559766388,2.3436133129898598,1.5344146732798751,0.5602961220420642,0.40559296255546007,tangled_rope,tangled_rope,True
coordination_fatigue,analytical,0.712364,0.01725725719518201,0.01765111362085282,0.18672647034805928,0.008710363792537154,0.09211458990606802,tangled_rope,tangled_rope,True
coordination_threshold_failure,powerless,0.56518,0.047956062080003456,0.04569861124942639,0.3059617112898207,0.023357535529333357,0.14833678389691018,snare,snare,True
coordination_threshold_failure,moderate,0.575376,0.0632251862030359,0.05949609948081667,0.35019040505804133,0.030580082185217215,0.16865083452423935,snare,snare,True
coordination_threshold_failure,institutional,0.151521,8.744959022054564,1.0455440851959643,1.6704258446330043,0.6579603422473668,0.5389745190292866,snare,tangled_rope,False
coordination_threshold_failure,analytical,0.712364,0.01695754627034625,0.016605543721501873,0.18319401209244357,0.008384147132481813,0.09015533545396837,snare,snare,True
copyleft_viral_licensing,powerless,0.413016,0.011123873430418377,0.007511683304504236,0.13451537127427698,0.004521891290764239,0.01563498899015825,tangled_rope,tangled_rope,True
copyleft_viral_licensing,moderate,0.420467,0.015706309497819603,0.009698808316394348,0.15588411302416852,0.006071889363560961,0.0173245983841942,tangled_rope,tangled_rope,True
copyleft_viral_licensing,institutional,-0.016056,5.410225022779438,3.744103949549146,2.7185364110044317,1.5800915885257725,0.9733214387385793,tangled_rope,rope,False
copyleft_viral_licensing,analytical,0.520574,0.10130817467350786,0.022185528398883374,0.2803408968034107,0.01961560614462186,0.022890923853664535,tangled_rope,tangled_rope,True
copyright_protection,powerless,0.2704,3.3858157746073565,0.5363739441399336,1.3801324313075964,0.457592270838638,0.41187951026580627,tangled_rope,tangled_rope,True
copyright_protection,moderate,0.575376,0.06549584849585587,0.06543443697510727,0.36183850490468594,0.03264259249875578,0.17993235849752287,tangled_rope,snare,False
copyright_protection,institutional,-0.021971,8.917153171749309,2.9346873871875525,1.5944788151479694,0.6026312402619541,0.4119315700882379,tangled_rope,tangled_rope,True
copyright_protection,analytical,0.712364,0.01706667657735723,0.017250553945078476,0.1852443020412707,0.008572731539250065,0.09214395490124244,tangled_rope,snare,False
corporate_social_responsibility_theater,powerless,0.2704,1.8681243073044211,0.2615299055698601,0.9765199052429774,0.2336991324160711,0.22290432816899935,tangled_rope,tangled_rope,True
corporate_social_responsibility_theater,moderate,0.575376,0.051757547985768086,0.057128337360745046,0.3296721694618989,0.02710946888079381,0.1498314241824299,tangled_rope,tangled_rope,True
corporate_social_responsibility_theater,institutional,-0.021971,4.812426063281225,3.5587431882172114,1.381142508671162,0.458235470898313,0.233384791081994,tangled_rope,tangled_rope,True
corporate_social_responsibility_theater,analytical,0.712364,0.019533039606305952,0.025562764534557147,0.20956755212673145,0.010969597361397366,0.07821085001668548,tangled_rope,tangled_rope,True
cosmological_evolution_alpha_omega,powerless,0.09084,2.1668639546117004e-07,2.1155951426566046e-07,0.0006543694347448465,1.0704983857616881e-07,5.989453569332781e-06,mountain,mountain,True
cosmological_evolution_alpha_omega,moderate,0.079998,2.987443788425516e-14,2.97240305557284e-14,2.4575624618635555e-07,1.4900914427480652e-14,2.2761613704957995e-09,mountain,mountain,True
cosmological_evolution_alpha_omega,institutional,-0.00955,0.033291896961379144,0.16564578355890783,0.3485491398581495,0.030294833866207255,0.03324401513594033,mountain,mountain,True
cosmological_evolution_alpha_omega,analytical,0.110402,1.1272015257364696e-06,1.18765234239376e-06,0.0015210748533730912,5.784171495853366e-07,1.4752550535313474e-05,mountain,mountain,True
cost_of_observation,powerless,0.630393,8.363798551418202e-06,7.84236170765346e-06,0.0040235472268478015,4.047231706570687e-06,8.590865118761072e-05,snare,snare,True
cost_of_observation,moderate,0.641765,7.134943165361264e-06,6.716128479385628e-06,0.003719319045028178,3.4583325431757407e-06,7.963049939128247e-05,snare,snare,True
cost_of_observation,institutional,-0.046549,23.013979390657617,18.088386792519916,3.140489895430517,1.9988972418966002,0.9994986408654885,snare,rope,False
cost_of_observation,analytical,0.79456,0.0024727638590181975,0.0048506785506218396,0.08198346822789179,0.0016800869886040115,0.0035079540151138344,snare,snare,True
countable_infinity_cardinality,powerless,0.09084,6.375556736255286e-07,6.223850747153002e-07,0.0011224086400029845,3.1495028029419133e-07,1.757509230537746e-05,mountain,mountain,True
countable_infinity_cardinality,moderate,0.079998,8.75681089261366e-14,8.749904955599671e-14,4.182955279236503e-07,4.37501865035164e-14,6.6758296668467665e-09,mountain,mountain,True
countable_infinity_cardinality,institutional,-0.00955,0.09470399355221815,0.4544643166182809,0.5843390180088306,0.08475751008678456,0.09172098174546384,mountain,mountain,True
countable_infinity_cardinality,analytical,0.110402,3.301727918846741e-06,3.4786633811143442e-06,0.0026032523835323785,1.6942305039230182e-06,4.320105945343283e-05,mountain,mountain,True
couples_residency_match,powerless,0.413016,0.00024687396988329384,0.00019971891017565873,0.020792139333224373,0.00010807729110724911,0.00025878619110675455,tangled_rope,tangled_rope,True
couples_residency_match,moderate,0.323065,0.0017024970348830193,0.0031741693514321006,0.06709081427776065,0.0011251888201251798,0.0023572105845158786,tangled_rope,tangled_rope,True
couples_residency_match,institutional,-0.016056,1.6419246499307638,5.875984404992088,2.1933346092051793,1.0868725608343779,0.8066635826281323,tangled_rope,rope,False
couples_residency_match,analytical,0.520574,0.0037305502977220692,0.00682841764550661,0.0874768617342446,0.0019127453740334674,0.0020472642041711457,tangled_rope,tangled_rope,True
cow_field_poop,powerless,0.356594,0.004776300941686122,0.005447188068924795,0.10092738210272631,0.002546043736178987,0.02376063914693316,rope,rope,True
cow_field_poop,moderate,0.322757,1.8644126417403407e-05,1.881071749048062e-05,0.006119985212827524,9.363547444851122e-06,0.0013147588017534684,rope,rope,True
cow_field_poop,institutional,-0.013521,0.04068884306005915,0.054479244418423084,0.30530177298625655,0.023257078541112725,0.08514804427732416,rope,rope,True
cow_field_poop,analytical,0.438378,0.12888889353863475,0.2096390347883322,0.5666403324246566,0.07973480756925737,0.18336473768634187,rope,rope,True
creative_commons_licensing,powerless,0.31202,0.0008183580816089784,0.0011327559165421942,0.04372805628884421,0.0004780166838238797,0.0021016830506358497,rope,rope,True
creative_commons_licensing,moderate,0.282412,3.0888271663216214e-06,3.163195367455087e-06,0.002500268939795375,1.5628359893556006e-06,9.508309812322757e-05,rope,rope,True
creative_commons_licensing,institutional,-0.00407,0.006191985016790802,0.0026599704977951543,0.08003914139076419,0.0016013522989056731,0.0020541644922526477,rope,rope,True
creative_commons_licensing,analytical,0.383581,0.031956014094375276,0.09109163647018631,0.315925418578173,0.02490037623115615,0.03591177040605498,rope,rope,True
credentialism_national_security,powerless,0.3016,4.827090421821808,1.2419464134645612,1.9646720668130784,0.8898380818412343,0.711596277352176,snare,tangled_rope,False
credentialism_national_security,moderate,0.641765,0.0029951242767688206,0.002917120931527464,0.0768860024722329,0.0014776823460877864,0.034146365662762024,snare,snare,True
credentialism_national_security,institutional,0.169004,10.897680468634547,1.3196321352311249,2.011549473190317,0.9291318985540544,0.7120859769226793,snare,tangled_rope,False
credentialism_national_security,analytical,0.79456,0.5057467077214449,0.4857040224134624,0.9947209786824648,0.2423100956482468,0.476172565846671,snare,tangled_rope,False
credibility_inflation,powerless,0.56518,2.8081136460661938e-05,3.380454446068647e-05,0.007829618739000455,1.5325712826383938e-05,0.00010149721215102492,tangled_rope,tangled_rope,True
credibility_inflation,moderate,0.575376,3.9146005160141426e-05,4.850656128469896e-05,0.00930389322149337,2.1640568243027478e-05,0.00012473660449607848,tangled_rope,tangled_rope,True
credibility_inflation,institutional,-0.021971,1.297644758638881,9.811072927556491,2.0394303760721733,0.9527827588391906,0.7263954744015624,tangled_rope,rope,False
credibility_inflation,analytical,0.712364,0.00013690293169165278,0.00024148181189094335,0.01871676564619699,8.757868988739979e-05,0.0002303122333053853,tangled_rope,tangled_rope,True
crisis_signal_saturation,powerless,0.2704,4.304956493882062,0.7632174451903858,1.6184921748090653,0.6199114276529726,0.5327882251028603,snare,tangled_rope,False
crisis_signal_saturation,moderate,0.575376,0.06351272883250016,0.059931277530915913,0.3512308183273512,0.030761590607230452,0.16964472578469247,snare,snare,True
crisis_signal_saturation,institutional,-0.007558,11.61739397588395,1.8765924432269034,1.710835836802273,0.688193793258032,0.5328730347864006,snare,tangled_rope,False
crisis_signal_saturation,analytical,0.712364,0.017085007840238246,0.0168096079350084,0.1840678606887738,0.008464267269173069,0.09055607602911286,snare,snare,True
crispr_genomic_rewrite_2026,powerless,0.426928,0.0009871232225874946,0.000543289802095485,0.03783247458919062,0.00035781336367642135,0.0008329138771473454,tangled_rope,tangled_rope,True
crispr_genomic_rewrite_2026,moderate,0.420467,0.0007746416704380825,0.0004627833641344699,0.0343117835293829,0.0002943174033972091,0.0007855900910687108,tangled_rope,tangled_rope,True
crispr_genomic_rewrite_2026,institutional,-0.016056,2.454806432348565,6.037935963412526,2.4868959667996546,1.3569333746250984,0.9139997335635146,tangled_rope,rope,False
crispr_genomic_rewrite_2026,analytical,0.520574,0.004927079472612257,0.0009754724621920659,0.059798643049223665,0.0008939028311719687,0.0009873860092444176,tangled_rope,tangled_rope,True
critical_actor_overcentralization,powerless,0.630393,0.00010136389300991168,9.515646139753405e-05,0.014012760321711636,4.908916214522932e-05,0.001041686702041189,snare,snare,True
critical_actor_overcentralization,moderate,0.641765,8.643677059633491e-05,8.146702871553597e-05,0.012952377570792276,4.194087459701556e-05,0.000965579919956383,snare,snare,True
critical_actor_overcentralization,institutional,-0.024506,22.881793004712087,14.503984521706064,3.130031358850965,1.9884387696495451,0.9938961064543798,snare,scaffold,False
critical_actor_overcentralization,analytical,0.79456,0.029181662568880516,0.055619956829387404,0.2800217242152423,0.01957103915621493,0.0407621903390352,snare,snare,True
crop_defense_dependency,powerless,0.3016,4.843017889083325,1.254266044162266,1.9713499354038253,0.8953988863877441,0.71472084560769,snare,tangled_rope,False
crop_defense_dependency,moderate,0.641765,0.0029734747486255338,0.002894820048762611,0.07659962859248061,0.0014666964735153857,0.03390521415662373,snare,snare,True
crop_defense_dependency,institutional,-0.042575,15.946175279017504,5.102330779678374,2.1680431302261076,1.0644445768029296,0.7152181230001492,snare,tangled_rope,False
crop_defense_dependency,analytical,0.79456,0.5046883650392427,0.48653286827672737,0.9947412536508731,0.24231976907770314,0.47646014628487676,snare,tangled_rope,False
cross_domain_coupling_spiral,powerless,0.3016,4.821614917498624,1.238153709000647,1.9624070567520575,0.8879547671244042,0.7105210921064471,snare,tangled_rope,False
cross_domain_coupling_spiral,moderate,0.641765,0.003003360105594962,0.0029257288070210657,0.07699541093476309,0.0014818902901840177,0.03422911003115919,snare,snare,True
cross_domain_coupling_spiral,institutional,0.347455,3.207073046033377,1.2073479802467209,1.868863268128431,0.8114487257121926,0.7062804410546119,snare,tangled_rope,False
cross_domain_coupling_spiral,analytical,0.79456,0.5063139502447708,0.48595937709987586,0.9950070261856035,0.24244658902940353,0.4761186330564913,snare,tangled_rope,False
cs_ecmo_bridge,powerless,0.56518,0.04929195318117279,0.04950697781181175,0.3143198884011113,0.024648452159897385,0.15647720087253275,tangled_rope,snare,False
cs_ecmo_bridge,moderate,0.575376,0.0654941869109698,0.06544488721209596,0.3618500684122223,0.03264467319862929,0.17993564630608722,tangled_rope,snare,False
cs_ecmo_bridge,institutional,-0.048332,10.28088312245557,10.942388028682048,2.6981611444301676,1.5601925968722827,0.7046632224770288,tangled_rope,scaffold,False
cs_ecmo_bridge,analytical,0.712364,0.017078460168499326,0.017244544149300482,0.18524270010317853,0.008572583376994507,0.09212824953273474,tangled_rope,snare,False
cuba_mandatrophic_collapse,powerless,0.530507,0.06538028344344174,0.07577801139531765,0.3698466599513565,0.034099298147152644,0.11224374903874348,tangled_rope,tangled_rope,True
cuba_mandatrophic_collapse,moderate,0.863064,0.12242790051215867,0.0675330005033164,0.41275764590462743,0.042441258272116804,0.06137296977339212,tangled_rope,tangled_rope,True
cuba_mandatrophic_collapse,institutional,-0.032957,1.3049374308406567,0.39682044869413086,0.5909496369513904,0.08667202836602911,0.06637091848323194,tangled_rope,tangled_rope,True
cuba_mandatrophic_collapse,analytical,1.068546,2.068871991274976,3.064573407842298,1.9017170084668324,0.8380308909270298,0.7080114490378953,tangled_rope,piton,False
cuban_missile_crisis_excomm_delibration,powerless,0.356594,0.004776300941686122,0.005447188068924795,0.10092738210272631,0.002546043736178987,0.02376063914693316,rope,rope,True
cuban_missile_crisis_excomm_delibration,moderate,0.322757,1.8644126417403407e-05,1.881071749048062e-05,0.006119985212827524,9.363547444851122e-06,0.0013147588017534684,rope,rope,True
cuban_missile_crisis_excomm_delibration,institutional,-0.023489,0.05698407501494375,0.07961128521026711,0.3650599585390406,0.033224793054692926,0.10614644571693958,rope,rope,True
cuban_missile_crisis_excomm_delibration,analytical,0.438378,0.12888889353863475,0.2096390347883322,0.5666403324246566,0.07973480756925737,0.18336473768634187,rope,rope,True
cultural_homogenization_social_media,powerless,0.2704,4.343142043664918,0.7761685038357764,1.6288457419036328,0.6274234584166625,0.537947745946198,snare,tangled_rope,False
cultural_homogenization_social_media,moderate,0.575376,0.06327082377314605,0.05956432685483997,0.35035453438694336,0.03060868045534294,0.1688075455422492,snare,snare,True
cultural_homogenization_social_media,institutional,-0.007558,11.761886658140277,2.560067144071629,1.7665068796373062,0.7307195520287586,0.5380343124459922,snare,tangled_rope,False
cultural_homogenization_social_media,analytical,0.712364,0.01696721517310262,0.016620125271566685,0.18326026441241416,0.008390208257118361,0.09021311903069967,snare,snare,True
cultural_memory_decay,powerless,0.3016,3.4377249814655593,4.815581486771528,2.6328800227778166,1.4967550270692704,0.9633907265990702,snare,tangled_rope,False
cultural_memory_decay,moderate,0.641765,9.951411544150017e-05,9.642825140087435e-05,0.013990746919213181,4.893505028503907e-05,0.0009886357620380662,snare,snare,True
cultural_memory_decay,institutional,0.112235,16.75711408216617,9.927085123962883,3.0095796943433597,1.8680828801012856,0.9936427682029205,snare,tangled_rope,False
cultural_memory_decay,analytical,0.79456,0.04087764729932568,0.09906675175552138,0.34326712393123476,0.029385835693129997,0.05259563330274075,snare,snare,True
cultural_refragmentation_2026,powerless,0.3016,3.5832400563203577,4.750066561393131,2.6474013995417156,1.510822326631247,0.966750162563183,snare,tangled_rope,False
cultural_refragmentation_2026,moderate,0.641765,0.00010397050462055321,9.840375560541637e-05,0.014221291542919146,5.056107025054164e-05,0.0011583608520068667,snare,snare,True
cultural_refragmentation_2026,institutional,-0.008431,22.827020132957383,18.307485393214996,3.0736903599699095,1.932110750568457,0.9926582853092516,snare,rope,False
cultural_refragmentation_2026,analytical,0.79456,0.03569007682864288,0.06928415209369679,0.3103204702098224,0.02402643804160223,0.04934200111453424,snare,snare,True
cumbria_mine_rejection,powerless,0.413016,0.006392837982760553,0.00955794003213641,0.12438071334130216,0.0038663940699563493,0.012736200162891204,tangled_rope,tangled_rope,True
cumbria_mine_rejection,moderate,0.420467,0.0103146022652192,0.016687963809590773,0.1607714572542299,0.00645838647432319,0.017884215338097635,tangled_rope,tangled_rope,True
cumbria_mine_rejection,institutional,0.247,0.03241460475824813,0.012441121905862855,0.16214057381803967,0.006568792513957522,0.005199048649599891,tangled_rope,tangled_rope,True
cumbria_mine_rejection,analytical,0.520574,0.2449425125847637,0.7050886143104084,0.8739774121554139,0.1879396237754913,0.23240426850226895,tangled_rope,tangled_rope,True
cuny_light_2026,powerless,0.133723,0.00032968057760060857,0.00032253444938287745,0.02553588237160902,0.00016301810750067673,0.008567621719292817,rope,rope,True
cuny_light_2026,moderate,0.121034,2.258419560636441e-06,2.254702869162865e-06,0.0021244102253499377,1.128279595549901e-06,0.0007237509136437392,rope,rope,True
cuny_light_2026,institutional,-0.00507,0.1518678859780276,0.19087117499227652,0.5823874158292097,0.08419630111959782,0.24850063655359206,rope,rope,True
cuny_light_2026,analytical,0.164392,0.0020580586965205754,0.0019151505949390399,0.06288579209372624,0.0009885742611552726,0.02057457908400917,rope,rope,True
currys_paradox,powerless,0.13626,5.139366353940738e-05,6.539683225785495e-05,0.010748291686770797,2.8881374034645172e-05,0.00016086697357020618,mountain,mountain,True
currys_paradox,moderate,0.119997,8.263682932206564e-13,8.26448214545808e-13,1.2856516009642697e-06,4.132109457341962e-13,1.5788007567962836e-08,mountain,mountain,True
currys_paradox,institutional,-0.014325,0.0662911847317683,0.33270318985074987,0.49164636691848085,0.060125344113724916,0.06499731744151283,mountain,mountain,True
currys_paradox,analytical,0.165603,0.001996357835740478,0.004876775669411518,0.07691093824328682,0.0014786408712008595,0.002421243611359314,mountain,mountain,True
cz_plea_agreement_2026,powerless,0.3016,4.821614917498624,1.238153709000647,1.9624070567520575,0.8879547671244042,0.7105210921064471,snare,tangled_rope,False
cz_plea_agreement_2026,moderate,0.641765,0.003003360105594962,0.0029257288070210657,0.07699541093476309,0.0014818902901840177,0.03422911003115919,snare,snare,True
cz_plea_agreement_2026,institutional,0.493099,0.1961595851335645,0.20651058669910918,0.6343299572800439,0.09975318971588377,0.3096839109611474,snare,tangled_rope,False
cz_plea_agreement_2026,analytical,0.79456,0.5063139502447708,0.48595937709987586,0.9950070261856035,0.24244658902940353,0.4761186330564913,snare,tangled_rope,False
damped_harmonics,powerless,0.13626,5.139366353940738e-05,6.539683225785495e-05,0.010748291686770797,2.8881374034645172e-05,0.00016086697357020618,mountain,mountain,True
damped_harmonics,moderate,0.119997,8.263682932206564e-13,8.26448214545808e-13,1.2856516009642697e-06,4.132109457341962e-13,1.5788007567962836e-08,mountain,mountain,True
damped_harmonics,institutional,-0.014325,0.0662911847317683,0.33270318985074987,0.49164636691848085,0.060125344113724916,0.06499731744151283,mountain,mountain,True
damped_harmonics,analytical,0.165603,0.001996357835740478,0.004876775669411518,0.07691093824328682,0.0014786408712008595,0.002421243611359314,mountain,mountain,True
dark_patterns_manipulation,powerless,0.3224,2.562687580490524,4.536579895061027,2.438497669340536,1.3112978636471828,0.9207773787601244,snare,tangled_rope,False
dark_patterns_manipulation,moderate,0.686025,0.0002407590526016061,0.0002632808741344245,0.022433640534524218,0.00012581573775262143,0.0018625187308057845,snare,snare,True
dark_patterns_manipulation,institutional,0.371418,0.8042427021927915,2.2340836787817113,1.554652331079235,0.5744171055597602,0.5634757961529683,snare,tangled_rope,False
dark_patterns_manipulation,analytical,0.849357,0.25811018711104367,0.723190794198374,0.8929026338763567,0.1960300315821489,0.24448954188390526,snare,snare,True
data_laundering_pipeline,powerless,0.3224,2.5654386088106724,4.520994184631325,2.438891196795062,1.31166733666855,0.9209677736885112,snare,tangled_rope,False
data_laundering_pipeline,moderate,0.686025,0.0002433371514310017,0.00026656922530732507,0.022562232039277316,0.00012726222898591438,0.001874110378355054,snare,snare,True
data_laundering_pipeline,institutional,-0.045511,22.862787149110595,20.650966315443277,3.092296222615,1.950708560420892,0.9939200607127915,snare,rope,False
data_laundering_pipeline,analytical,0.849357,0.261224517535858,0.7367484837607292,0.8986615076821971,0.19852400061380618,0.24690215203088528,snare,snare,True
data_privacy_regulation,powerless,0.2704,3.3858157746073565,0.5363739441399336,1.3801324313075964,0.457592270838638,0.41187951026580627,tangled_rope,tangled_rope,True
data_privacy_regulation,moderate,0.034872,8.867821360244001,1.8541098231277737,1.5090687488418295,0.5428188956858132,0.4119315700882379,tangled_rope,tangled_rope,True
data_privacy_regulation,institutional,-0.021971,8.917153171749309,2.9346873871875525,1.5944788151479694,0.6026312402619541,0.4119315700882379,tangled_rope,tangled_rope,True
data_privacy_regulation,analytical,0.712364,0.01706667657735723,0.017250553945078476,0.1852443020412707,0.008572731539250065,0.09214395490124244,tangled_rope,snare,False
dead_sea_effect,powerless,0.56518,0.049294705828367216,0.04950172592293583,0.3143163198508322,0.024647893635722666,0.1564808382053321,tangled_rope,snare,False
dead_sea_effect,moderate,0.575376,0.06549584849585587,0.06543443697510727,0.36183850490468594,0.03264259249875578,0.17993235849752287,tangled_rope,snare,False
dead_sea_effect,institutional,-0.021971,8.917153171749309,2.9346873871875525,1.5944788151479694,0.6026312402619541,0.4119315700882379,tangled_rope,tangled_rope,True
dead_sea_effect,analytical,0.712364,0.01706667657735723,0.017250553945078476,0.1852443020412707,0.008572731539250065,0.09214395490124244,tangled_rope,snare,False
debt_service_squeeze,powerless,0.2704,4.335141529822254,0.7729338599365184,1.6266316510842835,0.6258139259408996,0.5368736284060396,snare,tangled_rope,False
debt_service_squeeze,moderate,0.575376,0.0633225480170992,0.059641905504717846,0.35054080267817533,0.030641152336224255,0.16898528603020946,snare,snare,True
debt_service_squeeze,institutional,-0.021971,11.731799533250701,2.4418421234097525,1.7551035056824962,0.7219276158594726,0.5369598310433067,snare,tangled_rope,False
debt_service_squeeze,analytical,0.712364,0.016980626735139698,0.016640228227472877,0.1833504375969734,0.008398461304847392,0.09027955079230571,snare,snare,True
debt_trap_microfinance,powerless,0.673869,8.872794228400411e-05,9.380265865023023e-05,0.013506276734422049,4.560470449003161e-05,0.001091178532181103,snare,snare,True
debt_trap_microfinance,moderate,0.686025,0.0002407590526016061,0.0002632808741344245,0.022433640534524218,0.00012581573775262143,0.0018625187308057845,snare,snare,True
debt_trap_microfinance,institutional,-0.026196,22.863944645010978,20.627579635250182,3.094124038445727,1.9525358413795386,0.9939481851217334,snare,rope,False
debt_trap_microfinance,analytical,0.849357,0.25811018711104367,0.723190794198374,0.8929026338763567,0.1960300315821489,0.24448954188390526,snare,snare,True
decision_latency_mismatch,powerless,0.3016,4.821614917498624,1.238153709000647,1.9624070567520575,0.8879547671244042,0.7105210921064471,snare,tangled_rope,False
decision_latency_mismatch,moderate,0.641765,0.003003360105594962,0.0029257288070210657,0.07699541093476309,0.0014818902901840177,0.03422911003115919,snare,snare,True
decision_latency_mismatch,institutional,-0.024506,15.798747323224893,2.852488945578066,2.06702828083487,0.9763939932997519,0.7110083398770009,snare,tangled_rope,False
decision_latency_mismatch,analytical,0.79456,0.5063139502447708,0.48595937709987586,0.9950070261856035,0.24244658902940353,0.4761186330564913,snare,tangled_rope,False
deep_earth_hydrogen_availability,powerless,0.13626,5.139366353940738e-05,6.539683225785495e-05,0.010748291686770797,2.8881374034645172e-05,0.00016086697357020618,mountain,mountain,True
deep_earth_hydrogen_availability,moderate,0.119997,8.263682932206564e-13,8.26448214545808e-13,1.2856516009642697e-06,4.132109457341962e-13,1.5788007567962836e-08,mountain,mountain,True
deep_earth_hydrogen_availability,institutional,-0.014325,0.0662911847317683,0.33270318985074987,0.49164636691848085,0.060125344113724916,0.06499731744151283,mountain,mountain,True
deep_earth_hydrogen_availability,analytical,0.165603,0.001996357835740478,0.004876775669411518,0.07691093824328682,0.0014786408712008595,0.002421243611359314,mountain,mountain,True
deferential_realism_core,powerless,0.413016,0.00011277425422755488,0.00011064501054448261,0.014706113449724287,5.406719959202825e-05,9.059665914947965e-05,tangled_rope,tangled_rope,True
deferential_realism_core,moderate,0.420467,0.0001678310411519642,0.0001725545910102815,0.018014595530875165,8.113086451140656e-05,0.00012146712063762456,tangled_rope,tangled_rope,True
deferential_realism_core,institutional,-0.016056,0.8602042524178832,4.503289591605665,1.703630364017206,0.6827633026503805,0.5771537995177016,tangled_rope,rope,False
deferential_realism_core,analytical,0.2964,0.001868596349716404,0.004404276038650372,0.07321865349980691,0.001340093124203885,0.002124806905769598,tangled_rope,tangled_rope,True
deferred_risk_realization,powerless,0.739082,0.0028368904146441475,0.0037536361827199306,0.08054529889649026,0.001621667095835977,0.007961294292851862,snare,snare,True
deferred_risk_realization,moderate,0.752415,0.0055128345326250225,0.007967633605473009,0.11454204344686356,0.0032790735103637786,0.01225553180852934,snare,snare,True
deferred_risk_realization,institutional,0.198142,9.821730987516577,6.069450663402771,2.972502725564462,1.8311114382612117,0.9934480286999321,snare,tangled_rope,False
deferred_risk_realization,analytical,0.931553,2.994057782537622,5.976835970209663,2.57704252030628,1.4429172067033251,0.9460718628131932,snare,piton,False
delayed_feedback_instability,powerless,0.56518,0.01329176057483902,0.01585546184635537,0.17022770435771364,0.007239995483231728,0.04617070950065416,tangled_rope,tangled_rope,True
delayed_feedback_instability,moderate,0.575376,0.018184012005785784,0.022235842261579604,0.20028413882687973,0.010020056076626118,0.055553649701043484,tangled_rope,tangled_rope,True
delayed_feedback_instability,institutional,-0.021971,1.4781943028288813,4.458425756375402,1.2707602200396937,0.3903076687954017,0.31157757333812075,tangled_rope,tangled_rope,True
delayed_feedback_instability,analytical,0.712364,0.004407904962710026,0.005003319206444479,0.09677330995857755,0.0023408116209299784,0.024421663784510383,tangled_rope,tangled_rope,True
delta_force_selection_2026,powerless,0.3536,1.7330714274730585,3.1772177324789754,2.0829343132732956,0.990091138461038,0.8255833821071553,snare,tangled_rope,False
delta_force_selection_2026,moderate,0.752415,0.01051789284072169,0.014621188221404853,0.15694547863830288,0.006154811414448865,0.02405067222081847,snare,snare,True
delta_force_selection_2026,institutional,-0.028731,22.666553731860347,18.09038457072071,3.047537064992039,1.9059790766693039,0.9864438363798834,snare,rope,False
delta_force_selection_2026,analytical,0.931553,2.970020356424429,3.9420457248844483,2.4774311544080265,1.3479783945625026,0.9406151842015376,snare,tangled_rope,False
demand_response_cost_shift,powerless,0.56518,0.013324091641640598,0.015892726237088126,0.1704312781043067,0.007257311839154262,0.046279215360412684,tangled_rope,tangled_rope,True
demand_response_cost_shift,moderate,0.575376,0.01822780347732002,0.022287204144933022,0.20052049564928073,0.010043699692947038,0.055682380827989264,tangled_rope,tangled_rope,True
demand_response_cost_shift,institutional,-0.021971,1.488003854211105,4.525112906066254,1.280498721177499,0.3961063681169194,0.31620891390016803,tangled_rope,tangled_rope,True
demand_response_cost_shift,analytical,0.712364,0.00437697617359169,0.004938186743622329,0.09631760121191066,0.00231882185931602,0.024424417288660183,tangled_rope,tangled_rope,True
demographic_inertia_trap,powerless,0.3016,3.6013829720114034,5.049289332690047,2.6539541446486483,1.517178658671598,0.9672931757184184,snare,tangled_rope,False
demographic_inertia_trap,moderate,0.641765,0.00010185198886121684,9.619456308111637e-05,0.01406844643633382,4.948009225852688e-05,0.0011436924050901576,snare,snare,True
demographic_inertia_trap,institutional,-0.024506,22.844131528464043,17.253873085067532,3.116296945113388,1.9747049659364304,0.9927599098901192,snare,rope,False
demographic_inertia_trap,analytical,0.79456,0.034427113838474334,0.06529613542022342,0.30383528946513083,0.02303461833920969,0.0479345138685483,snare,snare,True
denmark_asylum_outsourcing,powerless,0.3536,3.061302510005694,1.3066610405613148,1.904313308598804,0.840145035942439,0.735518777173089,snare,tangled_rope,False
denmark_asylum_outsourcing,moderate,0.752415,0.11919959407622598,0.13030827449121687,0.4991098955054162,0.06195513312380608,0.23878305388723353,snare,snare,True
denmark_asylum_outsourcing,institutional,-0.009884,16.557774059047517,2.5228774061964403,2.117369850766883,1.0199622573030314,0.743086385788836,snare,tangled_rope,False
denmark_asylum_outsourcing,analytical,0.931553,4.080219511001114,1.347299732371821,1.9915082744777175,0.9122596092994002,0.7411686811329077,snare,tangled_rope,False
devotional_transformation,powerless,0.413016,0.006227131542441967,0.009315196278282575,0.12277604745252985,0.0037673061462688614,0.01241468165799926,tangled_rope,tangled_rope,True
devotional_transformation,moderate,0.420467,0.010048756423520265,0.01626786169047944,0.1587123186139443,0.006294095943006779,0.017435029477616944,tangled_rope,tangled_rope,True
devotional_transformation,institutional,-0.027894,0.30248836047353356,1.6319800522790058,0.9198664551102758,0.20783572194310904,0.19604037108927813,tangled_rope,tangled_rope,True
devotional_transformation,analytical,0.520574,0.2394351900631587,0.6918400274535285,0.86473234739541,0.18404636536050972,0.22782980424589216,tangled_rope,tangled_rope,True
digital_credentialing_verification,powerless,0.323046,2.1792408535568097,0.5141545182381009,1.321654611655651,0.4210305478773465,0.4047135595453733,tangled_rope,tangled_rope,True
digital_credentialing_verification,moderate,0.575376,0.06538439346912008,0.06552662293043253,0.3618117132149166,0.03263777194209157,0.17990812418981894,tangled_rope,snare,False
digital_credentialing_verification,institutional,-0.021971,8.745626559766388,2.3436133129898598,1.5344146732798751,0.5602961220420642,0.40559296255546007,tangled_rope,tangled_rope,True
digital_credentialing_verification,analytical,0.712364,0.01725725719518201,0.01765111362085282,0.18672647034805928,0.008710363792537154,0.09211458990606802,tangled_rope,tangled_rope,True
digital_euro_cbdc,powerless,0.413016,0.00017232149032581345,0.00011505326436052189,0.016673819147078092,6.9503658670587e-05,0.0002204579483402168,tangled_rope,tangled_rope,True
digital_euro_cbdc,moderate,0.499523,0.0012849651155011578,0.0004821509621516046,0.035051870771746936,0.00030715054903964747,0.0003036604735411695,tangled_rope,tangled_rope,True
digital_euro_cbdc,institutional,-0.016056,1.4625283636810587,5.681343010232403,2.1040144994877386,1.0083421767116925,0.7687685425726396,tangled_rope,rope,False
digital_euro_cbdc,analytical,0.520574,0.0016190711074355968,0.00062503666746686,0.03770617365267979,0.0003554283549395332,0.0003049641457113045,tangled_rope,tangled_rope,True
digital_identity_tether,powerless,0.3016,3.4158874579610066,4.846161537326443,2.631273891476004,1.4952007347425988,0.9628817649885143,snare,tangled_rope,False
digital_identity_tether,moderate,0.641765,8.713446844680948e-05,8.249210639634182e-05,0.01301986180694508,4.237905070173767e-05,0.0009689552620116733,snare,snare,True
digital_identity_tether,institutional,-0.024506,22.856646158437737,17.840772735758303,3.0690622110209684,1.927485454651092,0.9938635466730114,snare,rope,False
digital_identity_tether,analytical,0.79456,0.03015456556217153,0.059142332125602826,0.2857538039376196,0.02037910577102944,0.041775473440942346,snare,snare,True
dionysaic_frenzy,powerless,0.56518,0.048024406458875235,0.04580037545931812,0.3062416601343029,0.023400214855338983,0.1486064738848858,snare,snare,True
dionysaic_frenzy,moderate,0.575376,0.0633225480170992,0.059641905504717846,0.35054080267817533,0.030641152336224255,0.16898528603020946,snare,snare,True
dionysaic_frenzy,institutional,-0.021971,11.731799533250701,2.4418421234097525,1.7551035056824962,0.7219276158594726,0.5369598310433067,snare,tangled_rope,False
dionysaic_frenzy,analytical,0.712364,0.016980626735139698,0.016640228227472877,0.1833504375969734,0.008398461304847392,0.09027955079230571,snare,snare,True
discover_core_2026,powerless,0.2704,5.232700359900383,4.254385280924221,2.756918863077842,1.6176935635206058,0.9796314508407744,snare,tangled_rope,False
discover_core_2026,moderate,0.575376,0.00329759354661108,0.0026042015066983113,0.07642255610121856,0.001459924120808987,0.00811774715492819,snare,snare,True
discover_core_2026,institutional,-0.021971,22.60880327508173,15.154510034760435,3.0412587206991257,1.8997081472919937,0.984151136961923,snare,rope,False
discover_core_2026,analytical,0.712364,0.0010641945715511207,0.0010250293905600437,0.04550736940681759,0.0005177078309237019,0.004859533912594593,snare,snare,True
disney_openai_ip_exclusivity,powerless,0.3224,4.344732055909846,1.382232755656861,2.0204506477815785,0.9366602071432305,0.749451333531906,snare,tangled_rope,False
disney_openai_ip_exclusivity,moderate,0.686025,0.007121504181586827,0.007415086967604625,0.1205493107454173,0.0036319343021049464,0.05383081691733804,snare,snare,True
disney_openai_ip_exclusivity,institutional,0.324538,4.26488131222325,1.3806400666575933,2.0162630057225908,0.9331158102104321,0.7492880363462602,snare,tangled_rope,False
disney_openai_ip_exclusivity,analytical,0.849357,1.6690378194903879,1.1273382873674225,1.6354202573698116,0.6322127058583635,0.698694833831781,snare,tangled_rope,False
djia_as_economic_barometer,powerless,0.3016,2.8491725492070867,0.5006441914994916,1.332057229404355,0.4274366943071818,0.3924460284346402,tangled_rope,tangled_rope,True
djia_as_economic_barometer,moderate,0.641765,0.0036324121149479013,0.0036723571133964934,0.08546565799541717,0.001825816805915213,0.04199195766005592,tangled_rope,tangled_rope,True
djia_as_economic_barometer,institutional,0.406545,1.0164604797573722,0.4313456118461266,1.1177177782472207,0.3042785967801837,0.37868649665048626,tangled_rope,tangled_rope,True
djia_as_economic_barometer,analytical,0.79456,0.39793024606261923,0.27050526033673183,0.804316790973035,0.15956333919235544,0.3180732937569713,tangled_rope,tangled_rope,True
dk_foreign_convict_expulsion,powerless,0.3536,3.061302510005694,1.3066610405613148,1.904313308598804,0.840145035942439,0.735518777173089,snare,tangled_rope,False
dk_foreign_convict_expulsion,moderate,0.752415,0.11919959407622598,0.13030827449121687,0.4991098955054162,0.06195513312380608,0.23878305388723353,snare,snare,True
dk_foreign_convict_expulsion,institutional,-0.028731,16.561263757925385,2.757871175281208,2.1249705911652215,1.026594973880371,0.743086385788836,snare,tangled_rope,False
dk_foreign_convict_expulsion,analytical,0.931553,4.080219511001114,1.347299732371821,1.9915082744777175,0.9122596092994002,0.7411686811329077,snare,tangled_rope,False
dk_us_alliance_espionage,powerless,0.3016,4.827090421821808,1.2419464134645612,1.9646720668130784,0.8898380818412343,0.711596277352176,snare,tangled_rope,False
dk_us_alliance_espionage,moderate,0.641765,0.0029951242767688206,0.002917120931527464,0.0768860024722329,0.0014776823460877864,0.034146365662762024,snare,snare,True
dk_us_alliance_espionage,institutional,-0.042575,15.83097247938206,3.218083576565989,2.082650836266949,0.9898464665612648,0.7120860741938911,snare,tangled_rope,False
dk_us_alliance_espionage,analytical,0.79456,0.5057467077214449,0.4857040224134624,0.9947209786824648,0.2423100956482468,0.476172565846671,snare,tangled_rope,False
dldr_information_policy,powerless,0.56518,2.6882100282038615e-05,3.23447316332685e-05,0.007655757426169962,1.4652637550303097e-05,9.092411696798308e-05,tangled_rope,tangled_rope,True
dldr_information_policy,moderate,0.575376,3.7027934169435597e-05,4.587553972266838e-05,0.009041991358643668,2.0439367118414856e-05,0.00011076140239196786,tangled_rope,tangled_rope,True
dldr_information_policy,institutional,-0.03817,1.618550379056057,10.73681089240747,2.2165019464701468,1.1075451264262268,0.8014821255900262,tangled_rope,rope,False
dldr_information_policy,analytical,0.712364,2.3110446396435872e-05,2.582248702542111e-05,0.006562909386971534,1.0767935243201504e-05,5.828997059720287e-05,tangled_rope,tangled_rope,True
dn_paywall,powerless,0.2704,4.34935924531457,0.7878098249189901,1.6313380973052707,0.6292372876889227,0.5386200294193801,snare,tangled_rope,False
dn_paywall,moderate,0.575376,0.06323849062003314,0.059515719017545606,0.35023782612137794,0.03058834357744408,0.16869570739517303,snare,snare,True
dn_paywall,institutional,-0.021971,11.987532443131563,6.570306770800159,2.0820631136672456,0.9893392618405462,0.5387067190367689,snare,tangled_rope,False
dn_paywall,analytical,0.712364,0.016960893158483974,0.016609254300698827,0.18321251614040077,0.008385839764049812,0.09017182372725163,snare,snare,True
doomsday_clock_framework,powerless,0.2704,4.310275319468763,0.764822512676381,1.6199159844169775,0.6209422839040202,0.5335087920350912,snare,tangled_rope,False
doomsday_clock_framework,moderate,0.575376,0.06348006725277446,0.05988103394563815,0.3511116162010102,0.030740767810964208,0.16953066743642153,snare,snare,True
doomsday_clock_framework,institutional,0.00903,11.62871959171331,1.718177962906723,1.7022684978046758,0.6817388348961647,0.5335938463626007,snare,tangled_rope,False
doomsday_clock_framework,analytical,0.712364,0.017056466893997025,0.016762145301791088,0.1838704620701756,0.008446135234966205,0.0905022512180036,snare,snare,True
drc_rwanda_peace_deal_2024,powerless,0.2704,4.310275319468763,0.764822512676381,1.6199159844169775,0.6209422839040202,0.5335087920350912,snare,tangled_rope,False
drc_rwanda_peace_deal_2024,moderate,0.575376,0.06348006725277446,0.05988103394563815,0.3511116162010102,0.030740767810964208,0.16953066743642153,snare,snare,True
drc_rwanda_peace_deal_2024,institutional,-0.021971,11.640456018756844,2.0672907728620586,1.7240585779302446,0.6982035114067705,0.5335938463626007,snare,tangled_rope,False
drc_rwanda_peace_deal_2024,analytical,0.712364,0.017056466893997025,0.016762145301791088,0.1838704620701756,0.008446135234966205,0.0905022512180036,snare,snare,True
dsa_transparency_requirements,powerless,0.56518,0.049294705828367216,0.04950172592293583,0.3143163198508322,0.024647893635722666,0.1564808382053321,tangled_rope,snare,False
dsa_transparency_requirements,moderate,0.575376,0.06549584849585587,0.06543443697510727,0.36183850490468594,0.03264259249875578,0.17993235849752287,tangled_rope,snare,False
dsa_transparency_requirements,institutional,0.524479,0.0007306872197815686,0.000733661987396897,0.038266756698506654,0.000366074998935077,0.018894099133369813,tangled_rope,tangled_rope,True
dsa_transparency_requirements,analytical,0.712364,0.01706667657735723,0.017250553945078476,0.1852443020412707,0.008572731539250065,0.09214395490124244,tangled_rope,snare,False
dunbars_number,powerless,0.13626,5.139366353940738e-05,6.539683225785495e-05,0.010748291686770797,2.8881374034645172e-05,0.00016086697357020618,mountain,mountain,True
dunbars_number,moderate,0.119997,8.263682932206564e-13,8.26448214545808e-13,1.2856516009642697e-06,4.132109457341962e-13,1.5788007567962836e-08,mountain,mountain,True
dunbars_number,institutional,-0.014325,0.0662911847317683,0.33270318985074987,0.49164636691848085,0.060125344113724916,0.06499731744151283,mountain,mountain,True
dunbars_number,analytical,0.165603,0.001996357835740478,0.004876775669411518,0.07691093824328682,0.0014786408712008595,0.002421243611359314,mountain,mountain,True
dunning_kruger_effect,powerless,0.413016,0.00013113177804497853,8.796446942717787e-05,0.014558838239258867,5.298970872499139e-05,0.00016724803942305433,tangled_rope,tangled_rope,True
dunning_kruger_effect,moderate,0.420467,0.00018511290449341574,0.00011417323887570611,0.016874840170848907,7.118963536384641e-05,0.00018396143384751386,tangled_rope,tangled_rope,True
dunning_kruger_effect,institutional,-0.027894,1.3322212781120497,5.5890005614048155,2.0335562904717173,0.9477828031318968,0.7365051387274357,tangled_rope,rope,False
dunning_kruger_effect,analytical,0.520574,0.0012520407568806873,0.0005509875572989136,0.03400333078152462,0.0002890496633153865,0.0002313528813740235,tangled_rope,tangled_rope,True
dutch_minority_govt_2026,powerless,0.56518,0.049294705828367216,0.04950172592293583,0.3143163198508322,0.024647893635722666,0.1564808382053321,tangled_rope,snare,False
dutch_minority_govt_2026,moderate,0.575376,0.06549584849585587,0.06543443697510727,0.36183850490468594,0.03264259249875578,0.17993235849752287,tangled_rope,snare,False
dutch_minority_govt_2026,institutional,-0.021971,8.917153171749309,2.9346873871875525,1.5944788151479694,0.6026312402619541,0.4119315700882379,tangled_rope,tangled_rope,True
dutch_minority_govt_2026,analytical,0.712364,0.01706667657735723,0.017250553945078476,0.1852443020412707,0.008572731539250065,0.09214395490124244,tangled_rope,snare,False
dwp_carers_allowance_cliff,powerless,0.630393,0.00010280781538992048,9.629697874379436e-05,0.014103210917704265,4.9724933498689624e-05,0.001049449831287963,snare,snare,True
dwp_carers_allowance_cliff,moderate,0.641765,8.80279764115114e-05,8.263537628771991e-05,0.013055756195517229,4.261304113591587e-05,0.0009729407868962481,snare,snare,True
dwp_carers_allowance_cliff,institutional,-0.024506,22.88690028811021,13.29516882341136,3.1325996715130384,1.9910070482272135,0.9938551825262844,snare,scaffold,False
dwp_carers_allowance_cliff,analytical,0.79456,0.029366369312668186,0.05595955820127337,0.28089166772572727,0.01969263048536437,0.04101283582927633,snare,snare,True
e2ee_digital_privacy_2026,powerless,0.413016,0.006392837982760553,0.00955794003213641,0.12438071334130216,0.0038663940699563493,0.012736200162891204,tangled_rope,tangled_rope,True
e2ee_digital_privacy_2026,moderate,0.420467,0.0103146022652192,0.016687963809590773,0.1607714572542299,0.00645838647432319,0.017884215338097635,tangled_rope,tangled_rope,True
e2ee_digital_privacy_2026,institutional,0.478364,0.09891731398820282,0.24833552376743298,0.5435430512274556,0.07340627452237942,0.1084990057703789,tangled_rope,tangled_rope,True
e2ee_digital_privacy_2026,analytical,0.520574,0.2449425125847637,0.7050886143104084,0.8739774121554139,0.1879396237754913,0.23240426850226895,tangled_rope,tangled_rope,True
ec_meta_manus_block,powerless,0.249209,4.985380144551552,0.7667142353430809,1.6274515369445817,0.626409745406913,0.5328493765912842,snare,tangled_rope,False
ec_meta_manus_block,moderate,0.575376,0.06351272883250016,0.059931277530915913,0.3512308183273512,0.030761590607230452,0.16964472578469247,snare,snare,True
ec_meta_manus_block,institutional,-0.021971,11.622844466954552,2.0385311139673616,1.720909534774921,0.6958144827457994,0.5328730347864006,snare,tangled_rope,False
ec_meta_manus_block,analytical,0.712364,0.017085007840238246,0.0168096079350084,0.1840678606887738,0.008464267269173069,0.09055607602911286,snare,snare,True
edelman_2026_developed_stagnation,powerless,0.3016,4.821614917498624,1.238153709000647,1.9624070567520575,0.8879547671244042,0.7105210921064471,snare,tangled_rope,False
edelman_2026_developed_stagnation,moderate,0.641765,0.003003360105594962,0.0029257288070210657,0.07699541093476309,0.0014818902901840177,0.03422911003115919,snare,snare,True
edelman_2026_developed_stagnation,institutional,0.010072,15.790631969649036,2.386900142443443,2.0501481460138016,0.9619288516814524,0.7110083398770009,snare,tangled_rope,False
edelman_2026_developed_stagnation,analytical,0.79456,0.5063139502447708,0.48595937709987586,0.9950070261856035,0.24244658902940353,0.4761186330564913,snare,tangled_rope,False
edelman_2026_developing_volatility,powerless,0.3016,3.423070985499934,4.834382386338128,2.6318554096194804,1.4957634464499634,0.9630581166235194,snare,tangled_rope,False
edelman_2026_developing_volatility,moderate,0.641765,8.967372033072673e-05,8.52897293720428e-05,0.01322259442480986,4.370909162275497e-05,0.0009762544048953214,snare,snare,True
edelman_2026_developing_volatility,institutional,0.743928,0.00383026562733901,0.00549076252135562,0.09506926343503849,0.0022591157840227217,0.009419713356649484,snare,snare,True
edelman_2026_developing_volatility,analytical,0.79456,0.032182383956664826,0.06652269566614469,0.2973696643965718,0.02206648204468594,0.04387060658289954,snare,snare,True
edelman_2026_insularity,powerless,0.3016,4.991572403005273,1.3662713758154024,2.037305836249662,0.950973329362097,0.7455595820729518,snare,tangled_rope,False
edelman_2026_insularity,moderate,0.641765,0.00275908436406993,0.0026776053695843445,0.07372735683347914,0.0013587769023100423,0.03136990993608782,snare,snare,True
edelman_2026_insularity,institutional,0.063872,16.619110268961403,1.6932092387852897,2.097117968701902,1.002358997415975,0.7461416689401064,snare,tangled_rope,False
edelman_2026_insularity,analytical,0.79456,0.49492102813520084,0.5023108143410493,0.9974870004781735,0.2436314659068489,0.47792249552710825,snare,tangled_rope,False
educational_unbundling_implementation,powerless,0.3016,2.8491725492070867,0.5006441914994916,1.332057229404355,0.4274366943071818,0.3924460284346402,tangled_rope,tangled_rope,True
educational_unbundling_implementation,moderate,0.641765,0.0036324121149479013,0.0036723571133964934,0.08546565799541717,0.001825816805915213,0.04199195766005592,tangled_rope,tangled_rope,True
educational_unbundling_implementation,institutional,0.377,1.4552047206655845,0.4719752593863925,1.2202301082069202,0.36083579666284343,0.3881150258153543,tangled_rope,tangled_rope,True
educational_unbundling_implementation,analytical,0.79456,0.39793024606261923,0.27050526033673183,0.804316790973035,0.15956333919235544,0.3180732937569713,tangled_rope,tangled_rope,True
ehrenfest_barrier,powerless,0.09084,1.7204328032993115e-07,1.6795949896071928e-07,0.000583065541197541,8.499135584162135e-08,4.748600499593358e-06,mountain,mountain,True
ehrenfest_barrier,moderate,0.079998,2.3595664292499924e-14,2.3671686638253703e-14,2.1696418193818693e-07,1.1817651847272506e-14,1.80415482553542e-09,mountain,mountain,True
ehrenfest_barrier,institutional,-0.00955,0.02649938530921232,0.13243117914987956,0.3111822044182772,0.024159792489387048,0.026550923357674505,mountain,mountain,True
ehrenfest_barrier,analytical,0.110402,8.928487706118012e-07,9.407237020067217e-07,0.0013537480307631614,4.5815841517530124e-07,1.1683861709831206e-05,mountain,mountain,True
electrification_scale_2026,powerless,0.413016,0.011123873430418377,0.007511683304504236,0.13451537127427698,0.004521891290764239,0.01563498899015825,tangled_rope,tangled_rope,True
electrification_scale_2026,moderate,0.420467,0.015706309497819603,0.009698808316394348,0.15588411302416852,0.006071889363560961,0.0173245983841942,tangled_rope,tangled_rope,True
electrification_scale_2026,institutional,-0.027894,5.575167277650355,3.7713254790604633,2.729742569012967,1.5910545090146055,0.9738661527246152,tangled_rope,rope,False
electrification_scale_2026,analytical,0.520574,0.10130817467350786,0.022185528398883374,0.2803408968034107,0.01961560614462186,0.022890923853664535,tangled_rope,tangled_rope,True
elencher_identity_transformation,powerless,0.673869,0.0026708989085770145,0.002741627521905825,0.07356515587868227,0.0013528055054550724,0.03245645894195226,snare,snare,True
elencher_identity_transformation,moderate,0.686025,0.007117385859837468,0.007411156640328336,0.12051588413980636,0.003629921023535851,0.053800662980228564,snare,snare,True
elencher_identity_transformation,institutional,-0.026196,16.797506428604866,5.447111848763221,2.2312181078904194,1.1207389479976764,0.7511406173410854,snare,tangled_rope,False
elencher_identity_transformation,analytical,0.849357,1.6691091045661606,1.1279902731664295,1.6356901027395752,0.6324095925552302,0.6988677406098794,snare,tangled_rope,False
elite_capture_2026,powerless,0.3016,0.6326547736860555,4.053189512477145,1.4839363638174636,0.5257199839993597,0.4696558047682029,snare,snare,True
elite_capture_2026,moderate,0.641765,1.3192072372410641e-05,1.4892891695611716e-05,0.005290193501276417,6.996532740980563e-06,5.7536216111071624e-05,snare,snare,True
elite_capture_2026,institutional,-0.046549,23.01956855474962,21.845739893987034,3.1374463785447153,1.9958537279249668,0.9997786080713049,snare,rope,False
elite_capture_2026,analytical,0.79456,0.012137692169283011,0.04651171835039264,0.20370276589579558,0.010364739497221912,0.012796206211716954,snare,snare,True
elite_identity_capture_2026,powerless,0.630393,0.0035371567008971824,0.0034368661452909267,0.08350407883702213,0.0017429795719379724,0.037067040516270744,snare,snare,True
elite_identity_capture_2026,moderate,0.641765,0.003003360105594962,0.0029257288070210657,0.07699541093476309,0.0014818902901840177,0.03422911003115919,snare,snare,True
elite_identity_capture_2026,institutional,-0.008431,15.79488890304785,2.6318407776082964,2.059043415087605,0.9695423485847356,0.7110083398770009,snare,tangled_rope,False
elite_identity_capture_2026,analytical,0.79456,0.5063139502447708,0.48595937709987586,0.9950070261856035,0.24244658902940353,0.4761186330564913,snare,tangled_rope,False
elite_overproduction_instability,powerless,0.630393,0.003542212618047154,0.0034420931800269645,0.08356563507798648,0.0017455498703557908,0.03711654291193961,snare,snare,True
elite_overproduction_instability,moderate,0.641765,0.0030082530426557086,0.002930886757112825,0.07706060118227441,0.0014844004069120408,0.03427501976408032,snare,snare,True
elite_overproduction_instability,institutional,-0.024506,15.783880651874977,2.8169383652863833,2.064492892326638,0.9742166569132853,0.7104108442121635,snare,tangled_rope,False
elite_overproduction_instability,analytical,0.79456,0.5067116357290635,0.4863173604608155,0.9952842166856991,0.24257889041111488,0.47610819831345036,snare,tangled_rope,False
elliq_ai_companion,powerless,0.2704,4.304956493882062,0.7632174451903858,1.6184921748090653,0.6199114276529726,0.5327882251028603,snare,tangled_rope,False
elliq_ai_companion,moderate,0.575376,0.06351272883250016,0.059931277530915913,0.3512308183273512,0.030761590607230452,0.16964472578469247,snare,snare,True
elliq_ai_companion,institutional,-0.021971,11.622844466954552,2.0385311139673616,1.720909534774921,0.6958144827457994,0.5328730347864006,snare,tangled_rope,False
elliq_ai_companion,analytical,0.712364,0.017085007840238246,0.0168096079350084,0.1840678606887738,0.008464267269173069,0.09055607602911286,snare,snare,True
emergency_deployment_scaffold,powerless,0.31202,0.12203647802056226,0.1256958787617013,0.49766380844784863,0.06159849570078498,0.2452844203971341,rope,tangled_rope,False
emergency_deployment_scaffold,moderate,0.282412,0.0006070149717860156,0.000611700560815422,0.03490991262609799,0.0003046677643719146,0.016569330054175935,rope,rope,True
emergency_deployment_scaffold,institutional,-0.011831,1.5568902536745497,0.40186905430980474,1.1606110137798213,0.3274096284122577,0.3333177151735593,rope,rope,True
emergency_deployment_scaffold,analytical,0.383581,1.3099956781336848,0.843138599434343,1.43370442360219,0.49224479130963844,0.6100671173259791,rope,tangled_rope,False
emergency_mode_lock_in,powerless,0.2704,4.160650291445286,0.7252149226891746,1.581079535025454,0.593076424960913,0.513442974979445,snare,tangled_rope,False
emergency_mode_lock_in,moderate,0.575376,0.06403222204952613,0.06091044332454846,0.3533836367593862,0.031138859135871395,0.17173567951772795,snare,snare,True
emergency_mode_lock_in,institutional,0.524479,0.0007469580236695865,0.0007460212476958272,0.03863908227548635,0.00037323306061872586,0.019277376802378732,snare,snare,True
emergency_mode_lock_in,analytical,0.712364,0.02673589221641061,0.03327916291474773,0.2420619926216343,0.014630629245900372,0.09714209001829771,snare,snare,True
emergency_oversight_bureau,powerless,0.31202,0.11667353703294049,0.10399575622180525,0.4691515282172946,0.05477393166695893,0.21844431315838342,tangled_rope,tangled_rope,True
emergency_oversight_bureau,moderate,0.282412,0.0006655431796200219,0.0006633994837954081,0.03645463017995017,0.00033222581714904413,0.018065297572375738,tangled_rope,tangled_rope,True
emergency_oversight_bureau,institutional,-0.011831,2.4503962904468897,0.790398353442796,1.565199621227866,0.581834511525986,0.5530589651474423,tangled_rope,rope,False
emergency_oversight_bureau,analytical,0.383581,1.0022022172382197,0.4821543676793924,1.1539509422635836,0.3237673285553999,0.4204007527021498,tangled_rope,tangled_rope,True
emergency_powers_ratchet,powerless,0.3016,4.818572040970408,1.2360790260159584,1.9611543720992015,0.8869137949758577,0.7099249994615654,snare,tangled_rope,False
emergency_powers_ratchet,moderate,0.641765,0.0030082530426557086,0.002930886757112825,0.07706060118227441,0.0014844004069120408,0.03427501976408032,snare,snare,True
emergency_powers_ratchet,institutional,-0.008431,15.780105326084417,2.6009324314948743,2.056676197705233,0.96751424090998,0.7104108442121635,snare,tangled_rope,False
emergency_powers_ratchet,analytical,0.79456,0.5067116357290635,0.4863173604608155,0.9952842166856991,0.24257889041111488,0.47610819831345036,snare,tangled_rope,False
emergent_goal_misalignment,powerless,0.3016,0.6781373175374624,5.942928063644849,1.540713491228339,0.5646754385207233,0.49286533840558644,snare,snare,True
emergent_goal_misalignment,moderate,0.641765,1.5797074048022648e-06,1.4914248027648902e-06,0.0017518811167547223,7.672718128625367e-07,1.7694913517606758e-05,snare,snare,True
emergent_goal_misalignment,institutional,-0.008431,23.02285023311732,20.97637776484122,3.140558602844151,1.9989659493004275,0.9998886200761617,snare,rope,False
emergent_goal_misalignment,analytical,0.79456,0.0005514963805983349,0.0010860505070977263,0.03874299627315696,0.0003752432055132974,0.000782885138414402,snare,snare,True
emotional_cycles_of_change,powerless,0.413016,0.00024687396988329384,0.00019971891017565873,0.020792139333224373,0.00010807729110724911,0.00025878619110675455,tangled_rope,tangled_rope,True
emotional_cycles_of_change,moderate,0.420467,0.00035685822646719796,0.0002872322907215556,0.024774197915079708,0.0001534382586018369,0.00028464957971429983,tangled_rope,tangled_rope,True
emotional_cycles_of_change,institutional,-0.027894,1.7417277416985644,6.054106878275651,2.2407496568613356,1.1293099351149378,0.8249966577028827,tangled_rope,rope,False
emotional_cycles_of_change,analytical,0.520574,0.0037305502977220692,0.00682841764550661,0.0874768617342446,0.0019127453740334674,0.0020472642041711457,tangled_rope,tangled_rope,True
empty_tomb_transformation,powerless,0.2704,4.160650291445286,0.7252149226891746,1.581079535025454,0.593076424960913,0.513442974979445,snare,tangled_rope,False
empty_tomb_transformation,moderate,0.575376,0.06403222204952613,0.06091044332454846,0.3533836367593862,0.031138859135871395,0.17173567951772795,snare,snare,True
empty_tomb_transformation,institutional,-0.021971,11.205302046514566,2.5886701749328527,1.731542308227935,0.7038939977302566,0.513521688300278,snare,tangled_rope,False
empty_tomb_transformation,analytical,0.712364,0.02673589221641061,0.03327916291474773,0.2420619926216343,0.014630629245900372,0.09714209001829771,snare,snare,True
emrgency_medicine_clinical_guidelines,powerless,0.56518,0.013324091641640598,0.015892726237088126,0.1704312781043067,0.007257311839154262,0.046279215360412684,tangled_rope,tangled_rope,True
emrgency_medicine_clinical_guidelines,moderate,0.575376,0.01822780347732002,0.022287204144933022,0.20052049564928073,0.010043699692947038,0.055682380827989264,tangled_rope,tangled_rope,True
emrgency_medicine_clinical_guidelines,institutional,-0.021971,1.488003854211105,4.525112906066254,1.280498721177499,0.3961063681169194,0.31620891390016803,tangled_rope,tangled_rope,True
emrgency_medicine_clinical_guidelines,analytical,0.712364,0.00437697617359169,0.004938186743622329,0.09631760121191066,0.00231882185931602,0.024424417288660183,tangled_rope,tangled_rope,True
endocrine_disruption_society,powerless,0.3016,3.592733406251779,4.730103639281125,2.6478672926650155,1.511274082398609,0.9669154549759627,snare,tangled_rope,False
endocrine_disruption_society,moderate,0.641765,0.00010810274133471844,0.00010295384532896609,0.014522411178268309,5.2724874946621046e-05,0.0011704099154740862,snare,snare,True
endocrine_disruption_society,institutional,-0.024506,22.824389900880846,18.459582414087684,3.0735684485747408,1.9319889095551752,0.9925541022700531,snare,rope,False
endocrine_disruption_society,analytical,0.79456,0.038948358652077686,0.08106452724252014,0.3273375075636216,0.026727716994176438,0.05267912720861878,snare,snare,True
endowment_effect,powerless,0.413016,0.0006769360656414996,0.0004449220391411232,0.03294514156266354,0.0002713394524991679,0.0008796690118368922,tangled_rope,tangled_rope,True
endowment_effect,moderate,0.420467,0.0009532803878266791,0.0005696965659709985,0.038066490274897266,0.00036225348430168707,0.0009677461468443616,tangled_rope,tangled_rope,True
endowment_effect,institutional,-0.02227,2.7004578629637326,6.019291269150298,2.550715977376534,1.4176815499634483,0.9324473339866388,tangled_rope,rope,False
endowment_effect,analytical,0.520574,0.006063904412565866,0.001201322290088447,0.06635850344918202,0.0011007617571442386,0.001217817430391288,tangled_rope,tangled_rope,True
english_chinese_tense_structure,powerless,0.413016,0.00012472007860929405,0.00011871600310923003,0.015350475700844487,5.890898686911172e-05,0.00010565736448370658,tangled_rope,tangled_rope,True
english_chinese_tense_structure,moderate,0.420467,0.00018470495039346323,0.00018307178448030866,0.018724120210774894,8.764752923524274e-05,0.00012219090760593994,tangled_rope,tangled_rope,True
english_chinese_tense_structure,institutional,0.19891,0.03936180706370361,0.18092641296041154,0.3747107390449942,0.03499947515339211,0.03905091077799838,tangled_rope,tangled_rope,True
english_chinese_tense_structure,analytical,0.520574,0.0026217100810304534,0.006553938859853092,0.08242167945520518,0.0016980929633246568,0.0020307687713072196,tangled_rope,tangled_rope,True
epigenetics_complexity_2026,powerless,0.413016,0.00010215275155136852,0.00010299155016275577,0.014092448958531418,4.9649073991919876e-05,8.433089420806883e-05,tangled_rope,tangled_rope,True
epigenetics_complexity_2026,moderate,0.420467,0.00015273677661460994,0.00016220408708455083,0.01732999239027628,7.508168928544314e-05,0.00011903755594130535,tangled_rope,tangled_rope,True
epigenetics_complexity_2026,institutional,-0.016056,0.7737739587553389,4.2333173415745105,1.6282120259715098,0.6269626069444285,0.5389491929362222,tangled_rope,rope,False
epigenetics_complexity_2026,analytical,0.520574,0.0023906914726996888,0.006364153440859354,0.08072255492177866,0.0016288115846497552,0.001978387720807267,tangled_rope,tangled_rope,True
epistemic_free_rider_problem,powerless,0.3016,0.7010522749657018,5.115408996886623,1.5581088208062543,0.5768435324246294,0.5045610239302452,snare,snare,True
epistemic_free_rider_problem,moderate,0.641765,5.887245348905597e-06,6.391524530178498e-06,0.003499039964839421,3.0608193881888015e-06,2.1726963945942546e-05,snare,snare,True
epistemic_free_rider_problem,institutional,-0.046549,23.021126945682624,21.381365572234994,3.1396789883155254,1.998086335017735,0.9998269924095013,snare,rope,False
epistemic_free_rider_problem,analytical,0.79456,0.004644017406300607,0.016973290870866645,0.12475254157119552,0.0038895377942117604,0.005086936152309596,snare,snare,True
epistemic_overload_collapse,powerless,0.2704,4.304956493882062,0.7632174451903858,1.6184921748090653,0.6199114276529726,0.5327882251028603,snare,tangled_rope,False
epistemic_overload_collapse,moderate,0.575376,0.06351272883250016,0.059931277530915913,0.3512308183273512,0.030761590607230452,0.16964472578469247,snare,snare,True
epistemic_overload_collapse,institutional,0.151521,8.633600882916365,0.8432832713487819,1.642847601778438,0.6376409798910738,0.5328730095874082,snare,tangled_rope,False
epistemic_overload_collapse,analytical,0.712364,0.017085007840238246,0.0168096079350084,0.1840678606887738,0.008464267269173069,0.09055607602911286,snare,snare,True
epistemic_process_of_verification,powerless,0.31202,0.0006838334619747631,0.0007482979135253641,0.037808778310776,0.00035736528633561153,0.005380259212494853,rope,rope,True
epistemic_process_of_verification,moderate,0.282412,2.611716613995323e-06,2.627032618964442e-06,0.0022888222134434906,1.3096766383849065e-06,0.0003065631528740287,rope,rope,True
epistemic_process_of_verification,institutional,-0.011831,0.03006924812547091,0.046049246770117055,0.27106127874869024,0.018340454437205157,0.05350887735561177,rope,rope,True
epistemic_process_of_verification,analytical,0.383581,0.018070081844135843,0.026640867360466728,0.20796763344248761,0.010802894895980512,0.03765257615772566,rope,rope,True
epstein_document_release_2026,powerless,0.630393,0.0035371567008971824,0.0034368661452909267,0.08350407883702213,0.0017429795719379724,0.037067040516270744,snare,snare,True
epstein_document_release_2026,moderate,0.641765,0.003003360105594962,0.0029257288070210657,0.07699541093476309,0.0014818902901840177,0.03422911003115919,snare,snare,True
epstein_document_release_2026,institutional,0.4504,0.6621852919439872,0.5990296949514148,1.120581523505636,0.3057987468577532,0.5273083339633783,snare,tangled_rope,False
epstein_document_release_2026,analytical,0.79456,0.5063139502447708,0.48595937709987586,0.9950070261856035,0.24244658902940353,0.4761186330564913,snare,tangled_rope,False
epstein_espionage_crisis_2026,powerless,0.3536,0.10497701365343587,0.49076087137889085,0.6099834524146872,0.09230112580290653,0.1021182795428176,snare,snare,True
epstein_espionage_crisis_2026,moderate,0.752415,0.0017206374910165496,0.0031966367744316274,0.06758402003327199,0.0011417912838108113,0.0026650384334251376,snare,snare,True
epstein_espionage_crisis_2026,institutional,-0.028731,23.009307650213103,22.49109886129018,3.133643794101498,1.992051161438507,0.9994052247636785,snare,rope,False
epstein_espionage_crisis_2026,analytical,0.931553,3.5107840370924692,7.564278455988422,2.7553060227179365,1.6161105880782696,0.9697207481096489,snare,piton,False
epstein_files_2026,powerless,0.3536,0.04468038760103884,0.241893413013066,0.40374787890328145,0.04061487412422138,0.044376159484087796,snare,snare,True
epstein_files_2026,moderate,0.752415,0.0001253027082629754,0.00019366522919689002,0.017511786424439575,7.666517614312072e-05,0.0002610921069806649,snare,snare,True
epstein_files_2026,institutional,-0.009884,23.02242795097931,22.912912827470052,3.139946370297264,1.9983537168933807,0.9998767520090243,snare,rope,False
epstein_files_2026,analytical,0.931553,0.6256115090988444,4.326776803364378,1.4876171791681707,0.5282097536930094,0.4655066599929718,snare,snare,True
epstein_kgb_honeytrap,powerless,0.4056,0.5185986632044072,0.5614410694870359,1.0359682934717729,0.2623618936306785,0.48748590617139,snare,tangled_rope,False
epstein_kgb_honeytrap,moderate,0.863064,0.9772302989455673,1.0270424887012939,1.3982259310148628,0.4691733407631792,0.620309100590057,snare,tangled_rope,False
epstein_kgb_honeytrap,institutional,1.046957,11.301891902829247,3.4712044995037594,2.6603180950319105,1.5233568166380334,0.940428739646811,snare,piton,False
epstein_kgb_honeytrap,analytical,1.068546,12.997869478684471,3.5516328884974175,2.698301956169965,1.5603299628537672,0.9546763082856047,snare,piton,False
erasmus_rejoining_scaffold,powerless,0.31202,0.0797022773272384,0.09575772982755715,0.4175419638857629,0.04342724601972404,0.17370050466557352,rope,rope,True
erasmus_rejoining_scaffold,moderate,0.282412,0.00034380953425950614,0.000349743811115141,0.026334677877859994,0.00017337630972969351,0.009429109588629081,rope,rope,True
erasmus_rejoining_scaffold,institutional,-0.011831,0.6990397818389115,0.15522805278611515,0.7410772712797098,0.13573513718283997,0.14577194343842748,rope,rope,True
erasmus_rejoining_scaffold,analytical,0.383581,1.249717761049319,1.2489163784092756,1.572556686456085,0.5870317475272149,0.7076531568507274,rope,tangled_rope,False
ergo_autolykos_asic_resistance,powerless,0.56518,0.048024406458875235,0.04580037545931812,0.3062416601343029,0.023400214855338983,0.1486064738848858,snare,snare,True
ergo_autolykos_asic_resistance,moderate,0.575376,0.0633225480170992,0.059641905504717846,0.35054080267817533,0.030641152336224255,0.16898528603020946,snare,snare,True
ergo_autolykos_asic_resistance,institutional,-0.021971,11.731799533250701,2.4418421234097525,1.7551035056824962,0.7219276158594726,0.5369598310433067,snare,tangled_rope,False
ergo_autolykos_asic_resistance,analytical,0.712364,0.016980626735139698,0.016640228227472877,0.1833504375969734,0.008398461304847392,0.09027955079230571,snare,snare,True
ergo_dexy_gold_protocol,powerless,0.3016,2.8491725492070867,0.5006441914994916,1.332057229404355,0.4274366943071818,0.3924460284346402,tangled_rope,tangled_rope,True
ergo_dexy_gold_protocol,moderate,0.641765,0.0036324121149479013,0.0036723571133964934,0.08546565799541717,0.001825816805915213,0.04199195766005592,tangled_rope,tangled_rope,True
ergo_dexy_gold_protocol,institutional,-0.024506,8.498830612385829,3.79070672827152,1.5888551075517254,0.5986134003917553,0.39257405742393675,tangled_rope,tangled_rope,True
ergo_dexy_gold_protocol,analytical,0.79456,0.39793024606261923,0.27050526033673183,0.804316790973035,0.15956333919235544,0.3180732937569713,tangled_rope,tangled_rope,True
ergo_lets_protocol,powerless,0.200584,1.2818936471379553e-06,1.2792045978121344e-06,0.0016003408674780653,6.402726890747849e-07,0.0003535466010016128,rope,rope,True
ergo_lets_protocol,moderate,0.181551,7.335145036743598e-08,7.331353127032025e-08,0.0003829686331117642,3.666624341961782e-08,8.472504109151985e-05,rope,rope,True
ergo_lets_protocol,institutional,-0.007605,0.10878067737590762,0.16351484505735148,0.5136542160918466,0.06559839771384277,0.16660646868730228,rope,rope,True
ergo_lets_protocol,analytical,0.246588,0.00025026498267258224,0.0002577889801405999,0.02253817118337402,0.0001269909461582579,0.005101521599232162,rope,rope,True
ergo_mixer_protocol,powerless,0.413016,0.00024687396988329384,0.00019971891017565873,0.020792139333224373,0.00010807729110724911,0.00025878619110675455,tangled_rope,tangled_rope,True
ergo_mixer_protocol,moderate,0.420467,0.00035685822646719796,0.0002872322907215556,0.024774197915079708,0.0001534382586018369,0.00028464957971429983,tangled_rope,tangled_rope,True
ergo_mixer_protocol,institutional,0.383273,2.9786059081015567e-06,2.8868049466725124e-06,0.0024214767331022643,1.4658872131837853e-06,4.1568542666218025e-05,tangled_rope,tangled_rope,True
ergo_mixer_protocol,analytical,0.520574,0.0037305502977220692,0.00682841764550661,0.0874768617342446,0.0019127453740334674,0.0020472642041711457,tangled_rope,tangled_rope,True
ergo_nipopows,powerless,0.413016,0.0006769360656414996,0.0004449220391411232,0.03294514156266354,0.0002713394524991679,0.0008796690118368922,tangled_rope,tangled_rope,True
ergo_nipopows,moderate,0.420467,0.0009532803878266791,0.0005696965659709985,0.038066490274897266,0.00036225348430168707,0.0009677461468443616,tangled_rope,tangled_rope,True
ergo_nipopows,institutional,-0.016056,2.6466187377212584,5.98472305035323,2.536131923797052,1.4037449618008746,0.9287733488713624,tangled_rope,rope,False
ergo_nipopows,analytical,0.520574,0.006063904412565866,0.001201322290088447,0.06635850344918202,0.0011007617571442386,0.001217817430391288,tangled_rope,tangled_rope,True
ergo_rosen_bridge_protocol,powerless,0.413016,0.00027469552135220033,0.00018248081892302483,0.021031770395148624,0.00011058282242662561,0.0003515466163420114,tangled_rope,tangled_rope,True
ergo_rosen_bridge_protocol,moderate,0.420467,0.0003872958951588495,0.00023527126324457211,0.024339836080170374,0.00014810507714026,0.0003866845744825108,tangled_rope,tangled_rope,True
ergo_rosen_bridge_protocol,institutional,-0.016056,1.8514509912954986,5.990535576483301,2.2844669463704337,1.1688718889349006,0.8432901404457913,tangled_rope,rope,False
ergo_rosen_bridge_protocol,analytical,0.520574,0.0025372077883033055,0.0008106603497364396,0.04576538186662344,0.0005235946968035518,0.0004863269330183039,tangled_rope,tangled_rope,True
ergo_sig_usd_protocol,powerless,0.56518,2.6882100282038615e-05,3.23447316332685e-05,0.007655757426169962,1.4652637550303097e-05,9.092411696798308e-05,tangled_rope,tangled_rope,True
ergo_sig_usd_protocol,moderate,0.575376,3.7027934169435597e-05,4.587553972266838e-05,0.009041991358643668,2.0439367118414856e-05,0.00011076140239196786,tangled_rope,tangled_rope,True
ergo_sig_usd_protocol,institutional,-0.030475,1.5680529415428044,10.580378514873098,2.190977651300105,1.084776231835237,0.7912044145725614,tangled_rope,rope,False
ergo_sig_usd_protocol,analytical,0.712364,2.3110446396435872e-05,2.582248702542111e-05,0.006562909386971534,1.0767935243201504e-05,5.828997059720287e-05,tangled_rope,tangled_rope,True
ergo_storage_rent,powerless,0.413016,0.00034697351291169384,0.0002663016636777377,0.024368552213288656,0.00014845474763899543,0.0003797815109824156,tangled_rope,tangled_rope,True
ergo_storage_rent,moderate,0.420467,0.0004979371274164264,0.00037282561917865455,0.028808915484117553,0.00020748481524793838,0.00041774298794188306,tangled_rope,tangled_rope,True
ergo_storage_rent,institutional,-0.016056,2.011668119051617,6.081469880305443,2.347022867506002,1.2261677381795557,0.8663717228393712,tangled_rope,rope,False
ergo_storage_rent,analytical,0.520574,0.004631044340618548,0.007012167345511473,0.09126248895936243,0.0020818491978026217,0.002045067727881532,tangled_rope,tangled_rope,True
ergo_storage_rent_mechanism,powerless,0.56518,8.338025339400862e-05,6.883660792551013e-05,0.012157720920792025,3.695243070622624e-05,9.005807318651322e-05,tangled_rope,tangled_rope,True
ergo_storage_rent_mechanism,moderate,0.575376,0.00011567901279457019,9.240992522763821e-05,0.01413042094262117,4.991699136041367e-05,0.00010950314902507815,tangled_rope,tangled_rope,True
ergo_storage_rent_mechanism,institutional,-0.021971,4.728623317251092,9.468582371356765,2.933889706654793,1.7926702022818894,0.9909408110256598,tangled_rope,rope,False
ergo_storage_rent_mechanism,analytical,0.712364,0.00048016702391874544,0.00012510395464811417,0.020178366630248946,0.0001017907565083597,0.00010945190613933741,tangled_rope,tangled_rope,True
ergodic_theorems,powerless,0.2704,4.199332505687633,0.7345137912918075,1.5908318734313436,0.6000244332189563,0.5185730693427651,snare,tangled_rope,False
ergodic_theorems,moderate,0.575376,0.06398976211888845,0.06075234919939247,0.3530942596355381,0.031088014809070235,0.17144547947044197,snare,snare,True
ergodic_theorems,institutional,0.311512,3.023954796927369,0.7261394962549208,1.5528338441259169,0.573142251834675,0.5178794426998558,snare,tangled_rope,False
ergodic_theorems,analytical,0.712364,0.021540363307678823,0.024440850954320366,0.21286426335987918,0.01131710943895741,0.09384335948681227,snare,snare,True
ergot_grain_poisoning,powerless,0.56518,0.047956062080003456,0.04569861124942639,0.3059617112898207,0.023357535529333357,0.14833678389691018,snare,snare,True
ergot_grain_poisoning,moderate,0.575376,0.0632251862030359,0.05949609948081667,0.35019040505804133,0.030580082185217215,0.16865083452423935,snare,snare,True
ergot_grain_poisoning,institutional,0.120099,10.129913702264027,1.306255520478604,1.6896773637714617,0.672296129721209,0.5389745425315873,snare,tangled_rope,False
ergot_grain_poisoning,analytical,0.712364,0.01695754627034625,0.016605543721501873,0.18319401209244357,0.008384147132481813,0.09015533545396837,snare,snare,True
eu_affordable_housing_initiative,powerless,0.521705,0.00045682389520954644,0.0006064655545723939,0.032354262399736274,0.00026169386668523515,0.0012208445498155395,tangled_rope,tangled_rope,True
eu_affordable_housing_initiative,moderate,0.531116,0.0006759069439182177,0.0009440395081292232,0.03981520483538139,0.0003962995455518763,0.0015766687960887013,tangled_rope,tangled_rope,True
eu_affordable_housing_initiative,institutional,0.287549,0.009374331905696164,0.02257298917347286,0.12857407701319287,0.004131400163633278,0.0034546463744235625,tangled_rope,tangled_rope,True
eu_affordable_housing_initiative,analytical,0.657567,0.0025543547290630595,0.004433745358278547,0.0811133458188126,0.001644618270603549,0.004047170347186935,tangled_rope,tangled_rope,True
eu_asylum_outsourcing_framework,powerless,0.739082,0.06658651628224684,0.07226116446681906,0.3723764361528971,0.034566023599521566,0.17598717486784532,snare,snare,True
eu_asylum_outsourcing_framework,moderate,0.752415,0.12001349763503724,0.13093143700122234,0.5005478620539485,0.062310772523738435,0.2398733035991787,snare,snare,True
eu_asylum_outsourcing_framework,institutional,-0.028731,16.478850456563947,2.3678566297313455,2.105530210789182,1.0096587357148463,0.7398923011890923,snare,tangled_rope,False
eu_asylum_outsourcing_framework,analytical,0.931553,4.086713521716562,1.3921520208394855,1.9941038070296797,0.9144386160566674,0.7380395913707563,snare,tangled_rope,False
eu_deforestation_regulation,powerless,0.3016,2.9064806872389077,0.5220762343474373,1.3493899007491423,0.4382049210051192,0.4006723586604423,tangled_rope,tangled_rope,True
eu_deforestation_regulation,moderate,0.641765,0.0036342881029186695,0.003667197716178894,0.08544804338828492,0.0018250643904875808,0.042185517554239105,tangled_rope,tangled_rope,True
eu_deforestation_regulation,institutional,0.406545,1.0347980214803307,0.4427492119518835,1.1304787224082402,0.31107916308937483,0.38639751276330225,tangled_rope,tangled_rope,True
eu_deforestation_regulation,analytical,0.79456,0.40188092931844904,0.2715514385462519,0.8083630783050391,0.16115084356997467,0.3237086581104606,tangled_rope,tangled_rope,True
eu_digital_services_act,powerless,0.56518,0.013184112975504331,0.015731087844693792,0.16954733490714335,0.007182271819755204,0.04581365514530722,tangled_rope,tangled_rope,True
eu_digital_services_act,moderate,0.575376,0.01803857597719921,0.022064754901663895,0.19949603153590145,0.009941419729664665,0.05513098132500582,tangled_rope,tangled_rope,True
eu_digital_services_act,institutional,-0.021971,1.4584996488465645,4.36602774128999,1.2568622241303318,0.38209836881490294,0.30524212126023814,tangled_rope,tangled_rope,True
eu_digital_services_act,analytical,0.712364,0.004624689554955088,0.005430235692879504,0.09979832734491781,0.00248940993357665,0.02456766145354128,tangled_rope,tangled_rope,True
eu_ev_tariff_wall,powerless,0.3016,4.821614917498624,1.238153709000647,1.9624070567520575,0.8879547671244042,0.7105210921064471,snare,tangled_rope,False
eu_ev_tariff_wall,moderate,0.641765,0.003003360105594962,0.0029257288070210657,0.07699541093476309,0.0014818902901840177,0.03422911003115919,snare,snare,True
eu_ev_tariff_wall,institutional,0.260901,6.4630571772698335,1.2462856716436175,1.9928478851872027,0.9133840134752437,0.7109599101846822,snare,tangled_rope,False
eu_ev_tariff_wall,analytical,0.79456,0.5063139502447708,0.48595937709987586,0.9950070261856035,0.24244658902940353,0.4761186330564913,snare,tangled_rope,False
eu_irgc_terrorist_designation,powerless,0.3016,4.982822181021924,1.3589717123510423,2.0332402835683094,0.947514078500335,0.7436822707388695,snare,tangled_rope,False
eu_irgc_terrorist_designation,moderate,0.641765,0.0027795086248152026,0.002699257273506846,0.0740117558243304,0.0013692787278319772,0.0315347926085045,snare,snare,True
eu_irgc_terrorist_designation,institutional,-0.008431,16.5808141073132,2.15678341264673,2.108604721956692,1.012331027045084,0.7442586955430194,snare,tangled_rope,False
eu_irgc_terrorist_designation,analytical,0.79456,0.49757591461688216,0.5063765126938977,1.0001550515914757,0.24490921718642417,0.4785054762466611,snare,tangled_rope,False
eu_mercosur_trade_agreement,powerless,0.3016,2.8491725492070867,0.5006441914994916,1.332057229404355,0.4274366943071818,0.3924460284346402,tangled_rope,tangled_rope,True
eu_mercosur_trade_agreement,moderate,0.641765,0.0036324121149479013,0.0036723571133964934,0.08546565799541717,0.001825816805915213,0.04199195766005592,tangled_rope,tangled_rope,True
eu_mercosur_trade_agreement,institutional,-0.024506,8.498830612385829,3.79070672827152,1.5888551075517254,0.5986134003917553,0.39257405742393675,tangled_rope,tangled_rope,True
eu_mercosur_trade_agreement,analytical,0.79456,0.39793024606261923,0.27050526033673183,0.804316790973035,0.15956333919235544,0.3180732937569713,tangled_rope,tangled_rope,True
eu_renewable_energy_mandate,powerless,0.56518,2.7164189615609492e-05,3.25097969888228e-05,0.0076825987558634965,1.4755562767038689e-05,9.119323939430883e-05,tangled_rope,tangled_rope,True
eu_renewable_energy_mandate,moderate,0.575376,3.738865837357897e-05,4.605044023210945e-05,0.009067922728961352,2.0556770439432972e-05,0.00011088329494451518,tangled_rope,tangled_rope,True
eu_renewable_energy_mandate,institutional,0.272193,0.014993280761555103,0.12025278511002732,0.23633546079806036,0.01394737152919385,0.0140013320973899,tangled_rope,tangled_rope,True
eu_renewable_energy_mandate,analytical,0.712364,1.8992575383422477e-05,1.4820792257441919e-05,0.005289428196918445,6.994508585712122e-06,4.921214124742335e-05,tangled_rope,tangled_rope,True
eu_russian_asset_freeze_2025,powerless,0.3536,3.0645543875955705,1.3126061762537198,1.907174036275729,0.8424767652302338,0.7370056173277354,snare,tangled_rope,False
eu_russian_asset_freeze_2025,moderate,0.752415,0.11886727668084687,0.13010583053855812,0.4985653895933898,0.061820726845906566,0.23829166529357393,snare,snare,True
eu_russian_asset_freeze_2025,institutional,-0.028731,16.65040578024195,5.675288949026357,2.234187932353588,1.1234073495012293,0.7446340701244845,snare,tangled_rope,False
eu_russian_asset_freeze_2025,analytical,0.931553,4.084236114017087,1.3490086708967426,1.9940294183997305,0.91437613969664,0.742698238066784,snare,tangled_rope,False
eu_unanimity_rule_foreign_policy,powerless,0.2704,4.304956493882062,0.7632174451903858,1.6184921748090653,0.6199114276529726,0.5327882251028603,snare,tangled_rope,False
eu_unanimity_rule_foreign_policy,moderate,0.575376,0.06351272883250016,0.059931277530915913,0.3512308183273512,0.030761590607230452,0.16964472578469247,snare,snare,True
eu_unanimity_rule_foreign_policy,institutional,0.524479,0.0007461181060645404,0.0007444812280471459,0.03860826309817972,0.000372637922704696,0.01923292593881598,snare,snare,True
eu_unanimity_rule_foreign_policy,analytical,0.712364,0.017085007840238246,0.0168096079350084,0.1840678606887738,0.008464267269173069,0.09055607602911286,snare,snare,True
euler_characteristic_topology,powerless,0.09084,2.429484382656167e-07,2.3719929897782098e-07,0.0006928892521202798,1.2002387773206736e-07,6.714839275279161e-06,mountain,mountain,True
euler_characteristic_topology,moderate,0.079998,3.3267586145946284e-14,3.343828346489071e-14,2.563692708922217e-07,1.670585098434648e-14,2.5517917778827837e-09,mountain,mountain,True
euler_characteristic_topology,institutional,-0.00955,0.03724861243582727,0.1848963791947559,0.36853699493426995,0.03385891001835111,0.03712155731021061,mountain,mountain,True
euler_characteristic_topology,analytical,0.110402,1.2636512976306303e-06,1.3314174647527308e-06,0.0016105093000504647,6.48435016615602e-07,1.653824406859202e-05,mountain,mountain,True
eurozone_fragmentation_2026,powerless,0.277964,5.751283072843021,1.2431133896061473,1.9836901505376012,0.9057072067066624,0.7108765575790327,snare,tangled_rope,False
eurozone_fragmentation_2026,moderate,0.641765,0.003003360105594962,0.0029257288070210657,0.07699541093476309,0.0014818902901840177,0.03422911003115919,snare,snare,True
eurozone_fragmentation_2026,institutional,-0.024506,15.798747323224893,2.852488945578066,2.06702828083487,0.9763939932997519,0.7110083398770009,snare,tangled_rope,False
eurozone_fragmentation_2026,analytical,0.79456,0.5063139502447708,0.48595937709987586,0.9950070261856035,0.24244658902940353,0.4761186330564913,snare,tangled_rope,False
event_fragmentation,powerless,0.56518,0.04813465326035974,0.04596686712277533,0.3066965471886733,0.02346964680295859,0.14904521404621462,snare,snare,True
event_fragmentation,moderate,0.575376,0.06348006725277446,0.05988103394563815,0.3511116162010102,0.030740767810964208,0.16953066743642153,snare,snare,True
event_fragmentation,institutional,-0.021971,11.640456018756844,2.0672907728620586,1.7240585779302446,0.6982035114067705,0.5335938463626007,snare,tangled_rope,False
event_fragmentation,analytical,0.712364,0.017056466893997025,0.016762145301791088,0.1838704620701756,0.008446135234966205,0.0905022512180036,snare,snare,True
evfta_trade_agreement,powerless,0.2704,4.335141529822254,0.7729338599365184,1.6266316510842835,0.6258139259408996,0.5368736284060396,snare,tangled_rope,False
evfta_trade_agreement,moderate,0.575376,0.0633225480170992,0.059641905504717846,0.35054080267817533,0.030641152336224255,0.16898528603020946,snare,snare,True
evfta_trade_agreement,institutional,-0.021971,11.731799533250701,2.4418421234097525,1.7551035056824962,0.7219276158594726,0.5369598310433067,snare,tangled_rope,False
evfta_trade_agreement,analytical,0.712364,0.016980626735139698,0.016640228227472877,0.1833504375969734,0.008398461304847392,0.09027955079230571,snare,snare,True
evidence_half_life,powerless,0.3016,1.1211771788299343,7.083207731014622,1.8977929879109146,0.8348393119143723,0.6748474648861379,snare,tangled_rope,False
evidence_half_life,moderate,0.641765,1.973835408301938e-05,2.21141934074665e-05,0.0064583381108428125,1.0427523727491781e-05,8.212625017170577e-05,snare,snare,True
evidence_half_life,institutional,0.169004,11.786337307357977,19.610185638675564,3.1267526859417787,1.9851601685235494,0.9996123921290602,snare,rope,False
evidence_half_life,analytical,0.79456,0.0175824928496973,0.06654952567194575,0.24456552769396533,0.01493445074953023,0.018595369180661958,snare,snare,True
evolutionary_knowledge,powerless,0.56518,0.048024406458875235,0.04580037545931812,0.3062416601343029,0.023400214855338983,0.1486064738848858,snare,snare,True
evolutionary_knowledge,moderate,0.575376,0.0633225480170992,0.059641905504717846,0.35054080267817533,0.030641152336224255,0.16898528603020946,snare,snare,True
evolutionary_knowledge,institutional,-0.021971,11.731799533250701,2.4418421234097525,1.7551035056824962,0.7219276158594726,0.5369598310433067,snare,tangled_rope,False
evolutionary_knowledge,analytical,0.712364,0.016980626735139698,0.016640228227472877,0.1833504375969734,0.008398461304847392,0.09027955079230571,snare,snare,True
evolutionary_mismatch_load,powerless,0.437752,0.8386246954820702,0.5926882858551423,1.180447288617974,0.3383675373116058,0.5162633125011281,snare,tangled_rope,False
evolutionary_mismatch_load,moderate,0.641765,0.0035393496627010475,0.003489305936890408,0.08383546582709688,0.0017568390653862531,0.040609418751404114,snare,snare,True
evolutionary_mismatch_load,institutional,-0.024506,13.410981536930846,7.262242150688589,2.1160831242644718,1.018840805499585,0.602968774587966,snare,tangled_rope,False
evolutionary_mismatch_load,analytical,0.79456,0.5043215644654061,0.41840979548283974,0.95675334817496,0.2245132562938482,0.4435433043732203,snare,tangled_rope,False
exoplanet_habitability_arbitrage,powerless,0.413016,0.00014230571628061318,9.530864770918023e-05,0.015161563420580358,5.7467976123043035e-05,0.00018172434245699738,tangled_rope,tangled_rope,True
exoplanet_habitability_arbitrage,moderate,0.420467,0.0002008410729647921,0.00012357328299890117,0.017568789634337268,7.716509609449252e-05,0.00019988467948955295,tangled_rope,tangled_rope,True
exoplanet_habitability_arbitrage,institutional,-0.016056,1.3154643493304352,5.486546413052924,2.0223031352570793,0.9382296304030612,0.7320874909896232,tangled_rope,rope,False
exoplanet_habitability_arbitrage,analytical,0.520574,0.0013504492175923618,0.0005702408542771439,0.035011703505555575,0.0003064470194558462,0.00025137932653808697,tangled_rope,tangled_rope,True
expert_disempowerment,powerless,0.323046,2.7856517263844327,0.7503665144742482,1.5599729709411037,0.5781539151244469,0.5314037352932296,snare,tangled_rope,False
expert_disempowerment,moderate,0.575376,0.06351272883250016,0.059931277530915913,0.3512308183273512,0.030761590607230452,0.16964472578469247,snare,snare,True
expert_disempowerment,institutional,-0.021971,11.622844466954552,2.0385311139673616,1.720909534774921,0.6958144827457994,0.5328730347864006,snare,tangled_rope,False
expert_disempowerment,analytical,0.712364,0.017085007840238246,0.0168096079350084,0.1840678606887738,0.008464267269173069,0.09055607602911286,snare,snare,True
exploration_vs_exploitation,powerless,0.56518,8.338025339400862e-05,6.883660792551013e-05,0.012157720920792025,3.695243070622624e-05,9.005807318651322e-05,tangled_rope,tangled_rope,True
exploration_vs_exploitation,moderate,0.575376,0.00011567901279457019,9.240992522763821e-05,0.01413042094262117,4.991699136041367e-05,0.00010950314902507815,tangled_rope,tangled_rope,True
exploration_vs_exploitation,institutional,-0.03817,4.992762118758245,9.33942519451535,2.956470350134155,1.8151419246131655,0.9929910770819067,tangled_rope,rope,False
exploration_vs_exploitation,analytical,0.712364,0.00048016702391874544,0.00012510395464811417,0.020178366630248946,0.0001017907565083597,0.00010945190613933741,tangled_rope,tangled_rope,True
extraordinary_narrative_shift,powerless,0.56518,0.01329176057483902,0.01585546184635537,0.17022770435771364,0.007239995483231728,0.04617070950065416,tangled_rope,tangled_rope,True
extraordinary_narrative_shift,moderate,0.575376,0.018184012005785784,0.022235842261579604,0.20028413882687973,0.010020056076626118,0.055553649701043484,tangled_rope,tangled_rope,True
extraordinary_narrative_shift,institutional,-0.021971,1.4781943028288813,4.458425756375402,1.2707602200396937,0.3903076687954017,0.31157757333812075,tangled_rope,tangled_rope,True
extraordinary_narrative_shift,analytical,0.712364,0.004407904962710026,0.005003319206444479,0.09677330995857755,0.0023408116209299784,0.024421663784510383,tangled_rope,tangled_rope,True
factional_instability,powerless,0.56518,5.017132084413093e-05,4.6762181723399455e-05,0.009720437214419139,2.362167841145489e-05,9.064022944571777e-05,tangled_rope,tangled_rope,True
factional_instability,moderate,0.575376,6.930121141403577e-05,6.402245698908585e-05,0.011344230559323484,3.217280548802782e-05,0.00011021090539378556,tangled_rope,tangled_rope,True
factional_instability,institutional,-0.021971,4.002839142988099,10.32414586781938,2.8587693473382085,1.7181183667040492,0.9815817975740618,tangled_rope,rope,False
factional_instability,analytical,0.712364,0.00020354871285537034,5.268739386855459e-05,0.012867891099089599,4.139551253479126e-05,4.6452483449617885e-05,tangled_rope,tangled_rope,True
faint_blue_neural_bifurcation,powerless,0.325889,2.917673897531487,3.880887418675222,2.461768414791674,1.3331915179867713,0.9376844834780399,snare,tangled_rope,False
faint_blue_neural_bifurcation,moderate,0.752415,0.012187035932164981,0.0176421185942978,0.17031924969350398,0.00724777994261808,0.02659258755543137,snare,snare,True
faint_blue_neural_bifurcation,institutional,-0.028731,22.637709109275626,14.948306164635396,2.992275606914029,1.8508216275967768,0.9858010040435723,snare,rope,False
faint_blue_neural_bifurcation,analytical,0.931553,3.87766655258194,5.66226761625851,2.6938771241456188,1.556014454775021,0.9674344032068828,snare,piton,False
fair_use_doctrine,powerless,0.56518,0.013184112975504331,0.015731087844693792,0.16954733490714335,0.007182271819755204,0.04581365514530722,tangled_rope,tangled_rope,True
fair_use_doctrine,moderate,0.575376,0.01803857597719921,0.022064754901663895,0.19949603153590145,0.009941419729664665,0.05513098132500582,tangled_rope,tangled_rope,True
fair_use_doctrine,institutional,0.618736,0.03272442312464831,0.04224642941735056,0.2721328798450942,0.0184855294443228,0.07915995929050545,tangled_rope,tangled_rope,True
fair_use_doctrine,analytical,0.712364,0.004624689554955088,0.005430235692879504,0.09979832734491781,0.00248940993357665,0.02456766145354128,tangled_rope,tangled_rope,True
family_estrangement_ratio,powerless,0.3016,0.6326547736860555,4.053189512477145,1.4839363638174636,0.5257199839993597,0.4696558047682029,snare,snare,True
family_estrangement_ratio,moderate,0.641765,1.3192072372410641e-05,1.4892891695611716e-05,0.005290193501276417,6.996532740980563e-06,5.7536216111071624e-05,snare,snare,True
family_estrangement_ratio,institutional,-0.046549,23.01956855474962,21.845739893987034,3.1374463785447153,1.9958537279249668,0.9997786080713049,snare,rope,False
family_estrangement_ratio,analytical,0.79456,0.012137692169283011,0.04651171835039264,0.20370276589579558,0.010364739497221912,0.012796206211716954,snare,snare,True
family_succession_and_decadence,powerless,0.3016,4.982822181021924,1.3589717123510423,2.0332402835683094,0.947514078500335,0.7436822707388695,snare,tangled_rope,False
family_succession_and_decadence,moderate,0.641765,0.0027795086248152026,0.002699257273506846,0.0740117558243304,0.0013692787278319772,0.0315347926085045,snare,snare,True
family_succession_and_decadence,institutional,-0.033992,16.583938126337088,2.365162820772491,2.115480802038288,1.018315988591969,0.7442586955430194,snare,tangled_rope,False
family_succession_and_decadence,analytical,0.79456,0.49757591461688216,0.5063765126938977,1.0001550515914757,0.24490921718642417,0.4785054762466611,snare,tangled_rope,False
fast_growing_hierarchy,powerless,0.13626,5.139366353940738e-05,6.539683225785495e-05,0.010748291686770797,2.8881374034645172e-05,0.00016086697357020618,mountain,mountain,True
fast_growing_hierarchy,moderate,0.119997,8.263682932206564e-13,8.26448214545808e-13,1.2856516009642697e-06,4.132109457341962e-13,1.5788007567962836e-08,mountain,mountain,True
fast_growing_hierarchy,institutional,-0.014325,0.0662911847317683,0.33270318985074987,0.49164636691848085,0.060125344113724916,0.06499731744151283,mountain,mountain,True
fast_growing_hierarchy,analytical,0.165603,0.001996357835740478,0.004876775669411518,0.07691093824328682,0.0014786408712008595,0.002421243611359314,mountain,mountain,True
fatf_grey_list_russia,powerless,0.3016,4.991572403005273,1.3662713758154024,2.037305836249662,0.950973329362097,0.7455595820729518,snare,tangled_rope,False
fatf_grey_list_russia,moderate,0.641765,0.00275908436406993,0.0026776053695843445,0.07372735683347914,0.0013587769023100423,0.03136990993608782,snare,snare,True
fatf_grey_list_russia,institutional,-0.024506,16.62849942101287,2.3251326417064693,2.118124556842335,1.0206202132741262,0.7461416689401064,snare,tangled_rope,False
fatf_grey_list_russia,analytical,0.79456,0.49492102813520084,0.5023108143410493,0.9974870004781735,0.2436314659068489,0.47792249552710825,snare,tangled_rope,False
fb_creator_monetization_indonesia,powerless,0.24288,6.823284716311751,5.327856000016393,2.920642357011951,1.7794988700669738,0.992640543645771,snare,tangled_rope,False
fb_creator_monetization_indonesia,moderate,0.641765,9.951411544150017e-05,9.642825140087435e-05,0.013990746919213181,4.893505028503907e-05,0.0009886357620380662,snare,snare,True
fb_creator_monetization_indonesia,institutional,-0.024506,22.84979629617641,17.319979204567204,3.06163442501045,1.9200630696521488,0.9936428138293127,snare,rope,False
fb_creator_monetization_indonesia,analytical,0.79456,0.04087764729932568,0.09906675175552138,0.34326712393123476,0.029385835693129997,0.05259563330274075,snare,snare,True
fcc_dji_covered_list,powerless,0.3016,4.843017889083325,1.254266044162266,1.9713499354038253,0.8953988863877441,0.71472084560769,snare,tangled_rope,False
fcc_dji_covered_list,moderate,0.641765,0.0029734747486255338,0.002894820048762611,0.07659962859248061,0.0014666964735153857,0.03390521415662373,snare,snare,True
fcc_dji_covered_list,institutional,-0.024506,15.933812487742815,4.536165198786964,2.1447547100629114,1.0439250856519757,0.7152181230001492,snare,tangled_rope,False
fcc_dji_covered_list,analytical,0.79456,0.5046883650392427,0.48653286827672737,0.9947412536508731,0.24231976907770314,0.47646014628487676,snare,tangled_rope,False
fda_accelerated_approval_alz,powerless,0.2704,4.310275319468763,0.764822512676381,1.6199159844169775,0.6209422839040202,0.5335087920350912,snare,tangled_rope,False
fda_accelerated_approval_alz,moderate,0.575376,0.06348006725277446,0.05988103394563815,0.3511116162010102,0.030740767810964208,0.16953066743642153,snare,snare,True
fda_accelerated_approval_alz,institutional,0.403807,0.9696103264566668,0.568684131737015,1.2038067916929793,0.35148123528046626,0.48719013279793494,snare,tangled_rope,False
fda_accelerated_approval_alz,analytical,0.712364,0.017056466893997025,0.016762145301791088,0.1838704620701756,0.008446135234966205,0.0905022512180036,snare,snare,True
fda_component_efficacy_standard,powerless,0.56518,0.04813465326035974,0.04596686712277533,0.3066965471886733,0.02346964680295859,0.14904521404621462,snare,snare,True
fda_component_efficacy_standard,moderate,0.575376,0.06348006725277446,0.05988103394563815,0.3511116162010102,0.030740767810964208,0.16953066743642153,snare,snare,True
fda_component_efficacy_standard,institutional,-0.021971,11.640456018756844,2.0672907728620586,1.7240585779302446,0.6982035114067705,0.5335938463626007,snare,tangled_rope,False
fda_component_efficacy_standard,analytical,0.712364,0.017056466893997025,0.016762145301791088,0.1838704620701756,0.008446135234966205,0.0905022512180036,snare,snare,True
fda_gonorrhea_efficacy_standard,powerless,0.3016,4.991572403005273,1.3662713758154024,2.037305836249662,0.950973329362097,0.7455595820729518,snare,tangled_rope,False
fda_gonorrhea_efficacy_standard,moderate,0.641765,0.00275908436406993,0.0026776053695843445,0.07372735683347914,0.0013587769023100423,0.03136990993608782,snare,snare,True
fda_gonorrhea_efficacy_standard,institutional,0.169004,11.349800695158743,1.4108347523845777,2.0864624137085546,0.9931379740249572,0.7461415530367312,snare,tangled_rope,False
fda_gonorrhea_efficacy_standard,analytical,0.79456,0.49492102813520084,0.5023108143410493,0.9974870004781735,0.2436314659068489,0.47792249552710825,snare,tangled_rope,False
fed_shutdown_2026,powerless,0.3016,3.798825361334216,4.376559746208794,2.639238162347086,1.5029111290849322,0.9672650807320463,snare,tangled_rope,False
fed_shutdown_2026,moderate,0.641765,0.0006440178088211353,0.0007193960955235563,0.03686333710862591,0.00033971678796904553,0.0026424508879394817,snare,snare,True
fed_shutdown_2026,institutional,-0.024506,22.682531910773,16.53233302038194,3.0347983757485717,1.8932564645341647,0.9871961382549884,snare,rope,False
fed_shutdown_2026,analytical,0.79456,0.4402147502970053,1.2633782594874563,1.1632169539583286,0.32883983127634603,0.3762847489931188,snare,snare,True
feedback_loop_desynchronization,powerless,0.3016,4.218434791642533,0.928021772114038,1.7441036172204651,0.7134861313736368,0.6026681324471133,snare,tangled_rope,False
feedback_loop_desynchronization,moderate,0.641765,0.0035393496627010475,0.003489305936890408,0.08383546582709688,0.0017568390653862531,0.040609418751404114,snare,snare,True
feedback_loop_desynchronization,institutional,0.520617,0.070189454629584,0.07054152768038922,0.37513512385515607,0.0350785658141542,0.18643274538951704,snare,tangled_rope,False
feedback_loop_desynchronization,analytical,0.79456,0.5043215644654061,0.41840979548283974,0.95675334817496,0.2245132562938482,0.4435433043732203,snare,tangled_rope,False
feigenbaum_universality,powerless,0.13626,5.139366353940738e-05,6.539683225785495e-05,0.010748291686770797,2.8881374034645172e-05,0.00016086697357020618,mountain,mountain,True
feigenbaum_universality,moderate,0.119997,8.263682932206564e-13,8.26448214545808e-13,1.2856516009642697e-06,4.132109457341962e-13,1.5788007567962836e-08,mountain,mountain,True
feigenbaum_universality,institutional,-0.014325,0.0662911847317683,0.33270318985074987,0.49164636691848085,0.060125344113724916,0.06499731744151283,mountain,mountain,True
feigenbaum_universality,analytical,0.165603,0.001996357835740478,0.004876775669411518,0.07691093824328682,0.0014786408712008595,0.002421243611359314,mountain,mountain,True
fermats_last_theorem,powerless,0.13626,5.139366353940738e-05,6.539683225785495e-05,0.010748291686770797,2.8881374034645172e-05,0.00016086697357020618,mountain,mountain,True
fermats_last_theorem,moderate,0.119997,8.263682932206564e-13,8.26448214545808e-13,1.2856516009642697e-06,4.132109457341962e-13,1.5788007567962836e-08,mountain,mountain,True
fermats_last_theorem,institutional,-0.014325,0.0662911847317683,0.33270318985074987,0.49164636691848085,0.060125344113724916,0.06499731744151283,mountain,mountain,True
fermats_last_theorem,analytical,0.165603,0.001996357835740478,0.004876775669411518,0.07691093824328682,0.0014786408712008595,0.002421243611359314,mountain,mountain,True
fgh_hierarchy_2026,powerless,0.13626,5.139366353940738e-05,6.539683225785495e-05,0.010748291686770797,2.8881374034645172e-05,0.00016086697357020618,mountain,mountain,True
fgh_hierarchy_2026,moderate,0.119997,8.263682932206564e-13,8.26448214545808e-13,1.2856516009642697e-06,4.132109457341962e-13,1.5788007567962836e-08,mountain,mountain,True
fgh_hierarchy_2026,institutional,-0.014325,0.0662911847317683,0.33270318985074987,0.49164636691848085,0.060125344113724916,0.06499731744151283,mountain,mountain,True
fgh_hierarchy_2026,analytical,0.165603,0.001996357835740478,0.004876775669411518,0.07691093824328682,0.0014786408712008595,0.002421243611359314,mountain,mountain,True
fiat_currency_lifecycle,powerless,0.3016,4.167992944286866,0.902508192611333,1.7274467178503408,0.7007775353654666,0.5944105222557482,snare,tangled_rope,False
fiat_currency_lifecycle,moderate,0.641765,0.0035797186581868895,0.00353478709962996,0.08434527930222369,0.001778267952900822,0.04095955141189883,snare,snare,True
fiat_currency_lifecycle,institutional,-0.042575,13.083687476645808,3.4799225868863197,1.8858764026080017,0.8251745712893065,0.5947011847636008,snare,tangled_rope,False
fiat_currency_lifecycle,analytical,0.79456,0.5046031232562607,0.4181995133458033,0.9557005607522614,0.22402886352264478,0.4402237041569316,snare,tangled_rope,False
financialization_drag,powerless,0.3224,2.5654386088106724,4.520994184631325,2.438891196795062,1.31166733666855,0.9209677736885112,snare,tangled_rope,False
financialization_drag,moderate,0.686025,0.0002433371514310017,0.00026656922530732507,0.022562232039277316,0.00012726222898591438,0.001874110378355054,snare,snare,True
financialization_drag,institutional,0.180659,11.398877287039,8.362478776579506,2.996621166626158,1.855155430809893,0.9939099758616414,snare,tangled_rope,False
financialization_drag,analytical,0.849357,0.261224517535858,0.7367484837607292,0.8986615076821971,0.19852400061380618,0.24690215203088528,snare,snare,True
fine_particle_policy,powerless,0.56518,0.049294705828367216,0.04950172592293583,0.3143163198508322,0.024647893635722666,0.1564808382053321,tangled_rope,snare,False
fine_particle_policy,moderate,0.575376,0.06549584849585587,0.06543443697510727,0.36183850490468594,0.03264259249875578,0.17993235849752287,tangled_rope,snare,False
fine_particle_policy,institutional,-0.021971,8.917153171749309,2.9346873871875525,1.5944788151479694,0.6026312402619541,0.4119315700882379,tangled_rope,tangled_rope,True
fine_particle_policy,analytical,0.712364,0.01706667657735723,0.017250553945078476,0.1852443020412707,0.008572731539250065,0.09214395490124244,tangled_rope,snare,False
finite_pool_of_worry,powerless,0.2704,3.3858157746073565,0.5363739441399336,1.3801324313075964,0.457592270838638,0.41187951026580627,tangled_rope,tangled_rope,True
finite_pool_of_worry,moderate,0.575376,0.06549584849585587,0.06543443697510727,0.36183850490468594,0.03264259249875578,0.17993235849752287,tangled_rope,snare,False
finite_pool_of_worry,institutional,-0.021971,8.917153171749309,2.9346873871875525,1.5944788151479694,0.6026312402619541,0.4119315700882379,tangled_rope,tangled_rope,True
finite_pool_of_worry,analytical,0.712364,0.01706667657735723,0.017250553945078476,0.1852443020412707,0.008572731539250065,0.09214395490124244,tangled_rope,snare,False
finite_simple_groups_classification,powerless,0.13626,5.139366353940738e-05,6.539683225785495e-05,0.010748291686770797,2.8881374034645172e-05,0.00016086697357020618,mountain,mountain,True
finite_simple_groups_classification,moderate,0.119997,8.263682932206564e-13,8.26448214545808e-13,1.2856516009642697e-06,4.132109457341962e-13,1.5788007567962836e-08,mountain,mountain,True
finite_simple_groups_classification,institutional,-0.014325,0.0662911847317683,0.33270318985074987,0.49164636691848085,0.060125344113724916,0.06499731744151283,mountain,mountain,True
finite_simple_groups_classification,analytical,0.165603,0.001996357835740478,0.004876775669411518,0.07691093824328682,0.0014786408712008595,0.002421243611359314,mountain,mountain,True
finnish_debt_adjustment,powerless,0.413016,0.0005500970302218153,0.00036145465905594945,0.029696455941948818,0.00022046582332737246,0.0007141619106563191,tangled_rope,tangled_rope,True
finnish_debt_adjustment,moderate,0.420467,0.0007746416704380825,0.0004627833641344699,0.0343117835293829,0.0002943174033972091,0.0007855900910687108,tangled_rope,tangled_rope,True
finnish_debt_adjustment,institutional,-0.016056,2.454806432348565,6.037935963412526,2.4868959667996546,1.3569333746250984,0.9139997335635146,tangled_rope,rope,False
finnish_debt_adjustment,analytical,0.520574,0.004927079472612257,0.0009754724621920659,0.059798643049223665,0.0008939028311719687,0.0009873860092444176,tangled_rope,tangled_rope,True
finnish_ubi_experiment,powerless,0.413016,0.00010215275155136852,0.00010299155016275577,0.014092448958531418,4.9649073991919876e-05,8.433089420806883e-05,tangled_rope,tangled_rope,True
finnish_ubi_experiment,moderate,0.420467,0.00015273677661460994,0.00016220408708455083,0.01732999239027628,7.508168928544314e-05,0.00011903755594130535,tangled_rope,tangled_rope,True
finnish_ubi_experiment,institutional,-0.016056,0.7737739587553389,4.2333173415745105,1.6282120259715098,0.6269626069444285,0.5389491929362222,tangled_rope,rope,False
finnish_ubi_experiment,analytical,0.520574,0.0023906914726996888,0.006364153440859354,0.08072255492177866,0.0016288115846497552,0.001978387720807267,tangled_rope,tangled_rope,True
fiscal_dominance_trap,powerless,0.3016,0.5707917873849953,4.4962531273623325,1.4233594240725782,0.48546817271731,0.4354143925273517,snare,snare,True
fiscal_dominance_trap,moderate,0.641765,1.6579117711431018e-06,1.5810564932123343e-06,0.0017990001908873305,8.091003672374309e-07,1.776198225413401e-05,snare,snare,True
fiscal_dominance_trap,institutional,0.620043,1.7833047936607779e-06,1.6793552735608258e-06,0.00186016790115117,8.650560923867248e-07,1.8723196493593454e-05,snare,snare,True
fiscal_dominance_trap,analytical,0.79456,0.0006272170425933174,0.0013812160570417635,0.04197148962889689,0.00044038532286548056,0.0008625992754111023,snare,snare,True
fiscal_equalization_friction,powerless,0.413016,0.00017232149032581345,0.00011505326436052189,0.016673819147078092,6.9503658670587e-05,0.0002204579483402168,tangled_rope,tangled_rope,True
fiscal_equalization_friction,moderate,0.420467,0.00024310991465276163,0.00014886542509182148,0.019311815202394958,9.323582718401114e-05,0.00024249001898937994,tangled_rope,tangled_rope,True
fiscal_equalization_friction,institutional,0.073533,0.7269774106079919,3.498144793241347,1.5717441103346645,0.586456780567265,0.5176732847002923,tangled_rope,rope,False
fiscal_equalization_friction,analytical,0.520574,0.0016190711074355968,0.00062503666746686,0.03770617365267979,0.0003554283549395332,0.0003049641457113045,tangled_rope,tangled_rope,True
fittss_law,powerless,0.413016,0.0005500970302218153,0.00036145465905594945,0.029696455941948818,0.00022046582332737246,0.0007141619106563191,tangled_rope,tangled_rope,True
fittss_law,moderate,0.420467,0.0007746416704380825,0.0004627833641344699,0.0343117835293829,0.0002943174033972091,0.0007855900910687108,tangled_rope,tangled_rope,True
fittss_law,institutional,-0.016056,2.454806432348565,6.037935963412526,2.4868959667996546,1.3569333746250984,0.9139997335635146,tangled_rope,rope,False
fittss_law,analytical,0.520574,0.004927079472612257,0.0009754724621920659,0.059798643049223665,0.0008939028311719687,0.0009873860092444176,tangled_rope,tangled_rope,True
floating_wall_2026,powerless,0.630393,0.003266858411184426,0.0031621311746535116,0.08017274453767735,0.0016067020712831823,0.0341302795044445,snare,snare,True
floating_wall_2026,moderate,0.641765,0.0027795086248152026,0.002699257273506846,0.0740117558243304,0.0013692787278319772,0.0315347926085045,snare,snare,True
floating_wall_2026,institutional,-0.042575,16.584992900563567,2.4350817220367107,2.1177862929069318,1.0203252960835527,0.7442586955430194,snare,tangled_rope,False
floating_wall_2026,analytical,0.79456,0.49757591461688216,0.5063765126938977,1.0001550515914757,0.24490921718642417,0.4785054762466611,snare,tangled_rope,False
fmeca_procedures_1980,powerless,0.249209,4.985380144551552,0.7667142353430809,1.6274515369445817,0.626409745406913,0.5328493765912842,snare,tangled_rope,False
fmeca_procedures_1980,moderate,0.575376,0.06351272883250016,0.059931277530915913,0.3512308183273512,0.030761590607230452,0.16964472578469247,snare,snare,True
fmeca_procedures_1980,institutional,-0.021971,11.622844466954552,2.0385311139673616,1.720909534774921,0.6958144827457994,0.5328730347864006,snare,tangled_rope,False
fmeca_procedures_1980,analytical,0.712364,0.017085007840238246,0.0168096079350084,0.1840678606887738,0.008464267269173069,0.09055607602911286,snare,snare,True
fmt_oncology_realignment_2026,powerless,0.392468,1.1861499698903042,0.6264758292669015,1.2896780702069044,0.40160694313044704,0.5057634947306856,snare,tangled_rope,False
fmt_oncology_realignment_2026,moderate,0.575376,0.0633225480170992,0.059641905504717846,0.35054080267817533,0.030641152336224255,0.16898528603020946,snare,snare,True
fmt_oncology_realignment_2026,institutional,-0.021971,11.731799533250701,2.4418421234097525,1.7551035056824962,0.7219276158594726,0.5369598310433067,snare,tangled_rope,False
fmt_oncology_realignment_2026,analytical,0.712364,0.016980626735139698,0.016640228227472877,0.1833504375969734,0.008398461304847392,0.09027955079230571,snare,snare,True
fnl_shadow_probe,powerless,0.56518,0.04850393806041312,0.04666588055541602,0.3084496832014261,0.023738194081188355,0.1508029047163224,snare,snare,True
fnl_shadow_probe,moderate,0.575376,0.06403222204952613,0.06091044332454846,0.3533836367593862,0.031138859135871395,0.17173567951772795,snare,snare,True
fnl_shadow_probe,institutional,-0.021971,11.205302046514566,2.5886701749328527,1.731542308227935,0.7038939977302566,0.513521688300278,snare,tangled_rope,False
fnl_shadow_probe,analytical,0.712364,0.02673589221641061,0.03327916291474773,0.2420619926216343,0.014630629245900372,0.09714209001829771,snare,snare,True
fossil_fuel_lock_in,powerless,0.3016,4.821614917498624,1.238153709000647,1.9624070567520575,0.8879547671244042,0.7105210921064471,snare,tangled_rope,False
fossil_fuel_lock_in,moderate,0.641765,0.003003360105594962,0.0029257288070210657,0.07699541093476309,0.0014818902901840177,0.03422911003115919,snare,snare,True
fossil_fuel_lock_in,institutional,-0.033992,15.801046770172865,2.9831856067289975,2.0717521005327204,0.9804550915859606,0.7110083398770009,snare,tangled_rope,False
fossil_fuel_lock_in,analytical,0.79456,0.5063139502447708,0.48595937709987586,0.9950070261856035,0.24244658902940353,0.4761186330564913,snare,tangled_rope,False
four_color_theorem_topological_bound,powerless,0.09084,2.1668639546117004e-07,2.1155951426566046e-07,0.0006543694347448465,1.0704983857616881e-07,5.989453569332781e-06,mountain,mountain,True
four_color_theorem_topological_bound,moderate,0.079998,2.987443788425516e-14,2.97240305557284e-14,2.4575624618635555e-07,1.4900914427480652e-14,2.2761613704957995e-09,mountain,mountain,True
four_color_theorem_topological_bound,institutional,-0.00955,0.033291896961379144,0.16564578355890783,0.3485491398581495,0.030294833866207255,0.03324401513594033,mountain,mountain,True
four_color_theorem_topological_bound,analytical,0.110402,1.1272015257364696e-06,1.18765234239376e-06,0.0015210748533730912,5.784171495853366e-07,1.4752550535313474e-05,mountain,mountain,True
fptp_electoral_system,powerless,0.2704,4.335141529822254,0.7729338599365184,1.6266316510842835,0.6258139259408996,0.5368736284060396,snare,tangled_rope,False
fptp_electoral_system,moderate,0.575376,0.0633225480170992,0.059641905504717846,0.35054080267817533,0.030641152336224255,0.16898528603020946,snare,snare,True
fptp_electoral_system,institutional,-0.021971,11.731799533250701,2.4418421234097525,1.7551035056824962,0.7219276158594726,0.5369598310433067,snare,tangled_rope,False
fptp_electoral_system,analytical,0.712364,0.016980626735139698,0.016640228227472877,0.1833504375969734,0.008398461304847392,0.09027955079230571,snare,snare,True
fragile_middle_layer_collapse,powerless,0.3016,3.5851789587375533,4.74470651046737,2.6474871092919625,1.5109054335587797,0.9667845682088982,snare,tangled_rope,False
fragile_middle_layer_collapse,moderate,0.4504,0.05291643163960948,0.10871612014167645,0.38282098101048084,0.036526250626058125,0.06758598885387945,snare,snare,True
fragile_middle_layer_collapse,institutional,-0.024506,22.82716768317321,18.594602904763924,3.076697302416824,1.9351160357571808,0.9926374874608191,snare,rope,False
fragile_middle_layer_collapse,analytical,0.79456,0.036160813939570144,0.07093371704792326,0.31280366261380044,0.02441170959423912,0.04983520336810632,snare,snare,True
framing_effect,powerless,0.56518,0.048157450370155966,0.04600177374690672,0.30679131917383096,0.023484125249879598,0.14913680357981973,snare,snare,True
framing_effect,moderate,0.575376,0.06351272883250016,0.059931277530915913,0.3512308183273512,0.030761590607230452,0.16964472578469247,snare,snare,True
framing_effect,institutional,-0.021971,11.622844466954552,2.0385311139673616,1.720909534774921,0.6958144827457994,0.5328730347864006,snare,tangled_rope,False
framing_effect,analytical,0.712364,0.017085007840238246,0.0168096079350084,0.1840678606887738,0.008464267269173069,0.09055607602911286,snare,snare,True
france_2027_presidential_election,powerless,0.56518,0.049294705828367216,0.04950172592293583,0.3143163198508322,0.024647893635722666,0.1564808382053321,tangled_rope,snare,False
france_2027_presidential_election,moderate,0.575376,0.06549584849585587,0.06543443697510727,0.36183850490468594,0.03264259249875578,0.17993235849752287,tangled_rope,snare,False
france_2027_presidential_election,institutional,0.272193,3.342683704727853,0.53597213347082,1.3793141912097593,0.4570715179052053,0.41187376614490184,tangled_rope,tangled_rope,True
france_2027_presidential_election,analytical,0.712364,0.01706667657735723,0.017250553945078476,0.1852443020412707,0.008572731539250065,0.09214395490124244,tangled_rope,snare,False
france_cordon_sanitaire_2026,powerless,0.239115,0.028260823576368107,0.029831574446234715,0.24095618977351824,0.014497422807233911,0.11393209521386916,rope,rope,True
france_cordon_sanitaire_2026,moderate,0.243428,0.04348847091783422,0.046217180374676446,0.29940185225772414,0.02236854648850586,0.14270248477524294,rope,rope,True
france_cordon_sanitaire_2026,institutional,-0.020448,0.8503944340970025,0.30093194373157167,0.963957192638856,0.22784097484844618,0.27825082403050094,rope,rope,True
france_cordon_sanitaire_2026,analytical,0.301385,0.6417883562344635,0.5883456328754001,1.1069871965558695,0.2986134721039922,0.5222736060558377,rope,tangled_rope,False
franchisee_corporate_squeeze,powerless,0.630393,0.003524409133267442,0.0034237348534046958,0.08334894239903103,0.001736510202587588,0.036937414040603134,snare,snare,True
franchisee_corporate_squeeze,moderate,0.641765,0.0029916312868896633,0.0029134956202020476,0.07683970630711001,0.0014759035563352873,0.034109406735605974,snare,snare,True
franchisee_corporate_squeeze,institutional,-0.024506,15.839020173323373,3.022076885539564,2.07666674373024,0.9846862786697326,0.7125673580581919,snare,tangled_rope,False
franchisee_corporate_squeeze,analytical,0.79456,0.5055407864300813,0.4857143844076532,0.9946611321752535,0.24228154321876677,0.4762075433112606,snare,tangled_rope,False
frankenstein_creation_hubris,powerless,0.630393,0.00011998245128097304,0.00011279114583836699,0.015251440547907655,5.815132789638764e-05,0.0012371906400859452,snare,snare,True
frankenstein_creation_hubris,moderate,0.641765,0.00010213342092188909,9.649792147290992e-05,0.014089356846114237,4.9627288843842674e-05,0.0011466811218174876,snare,snare,True
frankenstein_creation_hubris,institutional,-0.024506,22.83283175298604,18.850901662109905,3.0891590654767236,1.947572418125353,0.9927398581278012,snare,rope,False
frankenstein_creation_hubris,analytical,0.487853,0.01217293206128735,0.01911229416619419,0.17352753086955325,0.0075232296734420515,0.022057673015619783,snare,snare,True
fraser_river_salmon_regulation,powerless,0.630393,0.0035371567008971824,0.0034368661452909267,0.08350407883702213,0.0017429795719379724,0.037067040516270744,snare,snare,True
fraser_river_salmon_regulation,moderate,0.641765,0.003003360105594962,0.0029257288070210657,0.07699541093476309,0.0014818902901840177,0.03422911003115919,snare,snare,True
fraser_river_salmon_regulation,institutional,-0.024506,15.798747323224893,2.852488945578066,2.06702828083487,0.9763939932997519,0.7110083398770009,snare,tangled_rope,False
fraser_river_salmon_regulation,analytical,0.79456,0.5063139502447708,0.48595937709987586,0.9950070261856035,0.24244658902940353,0.4761186330564913,snare,tangled_rope,False
french_ag_land_concentration,powerless,0.3016,3.577250073612523,4.79556879582664,2.6475473922949866,1.5109638864333583,0.9666560144296825,snare,tangled_rope,False
french_ag_land_concentration,moderate,0.641765,0.00010213342092188909,9.649792147290992e-05,0.014089356846114237,4.9627288843842674e-05,0.0011466811218174876,snare,snare,True
french_ag_land_concentration,institutional,0.260901,5.873443473556026,5.352491682818598,2.872678863070589,1.7318957440520062,0.9901583838798812,snare,tangled_rope,False
french_ag_land_concentration,analytical,0.79456,0.03458684084737326,0.06573099362050606,0.30461933424758947,0.023153422855895958,0.048125925737947495,snare,snare,True
french_local_elections_march_2026,powerless,0.304328,0.006432065576947665,0.005048190159681492,0.106557681569236,0.002837963451556684,0.015090810882467776,tangled_rope,tangled_rope,True
french_local_elections_march_2026,moderate,0.309818,0.009310384975167774,0.0069039731546675235,0.12627174906472702,0.003984814720443112,0.017282041482179822,tangled_rope,tangled_rope,True
french_local_elections_march_2026,institutional,-0.011831,2.230602695296089,2.9428275999141054,2.197995464470733,1.0910217562864668,0.8830569873444484,tangled_rope,rope,False
french_local_elections_march_2026,analytical,0.383581,0.07310976864218102,0.025218576061550403,0.28172832325339975,0.01980992262341856,0.02785570499792578,tangled_rope,tangled_rope,True
frontex_pushback_coordination,powerless,0.3536,2.528071365236856,0.810175777521909,1.5853313878399973,0.5961015344773883,0.5622224992083475,snare,tangled_rope,False
frontex_pushback_coordination,moderate,0.752415,0.1345314154398837,0.1289556120932136,0.5131662471974145,0.06547450484235898,0.251619136027337,snare,tangled_rope,False
frontex_pushback_coordination,institutional,-0.028731,12.349277949790709,1.3300877428809033,1.7270129319852052,0.7004477730386437,0.5655099021896209,snare,tangled_rope,False
frontex_pushback_coordination,analytical,0.931553,3.330585432626373,0.9123730191868792,1.6628917525611076,0.6523838049131037,0.5646680454753176,snare,tangled_rope,False
fundamental_material_limits_nbre,powerless,0.13626,5.139366353940738e-05,6.539683225785495e-05,0.010748291686770797,2.8881374034645172e-05,0.00016086697357020618,mountain,mountain,True
fundamental_material_limits_nbre,moderate,0.119997,8.263682932206564e-13,8.26448214545808e-13,1.2856516009642697e-06,4.132109457341962e-13,1.5788007567962836e-08,mountain,mountain,True
fundamental_material_limits_nbre,institutional,-0.014325,0.0662911847317683,0.33270318985074987,0.49164636691848085,0.060125344113724916,0.06499731744151283,mountain,mountain,True
fundamental_material_limits_nbre,analytical,0.165603,0.001996357835740478,0.004876775669411518,0.07691093824328682,0.0014786408712008595,0.002421243611359314,mountain,mountain,True
fundamental_theorem_of_algebra,powerless,0.09084,6.375556736255286e-07,6.223850747153002e-07,0.0011224086400029845,3.1495028029419133e-07,1.757509230537746e-05,mountain,mountain,True
fundamental_theorem_of_algebra,moderate,0.079998,8.75681089261366e-14,8.749904955599671e-14,4.182955279236503e-07,4.37501865035164e-14,6.6758296668467665e-09,mountain,mountain,True
fundamental_theorem_of_algebra,institutional,-0.00955,0.09470399355221815,0.4544643166182809,0.5843390180088306,0.08475751008678456,0.09172098174546384,mountain,mountain,True
fundamental_theorem_of_algebra,analytical,0.110402,3.301727918846741e-06,3.4786633811143442e-06,0.0026032523835323785,1.6942305039230182e-06,4.320105945343283e-05,mountain,mountain,True
fundamental_theorem_of_calculus,powerless,0.09084,2.1668639546117004e-07,2.1155951426566046e-07,0.0006543694347448465,1.0704983857616881e-07,5.989453569332781e-06,mountain,mountain,True
fundamental_theorem_of_calculus,moderate,0.079998,2.987443788425516e-14,2.97240305557284e-14,2.4575624618635555e-07,1.4900914427480652e-14,2.2761613704957995e-09,mountain,mountain,True
fundamental_theorem_of_calculus,institutional,-0.00955,0.033291896961379144,0.16564578355890783,0.3485491398581495,0.030294833866207255,0.03324401513594033,mountain,mountain,True
fundamental_theorem_of_calculus,analytical,0.110402,1.1272015257364696e-06,1.18765234239376e-06,0.0015210748533730912,5.784171495853366e-07,1.4752550535313474e-05,mountain,mountain,True
fungal_shift_grassland_loss,powerless,0.413016,0.00024687396988329384,0.00019971891017565873,0.020792139333224373,0.00010807729110724911,0.00025878619110675455,tangled_rope,tangled_rope,True
fungal_shift_grassland_loss,moderate,0.420467,0.00035685822646719796,0.0002872322907215556,0.024774197915079708,0.0001534382586018369,0.00028464957971429983,tangled_rope,tangled_rope,True
fungal_shift_grassland_loss,institutional,-0.016056,1.6419246499307638,5.875984404992088,2.1933346092051793,1.0868725608343779,0.8066635826281323,tangled_rope,rope,False
fungal_shift_grassland_loss,analytical,0.520574,0.0037305502977220692,0.00682841764550661,0.0874768617342446,0.0019127453740334674,0.0020472642041711457,tangled_rope,tangled_rope,True
future_dsm_integration_2026,powerless,0.2704,3.3858157746073565,0.5363739441399336,1.3801324313075964,0.457592270838638,0.41187951026580627,tangled_rope,tangled_rope,True
future_dsm_integration_2026,moderate,0.575376,0.06549584849585587,0.06543443697510727,0.36183850490468594,0.03264259249875578,0.17993235849752287,tangled_rope,snare,False
future_dsm_integration_2026,institutional,0.403807,0.799107698683556,0.4102291395468413,1.0518940159969616,0.27030219810431133,0.38299944220001614,tangled_rope,tangled_rope,True
future_dsm_integration_2026,analytical,0.712364,0.01706667657735723,0.017250553945078476,0.1852443020412707,0.008572731539250065,0.09214395490124244,tangled_rope,snare,False
g7_debt_trap,powerless,0.3536,3.061302510005694,1.3066610405613148,1.904313308598804,0.840145035942439,0.735518777173089,snare,tangled_rope,False
g7_debt_trap,moderate,0.752415,0.11919959407622598,0.13030827449121687,0.4991098955054162,0.06195513312380608,0.23878305388723353,snare,snare,True
g7_debt_trap,institutional,0.809116,0.6908438769116136,0.6515918891638293,1.156637695666419,0.3252344418509218,0.5452382796914774,snare,tangled_rope,False
g7_debt_trap,analytical,0.931553,4.080219511001114,1.347299732371821,1.9915082744777175,0.9122596092994002,0.7411686811329077,snare,tangled_rope,False
gale_shapley,powerless,0.413016,0.0002117249895135251,0.00014098807027487434,0.01847264402523529,8.530903784430079e-05,0.0002711060831020202,tangled_rope,tangled_rope,True
gale_shapley,moderate,0.420467,0.0002986037631672266,0.00018209296632945313,0.021386437451832156,0.00011434383716047106,0.00029820134846287504,tangled_rope,tangled_rope,True
gale_shapley,institutional,-0.016056,1.6290935802731705,5.846522396750915,2.187067917078787,1.0813016346271151,0.8042726507408573,tangled_rope,rope,False
gale_shapley,analytical,0.520574,0.0019723580713215095,0.0006965799782451226,0.040990355536582,0.00042003760829735525,0.00037503419891191054,tangled_rope,tangled_rope,True
gale_shapley_variants,powerless,0.245158,5.0023495003430124e-05,5.1298877526369246e-05,0.01006520068893107,2.5327012771989477e-05,0.0013197398088022894,rope,rope,True
gale_shapley_variants,moderate,0.221895,1.3339146605242502e-07,1.3357138837267232e-07,0.000516684350746631,6.674067908898579e-08,6.651840451821212e-05,rope,rope,True
gale_shapley_variants,institutional,0.024227,0.016058561774121172,0.022862005072116436,0.19498333797753778,0.009497099748028539,0.034114876943661235,rope,rope,True
gale_shapley_variants,analytical,0.301385,0.0017862753429889163,0.0020527040747080703,0.061842205993665966,0.0009560384333729661,0.008878717961146587,rope,rope,True
galois_theory,powerless,0.09084,2.1668639546117004e-07,2.1155951426566046e-07,0.0006543694347448465,1.0704983857616881e-07,5.989453569332781e-06,mountain,mountain,True
galois_theory,moderate,0.079998,2.987443788425516e-14,2.97240305557284e-14,2.4575624618635555e-07,1.4900914427480652e-14,2.2761613704957995e-09,mountain,mountain,True
galois_theory,institutional,-0.00955,0.033291896961379144,0.16564578355890783,0.3485491398581495,0.030294833866207255,0.03324401513594033,mountain,mountain,True
galois_theory,analytical,0.110402,1.1272015257364696e-06,1.18765234239376e-06,0.0015210748533730912,5.784171495853366e-07,1.4752550535313474e-05,mountain,mountain,True
galois_theory_symmetry,powerless,0.09084,2.1668639546117004e-07,2.1155951426566046e-07,0.0006543694347448465,1.0704983857616881e-07,5.989453569332781e-06,mountain,mountain,True
galois_theory_symmetry,moderate,0.079998,2.987443788425516e-14,2.97240305557284e-14,2.4575624618635555e-07,1.4900914427480652e-14,2.2761613704957995e-09,mountain,mountain,True
galois_theory_symmetry,institutional,-0.00955,0.033291896961379144,0.16564578355890783,0.3485491398581495,0.030294833866207255,0.03324401513594033,mountain,mountain,True
galois_theory_symmetry,analytical,0.110402,1.1272015257364696e-06,1.18765234239376e-06,0.0015210748533730912,5.784171495853366e-07,1.4752550535313474e-05,mountain,mountain,True
gamblers_ruin_stochastic_extinction,powerless,0.09084,2.1668639546117004e-07,2.1155951426566046e-07,0.0006543694347448465,1.0704983857616881e-07,5.989453569332781e-06,mountain,mountain,True
gamblers_ruin_stochastic_extinction,moderate,0.079998,2.987443788425516e-14,2.97240305557284e-14,2.4575624618635555e-07,1.4900914427480652e-14,2.2761613704957995e-09,mountain,mountain,True
gamblers_ruin_stochastic_extinction,institutional,-0.00955,0.033291896961379144,0.16564578355890783,0.3485491398581495,0.030294833866207255,0.03324401513594033,mountain,mountain,True
gamblers_ruin_stochastic_extinction,analytical,0.110402,1.1272015257364696e-06,1.18765234239376e-06,0.0015210748533730912,5.784171495853366e-07,1.4752550535313474e-05,mountain,mountain,True
gauss_bonnet_topology,powerless,0.09084,2.1668639546117004e-07,2.1155951426566046e-07,0.0006543694347448465,1.0704983857616881e-07,5.989453569332781e-06,mountain,mountain,True
gauss_bonnet_topology,moderate,0.079998,2.987443788425516e-14,2.97240305557284e-14,2.4575624618635555e-07,1.4900914427480652e-14,2.2761613704957995e-09,mountain,mountain,True
gauss_bonnet_topology,institutional,-0.00955,0.033291896961379144,0.16564578355890783,0.3485491398581495,0.030294833866207255,0.03324401513594033,mountain,mountain,True
gauss_bonnet_topology,analytical,0.110402,1.1272015257364696e-06,1.18765234239376e-06,0.0015210748533730912,5.784171495853366e-07,1.4752550535313474e-05,mountain,mountain,True
gaza_aid_permit_revocation,powerless,0.3536,2.9488550577268393,1.149745398461317,1.8188587571847736,0.7716076854417641,0.6901684937869386,snare,tangled_rope,False
gaza_aid_permit_revocation,moderate,0.752415,0.12720552499349064,0.1339200484052028,0.5108506335412569,0.06488815206641786,0.2498961089112265,snare,tangled_rope,False
gaza_aid_permit_revocation,institutional,-0.028731,15.433344003724486,2.1774261454004233,2.011101819066165,0.9287538469863422,0.6961731037240133,snare,tangled_rope,False
gaza_aid_permit_revocation,analytical,0.931553,3.9045777905277697,1.183666328967051,1.8968182461916978,0.8340472064590422,0.6946536429266853,snare,tangled_rope,False
gaza_border_control_rafah,powerless,0.3536,1.1813796773561973,2.9823841426342677,1.8372485080123702,0.7861717425424591,0.6999700324813092,snare,tangled_rope,False
gaza_border_control_rafah,moderate,0.752415,0.004987122011729384,0.007007738920901632,0.10833121988589083,0.00293319605003472,0.011436920491491698,snare,snare,True
gaza_border_control_rafah,institutional,0.528056,0.0013668477910422664,0.0016598684461828473,0.05481985828067281,0.0007512571784875423,0.005070927615361997,snare,snare,True
gaza_border_control_rafah,analytical,0.931553,2.3649723538748177,4.510281411537463,2.380579390860454,1.2572181751571394,0.9045478478814318,snare,tangled_rope,False
gbff_funding_mechanism,powerless,0.56518,0.01329176057483902,0.01585546184635537,0.17022770435771364,0.007239995483231728,0.04617070950065416,tangled_rope,tangled_rope,True
gbff_funding_mechanism,moderate,0.575376,0.018184012005785784,0.022235842261579604,0.20028413882687973,0.010020056076626118,0.055553649701043484,tangled_rope,tangled_rope,True
gbff_funding_mechanism,institutional,-0.007558,1.4396867371296496,4.021873706448704,1.2136537062496513,0.3570766381433685,0.2830492160506344,tangled_rope,tangled_rope,True
gbff_funding_mechanism,analytical,0.712364,0.004407904962710026,0.005003319206444479,0.09677330995857755,0.0023408116209299784,0.024421663784510383,tangled_rope,tangled_rope,True
gemini_scientific_advancement,powerless,0.56518,2.688608437138721e-05,3.243055034264842e-05,0.007663058376619136,1.4680597961086924e-05,9.249679417466794e-05,tangled_rope,tangled_rope,True
gemini_scientific_advancement,moderate,0.575376,3.711357884245292e-05,4.610500329643635e-05,0.009061610246358738,2.052815994726164e-05,0.0001128483100504285,tangled_rope,tangled_rope,True
gemini_scientific_advancement,institutional,-0.021971,1.3894037667134236,10.083107786753287,2.0939063466619614,0.9995767549849898,0.7503799664744017,tangled_rope,rope,False
gemini_scientific_advancement,analytical,0.712364,4.140961422208813e-05,6.192900622345454e-05,0.009708394316408771,2.3563183781889227e-05,8.714848072288728e-05,tangled_rope,tangled_rope,True
genai_mil_platform,powerless,0.630393,0.0035371567008971824,0.0034368661452909267,0.08350407883702213,0.0017429795719379724,0.037067040516270744,snare,snare,True
genai_mil_platform,moderate,0.641765,0.003003360105594962,0.0029257288070210657,0.07699541093476309,0.0014818902901840177,0.03422911003115919,snare,snare,True
genai_mil_platform,institutional,0.169004,10.88272171596446,1.3114599319835336,2.008982601096199,0.9269648598838288,0.7110082430836152,snare,tangled_rope,False
genai_mil_platform,analytical,0.79456,0.5063139502447708,0.48595937709987586,0.9950070261856035,0.24244658902940353,0.4761186330564913,snare,tangled_rope,False
gender_performance_cost,powerless,0.3016,4.818572040970408,1.2360790260159584,1.9611543720992015,0.8869137949758577,0.7099249994615654,snare,tangled_rope,False
gender_performance_cost,moderate,0.641765,0.0030082530426557086,0.002930886757112825,0.07706060118227441,0.0014844004069120408,0.03427501976408032,snare,snare,True
gender_performance_cost,institutional,-0.024506,15.783880651874977,2.8169383652863833,2.064492892326638,0.9742166569132853,0.7104108442121635,snare,tangled_rope,False
gender_performance_cost,analytical,0.79456,0.5067116357290635,0.4863173604608155,0.9952842166856991,0.24257889041111488,0.47610819831345036,snare,tangled_rope,False
generational_replacement_inertia,powerless,0.413016,0.006392837982760553,0.00955794003213641,0.12438071334130216,0.0038663940699563493,0.012736200162891204,tangled_rope,tangled_rope,True
generational_replacement_inertia,moderate,0.420467,0.0103146022652192,0.016687963809590773,0.1607714572542299,0.00645838647432319,0.017884215338097635,tangled_rope,tangled_rope,True
generational_replacement_inertia,institutional,-0.016056,0.3505863072497079,1.904446899412611,1.0059089142978612,0.24767541676983856,0.22866900976899157,tangled_rope,tangled_rope,True
generational_replacement_inertia,analytical,0.520574,0.2449425125847637,0.7050886143104084,0.8739774121554139,0.1879396237754913,0.23240426850226895,tangled_rope,tangled_rope,True
genetic_algorithms_evolution,powerless,0.31202,0.00024135963788462253,0.0002629479665988224,0.022441272142954483,0.0001259013528972806,0.0019343568640993736,rope,rope,True
genetic_algorithms_evolution,moderate,0.282412,9.200243073762053e-07,9.251200490404603e-07,0.0013583569988555506,4.612834166783797e-07,0.00011003201302084431,rope,rope,True
genetic_algorithms_evolution,institutional,-0.011831,0.011043610758823761,0.01737102350379826,0.16534842202540123,0.0068311329227004605,0.02000943884777127,rope,rope,True
genetic_algorithms_evolution,analytical,0.383581,0.006383094895076007,0.00922475717868819,0.12334517497596063,0.0038023026441747817,0.013671705590900696,rope,rope,True
genetic_predisposition,powerless,0.3016,3.5899033142134176,4.734837608845382,2.6477234298964105,1.5111345822615845,0.9668673340370993,snare,tangled_rope,False
genetic_predisposition,moderate,0.641765,0.00010660013482581351,0.00010127995879258922,0.014412995705022125,5.1933386540513274e-05,0.0011670665051239188,snare,snare,True
genetic_predisposition,institutional,-0.024506,22.825391749583666,18.501520308698247,3.0744815324864354,1.9329014724355869,0.9925861995830413,snare,rope,False
genetic_predisposition,analytical,0.79456,0.03770758888632142,0.07651123862683576,0.3209227892522777,0.025692660538162958,0.051423343665681576,snare,snare,True
genetic_predisposition_mania,powerless,0.413016,0.006392837982760553,0.00955794003213641,0.12438071334130216,0.0038663940699563493,0.012736200162891204,tangled_rope,tangled_rope,True
genetic_predisposition_mania,moderate,0.420467,0.0103146022652192,0.016687963809590773,0.1607714572542299,0.00645838647432319,0.017884215338097635,tangled_rope,tangled_rope,True
genetic_predisposition_mania,institutional,-0.016056,0.3505863072497079,1.904446899412611,1.0059089142978612,0.24767541676983856,0.22866900976899157,tangled_rope,tangled_rope,True
genetic_predisposition_mania,analytical,0.520574,0.2449425125847637,0.7050886143104084,0.8739774121554139,0.1879396237754913,0.23240426850226895,tangled_rope,tangled_rope,True
genie_ip_constraint,powerless,0.2704,4.335141529822254,0.7729338599365184,1.6266316510842835,0.6258139259408996,0.5368736284060396,snare,tangled_rope,False
genie_ip_constraint,moderate,0.575376,0.0633225480170992,0.059641905504717846,0.35054080267817533,0.030641152336224255,0.16898528603020946,snare,snare,True
genie_ip_constraint,institutional,-0.021971,11.731799533250701,2.4418421234097525,1.7551035056824962,0.7219276158594726,0.5369598310433067,snare,tangled_rope,False
genie_ip_constraint,analytical,0.712364,0.016980626735139698,0.016640228227472877,0.1833504375969734,0.008398461304847392,0.09027955079230571,snare,snare,True
geocentric_cosmology,powerless,0.09084,2.429484382656167e-07,2.3719929897782098e-07,0.0006928892521202798,1.2002387773206736e-07,6.714839275279161e-06,mountain,mountain,True
geocentric_cosmology,moderate,0.079998,3.3267586145946284e-14,3.343828346489071e-14,2.563692708922217e-07,1.670585098434648e-14,2.5517917778827837e-09,mountain,mountain,True
geocentric_cosmology,institutional,-0.00955,0.03724861243582727,0.1848963791947559,0.36853699493426995,0.03385891001835111,0.03712155731021061,mountain,mountain,True
geocentric_cosmology,analytical,0.110402,1.2636512976306303e-06,1.3314174647527308e-06,0.0016105093000504647,6.48435016615602e-07,1.653824406859202e-05,mountain,mountain,True
geophysics_superionic_core,powerless,0.13626,5.139366353940738e-05,6.539683225785495e-05,0.010748291686770797,2.8881374034645172e-05,0.00016086697357020618,mountain,mountain,True
geophysics_superionic_core,moderate,0.119997,8.263682932206564e-13,8.26448214545808e-13,1.2856516009642697e-06,4.132109457341962e-13,1.5788007567962836e-08,mountain,mountain,True
geophysics_superionic_core,institutional,-0.014325,0.0662911847317683,0.33270318985074987,0.49164636691848085,0.060125344113724916,0.06499731744151283,mountain,mountain,True
geophysics_superionic_core,analytical,0.165603,0.001996357835740478,0.004876775669411518,0.07691093824328682,0.0014786408712008595,0.002421243611359314,mountain,mountain,True
geopolitical_insularity_2026,powerless,0.3016,4.818572040970408,1.2360790260159584,1.9611543720992015,0.8869137949758577,0.7099249994615654,snare,tangled_rope,False
geopolitical_insularity_2026,moderate,0.762431,0.1932930465293699,0.20395042897800927,0.6299140199990605,0.09838060590861931,0.3073457898107558,snare,tangled_rope,False
geopolitical_insularity_2026,institutional,-0.024506,15.783880651874977,2.8169383652863833,2.064492892326638,0.9742166569132853,0.7104108442121635,snare,tangled_rope,False
geopolitical_insularity_2026,analytical,0.79456,0.5067116357290635,0.4863173604608155,0.9952842166856991,0.24257889041111488,0.47610819831345036,snare,tangled_rope,False
german_board_gender_quota,powerless,0.38041,0.001587424472179487,0.0011026168087251709,0.05122345485417693,0.0006559247255597305,0.00242842305579849,tangled_rope,tangled_rope,True
german_board_gender_quota,moderate,0.387272,0.002253416352826091,0.0014400859993200718,0.05964166445085568,0.0008892161346925111,0.0027024752460160784,tangled_rope,tangled_rope,True
german_board_gender_quota,institutional,0.271793,0.03265789820613382,0.07157950605729567,0.3046470431466151,0.02315762708034251,0.04089510342875702,tangled_rope,tangled_rope,True
german_board_gender_quota,analytical,0.479476,0.015153117836178127,0.0035096985783237417,0.1114700893019407,0.003105591144577366,0.0036102084028600823,tangled_rope,tangled_rope,True
germany_tennet_takeover,powerless,0.413016,0.00014230571628061318,9.530864770918023e-05,0.015161563420580358,5.7467976123043035e-05,0.00018172434245699738,tangled_rope,tangled_rope,True
germany_tennet_takeover,moderate,0.420467,0.0002008410729647921,0.00012357328299890117,0.017568789634337268,7.716509609449252e-05,0.00019988467948955295,tangled_rope,tangled_rope,True
germany_tennet_takeover,institutional,-0.016056,1.3154643493304352,5.486546413052924,2.0223031352570793,0.9382296304030612,0.7320874909896232,tangled_rope,rope,False
germany_tennet_takeover,analytical,0.520574,0.0013504492175923618,0.0005702408542771439,0.035011703505555575,0.0003064470194558462,0.00025137932653808697,tangled_rope,tangled_rope,True
germline_regulation_threshold_2026,powerless,0.2704,4.310275319468763,0.764822512676381,1.6199159844169775,0.6209422839040202,0.5335087920350912,snare,tangled_rope,False
germline_regulation_threshold_2026,moderate,0.575376,0.06348006725277446,0.05988103394563815,0.3511116162010102,0.030740767810964208,0.16953066743642153,snare,snare,True
germline_regulation_threshold_2026,institutional,-0.021971,11.640456018756844,2.0672907728620586,1.7240585779302446,0.6982035114067705,0.5335938463626007,snare,tangled_rope,False
germline_regulation_threshold_2026,analytical,0.712364,0.017056466893997025,0.016762145301791088,0.1838704620701756,0.008446135234966205,0.0905022512180036,snare,snare,True
ghost_fishing_gear,powerless,0.3016,5.009537071966935,1.3822020434084479,2.045851624581364,0.9582587868368869,0.7494672626725898,snare,tangled_rope,False
ghost_fishing_gear,moderate,0.641765,0.0027262405246977067,0.002643925701706213,0.07327495099104547,0.0013421544689308262,0.031026597704868375,snare,snare,True
ghost_fishing_gear,institutional,-0.042575,16.738782140777182,3.3031632979661842,2.161637469310552,1.0587877662769951,0.7500615049608297,snare,tangled_rope,False
ghost_fishing_gear,analytical,0.79456,0.49216885489280704,0.501169851883289,0.9958923247959546,0.24286925506703141,0.477456682793549,snare,tangled_rope,False
gig_economy_algorithmic_managment,powerless,0.3016,3.4377249814655593,4.815581486771528,2.6328800227778166,1.4967550270692704,0.9633907265990702,snare,tangled_rope,False
gig_economy_algorithmic_managment,moderate,0.641765,9.951411544150017e-05,9.642825140087435e-05,0.013990746919213181,4.893505028503907e-05,0.0009886357620380662,snare,snare,True
gig_economy_algorithmic_managment,institutional,0.690128,0.000196336209065885,0.0002753414453223166,0.021432644497929487,0.00011483846353751107,0.0011199731149817982,snare,snare,True
gig_economy_algorithmic_managment,analytical,0.79456,0.04087764729932568,0.09906675175552138,0.34326712393123476,0.029385835693129997,0.05259563330274075,snare,snare,True
gilgamesh_mortality_limit,powerless,0.09084,2.1668639546117004e-07,2.1155951426566046e-07,0.0006543694347448465,1.0704983857616881e-07,5.989453569332781e-06,mountain,mountain,True
gilgamesh_mortality_limit,moderate,0.079998,2.987443788425516e-14,2.97240305557284e-14,2.4575624618635555e-07,1.4900914427480652e-14,2.2761613704957995e-09,mountain,mountain,True
gilgamesh_mortality_limit,institutional,-0.00955,0.033291896961379144,0.16564578355890783,0.3485491398581495,0.030294833866207255,0.03324401513594033,mountain,mountain,True
gilgamesh_mortality_limit,analytical,0.110402,1.1272015257364696e-06,1.18765234239376e-06,0.0015210748533730912,5.784171495853366e-07,1.4752550535313474e-05,mountain,mountain,True
gita_kurukshetra,powerless,0.413016,0.022700390017641712,0.03323054453432293,0.23328923068793983,0.013590546423733437,0.04472334345717008,tangled_rope,tangled_rope,True
gita_kurukshetra,moderate,0.420467,0.03635902282255537,0.05709691013124592,0.2998975310040449,0.022442533948028025,0.061968560301491754,tangled_rope,tangled_rope,True
gita_kurukshetra,institutional,-0.016056,0.44594132231080763,0.8134971544537059,0.682019428604084,0.11516508336179265,0.09488104994628188,tangled_rope,tangled_rope,True
gita_kurukshetra,analytical,0.520574,0.6745055509328234,1.4460456560434187,1.3690411951881392,0.45055547389372624,0.5188223581357165,tangled_rope,snare,False
glen_canyon_water_allocation,powerless,0.3016,4.821614917498624,1.238153709000647,1.9624070567520575,0.8879547671244042,0.7105210921064471,snare,tangled_rope,False
glen_canyon_water_allocation,moderate,0.641765,0.003003360105594962,0.0029257288070210657,0.07699541093476309,0.0014818902901840177,0.03422911003115919,snare,snare,True
glen_canyon_water_allocation,institutional,-0.042575,15.803116513037525,3.100221422598917,2.0759819330074842,0.9840963331192045,0.7110083398770009,snare,tangled_rope,False
glen_canyon_water_allocation,analytical,0.79456,0.5063139502447708,0.48595937709987586,0.9950070261856035,0.24244658902940353,0.4761186330564913,snare,tangled_rope,False
global_digital_divide,powerless,0.3016,5.012897584694086,1.3864804888674118,2.0474884719972586,0.95965640686561,0.7501739241265621,snare,tangled_rope,False
global_digital_divide,moderate,0.641765,0.0027208127751801566,0.002638439194893156,0.07320041789275641,0.0013394257630982324,0.03096419115960214,snare,snare,True
global_digital_divide,institutional,0.3036,4.933012965784257,1.3857271904901851,2.04480870174893,0.9573686524106272,0.7501069546728355,snare,tangled_rope,False
global_digital_divide,analytical,0.79456,0.49181827237011405,0.5013662599072276,0.9958180652154116,0.24283378826020874,0.477409020386928,snare,tangled_rope,False
global_economic_anxiety_2026,powerless,0.3016,3.592733406251779,4.730103639281125,2.6478672926650155,1.511274082398609,0.9669154549759627,snare,tangled_rope,False
global_economic_anxiety_2026,moderate,0.641765,0.00010810274133471844,0.00010295384532896609,0.014522411178268309,5.2724874946621046e-05,0.0011704099154740862,snare,snare,True
global_economic_anxiety_2026,institutional,-0.008431,22.823448720851246,18.08760464695696,3.0691518160945765,1.9275750008811205,0.9925541022700531,snare,rope,False
global_economic_anxiety_2026,analytical,0.79456,0.038948358652077686,0.08106452724252014,0.3273375075636216,0.026727716994176438,0.05267912720861878,snare,snare,True
global_food_market_fragility,powerless,0.3016,2.9064806872389077,0.5220762343474373,1.3493899007491423,0.4382049210051192,0.4006723586604423,tangled_rope,tangled_rope,True
global_food_market_fragility,moderate,0.641765,0.0036342881029186695,0.003667197716178894,0.08544804338828492,0.0018250643904875808,0.042185517554239105,tangled_rope,tangled_rope,True
global_food_market_fragility,institutional,-0.042575,9.026825748725765,9.290366034936739,2.0419639558303646,0.9549421044171609,0.4163383651140864,tangled_rope,tangled_rope,True
global_food_market_fragility,analytical,0.79456,0.40188092931844904,0.2715514385462519,0.8083630783050391,0.16115084356997467,0.3237086581104606,tangled_rope,tangled_rope,True
global_hoarding_scaling_laws,powerless,0.3536,1.1813952238352243,2.9825049748360883,1.837260278393022,0.7861810972784573,0.699974599129925,snare,tangled_rope,False
global_hoarding_scaling_laws,moderate,0.85602,0.27774457272554615,0.7816063777637524,0.9260729750303439,0.21059934840167469,0.2598716168333479,snare,snare,True
global_hoarding_scaling_laws,institutional,-0.028731,22.85346493729453,19.157497944528316,3.074549586857879,1.9329694885356747,0.9937003645513683,snare,rope,False
global_hoarding_scaling_laws,analytical,0.931553,2.3649723537993883,4.510281411244874,2.3805793907953143,1.257218175096659,0.9045478478541709,snare,tangled_rope,False
global_protocol_entrenchment,powerless,0.392468,1.180903273663575,0.6211034731190335,1.2852721170779868,0.3989625384738334,0.5028033758513722,snare,tangled_rope,False
global_protocol_entrenchment,moderate,0.575376,0.06348006725277446,0.05988103394563815,0.3511116162010102,0.030740767810964208,0.16953066743642153,snare,snare,True
global_protocol_entrenchment,institutional,-0.021971,11.640456018756844,2.0672907728620586,1.7240585779302446,0.6982035114067705,0.5335938463626007,snare,tangled_rope,False
global_protocol_entrenchment,analytical,0.712364,0.017056466893997025,0.016762145301791088,0.1838704620701756,0.008446135234966205,0.0905022512180036,snare,snare,True
global_stimulus_spree,powerless,0.3016,4.818572040970408,1.2360790260159584,1.9611543720992015,0.8869137949758577,0.7099249994615654,snare,tangled_rope,False
global_stimulus_spree,moderate,0.641765,0.0030082530426557086,0.002930886757112825,0.07706060118227441,0.0014844004069120408,0.03427501976408032,snare,snare,True
global_stimulus_spree,institutional,-0.008431,15.780105326084417,2.6009324314948743,2.056676197705233,0.96751424090998,0.7104108442121635,snare,tangled_rope,False
global_stimulus_spree,analytical,0.79456,0.5067116357290635,0.4863173604608155,0.9952842166856991,0.24257889041111488,0.47610819831345036,snare,tangled_rope,False
global_trade_externalities_neobiota,powerless,0.3016,4.841309710530317,1.25260989240126,1.9706218125616466,0.8947919635891269,0.7143913270008454,snare,tangled_rope,False
global_trade_externalities_neobiota,moderate,0.641765,0.0029756803429898727,0.0028970789468310823,0.07662877435465314,0.001467812690120371,0.03393074113731276,snare,snare,True
global_trade_externalities_neobiota,institutional,-0.024506,15.913917700182783,3.9958670650033787,2.120787863109721,1.0229432088284516,0.7148878243852669,snare,tangled_rope,False
global_trade_externalities_neobiota,analytical,0.79456,0.5047797947082489,0.4863891013595336,0.9947092662308586,0.24230450758008495,0.47642596391373626,snare,tangled_rope,False
global_water_bankruptcy,powerless,0.3536,1.1813952238352243,2.9825049748360883,1.837260278393022,0.7861810972784573,0.699974599129925,snare,tangled_rope,False
global_water_bankruptcy,moderate,0.752415,0.0049871220165855264,0.0070077389254649325,0.10833121992917259,0.0029331960523781586,0.011436920458375188,snare,snare,True
global_water_bankruptcy,institutional,-0.028731,22.85346493729453,19.157497944528316,3.074549586857879,1.9329694885356747,0.9937003645513683,snare,rope,False
global_water_bankruptcy,analytical,0.931553,2.3649723537993883,4.510281411244874,2.3805793907953143,1.257218175096659,0.9045478478541709,snare,tangled_rope,False
glp1_payload_efficiency_pivot,powerless,0.413016,0.003709030179066007,0.0025113246793107427,0.07771883416055049,0.0015098642833849458,0.005386586075615152,tangled_rope,tangled_rope,True
glp1_payload_efficiency_pivot,moderate,0.358504,0.002681901911441852,0.0034250174041657185,0.07770152487085176,0.00150919189859534,0.008293617580675039,tangled_rope,tangled_rope,True
glp1_payload_efficiency_pivot,institutional,-0.016056,4.550915251782628,4.726616314322669,2.764310988764921,1.6249519747654397,0.9821469857028869,tangled_rope,rope,False
glp1_payload_efficiency_pivot,analytical,0.520574,0.03381140939457212,0.007953451238326718,0.16449148867242414,0.006760550271116274,0.007926343053093254,tangled_rope,tangled_rope,True
goal_boundary_poisoning,powerless,0.3016,4.821614917498624,1.238153709000647,1.9624070567520575,0.8879547671244042,0.7105210921064471,snare,tangled_rope,False
goal_boundary_poisoning,moderate,0.641765,0.003003360105594962,0.0029257288070210657,0.07699541093476309,0.0014818902901840177,0.03422911003115919,snare,snare,True
goal_boundary_poisoning,institutional,-0.024506,15.798747323224893,2.852488945578066,2.06702828083487,0.9763939932997519,0.7110083398770009,snare,tangled_rope,False
goal_boundary_poisoning,analytical,0.79456,0.5063139502447708,0.48595937709987586,0.9950070261856035,0.24244658902940353,0.4761186330564913,snare,tangled_rope,False
godels_incompleteness_theorems,powerless,0.09084,6.375556736255286e-07,6.223850747153002e-07,0.0011224086400029845,3.1495028029419133e-07,1.757509230537746e-05,mountain,mountain,True
godels_incompleteness_theorems,moderate,0.079998,8.75681089261366e-14,8.749904955599671e-14,4.182955279236503e-07,4.37501865035164e-14,6.6758296668467665e-09,mountain,mountain,True
godels_incompleteness_theorems,institutional,-0.00955,0.09470399355221815,0.4544643166182809,0.5843390180088306,0.08475751008678456,0.09172098174546384,mountain,mountain,True
godels_incompleteness_theorems,analytical,0.110402,3.301727918846741e-06,3.4786633811143442e-06,0.0026032523835323785,1.6942305039230182e-06,4.320105945343283e-05,mountain,mountain,True
gold_fomo_cycle,powerless,0.630393,0.0004618927876737451,0.0004376049356248199,0.029980993598275,0.000224710786247099,0.0046168746878716485,snare,snare,True
gold_fomo_cycle,moderate,0.641765,0.00041336272044770845,0.0003982412466403735,0.02847634606023957,0.00020272214645376702,0.004279599388587733,snare,snare,True
gold_fomo_cycle,institutional,-0.024506,22.330422106877418,17.89317232138611,3.0510818718135972,1.9095201101674253,0.9721564684674632,snare,rope,False
gold_fomo_cycle,analytical,0.79456,0.14600699756287047,0.30258217720928715,0.6298283829214513,0.09835407937509427,0.1799764272479517,snare,snare,True
gold_piton_2026,powerless,0.239115,0.00734824179554088,0.008516270633491916,0.12569729882645428,0.00394865272702652,0.031121822736554394,rope,rope,True
gold_piton_2026,moderate,0.243428,0.011590980573856555,0.013876765284875421,0.15910127890804204,0.006324967655232552,0.04052415190568581,rope,rope,True
gold_piton_2026,institutional,-0.009295,0.154435362819452,0.04726323508368374,0.39277349920015653,0.038443958685742186,0.04995262309206128,rope,rope,True
gold_piton_2026,analytical,0.301385,0.27616774131724736,0.4549827932715951,0.834509011036457,0.17158999666336613,0.3104891501029964,rope,rope,True
goldbach_conjecture,powerless,0.09084,2.1668639546117004e-07,2.1155951426566046e-07,0.0006543694347448465,1.0704983857616881e-07,5.989453569332781e-06,mountain,mountain,True
goldbach_conjecture,moderate,0.079998,2.987443788425516e-14,2.97240305557284e-14,2.4575624618635555e-07,1.4900914427480652e-14,2.2761613704957995e-09,mountain,mountain,True
goldbach_conjecture,institutional,-0.00955,0.033291896961379144,0.16564578355890783,0.3485491398581495,0.030294833866207255,0.03324401513594033,mountain,mountain,True
goldbach_conjecture,analytical,0.110402,1.1272015257364696e-06,1.18765234239376e-06,0.0015210748533730912,5.784171495853366e-07,1.4752550535313474e-05,mountain,mountain,True
golden_handcuffs,powerless,0.56518,0.049294705828367216,0.04950172592293583,0.3143163198508322,0.024647893635722666,0.1564808382053321,tangled_rope,snare,False
golden_handcuffs,moderate,0.575376,0.06549584849585587,0.06543443697510727,0.36183850490468594,0.03264259249875578,0.17993235849752287,tangled_rope,snare,False
golden_handcuffs,institutional,-0.048332,8.942286850170914,3.4607852412400573,1.6353414722550688,0.6321552267404622,0.4119315700882379,tangled_rope,tangled_rope,True
golden_handcuffs,analytical,0.712364,0.01706667657735723,0.017250553945078476,0.1852443020412707,0.008572731539250065,0.09214395490124244,tangled_rope,snare,False
goodharts_law,powerless,0.2704,3.336078843042163,0.5240877878584701,1.3672233519257,0.4494066887301821,0.4055422377628876,tangled_rope,tangled_rope,True
goodharts_law,moderate,0.575376,0.06538439346912008,0.06552662293043253,0.3618117132149166,0.03263777194209157,0.17990812418981894,tangled_rope,snare,False
goodharts_law,institutional,-0.021971,8.745626559766388,2.3436133129898598,1.5344146732798751,0.5602961220420642,0.40559296255546007,tangled_rope,tangled_rope,True
goodharts_law,analytical,0.712364,0.01725725719518201,0.01765111362085282,0.18672647034805928,0.008710363792537154,0.09211458990606802,tangled_rope,tangled_rope,True
goodsteins_theorem,powerless,0.09084,6.375556736255286e-07,6.223850747153002e-07,0.0011224086400029845,3.1495028029419133e-07,1.757509230537746e-05,mountain,mountain,True
goodsteins_theorem,moderate,0.079998,8.75681089261366e-14,8.749904955599671e-14,4.182955279236503e-07,4.37501865035164e-14,6.6758296668467665e-09,mountain,mountain,True
goodsteins_theorem,institutional,-0.00955,0.09470399355221815,0.4544643166182809,0.5843390180088306,0.08475751008678456,0.09172098174546384,mountain,mountain,True
goodsteins_theorem,analytical,0.110402,3.301727918846741e-06,3.4786633811143442e-06,0.0026032523835323785,1.6942305039230182e-06,4.320105945343283e-05,mountain,mountain,True
google_ai_search_overview,powerless,0.3016,4.827090421821808,1.2419464134645612,1.9646720668130784,0.8898380818412343,0.711596277352176,snare,tangled_rope,False
google_ai_search_overview,moderate,0.641765,0.0029951242767688206,0.002917120931527464,0.0768860024722329,0.0014776823460877864,0.034146365662762024,snare,snare,True
google_ai_search_overview,institutional,-0.008431,15.822167639836792,2.7198443610959573,2.0645764969048943,0.9742884284387711,0.7120860741938911,snare,tangled_rope,False
google_ai_search_overview,analytical,0.79456,0.5057467077214449,0.4857040224134624,0.9947209786824648,0.2423100956482468,0.476172565846671,snare,tangled_rope,False
google_universal_commerce_protocol,powerless,0.2704,3.3858157746073565,0.5363739441399336,1.3801324313075964,0.457592270838638,0.41187951026580627,tangled_rope,tangled_rope,True
google_universal_commerce_protocol,moderate,0.575376,0.06549584849585587,0.06543443697510727,0.36183850490468594,0.03264259249875578,0.17993235849752287,tangled_rope,snare,False
google_universal_commerce_protocol,institutional,-0.03817,8.932570385132124,3.2596830788761433,1.619741891230577,0.6208162007093596,0.4119315700882379,tangled_rope,tangled_rope,True
google_universal_commerce_protocol,analytical,0.712364,0.01706667657735723,0.017250553945078476,0.1852443020412707,0.008572731539250065,0.09214395490124244,tangled_rope,snare,False
governance_latency_gap,powerless,0.3016,4.821614917498624,1.238153709000647,1.9624070567520575,0.8879547671244042,0.7105210921064471,snare,tangled_rope,False
governance_latency_gap,moderate,0.641765,0.003003360105594962,0.0029257288070210657,0.07699541093476309,0.0014818902901840177,0.03422911003115919,snare,snare,True
governance_latency_gap,institutional,0.762431,0.1930624847256817,0.20369433290811187,0.6295635722525849,0.0982720749426678,0.30719338313690525,snare,tangled_rope,False
governance_latency_gap,analytical,0.79456,0.5063139502447708,0.48595937709987586,0.9950070261856035,0.24244658902940353,0.4761186330564913,snare,tangled_rope,False
governance_overfitting,powerless,0.56518,0.013184112975504331,0.015731087844693792,0.16954733490714335,0.007182271819755204,0.04581365514530722,tangled_rope,tangled_rope,True
governance_overfitting,moderate,0.575376,0.01803857597719921,0.022064754901663895,0.19949603153590145,0.009941419729664665,0.05513098132500582,tangled_rope,tangled_rope,True
governance_overfitting,institutional,-0.021971,1.4584996488465645,4.36602774128999,1.2568622241303318,0.38209836881490294,0.30524212126023814,tangled_rope,tangled_rope,True
governance_overfitting,analytical,0.712364,0.004624689554955088,0.005430235692879504,0.09979832734491781,0.00248940993357665,0.02456766145354128,tangled_rope,tangled_rope,True
gpt5_codex_dev_cycle,powerless,0.2704,3.3858157746073565,0.5363739441399336,1.3801324313075964,0.457592270838638,0.41187951026580627,tangled_rope,tangled_rope,True
gpt5_codex_dev_cycle,moderate,0.575376,0.06549584849585587,0.06543443697510727,0.36183850490468594,0.03264259249875578,0.17993235849752287,tangled_rope,snare,False
gpt5_codex_dev_cycle,institutional,-0.03817,8.932570385132124,3.2596830788761433,1.619741891230577,0.6208162007093596,0.4119315700882379,tangled_rope,tangled_rope,True
gpt5_codex_dev_cycle,analytical,0.712364,0.01706667657735723,0.017250553945078476,0.1852443020412707,0.008572731539250065,0.09214395490124244,tangled_rope,snare,False
gpt_store_marketplace,powerless,0.217754,4.750202857668487,0.5612832562542335,1.3945564117143925,0.4668144399776535,0.41192966711583845,tangled_rope,tangled_rope,True
gpt_store_marketplace,moderate,0.575376,0.06549584849585587,0.06543443697510727,0.36183850490468594,0.03264259249875578,0.17993235849752287,tangled_rope,snare,False
gpt_store_marketplace,institutional,-0.021971,8.917153171749309,2.9346873871875525,1.5944788151479694,0.6026312402619541,0.4119315700882379,tangled_rope,tangled_rope,True
gpt_store_marketplace,analytical,0.712364,0.01706667657735723,0.017250553945078476,0.1852443020412707,0.008572731539250065,0.09214395490124244,tangled_rope,snare,False
gradient_descent_optimization,powerless,0.13626,5.139366353940738e-05,6.539683225785495e-05,0.010748291686770797,2.8881374034645172e-05,0.00016086697357020618,mountain,mountain,True
gradient_descent_optimization,moderate,0.119997,8.263682932206564e-13,8.26448214545808e-13,1.2856516009642697e-06,4.132109457341962e-13,1.5788007567962836e-08,mountain,mountain,True
gradient_descent_optimization,institutional,-0.014325,0.0662911847317683,0.33270318985074987,0.49164636691848085,0.060125344113724916,0.06499731744151283,mountain,mountain,True
gradient_descent_optimization,analytical,0.165603,0.001996357835740478,0.004876775669411518,0.07691093824328682,0.0014786408712008595,0.002421243611359314,mountain,mountain,True
graph_coloring_complexity,powerless,0.347803,0.000860625098709385,0.0006288069828645258,0.03823772201795293,0.00036551971201637893,0.0015646032023876044,tangled_rope,tangled_rope,True
graph_coloring_complexity,moderate,0.354077,0.0012312472042421078,0.0008370788954434224,0.044846806530630404,0.0005027879462765463,0.0017610261401236338,tangled_rope,tangled_rope,True
graph_coloring_complexity,institutional,-0.013521,1.426252891509614,4.022693067032495,2.02773433944387,0.942836179832422,0.7621829112560555,tangled_rope,rope,False
graph_coloring_complexity,analytical,0.438378,0.00879603153772606,0.002443834224996771,0.09029529968694146,0.002037964084176454,0.002517916754273555,tangled_rope,tangled_rope,True
gravitational_lensing_cosmic_dawn,powerless,0.13626,5.139366353940738e-05,6.539683225785495e-05,0.010748291686770797,2.8881374034645172e-05,0.00016086697357020618,mountain,mountain,True
gravitational_lensing_cosmic_dawn,moderate,0.119997,8.263682932206564e-13,8.26448214545808e-13,1.2856516009642697e-06,4.132109457341962e-13,1.5788007567962836e-08,mountain,mountain,True
gravitational_lensing_cosmic_dawn,institutional,-0.014325,0.0662911847317683,0.33270318985074987,0.49164636691848085,0.060125344113724916,0.06499731744151283,mountain,mountain,True
gravitational_lensing_cosmic_dawn,analytical,0.165603,0.001996357835740478,0.004876775669411518,0.07691093824328682,0.0014786408712008595,0.002421243611359314,mountain,mountain,True
great_mongolian_road_economic_dependency,powerless,0.2704,3.3858157746073565,0.5363739441399336,1.3801324313075964,0.457592270838638,0.41187951026580627,tangled_rope,tangled_rope,True
great_mongolian_road_economic_dependency,moderate,0.575376,0.06549584849585587,0.06543443697510727,0.36183850490468594,0.03264259249875578,0.17993235849752287,tangled_rope,snare,False
great_mongolian_road_economic_dependency,institutional,-0.021971,8.917153171749309,2.9346873871875525,1.5944788151479694,0.6026312402619541,0.4119315700882379,tangled_rope,tangled_rope,True
great_mongolian_road_economic_dependency,analytical,0.712364,0.01706667657735723,0.017250553945078476,0.1852443020412707,0.008572731539250065,0.09214395490124244,tangled_rope,snare,False
greenland_defence_pact_2026,powerless,0.2704,3.3858157746073565,0.5363739441399336,1.3801324313075964,0.457592270838638,0.41187951026580627,tangled_rope,tangled_rope,True
greenland_defence_pact_2026,moderate,0.575376,0.06549584849585587,0.06543443697510727,0.36183850490468594,0.03264259249875578,0.17993235849752287,tangled_rope,snare,False
greenland_defence_pact_2026,institutional,-0.021971,8.917153171749309,2.9346873871875525,1.5944788151479694,0.6026312402619541,0.4119315700882379,tangled_rope,tangled_rope,True
greenland_defence_pact_2026,analytical,0.712364,0.01706667657735723,0.017250553945078476,0.1852443020412707,0.008572731539250065,0.09214395490124244,tangled_rope,snare,False
greenland_seizure_trade_war,powerless,0.3016,4.840183596247774,1.2516456582345588,1.9701454316164622,0.8943949581333984,0.7141715385262175,snare,tangled_rope,False
greenland_seizure_trade_war,moderate,0.641765,0.0029771567702120486,0.0028985918057397586,0.076648282449474,0.001468560043030566,0.033947752304477774,snare,snare,True
greenland_seizure_trade_war,institutional,-0.042575,15.912302822873967,4.197474383924301,2.1274361882625694,1.028749579200634,0.7146675096951286,snare,tangled_rope,False
greenland_seizure_trade_war,analytical,0.79456,0.5048420368421559,0.48629706169272396,0.9946898837296858,0.2422952602260406,0.4764033166529932,snare,tangled_rope,False
greshams_law,powerless,0.413016,0.0019289540414333492,0.001349392932323773,0.056441158881892134,0.0007963482508259107,0.0027506851073947347,tangled_rope,tangled_rope,True
greshams_law,moderate,0.420467,0.0027325489556674215,0.0017785933906463442,0.06573682282642003,0.0010802352124766143,0.0030328138420716577,tangled_rope,tangled_rope,True
greshams_law,institutional,0.110727,1.9349760110781475,4.3583545152318415,2.2475926603466814,1.1354755270675163,0.8561613659705276,tangled_rope,rope,False
greshams_law,analytical,0.520574,0.019079351174468528,0.010395704591463223,0.1421013257052936,0.005046073358308799,0.0027605636995689147,tangled_rope,tangled_rope,True
grete_samsa_transition,powerless,0.56518,0.04813465326035974,0.04596686712277533,0.3066965471886733,0.02346964680295859,0.14904521404621462,snare,snare,True
grete_samsa_transition,moderate,0.575376,0.06348006725277446,0.05988103394563815,0.3511116162010102,0.030740767810964208,0.16953066743642153,snare,snare,True
grete_samsa_transition,institutional,-0.03817,11.64678956899239,2.25439013527155,1.7356195870358857,0.7070019250467621,0.5335938463626007,snare,tangled_rope,False
grete_samsa_transition,analytical,0.712364,0.017056466893997025,0.016762145301791088,0.1838704620701756,0.008446135234966205,0.0905022512180036,snare,snare,True
grievance_stack_overflow,powerless,0.56518,0.04919035145043871,0.04953095700591208,0.3141958878384284,0.0246290481588786,0.15636312922820655,tangled_rope,snare,False
grievance_stack_overflow,moderate,0.575376,0.06538439346912008,0.06552662293043253,0.3618117132149166,0.03263777194209157,0.17990812418981894,tangled_rope,snare,False
grievance_stack_overflow,institutional,-0.007558,8.735733775116655,2.121842359200971,1.5170377457480766,0.5482888088840115,0.40559296255546007,tangled_rope,tangled_rope,True
grievance_stack_overflow,analytical,0.712364,0.01725725719518201,0.01765111362085282,0.18672647034805928,0.008710363792537154,0.09211458990606802,tangled_rope,tangled_rope,True
gs1_gln_identification,powerless,0.413016,0.00024687396988329384,0.00019971891017565873,0.020792139333224373,0.00010807729110724911,0.00025878619110675455,tangled_rope,tangled_rope,True
gs1_gln_identification,moderate,0.420467,0.00035685822646719796,0.0002872322907215556,0.024774197915079708,0.0001534382586018369,0.00028464957971429983,tangled_rope,tangled_rope,True
gs1_gln_identification,institutional,0.170935,0.17685686130021117,0.8504236804285293,0.7955243799371986,0.15613973738479295,0.16364393126319277,tangled_rope,tangled_rope,True
gs1_gln_identification,analytical,0.520574,0.0037305502977220692,0.00682841764550661,0.0874768617342446,0.0019127453740334674,0.0020472642041711457,tangled_rope,tangled_rope,True
gs1_standardized_identification,powerless,0.413016,0.00027469552135220033,0.00018248081892302483,0.021031770395148624,0.00011058282242662561,0.0003515466163420114,tangled_rope,tangled_rope,True
gs1_standardized_identification,moderate,0.420467,0.0003872958951588495,0.00023527126324457211,0.024339836080170374,0.00014810507714026,0.0003866845744825108,tangled_rope,tangled_rope,True
gs1_standardized_identification,institutional,-0.016056,1.8514509912954986,5.990535576483301,2.2844669463704337,1.1688718889349006,0.8432901404457913,tangled_rope,rope,False
gs1_standardized_identification,analytical,0.520574,0.0025372077883033055,0.0008106603497364396,0.04576538186662344,0.0005235946968035518,0.0004863269330183039,tangled_rope,tangled_rope,True
guano_wealth_extraction,powerless,0.218897,8.677896447308939,1.8886646033913665,2.0957980587517966,1.001215241783113,0.7415064664233829,snare,tangled_rope,False
guano_wealth_extraction,moderate,0.752415,0.1195102339332484,0.1304722613719515,0.49959654695254835,0.06207538012659946,0.23925795077638956,snare,snare,True
guano_wealth_extraction,institutional,-0.028731,17.195346748075718,14.531105617639538,2.87371216657843,1.7329197569903143,0.8281253598861434,snare,scaffold,False
guano_wealth_extraction,analytical,0.931553,4.073496270757421,1.3370618742045204,1.9875890129401568,0.908972775761904,0.7396060544651217,snare,tangled_rope,False
guinea_junta_legitimization_2024,powerless,0.3744,1.4620916351094768,0.5486138968730621,1.2844575835228749,0.39847451500603565,0.44022405339873594,tangled_rope,tangled_rope,True
guinea_junta_legitimization_2024,moderate,0.796674,0.28604683748198645,0.225238611220895,0.7108869313571974,0.12501549554483496,0.3116652285820809,tangled_rope,tangled_rope,True
guinea_junta_legitimization_2024,institutional,-0.066921,9.654292485074858,1.2713050932784908,1.50866832605348,0.5425446555072341,0.4482324633780276,tangled_rope,tangled_rope,True
guinea_junta_legitimization_2024,analytical,0.98635,3.8886115576125957,0.9147926251455339,1.5322568569881736,0.5587991603326179,0.4481916479220487,tangled_rope,tangled_rope,True
guinea_worm_eradication,powerless,0.133723,0.00014541877462862125,0.00014221854263437358,0.01695907127534226,7.190209380040806e-05,0.003847689571630619,rope,rope,True
guinea_worm_eradication,moderate,0.121034,1.007336909094453e-06,1.0055010601196053e-06,0.0014187447639872957,5.032091549874521e-07,0.00032680442884913674,rope,rope,True
guinea_worm_eradication,institutional,-0.00507,0.07702367793986226,0.10941762241235226,0.4267850202563787,0.04536382875093621,0.13527960366680256,rope,rope,True
guinea_worm_eradication,analytical,0.164392,0.0008821898950639763,0.0008338993963888427,0.0414121761579568,0.00042872676543843864,0.009168224918374879,rope,rope,True
guthrie_kidnapping_2026,powerless,0.3536,0.32494419127632274,1.2984098444426928,1.0463584063922415,0.2675297724972311,0.28456166745419165,snare,snare,True
guthrie_kidnapping_2026,moderate,0.752415,0.007373998774485981,0.01371852403991084,0.1399716746907788,0.004896018540752139,0.011216779026894996,snare,snare,True
guthrie_kidnapping_2026,institutional,-0.054575,22.9617820196086,22.004931870015984,3.1202048728385074,1.9786126268949582,0.9976295547594384,snare,rope,False
guthrie_kidnapping_2026,analytical,0.931553,4.957294927509779,6.372129738408176,2.893215690617133,1.752260988711217,0.9907776444618188,snare,piton,False
hagia_sophia_status,powerless,0.3016,4.818572040970408,1.2360790260159584,1.9611543720992015,0.8869137949758577,0.7099249994615654,snare,tangled_rope,False
hagia_sophia_status,moderate,0.641765,0.0030082530426557086,0.002930886757112825,0.07706060118227441,0.0014844004069120408,0.03427501976408032,snare,snare,True
hagia_sophia_status,institutional,-0.024506,15.783880651874977,2.8169383652863833,2.064492892326638,0.9742166569132853,0.7104108442121635,snare,tangled_rope,False
hagia_sophia_status,analytical,0.79456,0.5067116357290635,0.4863173604608155,0.9952842166856991,0.24257889041111488,0.47610819831345036,snare,tangled_rope,False
halting_problem_undecidability,powerless,0.09084,2.1668639546117004e-07,2.1155951426566046e-07,0.0006543694347448465,1.0704983857616881e-07,5.989453569332781e-06,mountain,mountain,True
halting_problem_undecidability,moderate,0.079998,2.987443788425516e-14,2.97240305557284e-14,2.4575624618635555e-07,1.4900914427480652e-14,2.2761613704957995e-09,mountain,mountain,True
halting_problem_undecidability,institutional,-0.00955,0.033291896961379144,0.16564578355890783,0.3485491398581495,0.030294833866207255,0.03324401513594033,mountain,mountain,True
halting_problem_undecidability,analytical,0.110402,1.1272015257364696e-06,1.18765234239376e-06,0.0015210748533730912,5.784171495853366e-07,1.4752550535313474e-05,mountain,mountain,True
hamiltonian_path_complexity,powerless,0.13626,5.139366353940738e-05,6.539683225785495e-05,0.010748291686770797,2.8881374034645172e-05,0.00016086697357020618,mountain,mountain,True
hamiltonian_path_complexity,moderate,0.119997,8.263682932206564e-13,8.26448214545808e-13,1.2856516009642697e-06,4.132109457341962e-13,1.5788007567962836e-08,mountain,mountain,True
hamiltonian_path_complexity,institutional,-0.014325,0.0662911847317683,0.33270318985074987,0.49164636691848085,0.060125344113724916,0.06499731744151283,mountain,mountain,True
hamiltonian_path_complexity,analytical,0.165603,0.001996357835740478,0.004876775669411518,0.07691093824328682,0.0014786408712008595,0.002421243611359314,mountain,mountain,True
hammurabi,powerless,0.284756,5.370209237399864,1.1941059152966271,1.9487065713040392,0.8765935543046952,0.6969025589051666,snare,tangled_rope,False
hammurabi,moderate,0.752415,0.12706877051342572,0.13386669735880447,0.5106622610099739,0.064840567020654,0.24973343120973757,snare,tangled_rope,False
hammurabi,institutional,-0.028731,15.460947177511347,2.493537395953507,2.0250253249013315,0.9405375158156689,0.6970897421389902,snare,tangled_rope,False
hammurabi,analytical,0.931553,3.9071772106840346,1.18303897947639,1.8980115610950425,0.8350169692806629,0.6955619860095947,snare,tangled_rope,False
hanlons_razor,powerless,0.56518,0.048157450370155966,0.04600177374690672,0.30679131917383096,0.023484125249879598,0.14913680357981973,snare,snare,True
hanlons_razor,moderate,0.575376,0.06351272883250016,0.059931277530915913,0.3512308183273512,0.030761590607230452,0.16964472578469247,snare,snare,True
hanlons_razor,institutional,-0.03817,11.62903054970816,2.2214380776146516,1.732218009744741,0.7044086827492977,0.5328730347864006,snare,tangled_rope,False
hanlons_razor,analytical,0.712364,0.017085007840238246,0.0168096079350084,0.1840678606887738,0.008464267269173069,0.09055607602911286,snare,snare,True
happiness_of_others,powerless,0.630393,0.003266858411184426,0.0031621311746535116,0.08017274453767735,0.0016067020712831823,0.0341302795044445,snare,snare,True
happiness_of_others,moderate,0.641765,0.0027795086248152026,0.002699257273506846,0.0740117558243304,0.0013692787278319772,0.0315347926085045,snare,snare,True
happiness_of_others,institutional,-0.024506,16.582768837452882,2.2873492339158474,2.1129153253526285,1.0160816288706276,0.7442586955430194,snare,tangled_rope,False
happiness_of_others,analytical,0.79456,0.49757591461688216,0.5063765126938977,1.0001550515914757,0.24490921718642417,0.4785054762466611,snare,tangled_rope,False
harlequin_historical_line_discontinuation,powerless,0.3016,4.047967563341169,4.650396760827666,2.6765753136962105,1.539161177565714,0.9725002764782283,snare,tangled_rope,False
harlequin_historical_line_discontinuation,moderate,0.641765,0.00016687828754114597,0.00015770594361125422,0.018010700274562603,8.10957830453165e-05,0.0018748645099117,snare,snare,True
harlequin_historical_line_discontinuation,institutional,-0.024506,22.72969809616921,17.71333103233513,3.1050932316820825,1.9635026040924901,0.9880834809640904,snare,rope,False
harlequin_historical_line_discontinuation,analytical,0.79456,0.05541253844130096,0.10302400037075952,0.3838490340451327,0.03672209074577346,0.07615260436787019,snare,snare,True
harm_principle_liberty,powerless,0.56518,0.039248122147013655,0.042803223452571974,0.28624226757858784,0.020448717778502136,0.1299660374304078,tangled_rope,tangled_rope,True
harm_principle_liberty,moderate,0.593637,0.07467531070074945,0.08280114963229722,0.39642718402327887,0.039160163375963314,0.18362919447150894,tangled_rope,tangled_rope,True
harm_principle_liberty,institutional,-0.021971,4.940982209708847,2.932168972672409,1.319686994826527,0.4198236476087689,0.23109070919495725,tangled_rope,tangled_rope,True
harm_principle_liberty,analytical,0.712364,0.013441221722908757,0.014478245308492349,0.16686944975934395,0.006957315882715006,0.07292141722270262,tangled_rope,tangled_rope,True
harry_potter_liberalism,powerless,0.56518,2.688608437138721e-05,3.243055034264842e-05,0.007663058376619136,1.4680597961086924e-05,9.249679417466794e-05,tangled_rope,tangled_rope,True
harry_potter_liberalism,moderate,0.575376,3.711357884245292e-05,4.610500329643635e-05,0.009061610246358738,2.052815994726164e-05,0.0001128483100504285,tangled_rope,tangled_rope,True
harry_potter_liberalism,institutional,-0.007558,1.288050893428881,9.679072513640985,2.0334228081393446,0.9476692897783358,0.7237622706377547,tangled_rope,rope,False
harry_potter_liberalism,analytical,0.712364,4.140961422208813e-05,6.192900622345454e-05,0.009708394316408771,2.3563183781889227e-05,8.714848072288728e-05,tangled_rope,tangled_rope,True
hasbro_licensing_restriction,powerless,0.630393,0.004174626656366428,0.004109631063635843,0.09101578338641095,0.002070610821923396,0.044044689470882914,snare,snare,True
hasbro_licensing_restriction,moderate,0.641765,0.0035393496627010475,0.003489305936890408,0.08383546582709688,0.0017568390653862531,0.040609418751404114,snare,snare,True
hasbro_licensing_restriction,institutional,-0.024506,13.410981536930846,7.262242150688589,2.1160831242644718,1.018840805499585,0.602968774587966,snare,tangled_rope,False
hasbro_licensing_restriction,analytical,0.79456,0.5043215644654061,0.41840979548283974,0.95675334817496,0.2245132562938482,0.4435433043732203,snare,tangled_rope,False
hawthorne_effect,powerless,0.56518,0.013184112975504331,0.015731087844693792,0.16954733490714335,0.007182271819755204,0.04581365514530722,tangled_rope,tangled_rope,True
hawthorne_effect,moderate,0.575376,0.01803857597719921,0.022064754901663895,0.19949603153590145,0.009941419729664665,0.05513098132500582,tangled_rope,tangled_rope,True
hawthorne_effect,institutional,-0.021971,1.4584996488465645,4.36602774128999,1.2568622241303318,0.38209836881490294,0.30524212126023814,tangled_rope,tangled_rope,True
hawthorne_effect,analytical,0.712364,0.004624689554955088,0.005430235692879504,0.09979832734491781,0.00248940993357665,0.02456766145354128,tangled_rope,tangled_rope,True
hd101584_stellar_evolution,powerless,0.09084,2.1668639546117004e-07,2.1155951426566046e-07,0.0006543694347448465,1.0704983857616881e-07,5.989453569332781e-06,mountain,mountain,True
hd101584_stellar_evolution,moderate,0.079998,2.987443788425516e-14,2.97240305557284e-14,2.4575624618635555e-07,1.4900914427480652e-14,2.2761613704957995e-09,mountain,mountain,True
hd101584_stellar_evolution,institutional,-0.00955,0.033291896961379144,0.16564578355890783,0.3485491398581495,0.030294833866207255,0.03324401513594033,mountain,mountain,True
hd101584_stellar_evolution,analytical,0.110402,1.1272015257364696e-06,1.18765234239376e-06,0.0015210748533730912,5.784171495853366e-07,1.4752550535313474e-05,mountain,mountain,True
hedonic_adaptation_baseline,powerless,0.09084,2.1668639546117004e-07,2.1155951426566046e-07,0.0006543694347448465,1.0704983857616881e-07,5.989453569332781e-06,mountain,mountain,True
hedonic_adaptation_baseline,moderate,0.079998,2.987443788425516e-14,2.97240305557284e-14,2.4575624618635555e-07,1.4900914427480652e-14,2.2761613704957995e-09,mountain,mountain,True
hedonic_adaptation_baseline,institutional,-0.00955,0.033291896961379144,0.16564578355890783,0.3485491398581495,0.030294833866207255,0.03324401513594033,mountain,mountain,True
hedonic_adaptation_baseline,analytical,0.110402,1.1272015257364696e-06,1.18765234239376e-06,0.0015210748533730912,5.784171495853366e-07,1.4752550535313474e-05,mountain,mountain,True
hegemonic_entropy_2026,powerless,0.3016,4.821614917498624,1.238153709000647,1.9624070567520575,0.8879547671244042,0.7105210921064471,snare,tangled_rope,False
hegemonic_entropy_2026,moderate,0.641765,0.003003360105594962,0.0029257288070210657,0.07699541093476309,0.0014818902901840177,0.03422911003115919,snare,snare,True
hegemonic_entropy_2026,institutional,-0.024506,15.798747323224893,2.852488945578066,2.06702828083487,0.9763939932997519,0.7110083398770009,snare,tangled_rope,False
hegemonic_entropy_2026,analytical,0.79456,0.5063139502447708,0.48595937709987586,0.9950070261856035,0.24244658902940353,0.4761186330564913,snare,tangled_rope,False
heglig_oil_field_control,powerless,0.3536,2.9513102620176177,1.152608345212729,1.8205156031093073,0.7729156123914109,0.69105930326277,snare,tangled_rope,False
heglig_oil_field_control,moderate,0.752415,0.12706877051342572,0.13386669735880447,0.5106622610099739,0.064840567020654,0.24973343120973757,snare,tangled_rope,False
heglig_oil_field_control,institutional,-0.049915,15.466958562967028,2.821558502180892,2.0373329512956144,0.9509964152691576,0.6970897421389902,snare,tangled_rope,False
heglig_oil_field_control,analytical,0.931553,3.9071772106840346,1.18303897947639,1.8980115610950425,0.8350169692806629,0.6955619860095947,snare,tangled_rope,False
heine_borel_theorem,powerless,0.06813,1.3256330598083043e-05,1.2148907867367283e-05,0.005036764466886589,6.342245721590512e-06,9.698749574060805e-05,mountain,mountain,True
heine_borel_theorem,moderate,0.059999,2.8947383080056746e-13,2.896633781198766e-13,7.615645133960673e-07,1.4478977565489902e-13,1.5611990478170412e-08,mountain,mountain,True
heine_borel_theorem,institutional,-0.007163,0.07084328542073617,0.2952355208072155,0.4977061781827055,0.06160893061545125,0.0703988698459247,mountain,mountain,True
heine_borel_theorem,analytical,0.082801,5.0609296823161586e-05,4.2373585621042215e-05,0.009614262197210875,2.3108464898675217e-05,0.00017412787212800485,mountain,mountain,True
heisenberg_uncertainty,powerless,0.13626,5.139366353940738e-05,6.539683225785495e-05,0.010748291686770797,2.8881374034645172e-05,0.00016086697357020618,mountain,mountain,True
heisenberg_uncertainty,moderate,0.119997,8.263682932206564e-13,8.26448214545808e-13,1.2856516009642697e-06,4.132109457341962e-13,1.5788007567962836e-08,mountain,mountain,True
heisenberg_uncertainty,institutional,-0.014325,0.0662911847317683,0.33270318985074987,0.49164636691848085,0.060125344113724916,0.06499731744151283,mountain,mountain,True
heisenberg_uncertainty,analytical,0.165603,0.001996357835740478,0.004876775669411518,0.07691093824328682,0.0014786408712008595,0.002421243611359314,mountain,mountain,True
help_to_buy_uk,powerless,0.2704,4.324202331962244,0.7691888612636759,1.6236611998204629,0.6236572032630401,0.5353951030540645,snare,tangled_rope,False
help_to_buy_uk,moderate,0.575376,0.06339268009866621,0.05974778742451977,0.3507942093666626,0.030685355783810823,0.16922725532061644,snare,snare,True
help_to_buy_uk,institutional,0.403807,0.9718717831396617,0.5713220691263551,1.2059926657933944,0.3527198886198313,0.48874084690226693,snare,tangled_rope,False
help_to_buy_uk,analytical,0.712364,0.017005391919101696,0.016678907905253407,0.1835188988246162,0.008413890466430837,0.09037338552231161,snare,snare,True
helsinki_bus_theory,powerless,0.56518,0.0025115454524328876,0.002046063539758408,0.06724454756041306,0.0011303508036892831,0.007219007523063925,snare,snare,True
helsinki_bus_theory,moderate,0.575376,0.0032438008961460114,0.0025612516745125774,0.07579306335669525,0.0014359752449317404,0.007978038487906347,snare,snare,True
helsinki_bus_theory,institutional,-0.007558,22.618556720099644,15.19482269541006,3.0491002699653778,1.9075405819184605,0.9844481683843495,snare,rope,False
helsinki_bus_theory,analytical,0.712364,0.0009507705172645308,0.000848027267373238,0.042343651233657464,0.0004482294564783777,0.0047810837559239885,snare,snare,True
hershey_salt_strategy,powerless,0.2704,5.223898513223506,4.321941767604305,2.75919398003884,1.6199269746822413,0.9798743758778627,snare,tangled_rope,False
hershey_salt_strategy,moderate,0.524479,4.484608421372122e-05,4.3736189404893844e-05,0.009411261409627357,2.2142919470812235e-05,0.0011429916054610523,snare,snare,True
hershey_salt_strategy,institutional,-0.021971,22.62051671736378,15.423265177412821,3.0547244907252944,1.9131591476387977,0.9844481683843495,snare,rope,False
hershey_salt_strategy,analytical,0.712364,0.0009507705172645308,0.000848027267373238,0.042343651233657464,0.0004482294564783777,0.0047810837559239885,snare,snare,True
heuristic_optimization,powerless,0.413016,0.0005500970302218153,0.00036145465905594945,0.029696455941948818,0.00022046582332737246,0.0007141619106563191,tangled_rope,tangled_rope,True
heuristic_optimization,moderate,0.420467,0.0007746416704380825,0.0004627833641344699,0.0343117835293829,0.0002943174033972091,0.0007855900910687108,tangled_rope,tangled_rope,True
heuristic_optimization,institutional,-0.016056,2.454806432348565,6.037935963412526,2.4868959667996546,1.3569333746250984,0.9139997335635146,tangled_rope,rope,False
heuristic_optimization,analytical,0.520574,0.004927079472612257,0.0009754724621920659,0.059798643049223665,0.0008939028311719687,0.0009873860092444176,tangled_rope,tangled_rope,True
hhs_fetal_tissue_research_ban_2019,powerless,-0.03406,16.583946509253398,2.3657196362886697,2.115499158265049,1.0183319814702085,0.7442586955430194,snare,tangled_rope,False
hhs_fetal_tissue_research_ban_2019,moderate,0.641765,0.0027795086248152026,0.002699257273506846,0.0740117558243304,0.0013692787278319772,0.0315347926085045,snare,snare,True
hhs_fetal_tissue_research_ban_2019,institutional,-0.024506,16.582768837452882,2.2873492339158474,2.1129153253526285,1.0160816288706276,0.7442586955430194,snare,tangled_rope,False
hhs_fetal_tissue_research_ban_2019,analytical,0.79456,0.49757591461688216,0.5063765126938977,1.0001550515914757,0.24490921718642417,0.4785054762466611,snare,tangled_rope,False
hicbc_uk,powerless,0.56518,0.048024406458875235,0.04580037545931812,0.3062416601343029,0.023400214855338983,0.1486064738848858,snare,snare,True
hicbc_uk,moderate,0.575376,0.0633225480170992,0.059641905504717846,0.35054080267817533,0.030641152336224255,0.16898528603020946,snare,snare,True
hicbc_uk,institutional,-0.021971,11.731799533250701,2.4418421234097525,1.7551035056824962,0.7219276158594726,0.5369598310433067,snare,tangled_rope,False
hicbc_uk,analytical,0.712364,0.016980626735139698,0.016640228227472877,0.1833504375969734,0.008398461304847392,0.09027955079230571,snare,snare,True
hidden_interdependency_risk,powerless,0.630393,0.003507817822777522,0.0034066792144526277,0.08314675174276764,0.001728096664146979,0.03676153853631203,snare,snare,True
hidden_interdependency_risk,moderate,0.641765,0.002977203137337716,0.0028985806844169897,0.07664846036647771,0.0014685668598862474,0.03394765237288655,snare,snare,True
hidden_interdependency_risk,institutional,0.3036,4.765132234355239,1.2598917203089905,1.9683432646277221,0.8928936392848623,0.7141184430163969,snare,tangled_rope,False
hidden_interdependency_risk,analytical,0.79456,0.5048255287292887,0.48625669802611227,0.9946673623585643,0.24228451553052907,0.47639937889053735,snare,tangled_rope,False
hilberts_hotel,powerless,0.09084,2.1668639546117004e-07,2.1155951426566046e-07,0.0006543694347448465,1.0704983857616881e-07,5.989453569332781e-06,mountain,mountain,True
hilberts_hotel,moderate,0.079998,2.987443788425516e-14,2.97240305557284e-14,2.4575624618635555e-07,1.4900914427480652e-14,2.2761613704957995e-09,mountain,mountain,True
hilberts_hotel,institutional,-0.00955,0.033291896961379144,0.16564578355890783,0.3485491398581495,0.030294833866207255,0.03324401513594033,mountain,mountain,True
hilberts_hotel,analytical,0.110402,1.1272015257364696e-06,1.18765234239376e-06,0.0015210748533730912,5.784171495853366e-07,1.4752550535313474e-05,mountain,mountain,True
hilberts_hotel_infinity,powerless,0.09084,2.1668639546117004e-07,2.1155951426566046e-07,0.0006543694347448465,1.0704983857616881e-07,5.989453569332781e-06,mountain,mountain,True
hilberts_hotel_infinity,moderate,0.079998,2.987443788425516e-14,2.97240305557284e-14,2.4575624618635555e-07,1.4900914427480652e-14,2.2761613704957995e-09,mountain,mountain,True
hilberts_hotel_infinity,institutional,-0.00955,0.033291896961379144,0.16564578355890783,0.3485491398581495,0.030294833866207255,0.03324401513594033,mountain,mountain,True
hilberts_hotel_infinity,analytical,0.110402,1.1272015257364696e-06,1.18765234239376e-06,0.0015210748533730912,5.784171495853366e-07,1.4752550535313474e-05,mountain,mountain,True
hiv_prep_prevention_2026,powerless,0.291591,3.6891622096280057,0.7691621419863678,1.6111150821070623,0.6145815307219256,0.5366727627420999,snare,tangled_rope,False
hiv_prep_prevention_2026,moderate,0.575376,0.0633225480170992,0.059641905504717846,0.35054080267817533,0.030641152336224255,0.16898528603020946,snare,snare,True
hiv_prep_prevention_2026,institutional,-0.021971,11.731799533250701,2.4418421234097525,1.7551035056824962,0.7219276158594726,0.5369598310433067,snare,tangled_rope,False
hiv_prep_prevention_2026,analytical,0.712364,0.016980626735139698,0.016640228227472877,0.1833504375969734,0.008398461304847392,0.09027955079230571,snare,snare,True
hk_nsl_civic_party_disbandment,powerless,0.3744,0.22267217180218588,0.061987481084506,0.45607606112411,0.05177638865202934,0.06354836925675067,tangled_rope,tangled_rope,True
hk_nsl_civic_party_disbandment,moderate,0.796674,0.05307298978879428,0.03496908093782315,0.28999002084279146,0.020986746367173688,0.04879744592731537,tangled_rope,tangled_rope,True
hk_nsl_civic_party_disbandment,institutional,0.612123,0.01771890117906942,0.020326372710740018,0.19420311516733502,0.00942130642823929,0.05225484941664906,tangled_rope,tangled_rope,True
hk_nsl_civic_party_disbandment,analytical,0.98635,0.8756867779377224,1.1592210528236515,1.1446962553806252,0.31873693924938395,0.29672908622688865,tangled_rope,tangled_rope,True
hoa_covenants,powerless,0.56518,0.048157450370155966,0.04600177374690672,0.30679131917383096,0.023484125249879598,0.14913680357981973,snare,snare,True
hoa_covenants,moderate,0.575376,0.06351272883250016,0.059931277530915913,0.3512308183273512,0.030761590607230452,0.16964472578469247,snare,snare,True
hoa_covenants,institutional,0.057264,11.596556735475515,1.2563102557512007,1.6713451330678564,0.6586420806605072,0.5328730347864006,snare,tangled_rope,False
hoa_covenants,analytical,0.712364,0.017085007840238246,0.0168096079350084,0.1840678606887738,0.008464267269173069,0.09055607602911286,snare,snare,True
hollow_state_syndrome,powerless,0.630393,0.0038740754280338456,0.003801221212783075,0.08759642333764292,0.0019179767140783718,0.03854513722703057,snare,snare,True
hollow_state_syndrome,moderate,0.641765,0.0035577003979983214,0.0035574487600938077,0.08431948749833368,0.0017771807329979785,0.03580342558860322,snare,snare,True
hollow_state_syndrome,institutional,-0.053908,15.406236137835727,3.981775128008769,2.0826528907747424,0.9898482397549259,0.6933155897103948,snare,tangled_rope,False
hollow_state_syndrome,analytical,0.79456,0.6108764772382873,0.7135767184175168,1.1218233090581224,0.30645899861074766,0.4962731304709742,snare,tangled_rope,False
hollywood_four_quadrant_model,powerless,0.2704,3.3858157746073565,0.5363739441399336,1.3801324313075964,0.457592270838638,0.41187951026580627,tangled_rope,tangled_rope,True
hollywood_four_quadrant_model,moderate,0.575376,0.06549584849585587,0.06543443697510727,0.36183850490468594,0.03264259249875578,0.17993235849752287,tangled_rope,snare,False
hollywood_four_quadrant_model,institutional,0.151521,6.740520158908309,0.6971312256327474,1.4104668206765616,0.4770794535567594,0.4119315547665373,tangled_rope,tangled_rope,True
hollywood_four_quadrant_model,analytical,0.712364,0.01706667657735723,0.017250553945078476,0.1852443020412707,0.008572731539250065,0.09214395490124244,tangled_rope,snare,False
hominin_evolutionary_bottleneck,powerless,0.413016,0.006227131542441967,0.009315196278282575,0.12277604745252985,0.0037673061462688614,0.01241468165799926,tangled_rope,tangled_rope,True
hominin_evolutionary_bottleneck,moderate,0.420467,0.010048756423520265,0.01626786169047944,0.1587123186139443,0.006294095943006779,0.017435029477616944,tangled_rope,tangled_rope,True
hominin_evolutionary_bottleneck,institutional,-0.016056,0.2824799338154746,1.4797580625279596,0.8787067822353661,0.18994621939498924,0.17983077981739276,tangled_rope,tangled_rope,True
hominin_evolutionary_bottleneck,analytical,0.520574,0.2394351900631587,0.6918400274535285,0.86473234739541,0.18404636536050972,0.22782980424589216,tangled_rope,tangled_rope,True
horizon_liability_contract,powerless,0.84777,0.08380415608420365,0.05046674319130111,0.3538890775324267,0.031227765286891612,0.057519688879923786,tangled_rope,tangled_rope,True
horizon_liability_contract,moderate,0.863064,0.12242790051215867,0.0675330005033164,0.41275764590462743,0.042441258272116804,0.06137296977339212,tangled_rope,tangled_rope,True
horizon_liability_contract,institutional,1.059713,1.873545451129946,2.7855913214374377,1.8035768869804143,0.7595839220271561,0.66012417316271,tangled_rope,piton,False
horizon_liability_contract,analytical,1.068546,2.068871991274976,3.064573407842298,1.9017170084668324,0.8380308909270298,0.7080114490378953,tangled_rope,piton,False
hu_2026_electoral_parity,powerless,0.323046,2.8041091903169777,0.7591070151881184,1.5675518853512012,0.5834941329089736,0.5354663009681648,snare,tangled_rope,False
hu_2026_electoral_parity,moderate,0.575376,0.0633225480170992,0.059641905504717846,0.35054080267817533,0.030641152336224255,0.16898528603020946,snare,snare,True
hu_2026_electoral_parity,institutional,-0.021971,11.731799533250701,2.4418421234097525,1.7551035056824962,0.7219276158594726,0.5369598310433067,snare,tangled_rope,False
hu_2026_electoral_parity,analytical,0.712364,0.016980626735139698,0.016640228227472877,0.1833504375969734,0.008398461304847392,0.09027955079230571,snare,snare,True
huang_expectation_resilience_2026,powerless,0.64044,0.003101066867013134,0.003019445230884422,0.07822829812539692,0.0015297216130979103,0.03476732879950939,snare,snare,True
huang_expectation_resilience_2026,moderate,0.641765,0.003003360105594962,0.0029257288070210657,0.07699541093476309,0.0014818902901840177,0.03422911003115919,snare,snare,True
huang_expectation_resilience_2026,institutional,-0.024506,15.798747323224893,2.852488945578066,2.06702828083487,0.9763939932997519,0.7110083398770009,snare,tangled_rope,False
huang_expectation_resilience_2026,analytical,0.79456,0.5063139502447708,0.48595937709987586,0.9950070261856035,0.24244658902940353,0.4761186330564913,snare,tangled_rope,False
hub_short_form_tv_market_fragmentation,powerless,0.2704,1.9736469337816618,0.27812518434455913,1.006423387901198,0.24792345936629445,0.23575837884635992,tangled_rope,tangled_rope,True
hub_short_form_tv_market_fragmentation,moderate,0.575376,0.05344612834633374,0.05860479283953025,0.3344697667158296,0.027902385163486157,0.15398720249067133,tangled_rope,tangled_rope,True
hub_short_form_tv_market_fragmentation,institutional,-0.021971,5.095617500834488,3.694664417132221,1.4126769616825097,0.4785130221390058,0.23827464250113864,tangled_rope,tangled_rope,True
hub_short_form_tv_market_fragmentation,analytical,0.712364,0.01329387978523118,0.014074066390610545,0.16537819586682015,0.006833591869267858,0.07346591067595187,tangled_rope,tangled_rope,True
humanities_phd_funding_model,powerless,0.3016,4.982822181021924,1.3589717123510423,2.0332402835683094,0.947514078500335,0.7436822707388695,snare,tangled_rope,False
humanities_phd_funding_model,moderate,0.641765,0.0027795086248152026,0.002699257273506846,0.0740117558243304,0.0013692787278319772,0.0315347926085045,snare,snare,True
humanities_phd_funding_model,institutional,0.038896,16.575706045204274,1.8150949630542528,2.097216490676752,1.0024443881459,0.7442586955430194,snare,tangled_rope,False
humanities_phd_funding_model,analytical,0.79456,0.49757591461688216,0.5063765126938977,1.0001550515914757,0.24490921718642417,0.4785054762466611,snare,tangled_rope,False
hydra_game,powerless,0.09084,2.1668639546117004e-07,2.1155951426566046e-07,0.0006543694347448465,1.0704983857616881e-07,5.989453569332781e-06,mountain,mountain,True
hydra_game,moderate,0.079998,2.987443788425516e-14,2.97240305557284e-14,2.4575624618635555e-07,1.4900914427480652e-14,2.2761613704957995e-09,mountain,mountain,True
hydra_game,institutional,-0.00955,0.033291896961379144,0.16564578355890783,0.3485491398581495,0.030294833866207255,0.03324401513594033,mountain,mountain,True
hydra_game,analytical,0.110402,1.1272015257364696e-06,1.18765234239376e-06,0.0015210748533730912,5.784171495853366e-07,1.4752550535313474e-05,mountain,mountain,True
hypercompression_of_time_horizons,powerless,0.277964,5.955846513108924,1.3637313890134777,2.0563334029923217,0.9672206722095564,0.7441027742384458,snare,tangled_rope,False
hypercompression_of_time_horizons,moderate,0.641765,0.0027795086248152026,0.002699257273506846,0.0740117558243304,0.0013692787278319772,0.0315347926085045,snare,snare,True
hypercompression_of_time_horizons,institutional,-0.024506,16.582768837452882,2.2873492339158474,2.1129153253526285,1.0160816288706276,0.7442586955430194,snare,tangled_rope,False
hypercompression_of_time_horizons,analytical,0.79456,0.49757591461688216,0.5063765126938977,1.0001550515914757,0.24490921718642417,0.4785054762466611,snare,tangled_rope,False
hypernormie_equilibrium,powerless,0.3016,4.821614917498624,1.238153709000647,1.9624070567520575,0.8879547671244042,0.7105210921064471,snare,tangled_rope,False
hypernormie_equilibrium,moderate,0.641765,0.003003360105594962,0.0029257288070210657,0.07699541093476309,0.0014818902901840177,0.03422911003115919,snare,snare,True
hypernormie_equilibrium,institutional,-0.053908,15.80580171830561,3.2510756205928044,2.081438459641754,0.9888002809667007,0.7110083398770009,snare,tangled_rope,False
hypernormie_equilibrium,analytical,0.79456,0.5063139502447708,0.48595937709987586,0.9950070261856035,0.24244658902940353,0.4761186330564913,snare,tangled_rope,False
ibm_shield_2026,powerless,0.496034,0.16777999860612003,0.18402041072074277,0.592595340459874,0.08715189524737214,0.2845840685943246,snare,tangled_rope,False
ibm_shield_2026,moderate,0.641765,0.002732544204121921,0.00265030944018811,0.07336148542521893,0.0013453260337102943,0.0310978961522419,snare,snare,True
ibm_shield_2026,institutional,-0.024506,16.708543017564892,2.6620769674021103,2.1366668633833084,1.036829047696114,0.7492498581801349,snare,tangled_rope,False
ibm_shield_2026,analytical,0.79456,0.4925935215861143,0.5010130411111252,0.9960123258798215,0.24292657340156484,0.4775158214688383,snare,tangled_rope,False
ibm_shield_contract_2026,powerless,0.437752,0.8726974129407193,0.7333258861015808,1.260975050777397,0.3845196214599575,0.5792898041008887,snare,tangled_rope,False
ibm_shield_contract_2026,moderate,0.641765,0.0029771567702120486,0.0028985918057397586,0.076648282449474,0.001468560043030566,0.033947752304477774,snare,snare,True
ibm_shield_contract_2026,institutional,-0.024506,15.904159778073591,3.7829411824951764,2.111437881048177,1.0147956074609485,0.7146675096951286,snare,tangled_rope,False
ibm_shield_contract_2026,analytical,0.79456,0.5048420368421559,0.48629706169272396,0.9946898837296858,0.2422952602260406,0.4764033166529932,snare,tangled_rope,False
ice_memory_archive,powerless,0.2704,4.335141529822254,0.7729338599365184,1.6266316510842835,0.6258139259408996,0.5368736284060396,snare,tangled_rope,False
ice_memory_archive,moderate,0.575376,0.0633225480170992,0.059641905504717846,0.35054080267817533,0.030641152336224255,0.16898528603020946,snare,snare,True
ice_memory_archive,institutional,0.151521,8.69910198706419,0.8783098960362598,1.6530850654364744,0.6451538103910954,0.536959805484218,snare,tangled_rope,False
ice_memory_archive,analytical,0.712364,0.016980626735139698,0.016640228227472877,0.1833504375969734,0.008398461304847392,0.09027955079230571,snare,snare,True
ice_raids_minnesota_2026,powerless,0.3536,2.530764424824382,0.8117288032491725,1.5866019083308178,0.5970067166674489,0.5629098329606174,snare,tangled_rope,False
ice_raids_minnesota_2026,moderate,0.752415,0.13445260892664737,0.12890045771697559,0.5130460066201169,0.06544399404280919,0.25166267800023356,snare,tangled_rope,False
ice_raids_minnesota_2026,institutional,-0.028731,12.366843779006663,1.345621551812819,1.7291570372954506,0.7020783089526472,0.5662499892895767,snare,tangled_rope,False
ice_raids_minnesota_2026,analytical,0.931553,3.3263651710186863,0.8884718831222995,1.6584476293088781,0.6491033435280408,0.5653986641864647,snare,tangled_rope,False
ice_safe_departure,powerless,0.630393,0.0035282907663374474,0.0034277269993503797,0.08339617635873796,0.0017384786404195038,0.03697750570036967,snare,snare,True
ice_safe_departure,moderate,0.641765,0.0029951242767688206,0.002917120931527464,0.0768860024722329,0.0014776823460877864,0.034146365662762024,snare,snare,True
ice_safe_departure,institutional,-0.033992,15.828746284693326,3.0931652269395955,2.0781163602302026,0.9859354759043588,0.7120860741938911,snare,tangled_rope,False
ice_safe_departure,analytical,0.79456,0.5057467077214449,0.4857040224134624,0.9947209786824648,0.2423100956482468,0.476172565846671,snare,tangled_rope,False
identity_stack_incompatibility,powerless,0.56518,0.04813465326035974,0.04596686712277533,0.3066965471886733,0.02346964680295859,0.14904521404621462,snare,snare,True
identity_stack_incompatibility,moderate,0.575376,0.06348006725277446,0.05988103394563815,0.3511116162010102,0.030740767810964208,0.16953066743642153,snare,snare,True
identity_stack_incompatibility,institutional,0.272193,4.254435112456444,0.7645594904850851,1.6189083718831458,0.6202126873020765,0.5334994094556023,snare,tangled_rope,False
identity_stack_incompatibility,analytical,0.712364,0.017056466893997025,0.016762145301791088,0.1838704620701756,0.008446135234966205,0.0905022512180036,snare,snare,True
idf_knock_on_roof_policy,powerless,0.3016,3.4377249814655593,4.815581486771528,2.6328800227778166,1.4967550270692704,0.9633907265990702,snare,tangled_rope,False
idf_knock_on_roof_policy,moderate,0.641765,9.951411544150017e-05,9.642825140087435e-05,0.013990746919213181,4.893505028503907e-05,0.0009886357620380662,snare,snare,True
idf_knock_on_roof_policy,institutional,0.4504,0.045498845981077084,0.09397989065528217,0.35536544376172335,0.03148817555970786,0.05844032120262199,snare,snare,True
idf_knock_on_roof_policy,analytical,0.79456,0.04087764729932568,0.09906675175552138,0.34326712393123476,0.029385835693129997,0.05259563330274075,snare,snare,True
incentive_surface_warping,powerless,0.56518,0.013184112975504331,0.015731087844693792,0.16954733490714335,0.007182271819755204,0.04581365514530722,tangled_rope,tangled_rope,True
incentive_surface_warping,moderate,0.575376,0.01803857597719921,0.022064754901663895,0.19949603153590145,0.009941419729664665,0.05513098132500582,tangled_rope,tangled_rope,True
incentive_surface_warping,institutional,-0.021971,1.4584996488465645,4.36602774128999,1.2568622241303318,0.38209836881490294,0.30524212126023814,tangled_rope,tangled_rope,True
incentive_surface_warping,analytical,0.712364,0.004624689554955088,0.005430235692879504,0.09979832734491781,0.00248940993357665,0.02456766145354128,tangled_rope,tangled_rope,True
incumbent_steel_production,powerless,0.3016,3.630908262590531,5.27217151485283,2.6607482095254764,1.5237745489583825,0.9680191658675228,snare,tangled_rope,False
incumbent_steel_production,moderate,0.641765,0.0001022402201024324,9.652236585776323e-05,0.014093549820567089,4.96568311515654e-05,0.0011468706415078689,snare,snare,True
incumbent_steel_production,institutional,-0.042575,22.85147996656668,15.870827295444874,3.126182453349288,1.9845899522392954,0.9927403402246225,snare,scaffold,False
incumbent_steel_production,analytical,0.79456,0.034515839349685745,0.0654575516275211,0.3042200289200822,0.023092879067189806,0.04805524099307616,snare,snare,True
independent_criticism_patronage,powerless,0.413016,0.00027469552135220033,0.00018248081892302483,0.021031770395148624,0.00011058282242662561,0.0003515466163420114,tangled_rope,tangled_rope,True
independent_criticism_patronage,moderate,0.266357,0.019398255201946057,0.060503904616471,0.25007906206622754,0.015614524133876803,0.021026983483875883,tangled_rope,tangled_rope,True
independent_criticism_patronage,institutional,-0.016056,1.8514509912954986,5.990535576483301,2.2844669463704337,1.1688718889349006,0.8432901404457913,tangled_rope,rope,False
independent_criticism_patronage,analytical,0.520574,0.0025372077883033055,0.0008106603497364396,0.04576538186662344,0.0005235946968035518,0.0004863269330183039,tangled_rope,tangled_rope,True
indexical_relativity_core,powerless,0.09084,6.375556736255286e-07,6.223850747153002e-07,0.0011224086400029845,3.1495028029419133e-07,1.757509230537746e-05,mountain,mountain,True
indexical_relativity_core,moderate,0.079998,8.75681089261366e-14,8.749904955599671e-14,4.182955279236503e-07,4.37501865035164e-14,6.6758296668467665e-09,mountain,mountain,True
indexical_relativity_core,institutional,-0.00955,0.09470399355221815,0.4544643166182809,0.5843390180088306,0.08475751008678456,0.09172098174546384,mountain,mountain,True
indexical_relativity_core,analytical,0.110402,3.301727918846741e-06,3.4786633811143442e-06,0.0026032523835323785,1.6942305039230182e-06,4.320105945343283e-05,mountain,mountain,True
india_france_horizon_2047,powerless,0.2704,3.3858157746073565,0.5363739441399336,1.3801324313075964,0.457592270838638,0.41187951026580627,tangled_rope,tangled_rope,True
india_france_horizon_2047,moderate,0.575376,0.06549584849585587,0.06543443697510727,0.36183850490468594,0.03264259249875578,0.17993235849752287,tangled_rope,snare,False
india_france_horizon_2047,institutional,-0.021971,8.917153171749309,2.9346873871875525,1.5944788151479694,0.6026312402619541,0.4119315700882379,tangled_rope,tangled_rope,True
india_france_horizon_2047,analytical,0.712364,0.01706667657735723,0.017250553945078476,0.1852443020412707,0.008572731539250065,0.09214395490124244,tangled_rope,snare,False
india_nuclear_liability_act_2010,powerless,0.56518,0.04798811316650819,0.04574624842140607,0.3060928928599107,0.02337752986485048,0.14846320725542184,snare,snare,True
india_nuclear_liability_act_2010,moderate,0.575376,0.06327082377314605,0.05956432685483997,0.35035453438694336,0.03060868045534294,0.1688075455422492,snare,snare,True
india_nuclear_liability_act_2010,institutional,0.403807,0.9749079805649622,0.57490732888291,1.2089433057447265,0.3543950267466223,0.4908349653032103,snare,tangled_rope,False
india_nuclear_liability_act_2010,analytical,0.712364,0.01696721517310262,0.016620125271566685,0.18326026441241416,0.008390208257118361,0.09021311903069967,snare,snare,True
india_semi_mission,powerless,0.2704,1.9348835068493624,0.26951905487571437,0.9949705833319576,0.24242919758247908,0.23106837340120553,tangled_rope,tangled_rope,True
india_semi_mission,moderate,0.575376,0.05284260600174255,0.05809575612772771,0.3327897565641414,0.027623432436769624,0.15246713097383635,tangled_rope,tangled_rope,True
india_semi_mission,institutional,0.338,1.1074132055143076,0.257838156686132,0.9464880609363044,0.21981115489135117,0.23028868472210856,tangled_rope,tangled_rope,True
india_semi_mission,analytical,0.712364,0.013441221722908757,0.014478245308492349,0.16686944975934395,0.006957315882715006,0.07292141722270262,tangled_rope,tangled_rope,True
indian_ai_licensing_regime,powerless,0.373408,1.2692176554151071,0.4829761538354112,1.203981487322221,0.35158015639889934,0.4029542353547669,tangled_rope,tangled_rope,True
indian_ai_licensing_regime,moderate,0.575376,0.06549584849585587,0.06543443697510727,0.36183850490468594,0.03264259249875578,0.17993235849752287,tangled_rope,snare,False
indian_ai_licensing_regime,institutional,-0.021971,8.917153171749309,2.9346873871875525,1.5944788151479694,0.6026312402619541,0.4119315700882379,tangled_rope,tangled_rope,True
indian_ai_licensing_regime,analytical,0.712364,0.01706667657735723,0.017250553945078476,0.1852443020412707,0.008572731539250065,0.09214395490124244,tangled_rope,snare,False
indian_import_tariffs_eu,powerless,0.529707,0.037159352667182406,0.0400674026676616,0.2777476110389611,0.019254958174837716,0.1283015427525689,snare,snare,True
indian_import_tariffs_eu,moderate,0.641765,0.0027262405246977067,0.002643925701706213,0.07327495099104547,0.0013421544689308262,0.031026597704868375,snare,snare,True
indian_import_tariffs_eu,institutional,-0.024506,16.73378032829129,2.998609523543775,2.1508988004257286,1.0493261855706326,0.7500615049608297,snare,tangled_rope,False
indian_import_tariffs_eu,analytical,0.79456,0.49216885489280704,0.501169851883289,0.9958923247959546,0.24286925506703141,0.477456682793549,snare,tangled_rope,False
individual_revolution_autonomy,powerless,0.630393,0.003542212618047154,0.0034420931800269645,0.08356563507798648,0.0017455498703557908,0.03711654291193961,snare,snare,True
individual_revolution_autonomy,moderate,0.641765,0.0030082530426557086,0.002930886757112825,0.07706060118227441,0.0014844004069120408,0.03427501976408032,snare,snare,True
individual_revolution_autonomy,institutional,-0.024506,15.783880651874977,2.8169383652863833,2.064492892326638,0.9742166569132853,0.7104108442121635,snare,tangled_rope,False
individual_revolution_autonomy,analytical,0.79456,0.5067116357290635,0.4863173604608155,0.9952842166856991,0.24257889041111488,0.47610819831345036,snare,tangled_rope,False
individual_vs_systemic_causation,powerless,0.3016,4.167992944286866,0.902508192611333,1.7274467178503408,0.7007775353654666,0.5944105222557482,snare,tangled_rope,False
individual_vs_systemic_causation,moderate,0.641765,0.0035797186581868895,0.00353478709962996,0.08434527930222369,0.001778267952900822,0.04095955141189883,snare,snare,True
individual_vs_systemic_causation,institutional,-0.024506,13.075271364121567,3.153883280488355,1.870712630366625,0.8129366043672497,0.5947011847636008,snare,tangled_rope,False
individual_vs_systemic_causation,analytical,0.79456,0.5046031232562607,0.4181995133458033,0.9557005607522614,0.22402886352264478,0.4402237041569316,snare,tangled_rope,False
indo_german_defense_pact,powerless,0.56518,0.013324091641640598,0.015892726237088126,0.1704312781043067,0.007257311839154262,0.046279215360412684,tangled_rope,tangled_rope,True
indo_german_defense_pact,moderate,0.575376,0.01822780347732002,0.022287204144933022,0.20052049564928073,0.010043699692947038,0.055682380827989264,tangled_rope,tangled_rope,True
indo_german_defense_pact,institutional,0.233911,0.634198747409723,0.10431958185050455,0.5059241147000194,0.06364930488919913,0.05873921830414342,tangled_rope,tangled_rope,True
indo_german_defense_pact,analytical,0.712364,0.00437697617359169,0.004938186743622329,0.09631760121191066,0.00231882185931602,0.024424417288660183,tangled_rope,tangled_rope,True
indo_russian_submarine_lease_2025,powerless,0.2704,4.335141529822254,0.7729338599365184,1.6266316510842835,0.6258139259408996,0.5368736284060396,snare,tangled_rope,False
indo_russian_submarine_lease_2025,moderate,0.575376,0.0633225480170992,0.059641905504717846,0.35054080267817533,0.030641152336224255,0.16898528603020946,snare,snare,True
indo_russian_submarine_lease_2025,institutional,-0.021971,11.731799533250701,2.4418421234097525,1.7551035056824962,0.7219276158594726,0.5369598310433067,snare,tangled_rope,False
indo_russian_submarine_lease_2025,analytical,0.712364,0.016980626735139698,0.016640228227472877,0.1833504375969734,0.008398461304847392,0.09027955079230571,snare,snare,True
indonesia_penal_code_2023,powerless,0.3224,3.7547607811114143,0.954970323575663,1.752509360386569,0.7199333354989648,0.6168897685574708,snare,tangled_rope,False
indonesia_penal_code_2023,moderate,0.686025,0.008817215448019116,0.008968415570981358,0.13335310854800783,0.004444116066611136,0.06551607525239544,snare,snare,True
indonesia_penal_code_2023,institutional,-0.026196,13.567541713010568,1.4431375301418592,1.8301658740173927,0.7805503188697425,0.6176531609686504,snare,tangled_rope,False
indonesia_penal_code_2023,analytical,0.849357,1.544683644704973,0.8305740459499904,1.4722153688857895,0.5178250010115054,0.5891303132110782,snare,tangled_rope,False
inference_cost_scaling_law,powerless,0.3016,3.7239694473114113,5.8849736611868355,2.681741144511818,1.54418953480693,0.9701807256623386,snare,tangled_rope,False
inference_cost_scaling_law,moderate,0.641765,0.00010340585563490301,9.744584685894656e-05,0.014166107316860363,5.0169439379224844e-05,0.0011544184560342563,snare,snare,True
inference_cost_scaling_law,institutional,-0.024506,22.856223403908245,14.437670289393402,3.129934530037998,1.9883419424679707,0.9926953497398514,snare,scaffold,False
inference_cost_scaling_law,analytical,0.79456,0.034719448851425645,0.06582934760868435,0.30510125270565097,0.023226597618316393,0.04833139305337396,snare,snare,True
information_foraging_theory,powerless,0.413016,0.0005500970302218153,0.00036145465905594945,0.029696455941948818,0.00022046582332737246,0.0007141619106563191,tangled_rope,tangled_rope,True
information_foraging_theory,moderate,0.420467,0.0007746416704380825,0.0004627833641344699,0.0343117835293829,0.0002943174033972091,0.0007855900910687108,tangled_rope,tangled_rope,True
information_foraging_theory,institutional,-0.016056,2.454806432348565,6.037935963412526,2.4868959667996546,1.3569333746250984,0.9139997335635146,tangled_rope,rope,False
information_foraging_theory,analytical,0.520574,0.004927079472612257,0.0009754724621920659,0.059798643049223665,0.0008939028311719687,0.0009873860092444176,tangled_rope,tangled_rope,True
informational_time_2026,powerless,0.413016,0.00014230571628061318,9.530864770918023e-05,0.015161563420580358,5.7467976123043035e-05,0.00018172434245699738,tangled_rope,tangled_rope,True
informational_time_2026,moderate,0.420467,0.0002008410729647921,0.00012357328299890117,0.017568789634337268,7.716509609449252e-05,0.00019988467948955295,tangled_rope,tangled_rope,True
informational_time_2026,institutional,-0.016056,1.3154643493304352,5.486546413052924,2.0223031352570793,0.9382296304030612,0.7320874909896232,tangled_rope,rope,False
informational_time_2026,analytical,0.520574,0.0013504492175923618,0.0005702408542771439,0.035011703505555575,0.0003064470194558462,0.00025137932653808697,tangled_rope,tangled_rope,True
infrastructure_interoperability_decay,powerless,0.373408,1.5796737133698757,0.6908887875363949,1.4010898364451643,0.4710179444195225,0.5221847909138423,snare,tangled_rope,False
infrastructure_interoperability_decay,moderate,0.575376,0.0633225480170992,0.059641905504717846,0.35054080267817533,0.030641152336224255,0.16898528603020946,snare,snare,True
infrastructure_interoperability_decay,institutional,-0.021971,11.731799533250701,2.4418421234097525,1.7551035056824962,0.7219276158594726,0.5369598310433067,snare,tangled_rope,False
infrastructure_interoperability_decay,analytical,0.712364,0.016980626735139698,0.016640228227472877,0.1833504375969734,0.008398461304847392,0.09027955079230571,snare,snare,True
inner_model_theory_constraints,powerless,0.13626,5.139366353940738e-05,6.539683225785495e-05,0.010748291686770797,2.8881374034645172e-05,0.00016086697357020618,mountain,mountain,True
inner_model_theory_constraints,moderate,0.119997,8.263682932206564e-13,8.26448214545808e-13,1.2856516009642697e-06,4.132109457341962e-13,1.5788007567962836e-08,mountain,mountain,True
inner_model_theory_constraints,institutional,-0.014325,0.0662911847317683,0.33270318985074987,0.49164636691848085,0.060125344113724916,0.06499731744151283,mountain,mountain,True
inner_model_theory_constraints,analytical,0.165603,0.001996357835740478,0.004876775669411518,0.07691093824328682,0.0014786408712008595,0.002421243611359314,mountain,mountain,True
inner_models,powerless,0.2704,3.3858157746073565,0.5363739441399336,1.3801324313075964,0.457592270838638,0.41187951026580627,tangled_rope,tangled_rope,True
inner_models,moderate,0.575376,0.06549584849585587,0.06543443697510727,0.36183850490468594,0.03264259249875578,0.17993235849752287,tangled_rope,snare,False
inner_models,institutional,-0.021971,8.917153171749309,2.9346873871875525,1.5944788151479694,0.6026312402619541,0.4119315700882379,tangled_rope,tangled_rope,True
inner_models,analytical,0.712364,0.01706667657735723,0.017250553945078476,0.1852443020412707,0.008572731539250065,0.09214395490124244,tangled_rope,snare,False
innovators_dilemma,powerless,0.56518,0.049294705828367216,0.04950172592293583,0.3143163198508322,0.024647893635722666,0.1564808382053321,tangled_rope,snare,False
innovators_dilemma,moderate,0.575376,0.06549584849585587,0.06543443697510727,0.36183850490468594,0.03264259249875578,0.17993235849752287,tangled_rope,snare,False
innovators_dilemma,institutional,-0.021971,8.917153171749309,2.9346873871875525,1.5944788151479694,0.6026312402619541,0.4119315700882379,tangled_rope,tangled_rope,True
innovators_dilemma,analytical,0.712364,0.01706667657735723,0.017250553945078476,0.1852443020412707,0.008572731539250065,0.09214395490124244,tangled_rope,snare,False
institutional_inertia_lock,powerless,0.2704,3.336078843042163,0.5240877878584701,1.3672233519257,0.4494066887301821,0.4055422377628876,tangled_rope,tangled_rope,True
institutional_inertia_lock,moderate,0.575376,0.06538439346912008,0.06552662293043253,0.3618117132149166,0.03263777194209157,0.17990812418981894,tangled_rope,snare,False
institutional_inertia_lock,institutional,-0.021971,8.745626559766388,2.3436133129898598,1.5344146732798751,0.5602961220420642,0.40559296255546007,tangled_rope,tangled_rope,True
institutional_inertia_lock,analytical,0.712364,0.01725725719518201,0.01765111362085282,0.18672647034805928,0.008710363792537154,0.09211458990606802,tangled_rope,tangled_rope,True
institutional_memory_loss,powerless,0.3016,2.8491725492070867,0.5006441914994916,1.332057229404355,0.4274366943071818,0.3924460284346402,tangled_rope,tangled_rope,True
institutional_memory_loss,moderate,0.641765,0.0036324121149479013,0.0036723571133964934,0.08546565799541717,0.001825816805915213,0.04199195766005592,tangled_rope,tangled_rope,True
institutional_memory_loss,institutional,0.3036,2.807370376865607,0.5003005914707752,1.3307961159502784,0.42665780503508177,0.3924316443134691,tangled_rope,tangled_rope,True
institutional_memory_loss,analytical,0.79456,0.39793024606261923,0.27050526033673183,0.804316790973035,0.15956333919235544,0.3180732937569713,tangled_rope,tangled_rope,True
institutional_mutation_domestication,powerless,0.56518,0.04919035145043871,0.04953095700591208,0.3141958878384284,0.0246290481588786,0.15636312922820655,tangled_rope,snare,False
institutional_mutation_domestication,moderate,0.575376,0.06538439346912008,0.06552662293043253,0.3618117132149166,0.03263777194209157,0.17990812418981894,tangled_rope,snare,False
institutional_mutation_domestication,institutional,-0.021971,8.745626559766388,2.3436133129898598,1.5344146732798751,0.5602961220420642,0.40559296255546007,tangled_rope,tangled_rope,True
institutional_mutation_domestication,analytical,0.712364,0.01725725719518201,0.01765111362085282,0.18672647034805928,0.008710363792537154,0.09211458990606802,tangled_rope,tangled_rope,True
institutional_mutation_without_selection,powerless,0.3016,2.307098587834272,4.998250865183432,2.3755939480385315,1.2525916206633771,0.8995562352501099,snare,piton,False
institutional_mutation_without_selection,moderate,0.641765,0.0005358171898305745,0.0006173638035971889,0.0338942283019482,0.00028719780423461314,0.00265362174702638,snare,snare,True
institutional_mutation_without_selection,institutional,0.233383,6.5732595843190325,8.625377240982514,2.9462414680376523,1.8049592916669503,0.9936097474002177,snare,piton,False
institutional_mutation_without_selection,analytical,0.79456,0.4247456008116486,1.281328439281659,1.1552357046243416,0.32446850134297767,0.3595666747878353,snare,snare,True
institutional_trust_decay,powerless,0.3016,2.307098587834272,4.998250865183432,2.3755939480385315,1.2525916206633771,0.8995562352501099,snare,piton,False
institutional_trust_decay,moderate,0.641765,0.0005358171898305745,0.0006173638035971889,0.0338942283019482,0.00028719780423461314,0.00265362174702638,snare,snare,True
institutional_trust_decay,institutional,0.662133,0.0017498158490708883,0.002229940036415956,0.06273833801272273,0.0009839440747350745,0.005366029499606879,snare,snare,True
institutional_trust_decay,analytical,0.79456,0.4247456008116486,1.281328439281659,1.1552357046243416,0.32446850134297767,0.3595666747878353,snare,snare,True
insult_wisdom_training,powerless,0.2704,4.335141529822254,0.7729338599365184,1.6266316510842835,0.6258139259408996,0.5368736284060396,snare,tangled_rope,False
insult_wisdom_training,moderate,0.575376,0.0633225480170992,0.059641905504717846,0.35054080267817533,0.030641152336224255,0.16898528603020946,snare,snare,True
insult_wisdom_training,institutional,-0.021971,11.731799533250701,2.4418421234097525,1.7551035056824962,0.7219276158594726,0.5369598310433067,snare,tangled_rope,False
insult_wisdom_training,analytical,0.712364,0.016980626735139698,0.016640228227472877,0.1833504375969734,0.008398461304847392,0.09027955079230571,snare,snare,True
integrated_digital_governance_stack,powerless,0.4056,0.08571150663660364,0.0446210801724105,0.34665651392536545,0.02996754636677763,0.0603861907208913,tangled_rope,tangled_rope,True
integrated_digital_governance_stack,moderate,0.863064,0.11507342323739823,0.05209108330615167,0.38529545413033717,0.03699850650841979,0.06356723858670038,tangled_rope,tangled_rope,True
integrated_digital_governance_stack,institutional,-0.072497,2.1141718769434394,10.35216155092577,1.7652590130472112,0.7297554382064975,0.5161150957660527,tangled_rope,scaffold,False
integrated_digital_governance_stack,analytical,1.068546,0.8919614250558413,0.0721611471490713,0.5311273815445872,0.07011057655248616,0.06887185810370337,tangled_rope,tangled_rope,True
interaction_explosion,powerless,0.2704,3.3858157746073565,0.5363739441399336,1.3801324313075964,0.457592270838638,0.41187951026580627,tangled_rope,tangled_rope,True
interaction_explosion,moderate,0.575376,0.06549584849585587,0.06543443697510727,0.36183850490468594,0.03264259249875578,0.17993235849752287,tangled_rope,snare,False
interaction_explosion,institutional,-0.021971,8.917153171749309,2.9346873871875525,1.5944788151479694,0.6026312402619541,0.4119315700882379,tangled_rope,tangled_rope,True
interaction_explosion,analytical,0.712364,0.01706667657735723,0.017250553945078476,0.1852443020412707,0.008572731539250065,0.09214395490124244,tangled_rope,snare,False
interface_contract_breakdown,powerless,0.2704,3.3858157746073565,0.5363739441399336,1.3801324313075964,0.457592270838638,0.41187951026580627,tangled_rope,tangled_rope,True
interface_contract_breakdown,moderate,0.575376,0.06549584849585587,0.06543443697510727,0.36183850490468594,0.03264259249875578,0.17993235849752287,tangled_rope,snare,False
interface_contract_breakdown,institutional,-0.021971,8.917153171749309,2.9346873871875525,1.5944788151479694,0.6026312402619541,0.4119315700882379,tangled_rope,tangled_rope,True
interface_contract_breakdown,analytical,0.712364,0.01706667657735723,0.017250553945078476,0.1852443020412707,0.008572731539250065,0.09214395490124244,tangled_rope,snare,False
intermediate_value_theorem,powerless,0.2704,4.310275319468763,0.764822512676381,1.6199159844169775,0.6209422839040202,0.5335087920350912,snare,tangled_rope,False
intermediate_value_theorem,moderate,0.575376,0.06348006725277446,0.05988103394563815,0.3511116162010102,0.030740767810964208,0.16953066743642153,snare,snare,True
intermediate_value_theorem,institutional,-0.021971,11.640456018756844,2.0672907728620586,1.7240585779302446,0.6982035114067705,0.5335938463626007,snare,tangled_rope,False
intermediate_value_theorem,analytical,0.712364,0.017056466893997025,0.016762145301791088,0.1838704620701756,0.008446135234966205,0.0905022512180036,snare,snare,True
international_seabed_mining_regime,powerless,0.3016,2.8491725492070867,0.5006441914994916,1.332057229404355,0.4274366943071818,0.3924460284346402,tangled_rope,tangled_rope,True
international_seabed_mining_regime,moderate,0.641765,0.0036324121149479013,0.0036723571133964934,0.08546565799541717,0.001825816805915213,0.04199195766005592,tangled_rope,tangled_rope,True
international_seabed_mining_regime,institutional,0.169004,6.204252224341786,0.6593916107396255,1.3679686979684682,0.44987755491304793,0.39257403223244164,tangled_rope,tangled_rope,True
international_seabed_mining_regime,analytical,0.79456,0.39793024606261923,0.27050526033673183,0.804316790973035,0.15956333919235544,0.3180732937569713,tangled_rope,tangled_rope,True
internet_archive_preservation,powerless,0.56518,0.048024406458875235,0.04580037545931812,0.3062416601343029,0.023400214855338983,0.1486064738848858,snare,snare,True
internet_archive_preservation,moderate,0.575376,0.0633225480170992,0.059641905504717846,0.35054080267817533,0.030641152336224255,0.16898528603020946,snare,snare,True
internet_archive_preservation,institutional,-0.021971,11.731799533250701,2.4418421234097525,1.7551035056824962,0.7219276158594726,0.5369598310433067,snare,tangled_rope,False
internet_archive_preservation,analytical,0.712364,0.016980626735139698,0.016640228227472877,0.1833504375969734,0.008398461304847392,0.09027955079230571,snare,snare,True
internet_evolution_lifecycle,powerless,0.56518,0.01329176057483902,0.01585546184635537,0.17022770435771364,0.007239995483231728,0.04617070950065416,tangled_rope,tangled_rope,True
internet_evolution_lifecycle,moderate,0.575376,0.018184012005785784,0.022235842261579604,0.20028413882687973,0.010020056076626118,0.055553649701043484,tangled_rope,tangled_rope,True
internet_evolution_lifecycle,institutional,-0.021971,1.4781943028288813,4.458425756375402,1.2707602200396937,0.3903076687954017,0.31157757333812075,tangled_rope,tangled_rope,True
internet_evolution_lifecycle,analytical,0.560112,0.010925488043492916,0.012848480507611827,0.1538081402874253,0.005911321730284919,0.041195269231119824,tangled_rope,tangled_rope,True
interpretive_frame_fragmentation,powerless,0.2704,4.335141529822254,0.7729338599365184,1.6266316510842835,0.6258139259408996,0.5368736284060396,snare,tangled_rope,False
interpretive_frame_fragmentation,moderate,0.575376,0.0633225480170992,0.059641905504717846,0.35054080267817533,0.030641152336224255,0.16898528603020946,snare,snare,True
interpretive_frame_fragmentation,institutional,-0.021971,11.731799533250701,2.4418421234097525,1.7551035056824962,0.7219276158594726,0.5369598310433067,snare,tangled_rope,False
interpretive_frame_fragmentation,analytical,0.712364,0.016980626735139698,0.016640228227472877,0.1833504375969734,0.008398461304847392,0.09027955079230571,snare,snare,True
intertemporal_responsibility_gap,powerless,0.3536,1.1929202171581863,2.987270099556432,1.8434292274350508,0.7910897653294162,0.7034840295274936,snare,tangled_rope,False
intertemporal_responsibility_gap,moderate,0.752415,0.0055128345326250225,0.007967633605473009,0.11454204344686356,0.0032790735103637786,0.01225553180852934,snare,snare,True
intertemporal_responsibility_gap,institutional,0.528056,0.0014176736028106867,0.001708258722332189,0.05570753557996019,0.0007757822217387164,0.005153300541351701,snare,snare,True
intertemporal_responsibility_gap,analytical,0.931553,2.994057782537622,5.976835970209663,2.57704252030628,1.4429172067033251,0.9460718628131932,snare,piton,False
inverse_spin_valve_signature,powerless,0.413016,0.00017232149032581345,0.00011505326436052189,0.016673819147078092,6.9503658670587e-05,0.0002204579483402168,tangled_rope,tangled_rope,True
inverse_spin_valve_signature,moderate,0.420467,0.00024310991465276163,0.00014886542509182148,0.019311815202394958,9.323582718401114e-05,0.00024249001898937994,tangled_rope,tangled_rope,True
inverse_spin_valve_signature,institutional,-0.016056,1.4625283636810587,5.681343010232403,2.1040144994877386,1.0083421767116925,0.7687685425726396,tangled_rope,rope,False
inverse_spin_valve_signature,analytical,0.520574,0.0016190711074355968,0.00062503666746686,0.03770617365267979,0.0003554283549395332,0.0003049641457113045,tangled_rope,tangled_rope,True
invisible_infrastructure_dependency,powerless,0.144527,12.971680239426806,1.6044591623991233,2.1030748021178574,1.0075262339966997,0.7505339103921762,snare,tangled_rope,False
invisible_infrastructure_dependency,moderate,0.686025,0.0071284635748977265,0.0074219273793967476,0.12060652066428817,0.003635381339415498,0.05387934331671218,snare,snare,True
invisible_infrastructure_dependency,institutional,-0.026196,16.76101425144018,4.179789554008095,2.185590312083445,1.0799893942969443,0.750533925112314,snare,tangled_rope,False
invisible_infrastructure_dependency,analytical,0.849357,1.6689928357179944,1.1264897013840796,1.635042449213601,0.6319370883418646,0.6984239690106571,snare,tangled_rope,False
iran_guardian_council_vetting,powerless,0.3536,2.528071365236856,0.810175777521909,1.5853313878399973,0.5961015344773883,0.5622224992083475,snare,tangled_rope,False
iran_guardian_council_vetting,moderate,0.752415,0.1345314154398837,0.1289556120932136,0.5131662471974145,0.06547450484235898,0.251619136027337,snare,tangled_rope,False
iran_guardian_council_vetting,institutional,-0.009884,12.347272356073896,1.2473402726819043,1.7230549305539864,0.6974417414064239,0.5655099021896209,snare,tangled_rope,False
iran_guardian_council_vetting,analytical,0.931553,3.330585432626373,0.9123730191868792,1.6628917525611076,0.6523838049131037,0.5646680454753176,snare,tangled_rope,False
iran_hijab_law,powerless,0.3536,2.528071365236856,0.810175777521909,1.5853313878399973,0.5961015344773883,0.5622224992083475,snare,tangled_rope,False
iran_hijab_law,moderate,0.752415,0.1345314154398837,0.1289556120932136,0.5131662471974145,0.06547450484235898,0.251619136027337,snare,tangled_rope,False
iran_hijab_law,institutional,0.198142,7.589759547640533,0.8430992154184456,1.7015928352466019,0.6812307926276888,0.5655094597377434,snare,tangled_rope,False
iran_hijab_law,analytical,0.931553,3.330585432626373,0.9123730191868792,1.6628917525611076,0.6523838049131037,0.5646680454753176,snare,tangled_rope,False
iran_mandatrophic_collapse,powerless,0.3536,3.0544696322728937,1.2952913484911326,1.8985091166976544,0.8354214368221249,0.7324785144837838,snare,tangled_rope,False
iran_mandatrophic_collapse,moderate,0.752415,0.12001349763503724,0.13093143700122234,0.5005478620539485,0.062310772523738435,0.2398733035991787,snare,snare,True
iran_mandatrophic_collapse,institutional,-0.028731,16.478850456563947,2.3678566297313455,2.105530210789182,1.0096587357148463,0.7398923011890923,snare,tangled_rope,False
iran_mandatrophic_collapse,analytical,0.931553,4.086713521716562,1.3921520208394855,1.9941038070296797,0.9144386160566674,0.7380395913707563,snare,tangled_rope,False
iran_nin_repression,powerless,0.3536,1.3368661120494831,0.32194182687946826,1.0519324325176382,0.27032148475565704,0.27933772992238814,tangled_rope,tangled_rope,True
iran_nin_repression,moderate,0.912731,1.4701588012453661,0.3289595900977704,1.0674149775864625,0.2781462284550392,0.27970621384195227,tangled_rope,tangled_rope,True
iran_nin_repression,institutional,-0.028731,5.882585483318631,0.8244312463581263,1.1608170972672323,0.32752262863393994,0.2803457118483118,tangled_rope,tangled_rope,True
iran_nin_repression,analytical,0.931553,1.7244649565402277,0.3347086938509663,1.0869402012877363,0.2881611655557338,0.2800872897621664,tangled_rope,tangled_rope,True
iran_nuclear_deal_informal_2023,powerless,0.467997,0.4271601909333768,0.4110659115056856,0.9149022712902629,0.20563770177853818,0.44006520344074224,snare,tangled_rope,False
iran_nuclear_deal_informal_2023,moderate,0.641765,0.003693592227346762,0.003714268522107979,0.0860303232480022,0.0018500188450205205,0.03602019527898648,snare,snare,True
iran_nuclear_deal_informal_2023,institutional,-0.024506,15.351955860185228,3.6141589968017884,2.063375485575264,0.9732575755065948,0.6913950184088269,snare,tangled_rope,False
iran_nuclear_deal_informal_2023,analytical,0.79456,0.6369286849367165,0.7669439427256874,1.151056501570748,0.3221901916182316,0.5012026716033873,snare,tangled_rope,False
iran_war_room_2026,powerless,0.3536,1.1786682631332455,2.9824280422391,1.8357601483668153,0.7849891790181404,0.6991422383360227,snare,tangled_rope,False
iran_war_room_2026,moderate,0.752415,0.004943238378504617,0.006934894294559165,0.10781915112537337,0.002905538551821078,0.01135627115591753,snare,snare,True
iran_war_room_2026,institutional,-0.009884,22.854658758958998,19.201941211377108,3.0765428021776193,1.9349616170375104,0.9937324709739751,snare,rope,False
iran_war_room_2026,analytical,0.931553,2.3158604056631296,4.345314737945211,2.3622828860579195,1.2402616172866046,0.9000651606706318,snare,tangled_rope,False
iron_law_of_oligarchy,powerless,0.56518,0.04919035145043871,0.04953095700591208,0.3141958878384284,0.0246290481588786,0.15636312922820655,tangled_rope,snare,False
iron_law_of_oligarchy,moderate,0.575376,0.06538439346912008,0.06552662293043253,0.3618117132149166,0.03263777194209157,0.17990812418981894,tangled_rope,snare,False
iron_law_of_oligarchy,institutional,-0.021971,8.745626559766388,2.3436133129898598,1.5344146732798751,0.5602961220420642,0.40559296255546007,tangled_rope,tangled_rope,True
iron_law_of_oligarchy,analytical,0.712364,0.01725725719518201,0.01765111362085282,0.18672647034805928,0.008710363792537154,0.09211458990606802,tangled_rope,tangled_rope,True
irreversible_policy_commitment,powerless,0.630393,0.0035282907663374474,0.0034277269993503797,0.08339617635873796,0.0017384786404195038,0.03697750570036967,snare,snare,True
irreversible_policy_commitment,moderate,0.641765,0.0029951242767688206,0.002917120931527464,0.0768860024722329,0.0014776823460877864,0.034146365662762024,snare,snare,True
irreversible_policy_commitment,institutional,-0.042575,15.83097247938206,3.218083576565989,2.082650836266949,0.9898464665612648,0.7120860741938911,snare,tangled_rope,False
irreversible_policy_commitment,analytical,0.79456,0.5057467077214449,0.4857040224134624,0.9947209786824648,0.2423100956482468,0.476172565846671,snare,tangled_rope,False
isa_education_scaffold,powerless,0.413016,0.00027469552135220033,0.00018248081892302483,0.021031770395148624,0.00011058282242662561,0.0003515466163420114,tangled_rope,tangled_rope,True
isa_education_scaffold,moderate,0.420467,0.0003872958951588495,0.00023527126324457211,0.024339836080170374,0.00014810507714026,0.0003866845744825108,tangled_rope,tangled_rope,True
isa_education_scaffold,institutional,-0.016056,1.8514509912954986,5.990535576483301,2.2844669463704337,1.1688718889349006,0.8432901404457913,tangled_rope,rope,False
isa_education_scaffold,analytical,0.520574,0.0025372077883033055,0.0008106603497364396,0.04576538186662344,0.0005235946968035518,0.0004863269330183039,tangled_rope,tangled_rope,True
israel_egypt_gas_deal,powerless,0.2704,4.335141529822254,0.7729338599365184,1.6266316510842835,0.6258139259408996,0.5368736284060396,snare,tangled_rope,False
israel_egypt_gas_deal,moderate,0.575376,0.0633225480170992,0.059641905504717846,0.35054080267817533,0.030641152336224255,0.16898528603020946,snare,snare,True
israel_egypt_gas_deal,institutional,0.057264,11.696740882610497,1.419303006979122,1.6901571676636293,0.6726549959970772,0.5369598310433067,snare,tangled_rope,False
israel_egypt_gas_deal,analytical,0.712364,0.016980626735139698,0.016640228227472877,0.1833504375969734,0.008398461304847392,0.09027955079230571,snare,snare,True
israel_electoral_threshold,powerless,0.2704,4.338806887085242,0.8216213765538707,1.631985050764473,0.629708460758625,0.5364290684736087,snare,tangled_rope,False
israel_electoral_threshold,moderate,0.575376,0.06334750749429571,0.059676145244714894,0.35062550321688213,0.030655923708123867,0.1690605120848746,snare,snare,True
israel_electoral_threshold,institutional,-0.021971,12.514472825605285,10.326132945206332,2.587361660068616,1.4528353296100187,0.6175819500699599,snare,scaffold,False
israel_electoral_threshold,analytical,0.712364,0.01699437561819908,0.01664166864155358,0.1833805023026523,0.008401213859303132,0.09030552847278439,snare,snare,True
israel_gaza_ceasefire_violation,powerless,0.158514,9.23934477628337,0.8585851010691071,1.703477456776524,0.6826482472945705,0.5655098783319473,snare,tangled_rope,False
israel_gaza_ceasefire_violation,moderate,0.752415,0.1345314154398837,0.1289556120932136,0.5131662471974145,0.06547450484235898,0.251619136027337,snare,tangled_rope,False
israel_gaza_ceasefire_violation,institutional,-0.028731,12.349277949790709,1.3300877428809033,1.7270129319852052,0.7004477730386437,0.5655099021896209,snare,tangled_rope,False
israel_gaza_ceasefire_violation,analytical,0.931553,3.330585432626373,0.9123730191868792,1.6628917525611076,0.6523838049131037,0.5646680454753176,snare,tangled_rope,False
israel_norwegian_law,powerless,0.413016,0.0005500970302218153,0.00036145465905594945,0.029696455941948818,0.00022046582332737246,0.0007141619106563191,tangled_rope,tangled_rope,True
israel_norwegian_law,moderate,0.420467,0.0007746416704380825,0.0004627833641344699,0.0343117835293829,0.0002943174033972091,0.0007855900910687108,tangled_rope,tangled_rope,True
israel_norwegian_law,institutional,-0.016056,2.454806432348565,6.037935963412526,2.4868959667996546,1.3569333746250984,0.9139997335635146,tangled_rope,rope,False
israel_norwegian_law,analytical,0.520574,0.004927079472612257,0.0009754724621920659,0.059798643049223665,0.0008939028311719687,0.0009873860092444176,tangled_rope,tangled_rope,True
israel_override_clause,powerless,0.609944,0.002604609413922647,0.0025404172854945513,0.0717246496755753,0.0012859685095528285,0.03178889121055095,snare,snare,True
israel_override_clause,moderate,0.641765,0.002973492327279123,0.002894819274797762,0.07659972060741338,0.0014666999968112088,0.03390515770614366,snare,snare,True
israel_override_clause,institutional,-0.024506,16.045335276889123,8.207792752444353,2.3334553646985694,1.2136748430372122,0.7152191615866788,snare,tangled_rope,False
israel_override_clause,analytical,0.79456,0.5046839978244675,0.48652271941454855,0.9947355241378578,0.24231703544033834,0.4764591363901738,snare,tangled_rope,False
israel_surplus_vote_agreements,powerless,0.413016,0.00012472007860929405,0.00011871600310923003,0.015350475700844487,5.890898686911172e-05,0.00010565736448370658,tangled_rope,tangled_rope,True
israel_surplus_vote_agreements,moderate,0.358504,7.148419487686911e-05,8.680201077882743e-05,0.01249744499026291,3.904640576887187e-05,0.0001762197264344008,tangled_rope,tangled_rope,True
israel_surplus_vote_agreements,institutional,-0.016056,0.9539921760808012,4.762682524786758,1.779127328400312,0.740497938262218,0.6150568702017618,tangled_rope,rope,False
israel_surplus_vote_agreements,analytical,0.520574,0.0026217100810304534,0.006553938859853092,0.08242167945520518,0.0016980929633246568,0.0020307687713072196,tangled_rope,tangled_rope,True
israeli_settlement_policy_authority_restriction,powerless,0.739082,0.06608982004149423,0.071827824238891,0.371124883261503,0.03433472804782791,0.1750042947080832,snare,snare,True
israeli_settlement_policy_authority_restriction,moderate,0.752415,0.11919959407622598,0.13030827449121687,0.4991098955054162,0.06195513312380608,0.23878305388723353,snare,snare,True
israeli_settlement_policy_authority_restriction,institutional,-0.028731,16.561263757925385,2.757871175281208,2.1249705911652215,1.026594973880371,0.743086385788836,snare,tangled_rope,False
israeli_settlement_policy_authority_restriction,analytical,0.931553,4.080219511001114,1.347299732371821,1.9915082744777175,0.9122596092994002,0.7411686811329077,snare,tangled_rope,False
iss_ped_ban,powerless,0.413016,0.006227131542441967,0.009315196278282575,0.12277604745252985,0.0037673061462688614,0.01241468165799926,tangled_rope,tangled_rope,True
iss_ped_ban,moderate,0.420467,0.010048756423520265,0.01626786169047944,0.1587123186139443,0.006294095943006779,0.017435029477616944,tangled_rope,tangled_rope,True
iss_ped_ban,institutional,-0.016056,0.2824799338154746,1.4797580625279596,0.8787067822353661,0.18994621939498924,0.17983077981739276,tangled_rope,tangled_rope,True
iss_ped_ban,analytical,0.520574,0.2394351900631587,0.6918400274535285,0.86473234739541,0.18404636536050972,0.22782980424589216,tangled_rope,tangled_rope,True
iterated_function_systems,powerless,0.38041,0.0003303623280848036,0.00022970326746644105,0.02337015430900944,0.00013653947449291366,0.0005034763322434885,tangled_rope,tangled_rope,True
iterated_function_systems,moderate,0.387272,0.00046902002540166385,0.00030039182730967205,0.02721721164424224,0.00018519129436681133,0.0005601386157031182,tangled_rope,tangled_rope,True
iterated_function_systems,institutional,-0.005087,1.2334504977225997,4.510506143093665,1.9509202949492996,0.8784257415609499,0.7099448240426738,tangled_rope,rope,False
iterated_function_systems,analytical,0.479476,0.003184977967705465,0.0008809561608065475,0.052101698716832255,0.0006786083730453632,0.0007473974131911667,tangled_rope,tangled_rope,True
japanese_energy_scaffold_2025,powerless,0.413016,0.00012472007860929405,0.00011871600310923003,0.015350475700844487,5.890898686911172e-05,0.00010565736448370658,tangled_rope,tangled_rope,True
japanese_energy_scaffold_2025,moderate,0.420467,0.00018470495039346323,0.00018307178448030866,0.018724120210774894,8.764752923524274e-05,0.00012219090760593994,tangled_rope,tangled_rope,True
japanese_energy_scaffold_2025,institutional,-0.016056,0.9539921760808012,4.762682524786758,1.779127328400312,0.740497938262218,0.6150568702017618,tangled_rope,rope,False
japanese_energy_scaffold_2025,analytical,0.520574,0.0026217100810304534,0.006553938859853092,0.08242167945520518,0.0016980929633246568,0.0020307687713072196,tangled_rope,tangled_rope,True
jevons_paradox,powerless,0.413016,0.00017232149032581345,0.00011505326436052189,0.016673819147078092,6.9503658670587e-05,0.0002204579483402168,tangled_rope,tangled_rope,True
jevons_paradox,moderate,0.420467,0.00024310991465276163,0.00014886542509182148,0.019311815202394958,9.323582718401114e-05,0.00024249001898937994,tangled_rope,tangled_rope,True
jevons_paradox,institutional,-0.016056,1.4625283636810587,5.681343010232403,2.1040144994877386,1.0083421767116925,0.7687685425726396,tangled_rope,rope,False
jevons_paradox,analytical,0.520574,0.0016190711074355968,0.00062503666746686,0.03770617365267979,0.0003554283549395332,0.0003049641457113045,tangled_rope,tangled_rope,True
job_hunt_volume_system_2026,powerless,0.630393,0.0035371567008971824,0.0034368661452909267,0.08350407883702213,0.0017429795719379724,0.037067040516270744,snare,snare,True
job_hunt_volume_system_2026,moderate,0.641765,0.003003360105594962,0.0029257288070210657,0.07699541093476309,0.0014818902901840177,0.03422911003115919,snare,snare,True
job_hunt_volume_system_2026,institutional,-0.008431,15.79488890304785,2.6318407776082964,2.059043415087605,0.9695423485847356,0.7110083398770009,snare,tangled_rope,False
job_hunt_volume_system_2026,analytical,0.79456,0.5063139502447708,0.48595937709987586,0.9950070261856035,0.24244658902940353,0.4761186330564913,snare,tangled_rope,False
jordan_microfinance,powerless,0.2704,4.310275319468763,0.764822512676381,1.6199159844169775,0.6209422839040202,0.5335087920350912,snare,tangled_rope,False
jordan_microfinance,moderate,0.575376,0.06348006725277446,0.05988103394563815,0.3511116162010102,0.030740767810964208,0.16953066743642153,snare,snare,True
jordan_microfinance,institutional,0.403807,0.9696103264566668,0.568684131737015,1.2038067916929793,0.35148123528046626,0.48719013279793494,snare,tangled_rope,False
jordan_microfinance,analytical,0.712364,0.017056466893997025,0.016762145301791088,0.1838704620701756,0.008446135234966205,0.0905022512180036,snare,snare,True
jp_eez_enforcement,powerless,0.36032,2.8787675539553423,1.3184939596775707,1.8920987465774637,0.8302159143279938,0.7398500411586963,snare,tangled_rope,False
jp_eez_enforcement,moderate,0.641765,0.0027262405246977067,0.002643925701706213,0.07327495099104547,0.0013421544689308262,0.031026597704868375,snare,snare,True
jp_eez_enforcement,institutional,-0.024506,16.73378032829129,2.998609523543775,2.1508988004257286,1.0493261855706326,0.7500615049608297,snare,tangled_rope,False
jp_eez_enforcement,analytical,0.79456,0.49216885489280704,0.501169851883289,0.9958923247959546,0.24286925506703141,0.477456682793549,snare,tangled_rope,False
jp_nativist_politics,powerless,0.3016,3.5851789587375533,4.74470651046737,2.6474871092919625,1.5109054335587797,0.9667845682088982,snare,tangled_rope,False
jp_nativist_politics,moderate,0.641765,0.00010462164116751684,9.910609875873189e-05,0.014268667455334345,5.089850184841402e-05,0.0011610453821765373,snare,snare,True
jp_nativist_politics,institutional,0.641765,0.00010462164116751684,9.910609875873189e-05,0.014268667455334345,5.089850184841402e-05,0.0011610453821765373,snare,snare,True
jp_nativist_politics,analytical,0.79456,0.036160813939570144,0.07093371704792326,0.31280366261380044,0.02441170959423912,0.04983520336810632,snare,snare,True
jupiter_composition_knowledge_gap,powerless,0.413016,0.006392837982760553,0.00955794003213641,0.12438071334130216,0.0038663940699563493,0.012736200162891204,tangled_rope,tangled_rope,True
jupiter_composition_knowledge_gap,moderate,0.420467,0.0103146022652192,0.016687963809590773,0.1607714572542299,0.00645838647432319,0.017884215338097635,tangled_rope,tangled_rope,True
jupiter_composition_knowledge_gap,institutional,-0.016056,0.3505863072497079,1.904446899412611,1.0059089142978612,0.24767541676983856,0.22866900976899157,tangled_rope,tangled_rope,True
jupiter_composition_knowledge_gap,analytical,0.520574,0.2449425125847637,0.7050886143104084,0.8739774121554139,0.1879396237754913,0.23240426850226895,tangled_rope,tangled_rope,True
juvenile_underclass_2026,powerless,0.630393,0.004281751253498298,0.0042304117929129565,0.0922599922147213,0.002127599210617574,0.04522409894990742,snare,snare,True
juvenile_underclass_2026,moderate,0.641765,0.003632985962253575,0.003594509510418772,0.08501327412832702,0.001806542162760634,0.04168384378158535,snare,snare,True
juvenile_underclass_2026,institutional,0.063872,12.54516555348437,1.0121279134138055,1.7282821980524254,0.7014128363702733,0.5742702019837035,snare,tangled_rope,False
juvenile_underclass_2026,analytical,0.79456,0.4975334452113492,0.4010037666081142,0.9425666697562508,0.21802730118874594,0.4302758732748361,snare,tangled_rope,False
kardashev_scale_progress_narrative,powerless,0.56518,0.01329176057483902,0.01585546184635537,0.17022770435771364,0.007239995483231728,0.04617070950065416,tangled_rope,tangled_rope,True
kardashev_scale_progress_narrative,moderate,0.575376,0.018184012005785784,0.022235842261579604,0.20028413882687973,0.010020056076626118,0.055553649701043484,tangled_rope,tangled_rope,True
kardashev_scale_progress_narrative,institutional,0.403807,0.12725990675694324,0.049456154131711595,0.38619934438443654,0.0371717642780638,0.055940383161583986,tangled_rope,tangled_rope,True
kardashev_scale_progress_narrative,analytical,0.712364,0.004407904962710026,0.005003319206444479,0.09677330995857755,0.0023408116209299784,0.024421663784510383,tangled_rope,tangled_rope,True
keltner_relationship_evaluation,powerless,0.413016,0.0005500970302218153,0.00036145465905594945,0.029696455941948818,0.00022046582332737246,0.0007141619106563191,tangled_rope,tangled_rope,True
keltner_relationship_evaluation,moderate,0.323065,0.004454619313041135,0.00853055249173633,0.10952308862543235,0.0029980773969394883,0.006428831444685645,tangled_rope,tangled_rope,True
keltner_relationship_evaluation,institutional,-0.016056,2.454806432348565,6.037935963412526,2.4868959667996546,1.3569333746250984,0.9139997335635146,tangled_rope,rope,False
keltner_relationship_evaluation,analytical,0.520574,0.004927079472612257,0.0009754724621920659,0.059798643049223665,0.0008939028311719687,0.0009873860092444176,tangled_rope,tangled_rope,True
khantivadin_radical_patience,powerless,0.4056,0.06485298471138475,0.026168648704224584,0.27779441859780657,0.01926143818706346,0.03150892503609515,tangled_rope,tangled_rope,True
khantivadin_radical_patience,moderate,0.863064,0.057039946325574034,0.058091093648687434,0.3281276977550831,0.026856623820371052,0.05431180658299635,tangled_rope,tangled_rope,True
khantivadin_radical_patience,institutional,-0.062601,0.7823934795031062,8.421237059217578,1.3848356962601667,0.460590576172196,0.38559429164905423,tangled_rope,tangled_rope,True
khantivadin_radical_patience,analytical,1.068546,2.182256737480498,3.144625749649115,2.1636738207378032,1.0605850150855778,0.860110205875062,tangled_rope,piton,False
kidney_exchange_market,powerless,0.31202,0.0010583238102361422,0.0012219186200361205,0.047607599613807096,0.000566594130816964,0.007114776678856405,rope,rope,True
kidney_exchange_market,moderate,0.282412,4.0382564832349735e-06,4.077228268676766e-06,0.0028487274652073853,2.028811699686996e-06,0.00039944129101932013,rope,rope,True
kidney_exchange_market,institutional,-0.011831,0.03819494848085282,0.05606237063075484,0.30077932198268115,0.022574454677391012,0.06502348276726937,rope,rope,True
kidney_exchange_market,analytical,0.383581,0.030506430917249482,0.05643050797357248,0.2811062401204628,0.019722678707265896,0.05465851276685063,rope,rope,True
kim_jong_un_succession,powerless,0.3536,1.7508860787963105,3.167001037443203,2.0880394360885823,0.9945008900938339,0.8283736243614417,snare,tangled_rope,False
kim_jong_un_succession,moderate,0.752415,0.012187035932165196,0.017642118594297672,0.1703192496935066,0.007247779942618083,0.02659258755543148,snare,snare,True
kim_jong_un_succession,institutional,-0.054575,22.639234550648315,15.763317271106944,3.0000538252872593,1.858579287170016,0.9858010040435723,snare,rope,False
kim_jong_un_succession,analytical,0.931553,3.87766655258194,5.662267616258508,2.6938771241456188,1.556014454775021,0.9674344032068828,snare,piton,False
kirby_paris_theorem,powerless,0.13626,5.139366353940738e-05,6.539683225785495e-05,0.010748291686770797,2.8881374034645172e-05,0.00016086697357020618,mountain,mountain,True
kirby_paris_theorem,moderate,0.119997,8.263682932206564e-13,8.26448214545808e-13,1.2856516009642697e-06,4.132109457341962e-13,1.5788007567962836e-08,mountain,mountain,True
kirby_paris_theorem,institutional,-0.014325,0.0662911847317683,0.33270318985074987,0.49164636691848085,0.060125344113724916,0.06499731744151283,mountain,mountain,True
kirby_paris_theorem,analytical,0.165603,0.001996357835740478,0.004876775669411518,0.07691093824328682,0.0014786408712008595,0.002421243611359314,mountain,mountain,True
kjv_great_awakening,powerless,0.413016,0.00012472007860929405,0.00011871600310923003,0.015350475700844487,5.890898686911172e-05,0.00010565736448370658,tangled_rope,tangled_rope,True
kjv_great_awakening,moderate,0.420467,0.00018470495039346323,0.00018307178448030866,0.018724120210774894,8.764752923524274e-05,0.00012219090760593994,tangled_rope,tangled_rope,True
kjv_great_awakening,institutional,0.19891,0.03936180706370361,0.18092641296041154,0.3747107390449942,0.03499947515339211,0.03905091077799838,tangled_rope,tangled_rope,True
kjv_great_awakening,analytical,0.520574,0.0026217100810304534,0.006553938859853092,0.08242167945520518,0.0016980929633246568,0.0020307687713072196,tangled_rope,tangled_rope,True
kjv_linguistic_residue,powerless,0.413016,0.00010215275155136852,0.00010299155016275577,0.014092448958531418,4.9649073991919876e-05,8.433089420806883e-05,tangled_rope,tangled_rope,True
kjv_linguistic_residue,moderate,0.420467,0.00015273677661460994,0.00016220408708455083,0.01732999239027628,7.508168928544314e-05,0.00011903755594130535,tangled_rope,tangled_rope,True
kjv_linguistic_residue,institutional,-0.016056,0.7737739587553389,4.2333173415745105,1.6282120259715098,0.6269626069444285,0.5389491929362222,tangled_rope,rope,False
kjv_linguistic_residue,analytical,0.520574,0.0023906914726996888,0.006364153440859354,0.08072255492177866,0.0016288115846497552,0.001978387720807267,tangled_rope,tangled_rope,True
kjv_puritan_new_world_exit,powerless,0.249209,5.020874490710244,0.7773690861721705,1.6357472018211727,0.6324512568267827,0.5369357864736941,snare,tangled_rope,False
kjv_puritan_new_world_exit,moderate,0.575376,0.0633225480170992,0.059641905504717846,0.35054080267817533,0.030641152336224255,0.16898528603020946,snare,snare,True
kjv_puritan_new_world_exit,institutional,-0.021971,11.731799533250701,2.4418421234097525,1.7551035056824962,0.7219276158594726,0.5369598310433067,snare,tangled_rope,False
kjv_puritan_new_world_exit,analytical,0.712364,0.016980626735139698,0.016640228227472877,0.1833504375969734,0.008398461304847392,0.09027955079230571,snare,snare,True
kjv_textual_authority,powerless,0.2704,4.310275319468763,0.764822512676381,1.6199159844169775,0.6209422839040202,0.5335087920350912,snare,tangled_rope,False
kjv_textual_authority,moderate,0.575376,0.06348006725277446,0.05988103394563815,0.3511116162010102,0.030740767810964208,0.16953066743642153,snare,snare,True
kjv_textual_authority,institutional,-0.021971,11.640456018756844,2.0672907728620586,1.7240585779302446,0.6982035114067705,0.5335938463626007,snare,tangled_rope,False
kjv_textual_authority,analytical,0.712364,0.017056466893997025,0.016762145301791088,0.1838704620701756,0.008446135234966205,0.0905022512180036,snare,snare,True
kleene_recursion_theorem,powerless,0.09084,1.9290546691733257e-07,1.883254575155887e-07,0.00061740506121111,9.529725171126566e-08,5.323845704952035e-06,mountain,mountain,True
kleene_recursion_theorem,moderate,0.079998,2.657549566516797e-14,2.641862278662041e-14,2.3084779657169695e-07,1.3249552981506308e-14,2.0226711416881926e-09,mountain,mountain,True
kleene_recursion_theorem,institutional,-0.00955,0.02966210126946962,0.14795933413905152,0.32912694636424455,0.027020076184706646,0.02967278138324181,mountain,mountain,True
kleene_recursion_theorem,analytical,0.110402,1.0009371049205054e-06,1.0546059687974708e-06,0.0014333494807579146,5.136226613952897e-07,1.3098173999549553e-05,mountain,mountain,True
knowledge_action_gap,powerless,0.2704,4.304956493882062,0.7632174451903858,1.6184921748090653,0.6199114276529726,0.5327882251028603,snare,tangled_rope,False
knowledge_action_gap,moderate,0.575376,0.06351272883250016,0.059931277530915913,0.3512308183273512,0.030761590607230452,0.16964472578469247,snare,snare,True
knowledge_action_gap,institutional,-0.03817,11.62903054970816,2.2214380776146516,1.732218009744741,0.7044086827492977,0.5328730347864006,snare,tangled_rope,False
knowledge_action_gap,analytical,0.712364,0.017085007840238246,0.0168096079350084,0.1840678606887738,0.008464267269173069,0.09055607602911286,snare,snare,True
kolmogorov_complexity,powerless,0.09084,2.1668639546117004e-07,2.1155951426566046e-07,0.0006543694347448465,1.0704983857616881e-07,5.989453569332781e-06,mountain,mountain,True
kolmogorov_complexity,moderate,0.079998,2.987443788425516e-14,2.97240305557284e-14,2.4575624618635555e-07,1.4900914427480652e-14,2.2761613704957995e-09,mountain,mountain,True
kolmogorov_complexity,institutional,-0.00955,0.033291896961379144,0.16564578355890783,0.3485491398581495,0.030294833866207255,0.03324401513594033,mountain,mountain,True
kolmogorov_complexity,analytical,0.110402,1.1272015257364696e-06,1.18765234239376e-06,0.0015210748533730912,5.784171495853366e-07,1.4752550535313474e-05,mountain,mountain,True
labor_union_dues_structure,powerless,0.2704,3.40224211920733,0.5488021881542496,1.3853503139353618,0.46091915909177705,0.4138439428984625,tangled_rope,tangled_rope,True
labor_union_dues_structure,moderate,0.46676,0.14878625439352214,0.12619978137804447,0.5230193877519794,0.0679984718778086,0.234506386711404,tangled_rope,tangled_rope,True
labor_union_dues_structure,institutional,-0.021971,9.138228026358933,5.74905390119472,1.8545333897475713,0.7999543634836253,0.41389636881418235,tangled_rope,tangled_rope,True
labor_union_dues_structure,analytical,0.712364,0.01707727952481859,0.017247763248433263,0.1852672504366359,0.008574854162282777,0.09220078729593373,tangled_rope,snare,False
lagrange_multipliers,powerless,0.09084,2.1668639546117004e-07,2.1155951426566046e-07,0.0006543694347448465,1.0704983857616881e-07,5.989453569332781e-06,mountain,mountain,True
lagrange_multipliers,moderate,0.079998,2.987443788425516e-14,2.97240305557284e-14,2.4575624618635555e-07,1.4900914427480652e-14,2.2761613704957995e-09,mountain,mountain,True
lagrange_multipliers,institutional,-0.00955,0.033291896961379144,0.16564578355890783,0.3485491398581495,0.030294833866207255,0.03324401513594033,mountain,mountain,True
lagrange_multipliers,analytical,0.110402,1.1272015257364696e-06,1.18765234239376e-06,0.0015210748533730912,5.784171495853366e-07,1.4752550535313474e-05,mountain,mountain,True
landscape_of_fear_2026,powerless,0.413016,0.00024687396988329384,0.00019971891017565873,0.020792139333224373,0.00010807729110724911,0.00025878619110675455,tangled_rope,tangled_rope,True
landscape_of_fear_2026,moderate,0.420467,0.00035685822646719796,0.0002872322907215556,0.024774197915079708,0.0001534382586018369,0.00028464957971429983,tangled_rope,tangled_rope,True
landscape_of_fear_2026,institutional,-0.016056,1.6419246499307638,5.875984404992088,2.1933346092051793,1.0868725608343779,0.8066635826281323,tangled_rope,rope,False
landscape_of_fear_2026,analytical,0.520574,0.0037305502977220692,0.00682841764550661,0.0874768617342446,0.0019127453740334674,0.0020472642041711457,tangled_rope,tangled_rope,True
large_cardinals,powerless,0.13626,5.139366353940738e-05,6.539683225785495e-05,0.010748291686770797,2.8881374034645172e-05,0.00016086697357020618,mountain,mountain,True
large_cardinals,moderate,0.119997,8.263682932206564e-13,8.26448214545808e-13,1.2856516009642697e-06,4.132109457341962e-13,1.5788007567962836e-08,mountain,mountain,True
large_cardinals,institutional,-0.014325,0.0662911847317683,0.33270318985074987,0.49164636691848085,0.060125344113724916,0.06499731744151283,mountain,mountain,True
large_cardinals,analytical,0.165603,0.001996357835740478,0.004876775669411518,0.07691093824328682,0.0014786408712008595,0.002421243611359314,mountain,mountain,True
large_cardinals_foundations,powerless,0.413016,0.00013113177804497853,8.796446942717787e-05,0.014558838239258867,5.298970872499139e-05,0.00016724803942305433,tangled_rope,tangled_rope,True
large_cardinals_foundations,moderate,0.420467,0.00018511290449341574,0.00011417323887570611,0.016874840170848907,7.118963536384641e-05,0.00018396143384751386,tangled_rope,tangled_rope,True
large_cardinals_foundations,institutional,-0.016056,1.254839512577719,5.390989342597878,1.9860372955568921,0.9076726068842932,0.7153182382088159,tangled_rope,rope,False
large_cardinals_foundations,analytical,0.520574,0.0012520407568806873,0.0005509875572989136,0.03400333078152462,0.0002890496633153865,0.0002313528813740235,tangled_rope,tangled_rope,True
latent_goal_activation,powerless,0.3536,0.04468038760103884,0.241893413013066,0.40374787890328145,0.04061487412422138,0.044376159484087796,snare,snare,True
latent_goal_activation,moderate,0.752415,0.0001253027082629754,0.00019366522919689002,0.017511786424439575,7.666517614312072e-05,0.0002610921069806649,snare,snare,True
latent_goal_activation,institutional,-0.054575,23.022469406325893,22.934795226151813,3.1401941147958268,1.998601461320009,0.9998767520090243,snare,rope,False
latent_goal_activation,analytical,0.931553,0.6256115090988444,4.326776803364378,1.4876171791681707,0.5282097536930094,0.4655066599929718,snare,snare,True
latent_regulatory_bomb,powerless,0.3016,3.5772785294396434,4.806841733519034,2.647721587869928,1.5111327961108663,0.9666627873074557,snare,tangled_rope,False
latent_regulatory_bomb,moderate,0.641765,0.00010199942537973394,9.636536889698161e-05,0.014079903963341526,4.956071921413257e-05,0.0011454593125606498,snare,snare,True
latent_regulatory_bomb,institutional,-0.024506,22.833706557415724,18.83959447765028,3.0915374286727166,1.949950000529453,0.9927478753286235,snare,rope,False
latent_regulatory_bomb,analytical,0.79456,0.03452607646988392,0.06556914738120777,0.3043236240154314,0.023108578874800677,0.04805254475673104,snare,snare,True
lavender_ai_targeting,powerless,0.4056,0.014012730550023555,0.005658340328018152,0.12936684779518426,0.00418248674734093,0.0070325779969580005,tangled_rope,tangled_rope,True
lavender_ai_targeting,moderate,0.863064,0.012946647544310009,0.01266089259606573,0.15424064851070074,0.005944597223876575,0.011192005125103238,tangled_rope,tangled_rope,True
lavender_ai_targeting,institutional,0.605711,0.018584314542282702,0.0272177539559229,0.20667896511725853,0.010669548531104973,0.02093114984388003,tangled_rope,tangled_rope,True
lavender_ai_targeting,analytical,1.068546,0.8960610132628533,2.587817436222149,1.6162253886260565,0.6182716890525479,0.5771506014178219,tangled_rope,piton,False
law_of_diminishing_returns,powerless,0.13626,5.139366353940738e-05,6.539683225785495e-05,0.010748291686770797,2.8881374034645172e-05,0.00016086697357020618,mountain,mountain,True
law_of_diminishing_returns,moderate,0.119997,8.263682932206564e-13,8.26448214545808e-13,1.2856516009642697e-06,4.132109457341962e-13,1.5788007567962836e-08,mountain,mountain,True
law_of_diminishing_returns,institutional,-0.014325,0.0662911847317683,0.33270318985074987,0.49164636691848085,0.060125344113724916,0.06499731744151283,mountain,mountain,True
law_of_diminishing_returns,analytical,0.165603,0.001996357835740478,0.004876775669411518,0.07691093824328682,0.0014786408712008595,0.002421243611359314,mountain,mountain,True
layered_brain_processing,powerless,0.413016,0.0005500970302218153,0.00036145465905594945,0.029696455941948818,0.00022046582332737246,0.0007141619106563191,tangled_rope,tangled_rope,True
layered_brain_processing,moderate,0.420467,0.0007746416704380825,0.0004627833641344699,0.0343117835293829,0.0002943174033972091,0.0007855900910687108,tangled_rope,tangled_rope,True
layered_brain_processing,institutional,-0.005523,2.360594483612648,5.960109359341162,2.4573901861341776,1.3290653952393314,0.9055920064111058,tangled_rope,rope,False
layered_brain_processing,analytical,0.520574,0.004927079472612257,0.0009754724621920659,0.059798643049223665,0.0008939028311719687,0.0009873860092444176,tangled_rope,tangled_rope,True
lcdm_hubble_tension,powerless,0.56518,2.8081136460661938e-05,3.380454446068647e-05,0.007829618739000455,1.5325712826383938e-05,0.00010149721215102492,tangled_rope,tangled_rope,True
lcdm_hubble_tension,moderate,0.575376,3.9146005160141426e-05,4.850656128469896e-05,0.00930389322149337,2.1640568243027478e-05,0.00012473660449607848,tangled_rope,tangled_rope,True
lcdm_hubble_tension,institutional,-0.021971,1.297644758638881,9.811072927556491,2.0394303760721733,0.9527827588391906,0.7263954744015624,tangled_rope,rope,False
lcdm_hubble_tension,analytical,0.712364,0.00013690293169165278,0.00024148181189094335,0.01871676564619699,8.757868988739979e-05,0.0002303122333053853,tangled_rope,tangled_rope,True
lcdm_small_scale_anomalies,powerless,0.413016,0.00013113177804497853,8.796446942717787e-05,0.014558838239258867,5.298970872499139e-05,0.00016724803942305433,tangled_rope,tangled_rope,True
lcdm_small_scale_anomalies,moderate,0.420467,0.00018511290449341574,0.00011417323887570611,0.016874840170848907,7.118963536384641e-05,0.00018396143384751386,tangled_rope,tangled_rope,True
lcdm_small_scale_anomalies,institutional,-0.016056,1.254839512577719,5.390989342597878,1.9860372955568921,0.9076726068842932,0.7153182382088159,tangled_rope,rope,False
lcdm_small_scale_anomalies,analytical,0.520574,0.0012520407568806873,0.0005509875572989136,0.03400333078152462,0.0002890496633153865,0.0002313528813740235,tangled_rope,tangled_rope,True
legacy_identity_lock_in,powerless,0.630393,0.0035077704005351,0.003406666420687116,0.08314641864358181,0.0017280828201056656,0.03676163312484307,snare,snare,True
legacy_identity_lock_in,moderate,0.641765,0.0029771567702120486,0.0028985918057397586,0.076648282449474,0.001468560043030566,0.033947752304477774,snare,snare,True
legacy_identity_lock_in,institutional,-0.042575,15.912302822873967,4.197474383924301,2.1274361882625694,1.028749579200634,0.7146675096951286,snare,tangled_rope,False
legacy_identity_lock_in,analytical,0.79456,0.5048420368421559,0.48629706169272396,0.9946898837296858,0.2422952602260406,0.4764033166529932,snare,tangled_rope,False
legacy_system_technical_debt,powerless,0.135203,10.813328413363834,1.1228041894877228,1.773352708775481,0.7360174870236992,0.5947011807455908,snare,tangled_rope,False
legacy_system_technical_debt,moderate,0.641765,0.0035797186581868895,0.00353478709962996,0.08434527930222369,0.001778267952900822,0.04095955141189883,snare,snare,True
legacy_system_technical_debt,institutional,-0.024506,13.075271364121567,3.153883280488355,1.870712630366625,0.8129366043672497,0.5947011847636008,snare,tangled_rope,False
legacy_system_technical_debt,analytical,0.79456,0.5046031232562607,0.4181995133458033,0.9557005607522614,0.22402886352264478,0.4402237041569316,snare,tangled_rope,False
legal_formalism_overhang,powerless,0.413016,0.006052362553308532,0.009053263400420005,0.12103729310828178,0.00366138888766682,0.012087418965380237,tangled_rope,tangled_rope,True
legal_formalism_overhang,moderate,0.420467,0.009767127173573826,0.015812261156431397,0.15646982170297946,0.006117579997472034,0.016977426415608843,tangled_rope,tangled_rope,True
legal_formalism_overhang,institutional,-0.027894,0.3295751352313,1.809848061328949,0.9748334385513225,0.2329086560168388,0.21775559831195582,tangled_rope,tangled_rope,True
legal_formalism_overhang,analytical,0.520574,0.2334223277450717,0.6769022217731641,0.8543481724707376,0.17971968071227074,0.22289112326767446,tangled_rope,tangled_rope,True
legibility_trap,powerless,0.24288,7.526208935601208,1.368677278387112,2.072766575194423,0.9813279846662617,0.7442397906868752,snare,tangled_rope,False
legibility_trap,moderate,0.641765,0.0027795086248152026,0.002699257273506846,0.0740117558243304,0.0013692787278319772,0.0315347926085045,snare,snare,True
legibility_trap,institutional,-0.024506,16.582768837452882,2.2873492339158474,2.1129153253526285,1.0160816288706276,0.7442586955430194,snare,tangled_rope,False
legibility_trap,analytical,0.79456,0.49757591461688216,0.5063765126938977,1.0001550515914757,0.24490921718642417,0.4785054762466611,snare,tangled_rope,False
legitimacy_without_capacity,powerless,0.3016,4.7265100565298255,1.1832077878261726,1.9267868839396847,0.8585263796164718,0.6928645297602752,snare,tangled_rope,False
legitimacy_without_capacity,moderate,0.641765,0.0035577003979983214,0.0035574487600938077,0.08431948749833368,0.0017771807329979785,0.03580342558860322,snare,snare,True
legitimacy_without_capacity,institutional,-0.024506,15.393848156436803,3.4764605130724524,2.0606390801014243,0.9709102453417396,0.6933155897103948,snare,tangled_rope,False
legitimacy_without_capacity,analytical,0.79456,0.6108764772382873,0.7135767184175168,1.1218233090581224,0.30645899861074766,0.4962731304709742,snare,tangled_rope,False
legitimacy_without_effectiveness,powerless,0.3016,4.7265100565298255,1.1832077878261726,1.9267868839396847,0.8585263796164718,0.6928645297602752,snare,tangled_rope,False
legitimacy_without_effectiveness,moderate,0.641765,0.0035577003979983214,0.0035574487600938077,0.08431948749833368,0.0017771807329979785,0.03580342558860322,snare,snare,True
legitimacy_without_effectiveness,institutional,-0.024506,15.393848156436803,3.4764605130724524,2.0606390801014243,0.9709102453417396,0.6933155897103948,snare,tangled_rope,False
legitimacy_without_effectiveness,analytical,0.79456,0.6108764772382873,0.7135767184175168,1.1218233090581224,0.30645899861074766,0.4962731304709742,snare,tangled_rope,False
lehman_repo_105,powerless,0.3536,1.3386841437261767,1.4998891495288276,1.6667023097777804,0.6552018942532711,0.7369719622341668,snare,piton,False
lehman_repo_105,moderate,0.752415,0.31326839616622304,0.4268692847443106,0.852091701647864,0.17878598249099853,0.36692493141570903,snare,snare,True
lehman_repo_105,institutional,0.776294,0.7385003683760301,0.9505911725435554,1.2885943550869663,0.40095578937967796,0.5804261458072522,snare,piton,False
lehman_repo_105,analytical,0.931553,8.005309568573905,2.2342102167411615,2.4564338485798034,1.328164552413908,0.8929358261719141,snare,piton,False
lethal_targeting_of_journalists,powerless,0.4056,0.000811208045763334,0.003158668191688753,0.04687039789051062,0.0005491834142277839,0.00043399351351294937,tangled_rope,tangled_rope,True
lethal_targeting_of_journalists,moderate,0.863064,0.0004993256982827197,0.00021669606316824112,0.025061855182503586,0.00015702209159249248,0.000272324113441913,tangled_rope,tangled_rope,True
lethal_targeting_of_journalists,institutional,-0.032957,3.0371144151828133,14.544156389397914,2.698433317878107,1.5604581120172136,0.9515804769444868,tangled_rope,scaffold,False
lethal_targeting_of_journalists,analytical,1.068546,0.0038114173424526067,0.0003020033445462824,0.034323862184075106,0.00029452464979329177,0.00029334306340385275,tangled_rope,tangled_rope,True
liar_paradox,powerless,0.13626,5.139366353940738e-05,6.539683225785495e-05,0.010748291686770797,2.8881374034645172e-05,0.00016086697357020618,mountain,mountain,True
liar_paradox,moderate,0.119997,8.263682932206564e-13,8.26448214545808e-13,1.2856516009642697e-06,4.132109457341962e-13,1.5788007567962836e-08,mountain,mountain,True
liar_paradox,institutional,-0.014325,0.0662911847317683,0.33270318985074987,0.49164636691848085,0.060125344113724916,0.06499731744151283,mountain,mountain,True
liar_paradox,analytical,0.165603,0.001996357835740478,0.004876775669411518,0.07691093824328682,0.0014786408712008595,0.002421243611359314,mountain,mountain,True
lindy_effect,powerless,0.56518,2.700237996527554e-05,3.257655961633437e-05,0.007680470835148376,1.4747389938512238e-05,9.364930528066306e-05,tangled_rope,tangled_rope,True
lindy_effect,moderate,0.575376,3.73265103540299e-05,4.6376059579642155e-05,0.00908873410671245,2.065123637605294e-05,0.00011437520646451205,tangled_rope,tangled_rope,True
lindy_effect,institutional,-0.03817,1.4629691526571371,10.38522555433645,2.1353439922656086,1.0356698953806454,0.7680779719813107,tangled_rope,rope,False
lindy_effect,analytical,0.712364,5.4200965619370124e-05,8.624960981325193e-05,0.011352814613433702,3.222151339272979e-05,0.00010653720637832098,tangled_rope,tangled_rope,True
linguistic_relativity_cultural_framing,powerless,0.56518,0.01329176057483902,0.01585546184635537,0.17022770435771364,0.007239995483231728,0.04617070950065416,tangled_rope,tangled_rope,True
linguistic_relativity_cultural_framing,moderate,0.575376,0.018184012005785784,0.022235842261579604,0.20028413882687973,0.010020056076626118,0.055553649701043484,tangled_rope,tangled_rope,True
linguistic_relativity_cultural_framing,institutional,-0.021971,1.4781943028288813,4.458425756375402,1.2707602200396937,0.3903076687954017,0.31157757333812075,tangled_rope,tangled_rope,True
linguistic_relativity_cultural_framing,analytical,0.712364,0.004407904962710026,0.005003319206444479,0.09677330995857755,0.0023408116209299784,0.024421663784510383,tangled_rope,tangled_rope,True
liquidity_illusion,powerless,0.2704,3.336078843042163,0.5240877878584701,1.3672233519257,0.4494066887301821,0.4055422377628876,tangled_rope,tangled_rope,True
liquidity_illusion,moderate,0.575376,0.06538439346912008,0.06552662293043253,0.3618117132149166,0.03263777194209157,0.17990812418981894,tangled_rope,snare,False
liquidity_illusion,institutional,-0.021971,8.745626559766388,2.3436133129898598,1.5344146732798751,0.5602961220420642,0.40559296255546007,tangled_rope,tangled_rope,True
liquidity_illusion,analytical,0.712364,0.01725725719518201,0.01765111362085282,0.18672647034805928,0.008710363792537154,0.09211458990606802,tangled_rope,tangled_rope,True
litany_of_the_real,powerless,0.200584,3.7899235248743283e-06,3.147392504656062e-06,0.0025982612600675193,1.6877401562858494e-06,0.0007225383223674609,rope,rope,True
litany_of_the_real,moderate,0.181551,1.597851522369641e-07,1.591733415096403e-07,0.0005647540276363056,7.973677716529396e-08,0.0001730492576149656,rope,rope,True
litany_of_the_real,institutional,-0.007605,0.19764396110546897,0.2625995072532741,0.6731153890019196,0.11220591570469735,0.28160374594358073,rope,rope,True
litany_of_the_real,analytical,0.246588,0.0005146989021574799,0.0005224773811516644,0.03214368705480951,0.0002582985943308221,0.010346705066198933,rope,rope,True
litchfield_sensitive_locations_2026,powerless,0.2704,2.2308634199987107,10.38074920880813,2.4482702784822057,1.3204809745527435,0.8926047272571712,snare,rope,False
litchfield_sensitive_locations_2026,moderate,0.575376,6.40343271204593e-05,5.051773650271545e-05,0.01064561944191198,2.833223643200904e-05,0.0001648462929869643,snare,snare,True
litchfield_sensitive_locations_2026,institutional,0.00903,23.01660853315526,17.63673193630222,3.1382905469269042,1.996697894837355,0.9996569160425265,snare,rope,False
litchfield_sensitive_locations_2026,analytical,0.712364,0.0001243724040396202,0.00019248431429537608,0.017417512582740723,7.584195680419902e-05,0.00018235208031924772,snare,snare,True
lln_convergence,powerless,0.09084,6.375556736255286e-07,6.223850747153002e-07,0.0011224086400029845,3.1495028029419133e-07,1.757509230537746e-05,mountain,mountain,True
lln_convergence,moderate,0.079998,8.75681089261366e-14,8.749904955599671e-14,4.182955279236503e-07,4.37501865035164e-14,6.6758296668467665e-09,mountain,mountain,True
lln_convergence,institutional,-0.00955,0.09470399355221815,0.4544643166182809,0.5843390180088306,0.08475751008678456,0.09172098174546384,mountain,mountain,True
lln_convergence,analytical,0.110402,3.301727918846741e-06,3.4786633811143442e-06,0.0026032523835323785,1.6942305039230182e-06,4.320105945343283e-05,mountain,mountain,True
lobs_theorem,powerless,0.13626,5.139366353940738e-05,6.539683225785495e-05,0.010748291686770797,2.8881374034645172e-05,0.00016086697357020618,mountain,mountain,True
lobs_theorem,moderate,0.119997,8.263682932206564e-13,8.26448214545808e-13,1.2856516009642697e-06,4.132109457341962e-13,1.5788007567962836e-08,mountain,mountain,True
lobs_theorem,institutional,-0.014325,0.0662911847317683,0.33270318985074987,0.49164636691848085,0.060125344113724916,0.06499731744151283,mountain,mountain,True
lobs_theorem,analytical,0.165603,0.001996357835740478,0.004876775669411518,0.07691093824328682,0.0014786408712008595,0.002421243611359314,mountain,mountain,True
local_vs_global_optima,powerless,0.13626,5.139366353940738e-05,6.539683225785495e-05,0.010748291686770797,2.8881374034645172e-05,0.00016086697357020618,mountain,mountain,True
local_vs_global_optima,moderate,0.119997,8.263682932206564e-13,8.26448214545808e-13,1.2856516009642697e-06,4.132109457341962e-13,1.5788007567962836e-08,mountain,mountain,True
local_vs_global_optima,institutional,-0.014325,0.0662911847317683,0.33270318985074987,0.49164636691848085,0.060125344113724916,0.06499731744151283,mountain,mountain,True
local_vs_global_optima,analytical,0.165603,0.001996357835740478,0.004876775669411518,0.07691093824328682,0.0014786408712008595,0.002421243611359314,mountain,mountain,True
logistic_map_dynamics,powerless,0.09084,6.375556736255286e-07,6.223850747153002e-07,0.0011224086400029845,3.1495028029419133e-07,1.757509230537746e-05,mountain,mountain,True
logistic_map_dynamics,moderate,0.079998,8.75681089261366e-14,8.749904955599671e-14,4.182955279236503e-07,4.37501865035164e-14,6.6758296668467665e-09,mountain,mountain,True
logistic_map_dynamics,institutional,-0.00955,0.09470399355221815,0.4544643166182809,0.5843390180088306,0.08475751008678456,0.09172098174546384,mountain,mountain,True
logistic_map_dynamics,analytical,0.110402,3.301727918846741e-06,3.4786633811143442e-06,0.0026032523835323785,1.6942305039230182e-06,4.320105945343283e-05,mountain,mountain,True
lorenz_attractor,powerless,0.09084,2.1668639546117004e-07,2.1155951426566046e-07,0.0006543694347448465,1.0704983857616881e-07,5.989453569332781e-06,mountain,mountain,True
lorenz_attractor,moderate,0.079998,2.987443788425516e-14,2.97240305557284e-14,2.4575624618635555e-07,1.4900914427480652e-14,2.2761613704957995e-09,mountain,mountain,True
lorenz_attractor,institutional,-0.00955,0.033291896961379144,0.16564578355890783,0.3485491398581495,0.030294833866207255,0.03324401513594033,mountain,mountain,True
lorenz_attractor,analytical,0.110402,1.1272015257364696e-06,1.18765234239376e-06,0.0015210748533730912,5.784171495853366e-07,1.4752550535313474e-05,mountain,mountain,True
lorenz_attractor_dynamics,powerless,0.13626,4.5844794540152947e-05,5.8336767136279846e-05,0.01015151571236244,2.5763262502529134e-05,0.00014349917989642247,mountain,mountain,True
lorenz_attractor_dynamics,moderate,0.119997,7.370751267060713e-13,7.373238775562552e-13,1.214238929001312e-06,3.6859383548983044e-13,1.408323402340983e-08,mountain,mountain,True
lorenz_attractor_dynamics,institutional,-0.014325,0.05934177067233952,0.29905359547804783,0.46547831367174547,0.0539234462065861,0.05838490277782238,mountain,mountain,True
lorenz_attractor_dynamics,analytical,0.165603,0.0017810482789680428,0.0043515425979608405,0.07264757465647419,0.0013192724603633672,0.0021603655691905255,mountain,mountain,True
lowenheim_skolem_theorem,powerless,0.09084,2.1668639546117004e-07,2.1155951426566046e-07,0.0006543694347448465,1.0704983857616881e-07,5.989453569332781e-06,mountain,mountain,True
lowenheim_skolem_theorem,moderate,0.079998,2.987443788425516e-14,2.97240305557284e-14,2.4575624618635555e-07,1.4900914427480652e-14,2.2761613704957995e-09,mountain,mountain,True
lowenheim_skolem_theorem,institutional,-0.00955,0.033291896961379144,0.16564578355890783,0.3485491398581495,0.030294833866207255,0.03324401513594033,mountain,mountain,True
lowenheim_skolem_theorem,analytical,0.110402,1.1272015257364696e-06,1.18765234239376e-06,0.0015210748533730912,5.784171495853366e-07,1.4752550535313474e-05,mountain,mountain,True
lp_pikachu_illustrator,powerless,0.3016,3.798825361334216,4.376559746208794,2.639238162347086,1.5029111290849322,0.9672650807320463,snare,tangled_rope,False
lp_pikachu_illustrator,moderate,0.641765,0.0006440178088211353,0.0007193960955235563,0.03686333710862591,0.00033971678796904553,0.0026424508879394817,snare,snare,True
lp_pikachu_illustrator,institutional,-0.042575,22.68332280750469,16.553851598284542,3.0364731278716186,1.8949288668810051,0.9871961382549884,snare,rope,False
lp_pikachu_illustrator,analytical,0.79456,0.4402147502970053,1.2633782594874563,1.1632169539583286,0.32883983127634603,0.3762847489931188,snare,snare,True
lsd_microdosing_professional_openness,powerless,0.2704,4.335141529822254,0.7729338599365184,1.6266316510842835,0.6258139259408996,0.5368736284060396,snare,tangled_rope,False
lsd_microdosing_professional_openness,moderate,0.575376,0.0633225480170992,0.059641905504717846,0.35054080267817533,0.030641152336224255,0.16898528603020946,snare,snare,True
lsd_microdosing_professional_openness,institutional,-0.021971,11.731799533250701,2.4418421234097525,1.7551035056824962,0.7219276158594726,0.5369598310433067,snare,tangled_rope,False
lsd_microdosing_professional_openness,analytical,0.712364,0.016980626735139698,0.016640228227472877,0.1833504375969734,0.008398461304847392,0.09027955079230571,snare,snare,True
lula_hemisphere_2026,powerless,0.3536,3.061302510005694,1.3066610405613148,1.904313308598804,0.840145035942439,0.735518777173089,snare,tangled_rope,False
lula_hemisphere_2026,moderate,0.752415,0.11919959407622598,0.13030827449121687,0.4991098955054162,0.06195513312380608,0.23878305388723353,snare,snare,True
lula_hemisphere_2026,institutional,-0.049915,16.56550775362532,3.0395281098140092,2.134123189879379,1.0346005540573355,0.743086385788836,snare,tangled_rope,False
lula_hemisphere_2026,analytical,0.931553,4.080219511001114,1.347299732371821,1.9915082744777175,0.9122596092994002,0.7411686811329077,snare,tangled_rope,False
lung_transplant_protocol,powerless,0.3016,0.6781373175374624,5.942928063644849,1.540713491228339,0.5646754385207233,0.49286533840558644,snare,snare,True
lung_transplant_protocol,moderate,0.641765,1.5797074048022648e-06,1.4914248027648902e-06,0.0017518811167547223,7.672718128625367e-07,1.7694913517606758e-05,snare,snare,True
lung_transplant_protocol,institutional,-0.046549,23.02288761554132,20.953791333467823,3.140704981048739,1.9991123274880902,0.9998886200761617,snare,rope,False
lung_transplant_protocol,analytical,0.79456,0.0005514963805983349,0.0010860505070977263,0.03874299627315696,0.0003752432055132974,0.000782885138414402,snare,snare,True
lyapunov_stability,powerless,0.09084,6.375556736255286e-07,6.223850747153002e-07,0.0011224086400029845,3.1495028029419133e-07,1.757509230537746e-05,mountain,mountain,True
lyapunov_stability,moderate,0.079998,8.75681089261366e-14,8.749904955599671e-14,4.182955279236503e-07,4.37501865035164e-14,6.6758296668467665e-09,mountain,mountain,True
lyapunov_stability,institutional,-0.00955,0.09470399355221815,0.4544643166182809,0.5843390180088306,0.08475751008678456,0.09172098174546384,mountain,mountain,True
lyapunov_stability,analytical,0.110402,3.301727918846741e-06,3.4786633811143442e-06,0.0026032523835323785,1.6942305039230182e-06,4.320105945343283e-05,mountain,mountain,True
m82_outflow_suppression,powerless,0.413016,0.00024687396988329384,0.00019971891017565873,0.020792139333224373,0.00010807729110724911,0.00025878619110675455,tangled_rope,tangled_rope,True
m82_outflow_suppression,moderate,0.420467,0.00035685822646719796,0.0002872322907215556,0.024774197915079708,0.0001534382586018369,0.00028464957971429983,tangled_rope,tangled_rope,True
m82_outflow_suppression,institutional,-0.016056,1.6419246499307638,5.875984404992088,2.1933346092051793,1.0868725608343779,0.8066635826281323,tangled_rope,rope,False
m82_outflow_suppression,analytical,0.520574,0.0037305502977220692,0.00682841764550661,0.0874768617342446,0.0019127453740334674,0.0020472642041711457,tangled_rope,tangled_rope,True
magna_carta_liberties,powerless,0.413016,0.026587482783445394,0.038712268772505366,0.252168435566846,0.015876180970759747,0.052219461655775484,tangled_rope,tangled_rope,True
magna_carta_liberties,moderate,0.420467,0.04250840119717284,0.06625963527215183,0.3237352377530235,0.02614396773091729,0.07212687820450257,tangled_rope,tangled_rope,True
magna_carta_liberties,institutional,-0.005523,0.46012469184138216,0.40356482320902254,0.5250501218606954,0.06852449210060196,0.04629339699602928,tangled_rope,tangled_rope,True
magna_carta_liberties,analytical,0.520574,0.7519117011762665,1.5258529872385336,1.4292246070427796,0.4893052699590676,0.5572957052830162,tangled_rope,snare,False
maha_recovery_2026,powerless,0.3016,4.982822181021924,1.3589717123510423,2.0332402835683094,0.947514078500335,0.7436822707388695,snare,tangled_rope,False
maha_recovery_2026,moderate,0.641765,0.0027795086248152026,0.002699257273506846,0.0740117558243304,0.0013692787278319772,0.0315347926085045,snare,snare,True
maha_recovery_2026,institutional,-0.024506,16.582768837452882,2.2873492339158474,2.1129153253526285,1.0160816288706276,0.7442586955430194,snare,tangled_rope,False
maha_recovery_2026,analytical,0.79456,0.49757591461688216,0.5063765126938977,1.0001550515914757,0.24490921718642417,0.4785054762466611,snare,tangled_rope,False
maintenance_capacity_shortfall,powerless,0.3016,2.8491725492070867,0.5006441914994916,1.332057229404355,0.4274366943071818,0.3924460284346402,tangled_rope,tangled_rope,True
maintenance_capacity_shortfall,moderate,0.641765,0.0036324121149479013,0.0036723571133964934,0.08546565799541717,0.001825816805915213,0.04199195766005592,tangled_rope,tangled_rope,True
maintenance_capacity_shortfall,institutional,-0.024506,8.498830612385829,3.79070672827152,1.5888551075517254,0.5986134003917553,0.39257405742393675,tangled_rope,tangled_rope,True
maintenance_capacity_shortfall,analytical,0.79456,0.39793024606261923,0.27050526033673183,0.804316790973035,0.15956333919235544,0.3180732937569713,tangled_rope,tangled_rope,True
maladaptive_selection_process,powerless,0.56518,0.04919035145043871,0.04953095700591208,0.3141958878384284,0.0246290481588786,0.15636312922820655,tangled_rope,snare,False
maladaptive_selection_process,moderate,0.575376,0.06538439346912008,0.06552662293043253,0.3618117132149166,0.03263777194209157,0.17990812418981894,tangled_rope,snare,False
maladaptive_selection_process,institutional,-0.021971,8.745626559766388,2.3436133129898598,1.5344146732798751,0.5602961220420642,0.40559296255546007,tangled_rope,tangled_rope,True
maladaptive_selection_process,analytical,0.712364,0.01725725719518201,0.01765111362085282,0.18672647034805928,0.008710363792537154,0.09211458990606802,tangled_rope,tangled_rope,True
mandatrophic_margin_collapse,powerless,0.3536,3.0544696322728937,1.2952913484911326,1.8985091166976544,0.8354214368221249,0.7324785144837838,snare,tangled_rope,False
mandatrophic_margin_collapse,moderate,0.752415,0.12001349763503724,0.13093143700122234,0.5005478620539485,0.062310772523738435,0.2398733035991787,snare,snare,True
mandatrophic_margin_collapse,institutional,-0.028731,16.478850456563947,2.3678566297313455,2.105530210789182,1.0096587357148463,0.7398923011890923,snare,tangled_rope,False
mandatrophic_margin_collapse,analytical,0.931553,4.086713521716562,1.3921520208394855,1.9941038070296797,0.9144386160566674,0.7380395913707563,snare,tangled_rope,False
mandatrophic_margin_collapse_diagnostic,powerless,0.3536,1.5301507323435881,2.7130815371661896,1.9410108836766022,0.8702349455643514,0.7852090222927891,snare,tangled_rope,False
mandatrophic_margin_collapse_diagnostic,moderate,0.752415,0.11345686160411435,0.19174016760660934,0.5379463199984579,0.07191144254748875,0.1568956268252193,snare,snare,True
mandatrophic_margin_collapse_diagnostic,institutional,-0.049915,22.06775343356365,11.779068806670102,2.8637035486508076,1.7230041678259498,0.9641243933016524,snare,rope,False
mandatrophic_margin_collapse_diagnostic,analytical,0.931553,7.501380266093971,3.567095574474393,2.7586285381726627,1.619371852047136,0.9673957067306005,snare,piton,False
manga_distribution_duopoly,powerless,0.3016,3.6013829720114034,5.049289332690047,2.6539541446486483,1.517178658671598,0.9672931757184184,snare,tangled_rope,False
manga_distribution_duopoly,moderate,0.547191,0.0004828440709307889,0.0005407201564082873,0.03195472296190039,0.00025527064944952296,0.0029600782708121276,snare,snare,True
manga_distribution_duopoly,institutional,-0.024506,22.844131528464043,17.253873085067532,3.116296945113388,1.9747049659364304,0.9927599098901192,snare,rope,False
manga_distribution_duopoly,analytical,0.79456,0.034427113838474334,0.06529613542022342,0.30383528946513083,0.02303461833920969,0.0479345138685483,snare,snare,True
manganese_catalysis_2026,powerless,0.413016,0.00013113177804497853,8.796446942717787e-05,0.014558838239258867,5.298970872499139e-05,0.00016724803942305433,tangled_rope,tangled_rope,True
manganese_catalysis_2026,moderate,0.420467,0.00018511290449341574,0.00011417323887570611,0.016874840170848907,7.118963536384641e-05,0.00018396143384751386,tangled_rope,tangled_rope,True
manganese_catalysis_2026,institutional,-0.016056,1.254839512577719,5.390989342597878,1.9860372955568921,0.9076726068842932,0.7153182382088159,tangled_rope,rope,False
manganese_catalysis_2026,analytical,0.520574,0.0012520407568806873,0.0005509875572989136,0.03400333078152462,0.0002890496633153865,0.0002313528813740235,tangled_rope,tangled_rope,True
marriage_market_asymmetry_2026,powerless,0.630393,0.0001197846261385061,0.00011257934682277754,0.015237883227499489,5.8047990514158116e-05,0.0012348606767730308,snare,snare,True
marriage_market_asymmetry_2026,moderate,0.641765,0.00010195064452283092,9.627885783719397e-05,0.014074872935828708,4.952530764218423e-05,0.0011445344590103046,snare,snare,True
marriage_market_asymmetry_2026,institutional,-0.024506,22.845658387947,16.89854710790539,3.118859356118508,1.97726719205189,0.9927547053851911,snare,rope,False
marriage_market_asymmetry_2026,analytical,0.79456,0.03445061235996814,0.06533864324452694,0.3039370915807755,0.023050027018411457,0.047966532403294626,snare,snare,True
marriage_problem,powerless,0.09084,2.1668639546117004e-07,2.1155951426566046e-07,0.0006543694347448465,1.0704983857616881e-07,5.989453569332781e-06,mountain,mountain,True
marriage_problem,moderate,0.079998,2.987443788425516e-14,2.97240305557284e-14,2.4575624618635555e-07,1.4900914427480652e-14,2.2761613704957995e-09,mountain,mountain,True
marriage_problem,institutional,-0.00955,0.033291896961379144,0.16564578355890783,0.3485491398581495,0.030294833866207255,0.03324401513594033,mountain,mountain,True
marriage_problem,analytical,0.110402,1.1272015257364696e-06,1.18765234239376e-06,0.0015210748533730912,5.784171495853366e-07,1.4752550535313474e-05,mountain,mountain,True
mars_rovers_navigational_autonomy,powerless,0.20439,0.1451193047008141,0.32861083927807955,0.6456958043723747,0.10332856981766007,0.15987106706670118,mountain,mountain,True
mars_rovers_navigational_autonomy,moderate,0.179996,9.486699911308295e-10,9.485375641655707e-10,4.3556948060328506e-05,4.743019179024226e-10,4.438417533725314e-06,mountain,mountain,True
mars_rovers_navigational_autonomy,institutional,-0.021488,0.12335451053730082,0.27275947414654644,0.592604691635523,0.0871546256359428,0.1402975139391459,mountain,mountain,True
mars_rovers_navigational_autonomy,analytical,0.248404,5.457024063785519,4.51458015453422,2.8130300792262664,1.6729133257734596,0.9857080117411896,mountain,rope,False
martian_signal_latency,powerless,0.13626,5.139366353940738e-05,6.539683225785495e-05,0.010748291686770797,2.8881374034645172e-05,0.00016086697357020618,mountain,mountain,True
martian_signal_latency,moderate,0.119997,8.263682932206564e-13,8.26448214545808e-13,1.2856516009642697e-06,4.132109457341962e-13,1.5788007567962836e-08,mountain,mountain,True
martian_signal_latency,institutional,-0.014325,0.0662911847317683,0.33270318985074987,0.49164636691848085,0.060125344113724916,0.06499731744151283,mountain,mountain,True
martian_signal_latency,analytical,0.165603,0.001996357835740478,0.004876775669411518,0.07691093824328682,0.0014786408712008595,0.002421243611359314,mountain,mountain,True
mass_market_extinction_2026,powerless,0.3016,4.047967563341169,4.650396760827666,2.6765753136962105,1.539161177565714,0.9725002764782283,snare,tangled_rope,False
mass_market_extinction_2026,moderate,0.641765,0.00016687828754114597,0.00015770594361125422,0.018010700274562603,8.10957830453165e-05,0.0018748645099117,snare,snare,True
mass_market_extinction_2026,institutional,0.169004,13.276810645875802,12.247634574249329,2.997273290176375,1.8558058496100005,0.9880820989784729,snare,rope,False
mass_market_extinction_2026,analytical,0.79456,0.05541253844130096,0.10302400037075952,0.3838490340451327,0.03672209074577346,0.07615260436787019,snare,snare,True
matching_markets,powerless,0.413016,0.011123873430418377,0.007511683304504236,0.13451537127427698,0.004521891290764239,0.01563498899015825,tangled_rope,tangled_rope,True
matching_markets,moderate,0.420467,0.015706309497819603,0.009698808316394348,0.15588411302416852,0.006071889363560961,0.0173245983841942,tangled_rope,tangled_rope,True
matching_markets,institutional,-0.016056,5.410225022779438,3.744103949549146,2.7185364110044317,1.5800915885257725,0.9733214387385793,tangled_rope,rope,False
matching_markets,analytical,0.520574,0.10130817467350786,0.022185528398883374,0.2803408968034107,0.01961560614462186,0.022890923853664535,tangled_rope,tangled_rope,True
matching_markets_general,powerless,0.413016,0.00012472007860929405,0.00011871600310923003,0.015350475700844487,5.890898686911172e-05,0.00010565736448370658,tangled_rope,tangled_rope,True
matching_markets_general,moderate,0.420467,0.00018470495039346323,0.00018307178448030866,0.018724120210774894,8.764752923524274e-05,0.00012219090760593994,tangled_rope,tangled_rope,True
matching_markets_general,institutional,0.247,0.010842545848112424,0.03828642079979101,0.18968780112087738,0.008988624445066689,0.011201320811898704,tangled_rope,tangled_rope,True
matching_markets_general,analytical,0.520574,0.0026217100810304534,0.006553938859853092,0.08242167945520518,0.0016980929633246568,0.0020307687713072196,tangled_rope,tangled_rope,True
material_tensile_strength,powerless,0.13626,5.139366353940738e-05,6.539683225785495e-05,0.010748291686770797,2.8881374034645172e-05,0.00016086697357020618,mountain,mountain,True
material_tensile_strength,moderate,0.119997,8.263682932206564e-13,8.26448214545808e-13,1.2856516009642697e-06,4.132109457341962e-13,1.5788007567962836e-08,mountain,mountain,True
material_tensile_strength,institutional,-0.014325,0.0662911847317683,0.33270318985074987,0.49164636691848085,0.060125344113724916,0.06499731744151283,mountain,mountain,True
material_tensile_strength,analytical,0.165603,0.001996357835740478,0.004876775669411518,0.07691093824328682,0.0014786408712008595,0.002421243611359314,mountain,mountain,True
max_flow,powerless,0.56518,0.013184112975504331,0.015731087844693792,0.16954733490714335,0.007182271819755204,0.04581365514530722,tangled_rope,tangled_rope,True
max_flow,moderate,0.575376,0.01803857597719921,0.022064754901663895,0.19949603153590145,0.009941419729664665,0.05513098132500582,tangled_rope,tangled_rope,True
max_flow,institutional,-0.03817,1.4997437198687964,4.822060412137407,1.3152217006995848,0.4170903932695009,0.3348274368092517,tangled_rope,tangled_rope,True
max_flow,analytical,0.712364,0.004624689554955088,0.005430235692879504,0.09979832734491781,0.00248940993357665,0.02456766145354128,tangled_rope,tangled_rope,True
mco_unit_system_discontinuity,powerless,0.200584,0.00040375277433952203,0.000464742664474532,0.02941504339987297,0.00021630729537133427,0.002054164655516555,rope,rope,True
mco_unit_system_discontinuity,moderate,0.181551,1.8250330703454431e-06,1.8436874817364177e-06,0.0019153716296965006,9.171620500969717e-07,0.0001207007108251501,rope,rope,True
mco_unit_system_discontinuity,institutional,-0.007605,0.004218017373102937,0.0021471513647722405,0.07606127757227105,0.0014461551724703186,0.003274335671637596,rope,rope,True
mco_unit_system_discontinuity,analytical,0.246588,0.007927992830777664,0.012954428723090843,0.14125480824331813,0.004986157020987897,0.01374830807394789,rope,rope,True
mean_value_theorem,powerless,0.09084,2.429484382656167e-07,2.3719929897782098e-07,0.0006928892521202798,1.2002387773206736e-07,6.714839275279161e-06,mountain,mountain,True
mean_value_theorem,moderate,0.079998,3.3267586145946284e-14,3.343828346489071e-14,2.563692708922217e-07,1.670585098434648e-14,2.5517917778827837e-09,mountain,mountain,True
mean_value_theorem,institutional,-0.00955,0.03724861243582727,0.1848963791947559,0.36853699493426995,0.03385891001835111,0.03712155731021061,mountain,mountain,True
mean_value_theorem,analytical,0.110402,1.2636512976306303e-06,1.3314174647527308e-06,0.0016105093000504647,6.48435016615602e-07,1.653824406859202e-05,mountain,mountain,True
med_diet_consensus_2026,powerless,0.56518,0.013324091641640598,0.015892726237088126,0.1704312781043067,0.007257311839154262,0.046279215360412684,tangled_rope,tangled_rope,True
med_diet_consensus_2026,moderate,0.575376,0.01822780347732002,0.022287204144933022,0.20052049564928073,0.010043699692947038,0.055682380827989264,tangled_rope,tangled_rope,True
med_diet_consensus_2026,institutional,-0.021971,1.488003854211105,4.525112906066254,1.280498721177499,0.3961063681169194,0.31620891390016803,tangled_rope,tangled_rope,True
med_diet_consensus_2026,analytical,0.712364,0.00437697617359169,0.004938186743622329,0.09631760121191066,0.00231882185931602,0.024424417288660183,tangled_rope,tangled_rope,True
medical_residency_match,powerless,0.2704,4.335141529822254,0.7729338599365184,1.6266316510842835,0.6258139259408996,0.5368736284060396,snare,tangled_rope,False
medical_residency_match,moderate,0.575376,0.0633225480170992,0.059641905504717846,0.35054080267817533,0.030641152336224255,0.16898528603020946,snare,snare,True
medical_residency_match,institutional,0.272193,4.278943897827687,0.772618506670552,1.6256124755109782,0.6250736025663717,0.5368641186578322,snare,tangled_rope,False
medical_residency_match,analytical,0.712364,0.016980626735139698,0.016640228227472877,0.1833504375969734,0.008398461304847392,0.09027955079230571,snare,snare,True
medieval_church_hegemony,powerless,0.20872,7.2879630357501215,0.8591190474710148,1.7169798929235291,0.6928377865825563,0.5735537851495709,snare,tangled_rope,False
medieval_church_hegemony,moderate,0.641765,0.0036377803899057403,0.0036000772309384204,0.08507401603667736,0.0018091242411325584,0.04171083290468791,snare,snare,True
medieval_church_hegemony,institutional,-0.024506,12.536134453422545,1.3215379960944917,1.742026469387346,0.7118964564553163,0.5735547078830481,snare,tangled_rope,False
medieval_church_hegemony,analytical,0.79456,0.4977882227627587,0.4016604894107571,0.9428556679275086,0.21815853365858906,0.42999796839567245,snare,tangled_rope,False
memetic_fitness_vs_truth,powerless,0.630393,0.0038740754280338456,0.003801221212783075,0.08759642333764292,0.0019179767140783718,0.03854513722703057,snare,snare,True
memetic_fitness_vs_truth,moderate,0.641765,0.0035577003979983214,0.0035574487600938077,0.08431948749833368,0.0017771807329979785,0.03580342558860322,snare,snare,True
memetic_fitness_vs_truth,institutional,-0.042575,15.40141604299762,3.7949397616380467,2.0742587255815796,0.9826123645409951,0.6933155897103948,snare,tangled_rope,False
memetic_fitness_vs_truth,analytical,0.79456,0.6108764772382873,0.7135767184175168,1.1218233090581224,0.30645899861074766,0.4962731304709742,snare,tangled_rope,False
meta_governance_overload,powerless,0.3016,4.7265100565298255,1.1832077878261726,1.9267868839396847,0.8585263796164718,0.6928645297602752,snare,tangled_rope,False
meta_governance_overload,moderate,0.641765,0.0035577003979983214,0.0035574487600938077,0.08431948749833368,0.0017771807329979785,0.03580342558860322,snare,snare,True
meta_governance_overload,institutional,0.4504,0.6618777037561419,0.5839108434697928,1.1130686879517928,0.30181814422742326,0.5210586291549201,snare,tangled_rope,False
meta_governance_overload,analytical,0.79456,0.6108764772382873,0.7135767184175168,1.1218233090581224,0.30645899861074766,0.4962731304709742,snare,tangled_rope,False
meta_model_lock_in,powerless,0.135203,13.286413056137267,1.4468932303662965,2.0842752157075832,0.9912487599306199,0.744258687399745,snare,tangled_rope,False
meta_model_lock_in,moderate,0.641765,0.0027795086248152026,0.002699257273506846,0.0740117558243304,0.0013692787278319772,0.0315347926085045,snare,snare,True
meta_model_lock_in,institutional,-0.024506,16.582768837452882,2.2873492339158474,2.1129153253526285,1.0160816288706276,0.7442586955430194,snare,tangled_rope,False
meta_model_lock_in,analytical,0.79456,0.49757591461688216,0.5063765126938977,1.0001550515914757,0.24490921718642417,0.4785054762466611,snare,tangled_rope,False
meta_nda,powerless,0.673869,8.872794228400411e-05,9.380265865023023e-05,0.013506276734422049,4.560470449003161e-05,0.001091178532181103,snare,snare,True
meta_nda,moderate,0.686025,0.0002407590526016061,0.0002632808741344245,0.022433640534524218,0.00012581573775262143,0.0018625187308057845,snare,snare,True
meta_nda,institutional,-0.026196,22.863944645010978,20.627579635250182,3.094124038445727,1.9525358413795386,0.9939481851217334,snare,rope,False
meta_nda,analytical,0.849357,0.25811018711104367,0.723190794198374,0.8929026338763567,0.1960300315821489,0.24448954188390526,snare,snare,True
meta_nuclear_power_agreement,powerless,0.56518,0.013571040244048309,0.01617639029613513,0.17197553754380512,0.007389341692423336,0.04711467855235677,tangled_rope,tangled_rope,True
meta_nuclear_power_agreement,moderate,0.575376,0.018562985616241555,0.022678728121827293,0.20231664229300694,0.010224282712267945,0.056675236155358,tangled_rope,tangled_rope,True
meta_nuclear_power_agreement,institutional,-0.021971,2.0778432183271653,8.46379694708083,1.8705093410953586,0.8127730011365458,0.5659762672404902,tangled_rope,rope,False
meta_nuclear_power_agreement,analytical,0.712364,0.004365807436656694,0.0048517095269049815,0.09589720949620305,0.0022986282546381717,0.024747655870488293,tangled_rope,tangled_rope,True
meta_pay_or_okay_model,powerless,0.3016,5.0063971339948194,1.393528511107714,2.0445559811478606,0.9571529980939488,0.7483258778321024,snare,tangled_rope,False
meta_pay_or_okay_model,moderate,0.662133,0.0008065467004210233,0.0007934927739634561,0.03999887703582978,0.0003999642093734099,0.017137280140038347,snare,snare,True
meta_pay_or_okay_model,institutional,-0.024506,17.11191146351944,11.960153972198885,2.712189271955301,1.5738880444346812,0.7489152867845316,snare,scaffold,False
meta_pay_or_okay_model,analytical,0.79456,0.4926809806438112,0.5007204441956652,0.9959370175785024,0.24289060176715,0.4775138488833371,snare,tangled_rope,False
metabolic_constraint_cognition,powerless,0.3016,4.218434791642533,0.928021772114038,1.7441036172204651,0.7134861313736368,0.6026681324471133,snare,tangled_rope,False
metabolic_constraint_cognition,moderate,0.641765,0.0035393496627010475,0.003489305936890408,0.08383546582709688,0.0017568390653862531,0.040609418751404114,snare,snare,True
metabolic_constraint_cognition,institutional,-0.024506,13.410981536930846,7.262242150688589,2.1160831242644718,1.018840805499585,0.602968774587966,snare,tangled_rope,False
metabolic_constraint_cognition,analytical,0.79456,0.5043215644654061,0.41840979548283974,0.95675334817496,0.2245132562938482,0.4435433043732203,snare,tangled_rope,False
metamorphosis_samsa,powerless,0.782557,0.02908515113428385,0.04236647300262651,0.26377205166777823,0.01736872604166635,0.05663952931360616,snare,snare,True
metamorphosis_samsa,moderate,0.796674,0.055982036380161776,0.08971026071934843,0.37377452386000437,0.03482530988675746,0.08912283718703373,snare,snare,True
metamorphosis_samsa,institutional,-0.057785,22.54233730866219,16.654356604469633,3.1341628948438838,1.9925702583429312,0.9756463784215569,snare,scaffold,False
metamorphosis_samsa,analytical,0.98635,5.859729101924009,3.693317189207286,2.7346139411986106,1.5958241684354622,0.9734552019651558,snare,tangled_rope,False
mexican_airline_merger,powerless,0.2704,3.3858157746073565,0.5363739441399336,1.3801324313075964,0.457592270838638,0.41187951026580627,tangled_rope,tangled_rope,True
mexican_airline_merger,moderate,0.575376,0.06549584849585587,0.06543443697510727,0.36183850490468594,0.03264259249875578,0.17993235849752287,tangled_rope,snare,False
mexican_airline_merger,institutional,0.338,1.9118848947985374,0.5184920785926942,1.3073823185977662,0.4123109179713368,0.4100643551335748,tangled_rope,tangled_rope,True
mexican_airline_merger,analytical,0.712364,0.01706667657735723,0.017250553945078476,0.1852443020412707,0.008572731539250065,0.09214395490124244,tangled_rope,snare,False
micro_robot_electronics_integration,powerless,0.2704,4.335141529822254,0.7729338599365184,1.6266316510842835,0.6258139259408996,0.5368736284060396,snare,tangled_rope,False
micro_robot_electronics_integration,moderate,0.575376,0.0633225480170992,0.059641905504717846,0.35054080267817533,0.030641152336224255,0.16898528603020946,snare,snare,True
micro_robot_electronics_integration,institutional,0.021396,11.71065371429532,1.8279806130717537,1.7164420841041712,0.6924307897557038,0.5369598310433067,snare,tangled_rope,False
micro_robot_electronics_integration,analytical,0.712364,0.016980626735139698,0.016640228227472877,0.1833504375969734,0.008398461304847392,0.09027955079230571,snare,snare,True
microbiome_symbiosis,powerless,0.31202,0.00024135963788462253,0.0002629479665988224,0.022441272142954483,0.0001259013528972806,0.0019343568640993736,rope,rope,True
microbiome_symbiosis,moderate,0.282412,9.200243073762053e-07,9.251200490404603e-07,0.0013583569988555506,4.612834166783797e-07,0.00011003201302084431,rope,rope,True
microbiome_symbiosis,institutional,-0.011831,0.011043610758823761,0.01737102350379826,0.16534842202540123,0.0068311329227004605,0.02000943884777127,rope,rope,True
microbiome_symbiosis,analytical,0.383581,0.006383094895076007,0.00922475717868819,0.12334517497596063,0.0038023026441747817,0.013671705590900696,rope,rope,True
microrobot_manipulation,powerless,0.200584,1.2818936471379553e-06,1.2792045978121344e-06,0.0016003408674780653,6.402726890747849e-07,0.0003535466010016128,rope,rope,True
microrobot_manipulation,moderate,0.181551,7.335145036743598e-08,7.331353127032025e-08,0.0003829686331117642,3.666624341961782e-08,8.472504109151985e-05,rope,rope,True
microrobot_manipulation,institutional,-0.007605,0.10878067737590762,0.16351484505735148,0.5136542160918466,0.06559839771384277,0.16660646868730228,rope,rope,True
microrobot_manipulation,analytical,0.246588,0.00025026498267258224,0.0002577889801405999,0.02253817118337402,0.0001269909461582579,0.005101521599232162,rope,rope,True
microwave_weapon_1,powerless,0.3536,0.13496742843454504,1.197100062477545,0.7053498071643736,0.12309573057492441,0.12754775482948444,snare,snare,True
microwave_weapon_1,moderate,0.752415,0.00020378338502049007,0.0002877929247285308,0.021925155541169753,0.00012017690781605468,0.000470482186890165,snare,snare,True
microwave_weapon_1,institutional,0.528056,5.651097600791469e-05,7.04568106528426e-05,0.01118769115536517,3.1291026752749697e-05,0.00020878902070287086,snare,snare,True
microwave_weapon_1,analytical,0.931553,0.32300216498885603,1.7057222239302057,1.0777972942920753,0.28345118759958443,0.2773086783893932,snare,snare,True
mil_std_461g_emi_control,powerless,0.413016,0.00012472007860929405,0.00011871600310923003,0.015350475700844487,5.890898686911172e-05,0.00010565736448370658,tangled_rope,tangled_rope,True
mil_std_461g_emi_control,moderate,0.420467,0.00018470495039346323,0.00018307178448030866,0.018724120210774894,8.764752923524274e-05,0.00012219090760593994,tangled_rope,tangled_rope,True
mil_std_461g_emi_control,institutional,-0.005523,0.8912231514919507,4.532073409290473,1.7281680879200867,0.7013260534074913,0.590124566800641,tangled_rope,rope,False
mil_std_461g_emi_control,analytical,0.520574,0.0026217100810304534,0.006553938859853092,0.08242167945520518,0.0016980929633246568,0.0020307687713072196,tangled_rope,tangled_rope,True
mil_std_810f_tailoring,powerless,0.56518,0.049294705828367216,0.04950172592293583,0.3143163198508322,0.024647893635722666,0.1564808382053321,tangled_rope,snare,False
mil_std_810f_tailoring,moderate,0.575376,0.06549584849585587,0.06543443697510727,0.36183850490468594,0.03264259249875578,0.17993235849752287,tangled_rope,snare,False
mil_std_810f_tailoring,institutional,0.00903,8.888868945339416,2.3216937713812817,1.546404189982958,0.5686441965093467,0.4119315700882379,tangled_rope,tangled_rope,True
mil_std_810f_tailoring,analytical,0.712364,0.01706667657735723,0.017250553945078476,0.1852443020412707,0.008572731539250065,0.09214395490124244,tangled_rope,snare,False
minimax_theorem,powerless,0.09084,2.1668639546117004e-07,2.1155951426566046e-07,0.0006543694347448465,1.0704983857616881e-07,5.989453569332781e-06,mountain,mountain,True
minimax_theorem,moderate,0.079998,2.987443788425516e-14,2.97240305557284e-14,2.4575624618635555e-07,1.4900914427480652e-14,2.2761613704957995e-09,mountain,mountain,True
minimax_theorem,institutional,-0.00955,0.033291896961379144,0.16564578355890783,0.3485491398581495,0.030294833866207255,0.03324401513594033,mountain,mountain,True
minimax_theorem,analytical,0.110402,1.1272015257364696e-06,1.18765234239376e-06,0.0015210748533730912,5.784171495853366e-07,1.4752550535313474e-05,mountain,mountain,True
minnesota_sovereignty_2026,powerless,0.3224,4.340059001415307,1.373691015189159,2.017733318430761,0.9343597426822277,0.7482769266732682,snare,tangled_rope,False
minnesota_sovereignty_2026,moderate,0.686025,0.007143753173542864,0.0074369907801308515,0.12073223064936414,0.0036429614112427253,0.05398494925442687,snare,snare,True
minnesota_sovereignty_2026,institutional,0.010766,16.72303305439156,2.952670320975767,2.1445052942020637,1.0437060212969602,0.7497231053956158,snare,tangled_rope,False
minnesota_sovereignty_2026,analytical,0.849357,1.668907714560221,1.1246958733300936,1.6342323971296027,0.6313463060430881,0.697833940981197,snare,tangled_rope,False
mirror_of_erised_expectation,powerless,0.089788,19.24430097316384,13.44474180174884,3.0264680702179407,1.884938982063041,0.9925540987136924,snare,rope,False
mirror_of_erised_expectation,moderate,0.641765,0.00010810274133471844,0.00010295384532896609,0.014522411178268309,5.2724874946621046e-05,0.0011704099154740862,snare,snare,True
mirror_of_erised_expectation,institutional,-0.024506,22.824389900880846,18.459582414087684,3.0735684485747408,1.9319889095551752,0.9925541022700531,snare,rope,False
mirror_of_erised_expectation,analytical,0.79456,0.038948358652077686,0.08106452724252014,0.3273375075636216,0.026727716994176438,0.05267912720861878,snare,snare,True
misunderstanding_as_mismatch,powerless,0.56518,0.04798811316650819,0.04574624842140607,0.3060928928599107,0.02337752986485048,0.14846320725542184,snare,snare,True
misunderstanding_as_mismatch,moderate,0.575376,0.06327082377314605,0.05956432685483997,0.35035453438694336,0.03060868045534294,0.1688075455422492,snare,snare,True
misunderstanding_as_mismatch,institutional,-0.021971,11.771562751234827,2.8271976977051136,1.7835444915039025,0.7439322465092126,0.5380343124459922,snare,tangled_rope,False
misunderstanding_as_mismatch,analytical,0.712364,0.01696721517310262,0.016620125271566685,0.18326026441241416,0.008390208257118361,0.09021311903069967,snare,snare,True
mit_tfus_consciousness_2026,powerless,0.622805,0.003146189139644971,0.0030433287978380813,0.07866533509715917,0.0015468592975443475,0.03321739746509034,snare,snare,True
mit_tfus_consciousness_2026,moderate,0.641765,0.0027208127751801566,0.002638439194893156,0.07320041789275641,0.0013394257630982324,0.03096419115960214,snare,snare,True
mit_tfus_consciousness_2026,institutional,-0.024506,16.792605181941305,5.058394196299847,2.2381199301601122,1.1269432409991849,0.7507703257122034,snare,tangled_rope,False
mit_tfus_consciousness_2026,analytical,0.79456,0.49181827237011405,0.5013662599072276,0.9958180652154116,0.24283378826020874,0.477409020386928,snare,tangled_rope,False
mltt_economic_model,powerless,0.56518,8.338025339400862e-05,6.883660792551013e-05,0.012157720920792025,3.695243070622624e-05,9.005807318651322e-05,tangled_rope,tangled_rope,True
mltt_economic_model,moderate,0.575376,0.00011567901279457019,9.240992522763821e-05,0.01413042094262117,4.991699136041367e-05,0.00010950314902507815,tangled_rope,tangled_rope,True
mltt_economic_model,institutional,-0.021971,4.728623317251092,9.468582371356765,2.933889706654793,1.7926702022818894,0.9909408110256598,tangled_rope,rope,False
mltt_economic_model,analytical,0.712364,0.00048016702391874544,0.00012510395464811417,0.020178366630248946,0.0001017907565083597,0.00010945190613933741,tangled_rope,tangled_rope,True
model_autonomy_creep,powerless,0.630393,0.0035371567008971824,0.0034368661452909267,0.08350407883702213,0.0017429795719379724,0.037067040516270744,snare,snare,True
model_autonomy_creep,moderate,0.641765,0.003003360105594962,0.0029257288070210657,0.07699541093476309,0.0014818902901840177,0.03422911003115919,snare,snare,True
model_autonomy_creep,institutional,-0.042575,15.803116513037525,3.100221422598917,2.0759819330074842,0.9840963331192045,0.7110083398770009,snare,tangled_rope,False
model_autonomy_creep,analytical,0.79456,0.5063139502447708,0.48595937709987586,0.9950070261856035,0.24244658902940353,0.4761186330564913,snare,tangled_rope,False
model_collapse_feedback_loop,powerless,0.3016,1.1335629311540152,10.015627018811307,1.9228084329125839,0.8552618025413411,0.6783915907094684,snare,rope,False
model_collapse_feedback_loop,moderate,0.641765,1.8986187927700422e-06,1.7885650579327608e-06,0.0019192354554490034,9.208661124159417e-07,2.124048802509826e-05,snare,snare,True
model_collapse_feedback_loop,institutional,0.169004,12.501393938852669,19.589395208550222,3.135046181541434,1.993453539641532,0.9998626282443281,snare,rope,False
model_collapse_feedback_loop,analytical,0.79456,0.0006584987101413827,0.0012899133201501004,0.04230435641484183,0.00044739796151213964,0.0009359812913125598,snare,snare,True
model_of_models_regression,powerless,0.3016,4.144047352473944,4.198248128539656,2.6592335547674004,1.522303596128859,0.9702874226111639,snare,tangled_rope,False
model_of_models_regression,moderate,0.641765,0.0005326152102607747,0.0005770390495930706,0.033264248836662166,0.00027662118582521807,0.002036312129059784,snare,snare,True
model_of_models_regression,institutional,-0.024506,22.60772663056545,17.727286010533,3.0512474837018315,1.9096855528038676,0.9839433841465008,snare,rope,False
model_of_models_regression,analytical,0.79456,0.3357874414392455,0.9807672824492284,1.017619434111879,0.2533500833627588,0.3095774201092607,snare,snare,True
moltbook_agent_theater,powerless,0.739082,0.07506621010702257,0.11378078740220225,0.42743664391952374,0.0455019311859484,0.12350983478073829,snare,snare,True
moltbook_agent_theater,moderate,0.752415,0.1441178943084075,0.23730918421677594,0.6029457954540051,0.09019963604845584,0.19319264839127914,snare,snare,True
moltbook_agent_theater,institutional,-0.049915,21.8725515887259,12.746395421760027,2.8506203663386485,1.7100530907883387,0.9563151038894293,snare,rope,False
moltbook_agent_theater,analytical,0.931553,7.7000889228787575,3.281007951734039,2.7137345296207993,1.5753979500099482,0.9599442318599782,snare,piton,False
moltbook_breach_2026,powerless,0.3536,1.339752002454775,3.084602961625396,1.9209847028273994,0.8537668271029121,0.744190417168231,snare,tangled_rope,False
moltbook_breach_2026,moderate,0.752415,0.006270287303059597,0.008797036788407106,0.12142591924537185,0.003684931349932688,0.01435656080027814,snare,snare,True
moltbook_breach_2026,institutional,-0.028731,22.808141587522343,17.9196831090925,3.0547771968864854,1.9132118041223543,0.9920594956844546,snare,rope,False
moltbook_breach_2026,analytical,0.931553,2.577002304452407,4.467250988399973,2.4288275773369974,1.3022272707027962,0.9209196532584601,snare,tangled_rope,False
mom_z14_galaxy_2026,powerless,0.13626,5.139366353940738e-05,6.539683225785495e-05,0.010748291686770797,2.8881374034645172e-05,0.00016086697357020618,mountain,mountain,True
mom_z14_galaxy_2026,moderate,0.119997,8.263682932206564e-13,8.26448214545808e-13,1.2856516009642697e-06,4.132109457341962e-13,1.5788007567962836e-08,mountain,mountain,True
mom_z14_galaxy_2026,institutional,-0.014325,0.0662911847317683,0.33270318985074987,0.49164636691848085,0.060125344113724916,0.06499731744151283,mountain,mountain,True
mom_z14_galaxy_2026,analytical,0.165603,0.001996357835740478,0.004876775669411518,0.07691093824328682,0.0014786408712008595,0.002421243611359314,mountain,mountain,True
monetary_regime_transition,powerless,0.413016,0.014162565769227795,0.020972747090573573,0.18474496720171393,0.008526610239058482,0.02808637720092587,tangled_rope,tangled_rope,True
monetary_regime_transition,moderate,0.29509,0.036025981721637415,0.011399868206379074,0.1901739590234903,0.0090347232812377,0.01152913424391815,tangled_rope,tangled_rope,True
monetary_regime_transition,institutional,-0.016056,0.381171165918953,1.343268726540725,0.8472444977498876,0.17678811294128566,0.15835179931850094,tangled_rope,tangled_rope,True
monetary_regime_transition,analytical,0.520574,0.4753898637161842,1.1703767477232618,1.1816177833644599,0.3390192569982593,0.4026450305128088,tangled_rope,tangled_rope,True
monopoly_fp_house_rule,powerless,0.2704,2.2308634199987107,10.38074920880813,2.4482702784822057,1.3204809745527435,0.8926047272571712,snare,rope,False
monopoly_fp_house_rule,moderate,0.575376,6.40343271204593e-05,5.051773650271545e-05,0.01064561944191198,2.833223643200904e-05,0.0001648462929869643,snare,snare,True
monopoly_fp_house_rule,institutional,-0.041734,23.01674227758197,17.659076856384956,3.1387428548028518,1.997150202177401,0.9996569160425265,snare,rope,False
monopoly_fp_house_rule,analytical,0.712364,0.0001243724040396202,0.00019248431429537608,0.017417512582740723,7.584195680419902e-05,0.00018235208031924772,snare,snare,True
monty_hall_conditional_probability,powerless,0.09084,2.1668639546117004e-07,2.1155951426566046e-07,0.0006543694347448465,1.0704983857616881e-07,5.989453569332781e-06,mountain,mountain,True
monty_hall_conditional_probability,moderate,0.079998,2.987443788425516e-14,2.97240305557284e-14,2.4575624618635555e-07,1.4900914427480652e-14,2.2761613704957995e-09,mountain,mountain,True
monty_hall_conditional_probability,institutional,-0.00955,0.033291896961379144,0.16564578355890783,0.3485491398581495,0.030294833866207255,0.03324401513594033,mountain,mountain,True
monty_hall_conditional_probability,analytical,0.110402,1.1272015257364696e-06,1.18765234239376e-06,0.0015210748533730912,5.784171495853366e-07,1.4752550535313474e-05,mountain,mountain,True
moores_law,powerless,0.3016,2.8491725492070867,0.5006441914994916,1.332057229404355,0.4274366943071818,0.3924460284346402,tangled_rope,tangled_rope,True
moores_law,moderate,0.641765,0.0036324121149479013,0.0036723571133964934,0.08546565799541717,0.001825816805915213,0.04199195766005592,tangled_rope,tangled_rope,True
moores_law,institutional,-0.042575,8.517176494526325,4.230577125913971,1.6180505650397228,0.6195918386556816,0.39257405742393675,tangled_rope,tangled_rope,True
moores_law,analytical,0.79456,0.39793024606261923,0.27050526033673183,0.804316790973035,0.15956333919235544,0.3180732937569713,tangled_rope,tangled_rope,True
moral_outsourcing,powerless,0.3016,4.821614917498624,1.238153709000647,1.9624070567520575,0.8879547671244042,0.7105210921064471,snare,tangled_rope,False
moral_outsourcing,moderate,0.641765,0.003003360105594962,0.0029257288070210657,0.07699541093476309,0.0014818902901840177,0.03422911003115919,snare,snare,True
moral_outsourcing,institutional,-0.008431,15.79488890304785,2.6318407776082964,2.059043415087605,0.9695423485847356,0.7110083398770009,snare,tangled_rope,False
moral_outsourcing,analytical,0.79456,0.5063139502447708,0.48595937709987586,0.9950070261856035,0.24244658902940353,0.4761186330564913,snare,tangled_rope,False
mrna_melanoma_therapy,powerless,0.56518,0.048024406458875235,0.04580037545931812,0.3062416601343029,0.023400214855338983,0.1486064738848858,snare,snare,True
mrna_melanoma_therapy,moderate,0.575376,0.0633225480170992,0.059641905504717846,0.35054080267817533,0.030641152336224255,0.16898528603020946,snare,snare,True
mrna_melanoma_therapy,institutional,0.524479,0.0007451254097665368,0.0007433345214388215,0.03858054314550332,0.0003721030383887598,0.019205207843584704,snare,snare,True
mrna_melanoma_therapy,analytical,0.712364,0.016980626735139698,0.016640228227472877,0.1833504375969734,0.008398461304847392,0.09027955079230571,snare,snare,True
msgs_asset_bundling,powerless,0.56518,0.04797897216592047,0.045732659528463615,0.3060554843100447,0.02337182728943698,0.14842719087219214,snare,snare,True
msgs_asset_bundling,moderate,0.575376,0.0632578051001003,0.05954486158194064,0.350307723868198,0.030600522731425443,0.16876288900537395,snare,snare,True
msgs_asset_bundling,institutional,-0.021971,11.784842270980736,3.00243833964281,1.7963146986603797,0.7538953799728308,0.5383028443748349,snare,tangled_rope,False
msgs_asset_bundling,analytical,0.712364,0.016964241531488233,0.016615752727433687,0.18324035559070154,0.008388386659511323,0.0901966106222919,snare,snare,True
multi_agent_reward_hacking,powerless,-0.006744,15.79449050495982,2.6089757430891156,2.0582147527020185,0.968832229755098,0.7110083398770009,snare,tangled_rope,False
multi_agent_reward_hacking,moderate,0.641765,0.003003360105594962,0.0029257288070210657,0.07699541093476309,0.0014818902901840177,0.03422911003115919,snare,snare,True
multi_agent_reward_hacking,institutional,-0.024506,15.798747323224893,2.852488945578066,2.06702828083487,0.9763939932997519,0.7110083398770009,snare,tangled_rope,False
multi_agent_reward_hacking,analytical,0.79456,0.5063139502447708,0.48595937709987586,0.9950070261856035,0.24244658902940353,0.4761186330564913,snare,tangled_rope,False
multi_planetary_latency_lock,powerless,0.09084,6.375556736255286e-07,6.223850747153002e-07,0.0011224086400029845,3.1495028029419133e-07,1.757509230537746e-05,mountain,mountain,True
multi_planetary_latency_lock,moderate,0.079998,8.75681089261366e-14,8.749904955599671e-14,4.182955279236503e-07,4.37501865035164e-14,6.6758296668467665e-09,mountain,mountain,True
multi_planetary_latency_lock,institutional,-0.00955,0.09470399355221815,0.4544643166182809,0.5843390180088306,0.08475751008678456,0.09172098174546384,mountain,mountain,True
multi_planetary_latency_lock,analytical,0.110402,3.301727918846741e-06,3.4786633811143442e-06,0.0026032523835323785,1.6942305039230182e-06,4.320105945343283e-05,mountain,mountain,True
mutual_defection_equilibrium,powerless,0.739082,5.979310378998414e-05,7.76771616779546e-05,0.0116496493521804,3.3928486578247764e-05,0.00017434032813024025,snare,snare,True
mutual_defection_equilibrium,moderate,0.752415,0.0001160999909302826,0.00016405127981593395,0.016550954933446414,6.848313647047346e-05,0.0002679541135334196,snare,snare,True
mutual_defection_equilibrium,institutional,-0.054575,23.022034995521935,22.752997822189663,3.14066359333405,1.99907093977767,0.9998546156697018,snare,rope,False
mutual_defection_equilibrium,analytical,0.931553,0.1987596323112891,1.1356208457939445,0.8555356386604743,0.18021196934041056,0.18109823539922543,snare,snare,True
naming_as_control,powerless,0.3016,3.5899033142134176,4.734837608845382,2.6477234298964105,1.5111345822615845,0.9668673340370993,snare,tangled_rope,False
naming_as_control,moderate,0.641765,0.00010660013482581351,0.00010127995879258922,0.014412995705022125,5.1933386540513274e-05,0.0011670665051239188,snare,snare,True
naming_as_control,institutional,-0.024506,22.825391749583666,18.501520308698247,3.0744815324864354,1.9329014724355869,0.9925861995830413,snare,rope,False
naming_as_control,analytical,0.828154,0.13274963006720403,0.3474841318041085,0.6300436428942104,0.09842076391211661,0.1431355791488359,snare,snare,True
narcissistic_ego_maintenance,powerless,0.3536,1.339752002454775,3.084602961625396,1.9209847028273994,0.8537668271029121,0.744190417168231,snare,tangled_rope,False
narcissistic_ego_maintenance,moderate,0.752415,0.006270287303059597,0.008797036788407106,0.12142591924537185,0.003684931349932688,0.01435656080027814,snare,snare,True
narcissistic_ego_maintenance,institutional,-0.028731,22.808141587522343,17.9196831090925,3.0547771968864854,1.9132118041223543,0.9920594956844546,snare,rope,False
narcissistic_ego_maintenance,analytical,0.931553,2.577002304452407,4.467250988399973,2.4288275773369974,1.3022272707027962,0.9209196532584601,snare,tangled_rope,False
narrative_capacity_exhaustion,powerless,0.630393,0.004280332094953295,0.00432728483805847,0.09277585771482447,0.0021514541034281945,0.045668756374690256,tangled_rope,tangled_rope,True
narrative_capacity_exhaustion,moderate,0.641765,0.0036324121149479013,0.0036723571133964934,0.08546565799541717,0.001825816805915213,0.04199195766005592,tangled_rope,tangled_rope,True
narrative_capacity_exhaustion,institutional,-0.024506,8.498830612385829,3.79070672827152,1.5888551075517254,0.5986134003917553,0.39257405742393675,tangled_rope,tangled_rope,True
narrative_capacity_exhaustion,analytical,0.79456,0.39793024606261923,0.27050526033673183,0.804316790973035,0.15956333919235544,0.3180732937569713,tangled_rope,tangled_rope,True
narrative_engineering_2026,powerless,0.56518,0.048024406458875235,0.04580037545931812,0.3062416601343029,0.023400214855338983,0.1486064738848858,snare,snare,True
narrative_engineering_2026,moderate,0.575376,0.0633225480170992,0.059641905504717846,0.35054080267817533,0.030641152336224255,0.16898528603020946,snare,snare,True
narrative_engineering_2026,institutional,0.151521,8.69910198706419,0.8783098960362598,1.6530850654364744,0.6451538103910954,0.536959805484218,snare,tangled_rope,False
narrative_engineering_2026,analytical,0.712364,0.016980626735139698,0.016640228227472877,0.1833504375969734,0.008398461304847392,0.09027955079230571,snare,snare,True
narrative_overfitting,powerless,0.2704,4.304956493882062,0.7632174451903858,1.6184921748090653,0.6199114276529726,0.5327882251028603,snare,tangled_rope,False
narrative_overfitting,moderate,0.575376,0.06351272883250016,0.059931277530915913,0.3512308183273512,0.030761590607230452,0.16964472578469247,snare,snare,True
narrative_overfitting,institutional,0.641128,0.10415385172376418,0.09524616837781684,0.44619305124585373,0.04956596377492871,0.2120784218946431,snare,snare,True
narrative_overfitting,analytical,0.712364,0.017085007840238246,0.0168096079350084,0.1840678606887738,0.008464267269173069,0.09055607602911286,snare,snare,True
nasa_faster_better_cheaper,powerless,0.3016,4.821614917498624,1.238153709000647,1.9624070567520575,0.8879547671244042,0.7105210921064471,snare,tangled_rope,False
nasa_faster_better_cheaper,moderate,0.641765,0.003003360105594962,0.0029257288070210657,0.07699541093476309,0.0014818902901840177,0.03422911003115919,snare,snare,True
nasa_faster_better_cheaper,institutional,-0.024506,15.798747323224893,2.852488945578066,2.06702828083487,0.9763939932997519,0.7110083398770009,snare,tangled_rope,False
nasa_faster_better_cheaper,analytical,0.79456,0.5063139502447708,0.48595937709987586,0.9950070261856035,0.24244658902940353,0.4761186330564913,snare,tangled_rope,False
nash_equilibrium_coordination,powerless,0.356594,0.001887993396407911,0.0021752700678724073,0.06361167516646256,0.001011526027460406,0.009447911888937455,rope,rope,True
nash_equilibrium_coordination,moderate,0.322757,7.300357130708159e-06,7.3697270236998316e-06,0.0038301190399591956,3.667451844151886e-06,0.0005151275973752645,rope,rope,True
nash_equilibrium_coordination,institutional,-0.013521,0.01648064014093368,0.02293504485321271,0.19606647043084335,0.009602820838518749,0.03528667534621256,rope,rope,True
nash_equilibrium_coordination,analytical,0.438378,0.05439045767144501,0.09591312436825811,0.37474017173608354,0.03500495753451154,0.08152967668453348,rope,rope,True
nato_arctic_defense_cooperation,powerless,0.2704,3.3858157746073565,0.5363739441399336,1.3801324313075964,0.457592270838638,0.41187951026580627,tangled_rope,tangled_rope,True
nato_arctic_defense_cooperation,moderate,0.575376,0.06549584849585587,0.06543443697510727,0.36183850490468594,0.03264259249875578,0.17993235849752287,tangled_rope,snare,False
nato_arctic_defense_cooperation,institutional,-0.021971,8.917153171749309,2.9346873871875525,1.5944788151479694,0.6026312402619541,0.4119315700882379,tangled_rope,tangled_rope,True
nato_arctic_defense_cooperation,analytical,0.712364,0.01706667657735723,0.017250553945078476,0.1852443020412707,0.008572731539250065,0.09214395490124244,tangled_rope,snare,False
ncaa_eligibility_rules,powerless,0.572083,0.00047037236811697304,0.00047468610435951033,0.030741563116112747,0.0002362562741400628,0.014040366000796112,snare,snare,True
ncaa_eligibility_rules,moderate,0.641765,0.0030082530426557086,0.002930886757112825,0.07706060118227441,0.0014844004069120408,0.03427501976408032,snare,snare,True
ncaa_eligibility_rules,institutional,-0.024506,15.783880651874977,2.8169383652863833,2.064492892326638,0.9742166569132853,0.7104108442121635,snare,tangled_rope,False
ncaa_eligibility_rules,analytical,0.79456,0.5067116357290635,0.4863173604608155,0.9952842166856991,0.24257889041111488,0.47610819831345036,snare,tangled_rope,False
nds_2022_pacing_challenge,powerless,0.2704,4.304956493882062,0.7632174451903858,1.6184921748090653,0.6199114276529726,0.5327882251028603,snare,tangled_rope,False
nds_2022_pacing_challenge,moderate,0.575376,0.06351272883250016,0.059931277530915913,0.3512308183273512,0.030761590607230452,0.16964472578469247,snare,snare,True
nds_2022_pacing_challenge,institutional,-0.021971,11.622844466954552,2.0385311139673616,1.720909534774921,0.6958144827457994,0.5328730347864006,snare,tangled_rope,False
nds_2022_pacing_challenge,analytical,0.712364,0.017085007840238246,0.0168096079350084,0.1840678606887738,0.008464267269173069,0.09055607602911286,snare,snare,True
necessary_day_job,powerless,0.597787,0.02197768631006465,0.021493651197206566,0.2084878155739279,0.010856955276603023,0.10275051152331494,snare,snare,True
necessary_day_job,moderate,0.608571,0.026702007800270707,0.026011557649776838,0.22957908454620415,0.013162176717401768,0.11290452368305093,snare,snare,True
necessary_day_job,institutional,-0.023239,11.679672830698493,6.5125478266608505,2.0074624076889833,0.9256822952569305,0.5271238195180755,snare,tangled_rope,False
necessary_day_job,analytical,0.753462,0.07680841712362696,0.0740378968385691,0.3883335668151328,0.037582443046426973,0.1910635969342006,snare,tangled_rope,False
negative_emissions_arbitrage,powerless,0.3016,4.821614917498624,1.238153709000647,1.9624070567520575,0.8879547671244042,0.7105210921064471,snare,tangled_rope,False
negative_emissions_arbitrage,moderate,0.641765,0.003003360105594962,0.0029257288070210657,0.07699541093476309,0.0014818902901840177,0.03422911003115919,snare,snare,True
negative_emissions_arbitrage,institutional,-0.024506,15.798747323224893,2.852488945578066,2.06702828083487,0.9763939932997519,0.7110083398770009,snare,tangled_rope,False
negative_emissions_arbitrage,analytical,0.79456,0.5063139502447708,0.48595937709987586,0.9950070261856035,0.24244658902940353,0.4761186330564913,snare,tangled_rope,False
nero_imperial_expropriation,powerless,0.3536,2.994678436709577,1.2437892974639266,1.8672243414330172,0.8101309993803811,0.7175972730807283,snare,tangled_rope,False
nero_imperial_expropriation,moderate,0.752415,0.14575793359654196,0.165797112679732,0.5559070427786457,0.07676203729110112,0.2604939239111168,snare,tangled_rope,False
nero_imperial_expropriation,institutional,-0.028731,15.971988969234172,2.8013282134969826,2.0759465434907396,0.9840658492625902,0.7184021194537968,snare,tangled_rope,False
nero_imperial_expropriation,analytical,0.931553,5.160727636482867,3.014729114056353,2.35297757876806,1.2316620879800197,0.7178995636147699,snare,piton,False
net_zero_stabilization,powerless,0.3016,4.818572040970408,1.2360790260159584,1.9611543720992015,0.8869137949758577,0.7099249994615654,snare,tangled_rope,False
net_zero_stabilization,moderate,0.641765,0.0030082530426557086,0.002930886757112825,0.07706060118227441,0.0014844004069120408,0.03427501976408032,snare,snare,True
net_zero_stabilization,institutional,-0.042575,15.788147505940557,3.05913398706998,2.073242301925048,0.9817374085564852,0.7104108442121635,snare,tangled_rope,False
net_zero_stabilization,analytical,0.79456,0.5067116357290635,0.4863173604608155,0.9952842166856991,0.24257889041111488,0.47610819831345036,snare,tangled_rope,False
network_effects,powerless,0.3016,4.218434791642533,0.928021772114038,1.7441036172204651,0.7134861313736368,0.6026681324471133,snare,tangled_rope,False
network_effects,moderate,0.641765,0.0035393496627010475,0.003489305936890408,0.08383546582709688,0.0017568390653862531,0.040609418751404114,snare,snare,True
network_effects,institutional,-0.024506,13.410981536930846,7.262242150688589,2.1160831242644718,1.018840805499585,0.602968774587966,snare,tangled_rope,False
network_effects,analytical,0.79456,0.5043215644654061,0.41840979548283974,0.95675334817496,0.2245132562938482,0.4435433043732203,snare,tangled_rope,False
neural_interoperability,powerless,0.3016,4.821614917498624,1.238153709000647,1.9624070567520575,0.8879547671244042,0.7105210921064471,snare,tangled_rope,False
neural_interoperability,moderate,0.641765,0.003003360105594962,0.0029257288070210657,0.07699541093476309,0.0014818902901840177,0.03422911003115919,snare,snare,True
neural_interoperability,institutional,-0.024506,15.798747323224893,2.852488945578066,2.06702828083487,0.9763939932997519,0.7110083398770009,snare,tangled_rope,False
neural_interoperability,analytical,0.79456,0.5063139502447708,0.48595937709987586,0.9950070261856035,0.24244658902940353,0.4761186330564913,snare,tangled_rope,False
neural_substrate_2026,powerless,0.630393,0.0035077704005351,0.003406666420687116,0.08314641864358181,0.0017280828201056656,0.03676163312484307,snare,snare,True
neural_substrate_2026,moderate,0.641765,0.0029771567702120486,0.0028985918057397586,0.076648282449474,0.001468560043030566,0.033947752304477774,snare,snare,True
neural_substrate_2026,institutional,-0.008431,15.897442584090241,3.4295107118239034,2.098012054148798,1.0031340056892215,0.7146675096951286,snare,tangled_rope,False
neural_substrate_2026,analytical,0.79456,0.5048420368421559,0.48629706169272396,0.9946898837296858,0.2422952602260406,0.4764033166529932,snare,tangled_rope,False
neurodiversity_spectrum,powerless,0.3016,2.8491725492070867,0.5006441914994916,1.332057229404355,0.4274366943071818,0.3924460284346402,tangled_rope,tangled_rope,True
neurodiversity_spectrum,moderate,0.641765,0.0036324121149479013,0.0036723571133964934,0.08546565799541717,0.001825816805915213,0.04199195766005592,tangled_rope,tangled_rope,True
neurodiversity_spectrum,institutional,-0.024506,8.498830612385829,3.79070672827152,1.5888551075517254,0.5986134003917553,0.39257405742393675,tangled_rope,tangled_rope,True
neurodiversity_spectrum,analytical,0.79456,0.39793024606261923,0.27050526033673183,0.804316790973035,0.15956333919235544,0.3180732937569713,tangled_rope,tangled_rope,True
neuroplasticity_plateau,powerless,0.347803,0.0010583687071857423,0.0007735146318881098,0.042407132106385956,0.00044957436927000526,0.0019253874556894868,tangled_rope,tangled_rope,True
neuroplasticity_plateau,moderate,0.354077,0.001514201604338564,0.0010297866638743116,0.04973836144428017,0.0006184442743851641,0.0021672932730775196,tangled_rope,tangled_rope,True
neuroplasticity_plateau,institutional,-0.013521,1.587684843557244,4.1194142220329795,2.104150730828453,1.008460485063926,0.7976269099099289,tangled_rope,rope,False
neuroplasticity_plateau,analytical,0.438378,0.010817263980712151,0.002996592172668684,0.10012235517953849,0.00250559815831325,0.0030948140249241465,tangled_rope,tangled_rope,True
new_civilizational_rope,powerless,0.356594,0.004104512060461137,0.004676726670652415,0.09354784998772744,0.002187401215993875,0.020576993463885418,rope,rope,True
new_civilizational_rope,moderate,0.322757,1.600576626719242e-05,1.614768378088759e-05,0.005670356778759613,8.038231114953555e-06,0.001136110917045019,rope,rope,True
new_civilizational_rope,institutional,-0.013521,0.03530116666317261,0.04792577871695658,0.28557989161536856,0.020354349655893195,0.07469641735440713,rope,rope,True
new_civilizational_rope,analytical,0.438378,0.11124313394947942,0.1803243486770199,0.526905559384752,0.06900684620931,0.16134933901876813,rope,rope,True
new_start_expiration,powerless,0.673869,0.002675229285894916,0.0027459206925604406,0.07362373492389786,0.0013549605652123252,0.03250622678282866,snare,snare,True
new_start_expiration,moderate,0.686025,0.0071284635748977265,0.0074219273793967476,0.12060652066428817,0.003635381339415498,0.05387934331671218,snare,snare,True
new_start_expiration,institutional,-0.009012,16.754704132310785,3.7704004485979645,2.17238253425292,1.0682821414381265,0.750533925112314,snare,tangled_rope,False
new_start_expiration,analytical,0.849357,1.6689928357179944,1.1264897013840796,1.635042449213601,0.6319370883418646,0.6984239690106571,snare,tangled_rope,False
news_paywall_inequality,powerless,0.56518,0.04932283007881161,0.04948819791525196,0.3143397017093715,0.02465155331274406,0.15650362690330133,tangled_rope,snare,False
news_paywall_inequality,moderate,0.575376,0.06552480056536317,0.06539996141494547,0.3618307420492257,0.03264119571272989,0.17992436846213267,tangled_rope,snare,False
news_paywall_inequality,institutional,-0.021971,9.138228026358933,5.74905390119472,1.8545333897475713,0.7999543634836253,0.41389636881418235,tangled_rope,tangled_rope,True
news_paywall_inequality,analytical,0.712364,0.01707727952481859,0.017247763248433263,0.1852672504366359,0.008574854162282777,0.09220078729593373,tangled_rope,snare,False
newtons_method_convergence,powerless,0.13626,5.139366353940738e-05,6.539683225785495e-05,0.010748291686770797,2.8881374034645172e-05,0.00016086697357020618,mountain,mountain,True
newtons_method_convergence,moderate,0.119997,8.263682932206564e-13,8.26448214545808e-13,1.2856516009642697e-06,4.132109457341962e-13,1.5788007567962836e-08,mountain,mountain,True
newtons_method_convergence,institutional,-0.014325,0.0662911847317683,0.33270318985074987,0.49164636691848085,0.060125344113724916,0.06499731744151283,mountain,mountain,True
newtons_method_convergence,analytical,0.165603,0.001996357835740478,0.004876775669411518,0.07691093824328682,0.0014786408712008595,0.002421243611359314,mountain,mountain,True
nfl_superbowl_halftime_exclusivity,powerless,0.3016,4.218434791642533,0.928021772114038,1.7441036172204651,0.7134861313736368,0.6026681324471133,snare,tangled_rope,False
nfl_superbowl_halftime_exclusivity,moderate,0.641765,0.0035393496627010475,0.003489305936890408,0.08383546582709688,0.0017568390653862531,0.040609418751404114,snare,snare,True
nfl_superbowl_halftime_exclusivity,institutional,-0.024506,13.410981536930846,7.262242150688589,2.1160831242644718,1.018840805499585,0.602968774587966,snare,tangled_rope,False
nfl_superbowl_halftime_exclusivity,analytical,0.79456,0.5043215644654061,0.41840979548283974,0.95675334817496,0.2245132562938482,0.4435433043732203,snare,tangled_rope,False
nfl_superbowl_marketing_regulation,powerless,0.3016,4.841241037817919,1.2611371952374224,1.9708242812924401,0.8949607155886132,0.7141741148003178,snare,tangled_rope,False
nfl_superbowl_marketing_regulation,moderate,0.641765,0.002977203137337716,0.0028985806844169897,0.07664846036647771,0.0014685668598862474,0.03394765237288655,snare,snare,True
nfl_superbowl_marketing_regulation,institutional,0.169004,10.969428646583063,1.7970143257026197,2.0399731024219148,0.9532451779493051,0.7146694761226707,snare,tangled_rope,False
nfl_superbowl_marketing_regulation,analytical,0.79456,0.5048255287292887,0.48625669802611227,0.9946673623585643,0.24228451553052907,0.47639937889053735,snare,tangled_rope,False
nine_day_buffer,powerless,0.3016,3.8876912024649353,6.751877625981809,2.716698415638451,1.578294737403649,0.9735409973785685,snare,tangled_rope,False
nine_day_buffer,moderate,0.641765,0.00010544777549021932,9.892807197973184e-05,0.014286627400091229,5.1026713638475024e-05,0.001163354846885678,snare,snare,True
nine_day_buffer,institutional,-0.024506,22.862113305092496,13.171101453157139,3.132191465301942,1.9905988463329032,0.9926462342377677,snare,scaffold,False
nine_day_buffer,analytical,0.79456,0.03493795708313191,0.06622641038781575,0.3060409394879766,0.023369610257216494,0.04862543409984181,snare,snare,True
no_cloning_theorem,powerless,0.13626,5.139366353940738e-05,6.539683225785495e-05,0.010748291686770797,2.8881374034645172e-05,0.00016086697357020618,mountain,mountain,True
no_cloning_theorem,moderate,0.119997,8.263682932206564e-13,8.26448214545808e-13,1.2856516009642697e-06,4.132109457341962e-13,1.5788007567962836e-08,mountain,mountain,True
no_cloning_theorem,institutional,-0.014325,0.0662911847317683,0.33270318985074987,0.49164636691848085,0.060125344113724916,0.06499731744151283,mountain,mountain,True
no_cloning_theorem,analytical,0.165603,0.001996357835740478,0.004876775669411518,0.07691093824328682,0.0014786408712008595,0.002421243611359314,mountain,mountain,True
noethers_isomorphism_theorems,powerless,0.13626,5.139366353940738e-05,6.539683225785495e-05,0.010748291686770797,2.8881374034645172e-05,0.00016086697357020618,mountain,mountain,True
noethers_isomorphism_theorems,moderate,0.119997,8.263682932206564e-13,8.26448214545808e-13,1.2856516009642697e-06,4.132109457341962e-13,1.5788007567962836e-08,mountain,mountain,True
noethers_isomorphism_theorems,institutional,-0.014325,0.0662911847317683,0.33270318985074987,0.49164636691848085,0.060125344113724916,0.06499731744151283,mountain,mountain,True
noethers_isomorphism_theorems,analytical,0.165603,0.001996357835740478,0.004876775669411518,0.07691093824328682,0.0014786408712008595,0.002421243611359314,mountain,mountain,True
noethers_theorem,powerless,0.09084,2.1668639546117004e-07,2.1155951426566046e-07,0.0006543694347448465,1.0704983857616881e-07,5.989453569332781e-06,mountain,mountain,True
noethers_theorem,moderate,0.079998,2.987443788425516e-14,2.97240305557284e-14,2.4575624618635555e-07,1.4900914427480652e-14,2.2761613704957995e-09,mountain,mountain,True
noethers_theorem,institutional,-0.00955,0.033291896961379144,0.16564578355890783,0.3485491398581495,0.030294833866207255,0.03324401513594033,mountain,mountain,True
noethers_theorem,analytical,0.110402,1.1272015257364696e-06,1.18765234239376e-06,0.0015210748533730912,5.784171495853366e-07,1.4752550535313474e-05,mountain,mountain,True
noethers_theorem_symmetry,powerless,0.09084,6.375556736255286e-07,6.223850747153002e-07,0.0011224086400029845,3.1495028029419133e-07,1.757509230537746e-05,mountain,mountain,True
noethers_theorem_symmetry,moderate,0.079998,8.75681089261366e-14,8.749904955599671e-14,4.182955279236503e-07,4.37501865035164e-14,6.6758296668467665e-09,mountain,mountain,True
noethers_theorem_symmetry,institutional,-0.00955,0.09470399355221815,0.4544643166182809,0.5843390180088306,0.08475751008678456,0.09172098174546384,mountain,mountain,True
noethers_theorem_symmetry,analytical,0.110402,3.301727918846741e-06,3.4786633811143442e-06,0.0026032523835323785,1.6942305039230182e-06,4.320105945343283e-05,mountain,mountain,True
non_compete_agreements,powerless,0.630393,0.003204698314945861,0.0030988957644028066,0.07938678131714132,0.0015753584056804578,0.0335142034986734,snare,snare,True
non_compete_agreements,moderate,0.641765,0.0027208127751801566,0.002638439194893156,0.07320041789275641,0.0013394257630982324,0.03096419115960214,snare,snare,True
non_compete_agreements,institutional,-0.024506,16.792605181941305,5.058394196299847,2.2381199301601122,1.1269432409991849,0.7507703257122034,snare,tangled_rope,False
non_compete_agreements,analytical,0.79456,0.49181827237011405,0.5013662599072276,0.9958180652154116,0.24283378826020874,0.477409020386928,snare,tangled_rope,False
noncentrosymmetric_asoc_coupling,powerless,0.13626,5.139366353940738e-05,6.539683225785495e-05,0.010748291686770797,2.8881374034645172e-05,0.00016086697357020618,mountain,mountain,True
noncentrosymmetric_asoc_coupling,moderate,0.119997,8.263682932206564e-13,8.26448214545808e-13,1.2856516009642697e-06,4.132109457341962e-13,1.5788007567962836e-08,mountain,mountain,True
noncentrosymmetric_asoc_coupling,institutional,-0.014325,0.0662911847317683,0.33270318985074987,0.49164636691848085,0.060125344113724916,0.06499731744151283,mountain,mountain,True
noncentrosymmetric_asoc_coupling,analytical,0.165603,0.001996357835740478,0.004876775669411518,0.07691093824328682,0.0014786408712008595,0.002421243611359314,mountain,mountain,True
nonstandard_arithmetic_models,powerless,0.13626,5.139366353940738e-05,6.539683225785495e-05,0.010748291686770797,2.8881374034645172e-05,0.00016086697357020618,mountain,mountain,True
nonstandard_arithmetic_models,moderate,0.119997,8.263682932206564e-13,8.26448214545808e-13,1.2856516009642697e-06,4.132109457341962e-13,1.5788007567962836e-08,mountain,mountain,True
nonstandard_arithmetic_models,institutional,-0.014325,0.0662911847317683,0.33270318985074987,0.49164636691848085,0.060125344113724916,0.06499731744151283,mountain,mountain,True
nonstandard_arithmetic_models,analytical,0.165603,0.001996357835740478,0.004876775669411518,0.07691093824328682,0.0014786408712008595,0.002421243611359314,mountain,mountain,True
nonstandard_models_of_arithmetic,powerless,0.13626,4.5844794540152947e-05,5.8336767136279846e-05,0.01015151571236244,2.5763262502529134e-05,0.00014349917989642247,mountain,mountain,True
nonstandard_models_of_arithmetic,moderate,0.119997,7.370751267060713e-13,7.373238775562552e-13,1.214238929001312e-06,3.6859383548983044e-13,1.408323402340983e-08,mountain,mountain,True
nonstandard_models_of_arithmetic,institutional,-0.014325,0.05934177067233952,0.29905359547804783,0.46547831367174547,0.0539234462065861,0.05838490277782238,mountain,mountain,True
nonstandard_models_of_arithmetic,analytical,0.165603,0.0017810482789680428,0.0043515425979608405,0.07264757465647419,0.0013192724603633672,0.0021603655691905255,mountain,mountain,True
norm_erosion_threshold,powerless,0.630393,0.0035034615715999196,0.0034022417539957867,0.08309385091054529,0.0017258987304459628,0.036715254877372816,snare,snare,True
norm_erosion_threshold,moderate,0.641765,0.002973492327279123,0.002894819274797762,0.07659972060741338,0.0014666999968112088,0.03390515770614366,snare,snare,True
norm_erosion_threshold,institutional,-0.024506,16.045335276889123,8.207792752444353,2.3334553646985694,1.2136748430372122,0.7152191615866788,snare,tangled_rope,False
norm_erosion_threshold,analytical,0.79456,0.5046839978244675,0.48652271941454855,0.9947355241378578,0.24231703544033834,0.4764591363901738,snare,tangled_rope,False
north_korea_songun_mandatrophy,powerless,0.4056,0.011322364561789826,0.004721390575010529,0.11745259550433153,0.003447786989111936,0.005983929378256647,tangled_rope,tangled_rope,True
north_korea_songun_mandatrophy,moderate,0.863064,0.011119254167563139,0.009763202750654334,0.13872388358291576,0.004809150404983186,0.007830713263605026,tangled_rope,tangled_rope,True
north_korea_songun_mandatrophy,institutional,-0.011338,0.0774311727182787,0.16221054629855983,0.23644261586609597,0.013960007202971919,0.0085994619040772,tangled_rope,tangled_rope,True
north_korea_songun_mandatrophy,analytical,1.068546,0.7094640825072639,2.246740039785469,1.4562204345536105,0.5071333806054832,0.48827223390862173,tangled_rope,tangled_rope,True
north_sea_wind_grid,powerless,0.56518,0.013184112975504331,0.015731087844693792,0.16954733490714335,0.007182271819755204,0.04581365514530722,tangled_rope,tangled_rope,True
north_sea_wind_grid,moderate,0.575376,0.01803857597719921,0.022064754901663895,0.19949603153590145,0.009941419729664665,0.05513098132500582,tangled_rope,tangled_rope,True
north_sea_wind_grid,institutional,-0.03817,1.4997437198687964,4.822060412137407,1.3152217006995848,0.4170903932695009,0.3348274368092517,tangled_rope,tangled_rope,True
north_sea_wind_grid,analytical,0.712364,0.004624689554955088,0.005430235692879504,0.09979832734491781,0.00248940993357665,0.02456766145354128,tangled_rope,tangled_rope,True
notary_ink_dependency,powerless,0.2704,4.310275319468763,0.764822512676381,1.6199159844169775,0.6209422839040202,0.5335087920350912,snare,tangled_rope,False
notary_ink_dependency,moderate,0.575376,0.06348006725277446,0.05988103394563815,0.3511116162010102,0.030740767810964208,0.16953066743642153,snare,snare,True
notary_ink_dependency,institutional,-0.030475,11.643782961917877,2.1657213111985327,1.7301485053110683,0.7028327988918618,0.5335938463626007,snare,tangled_rope,False
notary_ink_dependency,analytical,0.712364,0.017056466893997025,0.016762145301791088,0.1838704620701756,0.008446135234966205,0.0905022512180036,snare,snare,True
nsl_hk,powerless,0.3536,2.530764424824382,0.8117288032491725,1.5866019083308178,0.5970067166674489,0.5629098329606174,snare,tangled_rope,False
nsl_hk,moderate,0.752415,0.13445260892664737,0.12890045771697559,0.5130460066201169,0.06544399404280919,0.25166267800023356,snare,tangled_rope,False
nsl_hk,institutional,-0.028731,12.366843779006663,1.345621551812819,1.7291570372954506,0.7020783089526472,0.5662499892895767,snare,tangled_rope,False
nsl_hk,analytical,0.931553,3.3263651710186863,0.8884718831222995,1.6584476293088781,0.6491033435280408,0.5653986641864647,snare,tangled_rope,False
nsw_transmission_bottleneck,powerless,0.2704,3.3858157746073565,0.5363739441399336,1.3801324313075964,0.457592270838638,0.41187951026580627,tangled_rope,tangled_rope,True
nsw_transmission_bottleneck,moderate,0.575376,0.06549584849585587,0.06543443697510727,0.36183850490468594,0.03264259249875578,0.17993235849752287,tangled_rope,snare,False
nsw_transmission_bottleneck,institutional,-0.021971,8.917153171749309,2.9346873871875525,1.5944788151479694,0.6026312402619541,0.4119315700882379,tangled_rope,tangled_rope,True
nsw_transmission_bottleneck,analytical,0.712364,0.01706667657735723,0.017250553945078476,0.1852443020412707,0.008572731539250065,0.09214395490124244,tangled_rope,snare,False
nuclear_order_2026,powerless,0.2704,4.335141529822254,0.7729338599365184,1.6266316510842835,0.6258139259408996,0.5368736284060396,snare,tangled_rope,False
nuclear_order_2026,moderate,0.575376,0.0633225480170992,0.059641905504717846,0.35054080267817533,0.030641152336224255,0.16898528603020946,snare,snare,True
nuclear_order_2026,institutional,0.311512,3.118315114083134,0.7640118546311145,1.5872215192456889,0.5974483638099694,0.5361283543382812,snare,tangled_rope,False
nuclear_order_2026,analytical,0.712364,0.016980626735139698,0.016640228227472877,0.1833504375969734,0.008398461304847392,0.09027955079230571,snare,snare,True
nuclear_site_safety_norms,powerless,0.413016,0.00012472007860929405,0.00011871600310923003,0.015350475700844487,5.890898686911172e-05,0.00010565736448370658,tangled_rope,tangled_rope,True
nuclear_site_safety_norms,moderate,0.420467,0.00018470495039346323,0.00018307178448030866,0.018724120210774894,8.764752923524274e-05,0.00012219090760593994,tangled_rope,tangled_rope,True
nuclear_site_safety_norms,institutional,-0.005523,0.8912231514919507,4.532073409290473,1.7281680879200867,0.7013260534074913,0.590124566800641,tangled_rope,rope,False
nuclear_site_safety_norms,analytical,0.520574,0.0026217100810304534,0.006553938859853092,0.08242167945520518,0.0016980929633246568,0.0020307687713072196,tangled_rope,tangled_rope,True
nuclear_vacuum_2026,powerless,0.105268,16.641795399844284,22.355498571486315,3.1363667629362224,1.994774115293041,0.9998426966466067,snare,rope,False
nuclear_vacuum_2026,moderate,0.752415,0.00016568997068299102,0.0002589070961215006,0.020183533206781987,0.00010184288883444291,0.00034044147847234196,snare,snare,True
nuclear_vacuum_2026,institutional,0.685858,2.9427735825594404e-07,3.016579287243365e-07,0.0007719152676434375,1.4896329334098228e-07,9.350674321173535e-06,snare,snare,True
nuclear_vacuum_2026,analytical,0.931553,0.8141194157621475,5.175005718267311,1.670172472244248,0.6577724927445139,0.5574123580417765,snare,piton,False
nursery_social_hierarchy,powerless,0.56518,0.0025458090669333707,0.0020742402893237483,0.0677039152067444,0.0011458456033492743,0.007321967558948872,snare,snare,True
nursery_social_hierarchy,moderate,0.575376,0.0032878235718563874,0.0025963672693610795,0.07630836529855649,0.0014555650635570717,0.008091345229021552,snare,snare,True
nursery_social_hierarchy,institutional,-0.021971,22.61064327131276,15.188830537693017,3.0425410743769747,1.9009889081703935,0.9842104154976072,snare,rope,False
nursery_social_hierarchy,analytical,0.712364,0.0010292437517488106,0.0009689772715403755,0.044542246569637164,0.0004959824311304967,0.004845404178855801,snare,snare,True
nvidia_cuda_ecosystem_lockin,powerless,0.2704,4.33531774874988,0.8709250082129729,1.636184115707283,0.6327701026805064,0.5348155677134878,snare,tangled_rope,False
nvidia_cuda_ecosystem_lockin,moderate,0.575376,0.06343039066833263,0.059795547768876765,0.35091571962440093,0.030706562856667723,0.16932741021236541,snare,snare,True
nvidia_cuda_ecosystem_lockin,institutional,-0.021971,12.87470533064834,10.51999237674885,2.7767641804986147,1.6371914384466888,0.7645569896119064,snare,scaffold,False
nvidia_cuda_ecosystem_lockin,analytical,0.712364,0.017035887963132264,0.01667013273925972,0.1835469753212105,0.008416463332766995,0.0904045790969773,snare,snare,True
ny_private_school_discount,powerless,0.630393,0.00012306512679715036,0.00011523976142697289,0.015428924278071172,5.951263094611062e-05,0.0012548204441912292,snare,snare,True
ny_private_school_discount,moderate,0.641765,0.00010544777549021932,9.892807197973184e-05,0.014286627400091229,5.1026713638475024e-05,0.001163354846885678,snare,snare,True
ny_private_school_discount,institutional,-0.042575,22.86526158019783,13.013596150260454,3.1332955065714256,1.991702876781511,0.9926462342377677,snare,scaffold,False
ny_private_school_discount,analytical,0.79456,0.03493795708313191,0.06622641038781575,0.3060409394879766,0.023369610257216494,0.04862543409984181,snare,snare,True
nyc_metrocard_art_licensing,powerless,0.56518,0.013559118426056345,0.016162444076650826,0.17190045625684056,0.0073828949771562145,0.04707244108202708,tangled_rope,tangled_rope,True
nyc_metrocard_art_licensing,moderate,0.575376,0.018546804947508214,0.022659430509769492,0.20222913064712303,0.010215447176154665,0.05662501078046179,tangled_rope,tangled_rope,True
nyc_metrocard_art_licensing,institutional,-0.021971,2.38888515179495,9.566770490153628,2.0868624560618207,0.993483644928766,0.6717486213363495,tangled_rope,rope,False
nyc_metrocard_art_licensing,analytical,0.712364,0.004365380937941086,0.004848036207159556,0.0958679010278991,0.0022972237073940155,0.024724929866306693,tangled_rope,tangled_rope,True
oc_donation_model,powerless,0.304328,0.03264304098611698,0.03902975610714014,0.2669142149970825,0.017784379849702735,0.09425241963368458,rope,rope,True
oc_donation_model,moderate,0.309818,0.051946697552518906,0.06422154567751823,0.3393902905068897,0.02872740569489917,0.12385899706383596,rope,rope,True
oc_donation_model,institutional,0.352479,0.45737267496827283,0.6254577998372987,1.0298238672559679,0.25932781063920624,0.452962943720996,rope,tangled_rope,False
oc_donation_model,analytical,0.383581,1.1203062692897892,1.3276148679159383,1.5523133895867545,0.5727776032639746,0.6933975362162093,rope,tangled_rope,False
olympic_legacy_curling_investment,powerless,0.413016,0.0005500970302218153,0.00036145465905594945,0.029696455941948818,0.00022046582332737246,0.0007141619106563191,tangled_rope,tangled_rope,True
olympic_legacy_curling_investment,moderate,0.420467,0.0007746416704380825,0.0004627833641344699,0.0343117835293829,0.0002943174033972091,0.0007855900910687108,tangled_rope,tangled_rope,True
olympic_legacy_curling_investment,institutional,-0.016056,2.454806432348565,6.037935963412526,2.4868959667996546,1.3569333746250984,0.9139997335635146,tangled_rope,rope,False
olympic_legacy_curling_investment,analytical,0.520574,0.004927079472612257,0.0009754724621920659,0.059798643049223665,0.0008939028311719687,0.0009873860092444176,tangled_rope,tangled_rope,True
olympic_medal_allocation,powerless,0.437752,0.6294454614823475,0.3513021391918574,0.9575642891286076,0.22488670972716684,0.35377801081118143,tangled_rope,tangled_rope,True
olympic_medal_allocation,moderate,0.641765,0.0036324121149479013,0.0036723571133964934,0.08546565799541717,0.001825816805915213,0.04199195766005592,tangled_rope,tangled_rope,True
olympic_medal_allocation,institutional,-0.024506,8.498830612385829,3.79070672827152,1.5888551075517254,0.5986134003917553,0.39257405742393675,tangled_rope,tangled_rope,True
olympic_medal_allocation,analytical,0.79456,0.39793024606261923,0.27050526033673183,0.804316790973035,0.15956333919235544,0.3180732937569713,tangled_rope,tangled_rope,True
omega1_patches,powerless,0.413016,0.00010215275155136852,0.00010299155016275577,0.014092448958531418,4.9649073991919876e-05,8.433089420806883e-05,tangled_rope,tangled_rope,True
omega1_patches,moderate,0.420467,0.00015273677661460994,0.00016220408708455083,0.01732999239027628,7.508168928544314e-05,0.00011903755594130535,tangled_rope,tangled_rope,True
omega1_patches,institutional,-0.027894,0.8325909845808915,4.479296138399772,1.6811678234369498,0.6659441875290094,0.5652827348392844,tangled_rope,rope,False
omega1_patches,analytical,0.520574,0.0023906914726996888,0.006364153440859354,0.08072255492177866,0.0016288115846497552,0.001978387720807267,tangled_rope,tangled_rope,True
omelet_perfection_complexity,powerless,0.56518,0.04919035145043871,0.04953095700591208,0.3141958878384284,0.0246290481588786,0.15636312922820655,tangled_rope,snare,False
omelet_perfection_complexity,moderate,0.555901,0.03447159766854173,0.03482746171185867,0.26324363239018317,0.01729930598251708,0.13101446799837835,tangled_rope,snare,False
omelet_perfection_complexity,institutional,-0.021971,8.745626559766388,2.3436133129898598,1.5344146732798751,0.5602961220420642,0.40559296255546007,tangled_rope,tangled_rope,True
omelet_perfection_complexity,analytical,0.712364,0.01725725719518201,0.01765111362085282,0.18672647034805928,0.008710363792537154,0.09211458990606802,tangled_rope,tangled_rope,True
ontological_friction_resolution,powerless,0.3016,4.821614917498624,1.238153709000647,1.9624070567520575,0.8879547671244042,0.7105210921064471,snare,tangled_rope,False
ontological_friction_resolution,moderate,0.641765,0.003003360105594962,0.0029257288070210657,0.07699541093476309,0.0014818902901840177,0.03422911003115919,snare,snare,True
ontological_friction_resolution,institutional,0.260901,6.4630571772698335,1.2462856716436175,1.9928478851872027,0.9133840134752437,0.7109599101846822,snare,tangled_rope,False
ontological_friction_resolution,analytical,0.79456,0.5063139502447708,0.48595937709987586,0.9950070261856035,0.24244658902940353,0.4761186330564913,snare,tangled_rope,False
open_culture_newsletter,powerless,0.413016,0.011123873430418377,0.007511683304504236,0.13451537127427698,0.004521891290764239,0.01563498899015825,tangled_rope,tangled_rope,True
open_culture_newsletter,moderate,0.420467,0.015706309497819603,0.009698808316394348,0.15588411302416852,0.006071889363560961,0.0173245983841942,tangled_rope,tangled_rope,True
open_culture_newsletter,institutional,-0.016056,5.410225022779438,3.744103949549146,2.7185364110044317,1.5800915885257725,0.9733214387385793,tangled_rope,rope,False
open_culture_newsletter,analytical,0.520574,0.10130817467350786,0.022185528398883374,0.2803408968034107,0.01961560614462186,0.022890923853664535,tangled_rope,tangled_rope,True
open_source_commons,powerless,0.200584,3.4830398204696285e-07,3.483129233345332e-07,0.000834605185721237,1.7414145160706223e-07,9.483167314351844e-05,rope,rope,True
open_source_commons,moderate,0.181551,1.969982833493526e-08,1.968903162804668e-08,0.00019846626074254011,9.84721412544416e-09,2.2730503461153295e-05,rope,rope,True
open_source_commons,institutional,-0.007605,0.03173348264680041,0.0522773501074166,0.28312934032582476,0.020007109531491794,0.051402729363035284,rope,rope,True
open_source_commons,analytical,0.246588,6.74104385597759e-05,6.96835820994167e-05,0.011706989946742172,3.426330557156831e-05,0.0013743763210911641,rope,rope,True
openai_api_access,powerless,0.630393,0.0035034615715999196,0.0034022417539957867,0.08309385091054529,0.0017258987304459628,0.036715254877372816,snare,snare,True
openai_api_access,moderate,0.641765,0.002973492327279123,0.002894819274797762,0.07659972060741338,0.0014666999968112088,0.03390515770614366,snare,snare,True
openai_api_access,institutional,-0.042575,16.08848703032706,9.309773069743235,2.3953861773526444,1.2709861602268984,0.7152191615866788,snare,tangled_rope,False
openai_api_access,analytical,0.79456,0.5046839978244675,0.48652271941454855,0.9947355241378578,0.24231703544033834,0.4764591363901738,snare,tangled_rope,False
openai_codex_app_constraint,powerless,0.167392,14.531705874058703,11.339216780846067,3.0631912150560114,1.9216186397913824,0.9843006198281674,snare,rope,False
openai_codex_app_constraint,moderate,0.575376,0.003295165635088581,0.002595457746834178,0.07633398270050039,0.0014565424014072366,0.00806175975927026,snare,snare,True
openai_codex_app_constraint,institutional,-0.021971,22.687113128965,10.871774883848015,3.1230741935096513,1.9814818045269655,0.984300991421333,snare,scaffold,False
openai_codex_app_constraint,analytical,0.712364,0.001032005535168081,0.0008651686455690777,0.04317440457592153,0.00046598920600203703,0.004842723101136759,snare,snare,True
openai_default_data_training,powerless,0.630393,0.003503446205804176,0.0034022380034683503,0.08309374644133269,0.0017258943913224252,0.03671531361258781,snare,snare,True
openai_default_data_training,moderate,0.620043,0.0033318637474444098,0.0032381767733773883,0.08104960046633544,0.0016420346949037367,0.03583196456360124,snare,snare,True
openai_default_data_training,institutional,-0.024506,15.933812487742815,4.536165198786964,2.1447547100629114,1.0439250856519757,0.7152181230001492,snare,tangled_rope,False
openai_default_data_training,analytical,0.79456,0.5046883650392427,0.48653286827672737,0.9947412536508731,0.24231976907770314,0.47646014628487676,snare,tangled_rope,False
openai_health_review,powerless,0.3016,3.5899033142134176,4.734837608845382,2.6477234298964105,1.5111345822615845,0.9668673340370993,snare,tangled_rope,False
openai_health_review,moderate,0.620043,0.00011669495025507339,0.00010993243697594958,0.015049015988430024,5.661795342045666e-05,0.0012302467329727363,snare,snare,True
openai_health_review,institutional,-0.024506,22.825391749583666,18.501520308698247,3.0744815324864354,1.9329014724355869,0.9925861995830413,snare,rope,False
openai_health_review,analytical,0.79456,0.03770758888632142,0.07651123862683576,0.3209227892522777,0.025692660538162958,0.051423343665681576,snare,snare,True
openai_implicit_translator,powerless,0.3016,4.047967563341169,4.650396760827666,2.6765753136962105,1.539161177565714,0.9725002764782283,snare,tangled_rope,False
openai_implicit_translator,moderate,0.641765,0.00016687828754114597,0.00015770594361125422,0.018010700274562603,8.10957830453165e-05,0.0018748645099117,snare,snare,True
openai_implicit_translator,institutional,-0.024506,22.72969809616921,17.71333103233513,3.1050932316820825,1.9635026040924901,0.9880834809640904,snare,rope,False
openai_implicit_translator,analytical,0.79456,0.05541253844130096,0.10302400037075952,0.3838490340451327,0.03672209074577346,0.07615260436787019,snare,snare,True
openai_prism_development,powerless,0.581558,0.0002128651898319613,0.00021088969476690858,0.020574928485218996,0.00010583098717980346,0.009084250771014268,tangled_rope,tangled_rope,True
openai_prism_development,moderate,0.752415,0.09237449842921115,0.07468979320872551,0.40698533365839334,0.04126656860646446,0.15983850591796372,tangled_rope,tangled_rope,True
openai_prism_development,institutional,-0.028731,5.882585483318631,0.8244312463581263,1.1608170972672323,0.32752262863393994,0.2803457118483118,tangled_rope,tangled_rope,True
openai_prism_development,analytical,0.931553,1.7244649565402277,0.3347086938509663,1.0869402012877363,0.2881611655557338,0.2800872897621664,tangled_rope,tangled_rope,True
openbsd_netiquette_protocol,powerless,0.413016,0.006423578009938465,0.009600577985318638,0.12466674291720019,0.0038841913006998447,0.01279006843973177,tangled_rope,tangled_rope,True
openbsd_netiquette_protocol,moderate,0.406235,0.0037997516631448148,0.005263811335770052,0.09424933181402691,0.002220323195592876,0.008968696170804882,tangled_rope,tangled_rope,True
openbsd_netiquette_protocol,institutional,-0.016056,0.4080861699936155,2.247603836035544,1.102222235126735,0.2961135420739379,0.27036430585446913,tangled_rope,tangled_rope,True
openbsd_netiquette_protocol,analytical,0.520574,0.24588919776907622,0.7072925428795224,0.8755190550775834,0.18859260546887818,0.23316564160601513,tangled_rope,tangled_rope,True
openclaw_data_lock_in,powerless,0.3536,1.1813952238352243,2.9825049748360883,1.837260278393022,0.7861810972784573,0.699974599129925,snare,tangled_rope,False
openclaw_data_lock_in,moderate,0.752415,0.0049871220165855264,0.0070077389254649325,0.10833121992917259,0.0029331960523781586,0.011436920458375188,snare,snare,True
openclaw_data_lock_in,institutional,-0.028731,22.85346493729453,19.157497944528316,3.074549586857879,1.9329694885356747,0.9937003645513683,snare,rope,False
openclaw_data_lock_in,analytical,1.108623,15.28210722779452,10.262663587101649,3.071110333829231,1.9295322684612524,0.9937001608500251,snare,piton,False
openclaw_regulation,powerless,0.2704,4.310275319468763,0.764822512676381,1.6199159844169775,0.6209422839040202,0.5335087920350912,snare,tangled_rope,False
openclaw_regulation,moderate,0.575376,0.06348006725277446,0.05988103394563815,0.3511116162010102,0.030740767810964208,0.16953066743642153,snare,snare,True
openclaw_regulation,institutional,-0.021971,11.640456018756844,2.0672907728620586,1.7240585779302446,0.6982035114067705,0.5335938463626007,snare,tangled_rope,False
openclaw_regulation,analytical,0.712364,0.017056466893997025,0.016762145301791088,0.1838704620701756,0.008446135234966205,0.0905022512180036,snare,snare,True
openscholar_peer_review,powerless,0.56518,0.013184112975504331,0.015731087844693792,0.16954733490714335,0.007182271819755204,0.04581365514530722,tangled_rope,tangled_rope,True
openscholar_peer_review,moderate,0.575376,0.01803857597719921,0.022064754901663895,0.19949603153590145,0.009941419729664665,0.05513098132500582,tangled_rope,tangled_rope,True
openscholar_peer_review,institutional,-0.021971,1.4584996488465645,4.36602774128999,1.2568622241303318,0.38209836881490294,0.30524212126023814,tangled_rope,tangled_rope,True
openscholar_peer_review,analytical,0.712364,0.004624689554955088,0.005430235692879504,0.09979832734491781,0.00248940993357665,0.02456766145354128,tangled_rope,tangled_rope,True
opioid_political_realignment_2026,powerless,0.3016,5.000708306795366,1.3741548873861131,2.0416226809742164,0.9546511413380542,0.7475410966428959,snare,tangled_rope,False
opioid_political_realignment_2026,moderate,0.641765,0.0027415232040475155,0.0026594531670623175,0.07348489216775382,0.001349855474408222,0.0311960981094285,snare,snare,True
opioid_political_realignment_2026,institutional,-0.024506,16.678388285582958,2.4631625311679692,2.1271456981624044,1.0284956525518654,0.7481292971323005,snare,tangled_rope,False
opioid_political_realignment_2026,analytical,0.79456,0.4932614344047366,0.5010224136903517,0.9962974723163402,0.24306279853486704,0.47761727311526425,snare,tangled_rope,False
optimization_fragility,powerless,0.3016,4.840183596247774,1.2516456582345588,1.9701454316164622,0.8943949581333984,0.7141715385262175,snare,tangled_rope,False
optimization_fragility,moderate,0.641765,0.0029771567702120486,0.0028985918057397586,0.076648282449474,0.001468560043030566,0.033947752304477774,snare,snare,True
optimization_fragility,institutional,0.662133,0.0008760606861320195,0.0008639912830825494,0.041713104873263025,0.00043498001132657934,0.018642143193203342,snare,snare,True
optimization_fragility,analytical,0.79456,0.5048420368421559,0.48629706169272396,0.9946898837296858,0.2422952602260406,0.4764033166529932,snare,tangled_rope,False
oral_glp1_market_access,powerless,0.3016,4.841241037817919,1.2611371952374224,1.9708242812924401,0.8949607155886132,0.7141741148003178,snare,tangled_rope,False
oral_glp1_market_access,moderate,0.641765,0.002977203137337716,0.0028985806844169897,0.07664846036647771,0.0014685668598862474,0.03394765237288655,snare,snare,True
oral_glp1_market_access,institutional,-0.024506,16.148145404365486,10.41023381529223,2.4868868047367236,1.3569246990903303,0.7146695710754275,snare,scaffold,False
oral_glp1_market_access,analytical,0.79456,0.5048255287292887,0.48625669802611227,0.9946673623585643,0.24228451553052907,0.47639937889053735,snare,tangled_rope,False
orbital_data_center_2026,powerless,0.3016,3.577250073612523,4.79556879582664,2.6475473922949866,1.5109638864333583,0.9666560144296825,snare,tangled_rope,False
orbital_data_center_2026,moderate,0.641765,0.00010213342092188909,9.649792147290992e-05,0.014089356846114237,4.9627288843842674e-05,0.0011466811218174876,snare,snare,True
orbital_data_center_2026,institutional,-0.024506,22.83283175298604,18.850901662109905,3.0891590654767236,1.947572418125353,0.9927398581278012,snare,rope,False
orbital_data_center_2026,analytical,0.79456,0.03458684084737326,0.06573099362050606,0.30461933424758947,0.023153422855895958,0.048125925737947495,snare,snare,True
oscar_campaign_spending,powerless,0.413016,0.00013113177804497853,8.796446942717787e-05,0.014558838239258867,5.298970872499139e-05,0.00016724803942305433,tangled_rope,tangled_rope,True
oscar_campaign_spending,moderate,0.420467,0.00018511290449341574,0.00011417323887570611,0.016874840170848907,7.118963536384641e-05,0.00018396143384751386,tangled_rope,tangled_rope,True
oscar_campaign_spending,institutional,-0.016056,1.254839512577719,5.390989342597878,1.9860372955568921,0.9076726068842932,0.7153182382088159,tangled_rope,rope,False
oscar_campaign_spending,analytical,0.520574,0.0012520407568806873,0.0005509875572989136,0.03400333078152462,0.0002890496633153865,0.0002313528813740235,tangled_rope,tangled_rope,True
other_peoples_troubles_2026,powerless,0.630393,0.00043643688793572935,0.0004112340395969095,0.029105039668622303,0.00021177209613721567,0.004502845705961309,snare,snare,True
other_peoples_troubles_2026,moderate,0.641765,0.00037175884633707516,0.00035207637490082734,0.026896427873929526,0.00018085173241621843,0.004172431467524797,snare,snare,True
other_peoples_troubles_2026,institutional,-0.024506,22.362487055286977,17.920107521236872,3.066037779990962,1.9244630962828853,0.9731304737045942,snare,rope,False
other_peoples_troubles_2026,analytical,0.79456,0.11722279495172916,0.2064114579979791,0.5515914720682772,0.07558237346690469,0.1547080624458984,snare,snare,True
overfitting_to_frameworks,powerless,0.56518,0.04919035145043871,0.04953095700591208,0.3141958878384284,0.0246290481588786,0.15636312922820655,tangled_rope,snare,False
overfitting_to_frameworks,moderate,0.575376,0.06538439346912008,0.06552662293043253,0.3618117132149166,0.03263777194209157,0.17990812418981894,tangled_rope,snare,False
overfitting_to_frameworks,institutional,-0.030475,8.75148815555557,2.474056601018423,1.5445677232420207,0.5673621557604898,0.40559296255546007,tangled_rope,tangled_rope,True
overfitting_to_frameworks,analytical,0.712364,0.01725725719518201,0.01765111362085282,0.18672647034805928,0.008710363792537154,0.09211458990606802,tangled_rope,tangled_rope,True
overton_window,powerless,0.630393,0.004213753569498476,0.0041531816574752805,0.09146889450551735,0.002091275111225617,0.04442109499769897,snare,snare,True
overton_window,moderate,0.641765,0.0035797186581868895,0.00353478709962996,0.08434527930222369,0.001778267952900822,0.04095955141189883,snare,snare,True
overton_window,institutional,-0.024506,13.075271364121567,3.153883280488355,1.870712630366625,0.8129366043672497,0.5947011847636008,snare,tangled_rope,False
overton_window,analytical,0.79456,0.5046031232562607,0.4181995133458033,0.9557005607522614,0.22402886352264478,0.4402237041569316,snare,tangled_rope,False
p_g_golden_pear_surveillance,powerless,0.2704,4.160650291445286,0.7252149226891746,1.581079535025454,0.593076424960913,0.513442974979445,snare,tangled_rope,False
p_g_golden_pear_surveillance,moderate,0.575376,0.06403222204952613,0.06091044332454846,0.3533836367593862,0.031138859135871395,0.17173567951772795,snare,snare,True
p_g_golden_pear_surveillance,institutional,-0.021971,11.205302046514566,2.5886701749328527,1.731542308227935,0.7038939977302566,0.513521688300278,snare,tangled_rope,False
p_g_golden_pear_surveillance,analytical,0.712364,0.02673589221641061,0.03327916291474773,0.2420619926216343,0.014630629245900372,0.09714209001829771,snare,snare,True
p_vs_np,powerless,0.413016,0.00013113177804497853,8.796446942717787e-05,0.014558838239258867,5.298970872499139e-05,0.00016724803942305433,tangled_rope,tangled_rope,True
p_vs_np,moderate,0.420467,0.00018511290449341574,0.00011417323887570611,0.016874840170848907,7.118963536384641e-05,0.00018396143384751386,tangled_rope,tangled_rope,True
p_vs_np,institutional,-0.016056,1.254839512577719,5.390989342597878,1.9860372955568921,0.9076726068842932,0.7153182382088159,tangled_rope,rope,False
p_vs_np,analytical,0.520574,0.0012520407568806873,0.0005509875572989136,0.03400333078152462,0.0002890496633153865,0.0002313528813740235,tangled_rope,tangled_rope,True
panama_canal_ports,powerless,0.630393,0.0035282907663374474,0.0034277269993503797,0.08339617635873796,0.0017384786404195038,0.03697750570036967,snare,snare,True
panama_canal_ports,moderate,0.641765,0.0029951242767688206,0.002917120931527464,0.0768860024722329,0.0014776823460877864,0.034146365662762024,snare,snare,True
panama_canal_ports,institutional,-0.042575,15.83097247938206,3.218083576565989,2.082650836266949,0.9898464665612648,0.7120860741938911,snare,tangled_rope,False
panama_canal_ports,analytical,0.79456,0.5057467077214449,0.4857040224134624,0.9947209786824648,0.2423100956482468,0.476172565846671,snare,tangled_rope,False
pancreatic_cancer_lethality_v1,powerless,0.09084,2.1668639546117004e-07,2.1155951426566046e-07,0.0006543694347448465,1.0704983857616881e-07,5.989453569332781e-06,mountain,mountain,True
pancreatic_cancer_lethality_v1,moderate,0.079998,2.987443788425516e-14,2.97240305557284e-14,2.4575624618635555e-07,1.4900914427480652e-14,2.2761613704957995e-09,mountain,mountain,True
pancreatic_cancer_lethality_v1,institutional,-0.00955,0.033291896961379144,0.16564578355890783,0.3485491398581495,0.030294833866207255,0.03324401513594033,mountain,mountain,True
pancreatic_cancer_lethality_v1,analytical,0.110402,1.1272015257364696e-06,1.18765234239376e-06,0.0015210748533730912,5.784171495853366e-07,1.4752550535313474e-05,mountain,mountain,True
parable_fish_turtle,powerless,0.56518,0.048024406458875235,0.04580037545931812,0.3062416601343029,0.023400214855338983,0.1486064738848858,snare,snare,True
parable_fish_turtle,moderate,0.575376,0.0633225480170992,0.059641905504717846,0.35054080267817533,0.030641152336224255,0.16898528603020946,snare,snare,True
parable_fish_turtle,institutional,-0.021971,11.731799533250701,2.4418421234097525,1.7551035056824962,0.7219276158594726,0.5369598310433067,snare,tangled_rope,False
parable_fish_turtle,analytical,0.712364,0.016980626735139698,0.016640228227472877,0.1833504375969734,0.008398461304847392,0.09027955079230571,snare,snare,True
paradoxical_decompositions,powerless,0.2704,4.335141529822254,0.7729338599365184,1.6266316510842835,0.6258139259408996,0.5368736284060396,snare,tangled_rope,False
paradoxical_decompositions,moderate,0.575376,0.0633225480170992,0.059641905504717846,0.35054080267817533,0.030641152336224255,0.16898528603020946,snare,snare,True
paradoxical_decompositions,institutional,-0.021971,11.731799533250701,2.4418421234097525,1.7551035056824962,0.7219276158594726,0.5369598310433067,snare,tangled_rope,False
paradoxical_decompositions,analytical,0.712364,0.016980626735139698,0.016640228227472877,0.1833504375969734,0.008398461304847392,0.09027955079230571,snare,snare,True
pareto_principle,powerless,0.347803,0.005364589509603548,0.003940141898216508,0.09560315514869017,0.0022845557531480606,0.009776106732200418,tangled_rope,tangled_rope,True
pareto_principle,moderate,0.354077,0.007681233720210365,0.005252425252845274,0.11219509923069881,0.00314610989271427,0.011015408852292463,tangled_rope,tangled_rope,True
pareto_principle,institutional,-0.013521,2.9436825303803142,3.7565390587836385,2.454396749233351,1.3262461750227605,0.9377515842155375,tangled_rope,rope,False
pareto_principle,analytical,0.438378,0.055066455505992346,0.01510216350185797,0.22602772413065855,0.012758544856570974,0.015829407747279034,tangled_rope,tangled_rope,True
paris_municipal_reform_2026,powerless,0.56518,0.013324091641640598,0.015892726237088126,0.1704312781043067,0.007257311839154262,0.046279215360412684,tangled_rope,tangled_rope,True
paris_municipal_reform_2026,moderate,0.575376,0.01822780347732002,0.022287204144933022,0.20052049564928073,0.010043699692947038,0.055682380827989264,tangled_rope,tangled_rope,True
paris_municipal_reform_2026,institutional,-0.030475,1.5107512625710313,4.774567885876404,1.3123788766590527,0.4153543801357528,0.3323262163952336,tangled_rope,tangled_rope,True
paris_municipal_reform_2026,analytical,0.712364,0.00437697617359169,0.004938186743622329,0.09631760121191066,0.00231882185931602,0.024424417288660183,tangled_rope,tangled_rope,True
parkinsons_law,powerless,0.56518,0.048903971269254734,0.04946515450033007,0.3136319721723504,0.024540900636858383,0.15583627874987288,tangled_rope,snare,False
parkinsons_law,moderate,0.575376,0.0650519559998783,0.06552947607005177,0.36135350844866715,0.03255538304218741,0.1795062740082416,tangled_rope,snare,False
parkinsons_law,institutional,-0.021971,8.519462825379765,2.802075775747141,1.5582211255565381,0.5769224407576139,0.3943540781275243,tangled_rope,tangled_rope,True
parkinsons_law,analytical,0.712364,0.022165832275749732,0.026319190933538177,0.21827561361785464,0.011899242787195645,0.09559822260002393,tangled_rope,tangled_rope,True
participatory_observer_hypothesis,powerless,0.3016,4.7265100565298255,1.1832077878261726,1.9267868839396847,0.8585263796164718,0.6928645297602752,snare,tangled_rope,False
participatory_observer_hypothesis,moderate,0.641765,0.0035577003979983214,0.0035574487600938077,0.08431948749833368,0.0017771807329979785,0.03580342558860322,snare,snare,True
participatory_observer_hypothesis,institutional,-0.024506,15.393848156436803,3.4764605130724524,2.0606390801014243,0.9709102453417396,0.6933155897103948,snare,tangled_rope,False
participatory_observer_hypothesis,analytical,0.79456,0.6108764772382873,0.7135767184175168,1.1218233090581224,0.30645899861074766,0.4962731304709742,snare,tangled_rope,False
path_dependence_lock_in,powerless,0.2704,4.335141529822254,0.7729338599365184,1.6266316510842835,0.6258139259408996,0.5368736284060396,snare,tangled_rope,False
path_dependence_lock_in,moderate,0.575376,0.0633225480170992,0.059641905504717846,0.35054080267817533,0.030641152336224255,0.16898528603020946,snare,snare,True
path_dependence_lock_in,institutional,-0.021971,11.731799533250701,2.4418421234097525,1.7551035056824962,0.7219276158594726,0.5369598310433067,snare,tangled_rope,False
path_dependence_lock_in,analytical,0.712364,0.016980626735139698,0.016640228227472877,0.1833504375969734,0.008398461304847392,0.09027955079230571,snare,snare,True
paxsilica_framework,powerless,0.437752,0.872839696294088,0.7300948247696556,1.2595724798722572,0.38369314905693563,0.5781773765648418,snare,tangled_rope,False
paxsilica_framework,moderate,0.641765,0.0029951242767688206,0.002917120931527464,0.0768860024722329,0.0014776823460877864,0.034146365662762024,snare,snare,True
paxsilica_framework,institutional,-0.024506,15.826283463563959,2.954074274794921,2.073072109743961,0.9815909297281487,0.7120860741938911,snare,tangled_rope,False
paxsilica_framework,analytical,0.79456,0.5057467077214449,0.4857040224134624,0.9947209786824648,0.2423100956482468,0.476172565846671,snare,tangled_rope,False
pe_fund_level_leverage,powerless,0.3016,3.577250073612523,4.79556879582664,2.6475473922949866,1.5109638864333583,0.9666560144296825,snare,tangled_rope,False
pe_fund_level_leverage,moderate,0.641765,0.00010213342092188909,9.649792147290992e-05,0.014089356846114237,4.9627288843842674e-05,0.0011466811218174876,snare,snare,True
pe_fund_level_leverage,institutional,-0.024506,22.83283175298604,18.850901662109905,3.0891590654767236,1.947572418125353,0.9927398581278012,snare,rope,False
pe_fund_level_leverage,analytical,0.79456,0.03458684084737326,0.06573099362050606,0.30461933424758947,0.023153422855895958,0.048125925737947495,snare,snare,True
pe_rental_market_lockin,powerless,0.39448,0.38306530191000293,1.0594405280860264,1.0828316253347465,0.28604019658408764,0.33654350848542025,snare,snare,True
pe_rental_market_lockin,moderate,0.641765,0.00010185198886121684,9.619456308111637e-05,0.01406844643633382,4.948009225852688e-05,0.0011436924050901576,snare,snare,True
pe_rental_market_lockin,institutional,-0.024506,22.844131528464043,17.253873085067532,3.116296945113388,1.9747049659364304,0.9927599098901192,snare,rope,False
pe_rental_market_lockin,analytical,0.79456,0.034427113838474334,0.06529613542022342,0.30383528946513083,0.02303461833920969,0.0479345138685483,snare,snare,True
peano_curve_mapping,powerless,0.09084,6.375556736255286e-07,6.223850747153002e-07,0.0011224086400029845,3.1495028029419133e-07,1.757509230537746e-05,mountain,mountain,True
peano_curve_mapping,moderate,0.079998,8.75681089261366e-14,8.749904955599671e-14,4.182955279236503e-07,4.37501865035164e-14,6.6758296668467665e-09,mountain,mountain,True
peano_curve_mapping,institutional,-0.00955,0.09470399355221815,0.4544643166182809,0.5843390180088306,0.08475751008678456,0.09172098174546384,mountain,mountain,True
peano_curve_mapping,analytical,0.110402,3.301727918846741e-06,3.4786633811143442e-06,0.0026032523835323785,1.6942305039230182e-06,4.320105945343283e-05,mountain,mountain,True
pele_microreactor_deployment,powerless,0.3016,4.818572040970408,1.2360790260159584,1.9611543720992015,0.8869137949758577,0.7099249994615654,snare,tangled_rope,False
pele_microreactor_deployment,moderate,0.641765,0.0030082530426557086,0.002930886757112825,0.07706060118227441,0.0014844004069120408,0.03427501976408032,snare,snare,True
pele_microreactor_deployment,institutional,-0.024506,15.783880651874977,2.8169383652863833,2.064492892326638,0.9742166569132853,0.7104108442121635,snare,tangled_rope,False
pele_microreactor_deployment,analytical,0.79456,0.5067116357290635,0.4863173604608155,0.9952842166856991,0.24257889041111488,0.47610819831345036,snare,tangled_rope,False
permissive_software_licensing,powerless,0.413016,0.011123873430418377,0.007511683304504236,0.13451537127427698,0.004521891290764239,0.01563498899015825,tangled_rope,tangled_rope,True
permissive_software_licensing,moderate,0.420467,0.015706309497819603,0.009698808316394348,0.15588411302416852,0.006071889363560961,0.0173245983841942,tangled_rope,tangled_rope,True
permissive_software_licensing,institutional,-0.016056,5.410225022779438,3.744103949549146,2.7185364110044317,1.5800915885257725,0.9733214387385793,tangled_rope,rope,False
permissive_software_licensing,analytical,0.520574,0.10130817467350786,0.022185528398883374,0.2803408968034107,0.01961560614462186,0.022890923853664535,tangled_rope,tangled_rope,True
perovskite_self_etching,powerless,0.630393,0.0035371567008971824,0.0034368661452909267,0.08350407883702213,0.0017429795719379724,0.037067040516270744,snare,snare,True
perovskite_self_etching,moderate,0.641765,0.003003360105594962,0.0029257288070210657,0.07699541093476309,0.0014818902901840177,0.03422911003115919,snare,snare,True
perovskite_self_etching,institutional,-0.024506,15.798747323224893,2.852488945578066,2.06702828083487,0.9763939932997519,0.7110083398770009,snare,tangled_rope,False
perovskite_self_etching,analytical,0.79456,0.5063139502447708,0.48595937709987586,0.9950070261856035,0.24244658902940353,0.4761186330564913,snare,tangled_rope,False
perseverance_ai_drive,powerless,0.356594,0.004776300941686122,0.005447188068924795,0.10092738210272631,0.002546043736178987,0.02376063914693316,rope,rope,True
perseverance_ai_drive,moderate,0.322757,1.8644126417403407e-05,1.881071749048062e-05,0.006119985212827524,9.363547444851122e-06,0.0013147588017534684,rope,rope,True
perseverance_ai_drive,institutional,-0.013521,0.04068884306005915,0.054479244418423084,0.30530177298625655,0.023257078541112725,0.08514804427732416,rope,rope,True
perseverance_ai_drive,analytical,0.438378,0.12888889353863475,0.2096390347883322,0.5666403324246566,0.07973480756925737,0.18336473768634187,rope,rope,True
perseverance_rover_autonomy,powerless,0.413016,0.00011277425422755488,0.00011064501054448261,0.014706113449724287,5.406719959202825e-05,9.059665914947965e-05,tangled_rope,tangled_rope,True
perseverance_rover_autonomy,moderate,0.420467,0.0001678310411519642,0.0001725545910102815,0.018014595530875165,8.113086451140656e-05,0.00012146712063762456,tangled_rope,tangled_rope,True
perseverance_rover_autonomy,institutional,-0.016056,0.8602042524178832,4.503289591605665,1.703630364017206,0.6827633026503805,0.5771537995177016,tangled_rope,rope,False
perseverance_rover_autonomy,analytical,0.520574,0.0025063435188247126,0.00649597462523252,0.0817396701686349,0.0016701109288359615,0.0020187584381505187,tangled_rope,tangled_rope,True
personalized_nutritional_arbitrage,powerless,0.56518,0.013184112975504331,0.015731087844693792,0.16954733490714335,0.007182271819755204,0.04581365514530722,tangled_rope,tangled_rope,True
personalized_nutritional_arbitrage,moderate,0.555901,0.008968044154288882,0.010414108457404097,0.1389280873158331,0.00482331341752273,0.03665577622560712,tangled_rope,tangled_rope,True
personalized_nutritional_arbitrage,institutional,-0.021971,1.4584996488465645,4.36602774128999,1.2568622241303318,0.38209836881490294,0.30524212126023814,tangled_rope,tangled_rope,True
personalized_nutritional_arbitrage,analytical,0.712364,0.004624689554955088,0.005430235692879504,0.09979832734491781,0.00248940993357665,0.02456766145354128,tangled_rope,tangled_rope,True
peter_principle,powerless,0.56518,0.013184112975504331,0.015731087844693792,0.16954733490714335,0.007182271819755204,0.04581365514530722,tangled_rope,tangled_rope,True
peter_principle,moderate,0.575376,0.01803857597719921,0.022064754901663895,0.19949603153590145,0.009941419729664665,0.05513098132500582,tangled_rope,tangled_rope,True
peter_principle,institutional,-0.03817,1.4997437198687964,4.822060412137407,1.3152217006995848,0.4170903932695009,0.3348274368092517,tangled_rope,tangled_rope,True
peter_principle,analytical,0.712364,0.004624689554955088,0.005430235692879504,0.09979832734491781,0.00248940993357665,0.02456766145354128,tangled_rope,tangled_rope,True
pfas_regulatory_framework,powerless,0.422444,0.12451329346571684,0.30993682326972477,0.6087819074922818,0.09194066383775827,0.13439015058436155,snare,snare,True
pfas_regulatory_framework,moderate,0.752415,0.0055128345326250225,0.007967633605473009,0.11454204344686356,0.0032790735103637786,0.01225553180852934,snare,snare,True
pfas_regulatory_framework,institutional,-0.028731,22.846324703477745,18.227304888120518,3.063480399972251,1.9219076033597182,0.9934969689819115,snare,rope,False
pfas_regulatory_framework,analytical,0.931553,2.994057782537622,5.976835970209663,2.57704252030628,1.4429172067033251,0.9460718628131932,snare,piton,False
pla_aerial_carrier_doctrine,powerless,0.3016,5.0063971339948194,1.393528511107714,2.0445559811478606,0.9571529980939488,0.7483258778321024,snare,tangled_rope,False
pla_aerial_carrier_doctrine,moderate,0.641765,0.0027352292498626957,0.002652832309111234,0.07339682305763108,0.0013466222656388924,0.031127439104901455,snare,snare,True
pla_aerial_carrier_doctrine,institutional,0.4504,0.6505503737311342,0.6281657285512006,1.1292476133222564,0.3104200789631588,0.5345825544899387,snare,tangled_rope,False
pla_aerial_carrier_doctrine,analytical,0.79456,0.4926809806438112,0.5007204441956652,0.9959370175785024,0.24289060176715,0.4775138488833371,snare,tangled_rope,False
pla_loyalty_purge,powerless,0.739082,0.07713809208798796,0.07591739454351526,0.3911934983952926,0.0381362702961466,0.19382175751286385,snare,tangled_rope,False
pla_loyalty_purge,moderate,0.752415,0.1345314154398837,0.1289556120932136,0.5131662471974145,0.06547450484235898,0.251619136027337,snare,tangled_rope,False
pla_loyalty_purge,institutional,-0.028731,12.349277949790709,1.3300877428809033,1.7270129319852052,0.7004477730386437,0.5655099021896209,snare,tangled_rope,False
pla_loyalty_purge,analytical,0.931553,3.330585432626373,0.9123730191868792,1.6628917525611076,0.6523838049131037,0.5646680454753176,snare,tangled_rope,False
planetary_boundaries,powerless,0.3016,4.194265327862855,0.9133994057476131,1.7359639674438496,0.7072646771244414,0.5987388448106737,snare,tangled_rope,False
planetary_boundaries,moderate,0.641765,0.0035541262336622617,0.003505714322702205,0.08402125797482575,0.0017646333925952005,0.04077316167406603,snare,snare,True
planetary_boundaries,institutional,-0.024506,13.182801716588223,3.4069630652327114,1.8907051179439867,0.8290858106898383,0.5990347421688451,snare,tangled_rope,False
planetary_boundaries,analytical,0.79456,0.5036629860817764,0.41633389286628836,0.9550886783125581,0.22374755945751726,0.4418412599698737,snare,tangled_rope,False
planetary_diet_constraint_2026,powerless,0.571336,0.016281904036791316,0.019725353238371983,0.18910099603276398,0.008933138662413735,0.05207208776373795,tangled_rope,tangled_rope,True
planetary_diet_constraint_2026,moderate,0.575376,0.01822780347732002,0.022287204144933022,0.20052049564928073,0.010043699692947038,0.055682380827989264,tangled_rope,tangled_rope,True
planetary_diet_constraint_2026,institutional,-0.021971,1.488003854211105,4.525112906066254,1.280498721177499,0.3961063681169194,0.31620891390016803,tangled_rope,tangled_rope,True
planetary_diet_constraint_2026,analytical,0.712364,0.00437697617359169,0.004938186743622329,0.09631760121191066,0.00231882185931602,0.024424417288660183,tangled_rope,tangled_rope,True
planning_fallacy,powerless,0.2704,3.3858157746073565,0.5363739441399336,1.3801324313075964,0.457592270838638,0.41187951026580627,tangled_rope,tangled_rope,True
planning_fallacy,moderate,0.524479,0.0007306872197815686,0.000733661987396897,0.038266756698506654,0.000366074998935077,0.018894099133369813,tangled_rope,tangled_rope,True
planning_fallacy,institutional,-0.021971,8.917153171749309,2.9346873871875525,1.5944788151479694,0.6026312402619541,0.4119315700882379,tangled_rope,tangled_rope,True
planning_fallacy,analytical,0.712364,0.01706667657735723,0.017250553945078476,0.1852443020412707,0.008572731539250065,0.09214395490124244,tangled_rope,snare,False
plastic_asphalt_mandate,powerless,0.56518,2.6882100282038615e-05,3.23447316332685e-05,0.007655757426169962,1.4652637550303097e-05,9.092411696798308e-05,tangled_rope,tangled_rope,True
plastic_asphalt_mandate,moderate,0.575376,3.7027934169435597e-05,4.587553972266838e-05,0.009041991358643668,2.0439367118414856e-05,0.00011076140239196786,tangled_rope,tangled_rope,True
plastic_asphalt_mandate,institutional,0.151521,0.22693301986184236,2.331730313560947,0.9306807172354906,0.2126622214542506,0.20189166852085427,tangled_rope,tangled_rope,True
plastic_asphalt_mandate,analytical,0.712364,2.3110446396435872e-05,2.582248702542111e-05,0.006562909386971534,1.0767935243201504e-05,5.828997059720287e-05,tangled_rope,tangled_rope,True
platform_app_store_duopoly,powerless,0.2704,4.335141529822254,0.7729338599365184,1.6266316510842835,0.6258139259408996,0.5368736284060396,snare,tangled_rope,False
platform_app_store_duopoly,moderate,0.575376,0.0633225480170992,0.059641905504717846,0.35054080267817533,0.030641152336224255,0.16898528603020946,snare,snare,True
platform_app_store_duopoly,institutional,-0.021971,11.731799533250701,2.4418421234097525,1.7551035056824962,0.7219276158594726,0.5369598310433067,snare,tangled_rope,False
platform_app_store_duopoly,analytical,0.712364,0.016980626735139698,0.016640228227472877,0.1833504375969734,0.008398461304847392,0.09027955079230571,snare,snare,True
platform_cooperativism_governance,powerless,0.56518,0.01329176057483902,0.01585546184635537,0.17022770435771364,0.007239995483231728,0.04617070950065416,tangled_rope,tangled_rope,True
platform_cooperativism_governance,moderate,0.575376,0.018184012005785784,0.022235842261579604,0.20028413882687973,0.010020056076626118,0.055553649701043484,tangled_rope,tangled_rope,True
platform_cooperativism_governance,institutional,0.46676,0.027406430972250727,0.01912937184491515,0.21311623355614234,0.011343892344129726,0.039688928391680145,tangled_rope,tangled_rope,True
platform_cooperativism_governance,analytical,0.712364,0.004407904962710026,0.005003319206444479,0.09677330995857755,0.0023408116209299784,0.024421663784510383,tangled_rope,tangled_rope,True
platonic_coparenting_decoupling,powerless,0.413016,0.00012472007860929405,0.00011871600310923003,0.015350475700844487,5.890898686911172e-05,0.00010565736448370658,tangled_rope,tangled_rope,True
platonic_coparenting_decoupling,moderate,0.420467,0.00018470495039346323,0.00018307178448030866,0.018724120210774894,8.764752923524274e-05,0.00012219090760593994,tangled_rope,tangled_rope,True
platonic_coparenting_decoupling,institutional,-0.027894,1.0217934386067562,4.999016215883318,1.8313306459030836,0.7814737391430684,0.6402859530721211,tangled_rope,rope,False
platonic_coparenting_decoupling,analytical,0.520574,0.0026217100810304534,0.006553938859853092,0.08242167945520518,0.0016980929633246568,0.0020307687713072196,tangled_rope,tangled_rope,True
plekha7_synaptic_pruning,powerless,0.20439,0.1451193047008141,0.32861083927807955,0.6456958043723747,0.10332856981766007,0.15987106706670118,mountain,mountain,True
plekha7_synaptic_pruning,moderate,0.179996,9.486699911308295e-10,9.485375641655707e-10,4.3556948060328506e-05,4.743019179024226e-10,4.438417533725314e-06,mountain,mountain,True
plekha7_synaptic_pruning,institutional,-0.021488,0.12335451053730082,0.27275947414654644,0.592604691635523,0.0871546256359428,0.1402975139391459,mountain,mountain,True
plekha7_synaptic_pruning,analytical,0.248404,5.457024063785519,4.51458015453422,2.8130300792262664,1.6729133257734596,0.9857080117411896,mountain,rope,False
po_investigation_protocol_bias,powerless,0.3536,1.3217335490797901,0.3176693652589582,1.045267661489573,0.2669850540996298,0.27628186791212694,tangled_rope,tangled_rope,True
po_investigation_protocol_bias,moderate,0.752415,0.09191178648014188,0.0743948933926153,0.40600859837883857,0.04106941263234839,0.1583123636260827,tangled_rope,tangled_rope,True
po_investigation_protocol_bias,institutional,-0.049915,5.8029605181354755,0.7133870963660528,1.143570612603048,0.318127549052034,0.2769465870723427,tangled_rope,tangled_rope,True
po_investigation_protocol_bias,analytical,0.931553,1.7356241722263488,0.43351531032125656,1.121286679961559,0.30617359523004,0.27670072746840635,tangled_rope,tangled_rope,True
poetic_verse_and_past,powerless,0.630393,0.003266858411184426,0.0031621311746535116,0.08017274453767735,0.0016067020712831823,0.0341302795044445,snare,snare,True
poetic_verse_and_past,moderate,0.641765,0.0027795086248152026,0.002699257273506846,0.0740117558243304,0.0013692787278319772,0.0315347926085045,snare,snare,True
poetic_verse_and_past,institutional,-0.024506,16.582768837452882,2.2873492339158474,2.1129153253526285,1.0160816288706276,0.7442586955430194,snare,tangled_rope,False
poetic_verse_and_past,analytical,0.79456,0.49757591461688216,0.5063765126938977,1.0001550515914757,0.24490921718642417,0.4785054762466611,snare,tangled_rope,False
poincare_conjucture,powerless,0.09084,2.1668639546117004e-07,2.1155951426566046e-07,0.0006543694347448465,1.0704983857616881e-07,5.989453569332781e-06,mountain,mountain,True
poincare_conjucture,moderate,0.079998,2.987443788425516e-14,2.97240305557284e-14,2.4575624618635555e-07,1.4900914427480652e-14,2.2761613704957995e-09,mountain,mountain,True
poincare_conjucture,institutional,-0.00955,0.033291896961379144,0.16564578355890783,0.3485491398581495,0.030294833866207255,0.03324401513594033,mountain,mountain,True
poincare_conjucture,analytical,0.110402,1.1272015257364696e-06,1.18765234239376e-06,0.0015210748533730912,5.784171495853366e-07,1.4752550535313474e-05,mountain,mountain,True
polar_bear_biobanking,powerless,0.56518,0.002958101643005892,0.002437606937982841,0.07319069839242162,0.0013390701303734392,0.009412869588139361,snare,snare,True
polar_bear_biobanking,moderate,0.442089,0.0671309160189356,0.11270087421762058,0.41334665644387053,0.04256204138739938,0.10014798576930384,snare,snare,True
polar_bear_biobanking,institutional,-0.021971,22.415761435229772,13.5618152001004,3.001179929216258,1.8597025946947485,0.976620905490165,snare,rope,False
polar_bear_biobanking,analytical,0.712364,0.015030641548774315,0.02383520502144776,0.19289397693444174,0.009294813186010583,0.02375907564386089,snare,snare,True
policy_implementation_gap,powerless,0.2704,4.310275319468763,0.764822512676381,1.6199159844169775,0.6209422839040202,0.5335087920350912,snare,tangled_rope,False
policy_implementation_gap,moderate,0.575376,0.06348006725277446,0.05988103394563815,0.3511116162010102,0.030740767810964208,0.16953066743642153,snare,snare,True
policy_implementation_gap,institutional,-0.007558,11.634884292053744,1.9018412075902251,1.713774111186543,0.6904131501473608,0.5335938463626007,snare,tangled_rope,False
policy_implementation_gap,analytical,0.712364,0.017056466893997025,0.016762145301791088,0.1838704620701756,0.008446135234966205,0.0905022512180036,snare,snare,True
policy_lag_catastrophe,powerless,0.218897,5.863181397995091,19.109588249626597,3.0243476724552347,1.882822161274022,0.9970395884527197,snare,rope,False
policy_lag_catastrophe,moderate,0.752415,0.0001253027082629754,0.00019366522919689002,0.017511786424439575,7.666517614312072e-05,0.0002610921069806649,snare,snare,True
policy_lag_catastrophe,institutional,-0.054575,23.022469406325893,22.934795226151813,3.1401941147958268,1.998601461320009,0.9998767520090243,snare,rope,False
policy_lag_catastrophe,analytical,0.931553,0.6256115090988444,4.326776803364378,1.4876171791681707,0.5282097536930094,0.4655066599929718,snare,snare,True
politeness_face_negotiation,powerless,0.413016,0.00014230571628061318,9.530864770918023e-05,0.015161563420580358,5.7467976123043035e-05,0.00018172434245699738,tangled_rope,tangled_rope,True
politeness_face_negotiation,moderate,0.420467,0.0002008410729647921,0.00012357328299890117,0.017568789634337268,7.716509609449252e-05,0.00019988467948955295,tangled_rope,tangled_rope,True
politeness_face_negotiation,institutional,-0.016056,1.3154643493304352,5.486546413052924,2.0223031352570793,0.9382296304030612,0.7320874909896232,tangled_rope,rope,False
politeness_face_negotiation,analytical,0.520574,0.0013504492175923618,0.0005702408542771439,0.035011703505555575,0.0003064470194558462,0.00025137932653808697,tangled_rope,tangled_rope,True
political_art_factional_alignment,powerless,0.2704,4.335141529822254,0.7729338599365184,1.6266316510842835,0.6258139259408996,0.5368736284060396,snare,tangled_rope,False
political_art_factional_alignment,moderate,0.575376,0.0633225480170992,0.059641905504717846,0.35054080267817533,0.030641152336224255,0.16898528603020946,snare,snare,True
political_art_factional_alignment,institutional,-0.021971,11.731799533250701,2.4418421234097525,1.7551035056824962,0.7219276158594726,0.5369598310433067,snare,tangled_rope,False
political_art_factional_alignment,analytical,0.712364,0.016980626735139698,0.016640228227472877,0.1833504375969734,0.008398461304847392,0.09027955079230571,snare,snare,True
political_dissident_containment,powerless,0.4056,0.8337326278208209,0.38329214432191144,1.0388850632858038,0.2638079204581578,0.3543577386547996,tangled_rope,tangled_rope,True
political_dissident_containment,moderate,0.863064,0.24903973008506972,0.23610920691602943,0.6953684543767513,0.1196714665546095,0.3383037159264897,tangled_rope,piton,False
political_dissident_containment,institutional,0.70014,0.13867705957840953,0.12074968218686433,0.5067638397125503,0.06385963592431904,0.21372154277001756,tangled_rope,tangled_rope,True
political_dissident_containment,analytical,1.068546,2.776785287581251,0.9606994975363238,1.6987409308125934,0.6790880558437233,0.6245280363181092,tangled_rope,piton,False
portugal_government_stability_ad,powerless,0.304328,0.0007531945050385078,0.0005860912294354798,0.03637976564536414,0.0003308627141894234,0.0017587519203373647,tangled_rope,tangled_rope,True
portugal_government_stability_ad,moderate,0.309818,0.0010886450466063707,0.0007995482345773421,0.04306427646566651,0.00046361506419321505,0.0020100806430565785,tangled_rope,tangled_rope,True
portugal_government_stability_ad,institutional,-0.011831,0.7464990229277076,2.3761829876940954,1.528985579103457,0.5565329467385183,0.5333024287832304,tangled_rope,rope,False
portugal_government_stability_ad,analytical,0.383581,0.008498030431635792,0.0030312300092393803,0.0960570021453322,0.002306293529780748,0.00320923143444763,tangled_rope,tangled_rope,True
portugal_polarization_threshold_2026,powerless,0.2704,1.9736469337816618,0.27812518434455913,1.006423387901198,0.24792345936629445,0.23575837884635992,tangled_rope,tangled_rope,True
portugal_polarization_threshold_2026,moderate,0.575376,0.05344612834633374,0.05860479283953025,0.3344697667158296,0.027902385163486157,0.15398720249067133,tangled_rope,tangled_rope,True
portugal_polarization_threshold_2026,institutional,0.057264,4.972470585503111,1.7370475541909183,1.2028812293431956,0.35095734695767966,0.23578129989713595,tangled_rope,tangled_rope,True
portugal_polarization_threshold_2026,analytical,0.712364,0.01329387978523118,0.014074066390610545,0.16537819586682015,0.006833591869267858,0.07346591067595187,tangled_rope,tangled_rope,True
postman_survival_protocol,powerless,0.390025,0.2613584548757186,0.26758608148212454,0.7264510495732934,0.13048862431740807,0.35358676782535514,rope,tangled_rope,False
postman_survival_protocol,moderate,0.353015,0.0012544634362154064,0.0012708323974723993,0.05025141915412803,0.0006312680706743047,0.02346601203879284,rope,rope,True
postman_survival_protocol,institutional,0.271793,0.4579913588056499,0.252185228442111,0.8138380102698286,0.16331083745681405,0.27801382209359427,rope,rope,True
postman_survival_protocol,analytical,0.479476,2.52776788925812,1.4835798762239905,1.813577725329338,0.7674444284407245,0.6765722661110887,rope,tangled_rope,False
power_set,powerless,0.13626,5.093787220416497e-05,6.481627228672005e-05,0.010700501482857547,2.862511471260921e-05,0.00015944696919245605,mountain,mountain,True
power_set,moderate,0.119997,8.188911510768355e-13,8.193316293118482e-13,1.2797659965505751e-06,4.0953366646143174e-13,1.564854434921159e-08,mountain,mountain,True
power_set,institutional,-0.014325,0.06583845978155681,0.33072316463911183,0.4900085258449142,0.05972741806996695,0.06456659979462065,mountain,mountain,True
power_set,analytical,0.165603,0.0019787119848600067,0.0048336420680007,0.07657019605087484,0.0014655697046191477,0.002399893564999589,mountain,mountain,True
power_without_responsibility,powerless,0.56518,0.048157450370155966,0.04600177374690672,0.30679131917383096,0.023484125249879598,0.14913680357981973,snare,snare,True
power_without_responsibility,moderate,0.575376,0.06351272883250016,0.059931277530915913,0.3512308183273512,0.030761590607230452,0.16964472578469247,snare,snare,True
power_without_responsibility,institutional,-0.021971,11.622844466954552,2.0385311139673616,1.720909534774921,0.6958144827457994,0.5328730347864006,snare,tangled_rope,False
power_without_responsibility,analytical,0.712364,0.017085007840238246,0.0168096079350084,0.1840678606887738,0.008464267269173069,0.09055607602911286,snare,snare,True
prestige_signal_inflation,powerless,0.2704,4.304956493882062,0.7632174451903858,1.6184921748090653,0.6199114276529726,0.5327882251028603,snare,tangled_rope,False
prestige_signal_inflation,moderate,0.490585,0.04333661223448451,0.042653000810570926,0.29323135910342313,0.021457678006048725,0.14561328117694855,snare,tangled_rope,False
prestige_signal_inflation,institutional,-0.021971,11.622844466954552,2.0385311139673616,1.720909534774921,0.6958144827457994,0.5328730347864006,snare,tangled_rope,False
prestige_signal_inflation,analytical,0.712364,0.017085007840238246,0.0168096079350084,0.1840678606887738,0.008464267269173069,0.09055607602911286,snare,snare,True
price_signal_corruption,powerless,0.3016,4.821614917498624,1.238153709000647,1.9624070567520575,0.8879547671244042,0.7105210921064471,snare,tangled_rope,False
price_signal_corruption,moderate,0.641765,0.003003360105594962,0.0029257288070210657,0.07699541093476309,0.0014818902901840177,0.03422911003115919,snare,snare,True
price_signal_corruption,institutional,0.3036,4.74596000771406,1.237594088283144,1.9599883863777243,0.8859452614035858,0.7104663773884721,snare,tangled_rope,False
price_signal_corruption,analytical,0.79456,0.5063139502447708,0.48595937709987586,0.9950070261856035,0.24244658902940353,0.4761186330564913,snare,tangled_rope,False
prime_age_male_unwork,powerless,0.437752,0.08322510394949831,0.1870754125015992,0.48852318003449435,0.05936766703075029,0.09747801790445665,snare,snare,True
prime_age_male_unwork,moderate,0.641765,0.00010213342092188909,9.649792147290992e-05,0.014089356846114237,4.9627288843842674e-05,0.0011466811218174876,snare,snare,True
prime_age_male_unwork,institutional,-0.024506,22.83283175298604,18.850901662109905,3.0891590654767236,1.947572418125353,0.9927398581278012,snare,rope,False
prime_age_male_unwork,analytical,0.79456,0.03458684084737326,0.06573099362050606,0.30461933424758947,0.023153422855895958,0.048125925737947495,snare,snare,True
prime_number_theorem,powerless,0.09084,2.1668639546117004e-07,2.1155951426566046e-07,0.0006543694347448465,1.0704983857616881e-07,5.989453569332781e-06,mountain,mountain,True
prime_number_theorem,moderate,0.079998,2.987443788425516e-14,2.97240305557284e-14,2.4575624618635555e-07,1.4900914427480652e-14,2.2761613704957995e-09,mountain,mountain,True
prime_number_theorem,institutional,-0.00955,0.033291896961379144,0.16564578355890783,0.3485491398581495,0.030294833866207255,0.03324401513594033,mountain,mountain,True
prime_number_theorem,analytical,0.110402,1.1272015257364696e-06,1.18765234239376e-06,0.0015210748533730912,5.784171495853366e-07,1.4752550535313474e-05,mountain,mountain,True
prisoners_dilemma_equilibrium,powerless,0.09084,1.2255859022346278e-05,1.1966200288411235e-05,0.004921321406760498,6.054848042269964e-06,0.00033757101501508124,mountain,mountain,True
prisoners_dilemma_equilibrium,moderate,0.079998,1.6803923416298398e-12,1.6805927758848359e-12,1.8330245393135928e-06,8.402300654516524e-13,1.2816357808365098e-07,mountain,mountain,True
prisoners_dilemma_equilibrium,institutional,-0.00955,1.0521055943960769,2.8863524572347963,1.761740547159237,0.7270397013627032,0.6576714882115824,mountain,rope,False
prisoners_dilemma_equilibrium,analytical,0.110402,6.332859973267837e-05,6.668675098887256e-05,0.011399569290467794,3.248745704870912e-05,0.0008283143466621592,mountain,mountain,True
private_credit_market_opacity,powerless,0.135203,15.246033179584137,11.782708630830603,3.016670627646227,1.87515918622308,0.9927396523894441,snare,tangled_rope,False
private_credit_market_opacity,moderate,0.641765,0.00010213342092188909,9.649792147290992e-05,0.014089356846114237,4.9627288843842674e-05,0.0011466811218174876,snare,snare,True
private_credit_market_opacity,institutional,-0.024506,22.83283175298604,18.850901662109905,3.0891590654767236,1.947572418125353,0.9927398581278012,snare,rope,False
private_credit_market_opacity,analytical,0.79456,0.03458684084737326,0.06573099362050606,0.30461933424758947,0.023153422855895958,0.048125925737947495,snare,snare,True
private_identity_integration,powerless,0.413016,0.0002117249895135251,0.00014098807027487434,0.01847264402523529,8.530903784430079e-05,0.0002711060831020202,tangled_rope,tangled_rope,True
private_identity_integration,moderate,0.420467,0.0002986037631672266,0.00018209296632945313,0.021386437451832156,0.00011434383716047106,0.00029820134846287504,tangled_rope,tangled_rope,True
private_identity_integration,institutional,0.29509,0.005550723568113072,0.013851162577311922,0.12872457851886854,0.004141074447688709,0.006625524500094571,tangled_rope,tangled_rope,True
private_identity_integration,analytical,0.520574,0.0019723580713215095,0.0006965799782451226,0.040990355536582,0.00042003760829735525,0.00037503419891191054,tangled_rope,tangled_rope,True
procedural_compliance_theater,powerless,0.36032,2.4364242508368674,0.8442554615252872,1.5996356835905305,0.6063252598296178,0.5785175432727401,snare,tangled_rope,False
procedural_compliance_theater,moderate,0.641765,0.003877445567823167,0.003881311191542245,0.08806536988926693,0.0019385640932328716,0.04172633126548825,snare,snare,True
procedural_compliance_theater,institutional,-0.024506,12.820476646989107,3.7086826066273653,1.880256935249349,0.820631449812945,0.582971850444681,snare,tangled_rope,False
procedural_compliance_theater,analytical,0.79456,0.5450261792582767,0.511494732840299,1.0097446652576267,0.24952753256423094,0.4417338352650075,snare,tangled_rope,False
procedural_legitimacy_decay,powerless,0.56518,0.048903971269254734,0.04946515450033007,0.3136319721723504,0.024540900636858383,0.15583627874987288,tangled_rope,snare,False
procedural_legitimacy_decay,moderate,0.575376,0.0650519559998783,0.06552947607005177,0.36135350844866715,0.03255538304218741,0.1795062740082416,tangled_rope,snare,False
procedural_legitimacy_decay,institutional,0.151521,6.459765950088426,0.6631887720332251,1.3747763574302345,0.4541881922007146,0.3943540638812967,tangled_rope,tangled_rope,True
procedural_legitimacy_decay,analytical,0.712364,0.022165832275749732,0.026319190933538177,0.21827561361785464,0.011899242787195645,0.09559822260002393,tangled_rope,tangled_rope,True
project_vault_2026,powerless,0.2704,4.310275319468763,0.764822512676381,1.6199159844169775,0.6209422839040202,0.5335087920350912,snare,tangled_rope,False
project_vault_2026,moderate,0.575376,0.06348006725277446,0.05988103394563815,0.3511116162010102,0.030740767810964208,0.16953066743642153,snare,snare,True
project_vault_2026,institutional,0.057264,11.613613079234575,1.2685427335621744,1.6734959649951615,0.6602382307611337,0.5335938463626007,snare,tangled_rope,False
project_vault_2026,analytical,0.712364,0.017056466893997025,0.016762145301791088,0.1838704620701756,0.008446135234966205,0.0905022512180036,snare,snare,True
project_vault_extraction_2026,powerless,0.3536,3.063030972814982,1.3096948218656874,1.9058304909076298,0.8413813695804075,0.7363129313147947,snare,tangled_rope,False
project_vault_extraction_2026,moderate,0.752415,0.11902032241115684,0.1301971768776663,0.498814669235077,0.06188224140427367,0.23851994847868774,snare,snare,True
project_vault_extraction_2026,institutional,0.752415,0.11902032241115684,0.1301971768776663,0.498814669235077,0.06188224140427367,0.23851994847868774,snare,snare,True
project_vault_extraction_2026,analytical,0.931553,4.082126554960116,1.3474106621970052,1.9927271900390409,0.9132826878390301,0.741985194516159,snare,tangled_rope,False
proof_of_work_consensus,powerless,0.2704,4.335141529822254,0.7729338599365184,1.6266316510842835,0.6258139259408996,0.5368736284060396,snare,tangled_rope,False
proof_of_work_consensus,moderate,0.524479,0.0007451254097665368,0.0007433345214388215,0.03858054314550332,0.0003721030383887598,0.019205207843584704,snare,snare,True
proof_of_work_consensus,institutional,-0.021971,11.731799533250701,2.4418421234097525,1.7551035056824962,0.7219276158594726,0.5369598310433067,snare,tangled_rope,False
proof_of_work_consensus,analytical,0.712364,0.016980626735139698,0.016640228227472877,0.1833504375969734,0.008398461304847392,0.09027955079230571,snare,snare,True
protocol_capture_tangled_rope,powerless,0.36032,2.800544318687715,1.185527125840939,1.8230613564307558,0.7749268904203295,0.7026208834511943,snare,tangled_rope,False
protocol_capture_tangled_rope,moderate,0.641765,0.003003360105594962,0.0029257288070210657,0.07699541093476309,0.0014818902901840177,0.03422911003115919,snare,snare,True
protocol_capture_tangled_rope,institutional,-0.024506,15.798747323224893,2.852488945578066,2.06702828083487,0.9763939932997519,0.7110083398770009,snare,tangled_rope,False
protocol_capture_tangled_rope,analytical,0.79456,0.5063139502447708,0.48595937709987586,0.9950070261856035,0.24244658902940353,0.4761186330564913,snare,tangled_rope,False
protocol_drift_accumulation,powerless,0.56518,0.013324091641640598,0.015892726237088126,0.1704312781043067,0.007257311839154262,0.046279215360412684,tangled_rope,tangled_rope,True
protocol_drift_accumulation,moderate,0.575376,0.01822780347732002,0.022287204144933022,0.20052049564928073,0.010043699692947038,0.055682380827989264,tangled_rope,tangled_rope,True
protocol_drift_accumulation,institutional,-0.021971,1.488003854211105,4.525112906066254,1.280498721177499,0.3961063681169194,0.31620891390016803,tangled_rope,tangled_rope,True
protocol_drift_accumulation,analytical,0.712364,0.00437697617359169,0.004938186743622329,0.09631760121191066,0.00231882185931602,0.024424417288660183,tangled_rope,tangled_rope,True
public_domain_commons,powerless,0.2704,3.3858157746073565,0.5363739441399336,1.3801324313075964,0.457592270838638,0.41187951026580627,tangled_rope,tangled_rope,True
public_domain_commons,moderate,0.575376,0.06549584849585587,0.06543443697510727,0.36183850490468594,0.03264259249875578,0.17993235849752287,tangled_rope,snare,False
public_domain_commons,institutional,-0.021971,8.917153171749309,2.9346873871875525,1.5944788151479694,0.6026312402619541,0.4119315700882379,tangled_rope,tangled_rope,True
public_domain_commons,analytical,0.712364,0.01706667657735723,0.017250553945078476,0.1852443020412707,0.008572731539250065,0.09214395490124244,tangled_rope,snare,False
publishing_embargo,powerless,0.2704,3.336078843042163,0.5240877878584701,1.3672233519257,0.4494066887301821,0.4055422377628876,tangled_rope,tangled_rope,True
publishing_embargo,moderate,0.575376,0.06538439346912008,0.06552662293043253,0.3618117132149166,0.03263777194209157,0.17990812418981894,tangled_rope,snare,False
publishing_embargo,institutional,0.185415,5.596630158826267,0.5739207605732531,1.385902051497334,0.4612715562143065,0.4055927687982205,tangled_rope,tangled_rope,True
publishing_embargo,analytical,0.712364,0.01725725719518201,0.01765111362085282,0.18672647034805928,0.008710363792537154,0.09211458990606802,tangled_rope,tangled_rope,True
pythagorean_theorem,powerless,0.13626,0.00013427334676614734,0.0001708268316462989,0.017372429012027464,7.544984804952407e-05,0.00042027140454481415,mountain,mountain,True
pythagorean_theorem,moderate,0.119997,2.15952152967453e-12,2.1592581460601343e-12,2.0782713140978725e-06,1.0797044539349215e-12,4.125723163106443e-08,mountain,mountain,True
pythagorean_theorem,institutional,-0.014325,0.16493578872301193,0.7813508014568071,0.768067823363773,0.14567835318256142,0.15403973565600704,mountain,mountain,True
pythagorean_theorem,analytical,0.165603,0.005205674154889685,0.01268451931727247,0.12413434876644393,0.0038510975881886817,0.006302516272336356,mountain,mountain,True
pythagorean_theorem_geometric_constancy,powerless,0.09084,2.1668639546117004e-07,2.1155951426566046e-07,0.0006543694347448465,1.0704983857616881e-07,5.989453569332781e-06,mountain,mountain,True
pythagorean_theorem_geometric_constancy,moderate,0.079998,2.987443788425516e-14,2.97240305557284e-14,2.4575624618635555e-07,1.4900914427480652e-14,2.2761613704957995e-09,mountain,mountain,True
pythagorean_theorem_geometric_constancy,institutional,-0.00955,0.033291896961379144,0.16564578355890783,0.3485491398581495,0.030294833866207255,0.03324401513594033,mountain,mountain,True
pythagorean_theorem_geometric_constancy,analytical,0.110402,1.1272015257364696e-06,1.18765234239376e-06,0.0015210748533730912,5.784171495853366e-07,1.4752550535313474e-05,mountain,mountain,True
qualified_immunity,powerless,0.739082,0.07713809208798796,0.07591739454351526,0.3911934983952926,0.0381362702961466,0.19382175751286385,snare,tangled_rope,False
qualified_immunity,moderate,0.752415,0.1345314154398837,0.1289556120932136,0.5131662471974145,0.06547450484235898,0.251619136027337,snare,tangled_rope,False
qualified_immunity,institutional,-0.039852,12.350495493542965,1.380129111026188,1.7294034986541542,0.7022658319832809,0.5655099021896209,snare,tangled_rope,False
qualified_immunity,analytical,0.931553,3.330585432626373,0.9123730191868792,1.6628917525611076,0.6523838049131037,0.5646680454753176,snare,tangled_rope,False
quantum_entanglement_protocol,powerless,0.3224,4.343034516530179,1.377135361871525,2.019454053084374,0.9358162716547478,0.7490815243425554,snare,tangled_rope,False
quantum_entanglement_protocol,moderate,0.686025,0.0071284635748977265,0.0074219273793967476,0.12060652066428817,0.003635381339415498,0.05387934331671218,snare,snare,True
quantum_entanglement_protocol,institutional,-0.026196,16.76101425144018,4.179789554008095,2.185590312083445,1.0799893942969443,0.750533925112314,snare,tangled_rope,False
quantum_entanglement_protocol,analytical,0.849357,1.6689928357179944,1.1264897013840796,1.635042449213601,0.6319370883418646,0.6984239690106571,snare,tangled_rope,False
quantum_measurement_gap,powerless,0.413016,0.00010215275155136852,0.00010299155016275577,0.014092448958531418,4.9649073991919876e-05,8.433089420806883e-05,tangled_rope,tangled_rope,True
quantum_measurement_gap,moderate,0.420467,0.00015273677661460994,0.00016220408708455083,0.01732999239027628,7.508168928544314e-05,0.00011903755594130535,tangled_rope,tangled_rope,True
quantum_measurement_gap,institutional,-0.016056,0.7737739587553389,4.2333173415745105,1.6282120259715098,0.6269626069444285,0.5389491929362222,tangled_rope,rope,False
quantum_measurement_gap,analytical,0.520574,0.0023906914726996888,0.006364153440859354,0.08072255492177866,0.0016288115846497552,0.001978387720807267,tangled_rope,tangled_rope,True
quantum_nonlocality_2026,powerless,0.13626,5.139366353940738e-05,6.539683225785495e-05,0.010748291686770797,2.8881374034645172e-05,0.00016086697357020618,mountain,mountain,True
quantum_nonlocality_2026,moderate,0.119997,8.263682932206564e-13,8.26448214545808e-13,1.2856516009642697e-06,4.132109457341962e-13,1.5788007567962836e-08,mountain,mountain,True
quantum_nonlocality_2026,institutional,-0.014325,0.0662911847317683,0.33270318985074987,0.49164636691848085,0.060125344113724916,0.06499731744151283,mountain,mountain,True
quantum_nonlocality_2026,analytical,0.165603,0.001996357835740478,0.004876775669411518,0.07691093824328682,0.0014786408712008595,0.002421243611359314,mountain,mountain,True
quellcrist_falconer_justice,powerless,0.3536,3.0500304098278894,1.2885478300403466,1.89498507028956,0.8325582610256407,0.730650136700951,snare,tangled_rope,False
quellcrist_falconer_justice,moderate,0.752415,0.12073596314746475,0.13166051155738992,0.5019692496681059,0.06266329601165203,0.24069493582218016,snare,tangled_rope,False
quellcrist_falconer_justice,institutional,-0.028731,16.430670720683377,2.3261318808159794,2.1000220484588024,1.004877029622271,0.7379075920674977,snare,tangled_rope,False
quellcrist_falconer_justice,analytical,0.931553,4.113571492089736,1.4908045499390092,2.0074457593992383,0.9256682527763915,0.7361358515432563,snare,tangled_rope,False
quine_self_replication,powerless,0.09084,2.1668639546117004e-07,2.1155951426566046e-07,0.0006543694347448465,1.0704983857616881e-07,5.989453569332781e-06,mountain,mountain,True
quine_self_replication,moderate,0.079998,2.987443788425516e-14,2.97240305557284e-14,2.4575624618635555e-07,1.4900914427480652e-14,2.2761613704957995e-09,mountain,mountain,True
quine_self_replication,institutional,-0.00955,0.033291896961379144,0.16564578355890783,0.3485491398581495,0.030294833866207255,0.03324401513594033,mountain,mountain,True
quine_self_replication,analytical,0.110402,1.1272015257364696e-06,1.18765234239376e-06,0.0015210748533730912,5.784171495853366e-07,1.4752550535313474e-05,mountain,mountain,True
qwerty_vs_dvorak,powerless,0.413016,0.006423578009938465,0.009600577985318638,0.12466674291720019,0.0038841913006998447,0.01279006843973177,tangled_rope,tangled_rope,True
qwerty_vs_dvorak,moderate,0.420467,0.010363339841045968,0.01676086403734604,0.1611337173661394,0.006487508367325501,0.0179594587279676,tangled_rope,tangled_rope,True
qwerty_vs_dvorak,institutional,-0.027894,0.4408718043852299,2.468737462969724,1.1536672992390846,0.32361262054622214,0.2938517744127416,tangled_rope,tangled_rope,True
qwerty_vs_dvorak,analytical,0.520574,0.24588919776907622,0.7072925428795224,0.8755190550775834,0.18859260546887818,0.23316564160601513,tangled_rope,tangled_rope,True
raac_school_maintenance,powerless,0.3016,4.982822181021924,1.3589717123510423,2.0332402835683094,0.947514078500335,0.7436822707388695,snare,tangled_rope,False
raac_school_maintenance,moderate,0.641765,0.0027795086248152026,0.002699257273506846,0.0740117558243304,0.0013692787278319772,0.0315347926085045,snare,snare,True
raac_school_maintenance,institutional,-0.033992,16.583938126337088,2.365162820772491,2.115480802038288,1.018315988591969,0.7442586955430194,snare,tangled_rope,False
raac_school_maintenance,analytical,0.79456,0.49757591461688216,0.5063765126938977,1.0001550515914757,0.24490921718642417,0.4785054762466611,snare,tangled_rope,False
radiologic_diagnostic_threshold,powerless,0.2704,3.336078843042163,0.5240877878584701,1.3672233519257,0.4494066887301821,0.4055422377628876,tangled_rope,tangled_rope,True
radiologic_diagnostic_threshold,moderate,0.575376,0.06538439346912008,0.06552662293043253,0.3618117132149166,0.03263777194209157,0.17990812418981894,tangled_rope,snare,False
radiologic_diagnostic_threshold,institutional,-0.021971,8.745626559766388,2.3436133129898598,1.5344146732798751,0.5602961220420642,0.40559296255546007,tangled_rope,tangled_rope,True
radiologic_diagnostic_threshold,analytical,0.712364,0.01725725719518201,0.01765111362085282,0.18672647034805928,0.008710363792537154,0.09211458990606802,tangled_rope,tangled_rope,True
rafah_crossing_lifeline,powerless,0.3536,1.7348370383757281,3.1745451390959922,2.0834556088815104,0.9905411269818906,0.8258702810067677,snare,tangled_rope,False
rafah_crossing_lifeline,moderate,0.752415,0.01056519128042218,0.014696269797698721,0.15731757599304422,0.006184015461538295,0.02414047789950835,snare,snare,True
rafah_crossing_lifeline,institutional,-0.049915,22.659688075245587,17.751990900983625,3.024924647496197,1.883398150051778,0.9864031138479679,snare,rope,False
rafah_crossing_lifeline,analytical,0.931553,2.992555104188446,4.009694787574654,2.484004553118892,1.354196173000587,0.9416117071905019,snare,tangled_rope,False
railway_gauge_standard,powerless,0.413016,0.00012472007860929405,0.00011871600310923003,0.015350475700844487,5.890898686911172e-05,0.00010565736448370658,tangled_rope,tangled_rope,True
railway_gauge_standard,moderate,0.420467,0.00018470495039346323,0.00018307178448030866,0.018724120210774894,8.764752923524274e-05,0.00012219090760593994,tangled_rope,tangled_rope,True
railway_gauge_standard,institutional,-0.016056,0.9539921760808012,4.762682524786758,1.779127328400312,0.740497938262218,0.6150568702017618,tangled_rope,rope,False
railway_gauge_standard,analytical,0.520574,0.0026217100810304534,0.006553938859853092,0.08242167945520518,0.0016980929633246568,0.0020307687713072196,tangled_rope,tangled_rope,True
ramsey_numbers,powerless,0.09084,6.375556736255286e-07,6.223850747153002e-07,0.0011224086400029845,3.1495028029419133e-07,1.757509230537746e-05,mountain,mountain,True
ramsey_numbers,moderate,0.079998,8.75681089261366e-14,8.749904955599671e-14,4.182955279236503e-07,4.37501865035164e-14,6.6758296668467665e-09,mountain,mountain,True
ramsey_numbers,institutional,-0.00955,0.09470399355221815,0.4544643166182809,0.5843390180088306,0.08475751008678456,0.09172098174546384,mountain,mountain,True
ramsey_numbers,analytical,0.110402,3.301727918846741e-06,3.4786633811143442e-06,0.0026032523835323785,1.6942305039230182e-06,4.320105945343283e-05,mountain,mountain,True
rare_earth_coop_2026,powerless,0.31202,0.0007208253264980496,0.0008282051985758714,0.039247095869114984,0.0003850712762484072,0.00494774284217625,rope,rope,True
rare_earth_coop_2026,moderate,0.282412,2.747269404313806e-06,2.7727580008414125e-06,0.0023494422594630728,1.3799695738802705e-06,0.00027778838639469505,rope,rope,True
rare_earth_coop_2026,institutional,-0.011831,0.02692633401569835,0.04026995385029436,0.25384127570848786,0.0160872353387276,0.04649869028552421,rope,rope,True
rare_earth_coop_2026,analytical,0.383581,0.020748232717775393,0.03791129666470915,0.23137528400365495,0.013368710372369596,0.038090661736714826,rope,rope,True
rare_earth_dependency,powerless,0.3536,0.06624177418309109,0.6295080159892834,0.497942226641434,0.061667081090531047,0.06473338658136474,snare,snare,True
rare_earth_dependency,moderate,0.752415,9.269464588168505e-05,0.00013093116744630298,0.014787786172718812,5.466940590913683e-05,0.00021402814926541058,snare,snare,True
rare_earth_dependency,institutional,0.685858,1.6373827223682762e-07,1.6663527137357116e-07,0.0005747647234950983,8.258862134191794e-08,6.277090711664791e-06,snare,snare,True
rare_earth_dependency,analytical,0.931553,0.16006357363226997,0.9273085952768416,0.7702898219016086,0.14651199937843867,0.1486169771544653,snare,snare,True
rare_earth_export_restrictions,powerless,0.2704,4.33531774874988,0.8709250082129729,1.636184115707283,0.6327701026805064,0.5348155677134878,snare,tangled_rope,False
rare_earth_export_restrictions,moderate,0.575376,0.06343039066833263,0.059795547768876765,0.35091571962440093,0.030706562856667723,0.16932741021236541,snare,snare,True
rare_earth_export_restrictions,institutional,-0.057014,13.246942842264085,10.879623247158136,2.895297359864103,1.7543267598359469,0.8708099507231369,snare,scaffold,False
rare_earth_export_restrictions,analytical,0.712364,0.017035887963132264,0.01667013273925972,0.1835469753212105,0.008416463332766995,0.0904045790969773,snare,snare,True
rare_earth_hydrogen_extraction,powerless,0.3536,1.1813952238352243,2.9825049748360883,1.837260278393022,0.7861810972784573,0.699974599129925,snare,tangled_rope,False
rare_earth_hydrogen_extraction,moderate,0.752415,0.0049871220165855264,0.0070077389254649325,0.10833121992917259,0.0029331960523781586,0.011436920458375188,snare,snare,True
rare_earth_hydrogen_extraction,institutional,0.355944,1.1091564909487803,2.8509788092147033,1.7889952105386029,0.7481785792695765,0.6777625717466083,snare,tangled_rope,False
rare_earth_hydrogen_extraction,analytical,0.931553,2.3649723537993883,4.510281411244874,2.3805793907953143,1.257218175096659,0.9045478478541709,snare,tangled_rope,False
rare_earth_seabed_mining,powerless,0.3016,2.9064806872389077,0.5220762343474373,1.3493899007491423,0.4382049210051192,0.4006723586604423,tangled_rope,tangled_rope,True
rare_earth_seabed_mining,moderate,0.641765,0.0036342881029186695,0.003667197716178894,0.08544804338828492,0.0018250643904875808,0.042185517554239105,tangled_rope,tangled_rope,True
rare_earth_seabed_mining,institutional,-0.024506,8.959736165728392,8.451583341945653,1.9706525737271496,0.894817601426789,0.40176162190012604,tangled_rope,tangled_rope,True
rare_earth_seabed_mining,analytical,0.79456,0.40188092931844904,0.2715514385462519,0.8083630783050391,0.16115084356997467,0.3237086581104606,tangled_rope,tangled_rope,True
rational_inertia_trap,powerless,0.56518,0.049294705828367216,0.04950172592293583,0.3143163198508322,0.024647893635722666,0.1564808382053321,tangled_rope,snare,False
rational_inertia_trap,moderate,0.575376,0.06549584849585587,0.06543443697510727,0.36183850490468594,0.03264259249875578,0.17993235849752287,tangled_rope,snare,False
rational_inertia_trap,institutional,-0.021971,8.917153171749309,2.9346873871875525,1.5944788151479694,0.6026312402619541,0.4119315700882379,tangled_rope,tangled_rope,True
rational_inertia_trap,analytical,0.712364,0.01706667657735723,0.017250553945078476,0.1852443020412707,0.008572731539250065,0.09214395490124244,tangled_rope,snare,False
recipe_scaling_ai,powerless,0.413016,0.0005500970302218153,0.00036145465905594945,0.029696455941948818,0.00022046582332737246,0.0007141619106563191,tangled_rope,tangled_rope,True
recipe_scaling_ai,moderate,0.420467,0.0007746416704380825,0.0004627833641344699,0.0343117835293829,0.0002943174033972091,0.0007855900910687108,tangled_rope,tangled_rope,True
recipe_scaling_ai,institutional,-0.016056,2.454806432348565,6.037935963412526,2.4868959667996546,1.3569333746250984,0.9139997335635146,tangled_rope,rope,False
recipe_scaling_ai,analytical,0.520574,0.004927079472612257,0.0009754724621920659,0.059798643049223665,0.0008939028311719687,0.0009873860092444176,tangled_rope,tangled_rope,True
reciprocity_laws_math,powerless,0.09084,6.375556736255286e-07,6.223850747153002e-07,0.0011224086400029845,3.1495028029419133e-07,1.757509230537746e-05,mountain,mountain,True
reciprocity_laws_math,moderate,0.079998,8.75681089261366e-14,8.749904955599671e-14,4.182955279236503e-07,4.37501865035164e-14,6.6758296668467665e-09,mountain,mountain,True
reciprocity_laws_math,institutional,-0.00955,0.09470399355221815,0.4544643166182809,0.5843390180088306,0.08475751008678456,0.09172098174546384,mountain,mountain,True
reciprocity_laws_math,analytical,0.110402,3.301727918846741e-06,3.4786633811143442e-06,0.0026032523835323785,1.6942305039230182e-06,4.320105945343283e-05,mountain,mountain,True
regional_military_deterrence_mideast,powerless,0.36032,2.7991861799669397,1.1836267583068831,1.8220098217639096,0.7740958823425942,0.7020473707610826,snare,tangled_rope,False
regional_military_deterrence_mideast,moderate,0.641765,0.0030082530426557086,0.002930886757112825,0.07706060118227441,0.0014844004069120408,0.03427501976408032,snare,snare,True
regional_military_deterrence_mideast,institutional,-0.024506,15.783880651874977,2.8169383652863833,2.064492892326638,0.9742166569132853,0.7104108442121635,snare,tangled_rope,False
regional_military_deterrence_mideast,analytical,0.79456,0.5067116357290635,0.4863173604608155,0.9952842166856991,0.24257889041111488,0.47610819831345036,snare,tangled_rope,False
regulatory_capture,powerless,0.3016,4.818572040970408,1.2360790260159584,1.9611543720992015,0.8869137949758577,0.7099249994615654,snare,tangled_rope,False
regulatory_capture,moderate,0.641765,0.0030082530426557086,0.002930886757112825,0.07706060118227441,0.0014844004069120408,0.03427501976408032,snare,snare,True
regulatory_capture,institutional,-0.042575,15.788147505940557,3.05913398706998,2.073242301925048,0.9817374085564852,0.7104108442121635,snare,tangled_rope,False
regulatory_capture,analytical,0.79456,0.5067116357290635,0.4863173604608155,0.9952842166856991,0.24257889041111488,0.47610819831345036,snare,tangled_rope,False
regulatory_pathway_psychedelic_therapy,powerless,0.3016,4.991572403005273,1.3662713758154024,2.037305836249662,0.950973329362097,0.7455595820729518,snare,tangled_rope,False
regulatory_pathway_psychedelic_therapy,moderate,0.641765,0.00275908436406993,0.0026776053695843445,0.07372735683347914,0.0013587769023100423,0.03136990993608782,snare,snare,True
regulatory_pathway_psychedelic_therapy,institutional,0.347455,3.297916238282449,1.3302305148449738,1.9351445192367853,0.8653990567312069,0.7404984355572938,snare,tangled_rope,False
regulatory_pathway_psychedelic_therapy,analytical,0.79456,0.49492102813520084,0.5023108143410493,0.9974870004781735,0.2436314659068489,0.47792249552710825,snare,tangled_rope,False
relativity_of_simultaneity,powerless,0.09084,2.429484382656167e-07,2.3719929897782098e-07,0.0006928892521202798,1.2002387773206736e-07,6.714839275279161e-06,mountain,mountain,True
relativity_of_simultaneity,moderate,0.079998,3.3267586145946284e-14,3.343828346489071e-14,2.563692708922217e-07,1.670585098434648e-14,2.5517917778827837e-09,mountain,mountain,True
relativity_of_simultaneity,institutional,-0.00955,0.03724861243582727,0.1848963791947559,0.36853699493426995,0.03385891001835111,0.03712155731021061,mountain,mountain,True
relativity_of_simultaneity,analytical,0.110402,1.2636512976306303e-06,1.3314174647527308e-06,0.0016105093000504647,6.48435016615602e-07,1.653824406859202e-05,mountain,mountain,True
relativity_physical_invariance,powerless,0.13626,5.139366353940738e-05,6.539683225785495e-05,0.010748291686770797,2.8881374034645172e-05,0.00016086697357020618,mountain,mountain,True
relativity_physical_invariance,moderate,0.119997,8.263682932206564e-13,8.26448214545808e-13,1.2856516009642697e-06,4.132109457341962e-13,1.5788007567962836e-08,mountain,mountain,True
relativity_physical_invariance,institutional,-0.014325,0.0662911847317683,0.33270318985074987,0.49164636691848085,0.060125344113724916,0.06499731744151283,mountain,mountain,True
relativity_physical_invariance,analytical,0.165603,0.001996357835740478,0.004876775669411518,0.07691093824328682,0.0014786408712008595,0.002421243611359314,mountain,mountain,True
rent_seeking_equilibrium,powerless,0.3016,3.592733406251779,4.730103639281125,2.6478672926650155,1.511274082398609,0.9669154549759627,snare,tangled_rope,False
rent_seeking_equilibrium,moderate,0.762431,0.010712289476519919,0.017472760786740007,0.16344739231088004,0.006675046185015544,0.020034383901055164,snare,snare,True
rent_seeking_equilibrium,institutional,-0.024506,22.824389900880846,18.459582414087684,3.0735684485747408,1.9319889095551752,0.9925541022700531,snare,rope,False
rent_seeking_equilibrium,analytical,0.79456,0.038948358652077686,0.08106452724252014,0.3273375075636216,0.026727716994176438,0.05267912720861878,snare,snare,True
repair_probe_incomplete,powerless,0.413016,0.0006769360656414996,0.0004449220391411232,0.03294514156266354,0.0002713394524991679,0.0008796690118368922,tangled_rope,tangled_rope,True
repair_probe_incomplete,moderate,0.420467,0.0009532803878266791,0.0005696965659709985,0.038066490274897266,0.00036225348430168707,0.0009677461468443616,tangled_rope,tangled_rope,True
repair_probe_incomplete,institutional,-0.016056,2.6466187377212584,5.98472305035323,2.536131923797052,1.4037449618008746,0.9287733488713624,tangled_rope,rope,False
repair_probe_incomplete,analytical,0.520574,0.006063904412565866,0.001201322290088447,0.06635850344918202,0.0011007617571442386,0.001217817430391288,tangled_rope,tangled_rope,True
reputational_cascade_failure,powerless,0.630393,0.0035371567008971824,0.0034368661452909267,0.08350407883702213,0.0017429795719379724,0.037067040516270744,snare,snare,True
reputational_cascade_failure,moderate,0.662133,0.0008896447915470306,0.0008796121218512461,0.04205953193752603,0.00044223475810811514,0.018795433481168244,snare,snare,True
reputational_cascade_failure,institutional,-0.024506,15.798747323224893,2.852488945578066,2.06702828083487,0.9763939932997519,0.7110083398770009,snare,tangled_rope,False
reputational_cascade_failure,analytical,0.79456,0.5063139502447708,0.48595937709987586,0.9950070261856035,0.24244658902940353,0.4761186330564913,snare,tangled_rope,False
requirement_invasive_diabetes_testing,powerless,0.413016,0.006392837982760553,0.00955794003213641,0.12438071334130216,0.0038663940699563493,0.012736200162891204,tangled_rope,tangled_rope,True
requirement_invasive_diabetes_testing,moderate,0.420467,0.0103146022652192,0.016687963809590773,0.1607714572542299,0.00645838647432319,0.017884215338097635,tangled_rope,tangled_rope,True
requirement_invasive_diabetes_testing,institutional,-0.016056,0.3505863072497079,1.904446899412611,1.0059089142978612,0.24767541676983856,0.22866900976899157,tangled_rope,tangled_rope,True
requirement_invasive_diabetes_testing,analytical,0.520574,0.2449425125847637,0.7050886143104084,0.8739774121554139,0.1879396237754913,0.23240426850226895,tangled_rope,tangled_rope,True
responsibility_dilution,powerless,0.3016,3.5899033142134176,4.734837608845382,2.6477234298964105,1.5111345822615845,0.9668673340370993,snare,tangled_rope,False
responsibility_dilution,moderate,0.641765,0.00010660013482581351,0.00010127995879258922,0.014412995705022125,5.1933386540513274e-05,0.0011670665051239188,snare,snare,True
responsibility_dilution,institutional,-0.042575,22.82634550610004,18.824100656384033,3.0786419149046584,1.9370596550043362,0.9925861995830413,snare,rope,False
responsibility_dilution,analytical,0.79456,0.03770758888632142,0.07651123862683576,0.3209227892522777,0.025692660538162958,0.051423343665681576,snare,snare,True
responsibility_without_power,powerless,0.56518,0.048157450370155966,0.04600177374690672,0.30679131917383096,0.023484125249879598,0.14913680357981973,snare,snare,True
responsibility_without_power,moderate,0.575376,0.06351272883250016,0.059931277530915913,0.3512308183273512,0.030761590607230452,0.16964472578469247,snare,snare,True
responsibility_without_power,institutional,-0.021971,11.622844466954552,2.0385311139673616,1.720909534774921,0.6958144827457994,0.5328730347864006,snare,tangled_rope,False
responsibility_without_power,analytical,0.712364,0.017085007840238246,0.0168096079350084,0.1840678606887738,0.008464267269173069,0.09055607602911286,snare,snare,True
rfc9293_interoperability,powerless,0.133723,0.00030547650223858346,0.0002733166750272832,0.024013353631571893,0.00014415855631800325,0.004221028001026195,rope,rope,True
rfc9293_interoperability,moderate,0.121034,1.7276073769247752e-06,1.7168471600314378e-06,0.001855912864537953,8.611030781348737e-07,0.00035619859758595496,rope,rope,True
rfc9293_interoperability,institutional,-0.00507,0.07980657738378898,0.10810215559766358,0.42625657025387415,0.04525198359982316,0.13219852310345462,rope,rope,True
rfc9293_interoperability,analytical,0.164392,0.0029045931298416804,0.0016765196635128276,0.06481700115588114,0.0010502189835112895,0.009926634248718424,rope,rope,True
rfc9293_state_machine,powerless,0.09084,2.1668639546117004e-07,2.1155951426566046e-07,0.0006543694347448465,1.0704983857616881e-07,5.989453569332781e-06,mountain,mountain,True
rfc9293_state_machine,moderate,0.079998,2.987443788425516e-14,2.97240305557284e-14,2.4575624618635555e-07,1.4900914427480652e-14,2.2761613704957995e-09,mountain,mountain,True
rfc9293_state_machine,institutional,-0.00955,0.033291896961379144,0.16564578355890783,0.3485491398581495,0.030294833866207255,0.03324401513594033,mountain,mountain,True
rfc9293_state_machine,analytical,0.110402,1.1272015257364696e-06,1.18765234239376e-06,0.0015210748533730912,5.784171495853366e-07,1.4752550535313474e-05,mountain,mountain,True
rices_theorem_undecidability,powerless,0.13626,5.139366353940738e-05,6.539683225785495e-05,0.010748291686770797,2.8881374034645172e-05,0.00016086697357020618,mountain,mountain,True
rices_theorem_undecidability,moderate,0.119997,8.263682932206564e-13,8.26448214545808e-13,1.2856516009642697e-06,4.132109457341962e-13,1.5788007567962836e-08,mountain,mountain,True
rices_theorem_undecidability,institutional,-0.014325,0.0662911847317683,0.33270318985074987,0.49164636691848085,0.060125344113724916,0.06499731744151283,mountain,mountain,True
rices_theorem_undecidability,analytical,0.165603,0.001996357835740478,0.004876775669411518,0.07691093824328682,0.0014786408712008595,0.002421243611359314,mountain,mountain,True
riemann_mapping_theorem,powerless,0.09084,2.1668639546117004e-07,2.1155951426566046e-07,0.0006543694347448465,1.0704983857616881e-07,5.989453569332781e-06,mountain,mountain,True
riemann_mapping_theorem,moderate,0.079998,2.987443788425516e-14,2.97240305557284e-14,2.4575624618635555e-07,1.4900914427480652e-14,2.2761613704957995e-09,mountain,mountain,True
riemann_mapping_theorem,institutional,-0.00955,0.033291896961379144,0.16564578355890783,0.3485491398581495,0.030294833866207255,0.03324401513594033,mountain,mountain,True
riemann_mapping_theorem,analytical,0.110402,1.1272015257364696e-06,1.18765234239376e-06,0.0015210748533730912,5.784171495853366e-07,1.4752550535313474e-05,mountain,mountain,True
riot_incentive_loop_2026,powerless,0.739082,0.07166242095547748,0.07562678507376185,0.38366339524495524,0.03668668889377983,0.18663239441881518,snare,snare,True
riot_incentive_loop_2026,moderate,0.752415,0.12789218340271816,0.13437087605415007,0.5119531669609143,0.06516700881793501,0.2506140747983889,snare,tangled_rope,False
riot_incentive_loop_2026,institutional,-0.074557,15.348711830514363,2.159615555152546,2.0031771672861782,0.922070244729977,0.6926258336712146,snare,tangled_rope,False
riot_incentive_loop_2026,analytical,0.931553,3.910842933824106,1.2392650701383805,1.9016817292516268,0.8380021768400973,0.6911626764870784,snare,tangled_rope,False
risk_socialization_threshold,powerless,0.36032,1.0019898511053795,2.6378803884987163,1.7121005142132724,0.6891486910004712,0.6417102392299108,snare,tangled_rope,False
risk_socialization_threshold,moderate,0.641765,9.951411544150017e-05,9.642825140087435e-05,0.013990746919213181,4.893505028503907e-05,0.0009886357620380662,snare,snare,True
risk_socialization_threshold,institutional,-0.024506,22.84979629617641,17.319979204567204,3.06163442501045,1.9200630696521488,0.9936428138293127,snare,rope,False
risk_socialization_threshold,analytical,0.79456,0.04087764729932568,0.09906675175552138,0.34326712393123476,0.029385835693129997,0.05259563330274075,snare,snare,True
ritual_without_belief,powerless,0.3536,2.9385068965271244,1.2223166008014943,1.8490296664441097,0.7955560284051312,0.710568444449124,snare,tangled_rope,False
ritual_without_belief,moderate,0.752415,0.17864241042121728,0.20901195700157432,0.6188879779012347,0.09499392271319179,0.2831304927254122,snare,tangled_rope,False
ritual_without_belief,institutional,0.074884,15.56841299744421,1.8569861728980706,2.018984101234088,0.9354183990891528,0.7016553709366976,snare,tangled_rope,False
ritual_without_belief,analytical,0.931553,5.711521718559673,2.895281418568381,2.409821479859672,1.2844471957384775,0.8367718181960355,snare,piton,False
ritualistic_transition_scaffold,powerless,0.31202,0.08368913554373196,0.09956444402164721,0.4268546025274046,0.04537856583580625,0.18141675823098968,rope,rope,True
ritualistic_transition_scaffold,moderate,0.282412,0.0003642505642945577,0.0003703371449748917,0.027102580726588728,0.00018363466030089419,0.009986888442792052,rope,rope,True
ritualistic_transition_scaffold,institutional,-0.011831,0.7490910545453374,0.16738779433505427,0.7689238852994027,0.1459992582785668,0.1563995415812658,rope,rope,True
ritualistic_transition_scaffold,analytical,0.383581,1.271002546838149,1.22550658824755,1.571694350779612,0.586421579015875,0.7070705636953367,rope,tangled_rope,False
rn_proteus_adoption,powerless,0.38041,0.0012911829354712483,0.0008964879471091655,0.04619224463480935,0.000533407154147982,0.0019739981948093677,tangled_rope,tangled_rope,True
rn_proteus_adoption,moderate,0.387272,0.001832796380802243,0.0011707395767798748,0.053781281060708216,0.0007230629755928781,0.0021965730631074987,tangled_rope,tangled_rope,True
rn_proteus_adoption,institutional,-0.014788,2.426878127999932,5.032987292967026,2.4378356930131195,1.3106764108947813,0.9110985081780495,tangled_rope,rope,False
rn_proteus_adoption,analytical,0.479476,0.012321560830921697,0.0028513105199722976,0.10048715738120943,0.002523886187474334,0.0029326506608752245,tangled_rope,tangled_rope,True
robustness_vs_efficiency_tradeoff,powerless,0.2704,4.343142043664918,0.7761685038357764,1.6288457419036328,0.6274234584166625,0.537947745946198,snare,tangled_rope,False
robustness_vs_efficiency_tradeoff,moderate,0.575376,0.06327082377314605,0.05956432685483997,0.35035453438694336,0.03060868045534294,0.1688075455422492,snare,snare,True
robustness_vs_efficiency_tradeoff,institutional,-0.021971,11.771562751234827,2.8271976977051136,1.7835444915039025,0.7439322465092126,0.5380343124459922,snare,tangled_rope,False
robustness_vs_efficiency_tradeoff,analytical,0.712364,0.01696721517310262,0.016620125271566685,0.18326026441241416,0.008390208257118361,0.09021311903069967,snare,snare,True
roc_african_exarchate,powerless,0.20872,8.862684693186633,1.2720360520047234,2.007532164732659,0.9257411346583633,0.7120843799916372,snare,tangled_rope,False
roc_african_exarchate,moderate,0.641765,0.0029951242767688206,0.002917120931527464,0.0768860024722329,0.0014776823460877864,0.034146365662762024,snare,snare,True
roc_african_exarchate,institutional,-0.024506,15.826283463563959,2.954074274794921,2.073072109743961,0.9815909297281487,0.7120860741938911,snare,tangled_rope,False
roc_african_exarchate,analytical,0.79456,0.5057467077214449,0.4857040224134624,0.9947209786824648,0.2423100956482468,0.476172565846671,snare,tangled_rope,False
rogers_commission_institutional_analysis,powerless,0.3016,3.4377249814655593,4.815581486771528,2.6328800227778166,1.4967550270692704,0.9633907265990702,snare,tangled_rope,False
rogers_commission_institutional_analysis,moderate,0.641765,9.951411544150017e-05,9.642825140087435e-05,0.013990746919213181,4.893505028503907e-05,0.0009886357620380662,snare,snare,True
rogers_commission_institutional_analysis,institutional,-0.024506,22.84979629617641,17.319979204567204,3.06163442501045,1.9200630696521488,0.9936428138293127,snare,rope,False
rogers_commission_institutional_analysis,analytical,0.79456,0.04087764729932568,0.09906675175552138,0.34326712393123476,0.029385835693129997,0.05259563330274075,snare,snare,True
rogue_wave_control_2026,powerless,0.133723,0.00014541877462862125,0.00014221854263437358,0.01695907127534226,7.190209380040806e-05,0.003847689571630619,rope,rope,True
rogue_wave_control_2026,moderate,0.121034,1.007336909094453e-06,1.0055010601196053e-06,0.0014187447639872957,5.032091549874521e-07,0.00032680442884913674,rope,rope,True
rogue_wave_control_2026,institutional,-0.00507,0.07702367793986226,0.10941762241235226,0.4267850202563787,0.04536382875093621,0.13527960366680256,rope,rope,True
rogue_wave_control_2026,analytical,0.164392,0.0008821898950639763,0.0008338993963888427,0.0414121761579568,0.00042872676543843864,0.009168224918374879,rope,rope,True
roman_bath_system,powerless,0.390025,0.006921810609255436,0.00836975068143352,0.12317368381292242,0.003791740381993185,0.025939851039050166,rope,rope,True
roman_bath_system,moderate,0.353015,2.6301678174435288e-05,2.6643262923012377e-05,0.007276196091208375,1.3235742790788537e-05,0.0013481214426376287,rope,rope,True
roman_bath_system,institutional,-0.014788,0.015552326947639143,0.01782531932071489,0.1790585407614385,0.008010137678196774,0.039744465655973504,rope,rope,True
roman_bath_system,analytical,0.479476,0.22104142511313993,0.4416334810539932,0.7694479228888448,0.14619586767250345,0.2523951503490024,rope,rope,True
roman_colosseum_games,powerless,0.3536,1.3373791316711252,2.7961588963776416,1.8801250195746082,0.820524912812503,0.7451060464669125,snare,tangled_rope,False
roman_colosseum_games,moderate,0.752415,0.06549292817429347,0.11548721270921888,0.41243176189265995,0.04237450511183002,0.09481017071617703,snare,snare,True
roman_colosseum_games,institutional,-0.028731,22.45310955834818,15.134095326134794,2.962102442352628,1.8207506329495964,0.9786994050089473,snare,rope,False
roman_colosseum_games,analytical,0.931553,7.029959181416505,4.184747599594724,2.833912644126943,1.6935321860377934,0.9780016960990136,snare,piton,False
roman_monumental_construction,powerless,0.3016,4.840183596247774,1.2516456582345588,1.9701454316164622,0.8943949581333984,0.7141715385262175,snare,tangled_rope,False
roman_monumental_construction,moderate,0.641765,0.0029771567702120486,0.0028985918057397586,0.076648282449474,0.001468560043030566,0.033947752304477774,snare,snare,True
roman_monumental_construction,institutional,0.762431,0.19205672508261853,0.20307134523403805,0.6283341893958797,0.09789180626557838,0.3064289664746824,snare,tangled_rope,False
roman_monumental_construction,analytical,0.79456,0.5048420368421559,0.48629706169272396,0.9946898837296858,0.2422952602260406,0.4764033166529932,snare,tangled_rope,False
roman_road_network,powerless,0.121217,7.832708242749489,1.308642627898714,1.4735244675562902,0.518704258376766,0.41389636762446164,tangled_rope,tangled_rope,True
roman_road_network,moderate,0.575376,0.06552480056536317,0.06539996141494547,0.3618307420492257,0.03264119571272989,0.17992436846213267,tangled_rope,snare,False
roman_road_network,institutional,-0.021971,9.138228026358933,5.74905390119472,1.8545333897475713,0.7999543634836253,0.41389636881418235,tangled_rope,tangled_rope,True
roman_road_network,analytical,0.712364,0.01707727952481859,0.017247763248433263,0.1852672504366359,0.008574854162282777,0.09220078729593373,tangled_rope,snare,False
rotation_seven_black_soil,powerless,0.956459,0.002228122532368,0.0013911859142219172,0.05881030592046716,0.0008646007188987232,0.0026067557552056364,tangled_rope,tangled_rope,True
rotation_seven_black_soil,moderate,0.973713,0.0030685776315897014,0.0017383442677470892,0.06708917017478236,0.0011251336790402372,0.0028391287173475943,tangled_rope,tangled_rope,True
rotation_seven_black_soil,institutional,-0.037182,14.6565138481006,5.670771466944908,3.022626645351847,1.8811041341577663,0.9964865075820027,tangled_rope,scaffold,False
rotation_seven_black_soil,analytical,1.205539,0.015673489050696415,0.0034139772400999632,0.11052345945355517,0.003053081680386806,0.003496465659034831,tangled_rope,tangled_rope,True
rotation_seven_isolation,powerless,0.4056,0.0889020762308024,0.04538952039352487,0.35093172114587656,0.03070935612906054,0.0610274294336125,tangled_rope,tangled_rope,True
rotation_seven_isolation,moderate,0.863064,0.11649040478930378,0.05708617706107835,0.39333505791354934,0.03855361116950464,0.0621074949513318,tangled_rope,tangled_rope,True
rotation_seven_isolation,institutional,-0.057256,1.3245959059602126,0.48814703184214747,0.6066866474968426,0.09131373608096506,0.06724147571067603,tangled_rope,tangled_rope,True
rotation_seven_isolation,analytical,1.068546,1.485642529276859,2.2180493904173155,1.487979340831888,0.5284549958684421,0.4652438184788167,tangled_rope,tangled_rope,True
rotation_seven_kubo_ranking,powerless,0.3536,0.04468038760103884,0.241893413013066,0.40374787890328145,0.04061487412422138,0.044376159484087796,snare,snare,True
rotation_seven_kubo_ranking,moderate,0.893884,0.08215613341552692,0.5360328548616771,0.5552858459298176,0.0765916809203061,0.07951591820344794,snare,snare,True
rotation_seven_kubo_ranking,institutional,-0.054575,23.022469406325893,22.934795226151813,3.1401941147958268,1.998601461320009,0.9998767520090243,snare,rope,False
rotation_seven_kubo_ranking,analytical,0.931553,0.6256115090988444,4.326776803364378,1.4876171791681707,0.5282097536930094,0.4655066599929718,snare,snare,True
rotmigration_decision_threshold,powerless,0.121217,10.0157156514971,0.978912648183783,1.6605102980117128,0.6506250886999352,0.5369598289184353,snare,tangled_rope,False
rotmigration_decision_threshold,moderate,0.575376,0.0633225480170992,0.059641905504717846,0.35054080267817533,0.030641152336224255,0.16898528603020946,snare,snare,True
rotmigration_decision_threshold,institutional,-0.021971,11.731799533250701,2.4418421234097525,1.7551035056824962,0.7219276158594726,0.5369598310433067,snare,tangled_rope,False
rotmigration_decision_threshold,analytical,0.712364,0.016980626735139698,0.016640228227472877,0.1833504375969734,0.008398461304847392,0.09027955079230571,snare,snare,True
royal_navy_middle_east_withdrawal,powerless,0.3016,3.5899033142134176,4.734837608845382,2.6477234298964105,1.5111345822615845,0.9668673340370993,snare,tangled_rope,False
royal_navy_middle_east_withdrawal,moderate,0.641765,0.00010660013482581351,0.00010127995879258922,0.014412995705022125,5.1933386540513274e-05,0.0011670665051239188,snare,snare,True
royal_navy_middle_east_withdrawal,institutional,0.3036,3.486670127371742,4.705698774118895,2.63032435017403,1.4942819935903535,0.9640478903728558,snare,tangled_rope,False
royal_navy_middle_east_withdrawal,analytical,0.79456,0.03770758888632142,0.07651123862683576,0.3209227892522777,0.025692660538162958,0.051423343665681576,snare,snare,True
rule_update_failure,powerless,0.2704,4.160650291445286,0.7252149226891746,1.581079535025454,0.593076424960913,0.513442974979445,snare,tangled_rope,False
rule_update_failure,moderate,0.575376,0.06403222204952613,0.06091044332454846,0.3533836367593862,0.031138859135871395,0.17173567951772795,snare,snare,True
rule_update_failure,institutional,-0.007558,11.195773275502836,2.3663181258061057,1.7157116670336916,0.691878184463783,0.513521688300278,snare,tangled_rope,False
rule_update_failure,analytical,0.712364,0.02673589221641061,0.03327916291474773,0.2420619926216343,0.014630629245900372,0.09714209001829771,snare,snare,True
rules_based_international_order,powerless,0.286,3.9727749808348234,0.7328064513935317,1.5859722688515228,0.5965580592962018,0.518426272215822,snare,tangled_rope,False
rules_based_international_order,moderate,0.608571,0.026813730603754752,0.02618748904269192,0.2302074053436999,0.013234241131081093,0.11351869196462083,snare,snare,True
rules_based_international_order,institutional,0.427104,0.7861583134747109,0.4960350889481199,1.1077369185591244,0.299007692310884,0.45729602420665166,snare,tangled_rope,False
rules_based_international_order,analytical,0.753462,0.07742466599585954,0.07535339773177777,0.39038764600627185,0.037979810579170235,0.19045122206897241,snare,tangled_rope,False
russells_paradox_self_reference,powerless,0.09084,2.429484382656167e-07,2.3719929897782098e-07,0.0006928892521202798,1.2002387773206736e-07,6.714839275279161e-06,mountain,mountain,True
russells_paradox_self_reference,moderate,0.079998,3.3267586145946284e-14,3.343828346489071e-14,2.563692708922217e-07,1.670585098434648e-14,2.5517917778827837e-09,mountain,mountain,True
russells_paradox_self_reference,institutional,-0.00955,0.03724861243582727,0.1848963791947559,0.36853699493426995,0.03385891001835111,0.03712155731021061,mountain,mountain,True
russells_paradox_self_reference,analytical,0.110402,1.2636512976306303e-06,1.3314174647527308e-06,0.0016105093000504647,6.48435016615602e-07,1.653824406859202e-05,mountain,mountain,True
russian_war_cannibalization,powerless,0.3536,2.9488550577268393,1.149745398461317,1.8188587571847736,0.7716076854417641,0.6901684937869386,snare,tangled_rope,False
russian_war_cannibalization,moderate,0.752415,0.12720552499349064,0.1339200484052028,0.5108506335412569,0.06488815206641786,0.2498961089112265,snare,tangled_rope,False
russian_war_cannibalization,institutional,0.045602,15.42321889703624,1.5948299076136234,1.9897151472094536,0.9107553092204858,0.6961731037240133,snare,tangled_rope,False
russian_war_cannibalization,analytical,0.931553,3.9045777905277697,1.183666328967051,1.8968182461916978,0.8340472064590422,0.6946536429266853,snare,tangled_rope,False
s1_airbnb,powerless,0.2704,3.3858157746073565,0.5363739441399336,1.3801324313075964,0.457592270838638,0.41187951026580627,tangled_rope,tangled_rope,True
s1_airbnb,moderate,0.575376,0.06549584849585587,0.06543443697510727,0.36183850490468594,0.03264259249875578,0.17993235849752287,tangled_rope,snare,False
s1_airbnb,institutional,0.272193,3.342683704727853,0.53597213347082,1.3793141912097593,0.4570715179052053,0.41187376614490184,tangled_rope,tangled_rope,True
s1_airbnb,analytical,0.712364,0.01706667657735723,0.017250553945078476,0.1852443020412707,0.008572731539250065,0.09214395490124244,tangled_rope,snare,False
s1_visa,powerless,0.413016,0.00010215275155136852,0.00010299155016275577,0.014092448958531418,4.9649073991919876e-05,8.433089420806883e-05,tangled_rope,tangled_rope,True
s1_visa,moderate,0.420467,0.00015273677661460994,0.00016220408708455083,0.01732999239027628,7.508168928544314e-05,0.00011903755594130535,tangled_rope,tangled_rope,True
s1_visa,institutional,0.19891,0.029177217562877555,0.13464443288551903,0.3225956626063809,0.025960632296006668,0.029042066661437747,tangled_rope,tangled_rope,True
s1_visa,analytical,0.520574,0.0023906914726996888,0.006364153440859354,0.08072255492177866,0.0016288115846497552,0.001978387720807267,tangled_rope,tangled_rope,True
s1_visa_judgment_sharing_agreement,powerless,0.2704,4.343142043664918,0.7761685038357764,1.6288457419036328,0.6274234584166625,0.537947745946198,snare,tangled_rope,False
s1_visa_judgment_sharing_agreement,moderate,0.575376,0.06327082377314605,0.05956432685483997,0.35035453438694336,0.03060868045534294,0.1688075455422492,snare,snare,True
s1_visa_judgment_sharing_agreement,institutional,-0.021971,11.771562751234827,2.8271976977051136,1.7835444915039025,0.7439322465092126,0.5380343124459922,snare,tangled_rope,False
s1_visa_judgment_sharing_agreement,analytical,0.712364,0.01696721517310262,0.016620125271566685,0.18326026441241416,0.008390208257118361,0.09021311903069967,snare,snare,True
sa_renewable_price_differential,powerless,0.56518,8.338025339400862e-05,6.883660792551013e-05,0.012157720920792025,3.695243070622624e-05,9.005807318651322e-05,tangled_rope,tangled_rope,True
sa_renewable_price_differential,moderate,0.575376,0.00011567901279457019,9.240992522763821e-05,0.01413042094262117,4.991699136041367e-05,0.00010950314902507815,tangled_rope,tangled_rope,True
sa_renewable_price_differential,institutional,0.272193,0.22175943090442496,1.5895506874245589,0.9103730502159649,0.20364191640495355,0.19869023618079074,tangled_rope,tangled_rope,True
sa_renewable_price_differential,analytical,0.712364,0.00048016702391874544,0.00012510395464811417,0.020178366630248946,0.0001017907565083597,0.00010945190613933741,tangled_rope,tangled_rope,True
sadhu_integrity_protocol,powerless,0.630393,0.00043284774190645433,0.00040775715158532504,0.028983366613982244,0.00021000520978495723,0.004468357541810519,snare,snare,True
sadhu_integrity_protocol,moderate,0.641765,0.0003682790840894677,0.0003485693016570758,0.02676617700272918,0.00017910438457313055,0.004140450253474315,snare,snare,True
sadhu_integrity_protocol,institutional,-0.024506,22.39536956865833,16.87299243363486,3.0964204126155614,1.9548315995683938,0.973347996845365,snare,rope,False
sadhu_integrity_protocol,analytical,0.79456,0.11578769696332718,0.20290402864750176,0.5478921424334292,0.07457829161271895,0.15318031472376803,snare,snare,True
sapir_whorf_hypothesis,powerless,0.413016,0.00010215275155136852,0.00010299155016275577,0.014092448958531418,4.9649073991919876e-05,8.433089420806883e-05,tangled_rope,tangled_rope,True
sapir_whorf_hypothesis,moderate,0.420467,0.00015273677661460994,0.00016220408708455083,0.01732999239027628,7.508168928544314e-05,0.00011903755594130535,tangled_rope,tangled_rope,True
sapir_whorf_hypothesis,institutional,-0.016056,0.7737739587553389,4.2333173415745105,1.6282120259715098,0.6269626069444285,0.5389491929362222,tangled_rope,rope,False
sapir_whorf_hypothesis,analytical,0.520574,0.0023906914726996888,0.006364153440859354,0.08072255492177866,0.0016288115846497552,0.001978387720807267,tangled_rope,tangled_rope,True
sat_csp_complexity,powerless,0.13626,5.139366353940738e-05,6.539683225785495e-05,0.010748291686770797,2.8881374034645172e-05,0.00016086697357020618,mountain,mountain,True
sat_csp_complexity,moderate,0.119997,8.263682932206564e-13,8.26448214545808e-13,1.2856516009642697e-06,4.132109457341962e-13,1.5788007567962836e-08,mountain,mountain,True
sat_csp_complexity,institutional,-0.014325,0.0662911847317683,0.33270318985074987,0.49164636691848085,0.060125344113724916,0.06499731744151283,mountain,mountain,True
sat_csp_complexity,analytical,0.165603,0.001996357835740478,0.004876775669411518,0.07691093824328682,0.0014786408712008595,0.002421243611359314,mountain,mountain,True
satellite_d2m_standard,powerless,0.2704,4.335141529822254,0.7729338599365184,1.6266316510842835,0.6258139259408996,0.5368736284060396,snare,tangled_rope,False
satellite_d2m_standard,moderate,0.575376,0.0633225480170992,0.059641905504717846,0.35054080267817533,0.030641152336224255,0.16898528603020946,snare,snare,True
satellite_d2m_standard,institutional,0.233911,5.540623161580153,0.7821344968324107,1.6399150032606158,0.6354954416454178,0.5369506941326498,snare,tangled_rope,False
satellite_d2m_standard,analytical,0.712364,0.016980626735139698,0.016640228227472877,0.1833504375969734,0.008398461304847392,0.09027955079230571,snare,snare,True
scam_compound_grey_zone_2026,powerless,0.3536,2.546905547972233,0.8214543465447268,1.594410217504186,0.6025821642690975,0.5672009059372023,snare,tangled_rope,False
scam_compound_grey_zone_2026,moderate,0.752415,0.13432424866935141,0.12906766009890103,0.5131140766790276,0.06546126582170697,0.2520812545319584,snare,tangled_rope,False
scam_compound_grey_zone_2026,institutional,0.045602,12.466956051551357,1.211731865327962,1.731395459603943,0.7037821620112417,0.5706932679307962,snare,tangled_rope,False
scam_compound_grey_zone_2026,analytical,0.931553,3.3307013541911523,0.839954211437372,1.653587844198805,0.6455236940399776,0.5698102775822833,snare,tangled_rope,False
scam_doubt_manufacturing,powerless,0.3536,1.1929202171581863,2.987270099556432,1.8434292274350508,0.7910897653294162,0.7034840295274936,snare,tangled_rope,False
scam_doubt_manufacturing,moderate,0.752415,0.0055128345326250225,0.007967633605473009,0.11454204344686356,0.0032790735103637786,0.01225553180852934,snare,snare,True
scam_doubt_manufacturing,institutional,0.578117,4.635442406011006e-05,3.271649109015535e-05,0.008789033314117543,1.9311745570333026e-05,0.0001808634802046294,snare,snare,True
scam_doubt_manufacturing,analytical,0.931553,2.994057782537622,5.976835970209663,2.57704252030628,1.4429172067033251,0.9460718628131932,snare,piton,False
scientific_paradigm_lifecycle,powerless,0.3016,2.8491725492070867,0.5006441914994916,1.332057229404355,0.4274366943071818,0.3924460284346402,tangled_rope,tangled_rope,True
scientific_paradigm_lifecycle,moderate,0.641765,0.0036324121149479013,0.0036723571133964934,0.08546565799541717,0.001825816805915213,0.04199195766005592,tangled_rope,tangled_rope,True
scientific_paradigm_lifecycle,institutional,-0.008431,8.482254653855863,3.3845257853275443,1.5617143575086279,0.5793791185283101,0.39257405742393675,tangled_rope,tangled_rope,True
scientific_paradigm_lifecycle,analytical,0.79456,0.39793024606261923,0.27050526033673183,0.804316790973035,0.15956333919235544,0.3180732937569713,tangled_rope,tangled_rope,True
scurvy_maritime_extraction,powerless,0.2704,4.338806887085242,0.8216213765538707,1.631985050764473,0.629708460758625,0.5364290684736087,snare,tangled_rope,False
scurvy_maritime_extraction,moderate,0.575376,0.06334750749429571,0.059676145244714894,0.35062550321688213,0.030655923708123867,0.1690605120848746,snare,snare,True
scurvy_maritime_extraction,institutional,-0.030475,12.58832572001273,10.59024091142225,2.6304081122911462,1.4943630341451122,0.6593240535690833,snare,scaffold,False
scurvy_maritime_extraction,analytical,0.712364,0.01699437561819908,0.01664166864155358,0.1833805023026523,0.008401213859303132,0.09030552847278439,snare,snare,True
second_order_unintended_consequences,powerless,0.56518,0.013324091641640598,0.015892726237088126,0.1704312781043067,0.007257311839154262,0.046279215360412684,tangled_rope,tangled_rope,True
second_order_unintended_consequences,moderate,0.575376,0.01822780347732002,0.022287204144933022,0.20052049564928073,0.010043699692947038,0.055682380827989264,tangled_rope,tangled_rope,True
second_order_unintended_consequences,institutional,-0.021971,1.488003854211105,4.525112906066254,1.280498721177499,0.3961063681169194,0.31620891390016803,tangled_rope,tangled_rope,True
second_order_unintended_consequences,analytical,0.712364,0.00437697617359169,0.004938186743622329,0.09631760121191066,0.00231882185931602,0.024424417288660183,tangled_rope,tangled_rope,True
seedance_export_restriction,powerless,0.3224,3.7547607811114143,0.954970323575663,1.752509360386569,0.7199333354989648,0.6168897685574708,snare,tangled_rope,False
seedance_export_restriction,moderate,0.686025,0.008817215448019116,0.008968415570981358,0.13335310854800783,0.004444116066611136,0.06551607525239544,snare,snare,True
seedance_export_restriction,institutional,-0.026196,13.567541713010568,1.4431375301418592,1.8301658740173927,0.7805503188697425,0.6176531609686504,snare,tangled_rope,False
seedance_export_restriction,analytical,0.849357,1.544683644704973,0.8305740459499904,1.4722153688857895,0.5178250010115054,0.5891303132110782,snare,tangled_rope,False
self_enforced_boundary_protocol,powerless,0.31202,0.0031085041123727376,0.003453021442656492,0.08086143648513737,0.001634420318270627,0.022525762816770656,rope,rope,True
self_enforced_boundary_protocol,moderate,0.282412,1.2002693386791014e-05,1.208725809270046e-05,0.004908110357210249,6.022383797349874e-06,0.001297847060843349,rope,rope,True
self_enforced_boundary_protocol,institutional,-0.011831,0.11446282129451607,0.1539256320045413,0.5119032458284622,0.0651543698745539,0.18674418074239743,rope,rope,True
self_enforced_boundary_protocol,analytical,0.383581,0.08032924954382399,0.12410820261594388,0.4398055073318742,0.04816266650611416,0.14737404418937483,rope,rope,True
self_surpassing_superman,powerless,0.3016,4.982822181021924,1.3589717123510423,2.0332402835683094,0.947514078500335,0.7436822707388695,snare,tangled_rope,False
self_surpassing_superman,moderate,0.620043,0.003104642823993166,0.0030073081580494487,0.07817146365829945,0.0015274999550004469,0.03331108795143051,snare,snare,True
self_surpassing_superman,institutional,-0.024506,16.582768837452882,2.2873492339158474,2.1129153253526285,1.0160816288706276,0.7442586955430194,snare,tangled_rope,False
self_surpassing_superman,analytical,0.79456,0.49757591461688216,0.5063765126938977,1.0001550515914757,0.24490921718642417,0.4785054762466611,snare,tangled_rope,False
semantic_attack_surface,powerless,0.2704,4.335141529822254,0.7729338599365184,1.6266316510842835,0.6258139259408996,0.5368736284060396,snare,tangled_rope,False
semantic_attack_surface,moderate,0.575376,0.0633225480170992,0.059641905504717846,0.35054080267817533,0.030641152336224255,0.16898528603020946,snare,snare,True
semantic_attack_surface,institutional,-0.021971,11.731799533250701,2.4418421234097525,1.7551035056824962,0.7219276158594726,0.5369598310433067,snare,tangled_rope,False
semantic_attack_surface,analytical,0.712364,0.016980626735139698,0.016640228227472877,0.1833504375969734,0.008398461304847392,0.09027955079230571,snare,snare,True
semantic_overload_friction,powerless,0.2704,2.9424350731928546,0.44608701498249803,1.266239785897176,0.3876289796807903,0.3556282770138346,tangled_rope,tangled_rope,True
semantic_overload_friction,moderate,0.593637,0.08892969027281035,0.09100714619863551,0.4241585878102045,0.04480929720454226,0.2098070636881375,tangled_rope,snare,False
semantic_overload_friction,institutional,-0.021971,7.675933415681901,3.149111785265615,1.5290586633639427,0.556583534509152,0.3556692973195335,tangled_rope,tangled_rope,True
semantic_overload_friction,analytical,0.712364,0.016379934639899726,0.01679708123526434,0.18213171156154642,0.008287260532741413,0.0890777859358276,tangled_rope,tangled_rope,True
semiconductor_fabrication_chokepoint,powerless,0.3016,3.6528870387466967,6.354987534135797,2.6879757954949985,1.5502623153516772,0.9694133379485608,snare,tangled_rope,False
semiconductor_fabrication_chokepoint,moderate,0.641765,8.80279764115114e-05,8.263537628771991e-05,0.013055756195517229,4.261304113591587e-05,0.0009729407868962481,snare,snare,True
semiconductor_fabrication_chokepoint,institutional,-0.024506,22.88690028811021,13.29516882341136,3.1325996715130384,1.9910070482272135,0.9938551825262844,snare,scaffold,False
semiconductor_fabrication_chokepoint,analytical,0.79456,0.029366369312668186,0.05595955820127337,0.28089166772572727,0.01969263048536437,0.04101283582927633,snare,snare,True
semiconductor_mission_2026,powerless,0.56518,2.688608437138721e-05,3.243055034264842e-05,0.007663058376619136,1.4680597961086924e-05,9.249679417466794e-05,tangled_rope,tangled_rope,True
semiconductor_mission_2026,moderate,0.575376,3.711357884245292e-05,4.610500329643635e-05,0.009061610246358738,2.052815994726164e-05,0.0001128483100504285,tangled_rope,tangled_rope,True
semiconductor_mission_2026,institutional,-0.021971,1.3894037667134236,10.083107786753287,2.0939063466619614,0.9995767549849898,0.7503799664744017,tangled_rope,rope,False
semiconductor_mission_2026,analytical,0.712364,4.140961422208813e-05,6.192900622345454e-05,0.009708394316408771,2.3563183781889227e-05,8.714848072288728e-05,tangled_rope,tangled_rope,True
shadow_fleet_sanctions_evasion,powerless,0.3016,4.840183596247774,1.2516456582345588,1.9701454316164622,0.8943949581333984,0.7141715385262175,snare,tangled_rope,False
shadow_fleet_sanctions_evasion,moderate,0.641765,0.0029771567702120486,0.0028985918057397586,0.076648282449474,0.001468560043030566,0.033947752304477774,snare,snare,True
shadow_fleet_sanctions_evasion,institutional,0.796575,0.5314301483955465,0.5071235056228404,1.018049792550981,0.25355976778527195,0.48628266229644046,snare,tangled_rope,False
shadow_fleet_sanctions_evasion,analytical,0.79456,0.5048420368421559,0.48629706169272396,0.9946898837296858,0.2422952602260406,0.4764033166529932,snare,tangled_rope,False
shadow_pricing_failure,powerless,0.3016,3.5899033142134176,4.734837608845382,2.6477234298964105,1.5111345822615845,0.9668673340370993,snare,tangled_rope,False
shadow_pricing_failure,moderate,0.641765,0.00010660013482581351,0.00010127995879258922,0.014412995705022125,5.1933386540513274e-05,0.0011670665051239188,snare,snare,True
shadow_pricing_failure,institutional,-0.063593,22.82730093228102,19.100907623266327,3.082540565016725,1.9409564911963257,0.9925861995830413,snare,rope,False
shadow_pricing_failure,analytical,0.79456,0.03770758888632142,0.07651123862683576,0.3209227892522777,0.025692660538162958,0.051423343665681576,snare,snare,True
shannon_entropy_limit,powerless,0.13626,5.093787220416497e-05,6.481627228672005e-05,0.010700501482857547,2.862511471260921e-05,0.00015944696919245605,mountain,mountain,True
shannon_entropy_limit,moderate,0.119997,8.188911510768355e-13,8.193316293118482e-13,1.2797659965505751e-06,4.0953366646143174e-13,1.564854434921159e-08,mountain,mountain,True
shannon_entropy_limit,institutional,-0.014325,0.06583845978155681,0.33072316463911183,0.4900085258449142,0.05972741806996695,0.06456659979462065,mountain,mountain,True
shannon_entropy_limit,analytical,0.165603,0.0019787119848600067,0.0048336420680007,0.07657019605087484,0.0014655697046191477,0.002399893564999589,mountain,mountain,True
shannons_source_coding_theorem,powerless,0.09084,2.1668639546117004e-07,2.1155951426566046e-07,0.0006543694347448465,1.0704983857616881e-07,5.989453569332781e-06,mountain,mountain,True
shannons_source_coding_theorem,moderate,0.079998,2.987443788425516e-14,2.97240305557284e-14,2.4575624618635555e-07,1.4900914427480652e-14,2.2761613704957995e-09,mountain,mountain,True
shannons_source_coding_theorem,institutional,-0.00955,0.033291896961379144,0.16564578355890783,0.3485491398581495,0.030294833866207255,0.03324401513594033,mountain,mountain,True
shannons_source_coding_theorem,analytical,0.110402,1.1272015257364696e-06,1.18765234239376e-06,0.0015210748533730912,5.784171495853366e-07,1.4752550535313474e-05,mountain,mountain,True
shield_east_fortification,powerless,0.2704,4.343142043664918,0.7761685038357764,1.6288457419036328,0.6274234584166625,0.537947745946198,snare,tangled_rope,False
shield_east_fortification,moderate,0.575376,0.06327082377314605,0.05956432685483997,0.35035453438694336,0.03060868045534294,0.1688075455422492,snare,snare,True
shield_east_fortification,institutional,-0.021971,11.771562751234827,2.8271976977051136,1.7835444915039025,0.7439322465092126,0.5380343124459922,snare,tangled_rope,False
shield_east_fortification,analytical,0.712364,0.01696721517310262,0.016620125271566685,0.18326026441241416,0.008390208257118361,0.09021311903069967,snare,snare,True
ship_of_theseus,powerless,0.09084,2.1668639546117004e-07,2.1155951426566046e-07,0.0006543694347448465,1.0704983857616881e-07,5.989453569332781e-06,mountain,mountain,True
ship_of_theseus,moderate,0.079998,2.987443788425516e-14,2.97240305557284e-14,2.4575624618635555e-07,1.4900914427480652e-14,2.2761613704957995e-09,mountain,mountain,True
ship_of_theseus,institutional,-0.00955,0.033291896961379144,0.16564578355890783,0.3485491398581495,0.030294833866207255,0.03324401513594033,mountain,mountain,True
ship_of_theseus,analytical,0.110402,1.1272015257364696e-06,1.18765234239376e-06,0.0015210748533730912,5.784171495853366e-07,1.4752550535313474e-05,mountain,mountain,True
shitty_feedback_handling,powerless,0.2704,3.3858157746073565,0.5363739441399336,1.3801324313075964,0.457592270838638,0.41187951026580627,tangled_rope,tangled_rope,True
shitty_feedback_handling,moderate,0.575376,0.06549584849585587,0.06543443697510727,0.36183850490468594,0.03264259249875578,0.17993235849752287,tangled_rope,snare,False
shitty_feedback_handling,institutional,0.403807,0.799107698683556,0.4102291395468413,1.0518940159969616,0.27030219810431133,0.38299944220001614,tangled_rope,tangled_rope,True
shitty_feedback_handling,analytical,0.712364,0.01706667657735723,0.017250553945078476,0.1852443020412707,0.008572731539250065,0.09214395490124244,tangled_rope,snare,False
shobies_existential_commitment,powerless,0.3224,2.5654386088106724,4.520994184631325,2.438891196795062,1.31166733666855,0.9209677736885112,snare,tangled_rope,False
shobies_existential_commitment,moderate,0.686025,0.0002433371514310017,0.00026656922530732507,0.022562232039277316,0.00012726222898591438,0.001874110378355054,snare,snare,True
shobies_existential_commitment,institutional,-0.026196,22.861860974857603,20.390221438840765,3.0884007130784856,1.946814330114726,0.9939200607127915,snare,rope,False
shobies_existential_commitment,analytical,0.849357,0.261224517535858,0.7367484837607292,0.8986615076821971,0.19852400061380618,0.24690215203088528,snare,snare,True
shock_propagation_asymmetry,powerless,0.3536,3.061302510005694,1.3066610405613148,1.904313308598804,0.840145035942439,0.735518777173089,snare,tangled_rope,False
shock_propagation_asymmetry,moderate,0.752415,0.11919959407622598,0.13030827449121687,0.4991098955054162,0.06195513312380608,0.23878305388723353,snare,snare,True
shock_propagation_asymmetry,institutional,-0.039852,16.56344865917513,2.9035051685201574,2.129694940288488,1.0307247249460232,0.743086385788836,snare,tangled_rope,False
shock_propagation_asymmetry,analytical,0.931553,4.080219511001114,1.347299732371821,1.9915082744777175,0.9122596092994002,0.7411686811329077,snare,tangled_rope,False
signal_without_control,powerless,0.56518,0.0025115454524328876,0.002046063539758408,0.06724454756041306,0.0011303508036892831,0.007219007523063925,snare,snare,True
signal_without_control,moderate,0.575376,0.0032438008961460114,0.0025612516745125774,0.07579306335669525,0.0014359752449317404,0.007978038487906347,snare,snare,True
signal_without_control,institutional,-0.021971,22.62051671736378,15.423265177412821,3.0547244907252944,1.9131591476387977,0.9844481683843495,snare,rope,False
signal_without_control,analytical,0.712364,0.0009507705172645308,0.000848027267373238,0.042343651233657464,0.0004482294564783777,0.0047810837559239885,snare,snare,True
silent_dependency_activation,powerless,0.3016,3.5899033142134176,4.734837608845382,2.6477234298964105,1.5111345822615845,0.9668673340370993,snare,tangled_rope,False
silent_dependency_activation,moderate,0.641765,0.00010660013482581351,0.00010127995879258922,0.014412995705022125,5.1933386540513274e-05,0.0011670665051239188,snare,snare,True
silent_dependency_activation,institutional,0.010072,22.823257985151603,17.60346079854041,3.064126019588036,1.9225527346877822,0.9925861995830413,snare,rope,False
silent_dependency_activation,analytical,0.79456,0.03770758888632142,0.07651123862683576,0.3209227892522777,0.025692660538162958,0.051423343665681576,snare,snare,True
silicon_lexicon_overload,powerless,0.413016,0.006227131542441967,0.009315196278282575,0.12277604745252985,0.0037673061462688614,0.01241468165799926,tangled_rope,tangled_rope,True
silicon_lexicon_overload,moderate,0.420467,0.010048756423520265,0.01626786169047944,0.1587123186139443,0.006294095943006779,0.017435029477616944,tangled_rope,tangled_rope,True
silicon_lexicon_overload,institutional,-0.016056,0.2824799338154746,1.4797580625279596,0.8787067822353661,0.18994621939498924,0.17983077981739276,tangled_rope,tangled_rope,True
silicon_lexicon_overload,analytical,0.599428,0.5180795163051378,1.5517289885910674,1.2715792437627187,0.390793880809822,0.4169155967714394,tangled_rope,tangled_rope,True
silklink_2026,powerless,0.3016,4.818572040970408,1.2360790260159584,1.9611543720992015,0.8869137949758577,0.7099249994615654,snare,tangled_rope,False
silklink_2026,moderate,0.641765,0.0030082530426557086,0.002930886757112825,0.07706060118227441,0.0014844004069120408,0.03427501976408032,snare,snare,True
silklink_2026,institutional,-0.024506,15.783880651874977,2.8169383652863833,2.064492892326638,0.9742166569132853,0.7104108442121635,snare,tangled_rope,False
silklink_2026,analytical,0.79456,0.5067116357290635,0.4863173604608155,0.9952842166856991,0.24257889041111488,0.47610819831345036,snare,tangled_rope,False
silver_scarcity_mountain_2026,powerless,0.20439,0.13100892193918295,0.2999646400412213,0.6148650320883824,0.09377267339484424,0.14544187735775382,mountain,mountain,True
silver_scarcity_mountain_2026,moderate,0.179996,8.481280118382754e-10,8.480098550850331e-10,4.1184189354305494e-05,4.2403443988473353e-10,3.9680243864026465e-06,mountain,mountain,True
silver_scarcity_mountain_2026,institutional,-0.021488,0.11121801252357705,0.2483159625130182,0.5638007132781369,0.0789429420409066,0.12735071124825015,mountain,mountain,True
silver_scarcity_mountain_2026,analytical,0.248404,5.355678841886778,4.622653648326346,2.817125940320154,1.6769547238905766,0.9863732922112287,mountain,rope,False
sk_ai_act_2026,powerless,0.3016,4.843017889083325,1.254266044162266,1.9713499354038253,0.8953988863877441,0.71472084560769,snare,tangled_rope,False
sk_ai_act_2026,moderate,0.641765,0.0029734747486255338,0.002894820048762611,0.07659962859248061,0.0014666964735153857,0.03390521415662373,snare,snare,True
sk_ai_act_2026,institutional,0.584996,0.00014016663993778256,0.0001394075060637561,0.016720424632250167,6.989274288404851e-05,0.007515664076352679,snare,snare,True
sk_ai_act_2026,analytical,0.79456,0.5046883650392427,0.48653286827672737,0.9947412536508731,0.24231976907770314,0.47646014628487676,snare,tangled_rope,False
sk_dantongbeop,powerless,0.2704,4.310275319468763,0.764822512676381,1.6199159844169775,0.6209422839040202,0.5335087920350912,snare,tangled_rope,False
sk_dantongbeop,moderate,0.575376,0.06348006725277446,0.05988103394563815,0.3511116162010102,0.030740767810964208,0.16953066743642153,snare,snare,True
sk_dantongbeop,institutional,0.057264,11.613613079234575,1.2685427335621744,1.6734959649951615,0.6602382307611337,0.5335938463626007,snare,tangled_rope,False
sk_dantongbeop,analytical,0.712364,0.017056466893997025,0.016762145301791088,0.1838704620701756,0.008446135234966205,0.0905022512180036,snare,snare,True
sk_newtro_aesthetic,powerless,0.56518,2.6882100282038615e-05,3.23447316332685e-05,0.007655757426169962,1.4652637550303097e-05,9.092411696798308e-05,tangled_rope,tangled_rope,True
sk_newtro_aesthetic,moderate,0.575376,3.7027934169435597e-05,4.587553972266838e-05,0.009041991358643668,2.0439367118414856e-05,0.00011076140239196786,tangled_rope,tangled_rope,True
sk_newtro_aesthetic,institutional,-0.021971,1.5093522053999515,10.388744629163433,2.1602636949303458,1.0575758476477566,0.778586099994182,tangled_rope,rope,False
sk_newtro_aesthetic,analytical,0.712364,2.3110446396435872e-05,2.582248702542111e-05,0.006562909386971534,1.0767935243201504e-05,5.828997059720287e-05,tangled_rope,tangled_rope,True
skills_based_hiring,powerless,0.413016,0.0005500970302218153,0.00036145465905594945,0.029696455941948818,0.00022046582332737246,0.0007141619106563191,tangled_rope,tangled_rope,True
skills_based_hiring,moderate,0.420467,0.0007746416704380825,0.0004627833641344699,0.0343117835293829,0.0002943174033972091,0.0007855900910687108,tangled_rope,tangled_rope,True
skills_based_hiring,institutional,0.383273,7.2005511823745345e-06,6.911637414341221e-06,0.0037560286436785963,3.526936756764869e-06,0.00011465470343952067,tangled_rope,tangled_rope,True
skills_based_hiring,analytical,0.520574,0.004927079472612257,0.0009754724621920659,0.059798643049223665,0.0008939028311719687,0.0009873860092444176,tangled_rope,tangled_rope,True
slow_crisis_invisibility,powerless,0.3016,4.818572040970408,1.2360790260159584,1.9611543720992015,0.8869137949758577,0.7099249994615654,snare,tangled_rope,False
slow_crisis_invisibility,moderate,0.641765,0.0030082530426557086,0.002930886757112825,0.07706060118227441,0.0014844004069120408,0.03427501976408032,snare,snare,True
slow_crisis_invisibility,institutional,-0.024506,15.783880651874977,2.8169383652863833,2.064492892326638,0.9742166569132853,0.7104108442121635,snare,tangled_rope,False
slow_crisis_invisibility,analytical,0.79456,0.5067116357290635,0.4863173604608155,0.9952842166856991,0.24257889041111488,0.47610819831345036,snare,tangled_rope,False
sludge_bureaucratic_friction,powerless,0.630393,0.003266858411184426,0.0031621311746535116,0.08017274453767735,0.0016067020712831823,0.0341302795044445,snare,snare,True
sludge_bureaucratic_friction,moderate,0.641765,0.0027795086248152026,0.002699257273506846,0.0740117558243304,0.0013692787278319772,0.0315347926085045,snare,snare,True
sludge_bureaucratic_friction,institutional,-0.024506,16.582768837452882,2.2873492339158474,2.1129153253526285,1.0160816288706276,0.7442586955430194,snare,tangled_rope,False
sludge_bureaucratic_friction,analytical,0.79456,0.49757591461688216,0.5063765126938977,1.0001550515914757,0.24490921718642417,0.4785054762466611,snare,tangled_rope,False
sm_addictive_design,powerless,0.3016,3.8876912024649353,6.751877625981809,2.716698415638451,1.578294737403649,0.9735409973785685,snare,tangled_rope,False
sm_addictive_design,moderate,0.547191,0.0004925067640372938,0.0005522130880791197,0.03228151372947969,0.00026051837615141335,0.003010257320107068,snare,snare,True
sm_addictive_design,institutional,-0.024506,22.862113305092496,13.171101453157139,3.132191465301942,1.9905988463329032,0.9926462342377677,snare,scaffold,False
sm_addictive_design,analytical,0.79456,0.03493795708313191,0.06622641038781575,0.3060409394879766,0.023369610257216494,0.04862543409984181,snare,snare,True
smartphone_ubiquity,powerless,0.165448,11.088994217576335,1.3262316979188982,2.011902666108276,0.9294302138800881,0.7120859998504668,snare,tangled_rope,False
smartphone_ubiquity,moderate,0.641765,0.0029951242767688206,0.002917120931527464,0.0768860024722329,0.0014776823460877864,0.034146365662762024,snare,snare,True
smartphone_ubiquity,institutional,-0.024506,15.826283463563959,2.954074274794921,2.073072109743961,0.9815909297281487,0.7120860741938911,snare,tangled_rope,False
smartphone_ubiquity,analytical,0.79456,0.5057467077214449,0.4857040224134624,0.9947209786824648,0.2423100956482468,0.476172565846671,snare,tangled_rope,False
social_credit_architecture,powerless,0.422444,1.1461666825809227,0.8314104790402301,1.3875470451986858,0.4623229156132841,0.6112378318130374,snare,tangled_rope,False
social_credit_architecture,moderate,0.752415,0.12789218340271816,0.13437087605415007,0.5119531669609143,0.06516700881793501,0.2506140747983889,snare,tangled_rope,False
social_credit_architecture,institutional,-0.028731,15.34384816543415,1.881904726003514,1.9930198088484818,0.9135283531554006,0.6926258336712146,snare,tangled_rope,False
social_credit_architecture,analytical,0.931553,3.910842933824106,1.2392650701383805,1.9016817292516268,0.8380021768400973,0.6911626764870784,snare,tangled_rope,False
social_loafing,powerless,0.413016,0.0002117249895135251,0.00014098807027487434,0.01847264402523529,8.530903784430079e-05,0.0002711060831020202,tangled_rope,tangled_rope,True
social_loafing,moderate,0.420467,0.0002986037631672266,0.00018209296632945313,0.021386437451832156,0.00011434383716047106,0.00029820134846287504,tangled_rope,tangled_rope,True
social_loafing,institutional,-0.016056,1.6290935802731705,5.846522396750915,2.187067917078787,1.0813016346271151,0.8042726507408573,tangled_rope,rope,False
social_loafing,analytical,0.520574,0.0019723580713215095,0.0006965799782451226,0.040990355536582,0.00042003760829735525,0.00037503419891191054,tangled_rope,tangled_rope,True
social_media_participation_threshold,powerless,0.3016,4.840183596247774,1.2516456582345588,1.9701454316164622,0.8943949581333984,0.7141715385262175,snare,tangled_rope,False
social_media_participation_threshold,moderate,0.641765,0.0029771567702120486,0.0028985918057397586,0.076648282449474,0.001468560043030566,0.033947752304477774,snare,snare,True
social_media_participation_threshold,institutional,-0.024506,15.904159778073591,3.7829411824951764,2.111437881048177,1.0147956074609485,0.7146675096951286,snare,tangled_rope,False
social_media_participation_threshold,analytical,0.79456,0.5048420368421559,0.48629706169272396,0.9946898837296858,0.2422952602260406,0.4764033166529932,snare,tangled_rope,False
social_narrative_casting,powerless,0.56518,0.04850393806041312,0.04666588055541602,0.3084496832014261,0.023738194081188355,0.1508029047163224,snare,snare,True
social_narrative_casting,moderate,0.575376,0.06403222204952613,0.06091044332454846,0.3533836367593862,0.031138859135871395,0.17173567951772795,snare,snare,True
social_narrative_casting,institutional,0.593637,0.08812998030779896,0.08237911069831336,0.41273950893273426,0.04243754178023149,0.19887626038889833,snare,snare,True
social_narrative_casting,analytical,0.712364,0.02673589221641061,0.03327916291474773,0.2420619926216343,0.014630629245900372,0.09714209001829771,snare,snare,True
soe_property_bailout,powerless,0.513412,0.08386018936046602,0.09165352104285361,0.4186226045186094,0.04365150273482408,0.1981669340199037,snare,snare,True
soe_property_bailout,moderate,0.641765,0.00275908436406993,0.0026776053695843445,0.07372735683347914,0.0013587769023100423,0.03136990993608782,snare,snare,True
soe_property_bailout,institutional,-0.024506,16.62849942101287,2.3251326417064693,2.118124556842335,1.0206202132741262,0.7461416689401064,snare,tangled_rope,False
soe_property_bailout,analytical,0.79456,0.49492102813520084,0.5023108143410493,0.9974870004781735,0.2436314659068489,0.47792249552710825,snare,tangled_rope,False
soft_authoritarian_drift,powerless,0.3016,4.7265100565298255,1.1832077878261726,1.9267868839396847,0.8585263796164718,0.6928645297602752,snare,tangled_rope,False
soft_authoritarian_drift,moderate,0.641765,0.0035577003979983214,0.0035574487600938077,0.08431948749833368,0.0017771807329979785,0.03580342558860322,snare,snare,True
soft_authoritarian_drift,institutional,0.063872,15.363984240828389,2.016635955742313,2.002261409819154,0.9212989893787843,0.6933155897103948,snare,tangled_rope,False
soft_authoritarian_drift,analytical,0.79456,0.6108764772382873,0.7135767184175168,1.1218233090581224,0.30645899861074766,0.4962731304709742,snare,tangled_rope,False
solar_system_weirdness,powerless,0.413016,0.00010215275155136852,0.00010299155016275577,0.014092448958531418,4.9649073991919876e-05,8.433089420806883e-05,tangled_rope,tangled_rope,True
solar_system_weirdness,moderate,0.420467,0.00015273677661460994,0.00016220408708455083,0.01732999239027628,7.508168928544314e-05,0.00011903755594130535,tangled_rope,tangled_rope,True
solar_system_weirdness,institutional,-0.016056,0.7737739587553389,4.2333173415745105,1.6282120259715098,0.6269626069444285,0.5389491929362222,tangled_rope,rope,False
solar_system_weirdness,analytical,0.520574,0.0023906914726996888,0.006364153440859354,0.08072255492177866,0.0016288115846497552,0.001978387720807267,tangled_rope,tangled_rope,True
somatic_focusing_awareness,powerless,0.133723,0.00030547650223858346,0.0002733166750272832,0.024013353631571893,0.00014415855631800325,0.004221028001026195,rope,rope,True
somatic_focusing_awareness,moderate,0.121034,1.7276073769247752e-06,1.7168471600314378e-06,0.001855912864537953,8.611030781348737e-07,0.00035619859758595496,rope,rope,True
somatic_focusing_awareness,institutional,-0.00507,0.07980657738378898,0.10810215559766358,0.42625657025387415,0.04525198359982316,0.13219852310345462,rope,rope,True
somatic_focusing_awareness,analytical,0.164392,0.0029045931298416804,0.0016765196635128276,0.06481700115588114,0.0010502189835112895,0.009926634248718424,rope,rope,True
sorites_paradox,powerless,0.413016,0.00010428456501106949,0.00010470197225382854,0.01422350771831408,5.05768297840407e-05,8.515739151517289e-05,tangled_rope,tangled_rope,True
sorites_paradox,moderate,0.420467,0.00015579490257956296,0.00016464320950372263,0.017479900275179757,7.638624216450236e-05,0.00012020425812922492,tangled_rope,tangled_rope,True
sorites_paradox,institutional,-0.016056,0.7903149280794669,4.287715081651913,1.6431433794829977,0.6378575385071913,0.5465083240681444,tangled_rope,rope,False
sorites_paradox,analytical,0.520574,0.002417540876856491,0.0064193359454528766,0.08106216236933418,0.0016425436636055518,0.0019977893726715753,tangled_rope,tangled_rope,True
south_china_sea_arbitration_2016_2026,powerless,0.3016,4.982822181021924,1.3589717123510423,2.0332402835683094,0.947514078500335,0.7436822707388695,snare,tangled_rope,False
south_china_sea_arbitration_2016_2026,moderate,0.641765,0.0027795086248152026,0.002699257273506846,0.0740117558243304,0.0013692787278319772,0.0315347926085045,snare,snare,True
south_china_sea_arbitration_2016_2026,institutional,-0.024506,16.582768837452882,2.2873492339158474,2.1129153253526285,1.0160816288706276,0.7442586955430194,snare,tangled_rope,False
south_china_sea_arbitration_2016_2026,analytical,0.79456,0.49757591461688216,0.5063765126938977,1.0001550515914757,0.24490921718642417,0.4785054762466611,snare,tangled_rope,False
sovereignty_as_arbitrage,powerless,0.2704,5.232700359900383,4.254385280924221,2.756918863077842,1.6176935635206058,0.9796314508407744,snare,tangled_rope,False
sovereignty_as_arbitrage,moderate,0.575376,0.00329759354661108,0.0026042015066983113,0.07642255610121856,0.001459924120808987,0.00811774715492819,snare,snare,True
sovereignty_as_arbitrage,institutional,0.697971,0.002062467438764783,0.0017569189640074773,0.06159025811832985,0.0009482650304144747,0.006659837994846421,snare,snare,True
sovereignty_as_arbitrage,analytical,0.712364,0.0010641945715511207,0.0010250293905600437,0.04550736940681759,0.0005177078309237019,0.004859533912594593,snare,snare,True
spain_digital_offensive_2026,powerless,0.3016,4.821614917498624,1.238153709000647,1.9624070567520575,0.8879547671244042,0.7105210921064471,snare,tangled_rope,False
spain_digital_offensive_2026,moderate,0.641765,0.003003360105594962,0.0029257288070210657,0.07699541093476309,0.0014818902901840177,0.03422911003115919,snare,snare,True
spain_digital_offensive_2026,institutional,0.038896,15.784703371791911,2.0444006877156595,2.037607822721269,0.9512304532755119,0.7110083398770009,snare,tangled_rope,False
spain_digital_offensive_2026,analytical,0.79456,0.5063139502447708,0.48595937709987586,0.9950070261856035,0.24244658902940353,0.4761186330564913,snare,tangled_rope,False
square_cube_law,powerless,0.13626,4.5844794540152947e-05,5.8336767136279846e-05,0.01015151571236244,2.5763262502529134e-05,0.00014349917989642247,mountain,mountain,True
square_cube_law,moderate,0.119997,7.370751267060713e-13,7.373238775562552e-13,1.214238929001312e-06,3.6859383548983044e-13,1.408323402340983e-08,mountain,mountain,True
square_cube_law,institutional,-0.014325,0.05934177067233952,0.29905359547804783,0.46547831367174547,0.0539234462065861,0.05838490277782238,mountain,mountain,True
square_cube_law,analytical,0.165603,0.0017810482789680428,0.0043515425979608405,0.07264757465647419,0.0013192724603633672,0.0021603655691905255,mountain,mountain,True
st_petersburg_paradox,powerless,0.170325,0.0019830637406681047,0.003434388254625238,0.07154915595664905,0.001279683940322412,0.0032086274384691693,mountain,mountain,True
st_petersburg_paradox,moderate,0.149996,2.932724552486806e-11,2.93241417946681e-11,7.658443061314039e-06,1.4662848055409453e-11,2.0687430390964323e-07,mountain,mountain,True
st_petersburg_paradox,institutional,-0.017906,0.09962305451431448,0.39229074519980056,0.5854489774865612,0.08507750716931572,0.09805368402223769,mountain,mountain,True
st_petersburg_paradox,analytical,0.207004,0.2508608151969288,1.097335596250025,0.9363661147768632,0.21522063105080136,0.22510101489864565,mountain,mountain,True
stable_marriage_coordination,powerless,0.200584,5.038691571828899e-07,5.027336726866392e-07,0.0010032945124929043,2.516499644000844e-07,0.00013895820283750873,rope,rope,True
stable_marriage_coordination,moderate,0.181551,2.8835677279810744e-08,2.8819706272409774e-08,0.00024011534562966391,1.4413845040934544e-08,3.3306243301917116e-05,rope,rope,True
stable_marriage_coordination,institutional,-0.007605,0.04582900237949142,0.0742970828355397,0.3390522062866148,0.02867033756089817,0.07350022847898942,rope,rope,True
stable_marriage_coordination,analytical,0.246588,9.86045503383352e-05,0.00010179527313338528,0.01415490204433437,5.00901038849468e-05,0.002012277384984329,rope,rope,True
star_formation_barrier_g0253,powerless,0.413016,0.006227131542441967,0.009315196278282575,0.12277604745252985,0.0037673061462688614,0.01241468165799926,tangled_rope,tangled_rope,True
star_formation_barrier_g0253,moderate,0.420467,0.010048756423520265,0.01626786169047944,0.1587123186139443,0.006294095943006779,0.017435029477616944,tangled_rope,tangled_rope,True
star_formation_barrier_g0253,institutional,-0.005523,0.26472027122117714,1.3435674418946322,0.8402459355043337,0.17392241595468136,0.165144826048621,tangled_rope,tangled_rope,True
star_formation_barrier_g0253,analytical,0.520574,0.2394351900631587,0.6918400274535285,0.86473234739541,0.18404636536050972,0.22782980424589216,tangled_rope,tangled_rope,True
star_to_black_hole_observational_limit,powerless,0.20439,0.1451193047008141,0.32861083927807955,0.6456958043723747,0.10332856981766007,0.15987106706670118,mountain,mountain,True
star_to_black_hole_observational_limit,moderate,0.179996,9.486699911308295e-10,9.485375641655707e-10,4.3556948060328506e-05,4.743019179024226e-10,4.438417533725314e-06,mountain,mountain,True
star_to_black_hole_observational_limit,institutional,-0.021488,0.12335451053730082,0.27275947414654644,0.592604691635523,0.0871546256359428,0.1402975139391459,mountain,mountain,True
star_to_black_hole_observational_limit,analytical,0.248404,5.457024063785519,4.51458015453422,2.8130300792262664,1.6729133257734596,0.9857080117411896,mountain,rope,False
start_treaty,powerless,0.3536,1.339752002454775,3.084602961625396,1.9209847028273994,0.8537668271029121,0.744190417168231,snare,tangled_rope,False
start_treaty,moderate,0.752415,0.006270287303059597,0.008797036788407106,0.12142591924537185,0.003684931349932688,0.01435656080027814,snare,snare,True
start_treaty,institutional,-0.028731,22.808141587522343,17.9196831090925,3.0547771968864854,1.9132118041223543,0.9920594956844546,snare,rope,False
start_treaty,analytical,0.931553,2.577002304452407,4.467250988399973,2.4288275773369974,1.3022272707027962,0.9209196532584601,snare,tangled_rope,False
starwars_evolutionary_mutation,powerless,0.413016,0.00010215275155136852,0.00010299155016275577,0.014092448958531418,4.9649073991919876e-05,8.433089420806883e-05,tangled_rope,tangled_rope,True
starwars_evolutionary_mutation,moderate,0.420467,0.00015273677661460994,0.00016220408708455083,0.01732999239027628,7.508168928544314e-05,0.00011903755594130535,tangled_rope,tangled_rope,True
starwars_evolutionary_mutation,institutional,-0.016056,0.7737739587553389,4.2333173415745105,1.6282120259715098,0.6269626069444285,0.5389491929362222,tangled_rope,rope,False
starwars_evolutionary_mutation,analytical,0.520574,0.0023906914726996888,0.006364153440859354,0.08072255492177866,0.0016288115846497552,0.001978387720807267,tangled_rope,tangled_rope,True
statecraft_virtu,powerless,0.630393,0.003266858411184426,0.0031621311746535116,0.08017274453767735,0.0016067020712831823,0.0341302795044445,snare,snare,True
statecraft_virtu,moderate,0.641765,0.0027795086248152026,0.002699257273506846,0.0740117558243304,0.0013692787278319772,0.0315347926085045,snare,snare,True
statecraft_virtu,institutional,-0.024506,16.582768837452882,2.2873492339158474,2.1129153253526285,1.0160816288706276,0.7442586955430194,snare,tangled_rope,False
statecraft_virtu,analytical,0.79456,0.49757591461688216,0.5063765126938977,1.0001550515914757,0.24490921718642417,0.4785054762466611,snare,tangled_rope,False
status_flattening_effect,powerless,0.2704,4.304956493882062,0.7632174451903858,1.6184921748090653,0.6199114276529726,0.5327882251028603,snare,tangled_rope,False
status_flattening_effect,moderate,0.575376,0.06351272883250016,0.059931277530915913,0.3512308183273512,0.030761590607230452,0.16964472578469247,snare,snare,True
status_flattening_effect,institutional,-0.021971,11.622844466954552,2.0385311139673616,1.720909534774921,0.6958144827457994,0.5328730347864006,snare,tangled_rope,False
status_flattening_effect,analytical,0.712364,0.017085007840238246,0.0168096079350084,0.1840678606887738,0.008464267269173069,0.09055607602911286,snare,snare,True
steinmetz_valuation_asymmetry,powerless,0.630393,0.00011998245128097304,0.00011279114583836699,0.015251440547907655,5.815132789638764e-05,0.0012371906400859452,snare,snare,True
steinmetz_valuation_asymmetry,moderate,0.641765,0.00010213342092188909,9.649792147290992e-05,0.014089356846114237,4.9627288843842674e-05,0.0011466811218174876,snare,snare,True
steinmetz_valuation_asymmetry,institutional,0.169004,12.355666956645926,9.15332835028906,2.9951968750692797,1.8537349162083816,0.9927360816887043,snare,tangled_rope,False
steinmetz_valuation_asymmetry,analytical,0.79456,0.03458684084737326,0.06573099362050606,0.30461933424758947,0.023153422855895958,0.048125925737947495,snare,snare,True
sti_clinical_testing_bottleneck,powerless,0.2704,4.310275319468763,0.764822512676381,1.6199159844169775,0.6209422839040202,0.5335087920350912,snare,tangled_rope,False
sti_clinical_testing_bottleneck,moderate,0.575376,0.06348006725277446,0.05988103394563815,0.3511116162010102,0.030740767810964208,0.16953066743642153,snare,snare,True
sti_clinical_testing_bottleneck,institutional,-0.021971,11.640456018756844,2.0672907728620586,1.7240585779302446,0.6982035114067705,0.5335938463626007,snare,tangled_rope,False
sti_clinical_testing_bottleneck,analytical,0.712364,0.017056466893997025,0.016762145301791088,0.1838704620701756,0.008446135234966205,0.0905022512180036,snare,snare,True
stoic_logos_governance,powerless,0.413016,0.00010215275155136852,0.00010299155016275577,0.014092448958531418,4.9649073991919876e-05,8.433089420806883e-05,tangled_rope,tangled_rope,True
stoic_logos_governance,moderate,0.420467,0.00015273677661460994,0.00016220408708455083,0.01732999239027628,7.508168928544314e-05,0.00011903755594130535,tangled_rope,tangled_rope,True
stoic_logos_governance,institutional,-0.016056,0.7737739587553389,4.2333173415745105,1.6282120259715098,0.6269626069444285,0.5389491929362222,tangled_rope,rope,False
stoic_logos_governance,analytical,0.520574,0.0023906914726996888,0.006364153440859354,0.08072255492177866,0.0016288115846497552,0.001978387720807267,tangled_rope,tangled_rope,True
straight_coercion_2025,powerless,0.3016,4.991572403005273,1.3662713758154024,2.037305836249662,0.950973329362097,0.7455595820729518,snare,tangled_rope,False
straight_coercion_2025,moderate,0.641765,0.00275908436406993,0.0026776053695843445,0.07372735683347914,0.0013587769023100423,0.03136990993608782,snare,snare,True
straight_coercion_2025,institutional,0.520617,0.060043363829294635,0.065269404281024,0.35375948482704017,0.03120495816899588,0.16600871635584824,snare,snare,True
straight_coercion_2025,analytical,0.79456,0.49492102813520084,0.5023108143410493,0.9974870004781735,0.2436314659068489,0.47792249552710825,snare,tangled_rope,False
strange_attractor_dynamics,powerless,0.13626,0.00013427334676614734,0.0001708268316462989,0.017372429012027464,7.544984804952407e-05,0.00042027140454481415,mountain,mountain,True
strange_attractor_dynamics,moderate,0.119997,2.15952152967453e-12,2.1592581460601343e-12,2.0782713140978725e-06,1.0797044539349215e-12,4.125723163106443e-08,mountain,mountain,True
strange_attractor_dynamics,institutional,-0.014325,0.16493578872301193,0.7813508014568071,0.768067823363773,0.14567835318256142,0.15403973565600704,mountain,mountain,True
strange_attractor_dynamics,analytical,0.165603,0.005205674154889685,0.01268451931727247,0.12413434876644393,0.0038510975881886817,0.006302516272336356,mountain,mountain,True
strange_attractors,powerless,0.3016,1.9043328812983464,10.846188029707482,2.3210617196860825,1.2022944415893178,0.8512897047493038,snare,rope,False
strange_attractors,moderate,0.641765,7.940032748928984e-06,7.651318298590005e-06,0.003946199959362888,3.893122266962873e-06,8.027876287102078e-05,snare,snare,True
strange_attractors,institutional,-0.046549,23.01324959182849,18.99091152877099,3.1400606627332195,1.9984680092932423,0.9994875144851895,snare,rope,False
strange_attractors,analytical,0.79456,0.0032648951769539266,0.00793567969871415,0.0971919164850636,0.0023611024441395076,0.004338421950988769,snare,snare,True
strategic_deep_sea_rare_earth_mining,powerless,0.2704,3.3858157746073565,0.5363739441399336,1.3801324313075964,0.457592270838638,0.41187951026580627,tangled_rope,tangled_rope,True
strategic_deep_sea_rare_earth_mining,moderate,0.575376,0.06549584849585587,0.06543443697510727,0.36183850490468594,0.03264259249875578,0.17993235849752287,tangled_rope,snare,False
strategic_deep_sea_rare_earth_mining,institutional,0.403807,0.799107698683556,0.4102291395468413,1.0518940159969616,0.27030219810431133,0.38299944220001614,tangled_rope,tangled_rope,True
strategic_deep_sea_rare_earth_mining,analytical,0.712364,0.01706667657735723,0.017250553945078476,0.1852443020412707,0.008572731539250065,0.09214395490124244,tangled_rope,snare,False
streaming_bundling_mandate,powerless,0.3016,4.843017889083325,1.254266044162266,1.9713499354038253,0.8953988863877441,0.71472084560769,snare,tangled_rope,False
streaming_bundling_mandate,moderate,0.641765,0.0029734747486255338,0.002894820048762611,0.07659962859248061,0.0014666964735153857,0.03390521415662373,snare,snare,True
streaming_bundling_mandate,institutional,-0.024506,15.933812487742815,4.536165198786964,2.1447547100629114,1.0439250856519757,0.7152181230001492,snare,tangled_rope,False
streaming_bundling_mandate,analytical,0.79456,0.5046883650392427,0.48653286827672737,0.9947412536508731,0.24231976907770314,0.47646014628487676,snare,tangled_rope,False
structural_extraction_without_actor,powerless,0.277964,3.4773690657698086,8.020454095027226,2.6914536278478214,1.553651755340672,0.9666542225799035,snare,piton,False
structural_extraction_without_actor,moderate,0.641765,0.00035742546732733804,0.0004116499354199603,0.027679474955687875,0.00019153527623057452,0.0017607484935305384,snare,snare,True
structural_extraction_without_actor,institutional,-0.046549,22.931576703777427,19.052386812555188,3.1114996349678985,1.9699081168623271,0.9964968591885801,snare,rope,False
structural_extraction_without_actor,analytical,0.79456,0.3028293313135101,0.9861232920227921,0.9892421438289415,0.23970270101946334,0.27204549453488736,snare,snare,True
sts86_ascent_checklist,powerless,0.09084,2.1668639546117004e-07,2.1155951426566046e-07,0.0006543694347448465,1.0704983857616881e-07,5.989453569332781e-06,mountain,mountain,True
sts86_ascent_checklist,moderate,0.079998,2.987443788425516e-14,2.97240305557284e-14,2.4575624618635555e-07,1.4900914427480652e-14,2.2761613704957995e-09,mountain,mountain,True
sts86_ascent_checklist,institutional,-0.00955,0.033291896961379144,0.16564578355890783,0.3485491398581495,0.030294833866207255,0.03324401513594033,mountain,mountain,True
sts86_ascent_checklist,analytical,0.110402,1.1272015257364696e-06,1.18765234239376e-06,0.0015210748533730912,5.784171495853366e-07,1.4752550535313474e-05,mountain,mountain,True
student_loan_default_cliff,powerless,0.3016,1.2309805634092705,11.070795721788626,1.9901874866633735,0.9111514819110951,0.7081941685167309,snare,rope,False
student_loan_default_cliff,moderate,0.641765,1.6090018649464665e-06,1.5109107867711203e-06,0.0017650148416626708,7.78819297068098e-07,1.7884954533808894e-05,snare,snare,True
student_loan_default_cliff,institutional,-0.046549,23.023037563332682,19.044556738949478,3.141017476712117,1.9994248231302525,0.9998875258706387,snare,rope,False
student_loan_default_cliff,analytical,0.79456,0.0005538029411005719,0.0010842102870375848,0.03879294525853762,0.0003762113552843084,0.0007873105528661828,snare,snare,True
student_loan_interest_accrual,powerless,0.630393,0.00043284774190645433,0.00040775715158532504,0.028983366613982244,0.00021000520978495723,0.004468357541810519,snare,snare,True
student_loan_interest_accrual,moderate,0.641765,0.0003682790840894677,0.0003485693016570758,0.02676617700272918,0.00017910438457313055,0.004140450253474315,snare,snare,True
student_loan_interest_accrual,institutional,-0.024506,22.39536956865833,16.87299243363486,3.0964204126155614,1.9548315995683938,0.973347996845365,snare,rope,False
student_loan_interest_accrual,analytical,0.79456,0.11578769696332718,0.20290402864750176,0.5478921424334292,0.07457829161271895,0.15318031472376803,snare,snare,True
sturgeons_law,powerless,0.2704,3.336078843042163,0.5240877878584701,1.3672233519257,0.4494066887301821,0.4055422377628876,tangled_rope,tangled_rope,True
sturgeons_law,moderate,0.575376,0.06538439346912008,0.06552662293043253,0.3618117132149166,0.03263777194209157,0.17990812418981894,tangled_rope,snare,False
sturgeons_law,institutional,-0.021971,8.745626559766388,2.3436133129898598,1.5344146732798751,0.5602961220420642,0.40559296255546007,tangled_rope,tangled_rope,True
sturgeons_law,analytical,0.712364,0.01725725719518201,0.01765111362085282,0.18672647034805928,0.008710363792537154,0.09211458990606802,tangled_rope,tangled_rope,True
suanne_coup_of_peace,powerless,0.630393,0.00010136389300991168,9.515646139753405e-05,0.014012760321711636,4.908916214522932e-05,0.001041686702041189,snare,snare,True
suanne_coup_of_peace,moderate,0.641765,8.643677059633491e-05,8.146702871553597e-05,0.012952377570792276,4.194087459701556e-05,0.000965579919956383,snare,snare,True
suanne_coup_of_peace,institutional,-0.024506,22.881793004712087,14.503984521706064,3.130031358850965,1.9884387696495451,0.9938961064543798,snare,scaffold,False
suanne_coup_of_peace,analytical,0.79456,0.029181662568880516,0.055619956829387404,0.2800217242152423,0.01957103915621493,0.0407621903390352,snare,snare,True
suanne_face_restoration,powerless,0.413016,0.022921515435082758,0.0335421102772248,0.23440249871491886,0.013720416603019852,0.045146103467136864,tangled_rope,tangled_rope,True
suanne_face_restoration,moderate,0.29509,0.05914465701768257,0.01831972532890562,0.2431401139634337,0.014761085462670276,0.01901841911919366,tangled_rope,tangled_rope,True
suanne_face_restoration,institutional,-0.016056,0.49685596502195106,1.1639448171848463,0.8036872290177118,0.1593170163992589,0.12968738992122955,tangled_rope,tangled_rope,True
suanne_face_restoration,analytical,0.520574,0.6790735829669097,1.4511404845825342,1.3727532037547499,0.4529052505260139,0.5211800197216246,tangled_rope,snare,False
subscription_economy_model,powerless,0.2704,4.343142043664918,0.7761685038357764,1.6288457419036328,0.6274234584166625,0.537947745946198,snare,tangled_rope,False
subscription_economy_model,moderate,0.575376,0.06327082377314605,0.05956432685483997,0.35035453438694336,0.03060868045534294,0.1688075455422492,snare,snare,True
subscription_economy_model,institutional,-0.007558,11.761886658140277,2.560067144071629,1.7665068796373062,0.7307195520287586,0.5380343124459922,snare,tangled_rope,False
subscription_economy_model,analytical,0.712364,0.01696721517310262,0.016620125271566685,0.18326026441241416,0.008390208257118361,0.09021311903069967,snare,snare,True
sunk_cost_fallacy,powerless,0.630393,0.004280332094953295,0.00432728483805847,0.09277585771482447,0.0021514541034281945,0.045668756374690256,tangled_rope,tangled_rope,True
sunk_cost_fallacy,moderate,0.641765,0.0036324121149479013,0.0036723571133964934,0.08546565799541717,0.001825816805915213,0.04199195766005592,tangled_rope,tangled_rope,True
sunk_cost_fallacy,institutional,0.3036,2.807370376865607,0.5003005914707752,1.3307961159502784,0.42665780503508177,0.3924316443134691,tangled_rope,tangled_rope,True
sunk_cost_fallacy,analytical,0.79456,0.39793024606261923,0.27050526033673183,0.804316790973035,0.15956333919235544,0.3180732937569713,tangled_rope,tangled_rope,True
superbowl_advertising_extraction,powerless,0.529707,0.001634862168233887,0.0019888883538605783,0.059981042255349275,0.0008993639448000878,0.006023946812846681,snare,snare,True
superbowl_advertising_extraction,moderate,0.641765,0.00010660013482581351,0.00010127995879258922,0.014412995705022125,5.1933386540513274e-05,0.0011670665051239188,snare,snare,True
superbowl_advertising_extraction,institutional,-0.024506,22.825391749583666,18.501520308698247,3.0744815324864354,1.9329014724355869,0.9925861995830413,snare,rope,False
superbowl_advertising_extraction,analytical,0.79456,0.03770758888632142,0.07651123862683576,0.3209227892522777,0.025692660538162958,0.051423343665681576,snare,snare,True
suslin_hypothesis,powerless,0.09084,2.1668639546117004e-07,2.1155951426566046e-07,0.0006543694347448465,1.0704983857616881e-07,5.989453569332781e-06,mountain,mountain,True
suslin_hypothesis,moderate,0.079998,2.987443788425516e-14,2.97240305557284e-14,2.4575624618635555e-07,1.4900914427480652e-14,2.2761613704957995e-09,mountain,mountain,True
suslin_hypothesis,institutional,-0.00955,0.033291896961379144,0.16564578355890783,0.3485491398581495,0.030294833866207255,0.03324401513594033,mountain,mountain,True
suslin_hypothesis,analytical,0.110402,1.1272015257364696e-06,1.18765234239376e-06,0.0015210748533730912,5.784171495853366e-07,1.4752550535313474e-05,mountain,mountain,True
suslin_hypothesis_undecidability,powerless,0.13626,4.5844794540152947e-05,5.8336767136279846e-05,0.01015151571236244,2.5763262502529134e-05,0.00014349917989642247,mountain,mountain,True
suslin_hypothesis_undecidability,moderate,0.119997,7.370751267060713e-13,7.373238775562552e-13,1.214238929001312e-06,3.6859383548983044e-13,1.408323402340983e-08,mountain,mountain,True
suslin_hypothesis_undecidability,institutional,-0.014325,0.05934177067233952,0.29905359547804783,0.46547831367174547,0.0539234462065861,0.05838490277782238,mountain,mountain,True
suslin_hypothesis_undecidability,analytical,0.165603,0.0017810482789680428,0.0043515425979608405,0.07264757465647419,0.0013192724603633672,0.0021603655691905255,mountain,mountain,True
swift_legacy_piton,powerless,0.200584,9.548738251652475e-05,0.00010999702883035582,0.014307587940223533,5.117654991219264e-05,0.000486860654860366,rope,rope,True
swift_legacy_piton,moderate,0.181551,4.3114475564018986e-07,4.355689430198174e-07,0.000930965383992846,2.1667413247216576e-07,2.856932422867775e-05,rope,rope,True
swift_legacy_piton,institutional,-0.007605,0.0009907214515927003,0.0005071717577723768,0.036914986462228495,0.0003406693846347353,0.0007713224348075975,rope,rope,True
swift_legacy_piton,analytical,0.246588,0.001885307265589735,0.0031000257516553865,0.06897844069409727,0.0011893884143816774,0.0032866738233331416,rope,rope,True
swift_piton_snap,powerless,0.2704,4.310275319468763,0.764822512676381,1.6199159844169775,0.6209422839040202,0.5335087920350912,snare,tangled_rope,False
swift_piton_snap,moderate,0.575376,0.06348006725277446,0.05988103394563815,0.3511116162010102,0.030740767810964208,0.16953066743642153,snare,snare,True
swift_piton_snap,institutional,0.272193,4.254435112456444,0.7645594904850851,1.6189083718831458,0.6202126873020765,0.5334994094556023,snare,tangled_rope,False
swift_piton_snap,analytical,0.712364,0.017056466893997025,0.016762145301791088,0.1838704620701756,0.008446135234966205,0.0905022512180036,snare,snare,True
sylow_theorems,powerless,0.09084,2.1668639546117004e-07,2.1155951426566046e-07,0.0006543694347448465,1.0704983857616881e-07,5.989453569332781e-06,mountain,mountain,True
sylow_theorems,moderate,0.079998,2.987443788425516e-14,2.97240305557284e-14,2.4575624618635555e-07,1.4900914427480652e-14,2.2761613704957995e-09,mountain,mountain,True
sylow_theorems,institutional,-0.00955,0.033291896961379144,0.16564578355890783,0.3485491398581495,0.030294833866207255,0.03324401513594033,mountain,mountain,True
sylow_theorems,analytical,0.110402,1.1272015257364696e-06,1.18765234239376e-06,0.0015210748533730912,5.784171495853366e-07,1.4752550535313474e-05,mountain,mountain,True
sylow_theorems_group_theory,powerless,0.09084,2.1668639546117004e-07,2.1155951426566046e-07,0.0006543694347448465,1.0704983857616881e-07,5.989453569332781e-06,mountain,mountain,True
sylow_theorems_group_theory,moderate,0.079998,2.987443788425516e-14,2.97240305557284e-14,2.4575624618635555e-07,1.4900914427480652e-14,2.2761613704957995e-09,mountain,mountain,True
sylow_theorems_group_theory,institutional,-0.00955,0.033291896961379144,0.16564578355890783,0.3485491398581495,0.030294833866207255,0.03324401513594033,mountain,mountain,True
sylow_theorems_group_theory,analytical,0.110402,1.1272015257364696e-06,1.18765234239376e-06,0.0015210748533730912,5.784171495853366e-07,1.4752550535313474e-05,mountain,mountain,True
synthetic_data_feedback_loop,powerless,0.3016,3.6013829720114034,5.049289332690047,2.6539541446486483,1.517178658671598,0.9672931757184184,snare,tangled_rope,False
synthetic_data_feedback_loop,moderate,0.641765,0.00010185198886121684,9.619456308111637e-05,0.01406844643633382,4.948009225852688e-05,0.0011436924050901576,snare,snare,True
synthetic_data_feedback_loop,institutional,-0.024506,22.844131528464043,17.253873085067532,3.116296945113388,1.9747049659364304,0.9927599098901192,snare,rope,False
synthetic_data_feedback_loop,analytical,0.79456,0.034427113838474334,0.06529613542022342,0.30383528946513083,0.02303461833920969,0.0479345138685483,snare,snare,True
systemic_blindspot,powerless,0.3016,3.798825361334216,4.376559746208794,2.639238162347086,1.5029111290849322,0.9672650807320463,snare,tangled_rope,False
systemic_blindspot,moderate,0.584996,5.490685918926079e-06,5.425744087248322e-06,0.0033039568382033295,2.7290320767258987e-06,0.0002868392323405744,snare,snare,True
systemic_blindspot,institutional,-0.024506,22.682531910773,16.53233302038194,3.0347983757485717,1.8932564645341647,0.9871961382549884,snare,rope,False
systemic_blindspot,analytical,0.79456,0.4402147502970053,1.2633782594874563,1.1632169539583286,0.32883983127634603,0.3762847489931188,snare,snare,True
tail_risk_compression,powerless,0.3016,0.568184345438094,3.9496032488798596,1.4169581115673058,0.4812951974717666,0.4340873681966755,snare,snare,True
tail_risk_compression,moderate,0.641765,5.637832062552986e-06,6.171113932409655e-06,0.0034312209893284967,2.943318647491979e-06,2.0021879452095692e-05,snare,snare,True
tail_risk_compression,institutional,0.206809,6.752509861106215,18.260892477510065,3.0611341076398406,1.9195631545707268,0.9986836676336748,snare,rope,False
tail_risk_compression,analytical,0.79456,0.004604380622254274,0.017038704243494764,0.12453521516002553,0.0038760023568045294,0.005003902262636251,snare,snare,True
taiwan_existential_sovereignty,powerless,0.3536,1.7380315659534347,3.1732814888813636,2.0844765599611454,0.9914226226553324,0.826385081088416,snare,tangled_rope,False
taiwan_existential_sovereignty,moderate,0.752415,0.010678091453995597,0.014886540617425599,0.15822572890919917,0.006255581574457066,0.024336419070802973,snare,snare,True
taiwan_existential_sovereignty,institutional,0.476638,0.03348338728529652,0.055397293721626946,0.29109973492338914,0.02114739079960535,0.053760978495821385,snare,snare,True
taiwan_existential_sovereignty,analytical,0.931553,3.0627609615278817,4.222207204955804,2.504614913064426,1.3737364317286038,0.9446031147763823,snare,tangled_rope,False
taiwan_grand_bargain,powerless,0.496034,0.17681234225233955,0.1868706818840097,0.6028293175538899,0.09016505385400483,0.294196990762403,snare,tangled_rope,False
taiwan_grand_bargain,moderate,0.641765,0.003003360105594962,0.0029257288070210657,0.07699541093476309,0.0014818902901840177,0.03422911003115919,snare,snare,True
taiwan_grand_bargain,institutional,-0.024506,15.798747323224893,2.852488945578066,2.06702828083487,0.9763939932997519,0.7110083398770009,snare,tangled_rope,False
taiwan_grand_bargain,analytical,0.79456,0.5063139502447708,0.48595937709987586,0.9950070261856035,0.24244658902940353,0.4761186330564913,snare,tangled_rope,False
taiwan_ids_program,powerless,0.3016,5.012897584694086,1.3864804888674118,2.0474884719972586,0.95965640686561,0.7501739241265621,snare,tangled_rope,False
taiwan_ids_program,moderate,0.641765,0.0027208127751801566,0.002638439194893156,0.07320041789275641,0.0013394257630982324,0.03096419115960214,snare,snare,True
taiwan_ids_program,institutional,0.063872,16.744231615136854,2.4943075209619994,2.1380507207476622,1.0380420895512468,0.7507703257122034,snare,tangled_rope,False
taiwan_ids_program,analytical,0.79456,0.49181827237011405,0.5013662599072276,0.9958180652154116,0.24283378826020874,0.477409020386928,snare,tangled_rope,False
taiwan_storm_2026,powerless,0.3536,1.1813952238352243,2.9825049748360883,1.837260278393022,0.7861810972784573,0.699974599129925,snare,tangled_rope,False
taiwan_storm_2026,moderate,0.752415,0.0049871220165855264,0.0070077389254649325,0.10833121992917259,0.0029331960523781586,0.011436920458375188,snare,snare,True
taiwan_storm_2026,institutional,-0.028731,22.85346493729453,19.157497944528316,3.074549586857879,1.9329694885356747,0.9937003645513683,snare,rope,False
taiwan_storm_2026,analytical,0.931553,2.3649723537993883,4.510281411244874,2.3805793907953143,1.257218175096659,0.9045478478541709,snare,tangled_rope,False
taiwan_strait_hegemony_shift,powerless,0.3536,3.0611053834767956,1.309503472073326,1.9040346998315807,0.8399180735216257,0.7351989745040753,snare,tangled_rope,False
taiwan_strait_hegemony_shift,moderate,0.752415,0.11925696759002859,0.13032898992769013,0.4991916995673797,0.06197533811648847,0.23887845112912187,snare,snare,True
taiwan_strait_hegemony_shift,institutional,-0.028731,16.99484606945756,13.969260494107866,2.725285133556514,1.5866922683722844,0.7427494271220392,snare,scaffold,False
taiwan_strait_hegemony_shift,analytical,0.931553,4.077767945661907,1.3417639157760897,1.9901384573490049,0.911110355958802,0.7408325740153887,snare,tangled_rope,False
taiwan_university_application_system,powerless,0.2704,3.336078843042163,0.5240877878584701,1.3672233519257,0.4494066887301821,0.4055422377628876,tangled_rope,tangled_rope,True
taiwan_university_application_system,moderate,0.575376,0.06538439346912008,0.06552662293043253,0.3618117132149166,0.03263777194209157,0.17990812418981894,tangled_rope,snare,False
taiwan_university_application_system,institutional,-0.03817,8.756751170801689,2.590508167063304,1.5535951515150874,0.5736758243345713,0.40559296255546007,tangled_rope,tangled_rope,True
taiwan_university_application_system,analytical,0.712364,0.01725725719518201,0.01765111362085282,0.18672647034805928,0.008710363792537154,0.09211458990606802,tangled_rope,tangled_rope,True
taliban_slavery_law_2024,powerless,0.4056,0.02529137600639212,0.014865471916420734,0.18884805355507972,0.00890927436663701,0.017414733495041974,tangled_rope,tangled_rope,True
taliban_slavery_law_2024,moderate,0.863064,0.03342110355033989,0.014672883497691129,0.20575189160785057,0.010574129381484115,0.018288827036591626,tangled_rope,tangled_rope,True
taliban_slavery_law_2024,institutional,-0.085522,4.383221530411166,15.451435921967805,2.8861059650421406,1.7452075987738314,0.9756070405975417,tangled_rope,scaffold,False
taliban_slavery_law_2024,analytical,1.068546,0.2561035873284482,0.019940453794596726,0.28166586038800184,0.019801153879744744,0.019738406991308747,tangled_rope,tangled_rope,True
targeted_dream_incubation,powerless,0.413016,0.0005500970302218153,0.00036145465905594945,0.029696455941948818,0.00022046582332737246,0.0007141619106563191,tangled_rope,tangled_rope,True
targeted_dream_incubation,moderate,0.420467,0.0007746416704380825,0.0004627833641344699,0.0343117835293829,0.0002943174033972091,0.0007855900910687108,tangled_rope,tangled_rope,True
targeted_dream_incubation,institutional,-0.016056,2.454806432348565,6.037935963412526,2.4868959667996546,1.3569333746250984,0.9139997335635146,tangled_rope,rope,False
targeted_dream_incubation,analytical,0.520574,0.004927079472612257,0.0009754724621920659,0.059798643049223665,0.0008939028311719687,0.0009873860092444176,tangled_rope,tangled_rope,True
tarski_undefinability_theorem,powerless,0.09084,2.1668639546117004e-07,2.1155951426566046e-07,0.0006543694347448465,1.0704983857616881e-07,5.989453569332781e-06,mountain,mountain,True
tarski_undefinability_theorem,moderate,0.079998,2.987443788425516e-14,2.97240305557284e-14,2.4575624618635555e-07,1.4900914427480652e-14,2.2761613704957995e-09,mountain,mountain,True
tarski_undefinability_theorem,institutional,-0.00955,0.033291896961379144,0.16564578355890783,0.3485491398581495,0.030294833866207255,0.03324401513594033,mountain,mountain,True
tarski_undefinability_theorem,analytical,0.110402,1.1272015257364696e-06,1.18765234239376e-06,0.0015210748533730912,5.784171495853366e-07,1.4752550535313474e-05,mountain,mountain,True
taxonomy_drift,powerless,0.3016,4.167992944286866,0.902508192611333,1.7274467178503408,0.7007775353654666,0.5944105222557482,snare,tangled_rope,False
taxonomy_drift,moderate,0.641765,0.0035797186581868895,0.00353478709962996,0.08434527930222369,0.001778267952900822,0.04095955141189883,snare,snare,True
taxonomy_drift,institutional,-0.024506,13.075271364121567,3.153883280488355,1.870712630366625,0.8129366043672497,0.5947011847636008,snare,tangled_rope,False
taxonomy_drift,analytical,0.79456,0.5046031232562607,0.4181995133458033,0.9557005607522614,0.22402886352264478,0.4402237041569316,snare,tangled_rope,False
teaching_horses_to_sing,powerless,0.630393,7.0837213737449045e-06,7.503824071968778e-06,0.003816403577905935,3.641232962358302e-06,3.665689803172823e-05,snare,snare,True
teaching_horses_to_sing,moderate,0.641765,1.3192072372410641e-05,1.4892891695611716e-05,0.005290193501276417,6.996532740980563e-06,5.7536216111071624e-05,snare,snare,True
teaching_horses_to_sing,institutional,-0.046549,23.01956855474962,21.845739893987034,3.1374463785447153,1.9958537279249668,0.9997786080713049,snare,rope,False
teaching_horses_to_sing,analytical,0.79456,0.012137692169283011,0.04651171835039264,0.20370276589579558,0.010364739497221912,0.012796206211716954,snare,snare,True
tear_gas_repression_2026,powerless,0.25963,6.824274124334294,1.3286032334037854,2.0465258051068616,0.9588343505388933,0.7346129998087856,snare,tangled_rope,False
tear_gas_repression_2026,moderate,0.686025,0.007482776512668127,0.007793604886329932,0.12356764780146319,0.0038160267729542337,0.05596877116178123,snare,snare,True
tear_gas_repression_2026,institutional,-0.026196,16.34771619973005,1.9831230325690428,2.082120768228487,0.9893890138782709,0.7346550592738061,snare,tangled_rope,False
tear_gas_repression_2026,analytical,0.849357,1.6746705409397626,1.1154999800646674,1.6254426401907236,0.6249502698506141,0.6870809544634844,snare,tangled_rope,False
technocratic_overreach,powerless,0.56518,0.04813465326035974,0.04596686712277533,0.3066965471886733,0.02346964680295859,0.14904521404621462,snare,snare,True
technocratic_overreach,moderate,0.575376,0.06348006725277446,0.05988103394563815,0.3511116162010102,0.030740767810964208,0.16953066743642153,snare,snare,True
technocratic_overreach,institutional,0.272193,4.254435112456444,0.7645594904850851,1.6189083718831458,0.6202126873020765,0.5334994094556023,snare,tangled_rope,False
technocratic_overreach,analytical,0.712364,0.017056466893997025,0.016762145301791088,0.1838704620701756,0.008446135234966205,0.0905022512180036,snare,snare,True
technological_point_of_no_return,powerless,0.4056,0.5543675153377794,0.5874329606606995,1.062985923505236,0.2758972654362485,0.4933562959883703,snare,tangled_rope,False
technological_point_of_no_return,moderate,0.863064,1.209156219710622,1.1363005964669781,1.5094888751435074,0.5431066931309978,0.6399279435828856,snare,piton,False
technological_point_of_no_return,institutional,0.227281,6.935649881841568,1.7738464468717907,2.173402633202091,1.0691849063331536,0.7877113671581429,snare,tangled_rope,False
technological_point_of_no_return,analytical,1.068546,13.23182906696175,2.634825803279358,2.5374373833064885,1.4049911838419435,0.9245246776151599,snare,piton,False
temporal_scale_arbitrage,powerless,0.2704,4.335141529822254,0.7729338599365184,1.6266316510842835,0.6258139259408996,0.5368736284060396,snare,tangled_rope,False
temporal_scale_arbitrage,moderate,0.575376,0.0633225480170992,0.059641905504717846,0.35054080267817533,0.030641152336224255,0.16898528603020946,snare,snare,True
temporal_scale_arbitrage,institutional,-0.021971,11.731799533250701,2.4418421234097525,1.7551035056824962,0.7219276158594726,0.5369598310433067,snare,tangled_rope,False
temporal_scale_arbitrage,analytical,0.712364,0.016980626735139698,0.016640228227472877,0.1833504375969734,0.008398461304847392,0.09027955079230571,snare,snare,True
temporal_scarcity,powerless,0.2704,3.336078843042163,0.5240877878584701,1.3672233519257,0.4494066887301821,0.4055422377628876,tangled_rope,tangled_rope,True
temporal_scarcity,moderate,0.575376,0.06538439346912008,0.06552662293043253,0.3618117132149166,0.03263777194209157,0.17990812418981894,tangled_rope,snare,False
temporal_scarcity,institutional,-0.021971,8.745626559766388,2.3436133129898598,1.5344146732798751,0.5602961220420642,0.40559296255546007,tangled_rope,tangled_rope,True
temporal_scarcity,analytical,0.712364,0.01725725719518201,0.01765111362085282,0.18672647034805928,0.008710363792537154,0.09211458990606802,tangled_rope,tangled_rope,True
terrain_inaccessibility_wheeled_vehicles,powerless,0.13626,5.139366353940738e-05,6.539683225785495e-05,0.010748291686770797,2.8881374034645172e-05,0.00016086697357020618,mountain,mountain,True
terrain_inaccessibility_wheeled_vehicles,moderate,0.119997,8.263682932206564e-13,8.26448214545808e-13,1.2856516009642697e-06,4.132109457341962e-13,1.5788007567962836e-08,mountain,mountain,True
terrain_inaccessibility_wheeled_vehicles,institutional,-0.014325,0.0662911847317683,0.33270318985074987,0.49164636691848085,0.060125344113724916,0.06499731744151283,mountain,mountain,True
terrain_inaccessibility_wheeled_vehicles,analytical,0.165603,0.001996357835740478,0.004876775669411518,0.07691093824328682,0.0014786408712008595,0.002421243611359314,mountain,mountain,True
texas_hispanic_political_pivot,powerless,0.3016,2.8924779816248165,0.512138954136555,1.3447038130711517,0.4352820032278283,0.3987279976817808,tangled_rope,tangled_rope,True
texas_hispanic_political_pivot,moderate,0.493099,0.17587024647190852,0.1436820308639565,0.5630639315333106,0.07873811335223205,0.24575878624860603,tangled_rope,tangled_rope,True
texas_hispanic_political_pivot,institutional,-0.024506,8.682311559074883,4.7272835836368925,1.6658981213633108,0.6546067516957795,0.39885940433715766,tangled_rope,tangled_rope,True
texas_hispanic_political_pivot,analytical,0.79456,0.4005030091237601,0.2702463935344753,0.8066368966267793,0.16047267933892667,0.32234261086868216,tangled_rope,tangled_rope,True
texas_insurance_market_instability,powerless,0.3016,4.840183596247774,1.2516456582345588,1.9701454316164622,0.8943949581333984,0.7141715385262175,snare,tangled_rope,False
texas_insurance_market_instability,moderate,0.641765,0.0029771567702120486,0.0028985918057397586,0.076648282449474,0.001468560043030566,0.033947752304477774,snare,snare,True
texas_insurance_market_instability,institutional,0.169004,10.935335013639953,1.3656705729423289,2.0188985462402584,0.93534597249272,0.7146674114493331,snare,tangled_rope,False
texas_insurance_market_instability,analytical,0.79456,0.5048420368421559,0.48629706169272396,0.9946898837296858,0.2422952602260406,0.4764033166529932,snare,tangled_rope,False
thai_article_112_mountain,powerless,0.20439,0.1451193047008141,0.32861083927807955,0.6456958043723747,0.10332856981766007,0.15987106706670118,mountain,mountain,True
thai_article_112_mountain,moderate,0.179996,9.486699911308295e-10,9.485375641655707e-10,4.3556948060328506e-05,4.743019179024226e-10,4.438417533725314e-06,mountain,mountain,True
thai_article_112_mountain,institutional,-0.021488,0.12335451053730082,0.27275947414654644,0.592604691635523,0.0871546256359428,0.1402975139391459,mountain,mountain,True
thai_article_112_mountain,analytical,0.248404,5.457024063785519,4.51458015453422,2.8130300792262664,1.6729133257734596,0.9857080117411896,mountain,rope,False
thai_senate_veto_2026,powerless,0.56518,0.048157450370155966,0.04600177374690672,0.30679131917383096,0.023484125249879598,0.14913680357981973,snare,snare,True
thai_senate_veto_2026,moderate,0.575376,0.06351272883250016,0.059931277530915913,0.3512308183273512,0.030761590607230452,0.16964472578469247,snare,snare,True
thai_senate_veto_2026,institutional,0.021396,11.607118675370792,1.5702735130631469,1.6915591213171655,0.673704015973032,0.5328730347864006,snare,tangled_rope,False
thai_senate_veto_2026,analytical,0.712364,0.017085007840238246,0.0168096079350084,0.1840678606887738,0.008464267269173069,0.09055607602911286,snare,snare,True
the_bacchae_madness_protocol,powerless,0.739082,0.07713809208798796,0.07591739454351526,0.3911934983952926,0.0381362702961466,0.19382175751286385,snare,tangled_rope,False
the_bacchae_madness_protocol,moderate,0.752415,0.1345314154398837,0.1289556120932136,0.5131662471974145,0.06547450484235898,0.251619136027337,snare,tangled_rope,False
the_bacchae_madness_protocol,institutional,-0.028731,12.349277949790709,1.3300877428809033,1.7270129319852052,0.7004477730386437,0.5655099021896209,snare,tangled_rope,False
the_bacchae_madness_protocol,analytical,0.931553,3.330585432626373,0.9123730191868792,1.6628917525611076,0.6523838049131037,0.5646680454753176,snare,tangled_rope,False
the_calm_protocol_suppression,powerless,0.56518,0.04813465326035974,0.04596686712277533,0.3066965471886733,0.02346964680295859,0.14904521404621462,snare,snare,True
the_calm_protocol_suppression,moderate,0.575376,0.06348006725277446,0.05988103394563815,0.3511116162010102,0.030740767810964208,0.16953066743642153,snare,snare,True
the_calm_protocol_suppression,institutional,-0.03817,11.64678956899239,2.25439013527155,1.7356195870358857,0.7070019250467621,0.5335938463626007,snare,tangled_rope,False
the_calm_protocol_suppression,analytical,0.712364,0.017056466893997025,0.016762145301791088,0.1838704620701756,0.008446135234966205,0.0905022512180036,snare,snare,True
the_churn_systemic_upheaval,powerless,0.46676,0.4809524914785256,0.5114508763394259,0.99509897556489,0.24249047218091244,0.4754396808643471,snare,tangled_rope,False
the_churn_systemic_upheaval,moderate,0.71922,0.03974064217128012,0.04353775146134149,0.28835234745648264,0.02075078653026275,0.12992421371686813,snare,snare,True
the_churn_systemic_upheaval,institutional,-0.027464,17.358762931684975,2.8668120203759573,2.1980168533974154,1.0910408085738221,0.7761918736422662,snare,tangled_rope,False
the_churn_systemic_upheaval,analytical,0.890455,2.8586745826464974,1.4145200344113844,1.93015296350701,0.8612919941907841,0.763465756701806,snare,tangled_rope,False
the_trivial_topology,powerless,0.2704,4.335141529822254,0.7729338599365184,1.6266316510842835,0.6258139259408996,0.5368736284060396,snare,tangled_rope,False
the_trivial_topology,moderate,0.575376,0.0633225480170992,0.059641905504717846,0.35054080267817533,0.030641152336224255,0.16898528603020946,snare,snare,True
the_trivial_topology,institutional,-0.021971,11.731799533250701,2.4418421234097525,1.7551035056824962,0.7219276158594726,0.5369598310433067,snare,tangled_rope,False
the_trivial_topology,analytical,0.712364,0.016980626735139698,0.016640228227472877,0.1833504375969734,0.008398461304847392,0.09027955079230571,snare,snare,True
the_wall_procedural_barrier,powerless,0.217754,6.112106263493136,0.78963147302845,1.6430394512339084,0.6377814422982536,0.5369566772941685,snare,tangled_rope,False
the_wall_procedural_barrier,moderate,0.575376,0.0633225480170992,0.059641905504717846,0.35054080267817533,0.030641152336224255,0.16898528603020946,snare,snare,True
the_wall_procedural_barrier,institutional,-0.021971,11.731799533250701,2.4418421234097525,1.7551035056824962,0.7219276158594726,0.5369598310433067,snare,tangled_rope,False
the_wall_procedural_barrier,analytical,0.712364,0.016980626735139698,0.016640228227472877,0.1833504375969734,0.008398461304847392,0.09027955079230571,snare,snare,True
theatrical_neutrality,powerless,0.56518,0.04850393806041312,0.04666588055541602,0.3084496832014261,0.023738194081188355,0.1508029047163224,snare,snare,True
theatrical_neutrality,moderate,0.575376,0.06403222204952613,0.06091044332454846,0.3533836367593862,0.031138859135871395,0.17173567951772795,snare,snare,True
theatrical_neutrality,institutional,-0.021971,11.205302046514566,2.5886701749328527,1.731542308227935,0.7038939977302566,0.513521688300278,snare,tangled_rope,False
theatrical_neutrality,analytical,0.712364,0.02673589221641061,0.03327916291474773,0.2420619926216343,0.014630629245900372,0.09714209001829771,snare,snare,True
theory_of_visitors,powerless,0.3016,4.821614917498624,1.238153709000647,1.9624070567520575,0.8879547671244042,0.7105210921064471,snare,tangled_rope,False
theory_of_visitors,moderate,0.641765,0.003003360105594962,0.0029257288070210657,0.07699541093476309,0.0014818902901840177,0.03422911003115919,snare,snare,True
theory_of_visitors,institutional,-0.024506,15.798747323224893,2.852488945578066,2.06702828083487,0.9763939932997519,0.7110083398770009,snare,tangled_rope,False
theory_of_visitors,analytical,0.79456,0.5063139502447708,0.48595937709987586,0.9950070261856035,0.24244658902940353,0.4761186330564913,snare,tangled_rope,False
thermodynamics_entropy,powerless,0.09084,6.375556736255286e-07,6.223850747153002e-07,0.0011224086400029845,3.1495028029419133e-07,1.757509230537746e-05,mountain,mountain,True
thermodynamics_entropy,moderate,0.079998,8.75681089261366e-14,8.749904955599671e-14,4.182955279236503e-07,4.37501865035164e-14,6.6758296668467665e-09,mountain,mountain,True
thermodynamics_entropy,institutional,-0.00955,0.09470399355221815,0.4544643166182809,0.5843390180088306,0.08475751008678456,0.09172098174546384,mountain,mountain,True
thermodynamics_entropy,analytical,0.110402,3.301727918846741e-06,3.4786633811143442e-06,0.0026032523835323785,1.6942305039230182e-06,4.320105945343283e-05,mountain,mountain,True
three_body_problem,powerless,0.13626,5.093787220416497e-05,6.481627228672005e-05,0.010700501482857547,2.862511471260921e-05,0.00015944696919245605,mountain,mountain,True
three_body_problem,moderate,0.119997,8.188911510768355e-13,8.193316293118482e-13,1.2797659965505751e-06,4.0953366646143174e-13,1.564854434921159e-08,mountain,mountain,True
three_body_problem,institutional,-0.014325,0.06583845978155681,0.33072316463911183,0.4900085258449142,0.05972741806996695,0.06456659979462065,mountain,mountain,True
three_body_problem,analytical,0.165603,0.0019787119848600067,0.0048336420680007,0.07657019605087484,0.0014655697046191477,0.002399893564999589,mountain,mountain,True
three_body_unpredicability,powerless,0.13626,5.139366353940738e-05,6.539683225785495e-05,0.010748291686770797,2.8881374034645172e-05,0.00016086697357020618,mountain,mountain,True
three_body_unpredicability,moderate,0.119997,8.263682932206564e-13,8.26448214545808e-13,1.2856516009642697e-06,4.132109457341962e-13,1.5788007567962836e-08,mountain,mountain,True
three_body_unpredicability,institutional,-0.014325,0.0662911847317683,0.33270318985074987,0.49164636691848085,0.060125344113724916,0.06499731744151283,mountain,mountain,True
three_body_unpredicability,analytical,0.165603,0.001996357835740478,0.004876775669411518,0.07691093824328682,0.0014786408712008595,0.002421243611359314,mountain,mountain,True
tiktok_us_divestiture_mandate,powerless,0.3536,3.061302510005694,1.3066610405613148,1.904313308598804,0.840145035942439,0.735518777173089,snare,tangled_rope,False
tiktok_us_divestiture_mandate,moderate,0.752415,0.11919959407622598,0.13030827449121687,0.4991098955054162,0.06195513312380608,0.23878305388723353,snare,snare,True
tiktok_us_divestiture_mandate,institutional,0.912731,3.4096227315904253,1.3264636973602382,1.94121046933644,0.8703996435546967,0.7383541025702939,snare,tangled_rope,False
tiktok_us_divestiture_mandate,analytical,0.931553,4.080219511001114,1.347299732371821,1.9915082744777175,0.9122596092994002,0.7411686811329077,snare,tangled_rope,False
toxic_social_infection,powerless,0.3016,0.6934672427249208,5.14219567357853,1.5512596796474596,0.5720396333385072,0.5007530588620247,snare,snare,True
toxic_social_infection,moderate,0.641765,4.671281442185039e-06,4.98821599072951e-06,0.003103893392764775,2.408538065255736e-06,2.1664067958335277e-05,snare,snare,True
toxic_social_infection,institutional,0.4504,0.001083381371380783,0.0023134507884677324,0.05516264078169343,0.0007606810099779938,0.0014470865326914328,snare,snare,True
toxic_social_infection,analytical,0.79456,0.0034278562701769684,0.012190715852438968,0.10658727292381141,0.0028395395174378754,0.003823091212638574,snare,snare,True
toxoplasma_hub_2026,powerless,0.413016,0.00014796536486902224,9.90308855929437e-05,0.015457991153312766,5.97370752450191e-05,0.0001890388003543924,tangled_rope,tangled_rope,True
toxoplasma_hub_2026,moderate,0.420467,0.00020881043010217596,0.00012834076108657309,0.0179103398560413,8.019453250380357e-05,0.0002079302507845935,tangled_rope,tangled_rope,True
toxoplasma_hub_2026,institutional,0.383273,1.9249548801480385e-06,1.8489565246009644e-06,0.0019423490484978575,9.431798825318039e-07,3.036694542662269e-05,tangled_rope,tangled_rope,True
toxoplasma_hub_2026,analytical,0.520574,0.0014009617645974685,0.0005805436862611083,0.03553168663591982,0.000315616887280813,0.00026149817055709604,tangled_rope,tangled_rope,True
tractarian_logic_limit,powerless,0.20439,0.1451193047008141,0.32861083927807955,0.6456958043723747,0.10332856981766007,0.15987106706670118,mountain,mountain,True
tractarian_logic_limit,moderate,0.179996,9.486699911308295e-10,9.485375641655707e-10,4.3556948060328506e-05,4.743019179024226e-10,4.438417533725314e-06,mountain,mountain,True
tractarian_logic_limit,institutional,-0.021488,0.12335451053730082,0.27275947414654644,0.592604691635523,0.0871546256359428,0.1402975139391459,mountain,mountain,True
tractarian_logic_limit,analytical,0.248404,5.457024063785519,4.51458015453422,2.8130300792262664,1.6729133257734596,0.9857080117411896,mountain,rope,False
trade_secret_law,powerless,0.353671,2.033000621644406,0.7329470642702137,1.4871636872899434,0.5279027342034331,0.5316630871999305,snare,tangled_rope,False
trade_secret_law,moderate,0.575376,0.06327082377314605,0.05956432685483997,0.35035453438694336,0.03060868045534294,0.1688075455422492,snare,snare,True
trade_secret_law,institutional,-0.021971,11.771562751234827,2.8271976977051136,1.7835444915039025,0.7439322465092126,0.5380343124459922,snare,tangled_rope,False
trade_secret_law,analytical,0.712364,0.01696721517310262,0.016620125271566685,0.18326026441241416,0.008390208257118361,0.09021311903069967,snare,snare,True
tragedy_of_the_commons,powerless,0.3016,4.203095263939815,0.9846875072802584,1.743081309225762,0.7127035689641911,0.5987500395874944,snare,tangled_rope,False
tragedy_of_the_commons,moderate,0.641765,0.003554824625863776,0.0035053495349635657,0.08402248823547934,0.0017646850617950387,0.04077252328610892,snare,snare,True
tragedy_of_the_commons,institutional,0.169004,9.5462656577168,3.584824139256574,1.9536025057445352,0.8806475128117286,0.5990433057869204,snare,tangled_rope,False
tragedy_of_the_commons,analytical,0.79456,0.5034086561074884,0.41570440277915277,0.9547174783842776,0.2235769867036178,0.441801529702789,snare,tangled_rope,False
trajans_bridge_lifecycle,powerless,0.3016,4.991572403005273,1.3662713758154024,2.037305836249662,0.950973329362097,0.7455595820729518,snare,tangled_rope,False
trajans_bridge_lifecycle,moderate,0.641765,0.00275908436406993,0.0026776053695843445,0.07372735683347914,0.0013587769023100423,0.03136990993608782,snare,snare,True
trajans_bridge_lifecycle,institutional,-0.024506,16.62849942101287,2.3251326417064693,2.118124556842335,1.0206202132741262,0.7461416689401064,snare,tangled_rope,False
trajans_bridge_lifecycle,analytical,0.79456,0.49492102813520084,0.5023108143410493,0.9974870004781735,0.2436314659068489,0.47792249552710825,snare,tangled_rope,False
transformer_self_attention,powerless,0.31202,0.0009059737228265673,0.0010865000696060583,0.04443721526611374,0.0004936462165993897,0.005369675342665969,rope,rope,True
transformer_self_attention,moderate,0.282412,3.4480206569531465e-06,3.4909025929752013e-06,0.0026341251636219855,1.73465359368704e-06,0.00029621961288184284,rope,rope,True
transformer_self_attention,institutional,-0.011831,0.028110875044553552,0.04041754050717586,0.2553116199572586,0.01627388785500345,0.04637952476843979,rope,rope,True
transformer_self_attention,analytical,0.383581,0.027957476793369473,0.05862587446299727,0.2759063086636223,0.019000910119037238,0.04567584184328177,rope,rope,True
transient_event_detection,powerless,0.413016,0.0005500970302218153,0.00036145465905594945,0.029696455941948818,0.00022046582332737246,0.0007141619106563191,tangled_rope,tangled_rope,True
transient_event_detection,moderate,0.420467,0.0007746416704380825,0.0004627833641344699,0.0343117835293829,0.0002943174033972091,0.0007855900910687108,tangled_rope,tangled_rope,True
transient_event_detection,institutional,-0.016056,2.454806432348565,6.037935963412526,2.4868959667996546,1.3569333746250984,0.9139997335635146,tangled_rope,rope,False
transient_event_detection,analytical,0.520574,0.004927079472612257,0.0009754724621920659,0.059798643049223665,0.0008939028311719687,0.0009873860092444176,tangled_rope,tangled_rope,True
traveling_salesman_problem,powerless,0.13626,4.5844794540152947e-05,5.8336767136279846e-05,0.01015151571236244,2.5763262502529134e-05,0.00014349917989642247,mountain,mountain,True
traveling_salesman_problem,moderate,0.119997,7.370751267060713e-13,7.373238775562552e-13,1.214238929001312e-06,3.6859383548983044e-13,1.408323402340983e-08,mountain,mountain,True
traveling_salesman_problem,institutional,-0.014325,0.05934177067233952,0.29905359547804783,0.46547831367174547,0.0539234462065861,0.05838490277782238,mountain,mountain,True
traveling_salesman_problem,analytical,0.165603,0.0017810482789680428,0.0043515425979608405,0.07264757465647419,0.0013192724603633672,0.0021603655691905255,mountain,mountain,True
traveling_salesperson_problem,powerless,0.413016,0.011123873430418377,0.007511683304504236,0.13451537127427698,0.004521891290764239,0.01563498899015825,tangled_rope,tangled_rope,True
traveling_salesperson_problem,moderate,0.420467,0.015706309497819603,0.009698808316394348,0.15588411302416852,0.006071889363560961,0.0173245983841942,tangled_rope,tangled_rope,True
traveling_salesperson_problem,institutional,-0.035319,5.680426356316829,3.794725272363742,2.7369261552014414,1.5980889450192497,0.9741684261216239,tangled_rope,rope,False
traveling_salesperson_problem,analytical,0.520574,0.10130817467350786,0.022185528398883374,0.2803408968034107,0.01961560614462186,0.022890923853664535,tangled_rope,tangled_rope,True
treaty_land_entrenchment,powerless,0.20439,0.3888149131337498,0.7214622135919787,1.0143512071731073,0.25176033831043265,0.3746886579932589,mountain,mountain,True
treaty_land_entrenchment,moderate,0.179996,3.0464950541494583e-09,3.0460911855615514e-09,7.805501900609551e-05,1.5231465371255678e-09,1.4253350792969854e-05,mountain,mountain,True
treaty_land_entrenchment,institutional,-0.021488,0.33781370613303774,0.6257992156773395,0.9452277670691369,0.2192370964583013,0.3406061943014058,mountain,mountain,True
treaty_land_entrenchment,analytical,0.248404,6.402401972906831,3.352952833651096,2.7004991296375995,1.562473651895156,0.9643265540103936,mountain,rope,False
trillion_bond_rush_2026,powerless,0.353671,1.6158369744953565,0.5073492711665394,1.2697498161164833,0.38970821619706203,0.4080898931124811,tangled_rope,tangled_rope,True
trillion_bond_rush_2026,moderate,0.575376,0.06549584849585587,0.06543443697510727,0.36183850490468594,0.03264259249875578,0.17993235849752287,tangled_rope,snare,False
trillion_bond_rush_2026,institutional,-0.021971,8.917153171749309,2.9346873871875525,1.5944788151479694,0.6026312402619541,0.4119315700882379,tangled_rope,tangled_rope,True
trillion_bond_rush_2026,analytical,0.712364,0.01706667657735723,0.017250553945078476,0.1852443020412707,0.008572731539250065,0.09214395490124244,tangled_rope,snare,False
trump_critical_minerals,powerless,0.413016,0.00013113177804497853,8.796446942717787e-05,0.014558838239258867,5.298970872499139e-05,0.00016724803942305433,tangled_rope,tangled_rope,True
trump_critical_minerals,moderate,0.420467,0.00018511290449341574,0.00011417323887570611,0.016874840170848907,7.118963536384641e-05,0.00018396143384751386,tangled_rope,tangled_rope,True
trump_critical_minerals,institutional,-0.016056,1.254839512577719,5.390989342597878,1.9860372955568921,0.9076726068842932,0.7153182382088159,tangled_rope,rope,False
trump_critical_minerals,analytical,0.520574,0.0012520407568806873,0.0005509875572989136,0.03400333078152462,0.0002890496633153865,0.0002313528813740235,tangled_rope,tangled_rope,True
trump_epa_greenhouse_gas_reversal,powerless,0.548686,0.008612928694271627,0.008979953151964232,0.13261602729616848,0.004395141957195033,0.05990275914220161,snare,snare,True
trump_epa_greenhouse_gas_reversal,moderate,0.752415,0.11919959407622598,0.13030827449121687,0.4991098955054162,0.06195513312380608,0.23878305388723353,snare,snare,True
trump_epa_greenhouse_gas_reversal,institutional,-0.028731,16.561263757925385,2.757871175281208,2.1249705911652215,1.026594973880371,0.743086385788836,snare,tangled_rope,False
trump_epa_greenhouse_gas_reversal,analytical,0.931553,4.080219511001114,1.347299732371821,1.9915082744777175,0.9122596092994002,0.7411686811329077,snare,tangled_rope,False
trump_indian_tariffs_2026,powerless,0.56518,0.049294705828367216,0.04950172592293583,0.3143163198508322,0.024647893635722666,0.1564808382053321,tangled_rope,snare,False
trump_indian_tariffs_2026,moderate,0.575376,0.06549584849585587,0.06543443697510727,0.36183850490468594,0.03264259249875578,0.17993235849752287,tangled_rope,snare,False
trump_indian_tariffs_2026,institutional,-0.021971,8.917153171749309,2.9346873871875525,1.5944788151479694,0.6026312402619541,0.4119315700882379,tangled_rope,tangled_rope,True
trump_indian_tariffs_2026,analytical,0.712364,0.01706667657735723,0.017250553945078476,0.1852443020412707,0.008572731539250065,0.09214395490124244,tangled_rope,snare,False
trump_making_china_great_2026,powerless,0.467997,0.4143777028863355,0.4283339323263717,0.9174147472275678,0.20674878439287178,0.44218452694842697,snare,tangled_rope,False
trump_making_china_great_2026,moderate,0.641765,0.0027795086248152026,0.002699257273506846,0.0740117558243304,0.0013692787278319772,0.0315347926085045,snare,snare,True
trump_making_china_great_2026,institutional,-0.024506,16.582768837452882,2.2873492339158474,2.1129153253526285,1.0160816288706276,0.7442586955430194,snare,tangled_rope,False
trump_making_china_great_2026,analytical,0.79456,0.49757591461688216,0.5063765126938977,1.0001550515914757,0.24490921718642417,0.4785054762466611,snare,tangled_rope,False
trumps_second_term_authoritarianism_2026,powerless,0.3016,4.821614917498624,1.238153709000647,1.9624070567520575,0.8879547671244042,0.7105210921064471,snare,tangled_rope,False
trumps_second_term_authoritarianism_2026,moderate,0.641765,0.003003360105594962,0.0029257288070210657,0.07699541093476309,0.0014818902901840177,0.03422911003115919,snare,snare,True
trumps_second_term_authoritarianism_2026,institutional,0.520617,0.06385356268635455,0.06802793095348618,0.363013368847454,0.03285432978010911,0.17471000525420965,snare,snare,True
trumps_second_term_authoritarianism_2026,analytical,0.79456,0.5063139502447708,0.48595937709987586,0.9950070261856035,0.24244658902940353,0.4761186330564913,snare,tangled_rope,False
tsp,powerless,0.356594,0.004776300941686122,0.005447188068924795,0.10092738210272631,0.002546043736178987,0.02376063914693316,rope,rope,True
tsp,moderate,0.322757,1.8644126417403407e-05,1.881071749048062e-05,0.006119985212827524,9.363547444851122e-06,0.0013147588017534684,rope,rope,True
tsp,institutional,-0.013521,0.04068884306005915,0.054479244418423084,0.30530177298625655,0.023257078541112725,0.08514804427732416,rope,rope,True
tsp,analytical,0.438378,0.12888889353863475,0.2096390347883322,0.5666403324246566,0.07973480756925737,0.18336473768634187,rope,rope,True
twin_prime_conjecture,powerless,0.13626,5.139366353940738e-05,6.539683225785495e-05,0.010748291686770797,2.8881374034645172e-05,0.00016086697357020618,mountain,mountain,True
twin_prime_conjecture,moderate,0.119997,8.263682932206564e-13,8.26448214545808e-13,1.2856516009642697e-06,4.132109457341962e-13,1.5788007567962836e-08,mountain,mountain,True
twin_prime_conjecture,institutional,-0.014325,0.0662911847317683,0.33270318985074987,0.49164636691848085,0.060125344113724916,0.06499731744151283,mountain,mountain,True
twin_prime_conjecture,analytical,0.165603,0.001996357835740478,0.004876775669411518,0.07691093824328682,0.0014786408712008595,0.002421243611359314,mountain,mountain,True
two_domain_ancestry,powerless,0.413016,0.0002117249895135251,0.00014098807027487434,0.01847264402523529,8.530903784430079e-05,0.0002711060831020202,tangled_rope,tangled_rope,True
two_domain_ancestry,moderate,0.420467,0.0002986037631672266,0.00018209296632945313,0.021386437451832156,0.00011434383716047106,0.00029820134846287504,tangled_rope,tangled_rope,True
two_domain_ancestry,institutional,-0.016056,1.6290935802731705,5.846522396750915,2.187067917078787,1.0813016346271151,0.8042726507408573,tangled_rope,rope,False
two_domain_ancestry,analytical,0.520574,0.0019723580713215095,0.0006965799782451226,0.040990355536582,0.00042003760829735525,0.00037503419891191054,tangled_rope,tangled_rope,True
ua_mobilization_protector_cert,powerless,0.3016,5.009537071966935,1.3822020434084479,2.045851624581364,0.9582587868368869,0.7494672626725898,snare,tangled_rope,False
ua_mobilization_protector_cert,moderate,0.641765,0.0027262405246977067,0.002643925701706213,0.07327495099104547,0.0013421544689308262,0.031026597704868375,snare,snare,True
ua_mobilization_protector_cert,institutional,-0.024506,16.73378032829129,2.998609523543775,2.1508988004257286,1.0493261855706326,0.7500615049608297,snare,tangled_rope,False
ua_mobilization_protector_cert,analytical,0.79456,0.49216885489280704,0.501169851883289,0.9958923247959546,0.24286925506703141,0.477456682793549,snare,tangled_rope,False
ua_wartime_mobilization,powerless,0.782557,0.1783467637801562,0.1522009513706658,0.5735203532750561,0.08166944097246272,0.2620267410828767,tangled_rope,tangled_rope,True
ua_wartime_mobilization,moderate,0.796674,0.2859772375515025,0.22507305496786453,0.7108454536788101,0.12500106146108853,0.31262255871169264,tangled_rope,tangled_rope,True
ua_wartime_mobilization,institutional,-0.030421,11.126222372820088,14.206082718149831,2.739093186795281,1.6002120054681968,0.8751385525921491,tangled_rope,scaffold,False
ua_wartime_mobilization,analytical,0.98635,3.820569105529146,0.5981202235254283,1.4580702969405481,0.5083650288464691,0.45037766522608147,tangled_rope,tangled_rope,True
udhr_1946,powerless,0.286,3.9727749808348234,0.7328064513935317,1.5859722688515228,0.5965580592962018,0.518426272215822,snare,tangled_rope,False
udhr_1946,moderate,0.608571,0.026813730603754752,0.02618748904269192,0.2302074053436999,0.013234241131081093,0.11351869196462083,snare,snare,True
udhr_1946,institutional,-0.023239,11.314475614211052,2.762089965147646,1.7333462465703469,0.7052683956190278,0.5185501477024832,snare,tangled_rope,False
udhr_1946,analytical,0.753462,0.07742466599585954,0.07535339773177777,0.39038764600627185,0.037979810579170235,0.19045122206897241,snare,tangled_rope,False
uk_artist_resale_right,powerless,0.413016,0.0002117249895135251,0.00014098807027487434,0.01847264402523529,8.530903784430079e-05,0.0002711060831020202,tangled_rope,tangled_rope,True
uk_artist_resale_right,moderate,0.420467,0.0002986037631672266,0.00018209296632945313,0.021386437451832156,0.00011434383716047106,0.00029820134846287504,tangled_rope,tangled_rope,True
uk_artist_resale_right,institutional,-0.02227,1.6762388515872289,5.930875786221365,2.209976773607856,1.1017103816061804,0.8132726967226087,tangled_rope,rope,False
uk_artist_resale_right,analytical,0.520574,0.0019723580713215095,0.0006965799782451226,0.040990355536582,0.00042003760829735525,0.00037503419891191054,tangled_rope,tangled_rope,True
uk_graduate_visa_salary_threshold,powerless,0.3016,4.843465900819053,1.2584396818704626,1.9716386076414005,0.895639548079292,0.7147221020677371,snare,tangled_rope,False
uk_graduate_visa_salary_threshold,moderate,0.641765,0.002973492327279123,0.002894819274797762,0.07659972060741338,0.0014666999968112088,0.03390515770614366,snare,snare,True
uk_graduate_visa_salary_threshold,institutional,-0.024506,16.045335276889123,8.207792752444353,2.3334553646985694,1.2136748430372122,0.7152191615866788,snare,tangled_rope,False
uk_graduate_visa_salary_threshold,analytical,0.79456,0.5046839978244675,0.48652271941454855,0.9947355241378578,0.24231703544033834,0.4764591363901738,snare,tangled_rope,False
uk_help_to_buy_scheme,powerless,0.2704,4.304956493882062,0.7632174451903858,1.6184921748090653,0.6199114276529726,0.5327882251028603,snare,tangled_rope,False
uk_help_to_buy_scheme,moderate,0.575376,0.06351272883250016,0.059931277530915913,0.3512308183273512,0.030761590607230452,0.16964472578469247,snare,snare,True
uk_help_to_buy_scheme,institutional,0.403807,0.9687419108724942,0.5676785514144358,1.2029703306529378,0.3510077648664328,0.48659698417011077,snare,tangled_rope,False
uk_help_to_buy_scheme,analytical,0.712364,0.017085007840238246,0.0168096079350084,0.1840678606887738,0.008464267269173069,0.09055607602911286,snare,snare,True
uk_hicbc_2024,powerless,0.56518,0.048157450370155966,0.04600177374690672,0.30679131917383096,0.023484125249879598,0.14913680357981973,snare,snare,True
uk_hicbc_2024,moderate,0.654604,0.0950579560401214,0.08753258607857838,0.42702191618799545,0.04541401149491825,0.20367609909149142,snare,snare,True
uk_hicbc_2024,institutional,-0.021971,11.622844466954552,2.0385311139673616,1.720909534774921,0.6958144827457994,0.5328730347864006,snare,tangled_rope,False
uk_hicbc_2024,analytical,0.712364,0.017085007840238246,0.0168096079350084,0.1840678606887738,0.008464267269173069,0.09055607602911286,snare,snare,True
uk_hicbc_trap,powerless,0.2496,1.0451856979457126,0.14004470544564643,0.7008495903173972,0.12154606646422539,0.1177733968332861,tangled_rope,tangled_rope,True
uk_hicbc_trap,moderate,0.531116,0.07014116057288043,0.08673850539437121,0.39439302496559786,0.038760614668455554,0.15320380741757855,tangled_rope,tangled_rope,True
uk_hicbc_trap,institutional,-0.020281,2.5916898540339104,3.069667292720582,1.2218420589267065,0.3617599150820334,0.2355579627395514,tangled_rope,tangled_rope,True
uk_hicbc_trap,analytical,0.657567,0.22933918782101936,0.3030950346337859,0.7241378417419226,0.1296680126740342,0.309462166074996,tangled_rope,tangled_rope,True
uk_necc_formation,powerless,0.2704,3.3858157746073565,0.5363739441399336,1.3801324313075964,0.457592270838638,0.41187951026580627,tangled_rope,tangled_rope,True
uk_necc_formation,moderate,0.555901,0.03456007852567114,0.03483753103639987,0.26343178512526827,0.01732400831684691,0.1312002035241363,tangled_rope,snare,False
uk_necc_formation,institutional,-0.021971,8.917153171749309,2.9346873871875525,1.5944788151479694,0.6026312402619541,0.4119315700882379,tangled_rope,tangled_rope,True
uk_necc_formation,analytical,0.712364,0.01706667657735723,0.017250553945078476,0.1852443020412707,0.008572731539250065,0.09214395490124244,tangled_rope,snare,False
uk_ssp_eligibility,powerless,0.467997,0.0268235375950119,0.04852549633845578,0.2655580773575402,0.017604386118933845,0.03951989740488793,snare,snare,True
uk_ssp_eligibility,moderate,0.641765,0.00010185198886121684,9.619456308111637e-05,0.01406844643633382,4.948009225852688e-05,0.0011436924050901576,snare,snare,True
uk_ssp_eligibility,institutional,-0.024506,22.844131528464043,17.253873085067532,3.116296945113388,1.9747049659364304,0.9927599098901192,snare,rope,False
uk_ssp_eligibility,analytical,0.79456,0.034427113838474334,0.06529613542022342,0.30383528946513083,0.02303461833920969,0.0479345138685483,snare,snare,True
uk_student_visa_dependents,powerless,0.3016,4.991572403005273,1.3662713758154024,2.037305836249662,0.950973329362097,0.7455595820729518,snare,tangled_rope,False
uk_student_visa_dependents,moderate,0.641765,0.00275908436406993,0.0026776053695843445,0.07372735683347914,0.0013587769023100423,0.03136990993608782,snare,snare,True
uk_student_visa_dependents,institutional,-0.042575,16.630792857858335,2.4792034243883125,2.1231728523548203,1.0250249206319286,0.7461416689401064,snare,tangled_rope,False
uk_student_visa_dependents,analytical,0.79456,0.49492102813520084,0.5023108143410493,0.9974870004781735,0.2436314659068489,0.47792249552710825,snare,tangled_rope,False
uk_unpaid_care_system,powerless,0.630393,0.003247420927926361,0.0031421794097922754,0.07992675045224723,0.0015968588177016972,0.03395390215910288,snare,snare,True
uk_unpaid_care_system,moderate,0.641765,0.00275908436406993,0.0026776053695843445,0.07372735683347914,0.0013587769023100423,0.03136990993608782,snare,snare,True
uk_unpaid_care_system,institutional,0.260901,6.713902193574118,1.3734352747497294,2.0704563253277475,0.9793405382208319,0.7460837996479563,snare,tangled_rope,False
uk_unpaid_care_system,analytical,0.79456,0.49492102813520084,0.5023108143410493,0.9974870004781735,0.2436314659068489,0.47792249552710825,snare,tangled_rope,False
ukr_mobilization,powerless,0.244707,7.414458936142541,1.484580998133446,2.074379774287093,0.982716582984911,0.7427279079713281,snare,tangled_rope,False
ukr_mobilization,moderate,0.752415,0.11925696759002859,0.13032898992769013,0.4991916995673797,0.06197533811648847,0.23887845112912187,snare,snare,True
ukr_mobilization,institutional,-0.028731,16.99484606945756,13.969260494107866,2.725285133556514,1.5866922683722844,0.7427494271220392,snare,scaffold,False
ukr_mobilization,analytical,0.931553,4.077767945661907,1.3417639157760897,1.9901384573490049,0.911110355958802,0.7408325740153887,snare,tangled_rope,False
ukraine_tight_gas_pilot,powerless,0.609944,0.0031631308636271478,0.0031924791723726333,0.0797214330491355,0.0015886663555572638,0.039261672335668796,tangled_rope,tangled_rope,True
ukraine_tight_gas_pilot,moderate,0.641765,0.003625683312715824,0.0036622787099935853,0.08536828299946729,0.001821659331488633,0.0420333924319074,tangled_rope,tangled_rope,True
ukraine_tight_gas_pilot,institutional,-0.024506,8.555142565271021,3.8786250177056214,1.5986753088341217,0.6056366117451334,0.39492417215775427,tangled_rope,tangled_rope,True
ukraine_tight_gas_pilot,analytical,0.79456,0.39829392074601905,0.2690008811570003,0.8041510077252836,0.15949845704898355,0.31962173943298183,tangled_rope,tangled_rope,True
ulysses_chp01,powerless,0.630393,0.00012202386088288061,0.00011480107478176166,0.015383555272022472,5.916315150988841e-05,0.0012526733043744026,snare,snare,True
ulysses_chp01,moderate,0.641765,0.00010462164116751684,9.910609875873189e-05,0.014268667455334345,5.089850184841402e-05,0.0011610453821765373,snare,snare,True
ulysses_chp01,institutional,0.063872,21.865507915261507,15.403387563987426,3.0436282225221283,1.9020747378815464,0.9926374872989489,snare,rope,False
ulysses_chp01,analytical,0.79456,0.036160813939570144,0.07093371704792326,0.31280366261380044,0.02441170959423912,0.04983520336810632,snare,snare,True
ulysses_chp02,powerless,0.3536,1.1929202171581863,2.987270099556432,1.8434292274350508,0.7910897653294162,0.7034840295274936,snare,tangled_rope,False
ulysses_chp02,moderate,0.752415,0.0055128345326250225,0.007967633605473009,0.11454204344686356,0.0032790735103637786,0.01225553180852934,snare,snare,True
ulysses_chp02,institutional,-0.028731,22.846324703477745,18.227304888120518,3.063480399972251,1.9219076033597182,0.9934969689819115,snare,rope,False
ulysses_chp02,analytical,0.931553,2.994057782537622,5.976835970209663,2.57704252030628,1.4429172067033251,0.9460718628131932,snare,piton,False
ulysses_chp03,powerless,0.347803,0.0006338072211628562,0.00046295416806286995,0.03281169830772862,0.00026914584961876584,0.0011517321632359113,tangled_rope,tangled_rope,True
ulysses_chp03,moderate,0.354077,0.0009067213997547984,0.000616263015647479,0.03848193619410247,0.0003702034318661063,0.0012963015093029788,tangled_rope,tangled_rope,True
ulysses_chp03,institutional,-0.013521,1.2032298042206095,3.8148965748157235,1.9050649298798374,0.8407574397153527,0.7024495219657423,tangled_rope,rope,False
ulysses_chp03,analytical,0.438378,0.006479902083073085,0.0018117920487443603,0.07754182915017696,0.0015029955296243683,0.0018548797080709296,tangled_rope,tangled_rope,True
ulysses_chp04,powerless,0.56518,0.048157450370155966,0.04600177374690672,0.30679131917383096,0.023484125249879598,0.14913680357981973,snare,snare,True
ulysses_chp04,moderate,0.575376,0.06351272883250016,0.059931277530915913,0.3512308183273512,0.030761590607230452,0.16964472578469247,snare,snare,True
ulysses_chp04,institutional,-0.021971,11.622844466954552,2.0385311139673616,1.720909534774921,0.6958144827457994,0.5328730347864006,snare,tangled_rope,False
ulysses_chp04,analytical,0.712364,0.017085007840238246,0.0168096079350084,0.1840678606887738,0.008464267269173069,0.09055607602911286,snare,snare,True
ulysses_chp05,powerless,0.2704,4.310275319468763,0.764822512676381,1.6199159844169775,0.6209422839040202,0.5335087920350912,snare,tangled_rope,False
ulysses_chp05,moderate,0.575376,0.06348006725277446,0.05988103394563815,0.3511116162010102,0.030740767810964208,0.16953066743642153,snare,snare,True
ulysses_chp05,institutional,-0.021971,11.640456018756844,2.0672907728620586,1.7240585779302446,0.6982035114067705,0.5335938463626007,snare,tangled_rope,False
ulysses_chp05,analytical,0.712364,0.017056466893997025,0.016762145301791088,0.1838704620701756,0.008446135234966205,0.0905022512180036,snare,snare,True
ulysses_chp06,powerless,0.133723,3.9214632629289104e-05,3.827667936781207e-05,0.00880243127181407,1.9370667805026246e-05,0.00103687971866827,rope,rope,True
ulysses_chp06,moderate,0.121034,2.7218100454465895e-07,2.716391159224144e-07,0.0007374413301583207,1.35954927336059e-07,8.831129701556209e-05,rope,rope,True
ulysses_chp06,institutional,-0.00507,0.022289701247683594,0.034097453982862076,0.2334611223782803,0.013610558564075791,0.040914234282336766,rope,rope,True
ulysses_chp06,analytical,0.164392,0.0002371393951985934,0.0002231774760646497,0.021447588907667556,0.0001149986654134222,0.0024604234743599226,rope,rope,True
ulysses_chp07,powerless,0.56518,0.002958101643005892,0.002437606937982841,0.07319069839242162,0.0013390701303734392,0.009412869588139361,snare,snare,True
ulysses_chp07,moderate,0.575376,0.0037657786215568555,0.0030098122108598007,0.08191627026735308,0.0016773343269762483,0.010282205943520584,snare,snare,True
ulysses_chp07,institutional,-0.021971,22.415761435229772,13.5618152001004,3.001179929216258,1.8597025946947485,0.976620905490165,snare,rope,False
ulysses_chp07,analytical,0.712364,0.015030641548774315,0.02383520502144776,0.19289397693444174,0.009294813186010583,0.02375907564386089,snare,snare,True
ulysses_chp08,powerless,0.413016,0.0002117249895135251,0.00014098807027487434,0.01847264402523529,8.530903784430079e-05,0.0002711060831020202,tangled_rope,tangled_rope,True
ulysses_chp08,moderate,0.420467,0.0002986037631672266,0.00018209296632945313,0.021386437451832156,0.00011434383716047106,0.00029820134846287504,tangled_rope,tangled_rope,True
ulysses_chp08,institutional,-0.016056,1.6290935802731705,5.846522396750915,2.187067917078787,1.0813016346271151,0.8042726507408573,tangled_rope,rope,False
ulysses_chp08,analytical,0.520574,0.0019723580713215095,0.0006965799782451226,0.040990355536582,0.00042003760829735525,0.00037503419891191054,tangled_rope,tangled_rope,True
ulysses_chp09,powerless,0.413016,0.00013113177804497853,8.796446942717787e-05,0.014558838239258867,5.298970872499139e-05,0.00016724803942305433,tangled_rope,tangled_rope,True
ulysses_chp09,moderate,0.420467,0.00018511290449341574,0.00011417323887570611,0.016874840170848907,7.118963536384641e-05,0.00018396143384751386,tangled_rope,tangled_rope,True
ulysses_chp09,institutional,-0.016056,1.254839512577719,5.390989342597878,1.9860372955568921,0.9076726068842932,0.7153182382088159,tangled_rope,rope,False
ulysses_chp09,analytical,0.520574,0.0012520407568806873,0.0005509875572989136,0.03400333078152462,0.0002890496633153865,0.0002313528813740235,tangled_rope,tangled_rope,True
ulysses_chp10,powerless,0.413016,0.00010215275155136852,0.00010299155016275577,0.014092448958531418,4.9649073991919876e-05,8.433089420806883e-05,tangled_rope,tangled_rope,True
ulysses_chp10,moderate,0.420467,0.00015273677661460994,0.00016220408708455083,0.01732999239027628,7.508168928544314e-05,0.00011903755594130535,tangled_rope,tangled_rope,True
ulysses_chp10,institutional,0.152906,0.08263725284459497,0.4501797220322676,0.5517983865409002,0.07563872920179357,0.07959558818164282,tangled_rope,tangled_rope,True
ulysses_chp10,analytical,0.520574,0.0023906914726996888,0.006364153440859354,0.08072255492177866,0.0016288115846497552,0.001978387720807267,tangled_rope,tangled_rope,True
ulysses_chp11,powerless,0.413016,0.00010215275155136852,0.00010299155016275577,0.014092448958531418,4.9649073991919876e-05,8.433089420806883e-05,tangled_rope,tangled_rope,True
ulysses_chp11,moderate,0.420467,0.00015273677661460994,0.00016220408708455083,0.01732999239027628,7.508168928544314e-05,0.00011903755594130535,tangled_rope,tangled_rope,True
ulysses_chp11,institutional,-0.016056,0.7737739587553389,4.2333173415745105,1.6282120259715098,0.6269626069444285,0.5389491929362222,tangled_rope,rope,False
ulysses_chp11,analytical,0.520574,0.0023906914726996888,0.006364153440859354,0.08072255492177866,0.0016288115846497552,0.001978387720807267,tangled_rope,tangled_rope,True
ulysses_chp12,powerless,0.739082,0.06608982004149423,0.071827824238891,0.371124883261503,0.03433472804782791,0.1750042947080832,snare,snare,True
ulysses_chp12,moderate,0.752415,0.11919959407622598,0.13030827449121687,0.4991098955054162,0.06195513312380608,0.23878305388723353,snare,snare,True
ulysses_chp12,institutional,-0.028731,16.561263757925385,2.757871175281208,2.1249705911652215,1.026594973880371,0.743086385788836,snare,tangled_rope,False
ulysses_chp12,analytical,0.931553,4.080219511001114,1.347299732371821,1.9915082744777175,0.9122596092994002,0.7411686811329077,snare,tangled_rope,False
ulysses_chp13,powerless,0.630393,0.0002411500673763934,0.0002654909836262828,0.02248867328041988,0.0001264337743308809,0.0016922628318914645,snare,snare,True
ulysses_chp13,moderate,0.641765,0.0005358171898305745,0.0006173638035971889,0.0338942283019482,0.00028719780423461314,0.00265362174702638,snare,snare,True
ulysses_chp13,institutional,-0.046549,22.885873609946273,17.732288715379397,3.0818086880731737,1.940224937219722,0.9949202799457724,snare,rope,False
ulysses_chp13,analytical,0.79456,0.4247456008116486,1.281328439281659,1.1552357046243416,0.32446850134297767,0.3595666747878353,snare,snare,True
ulysses_chp14,powerless,0.13626,4.5844794540152947e-05,5.8336767136279846e-05,0.01015151571236244,2.5763262502529134e-05,0.00014349917989642247,mountain,mountain,True
ulysses_chp14,moderate,0.119997,7.370751267060713e-13,7.373238775562552e-13,1.214238929001312e-06,3.6859383548983044e-13,1.408323402340983e-08,mountain,mountain,True
ulysses_chp14,institutional,-0.014325,0.05934177067233952,0.29905359547804783,0.46547831367174547,0.0539234462065861,0.05838490277782238,mountain,mountain,True
ulysses_chp14,analytical,0.165603,0.0017810482789680428,0.0043515425979608405,0.07264757465647419,0.0013192724603633672,0.0021603655691905255,mountain,mountain,True
ulysses_chp15,powerless,0.3536,1.6191365850465362,2.426837921837407,1.923129705625254,0.8555252596831854,0.7936274200900062,snare,tangled_rope,False
ulysses_chp15,moderate,0.752415,0.19532786897890314,0.30434779903170117,0.6934457877164061,0.11901724161972635,0.25201860003782717,snare,snare,True
ulysses_chp15,institutional,-0.028731,21.388022497744586,10.271444235623974,2.7533020836675264,1.614144103818754,0.937610475242279,snare,piton,False
ulysses_chp15,analytical,0.931553,7.87229421508005,2.9038153146772414,2.6369905440388006,1.500734354282955,0.9433789427300064,snare,piton,False
ulysses_chp16,powerless,0.413016,0.00010215275155136852,0.00010299155016275577,0.014092448958531418,4.9649073991919876e-05,8.433089420806883e-05,tangled_rope,tangled_rope,True
ulysses_chp16,moderate,0.420467,0.00015273677661460994,0.00016220408708455083,0.01732999239027628,7.508168928544314e-05,0.00011903755594130535,tangled_rope,tangled_rope,True
ulysses_chp16,institutional,-0.016056,0.7737739587553389,4.2333173415745105,1.6282120259715098,0.6269626069444285,0.5389491929362222,tangled_rope,rope,False
ulysses_chp16,analytical,0.520574,0.0023906914726996888,0.006364153440859354,0.08072255492177866,0.0016288115846497552,0.001978387720807267,tangled_rope,tangled_rope,True
ulysses_chp17,powerless,0.413016,0.00010215275155136852,0.00010299155016275577,0.014092448958531418,4.9649073991919876e-05,8.433089420806883e-05,tangled_rope,tangled_rope,True
ulysses_chp17,moderate,0.420467,0.00015273677661460994,0.00016220408708455083,0.01732999239027628,7.508168928544314e-05,0.00011903755594130535,tangled_rope,tangled_rope,True
ulysses_chp17,institutional,-0.035319,0.8679687860605582,4.621698546282404,1.7117088883634626,0.6888529369120951,0.5803917614421885,tangled_rope,rope,False
ulysses_chp17,analytical,0.520574,0.0023906914726996888,0.006364153440859354,0.08072255492177866,0.0016288115846497552,0.001978387720807267,tangled_rope,tangled_rope,True
ulysses_chp18,powerless,0.413016,0.006227131542441967,0.009315196278282575,0.12277604745252985,0.0037673061462688614,0.01241468165799926,tangled_rope,tangled_rope,True
ulysses_chp18,moderate,0.420467,0.010048756423520265,0.01626786169047944,0.1587123186139443,0.006294095943006779,0.017435029477616944,tangled_rope,tangled_rope,True
ulysses_chp18,institutional,-0.016056,0.2824799338154746,1.4797580625279596,0.8787067822353661,0.18994621939498924,0.17983077981739276,tangled_rope,tangled_rope,True
ulysses_chp18,analytical,0.487482,0.12191855220003943,0.3197090074151256,0.6080224520090272,0.09171318334727521,0.129256847751693,tangled_rope,tangled_rope,True
un_high_seas_treaty_2026,powerless,0.56518,2.6882100282038615e-05,3.23447316332685e-05,0.007655757426169962,1.4652637550303097e-05,9.092411696798308e-05,tangled_rope,tangled_rope,True
un_high_seas_treaty_2026,moderate,0.575376,3.7027934169435597e-05,4.587553972266838e-05,0.009041991358643668,2.0439367118414856e-05,0.00011076140239196786,tangled_rope,tangled_rope,True
un_high_seas_treaty_2026,institutional,-0.021971,1.5093522053999515,10.388744629163433,2.1602636949303458,1.0575758476477566,0.778586099994182,tangled_rope,rope,False
un_high_seas_treaty_2026,analytical,0.712364,2.3110446396435872e-05,2.582248702542111e-05,0.006562909386971534,1.0767935243201504e-05,5.828997059720287e-05,tangled_rope,tangled_rope,True
unclos_2026,powerless,0.56518,2.8081136460661938e-05,3.380454446068647e-05,0.007829618739000455,1.5325712826383938e-05,0.00010149721215102492,tangled_rope,tangled_rope,True
unclos_2026,moderate,0.575376,3.9146005160141426e-05,4.850656128469896e-05,0.00930389322149337,2.1640568243027478e-05,0.00012473660449607848,tangled_rope,tangled_rope,True
unclos_2026,institutional,-0.021971,1.297644758638881,9.811072927556491,2.0394303760721733,0.9527827588391906,0.7263954744015624,tangled_rope,rope,False
unclos_2026,analytical,0.712364,0.00013690293169165278,0.00024148181189094335,0.01871676564619699,8.757868988739979e-05,0.0002303122333053853,tangled_rope,tangled_rope,True
unconditional_university_offers_uk,powerless,0.3016,2.8491725492070867,0.5006441914994916,1.332057229404355,0.4274366943071818,0.3924460284346402,tangled_rope,tangled_rope,True
unconditional_university_offers_uk,moderate,0.641765,0.0036324121149479013,0.0036723571133964934,0.08546565799541717,0.001825816805915213,0.04199195766005592,tangled_rope,tangled_rope,True
unconditional_university_offers_uk,institutional,-0.024506,8.498830612385829,3.79070672827152,1.5888551075517254,0.5986134003917553,0.39257405742393675,tangled_rope,tangled_rope,True
unconditional_university_offers_uk,analytical,0.79456,0.39793024606261923,0.27050526033673183,0.804316790973035,0.15956333919235544,0.3180732937569713,tangled_rope,tangled_rope,True
uneven_risk_distribution,powerless,0.2704,4.324202331962244,0.7691888612636759,1.6236611998204629,0.6236572032630401,0.5353951030540645,snare,tangled_rope,False
uneven_risk_distribution,moderate,0.575376,0.06339268009866621,0.05974778742451977,0.3507942093666626,0.030685355783810823,0.16922725532061644,snare,snare,True
uneven_risk_distribution,institutional,0.057264,11.659171458593418,1.3250670392426742,1.680853888029194,0.6657103118101488,0.5354808005807763,snare,tangled_rope,False
uneven_risk_distribution,analytical,0.712364,0.017005391919101696,0.016678907905253407,0.1835188988246162,0.008413890466430837,0.09037338552231161,snare,snare,True
union_protection_underperformance,powerless,0.2704,4.304956493882062,0.7632174451903858,1.6184921748090653,0.6199114276529726,0.5327882251028603,snare,tangled_rope,False
union_protection_underperformance,moderate,0.697971,0.03731051825111544,0.03598312034760257,0.2706847434299266,0.01828961357215675,0.13214170395085884,snare,snare,True
union_protection_underperformance,institutional,-0.021971,11.622844466954552,2.0385311139673616,1.720909534774921,0.6958144827457994,0.5328730347864006,snare,tangled_rope,False
union_protection_underperformance,analytical,0.712364,0.017085007840238246,0.0168096079350084,0.1840678606887738,0.008464267269173069,0.09055607602911286,snare,snare,True
unrequited_love_protocol,powerless,0.630393,0.003542212618047154,0.0034420931800269645,0.08356563507798648,0.0017455498703557908,0.03711654291193961,snare,snare,True
unrequited_love_protocol,moderate,0.641765,0.0030082530426557086,0.002930886757112825,0.07706060118227441,0.0014844004069120408,0.03427501976408032,snare,snare,True
unrequited_love_protocol,institutional,-0.024506,15.783880651874977,2.8169383652863833,2.064492892326638,0.9742166569132853,0.7104108442121635,snare,tangled_rope,False
unrequited_love_protocol,analytical,0.79456,0.5067116357290635,0.4863173604608155,0.9952842166856991,0.24257889041111488,0.47610819831345036,snare,tangled_rope,False
unrwa_eviction_order,powerless,0.3536,2.528071365236856,0.810175777521909,1.5853313878399973,0.5961015344773883,0.5622224992083475,snare,tangled_rope,False
unrwa_eviction_order,moderate,0.752415,0.1345314154398837,0.1289556120932136,0.5131662471974145,0.06547450484235898,0.251619136027337,snare,tangled_rope,False
unrwa_eviction_order,institutional,-0.028731,12.349277949790709,1.3300877428809033,1.7270129319852052,0.7004477730386437,0.5655099021896209,snare,tangled_rope,False
unrwa_eviction_order,analytical,1.006077,5.787269067439956,1.4345893284458637,1.7957453167226438,0.7534500712154926,0.565498040460672,snare,tangled_rope,False
us_ai_chip_export_controls,powerless,0.39448,1.8593808388970319,1.1760258672244677,1.6918243857344366,0.673902574951787,0.7104477931598321,snare,tangled_rope,False
us_ai_chip_export_controls,moderate,0.641765,0.0027208127751801566,0.002638439194893156,0.07320041789275641,0.0013394257630982324,0.03096419115960214,snare,snare,True
us_ai_chip_export_controls,institutional,-0.024506,16.792605181941305,5.058394196299847,2.2381199301601122,1.1269432409991849,0.7507703257122034,snare,tangled_rope,False
us_ai_chip_export_controls,analytical,0.79456,0.49181827237011405,0.5013662599072276,0.9958180652154116,0.24283378826020874,0.477409020386928,snare,tangled_rope,False
us_arms_transfer_policy,powerless,0.630393,0.004280332094953295,0.00432728483805847,0.09277585771482447,0.0021514541034281945,0.045668756374690256,tangled_rope,tangled_rope,True
us_arms_transfer_policy,moderate,0.641765,0.0036324121149479013,0.0036723571133964934,0.08546565799541717,0.001825816805915213,0.04199195766005592,tangled_rope,tangled_rope,True
us_arms_transfer_policy,institutional,-0.024506,8.498830612385829,3.79070672827152,1.5888551075517254,0.5986134003917553,0.39257405742393675,tangled_rope,tangled_rope,True
us_arms_transfer_policy,analytical,0.79456,0.39793024606261923,0.27050526033673183,0.804316790973035,0.15956333919235544,0.3180732937569713,tangled_rope,tangled_rope,True
us_canada_geopolitical_asymmetry,powerless,0.56518,0.04798811316650819,0.04574624842140607,0.3060928928599107,0.02337752986485048,0.14846320725542184,snare,snare,True
us_canada_geopolitical_asymmetry,moderate,0.575376,0.06327082377314605,0.05956432685483997,0.35035453438694336,0.03060868045534294,0.1688075455422492,snare,snare,True
us_canada_geopolitical_asymmetry,institutional,-0.03817,11.783201067443315,3.1417373097917363,1.8036513776969463,0.7596423561893147,0.5380343124459922,snare,tangled_rope,False
us_canada_geopolitical_asymmetry,analytical,0.712364,0.01696721517310262,0.016620125271566685,0.18326026441241416,0.008390208257118361,0.09021311903069967,snare,snare,True
us_china_chip_tariffs_v2,powerless,0.2704,4.335141529822254,0.7729338599365184,1.6266316510842835,0.6258139259408996,0.5368736284060396,snare,tangled_rope,False
us_china_chip_tariffs_v2,moderate,0.575376,0.0633225480170992,0.059641905504717846,0.35054080267817533,0.030641152336224255,0.16898528603020946,snare,snare,True
us_china_chip_tariffs_v2,institutional,0.151521,8.69910198706419,0.8783098960362598,1.6530850654364744,0.6451538103910954,0.536959805484218,snare,tangled_rope,False
us_china_chip_tariffs_v2,analytical,0.712364,0.016980626735139698,0.016640228227472877,0.1833504375969734,0.008398461304847392,0.09027955079230571,snare,snare,True
us_debt_ceiling,powerless,0.24288,7.246637636229503,1.2484455602580895,1.9976550586444641,0.9174229313507855,0.7103949157115468,snare,tangled_rope,False
us_debt_ceiling,moderate,0.641765,0.0030082530426557086,0.002930886757112825,0.07706060118227441,0.0014844004069120408,0.03427501976408032,snare,snare,True
us_debt_ceiling,institutional,-0.024506,15.783880651874977,2.8169383652863833,2.064492892326638,0.9742166569132853,0.7104108442121635,snare,tangled_rope,False
us_debt_ceiling,analytical,0.79456,0.5067116357290635,0.4863173604608155,0.9952842166856991,0.24257889041111488,0.47610819831345036,snare,tangled_rope,False
us_embargo_cuba,powerless,0.3536,2.9488550577268393,1.149745398461317,1.8188587571847736,0.7716076854417641,0.6901684937869386,snare,tangled_rope,False
us_embargo_cuba,moderate,0.752415,0.12720552499349064,0.1339200484052028,0.5108506335412569,0.06488815206641786,0.2498961089112265,snare,tangled_rope,False
us_embargo_cuba,institutional,-0.009884,15.43030862133243,2.0036349126894737,2.004743484358897,0.9233899282624974,0.6961731037240133,snare,tangled_rope,False
us_embargo_cuba,analytical,0.931553,3.9045777905277697,1.183666328967051,1.8968182461916978,0.8340472064590422,0.6946536429266853,snare,tangled_rope,False
us_employer_health_insurance,powerless,0.2704,4.324202331962244,0.7691888612636759,1.6236611998204629,0.6236572032630401,0.5353951030540645,snare,tangled_rope,False
us_employer_health_insurance,moderate,0.654604,0.09484936192405127,0.08721774049868027,0.4264001443199106,0.045282357198244375,0.2030985805297228,snare,snare,True
us_employer_health_insurance,institutional,-0.021971,11.688894283426164,2.2049765829193597,1.736521080053549,0.7076898187409805,0.5354808005807763,snare,tangled_rope,False
us_employer_health_insurance,analytical,0.712364,0.017005391919101696,0.016678907905253407,0.1835188988246162,0.008413890466430837,0.09037338552231161,snare,snare,True
us_foreign_policy_america_first,powerless,0.3016,4.821614917498624,1.238153709000647,1.9624070567520575,0.8879547671244042,0.7105210921064471,snare,tangled_rope,False
us_foreign_policy_america_first,moderate,0.641765,0.003003360105594962,0.0029257288070210657,0.07699541093476309,0.0014818902901840177,0.03422911003115919,snare,snare,True
us_foreign_policy_america_first,institutional,0.641765,0.003003360105594962,0.0029257288070210657,0.07699541093476309,0.0014818902901840177,0.03422911003115919,snare,snare,True
us_foreign_policy_america_first,analytical,0.79456,0.5063139502447708,0.48595937709987586,0.9950070261856035,0.24244658902940353,0.4761186330564913,snare,tangled_rope,False
us_greenland_envoy,powerless,0.2704,3.247891783793324,0.5071508294873357,1.3450523416616509,0.4354991002608882,0.3943056220700123,tangled_rope,tangled_rope,True
us_greenland_envoy,moderate,0.575376,0.0650519559998783,0.06552947607005177,0.36135350844866715,0.03255538304218741,0.1795062740082416,tangled_rope,snare,False
us_greenland_envoy,institutional,-0.021971,8.519462825379765,2.802075775747141,1.5582211255565381,0.5769224407576139,0.3943540781275243,tangled_rope,tangled_rope,True
us_greenland_envoy,analytical,0.712364,0.022165832275749732,0.026319190933538177,0.21827561361785464,0.011899242787195645,0.09559822260002393,tangled_rope,tangled_rope,True
us_iran_drone_conflict,powerless,0.24288,7.526208935601208,1.368677278387112,2.072766575194423,0.9813279846662617,0.7442397906868752,snare,tangled_rope,False
us_iran_drone_conflict,moderate,0.641765,0.0027795086248152026,0.002699257273506846,0.0740117558243304,0.0013692787278319772,0.0315347926085045,snare,snare,True
us_iran_drone_conflict,institutional,-0.024506,16.582768837452882,2.2873492339158474,2.1129153253526285,1.0160816288706276,0.7442586955430194,snare,tangled_rope,False
us_iran_drone_conflict,analytical,0.79456,0.49757591461688216,0.5063765126938977,1.0001550515914757,0.24490921718642417,0.4785054762466611,snare,tangled_rope,False
us_isolationism_policy_2026,powerless,0.3016,4.82953132114673,1.2436671997949675,1.9656860810480838,0.8906816778078566,0.7120764160066869,snare,tangled_rope,False
us_isolationism_policy_2026,moderate,0.641765,0.0029916312868896633,0.0029134956202020476,0.07683970630711001,0.0014759035563352873,0.034109406735605974,snare,snare,True
us_isolationism_policy_2026,institutional,0.690128,0.001689738395961652,0.0017221140468240902,0.058404531496661395,0.0008527117248390394,0.02671849018648753,snare,snare,True
us_isolationism_policy_2026,analytical,0.79456,0.5055407864300813,0.4857143844076532,0.9946611321752535,0.24228154321876677,0.4762075433112606,snare,tangled_rope,False
us_israel_faa_502b_nonenforcement,powerless,0.437752,0.8668438306071651,0.7697085626530433,1.2748270467892613,0.3927245895063592,0.590312646119926,snare,tangled_rope,False
us_israel_faa_502b_nonenforcement,moderate,0.641765,0.0027795086248152026,0.002699257273506846,0.0740117558243304,0.0013692787278319772,0.0315347926085045,snare,snare,True
us_israel_faa_502b_nonenforcement,institutional,-0.024506,16.582768837452882,2.2873492339158474,2.1129153253526285,1.0160816288706276,0.7442586955430194,snare,tangled_rope,False
us_israel_faa_502b_nonenforcement,analytical,0.79456,0.49757591461688216,0.5063765126938977,1.0001550515914757,0.24490921718642417,0.4785054762466611,snare,tangled_rope,False
us_labor_mobility,powerless,0.3016,4.843017889083325,1.254266044162266,1.9713499354038253,0.8953988863877441,0.71472084560769,snare,tangled_rope,False
us_labor_mobility,moderate,0.641765,0.0029734747486255338,0.002894820048762611,0.07659962859248061,0.0014666964735153857,0.03390521415662373,snare,snare,True
us_labor_mobility,institutional,0.169004,10.945251637627496,1.4014329857415024,2.0216524903940813,0.937678301671956,0.7152180247308992,snare,tangled_rope,False
us_labor_mobility,analytical,0.79456,0.5046883650392427,0.48653286827672737,0.9947412536508731,0.24231976907770314,0.47646014628487676,snare,tangled_rope,False
us_legal_standard_reasonable_doubt,powerless,0.135203,7.24920696255571,0.8419018001094958,1.3826237423968117,0.4591794064377456,0.39257405572536747,tangled_rope,tangled_rope,True
us_legal_standard_reasonable_doubt,moderate,0.641765,0.0036324121149479013,0.0036723571133964934,0.08546565799541717,0.001825816805915213,0.04199195766005592,tangled_rope,tangled_rope,True
us_legal_standard_reasonable_doubt,institutional,-0.024506,8.498830612385829,3.79070672827152,1.5888551075517254,0.5986134003917553,0.39257405742393675,tangled_rope,tangled_rope,True
us_legal_standard_reasonable_doubt,analytical,0.79456,0.39793024606261923,0.27050526033673183,0.804316790973035,0.15956333919235544,0.3180732937569713,tangled_rope,tangled_rope,True
us_military_recruitment_advertising,powerless,0.3016,4.7265100565298255,1.1832077878261726,1.9267868839396847,0.8585263796164718,0.6928645297602752,snare,tangled_rope,False
us_military_recruitment_advertising,moderate,0.641765,0.0035577003979983214,0.0035574487600938077,0.08431948749833368,0.0017771807329979785,0.03580342558860322,snare,snare,True
us_military_recruitment_advertising,institutional,-0.042575,15.40141604299762,3.7949397616380467,2.0742587255815796,0.9826123645409951,0.6933155897103948,snare,tangled_rope,False
us_military_recruitment_advertising,analytical,0.79456,0.6108764772382873,0.7135767184175168,1.1218233090581224,0.30645899861074766,0.4962731304709742,snare,tangled_rope,False
us_sanctions_belarus_2022,powerless,0.488303,0.2117522399556868,0.22949860150210044,0.6637652718647087,0.10913877539422076,0.32079935991842273,snare,tangled_rope,False
us_sanctions_belarus_2022,moderate,0.752415,0.11919959407622598,0.13030827449121687,0.4991098955054162,0.06195513312380608,0.23878305388723353,snare,snare,True
us_sanctions_belarus_2022,institutional,-0.028731,16.561263757925385,2.757871175281208,2.1249705911652215,1.026594973880371,0.743086385788836,snare,tangled_rope,False
us_sanctions_belarus_2022,analytical,0.931553,4.080219511001114,1.347299732371821,1.9915082744777175,0.9122596092994002,0.7411686811329077,snare,tangled_rope,False
us_sanctions_icc_israel_case,powerless,0.20872,9.219131443594232,1.3853620586097286,2.0833069629180256,0.9904128070410934,0.7461396535413911,snare,tangled_rope,False
us_sanctions_icc_israel_case,moderate,0.641765,0.00275908436406993,0.0026776053695843445,0.07372735683347914,0.0013587769023100423,0.03136990993608782,snare,snare,True
us_sanctions_icc_israel_case,institutional,-0.024506,16.62849942101287,2.3251326417064693,2.118124556842335,1.0206202132741262,0.7461416689401064,snare,tangled_rope,False
us_sanctions_icc_israel_case,analytical,0.79456,0.49492102813520084,0.5023108143410493,0.9974870004781735,0.2436314659068489,0.47792249552710825,snare,tangled_rope,False
us_sanctions_moex_2024,powerless,0.3536,2.9488550577268393,1.149745398461317,1.8188587571847736,0.7716076854417641,0.6901684937869386,snare,tangled_rope,False
us_sanctions_moex_2024,moderate,0.752415,0.12720552499349064,0.1339200484052028,0.5108506335412569,0.06488815206641786,0.2498961089112265,snare,tangled_rope,False
us_sanctions_moex_2024,institutional,-0.028731,15.433344003724486,2.1774261454004233,2.011101819066165,0.9287538469863422,0.6961731037240133,snare,tangled_rope,False
us_sanctions_moex_2024,analytical,0.902898,2.964403120604314,1.1526811587267103,1.8209753689803774,0.7732787044203688,0.6902995859974272,snare,tangled_rope,False
us_sdf_alliance_abandonment_2026,powerless,0.3536,1.339752002454775,3.084602961625396,1.9209847028273994,0.8537668271029121,0.744190417168231,snare,tangled_rope,False
us_sdf_alliance_abandonment_2026,moderate,0.752415,0.006270287303059597,0.008797036788407106,0.12142591924537185,0.003684931349932688,0.01435656080027814,snare,snare,True
us_sdf_alliance_abandonment_2026,institutional,-0.028731,22.808141587522343,17.9196831090925,3.0547771968864854,1.9132118041223543,0.9920594956844546,snare,rope,False
us_sdf_alliance_abandonment_2026,analytical,0.931553,2.577002304452407,4.467250988399973,2.4288275773369974,1.3022272707027962,0.9209196532584601,snare,tangled_rope,False
us_suburban_zoning_2025,powerless,0.3016,4.982822181021924,1.3589717123510423,2.0332402835683094,0.947514078500335,0.7436822707388695,snare,tangled_rope,False
us_suburban_zoning_2025,moderate,0.641765,0.0027795086248152026,0.002699257273506846,0.0740117558243304,0.0013692787278319772,0.0315347926085045,snare,snare,True
us_suburban_zoning_2025,institutional,0.377,2.351796260724378,1.2447969134135175,1.7981230277688267,0.7553103283039831,0.7243557103190916,snare,tangled_rope,False
us_suburban_zoning_2025,analytical,0.79456,0.49757591461688216,0.5063765126938977,1.0001550515914757,0.24490921718642417,0.4785054762466611,snare,tangled_rope,False
us_taiwan_arms_sales,powerless,0.20872,9.219131443594232,1.3853620586097286,2.0833069629180256,0.9904128070410934,0.7461396535413911,snare,tangled_rope,False
us_taiwan_arms_sales,moderate,0.641765,0.00275908436406993,0.0026776053695843445,0.07372735683347914,0.0013587769023100423,0.03136990993608782,snare,snare,True
us_taiwan_arms_sales,institutional,-0.024506,16.62849942101287,2.3251326417064693,2.118124556842335,1.0206202132741262,0.7461416689401064,snare,tangled_rope,False
us_taiwan_arms_sales,analytical,0.79456,0.49492102813520084,0.5023108143410493,0.9974870004781735,0.2436314659068489,0.47792249552710825,snare,tangled_rope,False
us_tariffs_2025,powerless,0.3016,4.991572403005273,1.3662713758154024,2.037305836249662,0.950973329362097,0.7455595820729518,snare,tangled_rope,False
us_tariffs_2025,moderate,0.641765,0.00275908436406993,0.0026776053695843445,0.07372735683347914,0.0013587769023100423,0.03136990993608782,snare,snare,True
us_tariffs_2025,institutional,-0.024506,16.62849942101287,2.3251326417064693,2.118124556842335,1.0206202132741262,0.7461416689401064,snare,tangled_rope,False
us_tariffs_2025,analytical,0.79456,0.49492102813520084,0.5023108143410493,0.9974870004781735,0.2436314659068489,0.47792249552710825,snare,tangled_rope,False
us_two_party_duopoly,powerless,0.3016,4.982822181021924,1.3589717123510423,2.0332402835683094,0.947514078500335,0.7436822707388695,snare,tangled_rope,False
us_two_party_duopoly,moderate,0.641765,0.0027795086248152026,0.002699257273506846,0.0740117558243304,0.0013692787278319772,0.0315347926085045,snare,snare,True
us_two_party_duopoly,institutional,-0.042575,16.584992900563567,2.4350817220367107,2.1177862929069318,1.0203252960835527,0.7442586955430194,snare,tangled_rope,False
us_two_party_duopoly,analytical,0.79456,0.49757591461688216,0.5063765126938977,1.0001550515914757,0.24490921718642417,0.4785054762466611,snare,tangled_rope,False
us_usmca_china_leverage,powerless,0.630393,0.0035034615715999196,0.0034022417539957867,0.08309385091054529,0.0017258987304459628,0.036715254877372816,snare,snare,True
us_usmca_china_leverage,moderate,0.641765,0.002973492327279123,0.002894819274797762,0.07659972060741338,0.0014666999968112088,0.03390515770614366,snare,snare,True
us_usmca_china_leverage,institutional,-0.024506,16.045335276889123,8.207792752444353,2.3334553646985694,1.2136748430372122,0.7152191615866788,snare,tangled_rope,False
us_usmca_china_leverage,analytical,0.79456,0.5046839978244675,0.48652271941454855,0.9947355241378578,0.24231703544033834,0.4764591363901738,snare,tangled_rope,False
us_vaccine_recommendation_dismantling_2026,powerless,0.3536,3.063030972814982,1.3096948218656874,1.9058304909076298,0.8413813695804075,0.7363129313147947,snare,tangled_rope,False
us_vaccine_recommendation_dismantling_2026,moderate,0.752415,0.11902032241115684,0.1301971768776663,0.498814669235077,0.06188224140427367,0.23851994847868774,snare,snare,True
us_vaccine_recommendation_dismantling_2026,institutional,-0.028731,16.587309350319867,3.1565877392658725,2.140112803003113,1.0398504943214313,0.7439130286085327,snare,tangled_rope,False
us_vaccine_recommendation_dismantling_2026,analytical,0.931553,4.082126554960116,1.3474106621970052,1.9927271900390409,0.9132826878390301,0.741985194516159,snare,tangled_rope,False
us_venezuela_blockade,powerless,0.3536,2.536775958907337,0.8219462392126228,1.5899186785014923,0.5993724166176314,0.5641654675937278,snare,tangled_rope,False
us_venezuela_blockade,moderate,0.752415,0.13426417815258368,0.12873753569547308,0.5127261466103942,0.06536286426361176,0.2517185936703238,snare,tangled_rope,False
us_venezuela_blockade,institutional,0.273621,4.875304313942607,0.9158482714829276,1.6983820007133068,0.6788185691490317,0.5675545245706806,snare,tangled_rope,False
us_venezuela_blockade,analytical,0.931553,3.3147779441118526,0.8311746459452287,1.6473511846234974,0.6409415780872912,0.5667385577607583,snare,tangled_rope,False
us_venezuela_oil_pressure,powerless,0.3536,3.061302510005694,1.3066610405613148,1.904313308598804,0.840145035942439,0.735518777173089,snare,tangled_rope,False
us_venezuela_oil_pressure,moderate,0.752415,0.11919959407622598,0.13030827449121687,0.4991098955054162,0.06195513312380608,0.23878305388723353,snare,snare,True
us_venezuela_oil_pressure,institutional,-0.028731,16.561263757925385,2.757871175281208,2.1249705911652215,1.026594973880371,0.743086385788836,snare,tangled_rope,False
us_venezuela_oil_pressure,analytical,0.931553,4.080219511001114,1.347299732371821,1.9915082744777175,0.9122596092994002,0.7411686811329077,snare,tangled_rope,False
us_venezuela_plausible_deniability_2025,powerless,0.581558,0.0003427190363660868,0.0003024619255935489,0.02529888027496788,0.00016000620224764777,0.00958525515627695,snare,snare,True
us_venezuela_plausible_deniability_2025,moderate,0.752415,0.12859977705551925,0.13507865427439816,0.5132971728351906,0.0655077349059469,0.2512317816136044,snare,tangled_rope,False
us_venezuela_plausible_deniability_2025,institutional,-0.028731,15.290641608343535,1.8495089295892155,1.9873789448819903,0.9087967233286757,0.6904091366530863,snare,tangled_rope,False
us_venezuela_plausible_deniability_2025,analytical,0.931553,3.941361070005389,1.355674069521323,1.9197143460040704,0.8527260342105158,0.6890184663306377,snare,tangled_rope,False
us_visa_lottery,powerless,0.413016,0.014162565769227795,0.020972747090573573,0.18474496720171393,0.008526610239058482,0.02808637720092587,tangled_rope,tangled_rope,True
us_visa_lottery,moderate,0.420467,0.022773241147328503,0.036341756024306546,0.23818584840320614,0.014166369099530722,0.03918839704237784,tangled_rope,tangled_rope,True
us_visa_lottery,institutional,0.170935,0.1390185571232845,0.06127473010627813,0.2848989332692557,0.020257560478860896,0.011739081563302728,tangled_rope,tangled_rope,True
us_visa_lottery,analytical,0.520574,0.4753898637161842,1.1703767477232618,1.1816177833644599,0.3390192569982593,0.4026450305128088,tangled_rope,tangled_rope,True
us_wind_project_ban_2025,powerless,0.3536,2.9488550577268393,1.149745398461317,1.8188587571847736,0.7716076854417641,0.6901684937869386,snare,tangled_rope,False
us_wind_project_ban_2025,moderate,0.752415,0.12720552499349064,0.1339200484052028,0.5108506335412569,0.06488815206641786,0.2498961089112265,snare,tangled_rope,False
us_wind_project_ban_2025,institutional,-0.049915,15.437160827329144,2.393567557540727,2.0190336325274467,0.935460330705442,0.6961731037240133,snare,tangled_rope,False
us_wind_project_ban_2025,analytical,0.931553,3.9045777905277697,1.183666328967051,1.8968182461916978,0.8340472064590422,0.6946536429266853,snare,tangled_rope,False
usc_26_469_passive_loss,powerless,0.373408,1.5796737133698757,0.6908887875363949,1.4010898364451643,0.4710179444195225,0.5221847909138423,snare,tangled_rope,False
usc_26_469_passive_loss,moderate,0.575376,0.0633225480170992,0.059641905504717846,0.35054080267817533,0.030641152336224255,0.16898528603020946,snare,snare,True
usc_26_469_passive_loss,institutional,-0.021971,11.731799533250701,2.4418421234097525,1.7551035056824962,0.7219276158594726,0.5369598310433067,snare,tangled_rope,False
usc_26_469_passive_loss,analytical,0.712364,0.016980626735139698,0.016640228227472877,0.1833504375969734,0.008398461304847392,0.09027955079230571,snare,snare,True
utopia_apocalypse_fragility,powerless,0.3016,4.982822181021924,1.3589717123510423,2.0332402835683094,0.947514078500335,0.7436822707388695,snare,tangled_rope,False
utopia_apocalypse_fragility,moderate,0.641765,0.0027795086248152026,0.002699257273506846,0.0740117558243304,0.0013692787278319772,0.0315347926085045,snare,snare,True
utopia_apocalypse_fragility,institutional,0.112235,14.699785729313914,1.4968319887975878,2.0861923365141344,0.9929046269425569,0.7442586944075829,snare,tangled_rope,False
utopia_apocalypse_fragility,analytical,0.79456,0.49757591461688216,0.5063765126938977,1.0001550515914757,0.24490921718642417,0.4785054762466611,snare,tangled_rope,False
value_alignment_drift,powerless,0.3016,4.167992944286866,0.902508192611333,1.7274467178503408,0.7007775353654666,0.5944105222557482,snare,tangled_rope,False
value_alignment_drift,moderate,0.641765,0.0035797186581868895,0.00353478709962996,0.08434527930222369,0.001778267952900822,0.04095955141189883,snare,snare,True
value_alignment_drift,institutional,-0.024506,13.075271364121567,3.153883280488355,1.870712630366625,0.8129366043672497,0.5947011847636008,snare,tangled_rope,False
value_alignment_drift,analytical,0.79456,0.5046031232562607,0.4181995133458033,0.9557005607522614,0.22402886352264478,0.4402237041569316,snare,tangled_rope,False
value_extraction_plateau,powerless,0.3536,1.1813952238352243,2.9825049748360883,1.837260278393022,0.7861810972784573,0.699974599129925,snare,tangled_rope,False
value_extraction_plateau,moderate,0.752415,0.0049871220165855264,0.0070077389254649325,0.10833121992917259,0.0029331960523781586,0.011436920458375188,snare,snare,True
value_extraction_plateau,institutional,-0.028731,22.85346493729453,19.157497944528316,3.074549586857879,1.9329694885356747,0.9937003645513683,snare,rope,False
value_extraction_plateau,analytical,0.931553,2.3649723537993883,4.510281411244874,2.3805793907953143,1.257218175096659,0.9045478478541709,snare,tangled_rope,False
van_der_waerden,powerless,0.09084,2.1668639546117004e-07,2.1155951426566046e-07,0.0006543694347448465,1.0704983857616881e-07,5.989453569332781e-06,mountain,mountain,True
van_der_waerden,moderate,0.079998,2.987443788425516e-14,2.97240305557284e-14,2.4575624618635555e-07,1.4900914427480652e-14,2.2761613704957995e-09,mountain,mountain,True
van_der_waerden,institutional,-0.00955,0.033291896961379144,0.16564578355890783,0.3485491398581495,0.030294833866207255,0.03324401513594033,mountain,mountain,True
van_der_waerden,analytical,0.110402,1.1272015257364696e-06,1.18765234239376e-06,0.0015210748533730912,5.784171495853366e-07,1.4752550535313474e-05,mountain,mountain,True
venezuela_oil_privatization_v1,powerless,0.496034,0.16911429642105025,0.18457461027708427,0.5942327834632811,0.08763063889323186,0.28611740899719895,snare,tangled_rope,False
venezuela_oil_privatization_v1,moderate,0.641765,0.0027795086248152026,0.002699257273506846,0.0740117558243304,0.0013692787278319772,0.0315347926085045,snare,snare,True
venezuela_oil_privatization_v1,institutional,-0.024506,16.582768837452882,2.2873492339158474,2.1129153253526285,1.0160816288706276,0.7442586955430194,snare,tangled_rope,False
venezuela_oil_privatization_v1,analytical,0.79456,0.49757591461688216,0.5063765126938977,1.0001550515914757,0.24490921718642417,0.4785054762466611,snare,tangled_rope,False
vertebrate_turning_point_2026,powerless,0.413016,0.00013113177804497853,8.796446942717787e-05,0.014558838239258867,5.298970872499139e-05,0.00016724803942305433,tangled_rope,tangled_rope,True
vertebrate_turning_point_2026,moderate,0.420467,0.00018511290449341574,0.00011417323887570611,0.016874840170848907,7.118963536384641e-05,0.00018396143384751386,tangled_rope,tangled_rope,True
vertebrate_turning_point_2026,institutional,0.041847,0.8284183955259481,4.03693595818158,1.6691359013665559,0.6570042066839453,0.563995625390797,tangled_rope,rope,False
vertebrate_turning_point_2026,analytical,0.520574,0.0012520407568806873,0.0005509875572989136,0.03400333078152462,0.0002890496633153865,0.0002313528813740235,tangled_rope,tangled_rope,True
viral_emergence_covid19_exemplar,powerless,0.3016,4.821614917498624,1.238153709000647,1.9624070567520575,0.8879547671244042,0.7105210921064471,snare,tangled_rope,False
viral_emergence_covid19_exemplar,moderate,0.641765,0.003003360105594962,0.0029257288070210657,0.07699541093476309,0.0014818902901840177,0.03422911003115919,snare,snare,True
viral_emergence_covid19_exemplar,institutional,-0.008431,15.79488890304785,2.6318407776082964,2.059043415087605,0.9695423485847356,0.7110083398770009,snare,tangled_rope,False
viral_emergence_covid19_exemplar,analytical,0.79456,0.5063139502447708,0.48595937709987586,0.9950070261856035,0.24244658902940353,0.4761186330564913,snare,tangled_rope,False
viral_transmission_rates,powerless,0.2704,3.3858157746073565,0.5363739441399336,1.3801324313075964,0.457592270838638,0.41187951026580627,tangled_rope,tangled_rope,True
viral_transmission_rates,moderate,0.575376,0.06549584849585587,0.06543443697510727,0.36183850490468594,0.03264259249875578,0.17993235849752287,tangled_rope,snare,False
viral_transmission_rates,institutional,-0.021971,8.917153171749309,2.9346873871875525,1.5944788151479694,0.6026312402619541,0.4119315700882379,tangled_rope,tangled_rope,True
viral_transmission_rates,analytical,0.712364,0.01706667657735723,0.017250553945078476,0.1852443020412707,0.008572731539250065,0.09214395490124244,tangled_rope,snare,False
visibility_bias_governance,powerless,0.2704,4.199332505687633,0.7345137912918075,1.5908318734313436,0.6000244332189563,0.5185730693427651,snare,tangled_rope,False
visibility_bias_governance,moderate,0.575376,0.06398976211888845,0.06075234919939247,0.3530942596355381,0.031088014809070235,0.17144547947044197,snare,snare,True
visibility_bias_governance,institutional,-0.007558,11.301738094240642,2.1217206255238015,1.705146054481893,0.6839042032558035,0.5186532867165581,snare,tangled_rope,False
visibility_bias_governance,analytical,0.712364,0.021540363307678823,0.024440850954320366,0.21286426335987918,0.01131710943895741,0.09384335948681227,snare,snare,True
vision_of_the_cross,powerless,0.187129,6.958218365166988,0.7745864117429514,1.6016215868685342,0.6077502944004902,0.5135213483140708,snare,tangled_rope,False
vision_of_the_cross,moderate,0.575376,0.06403222204952613,0.06091044332454846,0.3533836367593862,0.031138859135871395,0.17173567951772795,snare,snare,True
vision_of_the_cross,institutional,-0.021971,11.205302046514566,2.5886701749328527,1.731542308227935,0.7038939977302566,0.513521688300278,snare,tangled_rope,False
vision_of_the_cross,analytical,0.712364,0.02673589221641061,0.03327916291474773,0.2420619926216343,0.014630629245900372,0.09714209001829771,snare,snare,True
vns_implant_for_trd,powerless,0.2704,4.324202331962244,0.7691888612636759,1.6236611998204629,0.6236572032630401,0.5353951030540645,snare,tangled_rope,False
vns_implant_for_trd,moderate,0.683558,0.05910852422701283,0.055903832687725474,0.3390318362738227,0.028666900931047918,0.16384259514497007,snare,snare,True
vns_implant_for_trd,institutional,-0.021971,11.688894283426164,2.2049765829193597,1.736521080053549,0.7076898187409805,0.5354808005807763,snare,tangled_rope,False
vns_implant_for_trd,analytical,0.712364,0.017005391919101696,0.016678907905253407,0.1835188988246162,0.008413890466430837,0.09037338552231161,snare,snare,True
weierstrass_function,powerless,0.13626,5.71033436744991e-05,7.266059448149311e-05,0.011329562188246888,3.2089659031876154e-05,0.00017874545581419987,mountain,mountain,True
weierstrass_function,moderate,0.119997,9.182206992203488e-13,9.182362444909995e-13,1.3552685977104056e-06,4.591079329702051e-13,1.754288159183659e-08,mountain,mountain,True
weierstrass_function,institutional,-0.014325,0.07352352091103691,0.36765491165536845,0.5174301328886438,0.06656097661954861,0.07182853796607958,mountain,mountain,True
weierstrass_function,analytical,0.165603,0.0022178915529465874,0.005416899685245657,0.08106299401503027,0.00164257736204929,0.002689630552748734,mountain,mountain,True
whitehead_problem,powerless,0.13626,5.139366353940738e-05,6.539683225785495e-05,0.010748291686770797,2.8881374034645172e-05,0.00016086697357020618,mountain,mountain,True
whitehead_problem,moderate,0.119997,8.263682932206564e-13,8.26448214545808e-13,1.2856516009642697e-06,4.132109457341962e-13,1.5788007567962836e-08,mountain,mountain,True
whitehead_problem,institutional,-0.014325,0.0662911847317683,0.33270318985074987,0.49164636691848085,0.060125344113724916,0.06499731744151283,mountain,mountain,True
whitehead_problem,analytical,0.165603,0.001996357835740478,0.004876775669411518,0.07691093824328682,0.0014786408712008595,0.002421243611359314,mountain,mountain,True
whitehead_problem_undecidability,powerless,0.09084,2.1668639546117004e-07,2.1155951426566046e-07,0.0006543694347448465,1.0704983857616881e-07,5.989453569332781e-06,mountain,mountain,True
whitehead_problem_undecidability,moderate,0.079998,2.987443788425516e-14,2.97240305557284e-14,2.4575624618635555e-07,1.4900914427480652e-14,2.2761613704957995e-09,mountain,mountain,True
whitehead_problem_undecidability,institutional,-0.00955,0.033291896961379144,0.16564578355890783,0.3485491398581495,0.030294833866207255,0.03324401513594033,mountain,mountain,True
whitehead_problem_undecidability,analytical,0.110402,1.1272015257364696e-06,1.18765234239376e-06,0.0015210748533730912,5.784171495853366e-07,1.4752550535313474e-05,mountain,mountain,True
wikipedia_crowdsourcing_2026,powerless,0.413016,0.00027469552135220033,0.00018248081892302483,0.021031770395148624,0.00011058282242662561,0.0003515466163420114,tangled_rope,tangled_rope,True
wikipedia_crowdsourcing_2026,moderate,0.420467,0.0003872958951588495,0.00023527126324457211,0.024339836080170374,0.00014810507714026,0.0003866845744825108,tangled_rope,tangled_rope,True
wikipedia_crowdsourcing_2026,institutional,-0.005523,1.762428146190137,5.855094690430968,2.245093798299966,1.133222858729634,0.828736857516479,tangled_rope,rope,False
wikipedia_crowdsourcing_2026,analytical,0.520574,0.0025372077883033055,0.0008106603497364396,0.04576538186662344,0.0005235946968035518,0.0004863269330183039,tangled_rope,tangled_rope,True
wikipedia_noncommercial_model,powerless,0.38041,0.001587424472179487,0.0011026168087251709,0.05122345485417693,0.0006559247255597305,0.00242842305579849,tangled_rope,tangled_rope,True
wikipedia_noncommercial_model,moderate,0.387272,0.002253416352826091,0.0014400859993200718,0.05964166445085568,0.0008892161346925111,0.0027024752460160784,tangled_rope,tangled_rope,True
wikipedia_noncommercial_model,institutional,-0.014788,2.6145461771691965,4.966351782266177,2.482387932358251,1.3526663618170427,0.9255697123674271,tangled_rope,rope,False
wikipedia_noncommercial_model,analytical,0.479476,0.015153117836178127,0.0035096985783237417,0.1114700893019407,0.003105591144577366,0.0036102084028600823,tangled_rope,tangled_rope,True
wikipedia_notability_requirement_2026,powerless,0.2704,4.310275319468763,0.764822512676381,1.6199159844169775,0.6209422839040202,0.5335087920350912,snare,tangled_rope,False
wikipedia_notability_requirement_2026,moderate,0.575376,0.06348006725277446,0.05988103394563815,0.3511116162010102,0.030740767810964208,0.16953066743642153,snare,snare,True
wikipedia_notability_requirement_2026,institutional,0.057264,11.613613079234575,1.2685427335621744,1.6734959649951615,0.6602382307611337,0.5335938463626007,snare,tangled_rope,False
wikipedia_notability_requirement_2026,analytical,0.712364,0.017056466893997025,0.016762145301791088,0.1838704620701756,0.008446135234966205,0.0905022512180036,snare,snare,True
winners_curse,powerless,0.56518,0.049294705828367216,0.04950172592293583,0.3143163198508322,0.024647893635722666,0.1564808382053321,tangled_rope,snare,False
winners_curse,moderate,0.575376,0.06549584849585587,0.06543443697510727,0.36183850490468594,0.03264259249875578,0.17993235849752287,tangled_rope,snare,False
winners_curse,institutional,-0.021971,8.917153171749309,2.9346873871875525,1.5944788151479694,0.6026312402619541,0.4119315700882379,tangled_rope,tangled_rope,True
winners_curse,analytical,0.712364,0.01706667657735723,0.017250553945078476,0.1852443020412707,0.008572731539250065,0.09214395490124244,tangled_rope,snare,False
winter_olympics_2026,powerless,0.3016,4.167992944286866,0.902508192611333,1.7274467178503408,0.7007775353654666,0.5944105222557482,snare,tangled_rope,False
winter_olympics_2026,moderate,0.641765,0.0035797186581868895,0.00353478709962996,0.08434527930222369,0.001778267952900822,0.04095955141189883,snare,snare,True
winter_olympics_2026,institutional,-0.042575,13.083687476645808,3.4799225868863197,1.8858764026080017,0.8251745712893065,0.5947011847636008,snare,tangled_rope,False
winter_olympics_2026,analytical,0.79456,0.5046031232562607,0.4181995133458033,0.9557005607522614,0.22402886352264478,0.4402237041569316,snare,tangled_rope,False
womens_sizing_chaos,powerless,0.2704,5.225521826475543,4.286644605488888,2.7581568580950893,1.6189088033348011,0.9797879595839503,snare,tangled_rope,False
womens_sizing_chaos,moderate,0.575376,0.0032628861220824956,0.002576447656273487,0.076016689662098,0.0014444603711542213,0.008026290820790316,snare,snare,True
womens_sizing_chaos,institutional,-0.021971,22.615672649844264,15.305740045736808,3.047629612918593,1.9060715223752285,0.9843496216864522,snare,rope,False
womens_sizing_chaos,analytical,0.712364,0.0009725689166229453,0.0008801126220996771,0.0429509811608747,0.00046117897074393356,0.00480907526963982,snare,snare,True
working_dog_training,powerless,0.56518,0.0025508218944934216,0.002073828456262495,0.06772746266957136,0.0011466427173671592,0.007295279055850368,snare,snare,True
working_dog_training,moderate,0.575376,0.003295165635088581,0.002595457746834178,0.07633398270050039,0.0014565424014072366,0.00806175975927026,snare,snare,True
working_dog_training,institutional,-0.030475,22.69023272641984,10.826607287078023,3.123864446701513,1.9822720252685606,0.984300991421333,snare,scaffold,False
working_dog_training,analytical,0.712364,0.001032005535168081,0.0008651686455690777,0.04317440457592153,0.00046598920600203703,0.004842723101136759,snare,snare,True
world_factbook_sunset_2026,powerless,0.413016,0.0005500970302218153,0.00036145465905594945,0.029696455941948818,0.00022046582332737246,0.0007141619106563191,tangled_rope,tangled_rope,True
world_factbook_sunset_2026,moderate,0.420467,0.0007746416704380825,0.0004627833641344699,0.0343117835293829,0.0002943174033972091,0.0007855900910687108,tangled_rope,tangled_rope,True
world_factbook_sunset_2026,institutional,-0.016056,2.454806432348565,6.037935963412526,2.4868959667996546,1.3569333746250984,0.9139997335635146,tangled_rope,rope,False
world_factbook_sunset_2026,analytical,0.520574,0.004927079472612257,0.0009754724621920659,0.059798643049223665,0.0008939028311719687,0.0009873860092444176,tangled_rope,tangled_rope,True
worldscale_vlsfo_benchmark,powerless,0.413016,0.0006769360656414996,0.0004449220391411232,0.03294514156266354,0.0002713394524991679,0.0008796690118368922,tangled_rope,tangled_rope,True
worldscale_vlsfo_benchmark,moderate,0.406235,0.0004544390030233489,0.00032577838344867617,0.027643566848387924,0.0001910386556338575,0.0007746921669736784,tangled_rope,tangled_rope,True
worldscale_vlsfo_benchmark,institutional,-0.016056,2.6466187377212584,5.98472305035323,2.536131923797052,1.4037449618008746,0.9287733488713624,tangled_rope,rope,False
worldscale_vlsfo_benchmark,analytical,0.520574,0.006063904412565866,0.001201322290088447,0.06635850344918202,0.0011007617571442386,0.001217817430391288,tangled_rope,tangled_rope,True
wpl_scotland,powerless,0.413016,0.00027469552135220033,0.00018248081892302483,0.021031770395148624,0.00011058282242662561,0.0003515466163420114,tangled_rope,tangled_rope,True
wpl_scotland,moderate,0.406235,0.00018423031973906068,0.00013298109165568538,0.01762643553168756,7.767230463395613e-05,0.0003097530816625893,tangled_rope,tangled_rope,True
wpl_scotland,institutional,-0.016056,1.8514509912954986,5.990535576483301,2.2844669463704337,1.1688718889349006,0.8432901404457913,tangled_rope,rope,False
wpl_scotland,analytical,0.520574,0.0025372077883033055,0.0008106603497364396,0.04576538186662344,0.0005235946968035518,0.0004863269330183039,tangled_rope,tangled_rope,True
xi_mao_ideological_centralization,powerless,0.548686,0.009550413082294868,0.009838700077633263,0.13922467022060206,0.004843920638421645,0.06577307225667078,snare,snare,True
xi_mao_ideological_centralization,moderate,0.752415,0.12789218340271816,0.13437087605415007,0.5119531669609143,0.06516700881793501,0.2506140747983889,snare,tangled_rope,False
xi_mao_ideological_centralization,institutional,-0.028731,15.34384816543415,1.881904726003514,1.9930198088484818,0.9135283531554006,0.6926258336712146,snare,tangled_rope,False
xi_mao_ideological_centralization,analytical,0.931553,3.910842933824106,1.2392650701383805,1.9016817292516268,0.8380021768400973,0.6911626764870784,snare,tangled_rope,False
y_combinator,powerless,0.56518,0.047956062080003456,0.04569861124942639,0.3059617112898207,0.023357535529333357,0.14833678389691018,snare,snare,True
y_combinator,moderate,0.575376,0.0632251862030359,0.05949609948081667,0.35019040505804133,0.030580082185217215,0.16865083452423935,snare,snare,True
y_combinator,institutional,-0.021971,11.888918838223772,4.888819806255428,1.9390841664765104,0.8686455982527608,0.5389745444190691,snare,tangled_rope,False
y_combinator,analytical,0.712364,0.01695754627034625,0.016605543721501873,0.18319401209244357,0.008384147132481813,0.09015533545396837,snare,snare,True
yangtze_fishing_ban,powerless,0.3224,4.343034516530179,1.377135361871525,2.019454053084374,0.9358162716547478,0.7490815243425554,snare,tangled_rope,False
yangtze_fishing_ban,moderate,0.686025,0.0071284635748977265,0.0074219273793967476,0.12060652066428817,0.003635381339415498,0.05387934331671218,snare,snare,True
yangtze_fishing_ban,institutional,-0.026196,16.76101425144018,4.179789554008095,2.185590312083445,1.0799893942969443,0.750533925112314,snare,tangled_rope,False
yangtze_fishing_ban,analytical,0.849357,1.6689928357179944,1.1264897013840796,1.635042449213601,0.6319370883418646,0.6984239690106571,snare,tangled_rope,False
yoneda_lemma,powerless,0.13626,5.139366353940738e-05,6.539683225785495e-05,0.010748291686770797,2.8881374034645172e-05,0.00016086697357020618,mountain,mountain,True
yoneda_lemma,moderate,0.119997,8.263682932206564e-13,8.26448214545808e-13,1.2856516009642697e-06,4.132109457341962e-13,1.5788007567962836e-08,mountain,mountain,True
yoneda_lemma,institutional,-0.014325,0.0662911847317683,0.33270318985074987,0.49164636691848085,0.060125344113724916,0.06499731744151283,mountain,mountain,True
yoneda_lemma,analytical,0.165603,0.001996357835740478,0.004876775669411518,0.07691093824328682,0.0014786408712008595,0.002421243611359314,mountain,mountain,True
yt_ai_slop_incentive,powerless,0.3016,2.8491725492070867,0.5006441914994916,1.332057229404355,0.4274366943071818,0.3924460284346402,tangled_rope,tangled_rope,True
yt_ai_slop_incentive,moderate,0.641765,0.0036324121149479013,0.0036723571133964934,0.08546565799541717,0.001825816805915213,0.04199195766005592,tangled_rope,tangled_rope,True
yt_ai_slop_incentive,institutional,0.3036,2.807370376865607,0.5003005914707752,1.3307961159502784,0.42665780503508177,0.3924316443134691,tangled_rope,tangled_rope,True
yt_ai_slop_incentive,analytical,0.79456,0.39793024606261923,0.27050526033673183,0.804316790973035,0.15956333919235544,0.3180732937569713,tangled_rope,tangled_rope,True
zipfs_law,powerless,0.13626,5.139366353940738e-05,6.539683225785495e-05,0.010748291686770797,2.8881374034645172e-05,0.00016086697357020618,mountain,mountain,True
zipfs_law,moderate,0.119997,8.263682932206564e-13,8.26448214545808e-13,1.2856516009642697e-06,4.132109457341962e-13,1.5788007567962836e-08,mountain,mountain,True
zipfs_law,institutional,-0.014325,0.0662911847317683,0.33270318985074987,0.49164636691848085,0.060125344113724916,0.06499731744151283,mountain,mountain,True
zipfs_law,analytical,0.165603,0.001996357835740478,0.004876775669411518,0.07691093824328682,0.0014786408712008595,0.002421243611359314,mountain,mountain,True
zombie_reasoning_2026,powerless,0.3016,0.6934672427249208,5.14219567357853,1.5512596796474596,0.5720396333385072,0.5007530588620247,snare,snare,True
zombie_reasoning_2026,moderate,0.641765,4.671281442185039e-06,4.98821599072951e-06,0.003103893392764775,2.408538065255736e-06,2.1664067958335277e-05,snare,snare,True
zombie_reasoning_2026,institutional,-0.008431,23.021413872888534,21.363712308836533,3.139696796907293,1.9981041436014262,0.9998384992761125,snare,rope,False
zombie_reasoning_2026,analytical,0.79456,0.0034278562701769684,0.012190715852438968,0.10658727292381141,0.0028395395174378754,0.003823091212638574,snare,snare,True
